                                                                        S      1
,,12HDpadSilicone,12HDpadSilicone,7Hunknown,7Hunknown,32,38,7,99,15,,1.,G      1
2,2HMM,1,0.08,15H20250928.193238,0.01,10000.,7Hunknown,7Hunknown,11,0,; G      2
     186       1                                                00000000D      1
     186           -1885       1       0                               0D      2
     186       2                                                00000000D      3
     186           -1885       1       0                               0D      4
     186       3                                                00000000D      5
     186           -1885       1       0                               0D      6
     186       4                                                00000000D      7
     186           -1885       1       0                               0D      8
     186       5                                                00000000D      9
     186           -1885       1       0                               0D     10
     514       6                                                00010000D     11
     514                      14       1                               0D     12
     514      20                                                00010000D     13
     514                       1       1                               0D     14
     514      21                                                00010000D     15
     514                       1       1                               0D     16
     514      22                                                00010000D     17
     514                       1       1                               0D     18
     514      23                                                00010000D     19
     514                       1       1                               0D     20
     510      24                                                00010000D     21
     510           -1885       1       1                               0D     22
     510      25                                                00010000D     23
     510           -1885       1       1                               0D     24
     510      26                                                00010000D     25
     510           -1885       1       1                               0D     26
     510      27                                                00010000D     27
     510           -1885       1       1                               0D     28
     510      28                                                00010000D     29
     510           -1885       1       1                               0D     30
     510      29                                                00010000D     31
     510           -1885       1       1                               0D     32
     510      30                                                00010000D     33
     510           -1885       1       1                               0D     34
     510      31                                                00010000D     35
     510           -1885       1       1                               0D     36
     510      32                                                00010000D     37
     510           -1885       1       1                               0D     38
     510      33                                                00010000D     39
     510           -1885       1       1                               0D     40
     510      34                                                00010000D     41
     510           -1885       1       1                               0D     42
     510      35                                                00010000D     43
     510           -1885       1       1                               0D     44
     510      36                                                00010000D     45
     510           -1885       1       1                               0D     46
     510      37                                                00010000D     47
     510           -1885       1       1                               0D     48
     510      38                                                00010000D     49
     510           -1885       1       1                               0D     50
     510      39                                                00010000D     51
     510           -1885       1       1                               0D     52
     510      40                                                00010000D     53
     510           -1885       1       1                               0D     54
     510      41                                                00010000D     55
     510           -1885       1       1                               0D     56
     510      42                                                00010000D     57
     510           -1885       1       1                               0D     58
     510      43                                                00010000D     59
     510           -1885       1       1                               0D     60
     510      44                                                00010000D     61
     510           -1885       1       1                               0D     62
     510      45                                                00010000D     63
     510           -1885       1       1                               0D     64
     510      46                                                00010000D     65
     510           -1885       1       1                               0D     66
     510      47                                                00010000D     67
     510           -1885       1       1                               0D     68
     510      48                                                00010000D     69
     510           -1885       1       1                               0D     70
     510      49                                                00010000D     71
     510           -1885       1       1                               0D     72
     510      50                                                00010000D     73
     510           -1885       1       1                               0D     74
     510      51                                                00010000D     75
     510           -1885       1       1                               0D     76
     510      52                                                00010000D     77
     510           -1885       1       1                               0D     78
     510      53                                                00010000D     79
     510           -1885       1       1                               0D     80
     510      54                                                00010000D     81
     510           -1885       1       1                               0D     82
     510      55                                                00010000D     83
     510           -1885       1       1                               0D     84
     510      56                                                00010000D     85
     510           -1885       1       1                               0D     86
     510      57                                                00010000D     87
     510           -1885       1       1                               0D     88
     510      58                                                00010000D     89
     510           -1885       1       1                               0D     90
     510      59                                                00010000D     91
     510           -1885       1       1                               0D     92
     510      60                                                00010000D     93
     510           -1885       1       1                               0D     94
     510      61                                                00010000D     95
     510           -1885       1       1                               0D     96
     510      62                                                00010000D     97
     510           -1885       1       1                               0D     98
     510      63                                                00010000D     99
     510           -1885       1       1                               0D    100
     510      64                                                00010000D    101
     510           -1885       1       1                               0D    102
     510      65                                                00010000D    103
     510           -1885       1       1                               0D    104
     510      66                                                00010000D    105
     510           -1885       1       1                               0D    106
     510      67                                                00010000D    107
     510           -1885       1       1                               0D    108
     510      68                                                00010000D    109
     510           -1885       1       1                               0D    110
     510      69                                                00010000D    111
     510           -1885       1       1                               0D    112
     510      70                                                00010000D    113
     510           -1885       1       1                               0D    114
     510      71                                                00010000D    115
     510           -1885       1       1                               0D    116
     510      72                                                00010000D    117
     510           -1885       1       1                               0D    118
     510      73                                                00010000D    119
     510           -1885       1       1                               0D    120
     510      74                                                00010000D    121
     510           -1885       1       1                               0D    122
     510      75                                                00010000D    123
     510           -1885       1       1                               0D    124
     510      76                                                00010000D    125
     510           -1885       1       1                               0D    126
     510      77                                                00010000D    127
     510           -1885       1       1                               0D    128
     510      78                                                00010000D    129
     510           -1885       1       1                               0D    130
     510      79                                                00010000D    131
     510           -1885       1       1                               0D    132
     510      80                                                00010000D    133
     510           -1885       1       1                               0D    134
     510      81                                                00010000D    135
     510           -1885       1       1                               0D    136
     510      82                                                00010000D    137
     510           -1885       1       1                               0D    138
     510      83                                                00010000D    139
     510           -1885       1       1                               0D    140
     510      84                                                00010000D    141
     510           -1885       1       1                               0D    142
     510      85                                                00010000D    143
     510           -1885       1       1                               0D    144
     510      86                                                00010000D    145
     510           -1885       1       1                               0D    146
     510      87                                                00010000D    147
     510           -1885       1       1                               0D    148
     510      88                                                00010000D    149
     510           -1885       1       1                               0D    150
     510      89                                                00010000D    151
     510           -1885       1       1                               0D    152
     510      90                                                00010000D    153
     510           -1885       1       1                               0D    154
     510      91                                                00010000D    155
     510           -1885       1       1                               0D    156
     510      92                                                00010000D    157
     510           -1885       1       1                               0D    158
     510      93                                                00010000D    159
     510           -1885       1       1                               0D    160
     510      94                                                00010000D    161
     510           -1885       1       1                               0D    162
     510      95                                                00010000D    163
     510           -1885       1       1                               0D    164
     510      96                                                00010000D    165
     510           -1885       1       1                               0D    166
     510      97                                                00010000D    167
     510           -1885       1       1                               0D    168
     510      98                                                00010000D    169
     510           -1885       1       1                               0D    170
     510      99                                                00010000D    171
     510           -1885       1       1                               0D    172
     510     100                                                00010000D    173
     510           -1885       1       1                               0D    174
     510     101                                                00010000D    175
     510           -1885       1       1                               0D    176
     510     102                                                00010000D    177
     510           -1885       1       1                               0D    178
     510     103                                                00010000D    179
     510           -1885       1       1                               0D    180
     510     104                                                00010000D    181
     510           -1885       1       1                               0D    182
     510     105                                                00010000D    183
     510           -1885       1       1                               0D    184
     510     106                                                00010000D    185
     510           -1885       1       1                               0D    186
     510     107                                                00010000D    187
     510           -1885       1       1                               0D    188
     510     108                                                00010000D    189
     510           -1885       1       1                               0D    190
     510     109                                                00010000D    191
     510           -1885       1       1                               0D    192
     510     110                                                00010000D    193
     510           -1885       1       1                               0D    194
     510     111                                                00010000D    195
     510           -1885       1       1                               0D    196
     510     112                                                00010000D    197
     510           -1885       1       1                               0D    198
     510     113                                                00010000D    199
     510           -1885       1       1                               0D    200
     510     114                                                00010000D    201
     510           -1885       1       1                               0D    202
     510     115                                                00010000D    203
     510           -1885       1       1                               0D    204
     510     116                                                00010000D    205
     510           -1885       1       1                               0D    206
     510     117                                                00010000D    207
     510           -1885       1       1                               0D    208
     510     118                                                00010000D    209
     510           -1885       1       1                               0D    210
     510     119                                                00010000D    211
     510           -1885       1       1                               0D    212
     510     120                                                00010000D    213
     510           -1885       1       1                               0D    214
     510     121                                                00010000D    215
     510           -1885       1       1                               0D    216
     510     122                                                00010000D    217
     510           -1885       1       1                               0D    218
     510     123                                                00010000D    219
     510           -1885       1       1                               0D    220
     510     124                                                00010000D    221
     510           -1885       1       1                               0D    222
     510     125                                                00010000D    223
     510           -1885       1       1                               0D    224
     510     126                                                00010000D    225
     510           -1885       1       1                               0D    226
     510     127                                                00010000D    227
     510           -1885       1       1                               0D    228
     510     128                                                00010000D    229
     510           -1885       1       1                               0D    230
     510     129                                                00010000D    231
     510           -1885       1       1                               0D    232
     510     130                                                00010000D    233
     510           -1885       1       1                               0D    234
     510     131                                                00010000D    235
     510           -1885       1       1                               0D    236
     510     132                                                00010000D    237
     510           -1885       1       1                               0D    238
     510     133                                                00010000D    239
     510           -1885       1       1                               0D    240
     510     134                                                00010000D    241
     510           -1885       1       1                               0D    242
     510     135                                                00010000D    243
     510           -1885       1       1                               0D    244
     510     136                                                00010000D    245
     510           -1885       1       1                               0D    246
     510     137                                                00010000D    247
     510           -1885       1       1                               0D    248
     510     138                                                00010000D    249
     510           -1885       1       1                               0D    250
     510     139                                                00010000D    251
     510           -1885       1       1                               0D    252
     510     140                                                00010000D    253
     510           -1885       1       1                               0D    254
     510     141                                                00010000D    255
     510           -1885       1       1                               0D    256
     510     142                                                00010000D    257
     510           -1885       1       1                               0D    258
     510     143                                                00010000D    259
     510           -1885       1       1                               0D    260
     510     144                                                00010000D    261
     510           -1885       1       1                               0D    262
     510     145                                                00010000D    263
     510           -1885       1       1                               0D    264
     510     146                                                00010000D    265
     510           -1885       1       1                               0D    266
     510     147                                                00010000D    267
     510           -1885       1       1                               0D    268
     510     148                                                00010000D    269
     510           -1885       1       1                               0D    270
     510     149                                                00010000D    271
     510           -1885       1       1                               0D    272
     510     150                                                00010000D    273
     510           -1885       1       1                               0D    274
     510     151                                                00010000D    275
     510           -1885       1       1                               0D    276
     510     152                                                00010000D    277
     510           -1885       1       1                               0D    278
     510     153                                                00010000D    279
     510           -1885       1       1                               0D    280
     510     154                                                00010000D    281
     510           -1885       1       1                               0D    282
     510     155                                                00010000D    283
     510           -1885       1       1                               0D    284
     510     156                                                00010000D    285
     510           -1885       1       1                               0D    286
     510     157                                                00010000D    287
     510           -1885       1       1                               0D    288
     510     158                                                00010000D    289
     510           -1885       1       1                               0D    290
     510     159                                                00010000D    291
     510           -1885       1       1                               0D    292
     510     160                                                00010000D    293
     510           -1885       1       1                               0D    294
     510     161                                                00010000D    295
     510           -1885       1       1                               0D    296
     510     162                                                00010000D    297
     510           -1885       1       1                               0D    298
     510     163                                                00010000D    299
     510           -1885       1       1                               0D    300
     510     164                                                00010000D    301
     510           -1885       1       1                               0D    302
     510     165                                                00010000D    303
     510           -1885       1       1                               0D    304
     510     166                                                00010000D    305
     510           -1885       1       1                               0D    306
     510     167                                                00010000D    307
     510           -1885       1       1                               0D    308
     510     168                                                00010000D    309
     510           -1885       1       1                               0D    310
     510     169                                                00010000D    311
     510           -1885       1       1                               0D    312
     510     170                                                00010000D    313
     510           -1885       1       1                               0D    314
     510     171                                                00010000D    315
     510           -1885       1       1                               0D    316
     510     172                                                00010000D    317
     510           -1885       1       1                               0D    318
     510     173                                                00010000D    319
     510           -1885       1       1                               0D    320
     510     174                                                00010000D    321
     510           -1885       1       1                               0D    322
     510     175                                                00010000D    323
     510           -1885       1       1                               0D    324
     510     176                                                00010000D    325
     510           -1885       1       1                               0D    326
     510     177                                                00010000D    327
     510           -1885       1       1                               0D    328
     510     178                                                00010000D    329
     510           -1885       1       1                               0D    330
     510     179                                                00010000D    331
     510           -1885       1       1                               0D    332
     510     180                                                00010000D    333
     510           -1885       1       1                               0D    334
     510     181                                                00010000D    335
     510           -1885       1       1                               0D    336
     508     182                                                00010000D    337
     508                       1       1                               0D    338
     508     183                                                00010000D    339
     508                       1       1                               0D    340
     508     184                                                00010000D    341
     508                       4       1                               0D    342
     508     188                                                00010000D    343
     508                       2       1                               0D    344
     508     190                                                00010000D    345
     508                       1       1                               0D    346
     508     191                                                00010000D    347
     508                       1       1                               0D    348
     508     192                                                00010000D    349
     508                       3       1                               0D    350
     508     195                                                00010000D    351
     508                       2       1                               0D    352
     508     197                                                00010000D    353
     508                       1       1                               0D    354
     508     198                                                00010000D    355
     508                       1       1                               0D    356
     508     199                                                00010000D    357
     508                       1       1                               0D    358
     508     200                                                00010000D    359
     508                       1       1                               0D    360
     508     201                                                00010000D    361
     508                       3       1                               0D    362
     508     204                                                00010000D    363
     508                       2       1                               0D    364
     508     206                                                00010000D    365
     508                       6       1                               0D    366
     508     212                                                00010000D    367
     508                       1       1                               0D    368
     508     213                                                00010000D    369
     508                       2       1                               0D    370
     508     215                                                00010000D    371
     508                       1       1                               0D    372
     508     216                                                00010000D    373
     508                       1       1                               0D    374
     508     217                                                00010000D    375
     508                       1       1                               0D    376
     508     218                                                00010000D    377
     508                       2       1                               0D    378
     508     220                                                00010000D    379
     508                       2       1                               0D    380
     508     222                                                00010000D    381
     508                       1       1                               0D    382
     508     223                                                00010000D    383
     508                       1       1                               0D    384
     508     224                                                00010000D    385
     508                       2       1                               0D    386
     508     226                                                00010000D    387
     508                       1       1                               0D    388
     508     227                                                00010000D    389
     508                       3       1                               0D    390
     508     230                                                00010000D    391
     508                       2       1                               0D    392
     508     232                                                00010000D    393
     508                       2       1                               0D    394
     508     234                                                00010000D    395
     508                       1       1                               0D    396
     508     235                                                00010000D    397
     508                       2       1                               0D    398
     508     237                                                00010000D    399
     508                       2       1                               0D    400
     508     239                                                00010000D    401
     508                       8       1                               0D    402
     508     247                                                00010000D    403
     508                       1       1                               0D    404
     508     248                                                00010000D    405
     508                       1       1                               0D    406
     508     249                                                00010000D    407
     508                       1       1                               0D    408
     508     250                                                00010000D    409
     508                       1       1                               0D    410
     508     251                                                00010000D    411
     508                       2       1                               0D    412
     508     253                                                00010000D    413
     508                       2       1                               0D    414
     508     255                                                00010000D    415
     508                       2       1                               0D    416
     508     257                                                00010000D    417
     508                       2       1                               0D    418
     508     259                                                00010000D    419
     508                       2       1                               0D    420
     508     261                                                00010000D    421
     508                       2       1                               0D    422
     508     263                                                00010000D    423
     508                       2       1                               0D    424
     508     265                                                00010000D    425
     508                       2       1                               0D    426
     508     267                                                00010000D    427
     508                       2       1                               0D    428
     508     269                                                00010000D    429
     508                       2       1                               0D    430
     508     271                                                00010000D    431
     508                       2       1                               0D    432
     508     273                                                00010000D    433
     508                       2       1                               0D    434
     508     275                                                00010000D    435
     508                       2       1                               0D    436
     508     277                                                00010000D    437
     508                       2       1                               0D    438
     508     279                                                00010000D    439
     508                       2       1                               0D    440
     508     281                                                00010000D    441
     508                       2       1                               0D    442
     508     283                                                00010000D    443
     508                       3       1                               0D    444
     508     286                                                00010000D    445
     508                       8       1                               0D    446
     508     294                                                00010000D    447
     508                       2       1                               0D    448
     508     296                                                00010000D    449
     508                       2       1                               0D    450
     508     298                                                00010000D    451
     508                       2       1                               0D    452
     508     300                                                00010000D    453
     508                       2       1                               0D    454
     508     302                                                00010000D    455
     508                       2       1                               0D    456
     508     304                                                00010000D    457
     508                       4       1                               0D    458
     508     308                                                00010000D    459
     508                       2       1                               0D    460
     508     310                                                00010000D    461
     508                       2       1                               0D    462
     508     312                                                00010000D    463
     508                       2       1                               0D    464
     508     314                                                00010000D    465
     508                       2       1                               0D    466
     508     316                                                00010000D    467
     508                       2       1                               0D    468
     508     318                                                00010000D    469
     508                       2       1                               0D    470
     508     320                                                00010000D    471
     508                       2       1                               0D    472
     508     322                                                00010000D    473
     508                       2       1                               0D    474
     508     324                                                00010000D    475
     508                       2       1                               0D    476
     508     326                                                00010000D    477
     508                       2       1                               0D    478
     508     328                                                00010000D    479
     508                       2       1                               0D    480
     508     330                                                00010000D    481
     508                       2       1                               0D    482
     508     332                                                00010000D    483
     508                       1       1                               0D    484
     508     333                                                00010000D    485
     508                       1       1                               0D    486
     508     334                                                00010000D    487
     508                       2       1                               0D    488
     508     336                                                00010000D    489
     508                       2       1                               0D    490
     508     338                                                00010000D    491
     508                       2       1                               0D    492
     508     340                                                00010000D    493
     508                       2       1                               0D    494
     508     342                                                00010000D    495
     508                       2       1                               0D    496
     508     344                                                00010000D    497
     508                       2       1                               0D    498
     508     346                                                00010000D    499
     508                       2       1                               0D    500
     508     348                                                00010000D    501
     508                       2       1                               0D    502
     508     350                                                00010000D    503
     508                       2       1                               0D    504
     508     352                                                00010000D    505
     508                       2       1                               0D    506
     508     354                                                00010000D    507
     508                       2       1                               0D    508
     508     356                                                00010000D    509
     508                       2       1                               0D    510
     508     358                                                00010000D    511
     508                       2       1                               0D    512
     508     360                                                00010000D    513
     508                       2       1                               0D    514
     508     362                                                00010000D    515
     508                       2       1                               0D    516
     508     364                                                00010000D    517
     508                       2       1                               0D    518
     508     366                                                00010000D    519
     508                       2       1                               0D    520
     508     368                                                00010000D    521
     508                       2       1                               0D    522
     508     370                                                00010000D    523
     508                       2       1                               0D    524
     508     372                                                00010000D    525
     508                       2       1                               0D    526
     508     374                                                00010000D    527
     508                       2       1                               0D    528
     508     376                                                00010000D    529
     508                       2       1                               0D    530
     508     378                                                00010000D    531
     508                       2       1                               0D    532
     508     380                                                00010000D    533
     508                       2       1                               0D    534
     508     382                                                00010000D    535
     508                       2       1                               0D    536
     508     384                                                00010000D    537
     508                       2       1                               0D    538
     508     386                                                00010000D    539
     508                       2       1                               0D    540
     508     388                                                00010000D    541
     508                       2       1                               0D    542
     508     390                                                00010000D    543
     508                       2       1                               0D    544
     508     392                                                00010000D    545
     508                       2       1                               0D    546
     508     394                                                00010000D    547
     508                       2       1                               0D    548
     508     396                                                00010000D    549
     508                       1       1                               0D    550
     508     397                                                00010000D    551
     508                       2       1                               0D    552
     508     399                                                00010000D    553
     508                       2       1                               0D    554
     508     401                                                00010000D    555
     508                       2       1                               0D    556
     508     403                                                00010000D    557
     508                       3       1                               0D    558
     508     406                                                00010000D    559
     508                       2       1                               0D    560
     508     408                                                00010000D    561
     508                       1       1                               0D    562
     508     409                                                00010000D    563
     508                       2       1                               0D    564
     508     411                                                00010000D    565
     508                       2       1                               0D    566
     508     413                                                00010000D    567
     508                       2       1                               0D    568
     508     415                                                00010000D    569
     508                       2       1                               0D    570
     508     417                                                00010000D    571
     508                       2       1                               0D    572
     508     419                                                00010000D    573
     508                       1       1                               0D    574
     508     420                                                00010000D    575
     508                       2       1                               0D    576
     508     422                                                00010000D    577
     508                       2       1                               0D    578
     508     424                                                00010000D    579
     508                       3       1                               0D    580
     508     427                                                00010000D    581
     508                       2       1                               0D    582
     508     429                                                00010000D    583
     508                       1       1                               0D    584
     508     430                                                00010000D    585
     508                       2       1                               0D    586
     508     432                                                00010000D    587
     508                       2       1                               0D    588
     508     434                                                00010000D    589
     508                       2       1                               0D    590
     508     436                                                00010000D    591
     508                       2       1                               0D    592
     508     438                                                00010000D    593
     508                       2       1                               0D    594
     508     440                                                00010000D    595
     508                       1       1                               0D    596
     508     441                                                00010000D    597
     508                       2       1                               0D    598
     508     443                                                00010000D    599
     508                       2       1                               0D    600
     508     445                                                00010000D    601
     508                       2       1                               0D    602
     508     447                                                00010000D    603
     508                       3       1                               0D    604
     508     450                                                00010000D    605
     508                       2       1                               0D    606
     508     452                                                00010000D    607
     508                       1       1                               0D    608
     508     453                                                00010000D    609
     508                       2       1                               0D    610
     508     455                                                00010000D    611
     508                       2       1                               0D    612
     508     457                                                00010000D    613
     508                       2       1                               0D    614
     508     459                                                00010000D    615
     508                       2       1                               0D    616
     508     461                                                00010000D    617
     508                       2       1                               0D    618
     508     463                                                00010000D    619
     508                       1       1                               0D    620
     508     464                                                00010000D    621
     508                       2       1                               0D    622
     508     466                                                00010000D    623
     508                       2       1                               0D    624
     508     468                                                00010000D    625
     508                       2       1                               0D    626
     508     470                                                00010000D    627
     508                       3       1                               0D    628
     508     473                                                00010000D    629
     508                       2       1                               0D    630
     508     475                                                00010000D    631
     508                       1       1                               0D    632
     508     476                                                00010000D    633
     508                       2       1                               0D    634
     508     478                                                00010000D    635
     508                       2       1                               0D    636
     508     480                                                00010000D    637
     508                       2       1                               0D    638
     508     482                                                00010000D    639
     508                       2       1                               0D    640
     508     484                                                00010000D    641
     508                       2       1                               0D    642
     508     486                                                00010000D    643
     508                       1       1                               0D    644
     508     487                                                00010000D    645
     508                       1       1                               0D    646
     508     488                                                00010000D    647
     508                       1       1                               0D    648
     508     489                                                00010000D    649
     508                       1       1                               0D    650
     508     490                                                00010000D    651
     508                       1       1                               0D    652
     508     491                                                00010000D    653
     508                       1       1                               0D    654
     508     492                                                00010000D    655
     508                       1       1                               0D    656
     508     493                                                00010000D    657
     508                       1       1                               0D    658
     508     494                                                00010000D    659
     508                       1       1                               0D    660
     508     495                                                00010000D    661
     508                       1       1                               0D    662
     508     496                                                00010000D    663
     508                       1       1                               0D    664
     508     497                                                00010000D    665
     508                       1       1                               0D    666
     508     498                                                00010000D    667
     508                       1       1                               0D    668
     126     499                                                00010000D    669
     126       0               6       0                               0D    670
     126     505                                                00010000D    671
     126       0               4       0                               0D    672
     126     509                                                00010000D    673
     126       0               6       0                               0D    674
     126     515                                                00010000D    675
     126       0               4       0                               0D    676
     126     519                                                00010000D    677
     126       0               4       0                               0D    678
     126     523                                                00010000D    679
     126       0               7       0                               0D    680
     126     530                                                00010000D    681
     126       0               4       0                               0D    682
     126     534                                                00010000D    683
     126       0               4       0                               0D    684
     126     538                                                00010000D    685
     126       0              33       0                               0D    686
     126     571                                                00010000D    687
     126       0               6       0                               0D    688
     126     577                                                00010000D    689
     126       0               4       0                               0D    690
     126     581                                                00010000D    691
     126       0              64       0                               0D    692
     126     645                                                00010000D    693
     126       0               4       0                               0D    694
     126     649                                                00010000D    695
     126       0              64       0                               0D    696
     126     713                                                00010000D    697
     126       0               4       0                               0D    698
     126     717                                                00010000D    699
     126       0              64       0                               0D    700
     126     781                                                00010000D    701
     126       0               4       0                               0D    702
     126     785                                                00010000D    703
     126       0               6       0                               0D    704
     126     791                                                00010000D    705
     126       0               4       0                               0D    706
     126     795                                                00010000D    707
     126       0               6       0                               0D    708
     126     801                                                00010000D    709
     126       0              31       0                               0D    710
     126     832                                                00010000D    711
     126       0               6       0                               0D    712
     126     838                                                00010000D    713
     126       0              11       0                               0D    714
     126     849                                                00010000D    715
     126       0               4       0                               0D    716
     126     853                                                00010000D    717
     126       0               6       0                               0D    718
     126     859                                                00010000D    719
     126       0               4       0                               0D    720
     126     863                                                00010000D    721
     126       0               6       0                               0D    722
     126     869                                                00010000D    723
     126       0               4       0                               0D    724
     126     873                                                00010000D    725
     126       0               6       0                               0D    726
     126     879                                                00010000D    727
     126       0               4       0                               0D    728
     126     883                                                00010000D    729
     126       0               4       0                               0D    730
     126     887                                                00010000D    731
     126       0               7       0                               0D    732
     126     894                                                00010000D    733
     126       0               4       0                               0D    734
     126     898                                                00010000D    735
     126       0               4       0                               0D    736
     126     902                                                00010000D    737
     126       0              32       0                               0D    738
     126     934                                                00010000D    739
     126       0               6       0                               0D    740
     126     940                                                00010000D    741
     126       0               4       0                               0D    742
     126     944                                                00010000D    743
     126       0               6       0                               0D    744
     126     950                                                00010000D    745
     126       0               4       0                               0D    746
     126     954                                                00010000D    747
     126       0               6       0                               0D    748
     126     960                                                00010000D    749
     126       0               4       0                               0D    750
     126     964                                                00010000D    751
     126       0               6       0                               0D    752
     126     970                                                00010000D    753
     126       0              32       0                               0D    754
     126    1002                                                00010000D    755
     126       0               6       0                               0D    756
     126    1008                                                00010000D    757
     126       0              11       0                               0D    758
     126    1019                                                00010000D    759
     126       0               4       0                               0D    760
     126    1023                                                00010000D    761
     126       0               6       0                               0D    762
     126    1029                                                00010000D    763
     126       0               4       0                               0D    764
     126    1033                                                00010000D    765
     126       0               6       0                               0D    766
     126    1039                                                00010000D    767
     126       0               4       0                               0D    768
     126    1043                                                00010000D    769
     126       0               6       0                               0D    770
     126    1049                                                00010000D    771
     126       0               4       0                               0D    772
     126    1053                                                00010000D    773
     126       0               4       0                               0D    774
     126    1057                                                00010000D    775
     126       0               7       0                               0D    776
     126    1064                                                00010000D    777
     126       0               4       0                               0D    778
     126    1068                                                00010000D    779
     126       0               6       0                               0D    780
     126    1074                                                00010000D    781
     126       0               4       0                               0D    782
     126    1078                                                00010000D    783
     126       0               6       0                               0D    784
     126    1084                                                00010000D    785
     126       0               4       0                               0D    786
     126    1088                                                00010000D    787
     126       0               4       0                               0D    788
     126    1092                                                00010000D    789
     126       0               7       0                               0D    790
     126    1099                                                00010000D    791
     126       0               4       0                               0D    792
     126    1103                                                00010000D    793
     126       0               4       0                               0D    794
     126    1107                                                00010000D    795
     126       0              31       0                               0D    796
     126    1138                                                00010000D    797
     126       0               6       0                               0D    798
     126    1144                                                00010000D    799
     126       0               4       0                               0D    800
     126    1148                                                00010000D    801
     126       0               6       0                               0D    802
     126    1154                                                00010000D    803
     126       0               4       0                               0D    804
     126    1158                                                00010000D    805
     126       0               6       0                               0D    806
     126    1164                                                00010000D    807
     126       0               6       0                               0D    808
     126    1170                                                00010000D    809
     126       0               4       0                               0D    810
     126    1174                                                00010000D    811
     126       0               6       0                               0D    812
     126    1180                                                00010000D    813
     126       0              31       0                               0D    814
     126    1211                                                00010000D    815
     126       0               6       0                               0D    816
     126    1217                                                00010000D    817
     126       0              11       0                               0D    818
     126    1228                                                00010000D    819
     126       0               4       0                               0D    820
     126    1232                                                00010000D    821
     126       0               6       0                               0D    822
     126    1238                                                00010000D    823
     126       0               4       0                               0D    824
     126    1242                                                00010000D    825
     126       0              31       0                               0D    826
     126    1273                                                00010000D    827
     126       0               6       0                               0D    828
     126    1279                                                00010000D    829
     126       0              31       0                               0D    830
     126    1310                                                00010000D    831
     126       0               4       0                               0D    832
     126    1314                                                00010000D    833
     126       0              32       0                               0D    834
     126    1346                                                00010000D    835
     126       0               6       0                               0D    836
     126    1352                                                00010000D    837
     126       0              32       0                               0D    838
     126    1384                                                00010000D    839
     126       0               4       0                               0D    840
     126    1388                                                00010000D    841
     126       0              31       0                               0D    842
     126    1419                                                00010000D    843
     126       0               6       0                               0D    844
     126    1425                                                00010000D    845
     126       0              32       0                               0D    846
     126    1457                                                00010000D    847
     126       0               4       0                               0D    848
     126    1461                                                00010000D    849
     126       0              32       0                               0D    850
     126    1493                                                00010000D    851
     126       0               6       0                               0D    852
     126    1499                                                00010000D    853
     126       0              32       0                               0D    854
     126    1531                                                00010000D    855
     126       0               4       0                               0D    856
     126    1535                                                00010000D    857
     126       0               7       0                               0D    858
     126    1542                                                00010000D    859
     126       0               7       0                               0D    860
     126    1549                                                00010000D    861
     126       0               7       0                               0D    862
     126    1556                                                00010000D    863
     126       0               3       0                               0D    864
     126    1559                                                00010000D    865
     126       0               6       0                               0D    866
     126    1565                                                00010000D    867
     126       0               3       0                               0D    868
     126    1568                                                00010000D    869
     126       0               7       0                               0D    870
     126    1575                                                00010000D    871
     126       0               7       0                               0D    872
     126    1582                                                00010000D    873
     126       0               7       0                               0D    874
     126    1589                                                00010000D    875
     126       0               3       0                               0D    876
     126    1592                                                00010000D    877
     126       0               6       0                               0D    878
     126    1598                                                00010000D    879
     126       0               3       0                               0D    880
     126    1601                                                00010000D    881
     126       0              32       0                               0D    882
     126    1633                                                00010000D    883
     126       0               7       0                               0D    884
     126    1640                                                00010000D    885
     126       0               7       0                               0D    886
     126    1647                                                00010000D    887
     126       0               4       0                               0D    888
     126    1651                                                00010000D    889
     126       0               7       0                               0D    890
     126    1658                                                00010000D    891
     126       0               7       0                               0D    892
     126    1665                                                00010000D    893
     126       0               6       0                               0D    894
     126    1671                                                00010000D    895
     126       0               3       0                               0D    896
     126    1674                                                00010000D    897
     126       0               6       0                               0D    898
     126    1680                                                00010000D    899
     126       0               3       0                               0D    900
     126    1683                                                00010000D    901
     126       0              32       0                               0D    902
     126    1715                                                00010000D    903
     126       0               7       0                               0D    904
     126    1722                                                00010000D    905
     126       0               6       0                               0D    906
     126    1728                                                00010000D    907
     126       0               4       0                               0D    908
     126    1732                                                00010000D    909
     126       0               6       0                               0D    910
     126    1738                                                00010000D    911
     126       0               4       0                               0D    912
     126    1742                                                00010000D    913
     126       0               6       0                               0D    914
     126    1748                                                00010000D    915
     126       0               4       0                               0D    916
     126    1752                                                00010000D    917
     126       0               6       0                               0D    918
     126    1758                                                00010000D    919
     126       0              11       0                               0D    920
     126    1769                                                00010000D    921
     126       0               4       0                               0D    922
     126    1773                                                00010000D    923
     126       0               6       0                               0D    924
     126    1779                                                00010000D    925
     126       0               4       0                               0D    926
     126    1783                                                00010000D    927
     126       0               6       0                               0D    928
     126    1789                                                00010000D    929
     126       0               3       0                               0D    930
     126    1792                                                00010000D    931
     126       0               6       0                               0D    932
     126    1798                                                00010000D    933
     126       0               3       0                               0D    934
     126    1801                                                00010000D    935
     126       0              12       0                               0D    936
     126    1813                                                00010000D    937
     126       0               6       0                               0D    938
     126    1819                                                00010000D    939
     126       0              15       0                               0D    940
     126    1834                                                00010000D    941
     126       0               7       0                               0D    942
     126    1841                                                00010000D    943
     126       0              12       0                               0D    944
     126    1853                                                00010000D    945
     126       0               5       0                               0D    946
     126    1858                                                00010000D    947
     126       0               6       0                               0D    948
     126    1864                                                00010000D    949
     126       0              90       0                               0D    950
     126    1954                                                00010000D    951
     126       0               4       0                               0D    952
     126    1958                                                00010000D    953
     126       0              65       0                               0D    954
     126    2023                                                00010000D    955
     126       0               4       0                               0D    956
     126    2027                                                00010000D    957
     126       0               6       0                               0D    958
     126    2033                                                00010000D    959
     126       0               4       0                               0D    960
     126    2037                                                00010000D    961
     126       0               6       0                               0D    962
     126    2043                                                00010000D    963
     126       0               4       0                               0D    964
     126    2047                                                00010000D    965
     126       0              65       0                               0D    966
     126    2112                                                00010000D    967
     126       0               4       0                               0D    968
     126    2116                                                00010000D    969
     126       0               6       0                               0D    970
     126    2122                                                00010000D    971
     126       0               4       0                               0D    972
     126    2126                                                00010000D    973
     126       0               6       0                               0D    974
     126    2132                                                00010000D    975
     126       0               4       0                               0D    976
     126    2136                                                00010000D    977
     126       0              65       0                               0D    978
     126    2201                                                00010000D    979
     126       0               4       0                               0D    980
     126    2205                                                00010000D    981
     126       0               6       0                               0D    982
     126    2211                                                00010000D    983
     126       0               4       0                               0D    984
     126    2215                                                00010000D    985
     126       0              57       0                               0D    986
     126    2272                                                00010000D    987
     126       0               4       0                               0D    988
     126    2276                                                00010000D    989
     126       0              65       0                               0D    990
     126    2341                                                00010000D    991
     126       0               4       0                               0D    992
     126    2345                                                00010000D    993
     126       0              57       0                               0D    994
     126    2402                                                00010000D    995
     126       0               4       0                               0D    996
     126    2406                                                00010000D    997
     126       0              65       0                               0D    998
     126    2471                                                00010000D    999
     126       0               4       0                               0D   1000
     126    2475                                                00010000D   1001
     126       0               6       0                               0D   1002
     126    2481                                                00010000D   1003
     126       0               4       0                               0D   1004
     126    2485                                                00010000D   1005
     126       0               6       0                               0D   1006
     126    2491                                                00010000D   1007
     126       0              82       0                               0D   1008
     126    2573                                                00010000D   1009
     126       0              10       0                               0D   1010
     126    2583                                                00010000D   1011
     126       0               6       0                               0D   1012
     126    2589                                                00010000D   1013
     126       0              10       0                               0D   1014
     126    2599                                                00010000D   1015
     126       0               6       0                               0D   1016
     126    2605                                                00010000D   1017
     126       0               7       0                               0D   1018
     126    2612                                                00010000D   1019
     126       0               7       0                               0D   1020
     126    2619                                                00010000D   1021
     126       0               7       0                               0D   1022
     126    2626                                                00010000D   1023
     126       0               6       0                               0D   1024
     126    2632                                                00010000D   1025
     126       0              12       0                               0D   1026
     126    2644                                                00010000D   1027
     126       0              10       0                               0D   1028
     126    2654                                                00010000D   1029
     126       0               5       0                               0D   1030
     126    2659                                                00010000D   1031
     126       0              10       0                               0D   1032
     126    2669                                                00010000D   1033
     126       0               6       0                               0D   1034
     126    2675                                                00010000D   1035
     126       0              12       0                               0D   1036
     126    2687                                                00010000D   1037
     126       0               7       0                               0D   1038
     126    2694                                                00010000D   1039
     126       0               7       0                               0D   1040
     126    2701                                                00010000D   1041
     126       0              12       0                               0D   1042
     126    2713                                                00010000D   1043
     126       0               5       0                               0D   1044
     126    2718                                                00010000D   1045
     126       0               7       0                               0D   1046
     126    2725                                                00010000D   1047
     126       0              15       0                               0D   1048
     126    2740                                                00010000D   1049
     126       0              10       0                               0D   1050
     126    2750                                                00010000D   1051
     126       0               5       0                               0D   1052
     126    2755                                                00010000D   1053
     126       0              10       0                               0D   1054
     126    2765                                                00010000D   1055
     126       0               6       0                               0D   1056
     126    2771                                                00010000D   1057
     126       0              10       0                               0D   1058
     126    2781                                                00010000D   1059
     126       0              10       0                               0D   1060
     126    2791                                                00010000D   1061
     126       0               7       0                               0D   1062
     126    2798                                                00010000D   1063
     126       0               6       0                               0D   1064
     126    2804                                                00010000D   1065
     126       0               9       0                               0D   1066
     126    2813                                                00010000D   1067
     126       0               5       0                               0D   1068
     126    2818                                                00010000D   1069
     126       0               7       0                               0D   1070
     126    2825                                                00010000D   1071
     126       0              12       0                               0D   1072
     126    2837                                                00010000D   1073
     126       0               7       0                               0D   1074
     126    2844                                                00010000D   1075
     126       0              10       0                               0D   1076
     126    2854                                                00010000D   1077
     126       0               5       0                               0D   1078
     126    2859                                                00010000D   1079
     126       0              10       0                               0D   1080
     126    2869                                                00010000D   1081
     126       0               7       0                               0D   1082
     126    2876                                                00010000D   1083
     126       0               6       0                               0D   1084
     126    2882                                                00010000D   1085
     126       0              12       0                               0D   1086
     126    2894                                                00010000D   1087
     126       0               7       0                               0D   1088
     126    2901                                                00010000D   1089
     126       0              10       0                               0D   1090
     126    2911                                                00010000D   1091
     126       0               7       0                               0D   1092
     126    2918                                                00010000D   1093
     126       0               5       0                               0D   1094
     126    2923                                                00010000D   1095
     126       0               7       0                               0D   1096
     126    2930                                                00010000D   1097
     126       0               8       0                               0D   1098
     126    2938                                                00010000D   1099
     126       0               9       0                               0D   1100
     126    2947                                                00010000D   1101
     126       0              10       0                               0D   1102
     126    2957                                                00010000D   1103
     126       0               5       0                               0D   1104
     126    2962                                                00010000D   1105
     126       0              10       0                               0D   1106
     126    2972                                                00010000D   1107
     126       0              41       0                               0D   1108
     126    3013                                                00010000D   1109
     126       0               7       0                               0D   1110
     126    3020                                                00010000D   1111
     126       0              18       0                               0D   1112
     126    3038                                                00010000D   1113
     126       0               8       0                               0D   1114
     126    3046                                                00010000D   1115
     126       0              81       0                               0D   1116
     126    3127                                                00010000D   1117
     126       0               7       0                               0D   1118
     126    3134                                                00010000D   1119
     126       0              34       0                               0D   1120
     126    3168                                                00010000D   1121
     126       0               6       0                               0D   1122
     126    3174                                                00010000D   1123
     126       0               4       0                               0D   1124
     126    3178                                                00010000D   1125
     126       0               5       0                               0D   1126
     126    3183                                                00010000D   1127
     126       0               4       0                               0D   1128
     126    3187                                                00010000D   1129
     126       0              64       0                               0D   1130
     126    3251                                                00010000D   1131
     126       0               4       0                               0D   1132
     126    3255                                                00010000D   1133
     126       0              89       0                               0D   1134
     126    3344                                                00010000D   1135
     126       0               6       0                               0D   1136
     126    3350                                                00010000D   1137
     126       0               4       0                               0D   1138
     126    3354                                                00010000D   1139
     126       0               4       0                               0D   1140
     126    3358                                                00010000D   1141
     126       0               6       0                               0D   1142
     126    3364                                                00010000D   1143
     126       0               4       0                               0D   1144
     126    3368                                                00010000D   1145
     126       0               6       0                               0D   1146
     126    3374                                                00010000D   1147
     126       0               4       0                               0D   1148
     126    3378                                                00010000D   1149
     126       0               4       0                               0D   1150
     126    3382                                                00010000D   1151
     126       0               6       0                               0D   1152
     126    3388                                                00010000D   1153
     126       0               4       0                               0D   1154
     126    3392                                                00010000D   1155
     126       0               6       0                               0D   1156
     126    3398                                                00010000D   1157
     126       0               4       0                               0D   1158
     126    3402                                                00010000D   1159
     126       0               4       0                               0D   1160
     126    3406                                                00010000D   1161
     126       0               6       0                               0D   1162
     126    3412                                                00010000D   1163
     126       0               4       0                               0D   1164
     126    3416                                                00010000D   1165
     126       0              64       0                               0D   1166
     126    3480                                                00010000D   1167
     126       0               4       0                               0D   1168
     126    3484                                                00010000D   1169
     126       0              56       0                               0D   1170
     126    3540                                                00010000D   1171
     126       0               4       0                               0D   1172
     126    3544                                                00010000D   1173
     126       0               6       0                               0D   1174
     126    3550                                                00010000D   1175
     126       0               4       0                               0D   1176
     126    3554                                                00010000D   1177
     126       0              64       0                               0D   1178
     126    3618                                                00010000D   1179
     126       0               4       0                               0D   1180
     126    3622                                                00010000D   1181
     126       0               6       0                               0D   1182
     126    3628                                                00010000D   1183
     126       0               4       0                               0D   1184
     126    3632                                                00010000D   1185
     126       0               6       0                               0D   1186
     126    3638                                                00010000D   1187
     126       0               4       0                               0D   1188
     126    3642                                                00010000D   1189
     126       0              64       0                               0D   1190
     126    3706                                                00010000D   1191
     126       0               4       0                               0D   1192
     126    3710                                                00010000D   1193
     126       0               6       0                               0D   1194
     126    3716                                                00010000D   1195
     126       0               4       0                               0D   1196
     126    3720                                                00010000D   1197
     126       0               8       0                               0D   1198
     126    3728                                                00010000D   1199
     126       0               3       0                               0D   1200
     126    3731                                                00010000D   1201
     126       0               7       0                               0D   1202
     126    3738                                                00010000D   1203
     126       0               8       0                               0D   1204
     126    3746                                                00010000D   1205
     126       0               8       0                               0D   1206
     126    3754                                                00010000D   1207
     126       0               8       0                               0D   1208
     126    3762                                                00010000D   1209
     126       0               6       0                               0D   1210
     126    3768                                                00010000D   1211
     126       0               7       0                               0D   1212
     126    3775                                                00010000D   1213
     126       0               7       0                               0D   1214
     126    3782                                                00010000D   1215
     126       0              81       0                               0D   1216
     126    3863                                                00010000D   1217
     126       0               8       0                               0D   1218
     126    3871                                                00010000D   1219
     126       0               6       0                               0D   1220
     126    3877                                                00010000D   1221
     126       0               4       0                               0D   1222
     126    3881                                                00010000D   1223
     126       0               6       0                               0D   1224
     126    3887                                                00010000D   1225
     126       0               4       0                               0D   1226
     126    3891                                                00010000D   1227
     126       0              64       0                               0D   1228
     126    3955                                                00010000D   1229
     126       0               4       0                               0D   1230
     126    3959                                                00010000D   1231
     126       0              56       0                               0D   1232
     126    4015                                                00010000D   1233
     126       0               4       0                               0D   1234
     126    4019                                                00010000D   1235
     126       0              64       0                               0D   1236
     126    4083                                                00010000D   1237
     126       0               4       0                               0D   1238
     126    4087                                                00010000D   1239
     126       0               4       0                               0D   1240
     126    4091                                                00010000D   1241
     126       0               6       0                               0D   1242
     126    4097                                                00010000D   1243
     126       0               4       0                               0D   1244
     126    4101                                                00010000D   1245
     126       0               8       0                               0D   1246
     126    4109                                                00010000D   1247
     126       0               8       0                               0D   1248
     126    4117                                                00010000D   1249
     126       0               8       0                               0D   1250
     126    4125                                                00010000D   1251
     126       0               8       0                               0D   1252
     126    4133                                                00010000D   1253
     126       0               9       0                               0D   1254
     126    4142                                                00010000D   1255
     126       0               8       0                               0D   1256
     126    4150                                                00010000D   1257
     126       0               8       0                               0D   1258
     126    4158                                                00010000D   1259
     126       0               9       0                               0D   1260
     126    4167                                                00010000D   1261
     126       0               8       0                               0D   1262
     126    4175                                                00010000D   1263
     126       0               4       0                               0D   1264
     126    4179                                                00010000D   1265
     126       0               9       0                               0D   1266
     126    4188                                                00010000D   1267
     126       0               8       0                               0D   1268
     126    4196                                                00010000D   1269
     126       0               4       0                               0D   1270
     126    4200                                                00010000D   1271
     126       0               8       0                               0D   1272
     126    4208                                                00010000D   1273
     126       0               8       0                               0D   1274
     126    4216                                                00010000D   1275
     126       0               8       0                               0D   1276
     126    4224                                                00010000D   1277
     126       0               4       0                               0D   1278
     126    4228                                                00010000D   1279
     126       0               8       0                               0D   1280
     126    4236                                                00010000D   1281
     126       0               8       0                               0D   1282
     126    4244                                                00010000D   1283
     126       0               8       0                               0D   1284
     126    4252                                                00010000D   1285
     126       0               9       0                               0D   1286
     126    4261                                                00010000D   1287
     126       0               3       0                               0D   1288
     126    4264                                                00010000D   1289
     126       0               4       0                               0D   1290
     126    4268                                                00010000D   1291
     126       0               4       0                               0D   1292
     126    4272                                                00010000D   1293
     126       0               4       0                               0D   1294
     126    4276                                                00010000D   1295
     126       0               4       0                               0D   1296
     126    4280                                                00010000D   1297
     126       0               4       0                               0D   1298
     126    4284                                                00010000D   1299
     126       0               4       0                               0D   1300
     126    4288                                                00010000D   1301
     126       0               4       0                               0D   1302
     126    4292                                                00010000D   1303
     126       0               4       0                               0D   1304
     126    4296                                                00010000D   1305
     126       0               3       0                               0D   1306
     126    4299                                                00010000D   1307
     126       0               3       0                               0D   1308
     126    4302                                                00010000D   1309
     126       0               3       0                               0D   1310
     126    4305                                                00010000D   1311
     126       0               3       0                               0D   1312
     126    4308                                                00010000D   1313
     126       0               3       0                               0D   1314
     126    4311                                                00010000D   1315
     126       0               3       0                               0D   1316
     126    4314                                                00010000D   1317
     126       0               3       0                               0D   1318
     126    4317                                                00010000D   1319
     126       0               3       0                               0D   1320
     126    4320                                                00010000D   1321
     126       0               3       0                               0D   1322
     126    4323                                                00010000D   1323
     126       0               6       0                               0D   1324
     126    4329                                                00010000D   1325
     126       0               6       0                               0D   1326
     126    4335                                                00010000D   1327
     126       0               5       0                               0D   1328
     126    4340                                                00010000D   1329
     126       0               9       0                               0D   1330
     126    4349                                                00010000D   1331
     126       0               9       0                               0D   1332
     126    4358                                                00010000D   1333
     126       0               9       0                               0D   1334
     126    4367                                                00010000D   1335
     126       0              11       0                               0D   1336
     126    4378                                                00010000D   1337
     126       0               4       0                               0D   1338
     126    4382                                                00010000D   1339
     126       0               6       0                               0D   1340
     126    4388                                                00010000D   1341
     126       0               3       0                               0D   1342
     126    4391                                                00010000D   1343
     126       0               4       0                               0D   1344
     126    4395                                                00010000D   1345
     126       0               7       0                               0D   1346
     126    4402                                                00010000D   1347
     126       0               4       0                               0D   1348
     126    4406                                                00010000D   1349
     126       0               6       0                               0D   1350
     126    4412                                                00010000D   1351
     126       0               6       0                               0D   1352
     126    4418                                                00010000D   1353
     126       0              11       0                               0D   1354
     126    4429                                                00010000D   1355
     126       0               4       0                               0D   1356
     126    4433                                                00010000D   1357
     126       0               7       0                               0D   1358
     126    4440                                                00010000D   1359
     126       0               4       0                               0D   1360
     126    4444                                                00010000D   1361
     126       0               5       0                               0D   1362
     126    4449                                                00010000D   1363
     126       0               5       0                               0D   1364
     126    4454                                                00010000D   1365
     126       0              10       0                               0D   1366
     126    4464                                                00010000D   1367
     126       0               6       0                               0D   1368
     126    4470                                                00010000D   1369
     126       0              10       0                               0D   1370
     126    4480                                                00010000D   1371
     126       0               6       0                               0D   1372
     126    4486                                                00010000D   1373
     126       0               6       0                               0D   1374
     126    4492                                                00010000D   1375
     126       0               5       0                               0D   1376
     126    4497                                                00010000D   1377
     126       0               9       0                               0D   1378
     126    4506                                                00010000D   1379
     126       0               9       0                               0D   1380
     126    4515                                                00010000D   1381
     126       0               9       0                               0D   1382
     126    4524                                                00010000D   1383
     126       0              11       0                               0D   1384
     126    4535                                                00010000D   1385
     126       0               4       0                               0D   1386
     126    4539                                                00010000D   1387
     126       0               6       0                               0D   1388
     126    4545                                                00010000D   1389
     126       0               3       0                               0D   1390
     126    4548                                                00010000D   1391
     126       0               4       0                               0D   1392
     126    4552                                                00010000D   1393
     126       0               7       0                               0D   1394
     126    4559                                                00010000D   1395
     126       0               4       0                               0D   1396
     126    4563                                                00010000D   1397
     126       0               6       0                               0D   1398
     126    4569                                                00010000D   1399
     126       0               6       0                               0D   1400
     126    4575                                                00010000D   1401
     126       0              11       0                               0D   1402
     126    4586                                                00010000D   1403
     126       0               4       0                               0D   1404
     126    4590                                                00010000D   1405
     126       0               7       0                               0D   1406
     126    4597                                                00010000D   1407
     126       0               4       0                               0D   1408
     126    4601                                                00010000D   1409
     126       0               5       0                               0D   1410
     126    4606                                                00010000D   1411
     126       0               5       0                               0D   1412
     126    4611                                                00010000D   1413
     126       0              10       0                               0D   1414
     126    4621                                                00010000D   1415
     126       0               6       0                               0D   1416
     126    4627                                                00010000D   1417
     126       0              10       0                               0D   1418
     126    4637                                                00010000D   1419
     126       0               6       0                               0D   1420
     126    4643                                                00010000D   1421
     126       0               6       0                               0D   1422
     126    4649                                                00010000D   1423
     126       0               5       0                               0D   1424
     126    4654                                                00010000D   1425
     126       0               9       0                               0D   1426
     126    4663                                                00010000D   1427
     126       0               9       0                               0D   1428
     126    4672                                                00010000D   1429
     126       0               9       0                               0D   1430
     126    4681                                                00010000D   1431
     126       0              11       0                               0D   1432
     126    4692                                                00010000D   1433
     126       0               4       0                               0D   1434
     126    4696                                                00010000D   1435
     126       0               6       0                               0D   1436
     126    4702                                                00010000D   1437
     126       0               3       0                               0D   1438
     126    4705                                                00010000D   1439
     126       0               4       0                               0D   1440
     126    4709                                                00010000D   1441
     126       0               7       0                               0D   1442
     126    4716                                                00010000D   1443
     126       0               4       0                               0D   1444
     126    4720                                                00010000D   1445
     126       0               6       0                               0D   1446
     126    4726                                                00010000D   1447
     126       0               6       0                               0D   1448
     126    4732                                                00010000D   1449
     126       0              11       0                               0D   1450
     126    4743                                                00010000D   1451
     126       0               4       0                               0D   1452
     126    4747                                                00010000D   1453
     126       0               7       0                               0D   1454
     126    4754                                                00010000D   1455
     126       0               4       0                               0D   1456
     126    4758                                                00010000D   1457
     126       0               5       0                               0D   1458
     126    4763                                                00010000D   1459
     126       0               5       0                               0D   1460
     126    4768                                                00010000D   1461
     126       0              10       0                               0D   1462
     126    4778                                                00010000D   1463
     126       0               6       0                               0D   1464
     126    4784                                                00010000D   1465
     126       0              10       0                               0D   1466
     126    4794                                                00010000D   1467
     126       0               6       0                               0D   1468
     126    4800                                                00010000D   1469
     126       0               6       0                               0D   1470
     126    4806                                                00010000D   1471
     126       0               5       0                               0D   1472
     126    4811                                                00010000D   1473
     126       0               9       0                               0D   1474
     126    4820                                                00010000D   1475
     126       0               9       0                               0D   1476
     126    4829                                                00010000D   1477
     126       0               9       0                               0D   1478
     126    4838                                                00010000D   1479
     126       0              10       0                               0D   1480
     126    4848                                                00010000D   1481
     126       0               4       0                               0D   1482
     126    4852                                                00010000D   1483
     126       0               6       0                               0D   1484
     126    4858                                                00010000D   1485
     126       0               3       0                               0D   1486
     126    4861                                                00010000D   1487
     126       0               4       0                               0D   1488
     126    4865                                                00010000D   1489
     126       0               7       0                               0D   1490
     126    4872                                                00010000D   1491
     126       0               4       0                               0D   1492
     126    4876                                                00010000D   1493
     126       0               6       0                               0D   1494
     126    4882                                                00010000D   1495
     126       0               6       0                               0D   1496
     126    4888                                                00010000D   1497
     126       0              10       0                               0D   1498
     126    4898                                                00010000D   1499
     126       0               4       0                               0D   1500
     126    4902                                                00010000D   1501
     126       0               7       0                               0D   1502
     126    4909                                                00010000D   1503
     126       0               4       0                               0D   1504
     126    4913                                                00010000D   1505
     126       0               5       0                               0D   1506
     126    4918                                                00010000D   1507
     126       0               5       0                               0D   1508
     126    4923                                                00010000D   1509
     126       0              10       0                               0D   1510
     126    4933                                                00010000D   1511
     126       0               6       0                               0D   1512
     126    4939                                                00010000D   1513
     126       0              10       0                               0D   1514
     126    4949                                                00010000D   1515
     126       0              12       0                               0D   1516
     126    4961                                                00010000D   1517
     126       0               3       0                               0D   1518
     126    4964                                                00010000D   1519
     126       0              12       0                               0D   1520
     126    4976                                                00010000D   1521
     126       0              12       0                               0D   1522
     126    4988                                                00010000D   1523
     126       0               3       0                               0D   1524
     126    4991                                                00010000D   1525
     126       0              12       0                               0D   1526
     126    5003                                                00010000D   1527
     126       0              12       0                               0D   1528
     126    5015                                                00010000D   1529
     126       0               3       0                               0D   1530
     126    5018                                                00010000D   1531
     126       0              12       0                               0D   1532
     126    5030                                                00010000D   1533
     126       0              12       0                               0D   1534
     126    5042                                                00010000D   1535
     126       0               3       0                               0D   1536
     126    5045                                                00010000D   1537
     126       0              12       0                               0D   1538
     128    5057                                                00010000D   1539
     128       0   -1885      11       0                               0D   1540
     128    5068                                                00010000D   1541
     128       0   -1885       9       0                               0D   1542
     128    5077                                                00010000D   1543
     128       0   -1885       7       0                               0D   1544
     128    5084                                                00010000D   1545
     128       0   -1885      11       0                               0D   1546
     128    5095                                                00010000D   1547
     128       0   -1885       9       0                               0D   1548
     128    5104                                                00010000D   1549
     128       0   -1885       7       0                               0D   1550
     128    5111                                                00010000D   1551
     128       0   -1885      11       0                               0D   1552
     128    5122                                                00010000D   1553
     128       0   -1885       9       0                               0D   1554
     128    5131                                                00010000D   1555
     128       0   -1885      11       0                               0D   1556
     128    5142                                                00010000D   1557
     128       0   -1885       9       0                               0D   1558
     128    5151                                                00010000D   1559
     128       0   -1885       7       0                               0D   1560
     128    5158                                                00010000D   1561
     128       0   -1885       7       0                               0D   1562
     128    5165                                                00010000D   1563
     128       0   -1885      21       0                               0D   1564
     128    5186                                                00010000D   1565
     128       0   -1885      10       0                               0D   1566
     128    5196                                                00010000D   1567
     128       0   -1885      21       0                               0D   1568
     128    5217                                                00010000D   1569
     128       0   -1885      21       0                               0D   1570
     128    5238                                                00010000D   1571
     128       0   -1885      21       0                               0D   1572
     128    5259                                                00010000D   1573
     128       0   -1885       9       0                               0D   1574
     128    5268                                                00010000D   1575
     128       0   -1885      21       0                               0D   1576
     128    5289                                                00010000D   1577
     128       0   -1885       9       0                               0D   1578
     128    5298                                                00010000D   1579
     128       0   -1885      21       0                               0D   1580
     128    5319                                                00010000D   1581
     128       0   -1885      10       0                               0D   1582
     128    5329                                                00010000D   1583
     128       0   -1885      21       0                               0D   1584
     128    5350                                                00010000D   1585
     128       0   -1885       7       0                               0D   1586
     128    5357                                                00010000D   1587
     128       0   -1885      10       0                               0D   1588
     128    5367                                                00010000D   1589
     128       0   -1885      21       0                               0D   1590
     128    5388                                                00010000D   1591
     128       0   -1885      34       0                               0D   1592
     128    5422                                                00010000D   1593
     128       0   -1885      27       0                               0D   1594
     128    5449                                                00010000D   1595
     128       0   -1885       7       0                               0D   1596
     128    5456                                                00010000D   1597
     128       0   -1885      40       0                               0D   1598
     128    5496                                                00010000D   1599
     128       0   -1885      27       0                               0D   1600
     128    5523                                                00010000D   1601
     128       0   -1885      34       0                               0D   1602
     128    5557                                                00010000D   1603
     128       0   -1885      27       0                               0D   1604
     128    5584                                                00010000D   1605
     128       0   -1885      40       0                               0D   1606
     128    5624                                                00010000D   1607
     128       0   -1885      27       0                               0D   1608
     128    5651                                                00010000D   1609
     128       0   -1885      34       0                               0D   1610
     128    5685                                                00010000D   1611
     128       0   -1885      27       0                               0D   1612
     128    5712                                                00010000D   1613
     128       0   -1885      40       0                               0D   1614
     128    5752                                                00010000D   1615
     128       0   -1885      27       0                               0D   1616
     128    5779                                                00010000D   1617
     128       0   -1885      34       0                               0D   1618
     128    5813                                                00010000D   1619
     128       0   -1885      27       0                               0D   1620
     128    5840                                                00010000D   1621
     128       0   -1885      40       0                               0D   1622
     128    5880                                                00010000D   1623
     128       0   -1885      27       0                               0D   1624
     128    5907                                                00010000D   1625
     128       0   -1885      28       0                               0D   1626
     128    5935                                                00010000D   1627
     128       0   -1885      11       0                               0D   1628
     128    5946                                                00010000D   1629
     128       0   -1885       7       0                               0D   1630
     128    5953                                                00010000D   1631
     128       0   -1885       7       0                               0D   1632
     128    5960                                                00010000D   1633
     128       0   -1885       9       0                               0D   1634
     128    5969                                                00010000D   1635
     128       0   -1885      11       0                               0D   1636
     128    5980                                                00010000D   1637
     128       0   -1885      44       0                               0D   1638
     128    6024                                                00010000D   1639
     128       0   -1885      11       0                               0D   1640
     128    6035                                                00010000D   1641
     128       0   -1885      44       0                               0D   1642
     128    6079                                                00010000D   1643
     128       0   -1885       7       0                               0D   1644
     128    6086                                                00010000D   1645
     128       0   -1885      35       0                               0D   1646
     128    6121                                                00010000D   1647
     128       0   -1885       9       0                               0D   1648
     128    6130                                                00010000D   1649
     128       0   -1885      34       0                               0D   1650
     128    6164                                                00010000D   1651
     128       0   -1885       9       0                               0D   1652
     128    6173                                                00010000D   1653
     128       0   -1885      34       0                               0D   1654
     128    6207                                                00010000D   1655
     128       0   -1885       9       0                               0D   1656
     128    6216                                                00010000D   1657
     128       0   -1885      34       0                               0D   1658
     128    6250                                                00010000D   1659
     128       0   -1885       9       0                               0D   1660
     128    6259                                                00010000D   1661
     128       0   -1885      34       0                               0D   1662
     128    6293                                                00010000D   1663
     128       0   -1885       9       0                               0D   1664
     128    6302                                                00010000D   1665
     128       0   -1885      34       0                               0D   1666
     128    6336                                                00010000D   1667
     128       0   -1885       9       0                               0D   1668
     128    6345                                                00010000D   1669
     128       0   -1885       9       0                               0D   1670
     128    6354                                                00010000D   1671
     128       0   -1885       9       0                               0D   1672
     128    6363                                                00010000D   1673
     128       0   -1885      30       0                               0D   1674
     128    6393                                                00010000D   1675
     128       0   -1885       6       0                               0D   1676
     128    6399                                                00010000D   1677
     128       0   -1885       9       0                               0D   1678
     128    6408                                                00010000D   1679
     128       0   -1885      34       0                               0D   1680
     128    6442                                                00010000D   1681
     128       0   -1885      34       0                               0D   1682
     128    6476                                                00010000D   1683
     128       0   -1885       6       0                               0D   1684
     128    6482                                                00010000D   1685
     128       0   -1885       9       0                               0D   1686
     128    6491                                                00010000D   1687
     128       0   -1885      12       0                               0D   1688
     128    6503                                                00010000D   1689
     128       0   -1885       9       0                               0D   1690
     128    6512                                                00010000D   1691
     128       0   -1885      11       0                               0D   1692
     128    6523                                                00010000D   1693
     128       0   -1885      11       0                               0D   1694
     128    6534                                                00010000D   1695
     128       0   -1885       9       0                               0D   1696
     128    6543                                                00010000D   1697
     128       0   -1885      11       0                               0D   1698
     128    6554                                                00010000D   1699
     128       0   -1885       9       0                               0D   1700
     128    6563                                                00010000D   1701
     128       0   -1885      11       0                               0D   1702
     128    6574                                                00010000D   1703
     128       0   -1885       9       0                               0D   1704
     128    6583                                                00010000D   1705
     128       0   -1885      11       0                               0D   1706
     128    6594                                                00010000D   1707
     128       0   -1885       9       0                               0D   1708
     128    6603                                                00010000D   1709
     128       0   -1885       9       0                               0D   1710
     128    6612                                                00010000D   1711
     128       0   -1885       6       0                               0D   1712
     128    6618                                                00010000D   1713
     128       0   -1885       8       0                               0D   1714
     128    6626                                                00010000D   1715
     128       0   -1885       6       0                               0D   1716
     128    6632                                                00010000D   1717
     128       0   -1885       9       0                               0D   1718
     128    6641                                                00010000D   1719
     128       0   -1885       9       0                               0D   1720
     128    6650                                                00010000D   1721
     128       0   -1885       6       0                               0D   1722
     128    6656                                                00010000D   1723
     128       0   -1885       9       0                               0D   1724
     128    6665                                                00010000D   1725
     128       0   -1885       6       0                               0D   1726
     128    6671                                                00010000D   1727
     128       0   -1885       9       0                               0D   1728
     128    6680                                                00010000D   1729
     128       0   -1885       5       0                               0D   1730
     128    6685                                                00010000D   1731
     128       0   -1885       9       0                               0D   1732
     128    6694                                                00010000D   1733
     128       0   -1885       5       0                               0D   1734
     128    6699                                                00010000D   1735
     128       0   -1885       9       0                               0D   1736
     128    6708                                                00010000D   1737
     128       0   -1885       6       0                               0D   1738
     128    6714                                                00010000D   1739
     128       0   -1885      33       0                               0D   1740
     128    6747                                                00010000D   1741
     128       0   -1885      23       0                               0D   1742
     128    6770                                                00010000D   1743
     128       0   -1885      22       0                               0D   1744
     128    6792                                                00010000D   1745
     128       0   -1885      31       0                               0D   1746
     128    6823                                                00010000D   1747
     128       0   -1885       8       0                               0D   1748
     128    6831                                                00010000D   1749
     128       0   -1885      10       0                               0D   1750
     128    6841                                                00010000D   1751
     128       0   -1885       7       0                               0D   1752
     128    6848                                                00010000D   1753
     128       0   -1885       8       0                               0D   1754
     128    6856                                                00010000D   1755
     128       0   -1885       9       0                               0D   1756
     128    6865                                                00010000D   1757
     128       0   -1885      39       0                               0D   1758
     128    6904                                                00010000D   1759
     128       0   -1885       9       0                               0D   1760
     128    6913                                                00010000D   1761
     128       0   -1885      33       0                               0D   1762
     128    6946                                                00010000D   1763
     128       0   -1885      23       0                               0D   1764
     128    6969                                                00010000D   1765
     128       0   -1885      22       0                               0D   1766
     128    6991                                                00010000D   1767
     128       0   -1885      31       0                               0D   1768
     128    7022                                                00010000D   1769
     128       0   -1885       8       0                               0D   1770
     128    7030                                                00010000D   1771
     128       0   -1885      10       0                               0D   1772
     128    7040                                                00010000D   1773
     128       0   -1885       7       0                               0D   1774
     128    7047                                                00010000D   1775
     128       0   -1885       8       0                               0D   1776
     128    7055                                                00010000D   1777
     128       0   -1885       9       0                               0D   1778
     128    7064                                                00010000D   1779
     128       0   -1885      39       0                               0D   1780
     128    7103                                                00010000D   1781
     128       0   -1885       9       0                               0D   1782
     128    7112                                                00010000D   1783
     128       0   -1885       6       0                               0D   1784
     128    7118                                                00010000D   1785
     128       0   -1885      33       0                               0D   1786
     128    7151                                                00010000D   1787
     128       0   -1885      23       0                               0D   1788
     128    7174                                                00010000D   1789
     128       0   -1885      22       0                               0D   1790
     128    7196                                                00010000D   1791
     128       0   -1885      31       0                               0D   1792
     128    7227                                                00010000D   1793
     128       0   -1885       8       0                               0D   1794
     128    7235                                                00010000D   1795
     128       0   -1885      10       0                               0D   1796
     128    7245                                                00010000D   1797
     128       0   -1885       7       0                               0D   1798
     128    7252                                                00010000D   1799
     128       0   -1885       8       0                               0D   1800
     128    7260                                                00010000D   1801
     128       0   -1885       9       0                               0D   1802
     128    7269                                                00010000D   1803
     128       0   -1885      39       0                               0D   1804
     128    7308                                                00010000D   1805
     128       0   -1885       9       0                               0D   1806
     128    7317                                                00010000D   1807
     128       0   -1885       6       0                               0D   1808
     128    7323                                                00010000D   1809
     128       0   -1885      33       0                               0D   1810
     128    7356                                                00010000D   1811
     128       0   -1885      23       0                               0D   1812
     128    7379                                                00010000D   1813
     128       0   -1885      22       0                               0D   1814
     128    7401                                                00010000D   1815
     128       0   -1885      31       0                               0D   1816
     128    7432                                                00010000D   1817
     128       0   -1885       8       0                               0D   1818
     128    7440                                                00010000D   1819
     128       0   -1885      10       0                               0D   1820
     128    7450                                                00010000D   1821
     128       0   -1885       7       0                               0D   1822
     128    7457                                                00010000D   1823
     128       0   -1885       8       0                               0D   1824
     128    7465                                                00010000D   1825
     128       0   -1885       9       0                               0D   1826
     128    7474                                                00010000D   1827
     128       0   -1885      39       0                               0D   1828
     128    7513                                                00010000D   1829
     128       0   -1885       9       0                               0D   1830
     128    7522                                                00010000D   1831
     128       0   -1885      20       0                               0D   1832
     128    7542                                                00010000D   1833
     128       0   -1885       8       0                               0D   1834
     128    7550                                                00010000D   1835
     128       0   -1885       8       0                               0D   1836
     128    7558                                                00010000D   1837
     128       0   -1885      20       0                               0D   1838
     128    7578                                                00010000D   1839
     128       0   -1885       8       0                               0D   1840
     128    7586                                                00010000D   1841
     128       0   -1885       8       0                               0D   1842
     128    7594                                                00010000D   1843
     128       0   -1885      20       0                               0D   1844
     128    7614                                                00010000D   1845
     128       0   -1885       8       0                               0D   1846
     128    7622                                                00010000D   1847
     128       0   -1885       8       0                               0D   1848
     128    7630                                                00010000D   1849
     128       0   -1885      20       0                               0D   1850
     128    7650                                                00010000D   1851
     128       0   -1885       8       0                               0D   1852
     128    7658                                                00010000D   1853
     128       0   -1885       8       0                               0D   1854
     502    7666                                                00010000D   1855
     502                     222       1                               0D   1856
     502    7888                                                00010000D   1857
     502                       2       1                               0D   1858
     502    7890                                                00010000D   1859
     502                       2       1                               0D   1860
     502    7892                                                00010000D   1861
     502                       2       1                               0D   1862
     502    7894                                                00010000D   1863
     502                       2       1                               0D   1864
     504    7896                                                00010001D   1865
     504                     151       1                               0D   1866
     504    8047                                                00010001D   1867
     504                       1       1                               0D   1868
     504    8048                                                00010001D   1869
     504                       1       1                               0D   1870
     504    8049                                                00010001D   1871
     504                       1       1                               0D   1872
     504    8050                                                00010001D   1873
     504                       1       1                               0D   1874
     406    8051                                                00000000D   1875
     406                       1      15                               0D   1876
     406    8052                                                00000000D   1877
     406                       1      15                               0D   1878
     406    8053                                                00000000D   1879
     406                       1      15                               0D   1880
     406    8054                                                00000000D   1881
     406                       1      15                               0D   1882
     406    8055                                                00000000D   1883
     406                       1      15                               0D   1884
     314    8056                                                00000200D   1885
     314                       2       0                               0D   1886
186,11,1,0,0,1,1875;                                                   1P      1
186,13,1,0,0,1,1877;                                                   3P      2
186,15,1,0,0,1,1879;                                                   5P      3
186,17,1,0,0,1,1881;                                                   7P      4
186,19,1,0,0,1,1883;                                                   9P      5
514,146,21,1,23,1,25,1,27,1,29,1,31,1,33,1,35,1,37,1,39,1,41,1,       11P      6
43,1,45,1,47,1,49,1,51,1,53,1,55,1,57,1,59,1,61,1,63,1,65,1,67,       11P      7
1,69,1,71,1,73,1,75,1,77,1,79,1,81,1,83,1,85,1,87,1,89,1,91,1,        11P      8
93,1,95,1,97,1,99,1,101,1,103,1,105,1,107,1,109,1,111,1,113,1,        11P      9
115,1,117,1,119,1,121,1,123,1,125,1,127,1,129,1,131,1,133,1,135,      11P     10
1,137,1,139,1,141,1,143,1,145,1,147,1,149,1,151,1,153,1,155,1,        11P     11
157,1,159,1,161,1,163,1,165,1,167,1,169,1,171,1,173,1,175,1,177,      11P     12
1,179,1,181,1,183,1,185,1,187,1,189,1,191,1,193,1,195,1,197,1,        11P     13
199,1,201,1,203,1,205,1,207,1,209,1,211,1,213,1,215,1,217,1,219,      11P     14
1,221,1,223,1,225,1,227,1,229,1,231,1,233,1,235,1,237,1,239,1,        11P     15
241,1,243,1,245,1,247,1,249,1,251,1,253,1,255,1,257,1,259,1,261,      11P     16
1,263,1,265,1,267,1,269,1,271,1,273,1,275,1,277,1,279,1,281,1,        11P     17
283,1,285,1,287,1,289,1,291,1,293,1,295,1,297,1,299,1,301,1,303,      11P     18
1,305,1,307,1,309,1,311,1;                                            11P     19
514,3,313,1,315,1,317,1;                                              13P     20
514,3,319,1,321,1,323,1;                                              15P     21
514,3,325,1,327,1,329,1;                                              17P     22
514,3,331,1,333,1,335,1;                                              19P     23
510,1539,1,1,337;                                                     21P     24
510,1541,1,1,339;                                                     23P     25
510,1543,2,1,341,343;                                                 25P     26
510,1545,1,1,345;                                                     27P     27
510,1547,1,1,347;                                                     29P     28
510,1549,2,1,349,351;                                                 31P     29
510,1551,1,1,353;                                                     33P     30
510,1553,1,1,355;                                                     35P     31
510,1555,1,1,357;                                                     37P     32
510,1557,1,1,359;                                                     39P     33
510,1559,2,1,361,363;                                                 41P     34
510,1561,1,1,365;                                                     43P     35
510,1563,1,1,367;                                                     45P     36
510,1565,1,1,369;                                                     47P     37
510,1567,1,1,371;                                                     49P     38
510,1569,1,1,373;                                                     51P     39
510,1571,1,1,375;                                                     53P     40
510,1573,1,1,377;                                                     55P     41
510,1575,1,1,379;                                                     57P     42
510,1577,1,1,381;                                                     59P     43
510,1579,1,1,383;                                                     61P     44
510,1581,1,1,385;                                                     63P     45
510,1583,1,1,387;                                                     65P     46
510,1585,2,1,389,391;                                                 67P     47
510,1587,1,1,393;                                                     69P     48
510,1589,1,1,395;                                                     71P     49
510,1591,1,1,397;                                                     73P     50
510,1593,1,1,399;                                                     75P     51
510,1595,5,1,401,403,405,407,409;                                     77P     52
510,1597,1,1,411;                                                     79P     53
510,1599,1,1,413;                                                     81P     54
510,1601,1,1,415;                                                     83P     55
510,1603,1,1,417;                                                     85P     56
510,1605,1,1,419;                                                     87P     57
510,1607,1,1,421;                                                     89P     58
510,1609,1,1,423;                                                     91P     59
510,1611,1,1,425;                                                     93P     60
510,1613,1,1,427;                                                     95P     61
510,1615,1,1,429;                                                     97P     62
510,1617,1,1,431;                                                     99P     63
510,1619,1,1,433;                                                    101P     64
510,1621,1,1,435;                                                    103P     65
510,1623,1,1,437;                                                    105P     66
510,1625,1,1,439;                                                    107P     67
510,1627,1,1,441;                                                    109P     68
510,1629,1,1,443;                                                    111P     69
510,1631,1,1,445;                                                    113P     70
510,1633,1,1,447;                                                    115P     71
510,1635,1,1,449;                                                    117P     72
510,1637,1,1,451;                                                    119P     73
510,1639,1,1,453;                                                    121P     74
510,1641,1,1,455;                                                    123P     75
510,1643,1,1,457;                                                    125P     76
510,1645,1,1,459;                                                    127P     77
510,1647,1,1,461;                                                    129P     78
510,1649,1,1,463;                                                    131P     79
510,1651,1,1,465;                                                    133P     80
510,1653,1,1,467;                                                    135P     81
510,1655,1,1,469;                                                    137P     82
510,1657,1,1,471;                                                    139P     83
510,1659,1,1,473;                                                    141P     84
510,1661,1,1,475;                                                    143P     85
510,1663,1,1,477;                                                    145P     86
510,1665,1,1,479;                                                    147P     87
510,1667,1,1,481;                                                    149P     88
510,1669,1,1,483;                                                    151P     89
510,1671,1,1,485;                                                    153P     90
510,1673,1,1,487;                                                    155P     91
510,1675,1,1,489;                                                    157P     92
510,1677,1,1,491;                                                    159P     93
510,1679,1,1,493;                                                    161P     94
510,1681,1,1,495;                                                    163P     95
510,1683,1,1,497;                                                    165P     96
510,1685,1,1,499;                                                    167P     97
510,1687,1,1,501;                                                    169P     98
510,1689,1,1,503;                                                    171P     99
510,1691,1,1,505;                                                    173P    100
510,1693,1,1,507;                                                    175P    101
510,1695,1,1,509;                                                    177P    102
510,1697,1,1,511;                                                    179P    103
510,1699,1,1,513;                                                    181P    104
510,1701,1,1,515;                                                    183P    105
510,1703,1,1,517;                                                    185P    106
510,1705,1,1,519;                                                    187P    107
510,1707,1,1,521;                                                    189P    108
510,1709,1,1,523;                                                    191P    109
510,1711,1,1,525;                                                    193P    110
510,1713,1,1,527;                                                    195P    111
510,1715,1,1,529;                                                    197P    112
510,1717,1,1,531;                                                    199P    113
510,1719,1,1,533;                                                    201P    114
510,1721,1,1,535;                                                    203P    115
510,1723,1,1,537;                                                    205P    116
510,1725,1,1,539;                                                    207P    117
510,1727,1,1,541;                                                    209P    118
510,1729,1,1,543;                                                    211P    119
510,1731,1,1,545;                                                    213P    120
510,1733,1,1,547;                                                    215P    121
510,1735,1,1,549;                                                    217P    122
510,1737,1,1,551;                                                    219P    123
510,1739,1,1,553;                                                    221P    124
510,1741,1,1,555;                                                    223P    125
510,1743,1,1,557;                                                    225P    126
510,1745,1,1,559;                                                    227P    127
510,1747,1,1,561;                                                    229P    128
510,1749,1,1,563;                                                    231P    129
510,1751,1,1,565;                                                    233P    130
510,1753,1,1,567;                                                    235P    131
510,1755,1,1,569;                                                    237P    132
510,1757,1,1,571;                                                    239P    133
510,1759,1,1,573;                                                    241P    134
510,1761,1,1,575;                                                    243P    135
510,1763,1,1,577;                                                    245P    136
510,1765,1,1,579;                                                    247P    137
510,1767,1,1,581;                                                    249P    138
510,1769,1,1,583;                                                    251P    139
510,1771,1,1,585;                                                    253P    140
510,1773,1,1,587;                                                    255P    141
510,1775,1,1,589;                                                    257P    142
510,1777,1,1,591;                                                    259P    143
510,1779,1,1,593;                                                    261P    144
510,1781,1,1,595;                                                    263P    145
510,1783,1,1,597;                                                    265P    146
510,1785,1,1,599;                                                    267P    147
510,1787,1,1,601;                                                    269P    148
510,1789,1,1,603;                                                    271P    149
510,1791,1,1,605;                                                    273P    150
510,1793,1,1,607;                                                    275P    151
510,1795,1,1,609;                                                    277P    152
510,1797,1,1,611;                                                    279P    153
510,1799,1,1,613;                                                    281P    154
510,1801,1,1,615;                                                    283P    155
510,1803,1,1,617;                                                    285P    156
510,1805,1,1,619;                                                    287P    157
510,1807,1,1,621;                                                    289P    158
510,1809,1,1,623;                                                    291P    159
510,1811,1,1,625;                                                    293P    160
510,1813,1,1,627;                                                    295P    161
510,1815,1,1,629;                                                    297P    162
510,1817,1,1,631;                                                    299P    163
510,1819,1,1,633;                                                    301P    164
510,1821,1,1,635;                                                    303P    165
510,1823,1,1,637;                                                    305P    166
510,1825,1,1,639;                                                    307P    167
510,1827,1,1,641;                                                    309P    168
510,1829,1,1,643;                                                    311P    169
510,1831,1,1,645;                                                    313P    170
510,1833,1,1,647;                                                    315P    171
510,1835,1,1,649;                                                    317P    172
510,1837,1,1,651;                                                    319P    173
510,1839,1,1,653;                                                    321P    174
510,1841,1,1,655;                                                    323P    175
510,1843,1,1,657;                                                    325P    176
510,1845,1,1,659;                                                    327P    177
510,1847,1,1,661;                                                    329P    178
510,1849,1,1,663;                                                    331P    179
510,1851,1,1,665;                                                    333P    180
510,1853,1,1,667;                                                    335P    181
508,4,0,1865,1,1,0,0,1865,2,1,0,0,1865,3,1,0,0,1865,4,1,0;           337P    182
508,4,0,1865,2,0,0,0,1865,5,0,0,0,1865,6,0,0,0,1865,7,1,0;           339P    183
508,16,0,1865,1,0,0,0,1865,8,1,0,0,1865,9,0,0,0,1865,10,0,0,0,       341P    184
1865,11,1,0,0,1865,12,0,0,0,1865,13,1,0,0,1865,14,0,0,0,1865,15,     341P    185
1,0,0,1865,16,0,0,0,1865,17,1,0,0,1865,18,0,0,0,1865,19,1,0,0,       341P    186
1865,20,1,0,0,1865,21,0,0,0,1865,5,1,0;                              341P    187
508,5,0,1865,22,1,0,0,1865,23,1,0,0,1865,24,1,0,0,1865,25,1,0,0,     343P    188
1865,26,1,0;                                                         343P    189
508,4,0,1865,27,1,0,0,1865,28,1,0,0,1865,29,1,0,0,1865,30,1,0;       345P    190
508,4,0,1865,28,0,0,0,1865,31,0,0,0,1865,32,0,0,0,1865,33,1,0;       347P    191
508,12,0,1865,27,0,0,0,1865,34,1,0,0,1865,35,0,0,0,1865,36,0,0,      349P    192
0,1865,37,1,0,0,1865,38,1,0,0,1865,39,1,0,0,1865,40,0,0,0,1865,      349P    193
41,1,0,0,1865,42,1,0,0,1865,43,0,0,0,1865,31,1,0;                    349P    194
508,5,0,1865,44,1,0,0,1865,45,1,0,0,1865,46,1,0,0,1865,47,1,0,0,     351P    195
1865,48,1,0;                                                         351P    196
508,4,0,1865,49,1,0,0,1865,50,1,0,0,1865,51,1,0,0,1865,52,1,0;       353P    197
508,4,0,1865,52,0,0,0,1865,53,0,0,0,1865,54,0,0,0,1865,55,0,0;       355P    198
508,4,0,1865,56,1,0,0,1865,57,1,0,0,1865,58,1,0,0,1865,59,1,0;       357P    199
508,4,0,1865,57,0,0,0,1865,60,0,0,0,1865,61,0,0,0,1865,62,1,0;       359P    200
508,13,0,1865,56,0,0,0,1865,63,1,0,0,1865,64,0,0,0,1865,65,0,0,      361P    201
0,1865,66,1,0,0,1865,67,0,0,0,1865,68,1,0,0,1865,69,0,0,0,1865,      361P    202
70,1,0,0,1865,71,1,0,0,1865,72,1,0,0,1865,73,0,0,0,1865,60,1,0;      361P    203
508,5,0,1865,74,1,0,0,1865,75,1,0,0,1865,76,1,0,0,1865,77,1,0,0,     363P    204
1865,78,1,0;                                                         363P    205
508,24,0,1865,79,0,0,0,1865,80,0,0,0,1865,81,0,0,0,1865,82,0,0,      365P    206
0,1865,29,0,0,0,1865,33,0,0,0,1865,83,0,0,0,1865,84,0,0,0,1865,      365P    207
85,0,0,0,1865,86,0,0,0,1865,3,0,0,0,1865,7,0,0,0,1865,87,0,0,0,      365P    208
1865,88,1,0,0,1865,89,0,0,0,1865,53,1,0,0,1865,51,0,0,0,1865,90,     365P    209
0,0,0,1865,91,0,0,0,1865,92,0,0,0,1865,93,0,0,0,1865,94,0,0,0,       365P    210
1865,58,0,0,0,1865,62,0,0;                                           365P    211
508,4,0,1865,35,1,0,0,1865,95,1,0,0,1865,81,1,0,0,1865,96,1,0;       367P    212
508,8,0,1865,96,0,0,0,1865,80,1,0,0,1865,97,0,0,0,1865,72,0,0,0,     369P    213
1865,98,1,0,0,1865,99,1,0,0,1865,100,1,0,0,1865,36,1,0;              369P    214
508,4,0,1865,73,1,0,0,1865,97,1,0,0,1865,79,1,0,0,1865,61,1,0;       371P    215
508,4,0,1865,43,1,0,0,1865,101,1,0,0,1865,83,1,0,0,1865,32,1,0;      373P    216
508,4,0,1865,9,1,0,0,1865,102,1,0,0,1865,85,1,0,0,1865,103,1,0;      375P    217
508,8,0,1865,101,0,0,0,1865,42,0,0,0,1865,104,1,0,0,1865,105,1,      377P    218
0,0,1865,106,1,0,0,1865,10,1,0,0,1865,103,0,0,0,1865,84,1,0;         377P    219
508,4,0,1865,107,1,0,0,1865,108,1,0,0,1865,91,1,0,0,1865,109,1,      379P    220
0;                                                                   379P    221
508,4,0,1865,50,0,0,0,1865,110,0,0,0,1865,109,0,0,0,1865,90,1,0;     381P    222
508,4,0,1865,64,1,0,0,1865,111,1,0,0,1865,93,1,0,0,1865,112,1,0;     383P    223
508,8,0,1865,108,0,0,0,1865,113,0,0,0,1865,114,1,0,0,1865,115,1,     385P    224
0,0,1865,116,1,0,0,1865,65,1,0,0,1865,112,0,0,0,1865,92,1,0;         385P    225
508,4,0,1865,117,1,0,0,1865,54,1,0,0,1865,89,1,0,0,1865,118,1,0;     387P    226
508,12,0,1865,49,0,0,0,1865,55,1,0,0,1865,117,0,0,0,1865,119,0,      389P    227
0,0,1865,120,1,0,0,1865,121,0,0,0,1865,122,1,0,0,1865,123,0,0,0,     389P    228
1865,124,1,0,0,1865,113,1,0,0,1865,107,0,0,0,1865,110,1,0;           389P    229
508,5,0,1865,125,1,0,0,1865,126,1,0,0,1865,127,1,0,0,1865,128,1,     391P    230
0,0,1865,129,1,0;                                                    391P    231
508,8,0,1865,118,0,0,0,1865,88,0,0,0,1865,130,0,0,0,1865,20,0,0,     393P    232
0,1865,131,1,0,0,1865,132,1,0,0,1865,133,1,0,0,1865,119,1,0;         393P    233
508,4,0,1865,21,1,0,0,1865,130,1,0,0,1865,87,1,0,0,1865,6,1,0;       395P    234
508,4,0,1865,134,1,0,0,1865,135,1,0,0,1865,136,1,0,0,1865,135,0,     397P    235
0;                                                                   397P    236
508,5,0,1865,137,0,0,0,1865,138,0,0,0,1865,139,1,0,0,1865,136,0,     399P    237
0,0,1865,139,0,0;                                                    399P    238
508,31,0,1865,140,0,0,0,1865,141,0,0,0,1865,142,0,0,0,1865,143,      401P    239
0,0,0,1865,144,0,0,0,1865,145,1,0,0,1865,146,0,0,0,1865,147,1,0,     401P    240
0,1865,148,0,0,0,1865,149,0,0,0,1865,150,0,0,0,1865,151,1,0,0,       401P    241
1865,152,0,0,0,1865,153,1,0,0,1865,154,0,0,0,1865,155,0,0,0,         401P    242
1865,156,0,0,0,1865,157,1,0,0,1865,158,0,0,0,1865,159,0,0,0,         401P    243
1865,160,1,0,0,1865,161,0,0,0,1865,162,1,0,0,1865,163,0,0,0,         401P    244
1865,164,0,0,0,1865,165,0,0,0,1865,166,0,0,0,1865,167,1,0,0,         401P    245
1865,168,0,0,0,1865,169,1,0,0,1865,170,0,0;                          401P    246
508,2,0,1865,171,0,0,0,1865,172,0,0;                                 403P    247
508,2,0,1865,173,0,0,0,1865,174,0,0;                                 405P    248
508,2,0,1865,175,0,0,0,1865,176,0,0;                                 407P    249
508,1,0,1865,134,0,0;                                                409P    250
508,6,0,1865,137,1,0,0,1865,177,1,0,0,1865,178,1,0,0,1865,179,1,     411P    251
0,0,1865,177,0,0,0,1865,138,1,0;                                     411P    252
508,6,0,1865,180,0,0,0,1865,181,1,0,0,1865,178,0,0,0,1865,179,0,     413P    253
0,0,1865,181,0,0,0,1865,182,0,0;                                     413P    254
508,6,0,1865,171,1,0,0,1865,183,1,0,0,1865,184,1,0,0,1865,185,1,     415P    255
0,0,1865,183,0,0,0,1865,172,1,0;                                     415P    256
508,6,0,1865,186,0,0,0,1865,187,0,0,0,1865,188,1,0,0,1865,184,0,     417P    257
0,0,1865,185,0,0,0,1865,188,0,0;                                     417P    258
508,5,0,1865,186,1,0,0,1865,187,1,0,0,1865,189,1,0,0,1865,190,1,     419P    259
0,0,1865,189,0,0;                                                    419P    260
508,5,0,1865,191,0,0,0,1865,192,1,0,0,1865,190,0,0,0,1865,192,0,     421P    261
0,0,1865,193,0,0;                                                    421P    262
508,6,0,1865,175,1,0,0,1865,194,1,0,0,1865,195,1,0,0,1865,196,1,     423P    263
0,0,1865,194,0,0,0,1865,176,1,0;                                     423P    264
508,7,0,1865,197,0,0,0,1865,198,0,0,0,1865,199,0,0,0,1865,200,1,     425P    265
0,0,1865,195,0,0,0,1865,196,0,0,0,1865,200,0,0;                      425P    266
508,7,0,1865,197,1,0,0,1865,199,1,0,0,1865,201,1,0,0,1865,202,1,     427P    267
0,0,1865,203,1,0,0,1865,201,0,0,0,1865,198,1,0;                      427P    268
508,6,0,1865,204,0,0,0,1865,205,1,0,0,1865,202,0,0,0,1865,203,0,     429P    269
0,0,1865,205,0,0,0,1865,206,0,0;                                     429P    270
508,6,0,1865,207,1,0,0,1865,208,1,0,0,1865,174,1,0,0,1865,173,1,     431P    271
0,0,1865,208,0,0,0,1865,209,1,0;                                     431P    272
508,7,0,1865,210,0,0,0,1865,211,0,0,0,1865,212,0,0,0,1865,213,1,     433P    273
0,0,1865,209,0,0,0,1865,207,0,0,0,1865,213,0,0;                      433P    274
508,7,0,1865,210,1,0,0,1865,212,1,0,0,1865,214,1,0,0,1865,215,1,     435P    275
0,0,1865,216,1,0,0,1865,214,0,0,0,1865,211,1,0;                      435P    276
508,6,0,1865,217,0,0,0,1865,218,1,0,0,1865,215,0,0,0,1865,216,0,     437P    277
0,0,1865,218,0,0,0,1865,219,0,0;                                     437P    278
508,7,0,1865,220,1,0,0,1865,221,1,0,0,1865,222,1,0,0,1865,223,1,     439P    279
0,0,1865,224,1,0,0,1865,225,1,0,0,1865,226,1,0;                      439P    280
508,5,0,1865,226,0,0,0,1865,227,0,0,0,1865,228,0,0,0,1865,145,0,     441P    281
0,0,1865,229,0,0;                                                    441P    282
508,9,0,1865,221,0,0,0,1865,230,1,0,0,1865,231,0,0,0,1865,232,1,     443P    283
0,0,1865,233,0,0,0,1865,234,1,0,0,1865,235,1,0,0,1865,99,0,0,0,      443P    284
1865,236,1,0;                                                        443P    285
508,32,0,1865,225,0,0,0,1865,237,0,0,0,1865,238,1,0,0,1865,239,      445P    286
0,0,0,1865,240,1,0,0,1865,115,0,0,0,1865,241,1,0,0,1865,242,0,0,     445P    287
0,1865,243,1,0,0,1865,244,0,0,0,1865,245,1,0,0,1865,132,0,0,0,       445P    288
1865,246,1,0,0,1865,247,0,0,0,1865,248,1,0,0,1865,249,0,0,0,         445P    289
1865,250,1,0,0,1865,251,0,0,0,1865,252,1,0,0,1865,253,1,0,0,         445P    290
1865,254,1,0,0,1865,255,0,0,0,1865,256,1,0,0,1865,257,1,0,0,         445P    291
1865,258,1,0,0,1865,259,1,0,0,1865,260,1,0,0,1865,261,0,0,0,         445P    292
1865,262,1,0,0,1865,263,1,0,0,1865,264,1,0,0,1865,227,1,0;           445P    293
508,5,0,1865,224,0,0,0,1865,265,0,0,0,1865,69,1,0,0,1865,266,1,      447P    294
0,0,1865,237,1,0;                                                    447P    295
508,4,0,1865,223,0,0,0,1865,267,0,0,0,1865,70,0,0,0,1865,265,1,      449P    296
0;                                                                   449P    297
508,4,0,1865,233,1,0,0,1865,268,1,0,0,1865,141,1,0,0,1865,269,1,     451P    298
0;                                                                   451P    299
508,8,0,1865,269,0,0,0,1865,140,1,0,0,1865,270,0,0,0,1865,271,0,     453P    300
0,0,1865,272,0,0,0,1865,38,0,0,0,1865,273,0,0,0,1865,234,0,0;        453P    301
508,4,0,1865,274,1,0,0,1865,270,1,0,0,1865,170,1,0,0,1865,275,1,     455P    302
0;                                                                   455P    303
508,16,0,1865,274,0,0,0,1865,276,1,0,0,1865,277,1,0,0,1865,278,      457P    304
1,0,0,1865,279,1,0,0,1865,280,0,0,0,1865,281,1,0,0,1865,282,0,0,     457P    305
0,1865,283,1,0,0,1865,284,0,0,0,1865,285,1,0,0,1865,105,0,0,0,       457P    306
1865,286,1,0,0,1865,287,0,0,0,1865,288,1,0,0,1865,271,1,0;           457P    307
508,4,0,1865,251,1,0,0,1865,289,1,0,0,1865,159,1,0,0,1865,290,1,     459P    308
0;                                                                   459P    309
508,6,0,1865,160,0,0,0,1865,289,0,0,0,1865,250,0,0,0,1865,291,0,     461P    310
0,0,1865,15,0,0,0,1865,292,0,0;                                      461P    311
508,4,0,1865,282,1,0,0,1865,293,1,0,0,1865,163,1,0,0,1865,294,1,     463P    312
0;                                                                   463P    313
508,4,0,1865,293,0,0,0,1865,281,0,0,0,1865,295,0,0,0,1865,164,1,     465P    314
0;                                                                   465P    315
508,4,0,1865,255,1,0,0,1865,296,1,0,0,1865,155,1,0,0,1865,297,1,     467P    316
0;                                                                   467P    317
508,4,0,1865,296,0,0,0,1865,254,0,0,0,1865,298,1,0,0,1865,156,1,     469P    318
0;                                                                   469P    319
508,4,0,1865,261,1,0,0,1865,299,1,0,0,1865,149,1,0,0,1865,300,1,     471P    320
0;                                                                   471P    321
508,4,0,1865,299,0,0,0,1865,260,0,0,0,1865,301,1,0,0,1865,150,1,     473P    322
0;                                                                   473P    323
508,4,0,1865,231,1,0,0,1865,302,1,0,0,1865,143,1,0,0,1865,303,1,     475P    324
0;                                                                   475P    325
508,5,0,1865,220,0,0,0,1865,229,1,0,0,1865,144,1,0,0,1865,302,0,     477P    326
0,0,1865,230,0,0;                                                    477P    327
508,4,0,1865,280,1,0,0,1865,304,1,0,0,1865,165,1,0,0,1865,295,1,     479P    328
0;                                                                   479P    329
508,4,0,1865,304,0,0,0,1865,279,0,0,0,1865,305,1,0,0,1865,166,1,     481P    330
0;                                                                   481P    331
508,4,0,1865,4,0,0,0,1865,86,1,0,0,1865,102,0,0,0,1865,8,0,0;        483P    332
508,4,0,1865,59,0,0,0,1865,94,1,0,0,1865,111,0,0,0,1865,63,0,0;      485P    333
508,4,0,1865,284,1,0,0,1865,306,1,0,0,1865,12,1,0,0,1865,307,1,      487P    334
0;                                                                   487P    335
508,4,0,1865,307,0,0,0,1865,11,0,0,0,1865,106,0,0,0,1865,285,0,      489P    336
0;                                                                   489P    337
508,6,0,1865,162,0,0,0,1865,308,0,0,0,1865,13,0,0,0,1865,306,0,      491P    338
0,0,1865,283,0,0,0,1865,294,0,0;                                     491P    339
508,4,0,1865,14,1,0,0,1865,308,1,0,0,1865,161,1,0,0,1865,292,1,      493P    340
0;                                                                   493P    341
508,4,0,1865,249,1,0,0,1865,309,1,0,0,1865,16,1,0,0,1865,291,1,      495P    342
0;                                                                   495P    343
508,4,0,1865,309,0,0,0,1865,248,0,0,0,1865,310,0,0,0,1865,17,0,      497P    344
0;                                                                   497P    345
508,4,0,1865,268,0,0,0,1865,232,0,0,0,1865,303,0,0,0,1865,142,1,     499P    346
0;                                                                   499P    347
508,4,0,1865,275,0,0,0,1865,169,0,0,0,1865,311,0,0,0,1865,276,0,     501P    348
0;                                                                   501P    349
508,4,0,1865,277,0,0,0,1865,311,1,0,0,1865,168,1,0,0,1865,312,1,     503P    350
0;                                                                   503P    351
508,4,0,1865,278,0,0,0,1865,312,0,0,0,1865,167,0,0,0,1865,305,0,     505P    352
0;                                                                   505P    353
508,4,0,1865,259,0,0,0,1865,313,0,0,0,1865,151,0,0,0,1865,301,0,     507P    354
0;                                                                   507P    355
508,4,0,1865,258,0,0,0,1865,314,1,0,0,1865,152,1,0,0,1865,313,1,     509P    356
0;                                                                   509P    357
508,4,0,1865,257,0,0,0,1865,315,0,0,0,1865,153,0,0,0,1865,314,0,     511P    358
0;                                                                   511P    359
508,4,0,1865,297,0,0,0,1865,154,1,0,0,1865,315,1,0,0,1865,256,0,     513P    360
0;                                                                   513P    361
508,4,0,1865,253,0,0,0,1865,316,0,0,0,1865,157,0,0,0,1865,298,0,     515P    362
0;                                                                   515P    363
508,4,0,1865,264,0,0,0,1865,317,1,0,0,1865,146,1,0,0,1865,228,1,     517P    364
0;                                                                   517P    365
508,4,0,1865,263,0,0,0,1865,318,0,0,0,1865,147,0,0,0,1865,317,0,     519P    366
0;                                                                   519P    367
508,4,0,1865,300,0,0,0,1865,148,1,0,0,1865,318,1,0,0,1865,262,0,     521P    368
0;                                                                   521P    369
508,4,0,1865,290,0,0,0,1865,158,1,0,0,1865,316,1,0,0,1865,252,0,     523P    370
0;                                                                   523P    371
508,5,0,1865,222,0,0,0,1865,236,0,0,0,1865,98,0,0,0,1865,71,0,0,     525P    372
0,1865,267,1,0;                                                      525P    373
508,4,0,1865,273,1,0,0,1865,37,0,0,0,1865,100,0,0,0,1865,235,0,      527P    374
0;                                                                   527P    375
508,4,0,1865,272,1,0,0,1865,288,0,0,0,1865,319,0,0,0,1865,39,0,      529P    376
0;                                                                   529P    377
508,4,0,1865,40,1,0,0,1865,319,1,0,0,1865,287,1,0,0,1865,320,1,      531P    378
0;                                                                   531P    379
508,4,0,1865,239,1,0,0,1865,321,1,0,0,1865,67,1,0,0,1865,322,1,      533P    380
0;                                                                   533P    381
508,4,0,1865,322,0,0,0,1865,66,0,0,0,1865,116,0,0,0,1865,240,0,      535P    382
0;                                                                   535P    383
508,4,0,1865,123,1,0,0,1865,323,1,0,0,1865,242,1,0,0,1865,324,1,     537P    384
0;                                                                   537P    385
508,4,0,1865,114,0,0,0,1865,124,0,0,0,1865,324,0,0,0,1865,241,0,     539P    386
0;                                                                   539P    387
508,4,0,1865,244,1,0,0,1865,325,1,0,0,1865,121,1,0,0,1865,326,1,     541P    388
0;                                                                   541P    389
508,4,0,1865,133,0,0,0,1865,245,0,0,0,1865,326,0,0,0,1865,120,0,     543P    390
0;                                                                   543P    391
508,4,0,1865,18,1,0,0,1865,310,1,0,0,1865,247,1,0,0,1865,327,1,      545P    392
0;                                                                   545P    393
508,4,0,1865,131,0,0,0,1865,19,0,0,0,1865,327,0,0,0,1865,246,0,      547P    394
0;                                                                   547P    395
508,4,0,1865,30,0,0,0,1865,82,1,0,0,1865,95,0,0,0,1865,34,0,0;       549P    396
508,4,0,1865,104,0,0,0,1865,41,0,0,0,1865,320,0,0,0,1865,286,0,      551P    397
0;                                                                   551P    398
508,7,0,1865,328,1,0,0,1865,329,1,0,0,1865,330,1,0,0,1865,331,1,     553P    399
0,0,1865,332,1,0,0,1865,330,0,0,0,1865,333,1,0;                      553P    400
508,7,0,1865,334,0,0,0,1865,335,1,0,0,1865,328,0,0,0,1865,333,0,     555P    401
0,0,1865,329,0,0,0,1865,335,0,0,0,1865,336,0,0;                      555P    402
508,9,0,1865,332,0,0,0,1865,337,1,0,0,1865,22,0,0,0,1865,338,1,      557P    403
0,0,1865,339,1,0,0,1865,340,1,0,0,1865,23,0,0,0,1865,337,0,0,0,      557P    404
1865,331,0,0;                                                        557P    405
508,6,0,1865,341,1,0,0,1865,342,1,0,0,1865,336,1,0,0,1865,334,1,     559P    406
0,0,1865,342,0,0,0,1865,343,1,0;                                     559P    407
508,2,0,1865,341,0,0,0,1865,343,0,0;                                 561P    408
508,4,0,1865,344,1,0,0,1865,345,1,0,0,1865,346,1,0,0,1865,25,0,      563P    409
0;                                                                   563P    410
508,4,0,1865,340,0,0,0,1865,347,0,0,0,1865,344,0,0,0,1865,24,0,      565P    411
0;                                                                   565P    412
508,4,0,1865,338,0,0,0,1865,26,0,0,0,1865,346,0,0,0,1865,348,1,      567P    413
0;                                                                   567P    414
508,4,0,1865,339,0,0,0,1865,348,0,0,0,1865,345,0,0,0,1865,347,1,     569P    415
0;                                                                   569P    416
508,6,0,1865,349,1,0,0,1865,350,1,0,0,1865,206,1,0,0,1865,204,1,     571P    417
0,0,1865,350,0,0,0,1865,351,1,0;                                     571P    418
508,2,0,1865,349,0,0,0,1865,351,0,0;                                 573P    419
508,7,0,1865,352,1,0,0,1865,353,1,0,0,1865,354,1,0,0,1865,355,1,     575P    420
0,0,1865,356,1,0,0,1865,354,0,0,0,1865,357,1,0;                      575P    421
508,7,0,1865,358,0,0,0,1865,359,1,0,0,1865,352,0,0,0,1865,357,0,     577P    422
0,0,1865,353,0,0,0,1865,359,0,0,0,1865,360,0,0;                      577P    423
508,9,0,1865,356,0,0,0,1865,361,1,0,0,1865,44,0,0,0,1865,362,1,      579P    424
0,0,1865,363,1,0,0,1865,364,1,0,0,1865,45,0,0,0,1865,361,0,0,0,      579P    425
1865,355,0,0;                                                        579P    426
508,6,0,1865,365,1,0,0,1865,366,1,0,0,1865,360,1,0,0,1865,358,1,     581P    427
0,0,1865,366,0,0,0,1865,367,1,0;                                     581P    428
508,2,0,1865,365,0,0,0,1865,367,0,0;                                 583P    429
508,4,0,1865,368,1,0,0,1865,369,1,0,0,1865,370,1,0,0,1865,47,0,      585P    430
0;                                                                   585P    431
508,4,0,1865,364,0,0,0,1865,371,0,0,0,1865,368,0,0,0,1865,46,0,      587P    432
0;                                                                   587P    433
508,4,0,1865,362,0,0,0,1865,48,0,0,0,1865,370,0,0,0,1865,372,1,      589P    434
0;                                                                   589P    435
508,4,0,1865,363,0,0,0,1865,372,0,0,0,1865,369,0,0,0,1865,371,1,     591P    436
0;                                                                   591P    437
508,6,0,1865,373,1,0,0,1865,374,1,0,0,1865,219,1,0,0,1865,217,1,     593P    438
0,0,1865,374,0,0,0,1865,375,1,0;                                     593P    439
508,2,0,1865,373,0,0,0,1865,375,0,0;                                 595P    440
508,4,0,1865,266,0,0,0,1865,68,0,0,0,1865,321,0,0,0,1865,238,0,      597P    441
0;                                                                   597P    442
508,7,0,1865,376,1,0,0,1865,377,1,0,0,1865,378,1,0,0,1865,379,1,     599P    443
0,0,1865,380,1,0,0,1865,378,0,0,0,1865,381,1,0;                      599P    444
508,7,0,1865,382,0,0,0,1865,383,1,0,0,1865,376,0,0,0,1865,381,0,     601P    445
0,0,1865,377,0,0,0,1865,383,0,0,0,1865,384,0,0;                      601P    446
508,9,0,1865,380,0,0,0,1865,385,1,0,0,1865,74,0,0,0,1865,386,1,      603P    447
0,0,1865,387,1,0,0,1865,388,1,0,0,1865,75,0,0,0,1865,385,0,0,0,      603P    448
1865,379,0,0;                                                        603P    449
508,6,0,1865,389,1,0,0,1865,390,1,0,0,1865,384,1,0,0,1865,382,1,     605P    450
0,0,1865,390,0,0,0,1865,391,1,0;                                     605P    451
508,2,0,1865,389,0,0,0,1865,391,0,0;                                 607P    452
508,4,0,1865,392,1,0,0,1865,393,1,0,0,1865,394,1,0,0,1865,77,0,      609P    453
0;                                                                   609P    454
508,4,0,1865,388,0,0,0,1865,395,0,0,0,1865,392,0,0,0,1865,76,0,      611P    455
0;                                                                   611P    456
508,4,0,1865,386,0,0,0,1865,78,0,0,0,1865,394,0,0,0,1865,396,1,      613P    457
0;                                                                   613P    458
508,4,0,1865,387,0,0,0,1865,396,0,0,0,1865,393,0,0,0,1865,395,1,     615P    459
0;                                                                   615P    460
508,6,0,1865,397,1,0,0,1865,398,1,0,0,1865,182,1,0,0,1865,180,1,     617P    461
0,0,1865,398,0,0,0,1865,399,1,0;                                     617P    462
508,2,0,1865,397,0,0,0,1865,399,0,0;                                 619P    463
508,4,0,1865,323,0,0,0,1865,122,0,0,0,1865,325,0,0,0,1865,243,0,     621P    464
0;                                                                   621P    465
508,7,0,1865,400,1,0,0,1865,401,1,0,0,1865,402,1,0,0,1865,403,1,     623P    466
0,0,1865,404,1,0,0,1865,402,0,0,0,1865,405,1,0;                      623P    467
508,7,0,1865,406,0,0,0,1865,407,1,0,0,1865,400,0,0,0,1865,405,0,     625P    468
0,0,1865,401,0,0,0,1865,407,0,0,0,1865,408,0,0;                      625P    469
508,9,0,1865,404,0,0,0,1865,409,1,0,0,1865,125,0,0,0,1865,410,1,     627P    470
0,0,1865,411,1,0,0,1865,412,1,0,0,1865,126,0,0,0,1865,409,0,0,0,     627P    471
1865,403,0,0;                                                        627P    472
508,6,0,1865,413,1,0,0,1865,414,1,0,0,1865,408,1,0,0,1865,406,1,     629P    473
0,0,1865,414,0,0,0,1865,415,1,0;                                     629P    474
508,2,0,1865,413,0,0,0,1865,415,0,0;                                 631P    475
508,4,0,1865,416,1,0,0,1865,417,1,0,0,1865,418,1,0,0,1865,128,0,     633P    476
0;                                                                   633P    477
508,4,0,1865,412,0,0,0,1865,419,0,0,0,1865,416,0,0,0,1865,127,0,     635P    478
0;                                                                   635P    479
508,4,0,1865,410,0,0,0,1865,129,0,0,0,1865,418,0,0,0,1865,420,1,     637P    480
0;                                                                   637P    481
508,4,0,1865,411,0,0,0,1865,420,0,0,0,1865,417,0,0,0,1865,419,1,     639P    482
0;                                                                   639P    483
508,6,0,1865,421,1,0,0,1865,422,1,0,0,1865,193,1,0,0,1865,191,1,     641P    484
0,0,1865,422,0,0,0,1865,423,1,0;                                     641P    485
508,2,0,1865,421,0,0,0,1865,423,0,0;                                 643P    486
508,4,0,1867,1,0,0,0,1867,2,1,0,0,1867,3,1,0,0,1867,2,0,0;           645P    487
508,1,0,1867,1,1,0;                                                  647P    488
508,1,0,1867,3,0,0;                                                  649P    489
508,4,0,1869,1,0,0,0,1869,2,1,0,0,1869,3,1,0,0,1869,2,0,0;           651P    490
508,1,0,1869,1,1,0;                                                  653P    491
508,1,0,1869,3,0,0;                                                  655P    492
508,4,0,1871,1,0,0,0,1871,2,1,0,0,1871,3,1,0,0,1871,2,0,0;           657P    493
508,1,0,1871,1,1,0;                                                  659P    494
508,1,0,1871,3,0,0;                                                  661P    495
508,4,0,1873,1,0,0,0,1873,2,1,0,0,1873,3,1,0,0,1873,2,0,0;           663P    496
508,1,0,1873,1,1,0;                                                  665P    497
508,1,0,1873,3,0,0;                                                  667P    498
126,2,2,0,0,0,0,-0.784028635527045,-0.784028635527045,               669P    499
-0.784028635527045,0.784028635527063,0.784028635527063,              669P    500
0.784028635527063,1.,0.708074520201053,1.,-20.9779250501908,         669P    501
-20.8193185072734,6.89,-21.3309939081499,-21.1723873652324,6.89,     669P    502
-20.9779250501908,-21.5254562231915,6.89,-0.784028635527045,         669P    503
0.784028635527063,0.,0.,0.;                                          669P    504
126,1,1,0,0,1,0,-0.00783608290627178,-0.00783608290627178,           671P    505
0.0122187733700395,0.0122187733700395,1.,1.,-20.9779250501908,       671P    506
-21.5254562231915,6.89,-20.992748208638,-21.5254562231915,7.09,      671P    507
-0.00783608290627178,0.0122187733700395,0.,0.,0.;                    671P    508
126,2,2,0,0,0,0,-0.78402863552707,-0.78402863552707,                 673P    509
-0.78402863552707,0.784028635527038,0.784028635527038,               673P    510
0.784028635527038,1.,0.708074520201053,1.,-20.992748208638,          673P    511
-21.5254562231915,7.09,-21.3458170665971,-21.1723873652324,7.09,     673P    512
-20.992748208638,-20.8193185072734,7.09,-0.78402863552707,           673P    513
0.784028635527038,0.,0.,0.;                                          673P    514
126,1,1,0,0,1,0,-0.0122187733700396,-0.0122187733700396,             675P    515
0.00783608290627182,0.00783608290627182,1.,1.,-20.992748208638,      675P    516
-20.8193185072734,7.09,-20.9779250501908,-20.8193185072734,6.89,     675P    517
-0.0122187733700396,0.00783608290627182,0.,0.,0.;                    675P    518
126,1,1,0,0,1,0,-1.88466028832048,-1.88466028832048,                 677P    519
-0.944173261906341,-0.944173261906341,1.,1.,-14.3276775102367,       677P    520
-28.1757037631456,6.89,-20.9779250501908,-21.5254562231915,6.89,     677P    521
-1.88466028832048,-0.944173261906341,0.,0.,0.;                       677P    522
126,2,2,0,0,0,0,-0.932866989163097,-0.932866989163097,               679P    523
-0.932866989163097,-0.92763778011439,-0.92763778011439,              679P    524
-0.92763778011439,1.,0.999996581923538,1.,-14.3406136038215,         679P    525
-28.1775908280081,7.08999999999998,-14.3341480239989,                679P    526
-28.1766303841539,6.98980510964364,-14.3276775102367,                679P    527
-28.1757037631456,6.88999999999996,-0.932866989163097,               679P    528
-0.92763778011439,0.,0.,0.;                                          679P    529
126,1,1,0,0,1,0,-0.553501307013778,-0.553501307013778,               681P    530
0.387252590672517,0.387252590672517,1.,1.,-14.3406136038215,         681P    531
-28.177590828008,7.09,-20.992748208638,-21.5254562231915,7.09,       681P    532
-0.553501307013778,0.387252590672517,0.,0.,0.;                       681P    533
126,1,1,0,0,1,0,1.65351435737337,1.65351435737337,                   683P    534
2.5940013837875,2.5940013837875,1.,1.,-20.9779250501908,             683P    535
-20.8193185072734,6.89,-14.3276775102367,-14.1690709673193,6.89,     683P    536
1.65351435737337,2.5940013837875,0.,0.,0.;                           683P    537
126,21,3,0,0,1,0,3.46944695195361D-18,3.46944695195361D-18,          685P    538
3.46944695195361D-18,3.46944695195361D-18,0.0077862236098181,        685P    539
0.0077862236098181,0.0077862236098181,0.0158020785779536,            685P    540
0.0158020785779536,0.0158020785779536,0.0196209260489522,            685P    541
0.0196209260489522,0.0196209260489522,0.027617141690807,             685P    542
0.027617141690807,0.027617141690807,0.0330992761546883,              685P    543
0.0330992761546883,0.0330992761546883,0.0409846623961164,            685P    544
0.0409846623961164,0.0409846623961164,0.0465764877995347,            685P    545
0.0465764877995347,0.0465764877995347,0.0465764877995347,1.,1.,      685P    546
1.,1.,1.,1.,1.,1.,1.,1.,1.,1.,1.,1.,1.,1.,1.,1.,1.,1.,1.,1.,         685P    547
-13.9023707960646,-14.0273832759812,6.89000000000001,                685P    548
-13.928065281104,-14.0237216315836,6.89000000000001,                 685P    549
-13.9539153564581,-14.0221995253312,6.89000329250261,                685P    550
-13.9797080785951,-14.0226885090088,6.89000751036148,                685P    551
-14.0062614798643,-14.0231919137963,6.89001185261346,                685P    552
-14.0327553557853,-14.0258269617967,6.89001709562856,                685P    553
-14.0589588335255,-14.0305080096679,6.89002103781541,                685P    554
-14.0714424781395,-14.0327381158632,6.89002291591954,                685P    555
-14.0838601125861,-14.0354333650121,6.89002451188176,                685P    556
-14.0961855677619,-14.0385884710173,6.89002570034669,                685P    557
-14.121993615404,-14.0451948904102,6.89002818885189,                 685P    558
-14.1472315942921,-14.0537715129043,6.89002869193169,                685P    559
-14.1716691268243,-14.0642299611355,6.89002688149449,                685P    560
-14.1884232822031,-14.071400180406,6.89002564027481,                 685P    561
-14.204801130074,-14.0794560377857,6.89002332588508,                 685P    562
-14.2207226415837,-14.088381992357,6.89002032113422,                 685P    563
-14.2436238069287,-14.101220896589,6.89001599916416,                 685P    564
-14.2654613189041,-14.1157905604699,6.89001015471175,                685P    565
-14.2860075031701,-14.1320260421301,6.89000565965449,                685P    566
-14.3005775789538,-14.1435392357778,6.89000247203951,                685P    567
-14.3144979814763,-14.1558911116789,6.88999999083991,                685P    568
-14.3276775102365,-14.169070967318,6.89000000001529,                 685P    569
3.46944695195361D-18,0.0465764877995347,0.,0.,0.;                    685P    570
126,2,2,0,0,0,0,-0.785398163397449,-0.785398163397449,               687P    571
-0.785398163397449,-0.643844249653594,-0.643844249653594,            687P    572
-0.643844249653594,1.,0.997496356591916,1.,-13.6202074844703,        687P    573
-14.0473873503313,6.89,-13.7619982384637,-14.0473873503313,6.89,     687P    574
-13.9023707960646,-14.0273832759812,6.89,-0.785398163397449,         687P    575
-0.643844249653594,0.,0.,0.;                                         687P    576
126,1,1,0,0,1,0,2.23105740155494,2.23105740155494,                   689P    577
2.66530812707324,2.66530812707324,1.,1.,-13.6202074844703,           689P    578
-14.0473873503313,6.89,-9.27770022928734,-14.0473873503313,6.89,     689P    579
2.23105740155494,2.66530812707324,0.,0.,0.;                          689P    580
126,45,3,0,0,1,0,0.,0.,0.,0.,0.00401799402555713,                    691P    581
0.00401799402555713,0.00401799402555713,0.00827366621876951,         691P    582
0.00827366621876951,0.00827366621876951,0.0127522394362116,          691P    583
0.0127522394362116,0.0127522394362116,0.0139979847520701,            691P    584
0.0139979847520701,0.0139979847520701,0.0153918898716799,            691P    585
0.0153918898716799,0.0153918898716799,0.0197857481494839,            691P    586
0.0197857481494839,0.0197857481494839,0.0244351015219281,            691P    587
0.0244351015219281,0.0244351015219281,0.0281700724746836,            691P    588
0.0281700724746836,0.0281700724746836,0.0320524053073437,            691P    589
0.0320524053073437,0.0320524053073437,0.0369281860337727,            691P    590
0.0369281860337727,0.0369281860337727,0.0418039667602017,            691P    591
0.0418039667602017,0.0418039667602017,0.0461181917495986,            691P    592
0.0461181917495986,0.0461181917495986,0.0502052697605593,            691P    593
0.0502052697605593,0.0502052697605593,0.0539505950308775,            691P    594
0.0539505950308775,0.0539505950308775,0.0557302703252721,            691P    595
0.0557302703252721,0.0557302703252721,0.0557302703252721,1.,1.,      691P    596
1.,1.,1.,1.,1.,1.,1.,1.,1.,1.,1.,1.,1.,1.,1.,1.,1.,1.,1.,1.,1.,      691P    597
1.,1.,1.,1.,1.,1.,1.,1.,1.,1.,1.,1.,1.,1.,1.,1.,1.,1.,1.,1.,1.,      691P    598
1.,1.,-8.9239313322405,-14.4009407409246,6.89,-8.9239313322405,      691P    599
-14.387547427506,6.89,-8.9247043793622,-14.3741587979414,            691P    600
6.88999959706475,-8.9262130608403,-14.3608882264185,                 691P    601
6.88999965472351,-8.92781098601737,-14.3468326549421,                691P    602
6.88999971579298,-8.93023348069322,-14.3329083608521,                691P    603
6.89000031694053,-8.93346393226004,-14.3191960046846,                691P    604
6.89000151198965,-8.9368635864652,-14.3047654310193,                 691P    605
6.89000276963234,-8.9411572295248,-14.2905681222231,                 691P    606
6.89000471372248,-8.94636724121731,-14.2766608407034,                691P    607
6.89000594933327,-8.94781644107324,-14.2727924366452,                691P    608
6.89000629302674,-8.9493368207409,-14.2689463342893,                 691P    609
6.89000657215104,-8.95092953165261,-14.2651235145235,                691P    610
6.89000673329592,-8.95271166790922,-14.2608460366354,                691P    611
6.89000691360619,-8.95458066130751,-14.2566066114162,                691P    612
6.89000695219828,-8.95653706012364,-14.2524069207111,                691P    613
6.8900067772022,-8.96270400722214,-14.2391686841128,                 691P    614
6.89000622558074,-8.9697350079671,-14.2263259151887,                 691P    615
6.89000370654307,-8.9775120319148,-14.2139540387389,                 691P    616
6.89000169043152,-8.98574127606258,-14.2008627595354,                691P    617
6.88999955708664,-8.99480639619088,-14.1882971264125,                691P    618
6.88999796693636,-9.00462608482711,-14.176349912801,                 691P    619
6.8899978027799,-9.01251454777743,-14.1667523425088,                 691P    620
6.88999767090789,-9.02089131384866,-14.1575535869218,                691P    621
6.88999841217927,-9.02973507724003,-14.1488142580395,                691P    622
6.88999975630445,-9.03892776800333,-14.1397301222097,                691P    623
6.89000115346158,-9.04857326667605,-14.1311932831965,                691P    624
6.89000326536446,-9.05864876330033,-14.12327353074,                  691P    625
6.89000519504659,-9.07130247290416,-14.1133271974271,                691P    626
6.89000761851395,-9.08463487438147,-14.1043522592537,                691P    627
6.89000973801744,-9.09855497988827,-14.0963062362653,                691P    628
6.89001137631754,-9.11247508539507,-14.0882602132769,                691P    629
6.89001301461764,-9.12698495744282,-14.0811430645614,                691P    630
6.89001409968986,-9.14199495096587,-14.0749705175489,                691P    631
6.8900144074039,-9.15527620637525,-14.0695088780569,                 691P    632
6.89001467967775,-9.16886570898148,-14.0648211069316,                691P    633
6.89001449795839,-9.18269953452057,-14.0609225040016,                691P    634
6.8900133664125,-9.19580499942035,-14.0572291652565,                 691P    635
6.8900122944433,-9.2091309221126,-14.0542443469939,                  691P    636
6.89001032864728,-9.22259912605644,-14.0520194357821,                691P    637
6.89000787951398,-9.23494114753031,-14.0499805668974,                691P    638
6.89000563517199,-9.24740329949933,-14.0485801687798,                691P    639
6.89000296228339,-9.25989283210706,-14.0478865430467,                691P    640
6.89000131480568,-9.26582751361434,-14.0475569512244,                691P    641
6.89000053196969,-9.27176782476918,-14.0473873503313,                691P    642
6.88999999995708,-9.277700229286,-14.0473873503313,                  691P    643
6.8899999999617,0.,0.0557302703252721,0.,0.,0.;                      691P    644
126,1,1,0,0,1,0,-1.01829757183316,-1.01829757183316,                 693P    645
-0.513312781752275,-0.513312781752275,1.,1.,-8.9239313322405,        693P    646
-14.4009407409246,6.89,-8.9239313322405,-19.4507886417334,6.89,      693P    647
-1.01829757183316,-0.513312781752275,0.,0.,0.;                       693P    648
126,45,3,0,0,1,0,0.,0.,0.,0.,0.0023660838398092,                     695P    649
0.0023660838398092,0.0023660838398092,0.00497185668560951,           695P    650
0.00497185668560951,0.00497185668560951,0.00700603728609716,         695P    651
0.00700603728609716,0.00700603728609716,0.00769769082184695,         695P    652
0.00769769082184695,0.00769769082184695,0.0103520012731965,          695P    653
0.0103520012731965,0.0103520012731965,0.0131050523156799,            695P    654
0.0131050523156799,0.0131050523156799,0.013931225313217,             695P    655
0.013931225313217,0.013931225313217,0.0140922482647352,              695P    656
0.0140922482647352,0.0140922482647352,0.016850092139357,             695P    657
0.016850092139357,0.016850092139357,0.0195391352104577,              695P    658
0.0195391352104577,0.0195391352104577,0.0209029303652473,            695P    659
0.0209029303652473,0.0209029303652473,0.0221707428384308,            695P    660
0.0221707428384308,0.0221707428384308,0.0248154251541972,            695P    661
0.0248154251541972,0.0248154251541972,0.0272162031906104,            695P    662
0.0272162031906104,0.0272162031906104,0.0278594341980756,            695P    663
0.0278594341980756,0.0278594341980756,0.0278594341980756,1.,1.,      695P    664
1.,1.,1.,1.,1.,1.,1.,1.,1.,1.,1.,1.,1.,1.,1.,1.,1.,1.,1.,1.,1.,      695P    665
1.,1.,1.,1.,1.,1.,1.,1.,1.,1.,1.,1.,1.,1.,1.,1.,1.,1.,1.,1.,1.,      695P    666
1.,1.,-8.74715463694386,-19.6275653370301,6.89,                      695P    667
-8.75504158307656,-19.6275653370301,6.89,-8.76292875749409,          695P    668
-19.6270149353963,6.88999988688239,-8.7707254374195,                 695P    669
-19.6259554862411,6.88999993802063,-8.7793119365516,                 695P    670
-19.6247887127762,6.88999999433928,-8.78778992878902,                695P    671
-19.623005418667,6.89000017526548,-8.79609318715626,                 695P    672
-19.6206244216764,6.89000020407131,-8.80257507490741,                695P    673
-19.6187657109695,6.8900002265584,-8.80895187443152,                 695P    674
-19.6165420583813,6.89000013201692,-8.81520399195468,                695P    675
-19.6139441359733,6.89000001116857,-8.81732981066998,                695P    676
-19.6130608013182,6.88999997007822,-8.8194368595866,                 695P    677
-19.6121358731712,6.88999993427217,-8.8215242885703,                 695P    678
-19.6111692540306,6.88999992445536,-8.82953506894157,                695P    679
-19.6074597272884,6.88999988678208,-8.83725625842352,                695P    680
-19.603140537349,6.89000010276925,-8.84461587572478,                 695P    681
-19.5982872257594,6.88999974798511,-8.85224927146159,                695P    682
-19.5932533705355,6.88999938000298,-8.85949567968263,                695P    683
-19.5876442421338,6.8899983521633,-8.86626668750968,                 695P    684
-19.5814915407447,6.8899978637374,-8.86829862362219,                 695P    685
-19.5796451544369,6.88999771716392,-8.87028757905455,                695P    686
-19.5777495058046,6.88999763586589,-8.87223060373101,                695P    687
-19.5758047108279,6.88999769770054,-8.87260930355443,                695P    688
-19.575425665969,6.88999770975225,-8.87298625752829,                 695P    689
-19.5750447532744,6.88999772731108,-8.87336146473428,                695P    690
-19.5746619885073,6.88999774970233,-8.87978764736839,                695P    691
-19.5681063673461,6.88999813319782,-8.88565326682658,                695P    692
-19.5610629690196,6.88999971043395,-8.89095817261207,                695P    693
-19.5536164661497,6.89000035822912,-8.89613073523484,                695P    694
-19.5463557335424,6.89000098986353,-8.90077070164599,                695P    695
-19.5387099500447,6.89000078389188,-8.90483367032472,                695P    696
-19.5307423455567,6.88999985074372,-8.90689427584557,                695P    697
-19.5267014357949,6.88999937748133,-8.90880571145426,                695P    698
-19.5225776640551,6.88999874646643,-8.91055697096183,                695P    699
-19.5183799762538,6.88999812982424,-8.91218497839364,                695P    700
-19.5144777179607,6.88999755658077,-8.91366852265567,                695P    701
-19.5105261043642,6.88999698112875,-8.91499967565513,                695P    702
-19.5065319794105,6.88999666436179,-8.91777648758253,                695P    703
-19.4982001544321,6.88999600357953,-8.9198922395957,                 695P    704
-19.4896810842003,6.88999647510671,-8.92137114028332,                695P    705
-19.4810301675765,6.8899973235341,-8.92271365022023,                 695P    706
-19.4731770766773,6.88999809371577,-8.92353027539902,                695P    707
-19.4652142528663,6.88999925016862,-8.92381626542275,                695P    708
-19.4572190494745,6.88999977201956,-8.92389288960386,                695P    709
-19.4550769261067,6.88999991183703,-8.9239313322405,                 695P    710
-19.4529327433034,6.89,-8.9239313322405,-19.4507886417334,6.89,      695P    711
0.,0.0278594341980756,0.,0.,0.;                                      695P    712
126,1,1,0,0,1,0,1.48735231208407,1.48735231208407,                   697P    713
1.54486935780177,1.54486935780177,1.,1.,-8.74715463694386,           697P    714
-19.6275653370301,6.89,-8.17198417976693,-19.6275653370301,6.89,     697P    715
1.48735231208407,1.54486935780177,0.,0.,0.;                          697P    716
126,45,3,0,0,1,0,0.,0.,0.,0.,0.00236392018893161,                    699P    717
0.00236392018893161,0.00236392018893161,0.00496789797395859,         699P    718
0.00496789797395859,0.00496789797395859,0.00701019074273248,         699P    719
0.00701019074273248,0.00701019074273248,0.00769995889243144,         699P    720
0.00769995889243144,0.00769995889243144,0.0103538045769496,          699P    721
0.0103538045769496,0.0103538045769496,0.0131065027730736,            699P    722
0.0131065027730736,0.0131065027730736,0.0139369372981203,            699P    723
0.0139369372981203,0.0139369372981203,0.0141037554429746,            699P    724
0.0141037554429746,0.0141037554429746,0.0168608460962254,            699P    725
0.0168608460962254,0.0168608460962254,0.0195472426266436,            699P    726
0.0195472426266436,0.0195472426266436,0.0209188240689476,            699P    727
0.0209188240689476,0.0209188240689476,0.0221788738550593,            699P    728
0.0221788738550593,0.0221788738550593,0.0248199428263295,            699P    729
0.0248199428263295,0.0248199428263295,0.0272167277875637,            699P    730
0.0272167277875637,0.0272167277875637,0.0278658574605322,            699P    731
0.0278658574605322,0.0278658574605322,0.0278658574605322,1.,1.,      699P    732
1.,1.,1.,1.,1.,1.,1.,1.,1.,1.,1.,1.,1.,1.,1.,1.,1.,1.,1.,1.,1.,      699P    733
1.,1.,1.,1.,1.,1.,1.,1.,1.,1.,1.,1.,1.,1.,1.,1.,1.,1.,1.,1.,1.,      699P    734
1.,1.,-7.99520748447029,-19.8044497855515,6.88999999994407,          699P    735
-7.99520748447029,-19.7965700515885,6.88999999994694,                699P    736
-7.99575690295338,-19.7886897836126,6.89000092769425,                699P    737
-7.99681428564674,-19.7808997015463,6.89000140960186,                699P    738
-7.99797904622396,-19.7723185317001,6.89000194044749,                699P    739
-7.99975928944249,-19.7638455470105,6.89000197387471,                699P    740
-8.00213591928239,-19.7555469252236,6.89000159740062,                699P    741
-8.00399990366965,-19.74903833849,6.890001302133,                    699P    742
-8.00623142833352,-19.742635598969,6.89000080386967,                 699P    743
-8.00883982762129,-19.7363584851428,6.89000056905769,                699P    744
-8.00972079374814,-19.734238439841,6.89000048975181,                 699P    745
-8.01064309718803,-19.7321370249544,6.89000043431843,                699P    746
-8.0116068358119,-19.730055084196,6.89000041100004,                  699P    747
-8.01531476809187,-19.7220449296255,6.89000032128381,                699P    748
-8.01963171809783,-19.714323689046,6.89000068455641,                 699P    749
-8.02448210836089,-19.7069633736675,6.89000113358369,                699P    750
-8.0295131697393,-19.6993288955275,6.89000159933669,                 699P    751
-8.03511882368481,-19.6920807451428,6.89000222671376,                699P    752
-8.04126736968284,-19.6853073690608,6.89000232356571,                699P    753
-8.0431222642306,-19.6832639756523,6.89000235278402,                 699P    754
-8.04502688155329,-19.681263961243,6.89000232780512,                 699P    755
-8.04698110575186,-19.6793103246815,6.89000220970492,                699P    756
-8.04737367138539,-19.6789178770929,6.89000218598089,                699P    757
-8.04776823980233,-19.6785273021627,6.89000215845816,                699P    758
-8.04816479346253,-19.6781386009172,6.89000212763426,                699P    759
-8.05471884302971,-19.671714332311,6.89000161819159,                 699P    760
-8.06176004058786,-19.6658496934187,6.89000026587913,                699P    761
-8.06920398924508,-19.6605450700457,6.88999966464344,                699P    762
-8.07645706879899,-19.6553764616768,6.88999907882394,                699P    763
-8.08409431819898,-19.6507390353322,6.88999922293018,                699P    764
-8.09205278394996,-19.6466774044608,6.89000002594192,                699P    765
-8.09611610215696,-19.6446036757816,6.89000043593203,                699P    766
-8.10026323812748,-19.6426808043009,6.89000099112737,                699P    767
-8.1044850854594,-19.6409200559999,6.89000149600893,                 699P    768
-8.10836362862388,-19.6393024848869,6.89000195983549,                699P    769
-8.11229090588776,-19.6378277003983,6.89000236861332,                699P    770
-8.11626021211798,-19.6365035493837,6.89000250257259,                699P    771
-8.12457989252876,-19.6337281240028,6.8900027833517,                 699P    772
-8.13308648225567,-19.6316123970475,6.89000192905008,                699P    773
-8.14172490172434,-19.6301325231689,6.89000127189546,                699P    774
-8.1495643160284,-19.6287895292921,6.89000067552394,                 699P    775
-8.15751338145014,-19.6279712864475,6.89000020367038,                699P    776
-8.16549498337107,-19.6276827078754,6.8900000581048,                 699P    777
-8.16765666859878,-19.627604551129,6.89000001868077,                 699P    778
-8.16982047021028,-19.6275653370301,6.89,-8.17198417976693,          699P    779
-19.6275653370301,6.89,0.,0.0278658574605322,0.,0.,0.;               699P    780
126,1,1,0,0,1,0,-0.365334334647354,-0.365334334647354,               701P    781
0.283959424810656,0.283959424810656,1.,1.,-7.99520748447029,         701P    782
-19.8044497855535,6.89,-7.99520748447029,-26.2973873801336,6.89,     701P    783
-0.365334334647354,0.283959424810656,0.,0.,0.;                       701P    784
126,2,2,0,0,0,0,-0.785398163397449,-0.785398163397449,               703P    785
-0.785398163397449,0.785398163397449,0.785398163397449,              703P    786
0.785398163397449,1.,0.707106781186548,1.,-9.9952074844703,          703P    787
-28.2973873801336,6.89,-7.99520748447029,-28.2973873801336,6.89,     703P    788
-7.99520748447029,-26.2973873801336,6.89,-0.785398163397449,         703P    789
0.785398163397449,0.,0.,0.;                                          703P    790
126,1,1,0,0,1,0,-2.17480740155494,-2.17480740155494,                 705P    791
-1.81230740155494,-1.81230740155494,1.,1.,-9.9952074844703,          705P    792
-28.2973873801336,6.89,-13.6202074844703,-28.2973873801336,6.89,     705P    793
-2.17480740155494,-1.81230740155494,0.,0.,0.;                        705P    794
126,2,2,0,0,0,0,-0.785398163397448,-0.785398163397448,               707P    795
-0.785398163397448,-0.643844249653597,-0.643844249653597,            707P    796
-0.643844249653597,1.,0.9974963565902,1.,-13.6202074844703,          707P    797
-28.2973873801336,6.89,-13.7619982384637,-28.2973873801336,6.89,     707P    798
-13.9023707960647,-28.3173914544837,6.89,-0.785398163397448,         707P    799
-0.643844249653597,0.,0.,0.;                                         707P    800
126,21,3,0,0,1,0,0.,0.,0.,0.,0.00776555084477744,                    709P    801
0.00776555084477744,0.00776555084477744,0.01577004693767,            709P    802
0.01577004693767,0.01577004693767,0.0195377710532979,                709P    803
0.0195377710532979,0.0195377710532979,0.0275379525211655,            709P    804
0.0275379525211655,0.0275379525211655,0.0330577688852929,            709P    805
0.0330577688852929,0.0330577688852929,0.0409610628047019,            709P    806
0.0409610628047019,0.0409610628047019,0.0465744437699496,            709P    807
0.0465744437699496,0.0465744437699496,0.0465744437699496,1.,1.,      709P    808
1.,1.,1.,1.,1.,1.,1.,1.,1.,1.,1.,1.,1.,1.,1.,1.,1.,1.,1.,1.,         709P    809
-14.3276775102366,-28.1757037631469,6.89000000001529,                709P    810
-14.3093740377752,-28.1940076895713,6.8899999872727,                 709P    811
-14.2896641867371,-28.2106952347376,6.8900046952997,                 709P    812
-14.2687957861084,-28.2257435081409,6.89000964564803,                709P    813
-14.2472852668115,-28.2412548154608,6.8900147483181,                 709P    814
-14.2245427056575,-28.2550250435376,6.89002017419342,                709P    815
-14.2008048144765,-28.2669869291305,6.89002364242459,                709P    816
-14.1896313659522,-28.2726174003424,6.89002527492439,                709P    817
-14.1782370074162,-28.2778465612798,6.89002650446527,                709P    818
-14.1666449853847,-28.2826636795464,6.89002721939582,                709P    819
-14.1420311131941,-28.2928920877583,6.89002873744065,                709P    820
-14.1166877404547,-28.301199274942,6.89002789766231,                 709P    821
-14.090853873985,-28.3075209848547,6.89002515864282,                 709P    822
-14.0730295034428,-28.3118827206436,6.89002326882511,                709P    823
-14.0549709890786,-28.3152983541133,6.89002052477698,                709P    824
-14.0367532924973,-28.3177327380017,6.89001742922,                   709P    825
-14.0106691257208,-28.3212182980482,6.89001299698984,                709P    826
-13.9843953698105,-28.3226760603814,6.89000786932866,                709P    827
-13.9581547168,-28.3220236405378,6.89000428340267,                   709P    828
-13.9395170723409,-28.3215602538577,6.89000173646859,                709P    829
-13.9208957512992,-28.3200313905808,6.89,-13.9023707960647,          709P    830
-28.3173914544837,6.89,0.,0.0465744437699496,0.,0.,0.;               709P    831
126,2,2,0,0,0,0,1.86932852797979,1.86932852797979,                   711P    832
1.86932852797979,3.14159265358979,3.14159265358979,                  711P    833
3.14159265358979,1.,0.804399666539846,1.,-16.9948228612258,          711P    834
-22.1723873652325,6.89,-16.2562739153498,-24.5723873652324,6.89,     711P    835
-13.7452074993715,-24.5723873652324,6.89,1.86932852797979,           711P    836
3.14159265358979,0.,0.,0.;                                           711P    837
126,6,2,0,0,0,0,3.14159265358979,3.14159265358979,                   713P    838
3.14159265358979,4.6128782466564,4.6128782466564,                    713P    839
6.08416383972301,6.08416383972301,7.55544943278962,                  713P    840
7.55544943278962,7.55544943278962,1.,0.741399549075546,1.,           713P    841
0.741399549075542,1.,0.741399549075541,1.,-13.7452074993715,         713P    842
-24.5723873652324,6.89,-10.6677614204337,-24.5723873652324,6.89,     713P    843
-10.3620276689282,-21.5101657465445,6.89,-10.0562939174227,          713P    844
-18.4479441278565,6.89,-13.0729927894805,-17.8395016210452,6.89,     713P    845
-16.0896916615383,-17.231059114234,6.89,-16.9948228612259,           713P    846
-20.1723873652325,6.89,3.14159265358979,7.55544943278962,0.,0.,      713P    847
0.;                                                                  713P    848
126,1,1,0,0,1,0,-0.0027478863900412,-0.0027478863900412,             715P    849
0.197861695352437,0.197861695352437,1.,1.,-16.9948228612259,         715P    850
-20.1723873652325,6.89,-19.0009186786506,-20.1723873652325,6.89,     715P    851
-0.0027478863900412,0.197861695352437,0.,0.,0.;                      715P    852
126,2,2,0,0,0,0,1.38277456556501,1.38277456556501,                   717P    853
1.38277456556501,1.7588180880248,1.7588180880248,                    717P    854
1.7588180880248,1.,0.98237592136062,1.,-19.0009186786506,            717P    855
-20.1723873652325,6.89,-19.1911878859736,-21.1723873652325,6.89,     717P    856
-19.0009186786506,-22.1723873652325,6.89,1.38277456556501,           717P    857
1.7588180880248,0.,0.,0.;                                            717P    858
126,1,1,0,0,1,0,-0.197861695352435,-0.197861695352435,               719P    859
0.00274788639004386,0.00274788639004386,1.,1.,-19.0009186786506,     719P    860
-22.1723873652325,6.89,-16.9948228612258,-22.1723873652325,6.89,     719P    861
-0.197861695352435,0.00274788639004386,0.,0.,0.;                     719P    862
126,2,2,0,0,0,0,-0.784028635527054,-0.784028635527054,               721P    863
-0.784028635527054,0.784028635527054,0.784028635527054,              721P    864
0.784028635527054,1.,0.708074520201042,1.,-23.0982763467938,         721P    865
-19.4051049265885,6.89,-22.7452074888347,-19.7581737845476,6.89,     721P    866
-22.3921386308757,-19.4051049265885,6.89,-0.784028635527054,         721P    867
0.784028635527054,0.,0.,0.;                                          721P    868
126,1,1,0,0,1,0,0.0227979751407165,0.0227979751407165,               723P    869
0.0428528314170279,0.0428528314170279,1.,1.,-22.3921386308757,       723P    870
-19.4051049265885,6.89,-22.3921386308757,-19.4199280850357,7.09,     723P    871
0.0227979751407165,0.0428528314170279,0.,0.,0.;                      723P    872
126,2,2,0,0,0,0,-0.784028635527054,-0.784028635527054,               725P    873
-0.784028635527054,0.784028635527054,0.784028635527054,              725P    874
0.784028635527054,1.,0.708074520201042,1.,-22.3921386308757,         725P    875
-19.4199280850357,7.09,-22.7452074888347,-19.7729969429948,7.09,     725P    876
-23.0982763467938,-19.4199280850357,7.09,-0.784028635527054,         725P    877
0.784028635527054,0.,0.,0.;                                          725P    878
126,1,1,0,0,1,0,-0.0428528314170279,-0.0428528314170279,             727P    879
-0.0227979751407165,-0.0227979751407165,1.,1.,-23.0982763467938,     727P    880
-19.4199280850357,7.09,-23.0982763467938,-19.4051049265885,6.89,     727P    881
-0.0428528314170279,-0.0227979751407165,0.,0.,0.;                    727P    882
126,1,1,0,0,1,0,-2.10786547029635,-2.10786547029635,                 729P    883
-1.167378444999,-1.167378444999,1.,1.,-15.7418910988185,             729P    884
-12.7548573945313,6.89,-22.3921386308757,-19.4051049265885,6.89,     729P    885
-2.10786547029635,-1.167378444999,0.,0.,0.;                          729P    886
126,2,2,0,0,0,0,-0.932866996582789,-0.932866996582789,               731P    887
-0.932866996582789,-0.92763778756306,-0.92763778756306,              731P    888
-0.92763778756306,1.,0.999996581923576,1.,-15.7400040338703,         731P    889
-12.7677934880303,7.09000000000002,-15.7409644777671,                731P    890
-12.7613279082507,6.98980510964782,-15.7418910988185,                731P    891
-12.7548573945313,6.89000000000007,-0.932866996582789,               731P    892
-0.92763778756306,0.,0.,0.;                                          731P    893
126,1,1,0,0,1,0,-0.553501306654167,-0.553501306654167,               733P    894
0.387252589927459,0.387252589927459,1.,1.,-15.7400040338703,         733P    895
-12.7677934880303,7.09,-22.3921386308757,-19.4199280850357,7.09,     733P    896
-0.553501306654167,0.387252589927459,0.,0.,0.;                       733P    897
126,1,1,0,0,1,0,-0.644310305841209,-0.644310305841209,               735P    898
0.296176722063044,0.296176722063044,1.,1.,-23.0982763467938,         735P    899
-19.4051049265885,6.89,-29.7485238972846,-12.7548573760977,6.89,     735P    900
-0.644310305841209,0.296176722063044,0.,0.,0.;                       735P    901
126,21,3,0,0,1,0,0.,0.,0.,0.,0.00778622360984554,                    737P    902
0.00778622360984554,0.00778622360984554,0.0158020785780047,          737P    903
0.0158020785780047,0.0158020785780047,0.0196209260489491,            737P    904
0.0196209260489491,0.0196209260489491,0.0276171416907301,            737P    905
0.0276171416907301,0.0276171416907301,0.0330992761546846,            737P    906
0.0330992761546846,0.0330992761546846,0.0409846623960315,            737P    907
0.0409846623960315,0.0409846623960315,0.0465764877995367,            737P    908
0.0465764877995367,0.0465764877995367,0.0465764877995367,1.,1.,      737P    909
1.,1.,1.,1.,1.,1.,1.,1.,1.,1.,1.,1.,1.,1.,1.,1.,1.,1.,1.,1.,         737P    910
-29.8902115886227,-12.3295506619256,6.88999999999999,                737P    911
-29.8938732330203,-12.3552451469651,6.88999999999999,                737P    912
-29.8953953392727,-12.3810952223192,6.89000329250261,                737P    913
-29.8949063555951,-12.4068879444563,6.89000751036147,                737P    914
-29.8944029508075,-12.4334413457256,6.89001185261345,                737P    915
-29.8917679028071,-12.4599352216467,6.89001709562856,                737P    916
-29.8870868549358,-12.486138699387,6.89002103781542,                 737P    917
-29.8848567487406,-12.4986223440009,6.89002291591954,                737P    918
-29.8821614995917,-12.5110399784473,6.89002451188176,                737P    919
-29.8790063935865,-12.5233654336229,6.89002570034668,                737P    920
-29.8723999741937,-12.5491734812648,6.89002818885189,                737P    921
-29.8638233516997,-12.5744114601526,6.89002869193168,                737P    922
-29.8533649034687,-12.5988489926846,6.89002688149449,                737P    923
-29.8461946841981,-12.6156031480637,6.89002564027482,                737P    924
-29.8381388268183,-12.6319809959348,6.89002332588508,                737P    925
-29.8292128722469,-12.6479025074447,6.89002032113423,                737P    926
-29.816373968015,-12.6708036727894,6.89001599916416,                 737P    927
-29.8018043041343,-12.6926411847646,6.89001015471175,                737P    928
-29.7855688224743,-12.7131873690304,6.89000565965448,                737P    929
-29.7740556288264,-12.7277574448144,6.89000247203949,                737P    930
-29.7617037529252,-12.7416778473371,6.8899999908399,                 737P    931
-29.7485238972859,-12.7548573760975,6.89000000001528,0.,             737P    932
0.0465764877995367,0.,0.,0.;                                         737P    933
126,2,2,0,0,0,0,-0.785398163397447,-0.785398163397447,               739P    934
-0.785398163397447,-0.643844249653596,-0.643844249653596,            739P    935
-0.643844249653596,1.,0.997496356591084,1.,-29.8702075142726,        739P    936
-12.0473873503313,6.89,-29.8702075142726,-12.1891781043247,6.89,     739P    937
-29.8902115886227,-12.3295506619256,6.89,-0.785398163397447,         739P    938
-0.643844249653596,0.,0.,0.;                                         739P    939
126,1,1,0,0,1,0,1.17854057816958,1.17854057816958,                   741P    940
1.33497378005417,1.33497378005417,1.,1.,-29.8702075142726,           741P    941
-12.0473873503313,6.89,-29.8702075142726,-10.4830553314853,6.89,     741P    942
1.17854057816958,1.33497378005417,0.,0.,0.;                          741P    943
126,2,2,0,0,0,0,-0.732310939392934,-0.732310939392934,               743P    944
-0.732310939392934,-0.413620876246298,-0.413620876246298,            743P    945
-0.413620876246298,1.,0.987331420011113,1.,-29.8702075142726,        743P    946
-10.4830553314853,6.89,-28.2340253817311,-8.66323085248793,6.89,     743P    947
-27.2504230718271,-6.42238735033126,6.89,-0.732310939392934,         743P    948
-0.413620876246298,0.,0.,0.;                                         743P    949
126,1,1,0,0,1,0,1.51803584430938,1.51803584430938,                   745P    950
2.48105740304506,2.48105740304506,1.,1.,-27.2504230718271,           745P    951
-6.42238735033126,6.89,-17.6202074844703,-6.42238735033126,6.89,     745P    952
1.51803584430938,2.48105740304506,0.,0.,0.;                          745P    953
126,2,2,0,0,0,0,-0.78539816339745,-0.78539816339745,                 747P    954
-0.78539816339745,0.785398163397448,0.785398163397448,               747P    955
0.785398163397448,1.,0.707106781186548,1.,-15.6202074844703,         747P    956
-8.42238735033126,6.89,-15.6202074844703,-6.42238735033126,6.89,     747P    957
-17.6202074844703,-6.42238735033126,6.89,-0.78539816339745,          747P    958
0.785398163397448,0.,0.,0.;                                          747P    959
126,1,1,0,0,1,0,-1.12229057816958,-1.12229057816958,                 749P    960
-0.759790578169576,-0.759790578169576,1.,1.,-15.6202074844703,       749P    961
-8.42238735033126,6.89,-15.6202074844703,-12.0473873503313,6.89,     749P    962
-1.12229057816958,-0.759790578169576,0.,0.,0.;                       749P    963
126,2,2,0,0,0,0,-0.785398163397448,-0.785398163397448,               751P    964
-0.785398163397448,-0.643844242201095,-0.643844242201095,            751P    965
-0.643844242201095,1.,0.997496356327057,1.,-15.6202074844703,        751P    966
-12.0473873503313,6.89,-15.6202074844703,-12.1891781118147,6.89,     751P    967
-15.6002034080173,-12.3295506766816,6.89,-0.785398163397448,         751P    968
-0.643844242201095,0.,0.,0.;                                         751P    969
126,21,3,0,0,1,0,0.,0.,0.,0.,0.00776555084273964,                    753P    970
0.00776555084273964,0.00776555084273964,0.0157700469360323,          753P    971
0.0157700469360323,0.0157700469360323,0.0195377710524244,            753P    972
0.0195377710524244,0.0195377710524244,0.027537952521669,             753P    973
0.027537952521669,0.027537952521669,0.0330577690713104,              753P    974
0.0330577690713104,0.0330577690713104,0.0409610629910157,            753P    975
0.0409610629910157,0.0409610629910157,0.0465744441428893,            753P    976
0.0465744441428893,0.0465744441428893,0.0465744441428893,1.,1.,      753P    977
1.,1.,1.,1.,1.,1.,1.,1.,1.,1.,1.,1.,1.,1.,1.,1.,1.,1.,1.,1.,         753P    978
-15.7418910988172,-12.7548573945312,6.89000000001529,                753P    979
-15.7235871723976,-12.7365539220746,6.88999998727271,                753P    980
-15.7068996272376,-12.7168440710415,6.89000469529978,                753P    981
-15.6918513538408,-12.695975670418,6.89000964564823,                 753P    982
-15.6763400465228,-12.6744651511198,6.89001474831842,                753P    983
-15.6625698184493,-12.6517225899639,6.8900201741939,                 753P    984
-15.6506079328601,-12.6279846987809,6.89002364242522,                753P    985
-15.644977461649,-12.6168112502539,6.89002527492508,                 753P    986
-15.6397483007126,-12.6054168917151,6.89002650446604,                753P    987
-15.6349311824472,-12.5938248696808,6.89002721939665,                753P    988
-15.6247027742379,-12.5692109974849,6.8900287374416,                 753P    989
-15.6163955870574,-12.543867624741,6.89002789766335,                 753P    990
-15.6100738771469,-12.5180337582681,6.89002515864389,                753P    991
-15.6057121412137,-12.5002093871277,6.89002326882613,                753P    992
-15.6022965076624,-12.4821508721503,6.89002052477788,                753P    993
-15.5998621237583,-12.4639331749483,6.89001742922073,                753P    994
-15.5963765638063,-12.4378490081589,6.89001299699046,                753P    995
-15.5949188015677,-12.4115752522444,6.89000786932917,                753P    996
-15.5955712215043,-12.3853345992386,6.89000428340303,                753P    997
-15.5960346082659,-12.366696954164,6.89000173646875,                 753P    998
-15.5975634716945,-12.3480756325123,6.89000000000001,                753P    999
-15.6002034080173,-12.3295506766816,6.89000000000001,0.,             753P   1000
0.0465744441428893,0.,0.,0.;                                         753P   1001
126,2,2,0,0,0,0,1.86932852797979,1.86932852797979,                   755P   1002
1.86932852797979,3.14159265358979,3.14159265358979,                  755P   1003
3.14159265358979,1.,0.804399666539845,1.,-21.7452074993714,          755P   1004
-15.4220027270868,6.89,-19.3452074993714,-14.6834537812108,6.89,     755P   1005
-19.3452074993714,-12.1723873652324,6.89,1.86932852797979,           755P   1006
3.14159265358979,0.,0.,0.;                                           755P   1007
126,6,2,0,0,0,0,3.14159265358979,3.14159265358979,                   757P   1008
3.14159265358979,4.6128782466564,4.6128782466564,                    757P   1009
6.08416383972301,6.08416383972301,7.55544943278962,                  757P   1010
7.55544943278962,7.55544943278962,1.,0.741399549075544,1.,           757P   1011
0.741399549075545,1.,0.741399549075542,1.,-19.3452074993714,         757P   1012
-12.1723873652324,6.89,-19.3452074993714,-9.09494128629465,6.89,     757P   1013
-22.4074291180594,-8.78920753478916,6.89,-25.4696507367474,          757P   1014
-8.48347378328367,6.89,-26.0780932435586,-11.5001726553415,6.89,     757P   1015
-26.6865357503699,-14.5168715273993,6.89,-23.7452074993714,          757P   1016
-15.4220027270868,6.89,3.14159265358979,7.55544943278962,0.,0.,      757P   1017
0.;                                                                  757P   1018
126,1,1,0,0,1,0,-0.0027478863900412,-0.0027478863900412,             759P   1019
0.197861695352437,0.197861695352437,1.,1.,-23.7452074993714,         759P   1020
-15.4220027270868,6.89,-23.7452074993714,-17.4280985445116,6.89,     759P   1021
-0.0027478863900412,0.197861695352437,0.,0.,0.;                      759P   1022
126,2,2,0,0,0,0,1.38277456556501,1.38277456556501,                   761P   1023
1.38277456556501,1.7588180880248,1.7588180880248,                    761P   1024
1.7588180880248,1.,0.98237592136062,1.,-23.7452074993714,            761P   1025
-17.4280985445116,6.89,-22.7452074993714,-17.6183677518346,6.89,     761P   1026
-21.7452074993714,-17.4280985445116,6.89,1.38277456556501,           761P   1027
1.7588180880248,0.,0.,0.;                                            761P   1028
126,1,1,0,0,1,0,-0.197861695352435,-0.197861695352435,               763P   1029
0.00274788639004386,0.00274788639004386,1.,1.,-21.7452074993714,     763P   1030
-17.4280985445116,6.89,-21.7452074993714,-15.4220027270868,6.89,     763P   1031
-0.197861695352435,0.00274788639004386,0.,0.,0.;                     763P   1032
126,2,2,0,0,0,0,-0.784028635527057,-0.784028635527057,               765P   1033
-0.784028635527057,0.784028635527051,0.784028635527051,              765P   1034
0.784028635527051,1.,0.708074520201053,1.,-22.3921386308757,         765P   1035
-22.9396698038764,6.89,-22.7452074888347,-22.5866009459173,6.89,     765P   1036
-23.0982763467938,-22.9396698038764,6.89,-0.784028635527057,         765P   1037
0.784028635527051,0.,0.,0.;                                          765P   1038
126,1,1,0,0,1,0,-0.0384701409922003,-0.0384701409922003,             767P   1039
-0.0184152847158889,-0.0184152847158889,1.,1.,-23.0982763467938,     767P   1040
-22.9396698038764,6.89,-23.0982763467938,-22.9248466454292,7.09,     767P   1041
-0.0384701409922003,-0.0184152847158889,0.,0.,0.;                    767P   1042
126,2,2,0,0,0,0,-0.784028635527051,-0.784028635527051,               769P   1043
-0.784028635527051,0.784028635527051,0.784028635527051,              769P   1044
0.784028635527051,1.,0.708074520201042,1.,-23.0982763467938,         769P   1045
-22.9248466454292,7.09,-22.7452074888347,-22.5717777874701,7.09,     769P   1046
-22.3921386308757,-22.9248466454292,7.09,-0.784028635527051,         769P   1047
0.784028635527051,0.,0.,0.;                                          769P   1048
126,1,1,0,0,1,0,0.018415284715889,0.018415284715889,                 771P   1049
0.0384701409922003,0.0384701409922003,1.,1.,-22.3921386308757,       771P   1050
-22.9248466454292,7.09,-22.3921386308757,-22.9396698038764,6.89,     771P   1051
0.018415284715889,0.0384701409922003,0.,0.,0.;                       771P   1052
126,1,1,0,0,1,0,-1.03963721902853,-1.03963721902853,                 773P   1053
-0.098883322446906,-0.098883322446906,1.,1.,-15.7400040338703,       773P   1054
-29.5769812424345,7.09,-22.3921386308757,-22.9248466454292,7.09,     773P   1055
-1.03963721902853,-0.098883322446906,0.,0.,0.;                       773P   1056
126,2,2,0,0,0,0,0.927637787563056,0.927637787563056,                 775P   1057
0.927637787563056,0.932866996582785,0.932866996582785,               775P   1058
0.932866996582785,1.,0.999996581923576,1.,-15.7418910988185,         775P   1059
-29.5899173359335,6.88999999999999,-15.7409644777672,                775P   1060
-29.5834468222142,6.98980510964781,-15.7400040338703,                775P   1061
-29.5769812424345,7.09000000000008,0.927637787563056,                775P   1062
0.932866996582785,0.,0.,0.;                                          775P   1063
126,1,1,0,0,1,0,1.43030917502576,1.43030917502576,                   777P   1064
2.37079620032311,2.37079620032311,1.,1.,-22.3921386308757,           777P   1065
-22.9396698038764,6.89,-15.7418910988185,-29.5899173359335,6.89,     777P   1066
1.43030917502576,2.37079620032311,0.,0.,0.;                          777P   1067
126,2,2,0,0,0,0,-0.784028635527063,-0.784028635527063,               779P   1068
-0.784028635527063,0.784028635527038,0.784028635527038,              779P   1069
0.784028635527038,1.,0.708074520201042,1.,-24.5124899274787,         779P   1070
-21.5254562231915,6.89,-24.1594210695196,-21.1723873652324,6.89,     779P   1071
-24.5124899274787,-20.8193185072734,6.89,-0.784028635527063,         779P   1072
0.784028635527038,0.,0.,0.;                                          779P   1073
126,1,1,0,0,1,0,-0.00783608286733178,-0.00783608286733178,           781P   1074
0.0122187734089796,0.0122187734089796,1.,1.,-24.5124899274787,       781P   1075
-20.8193185072734,6.89,-24.4976667690315,-20.8193185072734,7.09,     781P   1076
-0.00783608286733178,0.0122187734089796,0.,0.,0.;                    781P   1077
126,2,2,0,0,0,0,-0.784028635527038,-0.784028635527038,               783P   1078
-0.784028635527038,0.784028635527063,0.784028635527063,              783P   1079
0.784028635527063,1.,0.708074520201042,1.,-24.4976667690315,         783P   1080
-20.8193185072734,7.09,-24.1445979110724,-21.1723873652324,7.09,     783P   1081
-24.4976667690315,-21.5254562231915,7.09,-0.784028635527038,         783P   1082
0.784028635527063,0.,0.,0.;                                          783P   1083
126,1,1,0,0,1,0,-0.0122187734089796,-0.0122187734089796,             785P   1084
0.00783608286733178,0.00783608286733178,1.,1.,-24.4976667690315,     785P   1085
-21.5254562231915,7.09,-24.5124899274787,-21.5254562231915,6.89,     785P   1086
-0.0122187734089796,0.00783608286733178,0.,0.,0.;                    785P   1087
126,1,1,0,0,1,0,0.189959192173169,0.189959192173169,                 787P   1088
1.13044621896063,1.13044621896063,1.,1.,-31.1627374700725,           787P   1089
-14.1690709646795,6.89,-24.5124899274787,-20.8193185072734,6.89,     787P   1090
0.189959192173169,1.13044621896063,0.,0.,0.;                         787P   1091
126,2,2,0,0,0,0,-0.932866996582789,-0.932866996582789,               789P   1092
-0.932866996582789,-0.927637787563059,-0.927637787563059,            789P   1093
-0.927637787563059,1.,0.999996581923576,1.,-31.1498013765736,        789P   1094
-14.1671838997313,7.0899999999999,-31.1562669563532,                 789P   1095
-14.1681443436281,6.98980510964773,-31.1627374700725,                789P   1096
-14.1690709646795,6.89,-0.932866996582789,-0.927637787563059,0.,     789P   1097
0.,0.;                                                               789P   1098
126,1,1,0,0,1,0,-0.553501306654167,-0.553501306654167,               791P   1099
0.387252591417576,0.387252591417576,1.,1.,-31.1498013765735,         791P   1100
-14.1671838997313,7.09,-24.4976667690315,-20.8193185072734,7.09,     791P   1101
-0.553501306654167,0.387252591417576,0.,0.,0.;                       791P   1102
126,1,1,0,0,1,0,-0.86751548893387,-0.86751548893387,                 793P   1103
0.072971537853592,0.072971537853592,1.,1.,-24.5124899274787,         793P   1104
-21.5254562231915,6.89,-31.1627374700726,-28.1757037657854,6.89,     793P   1105
-0.86751548893387,0.072971537853592,0.,0.,0.;                        793P   1106
126,21,3,0,0,1,0,0.,0.,0.,0.,0.00778622360774382,                    795P   1107
0.00778622360774382,0.00778622360774382,0.0158020785763844,          795P   1108
0.0158020785763844,0.0158020785763844,0.0196209260479003,            795P   1109
0.0196209260479003,0.0196209260479003,0.0276171416911594,            795P   1110
0.0276171416911594,0.0276171416911594,0.0330992763406878,            795P   1111
0.0330992763406878,0.0330992763406878,0.0409846625823956,            795P   1112
0.0409846625823956,0.0409846625823956,0.0465764881725245,            795P   1113
0.0465764881725245,0.0465764881725245,0.0465764881725245,1.,1.,      795P   1114
1.,1.,1.,1.,1.,1.,1.,1.,1.,1.,1.,1.,1.,1.,1.,1.,1.,1.,1.,1.,         795P   1115
-31.5880441879223,-28.3173914565865,6.89,-31.5623497029171,          795P   1116
-28.3210531011747,6.89,-31.5364996275822,-28.3225752076177,          795P   1117
6.89000329250267,-31.5107069054498,-28.3220862241301,                795P   1118
6.89000751036163,-31.4841535041765,-28.3215828195382,                795P   1119
6.89001185261371,-31.4576596282361,-28.3189477717315,                795P   1120
6.89001709562894,-31.4314561504611,-28.3142667240514,                795P   1121
6.89002103781593,-31.4189725058296,-28.3120366179471,                795P   1122
6.89002291592013,-31.4065548713622,-28.3093413688884,                795P   1123
6.89002451188242,-31.394229416162,-28.3061862629728,                 795P   1124
6.8900257003474,-31.3684213684678,-28.2995798437672,                 795P   1125
6.89002818885275,-31.3431833895139,-28.2910032214562,                795P   1126
6.89002869193267,-31.3187458569024,-28.2805447734039,                795P   1127
6.89002688149555,-31.3019917009046,-28.2733745540144,                795P   1128
6.89002564027588,-31.2856138524337,-28.2653186964541,                795P   1129
6.89002332588605,-31.2696923403511,-28.2563927416418,                795P   1130
6.89002032113503,-31.2467911749567,-28.2435538374976,                795P   1131
6.89001599916489,-31.2249536629258,-28.2289841737019,                795P   1132
6.89001015471235,-31.2044074785983,-28.2127486921237,                795P   1133
6.89000565965493,-31.1898374022849,-28.2012354981502,                795P   1134
6.89000247203972,-31.175916999273,-28.1888836218659,                 795P   1135
6.88999999083991,-31.1627374700727,-28.1757037657867,                795P   1136
6.89000000001529,0.,0.0465764881725245,0.,0.,0.;                     795P   1137
126,2,2,0,0,0,0,-0.785398163397448,-0.785398163397448,               797P   1138
-0.785398163397448,-0.643844242201099,-0.643844242201099,            797P   1139
-0.643844242201099,1.,0.997496356327213,1.,-31.8702075142726,        797P   1140
-28.2973873801336,6.89,-31.7284167527892,-28.2973873801336,6.89,     797P   1141
-31.5880441879223,-28.3173914565865,6.89,-0.785398163397448,         797P   1142
-0.643844242201099,0.,0.,0.;                                         797P   1143
126,1,1,0,0,1,0,-1.01855740006483,-1.01855740006483,                 799P   1144
-0.656057400064828,-0.656057400064828,1.,1.,-31.8702075142726,       799P   1145
-28.2973873801336,6.89,-35.4952075142726,-28.2973873801336,6.89,     799P   1146
-1.01855740006483,-0.656057400064828,0.,0.,0.;                       799P   1147
126,2,2,0,0,0,0,-0.785398163397448,-0.785398163397448,               801P   1148
-0.785398163397448,0.785398163397448,0.785398163397448,              801P   1149
0.785398163397448,1.,0.707106781186549,1.,-37.4952075142726,         801P   1150
-26.2973873801336,6.89,-37.4952075142726,-28.2973873801336,6.89,     801P   1151
-35.4952075142726,-28.2973873801336,6.89,-0.785398163397448,         801P   1152
0.785398163397448,0.,0.,0.;                                          801P   1153
126,1,1,0,0,1,0,0.403540576679461,0.403540576679461,                 803P   1154
1.42854057965969,1.42854057965969,1.,1.,-37.4952075142726,           803P   1155
-26.2973873801336,6.89,-37.4952075142726,-16.0473873503313,6.89,     803P   1156
0.403540576679461,1.42854057965969,0.,0.,0.;                         803P   1157
126,2,2,0,0,0,0,0.231602009595953,0.231602009595953,                 805P   1158
0.231602009595953,0.785398163397447,0.785398163397447,               805P   1159
0.785398163397447,1.,0.961908047306982,1.,-37.196275880169,          805P   1160
-14.9955478119289,6.89,-37.4952075142726,-15.4789895611444,6.89,     805P   1161
-37.4952075142726,-16.0473873503313,6.89,0.231602009595953,          805P   1162
0.785398163397447,0.,0.,0.;                                          805P   1163
126,2,2,0,0,0,0,-1.3051516517451,-1.3051516517451,                   807P   1164
-1.3051516517451,-1.12590663184539,-1.12590663184539,                807P   1165
-1.12590663184539,1.,0.995986590308237,1.,-37.196275880169,          807P   1166
-14.9955478119289,6.89,-35.8758604263707,-14.6362960017606,6.89,     807P   1167
-34.6406497423157,-14.0473873503255,6.89,-1.3051516517451,           807P   1168
-1.12590663184539,0.,0.,0.;                                          807P   1169
126,1,1,0,0,1,0,1.16026317726066,1.16026317726066,                   809P   1170
1.43730740006483,1.43730740006483,1.,1.,-34.6406497423143,           809P   1171
-14.0473873503313,6.89,-31.8702075142726,-14.0473873503313,6.89,     809P   1172
1.16026317726066,1.43730740006483,0.,0.,0.;                          809P   1173
126,2,2,0,0,0,0,-0.78539816339745,-0.78539816339745,                 811P   1174
-0.78539816339745,-0.643844242201096,-0.643844242201096,             811P   1175
-0.643844242201096,1.,0.997496356327088,1.,-31.8702075142726,        811P   1176
-14.0473873503313,6.89,-31.7284167527892,-14.0473873503313,6.89,     811P   1177
-31.5880441879223,-14.0273832738783,6.89,-0.78539816339745,          811P   1178
-0.643844242201096,0.,0.,0.;                                         811P   1179
126,21,3,0,0,1,0,0.,0.,0.,0.,0.00776555084272223,                    813P   1180
0.00776555084272223,0.00776555084272223,0.0157700469359973,          813P   1181
0.0157700469359973,0.0157700469359973,0.0195377710524249,            813P   1182
0.0195377710524249,0.0195377710524249,0.0275379525216346,            813P   1183
0.0275379525216346,0.0275379525216346,0.0330577690713094,            813P   1184
0.0330577690713094,0.0330577690713094,0.0409610629909262,            813P   1185
0.0409610629909262,0.0409610629909262,0.0465744441428824,            813P   1186
0.0465744441428824,0.0465744441428824,0.0465744441428824,1.,1.,      813P   1187
1.,1.,1.,1.,1.,1.,1.,1.,1.,1.,1.,1.,1.,1.,1.,1.,1.,1.,1.,1.,         813P   1188
-31.1627374700727,-14.1690709646782,6.89000000001529,                813P   1189
-31.1810409425293,-14.1507670382586,6.88999998727271,                813P   1190
-31.2007507935623,-14.1340794930986,6.89000469529977,                813P   1191
-31.2216191941858,-14.1190312197019,6.89000964564822,                813P   1192
-31.2431297134839,-14.1035199123839,6.89001474831841,                813P   1193
-31.2658722746397,-14.0897496843105,6.89002017419389,                813P   1194
-31.2896101658227,-14.0777877987212,6.89002364242521,                813P   1195
-31.3007836143497,-14.0721573275101,6.89002527492508,                813P   1196
-31.3121779728887,-14.0669281665737,6.89002650446604,                813P   1197
-31.3237699949231,-14.0621110483082,6.89002721939664,                813P   1198
-31.3483838671188,-14.0518826400989,6.8900287374416,                 813P   1199
-31.3737272398626,-14.0435754529185,6.89002789766336,                813P   1200
-31.3995611063354,-14.0372537430079,6.89002515864389,                813P   1201
-31.417385477476,-14.0328920070747,6.89002326882614,                 813P   1202
-31.4354439924535,-14.0294763735234,6.89002052477787,                813P   1203
-31.4536616896556,-14.0270419896193,6.89001742922073,                813P   1204
-31.4797458564447,-14.0235564296674,6.89001299699046,                813P   1205
-31.5060196123589,-14.0220986674287,6.89000786932916,                813P   1206
-31.5322602653644,-14.0227510873653,6.89000428340302,                813P   1207
-31.5508979104393,-14.0232144741269,6.89000173646874,                813P   1208
-31.5695192320913,-14.0247433375554,6.89,-31.5880441879223,          813P   1209
-14.0273832738783,6.89,0.,0.0465744441428824,0.,0.,0.;               813P   1210
126,2,2,0,0,0,0,1.86932852797979,1.86932852797979,                   815P   1211
1.86932852797979,3.14159265358979,3.14159265358979,                  815P   1212
3.14159265358979,1.,0.804399666539849,1.,-28.4955921375171,          815P   1213
-20.1723873652324,6.89,-29.2341410833931,-17.7723873652324,6.89,     815P   1214
-31.7452074993714,-17.7723873652324,6.89,1.86932852797979,           815P   1215
3.14159265358979,0.,0.,0.;                                           815P   1216
126,6,2,0,0,0,0,3.14159265358979,3.14159265358979,                   817P   1217
3.14159265358979,4.6128782466564,4.6128782466564,                    817P   1218
6.08416383972301,6.08416383972301,7.55544943278962,                  817P   1219
7.55544943278962,7.55544943278962,1.,0.741399549075537,1.,           817P   1220
0.741399549075545,1.,0.741399549075543,1.,-31.7452074993714,         817P   1221
-17.7723873652324,6.89,-34.8226535783092,-17.7723873652324,6.89,     817P   1222
-35.1283873298147,-20.8346089839204,6.89,-35.4341210813202,          817P   1223
-23.8968306026084,6.89,-32.4174222092624,-24.5052731094196,6.89,     817P   1224
-29.4007233372046,-25.1137156162309,6.89,-28.4955921375171,          817P   1225
-22.1723873652324,6.89,3.14159265358979,7.55544943278962,0.,0.,      817P   1226
0.;                                                                  817P   1227
126,1,1,0,0,1,0,-0.0027478863900412,-0.0027478863900412,             819P   1228
0.197861695352437,0.197861695352437,1.,1.,-28.4955921375171,         819P   1229
-22.1723873652324,6.89,-26.4894963200923,-22.1723873652324,6.89,     819P   1230
-0.0027478863900412,0.197861695352437,0.,0.,0.;                      819P   1231
126,2,2,0,0,0,0,1.38277456556501,1.38277456556501,                   821P   1232
1.38277456556501,1.7588180880248,1.7588180880248,                    821P   1233
1.7588180880248,1.,0.98237592136062,1.,-26.4894963200923,            821P   1234
-22.1723873652324,6.89,-26.2992271127693,-21.1723873652324,6.89,     821P   1235
-26.4894963200923,-20.1723873652324,6.89,1.38277456556501,           821P   1236
1.7588180880248,0.,0.,0.;                                            821P   1237
126,1,1,0,0,1,0,-0.197861695352436,-0.197861695352436,               823P   1238
0.00274788639004386,0.00274788639004386,1.,1.,-26.4894963200923,     823P   1239
-20.1723873652324,6.89,-28.4955921375171,-20.1723873652324,6.89,     823P   1240
-0.197861695352436,0.00274788639004386,0.,0.,0.;                     823P   1241
126,21,3,0,0,1,0,-0.0468362789483503,-0.0468362789483503,            825P   1242
-0.0468362789483503,-0.0468362789483503,-0.0389338979512389,         825P   1243
-0.0389338979512389,-0.0389338979512389,-0.0331883695875292,         825P   1244
-0.0331883695875292,-0.0331883695875292,-0.0251879882759791,         825P   1245
-0.0251879882759791,-0.0251879882759791,-0.0195371630361076,         825P   1246
-0.0195371630361076,-0.0195371630361076,-0.0115276379537406,         825P   1247
-0.0115276379537406,-0.0115276379537406,-0.00372708392890648,        825P   1248
-0.00372708392890648,-0.00372708392890648,0.,0.,0.,0.,1.,1.,1.,      825P   1249
1.,1.,1.,1.,1.,1.,1.,1.,1.,1.,1.,1.,1.,1.,1.,1.,1.,1.,1.,            825P   1250
-31.5776889975676,-14.0258799374744,7.09000000001517,                825P   1251
-31.5516298558722,-14.0220274842855,7.09000000996197,                825P   1252
-31.5253698082585,-14.0203753976563,7.09000350151571,                825P   1253
-31.4991315698232,-14.0208043380902,7.09000788273183,                825P   1254
-31.4800547190363,-14.0211162047834,7.0900110681517,                 825P   1255
-31.4609889952931,-14.0225293614093,7.09001470902524,                825P   1256
-31.442020354741,-14.0250151213985,7.09001798797597,                 825P   1257
-31.4156074040475,-14.028476426696,7.09002255376252,                 825P   1258
-31.3895236612047,-14.0339967242568,7.09002631478317,                825P   1259
-31.3639985978221,-14.0414774472363,7.09002788065302,                825P   1260
-31.3459697480967,-14.0467612276686,7.09002898665741,                825P   1261
-31.3282195194194,-14.0530242137793,7.09002900191258,                825P   1262
-31.3108333088149,-14.0602466464833,7.09002786460258,                825P   1263
-31.2861899542582,-14.0704837806084,7.09002625257025,                825P   1264
-31.2624387951288,-14.082579359421,7.09002219590106,                 825P   1265
-31.2398073587176,-14.0964443507078,7.09001717516884,                825P   1266
-31.2177663836823,-14.1099475999609,7.09001228542912,                825P   1267
-31.1967863682693,-14.1251297389846,7.09000641591691,                825P   1268
-31.1771011933012,-14.1419505443234,7.0900028487218,                 825P   1269
-31.1676956691515,-14.1499874802962,7.09000114432548,                825P   1270
-31.1585861976408,-14.158399078664,7.09,-31.1498013765735,           825P   1271
-14.1671838997313,7.09,-0.0468362789483503,0.,0.,0.,0.;              825P   1272
126,2,2,0,0,0,0,-0.638612370483679,-0.638612370483679,               827P   1273
-0.638612370483679,0.638612363060227,0.638612363060227,              827P   1274
0.638612363060227,1.,0.802923673628436,1.,-29.8917149249569,         827P   1275
-12.3399058523492,7.09,-30.1088774973964,-13.8087173541323,7.09,     827P   1276
-31.5776889975674,-14.0258799374755,7.09,-0.638612370483679,         827P   1277
0.638612363060227,0.,0.,0.;                                          827P   1278
126,21,3,0,0,1,0,-0.0468383386515709,-0.0468383386515709,            829P   1279
-0.0468383386515709,-0.0468383386515709,-0.0389526507588735,         829P   1280
-0.0389526507588735,-0.0389526507588735,-0.0332298617185912,         829P   1281
-0.0332298617185912,-0.0332298617185912,-0.0252330724546529,         829P   1282
-0.0252330724546529,-0.0252330724546529,-0.0196201970432101,         829P   1283
-0.0196201970432101,-0.0196201970432101,-0.0116016511622565,         829P   1284
-0.0116016511622565,-0.0116016511622565,-0.00378147914226432,        829P   1285
-0.00378147914226432,-0.00378147914226432,0.,0.,0.,0.,1.,1.,1.,      829P   1286
1.,1.,1.,1.,1.,1.,1.,1.,1.,1.,1.,1.,1.,1.,1.,1.,1.,1.,1.,            829P   1287
-29.7504109621471,-12.7677934696824,7.09,-29.7689970605311,          829P   1288
-12.7492073712984,7.09,-29.7859360521051,-12.7291495525071,          829P   1289
7.09000489643841,-29.8011933119968,-12.7078706237359,                829P   1290
7.09001005805845,-29.8122657866979,-12.692428112947,                 829P   1291
7.09001380394124,-29.8224518245771,-12.6763414271802,                829P   1292
7.0900177643446,-29.8317244643313,-12.6596962322863,                 829P   1293
7.09002094858183,-29.8446816685043,-12.6364369237767,                829P   1294
7.09002539810355,-29.8557874172661,-12.6122136069753,                829P   1295
7.0900282520084,-29.8649872246998,-12.5872706522015,                 829P   1296
7.09002865927569,-29.8714444878876,-12.569763413619,                 829P   1297
7.09002894513299,-29.8769619112701,-12.5519008532847,                829P   1298
7.09002808463795,-29.8815063719916,-12.5337619728775,                829P   1299
7.09002626779895,-29.8879985821564,-12.5078487939606,                829P   1300
7.09002367226534,-29.8924648260712,-12.4815411898397,                829P   1301
7.09001916527971,-29.8948438503559,-12.4550764314772,                829P   1302
7.09001436387399,-29.8971640190525,-12.4292663948526,                829P   1303
7.09000968125209,-29.8974991570911,-12.4033056370041,                829P   1304
7.09000479713951,-29.8957445751175,-12.3774072197799,                829P   1305
7.0900020980091,-29.8948961391599,-12.364883924346,                  829P   1306
7.09000079283252,-29.8935583328595,-12.3523752135115,                829P   1307
7.09000000477473,-29.8917149249579,-12.3399058523491,                829P   1308
7.09000000001516,-0.0468383386515709,0.,0.,0.,0.;                    829P   1309
126,1,1,0,0,1,0,0.0988833217018469,0.0988833217018469,               831P   1310
1.03963722087826,1.03963722087826,1.,1.,-23.0982763467938,           831P   1311
-19.4199280850357,7.09,-29.7504109621471,-12.7677934696824,7.09,     831P   1312
0.0988833217018469,1.03963722087826,0.,0.,0.;                        831P   1313
126,21,3,0,0,1,0,-0.0468362789483522,-0.0468362789483522,            833P   1314
-0.0468362789483522,-0.0468362789483522,-0.0389338979512468,         833P   1315
-0.0389338979512468,-0.0389338979512468,-0.0331883695875289,         833P   1316
-0.0331883695875289,-0.0331883695875289,-0.0251879882759435,         833P   1317
-0.0251879882759435,-0.0251879882759435,-0.019537163036107,          833P   1318
-0.019537163036107,-0.019537163036107,-0.0115276379537446,           833P   1319
-0.0115276379537446,-0.0115276379537446,-0.00372708392891438,        833P   1320
-0.00372708392891438,-0.00372708392891438,0.,0.,0.,0.,1.,1.,1.,      833P   1321
1.,1.,1.,1.,1.,1.,1.,1.,1.,1.,1.,1.,1.,1.,1.,1.,1.,1.,1.,            833P   1322
-15.5987000716134,-12.3399058670363,7.09000000001517,                833P   1323
-15.5948476184245,-12.3659650087317,7.09000000996197,                833P   1324
-15.5931955317953,-12.3922250563454,7.09000350151572,                833P   1325
-15.5936244722292,-12.4184632947806,7.09000788273184,                833P   1326
-15.5939363389224,-12.4375401455676,7.09001106815172,                833P   1327
-15.5953494955483,-12.4566058693108,7.09001470902525,                833P   1328
-15.5978352555375,-12.4755745098629,7.09001798797598,                833P   1329
-15.601296560835,-12.5019874605565,7.09002255376252,                 833P   1330
-15.6068168583959,-12.5280712033994,7.09002631478317,                833P   1331
-15.6142975813754,-12.5535962667821,7.09002788065303,                833P   1332
-15.6195813618077,-12.5716251165074,7.09002898665743,                833P   1333
-15.6258443479184,-12.5893753451846,7.09002900191258,                833P   1334
-15.6330667806223,-12.606761555789,7.09002786460258,                 833P   1335
-15.6433039147474,-12.6314049103457,7.09002625257026,                833P   1336
-15.65539949356,-12.655156069475,7.09002219590107,                   833P   1337
-15.6692644848468,-12.6777875058862,7.09001717516885,                833P   1338
-15.6827677340999,-12.6998284809215,7.09001228542913,                833P   1339
-15.6979498731236,-12.7208084963345,7.09000641591692,                833P   1340
-15.7147706784624,-12.7404936713026,7.09000284872181,                833P   1341
-15.7228076144351,-12.7498991954524,7.09000114432549,                833P   1342
-15.731219212803,-12.759008666963,7.09000000000001,                  833P   1343
-15.7400040338703,-12.7677934880303,7.09000000000001,                833P   1344
-0.0468362789483522,0.,0.,0.,0.;                                     833P   1345
126,2,2,0,0,0,0,-0.638612370483678,-0.638612370483678,               835P   1346
-0.638612370483678,0.638612363060226,0.638612363060226,              835P   1347
0.638612363060226,1.,0.802923673628439,1.,-13.9127259864882,         835P   1348
-14.025879939647,7.09,-15.3815374882713,-13.8087173672075,7.09,      835P   1349
-15.5987000716145,-12.3399058670365,7.09,-0.638612370483678,         835P   1350
0.638612363060226,0.,0.,0.;                                          835P   1351
126,21,3,0,0,1,0,-0.0468383386515669,-0.0468383386515669,            837P   1352
-0.0468383386515669,-0.0468383386515669,-0.0389526507586771,         837P   1353
-0.0389526507586771,-0.0389526507586771,-0.0332298617185958,         837P   1354
-0.0332298617185958,-0.0332298617185958,-0.0252330724545859,         837P   1355
-0.0252330724545859,-0.0252330724545859,-0.0196201970432134,         837P   1356
-0.0196201970432134,-0.0196201970432134,-0.0116016511622834,         837P   1357
-0.0116016511622834,-0.0116016511622834,-0.00378147914231509,        837P   1358
-0.00378147914231509,-0.00378147914231509,0.,0.,0.,0.,1.,1.,1.,      837P   1359
1.,1.,1.,1.,1.,1.,1.,1.,1.,1.,1.,1.,1.,1.,1.,1.,1.,1.,1.,            837P   1360
-14.3406136038214,-14.1671839024568,7.09000000000001,                837P   1361
-14.3220275054369,-14.1485978040723,7.09000000000001,                837P   1362
-14.3019696866451,-14.131658812498,7.09000489643841,                 837P   1363
-14.2806907578733,-14.116401552606,7.09001005805844,                 837P   1364
-14.2652482470849,-14.1053290779053,7.09001380394122,                837P   1365
-14.2491615613186,-14.0951430400264,7.0900177643446,                 837P   1366
-14.2325163664253,-14.0858704002726,7.09002094858183,                837P   1367
-14.2092570579155,-14.0729131960995,7.09002539810355,                837P   1368
-14.1850337411139,-14.0618074473376,7.09002825200841,                837P   1369
-14.1600907863399,-14.0526076399039,7.09002865927571,                837P   1370
-14.1425835477575,-14.0461503767162,7.09002894513301,                837P   1371
-14.1247209874235,-14.0406329533337,7.09002808463795,                837P   1372
-14.1065821070165,-14.0360884926123,7.09002626779895,                837P   1373
-14.0806689280997,-14.0295962824475,7.09002367226534,                837P   1374
-14.0543613239789,-14.0251300385327,7.0900191652797,                 837P   1375
-14.0278965656164,-14.022751014248,7.09001436387399,                 837P   1376
-14.002086528992,-14.0204308455514,7.09000968125209,                 837P   1377
-13.9761257711436,-14.0200957075128,7.09000479713952,                837P   1378
-13.9502273539195,-14.0218502894864,7.09000209800911,                837P   1379
-13.9377040584853,-14.022698725444,7.09000079283254,                 837P   1380
-13.9251953476507,-14.0240365317443,7.09000000477474,                837P   1381
-13.9127259864881,-14.0258799396459,7.09000000001518,                837P   1382
-0.0468383386515669,0.,0.,0.,0.;                                     837P   1383
126,1,1,0,0,1,0,0.0988833224469048,0.0988833224469048,               839P   1384
1.0396372201332,1.0396372201332,1.,1.,-20.992748208638,              839P   1385
-20.8193185072734,7.09,-14.3406136038214,-14.1671839024568,7.09,     839P   1386
0.0988833224469048,1.0396372201332,0.,0.,0.;                         839P   1387
126,21,3,0,0,1,0,-0.0468362785768006,-0.0468362785768006,            841P   1388
-0.0468362785768006,-0.0468362785768006,-0.0389338975801853,         841P   1389
-0.0389338975801853,-0.0389338975801853,-0.0331883694022006,         841P   1390
-0.0331883694022006,-0.0331883694022006,-0.0251879880921631,         841P   1391
-0.0251879880921631,-0.0251879880921631,-0.0195371630369612,         841P   1392
-0.0195371630369612,-0.0195371630369612,-0.0115276379553961,         841P   1393
-0.0115276379553961,-0.0115276379553961,-0.00372708392868717,        841P   1394
-0.00372708392868717,-0.00372708392868717,0.,0.,0.,0.,1.,1.,1.,      841P   1395
1.,1.,1.,1.,1.,1.,1.,1.,1.,1.,1.,1.,1.,1.,1.,1.,1.,1.,1.,            841P   1396
-13.9127259864881,-28.3188947908189,7.09000000001517,                841P   1397
-13.9387851282105,-28.3227472438142,7.09000000996197,                841P   1398
-13.9650451758367,-28.3243993302509,7.09000350151565,                841P   1399
-13.9912834142704,-28.3239703896257,7.09000788273168,                841P   1400
-14.0103602644408,-28.3236585228035,7.09001106815138,                841P   1401
-14.0294259875607,-28.3222453661202,7.09001470902469,                841P   1402
-14.0483946274911,-28.3197596061428,7.09001798797523,                841P   1403
-14.0748075781678,-28.3162983007505,7.09002255376168,                841P   1404
-14.100891320987,-28.3107780030957,7.09002631478227,                 841P   1405
-14.1264163843396,-28.3032972800234,7.0900278806521,                 841P   1406
-14.144445233458,-28.2980134996972,7.09002898665644,                 841P   1407
-14.1621954615431,-28.2917505137567,7.09002900191162,                841P   1408
-14.1795816715787,-28.2845280812856,7.09002786460175,                841P   1409
-14.2042250261319,-28.2742909471571,7.09002625256955,                841P   1410
-14.2279761852579,-28.262195368341,7.09002219590053,                 841P   1411
-14.2506076216662,-28.2483303770517,7.09001717516846,                841P   1412
-14.2726485967062,-28.2348271277916,7.09001228542888,                841P   1413
-14.2936286121235,-28.2196449887609,7.09000641591679,                841P   1414
-14.3133137870958,-28.202824183416,7.09000284872175,                 841P   1415
-14.3227193112447,-28.1947872474427,7.09000114432547,                841P   1416
-14.3318287827547,-28.1863756490748,7.09,-14.3406136038215,          841P   1417
-28.177590828008,7.09,-0.0468362785768006,0.,0.,0.,0.;               841P   1418
126,2,2,0,0,0,0,-0.638612370483681,-0.638612370483681,               843P   1419
-0.638612370483681,0.638612363060228,0.638612363060228,              843P   1420
0.638612363060228,1.,0.802923673628431,1.,-13.9127259864882,         843P   1421
-28.3188947908179,7.09,-15.3815374882713,-28.5360573632574,7.09,     843P   1422
-15.5987000716145,-30.0048688634284,7.09,-0.638612370483681,         843P   1423
0.638612363060228,0.,0.,0.;                                          843P   1424
126,21,3,0,0,1,0,-0.0468383390231459,-0.0468383390231459,            845P   1425
-0.0468383390231459,-0.0468383390231459,-0.038952651130087,          845P   1426
-0.038952651130087,-0.038952651130087,-0.0332298619039049,           845P   1427
-0.0332298619039049,-0.0332298619039049,-0.0252330726382075,         845P   1428
-0.0252330726382075,-0.0252330726382075,-0.0196201970421916,         845P   1429
-0.0196201970421916,-0.0196201970421916,-0.011601651160432,          845P   1430
-0.011601651160432,-0.011601651160432,-0.00378147914244739,          845P   1431
-0.00378147914244739,-0.00378147914244739,0.,0.,0.,0.,1.,1.,1.,      845P   1432
1.,1.,1.,1.,1.,1.,1.,1.,1.,1.,1.,1.,1.,1.,1.,1.,1.,1.,1.,            845P   1433
-15.7400040338703,-29.5769812424345,7.09000000000001,                845P   1434
-15.7214179354854,-29.5955673408194,7.09000000000001,                845P   1435
-15.7044789439138,-29.6156251596116,7.09000489643849,                845P   1436
-15.6892216840261,-29.6369040883831,7.09001005805865,                845P   1437
-15.6781492089688,-29.6523465996732,7.09001380394165,                845P   1438
-15.6679631707916,-29.6684332859827,7.09001776434526,                845P   1439
-15.6586905308002,-29.6850784814522,7.09002094858266,                845P   1440
-15.6457333267136,-29.7083377900159,7.09002539810446,                845P   1441
-15.6346275780421,-29.7325611068635,7.09002825200937,                845P   1442
-15.6254277707012,-29.7575040616753,7.09002865927666,                845P   1443
-15.6189705073677,-29.7750113008564,7.09002894513397,                845P   1444
-15.613453083902,-29.7928738618083,7.09002808463883,                 845P   1445
-15.6089086231629,-29.8110127428446,7.09002626779968,                845P   1446
-15.6024164131859,-29.8369259218105,7.09002367226593,                845P   1447
-15.5979501694617,-29.8632335259652,7.09001916528015,                845P   1448
-15.59557114537,-29.8896982843464,7.09001436387431,                  845P   1449
-15.5932509768623,-29.9155083209798,7.09000968125228,                845P   1450
-15.5929158390134,-29.9414690788227,7.09000479713961,                845P   1451
-15.5946704211768,-29.9673674960264,7.09000209800914,                845P   1452
-15.5955188572265,-29.9798907914543,7.09000079283254,                845P   1453
-15.5968566636192,-29.9923995022792,7.09000000477473,                845P   1454
-15.5987000716135,-30.0048688634286,7.09000000001517,                845P   1455
-0.0468383390231459,0.,0.,0.,0.;                                     845P   1456
126,1,1,0,0,1,0,-0.553501307013778,-0.553501307013778,               847P   1457
0.387252592162634,0.387252592162634,1.,1.,-29.7504109621471,         847P   1458
-29.5769812607824,7.09,-23.0982763467938,-22.9248466454292,7.09,     847P   1459
-0.553501307013778,0.387252592162634,0.,0.,0.;                       847P   1460
126,21,3,0,0,1,0,-0.0468362785768014,-0.0468362785768014,            849P   1461
-0.0468362785768014,-0.0468362785768014,-0.0389338975799481,         849P   1462
-0.0389338975799481,-0.0389338975799481,-0.0331883694022024,         849P   1463
-0.0331883694022024,-0.0331883694022024,-0.025187988092268,          849P   1464
-0.025187988092268,-0.025187988092268,-0.0195371630369632,           849P   1465
-0.0195371630369632,-0.0195371630369632,-0.0115276379553615,         849P   1466
-0.0115276379553615,-0.0115276379553615,-0.00372708392862209,        849P   1467
-0.00372708392862209,-0.00372708392862209,0.,0.,0.,0.,1.,1.,1.,      849P   1468
1.,1.,1.,1.,1.,1.,1.,1.,1.,1.,1.,1.,1.,1.,1.,1.,1.,1.,1.,            849P   1469
-29.891714924958,-30.0048688781158,7.09000000001518,                 849P   1470
-29.8955673779534,-29.9788097363927,7.09000000996198,                849P   1471
-29.89721946439,-29.9525496887656,7.09000350151566,                  849P   1472
-29.8967905237646,-29.9263114503311,7.09000788273167,                849P   1473
-29.8964786569424,-29.9072346001615,7.09001106815137,                849P   1474
-29.8950655002591,-29.8881688770424,7.09001470902469,                849P   1475
-29.8925797402818,-29.8692002371128,7.09001798797524,                849P   1476
-29.8891184348895,-29.8427872864365,7.09002255376168,                849P   1477
-29.8835981372348,-29.8167035436176,7.09002631478227,                849P   1478
-29.8761174141627,-29.7911784802653,7.0900278806521,                 849P   1479
-29.8708336338364,-29.7731496311465,7.09002898665643,                849P   1480
-29.8645706478958,-29.7553994030611,7.09002900191162,                849P   1481
-29.8573482154246,-29.7380131930252,7.09002786460175,                849P   1482
-29.8471110812961,-29.7133698384718,7.09002625256955,                849P   1483
-29.8350155024799,-29.6896186793458,7.09002219590054,                849P   1484
-29.8211505111906,-29.6669872429374,7.09001717516847,                849P   1485
-29.8076472619304,-29.6449462678974,7.09001228542889,                849P   1486
-29.7924651228996,-29.62396625248,7.09000641591679,                  849P   1487
-29.7756443175546,-29.6042810775076,7.09000284872175,                849P   1488
-29.7676073815814,-29.5948755533589,7.09000114432547,                849P   1489
-29.7591957832137,-29.585766081849,7.09000000000001,                 849P   1490
-29.7504109621471,-29.5769812607824,7.09000000000001,                849P   1491
-0.0468362785768014,0.,0.,0.,0.;                                     849P   1492
126,2,2,0,0,0,0,-0.638612363060226,-0.638612363060226,               851P   1493
-0.638612363060226,0.63861237048368,0.63861237048368,                851P   1494
0.63861237048368,1.,0.80292367362844,1.,-31.5776889975674,           851P   1495
-28.3188947929894,7.09,-30.1088774973964,-28.5360573763326,7.09,     851P   1496
-29.8917149249569,-30.0048688781156,7.09,-0.638612363060226,         851P   1497
0.63861237048368,0.,0.,0.;                                           851P   1498
126,21,3,0,0,1,0,-0.0468383390231234,-0.0468383390231234,            853P   1499
-0.0468383390231234,-0.0468383390231234,-0.0389526511301564,         853P   1500
-0.0389526511301564,-0.0389526511301564,-0.0332298619038965,         853P   1501
-0.0332298619038965,-0.0332298619038965,-0.025233072637951,          853P   1502
-0.025233072637951,-0.025233072637951,-0.0196201970421935,           853P   1503
-0.0196201970421935,-0.0196201970421935,-0.0116016511604309,         853P   1504
-0.0116016511604309,-0.0116016511604309,-0.00378147914244608,        853P   1505
-0.00378147914244608,-0.00378147914244608,0.,0.,0.,0.,1.,1.,1.,      853P   1506
1.,1.,1.,1.,1.,1.,1.,1.,1.,1.,1.,1.,1.,1.,1.,1.,1.,1.,1.,            853P   1507
-31.1498013765736,-28.1775908307336,7.08999999999999,                853P   1508
-31.1683874749583,-28.1961769291183,7.08999999999999,                853P   1509
-31.1884452937501,-28.2131159206897,7.09000489643849,                853P   1510
-31.2097242225214,-28.2283731805773,7.09001005805866,                853P   1511
-31.2251667338117,-28.2394456556348,7.09001380394166,                853P   1512
-31.2412534201214,-28.2496316938121,7.09001776434526,                853P   1513
-31.2578986155913,-28.2589043338037,7.09002094858266,                853P   1514
-31.2811579241557,-28.2718615378907,7.09002539810446,                853P   1515
-31.3053812410041,-28.2829672865625,7.09002825200936,                853P   1516
-31.3303241958167,-28.2921670939035,7.09002865927666,                853P   1517
-31.3478314349971,-28.2986243572367,7.09002894513397,                853P   1518
-31.3656939959482,-28.3041417807021,7.09002808463883,                853P   1519
-31.3838328769836,-28.308686241441,7.09002626779968,                 853P   1520
-31.4097460559495,-28.3151784514179,7.09002367226593,                853P   1521
-31.4360536601042,-28.3196446951422,7.09001916528014,                853P   1522
-31.4625184184854,-28.3220237192339,7.09001436387431,                853P   1523
-31.4883284551189,-28.3243438877416,7.09000968125228,                853P   1524
-31.5142892129617,-28.3246790255905,7.09000479713961,                853P   1525
-31.5401876301654,-28.3229244434271,7.09000209800914,                853P   1526
-31.5527109255933,-28.3220760073774,7.09000079283254,                853P   1527
-31.5652196364183,-28.3207382009847,7.09000000477474,                853P   1528
-31.5776889975676,-28.3188947929904,7.09000000001517,                853P   1529
-0.0468383390231234,0.,0.,0.,0.;                                     853P   1530
126,1,1,0,0,1,0,0.0988833217018475,0.0988833217018475,               855P   1531
1.03963721977359,1.03963721977359,1.,1.,-24.4976667690315,           855P   1532
-21.5254562231915,7.09,-31.1498013765736,-28.1775908307336,7.09,     855P   1533
0.0988833217018475,1.03963721977359,0.,0.,0.;                        855P   1534
126,2,2,0,0,0,0,0.927637780114389,0.927637780114389,                 857P   1535
0.927637780114389,0.932866989163096,0.932866989163096,               857P   1536
0.932866989163096,1.,0.999996581923538,1.,-29.7485238972846,         857P   1537
-12.7548573760977,6.89000000000019,-29.7494505182929,                857P   1538
-12.7613278898599,6.98980510964387,-29.7504109621471,                857P   1539
-12.7677934696824,7.09000000000021,0.927637780114389,                857P   1540
0.932866989163096,0.,0.,0.;                                          857P   1541
126,2,2,0,0,0,0,-0.932183956311217,-0.932183956311217,               859P   1542
-0.932183956311217,-0.9269520771413,-0.9269520771413,                859P   1543
-0.9269520771413,1.,0.999996578431995,1.,-29.8917149249569,          859P   1544
-12.3399058523492,7.08999999999996,-29.8909497124827,                859P   1545
-12.3347302234604,6.98980473149136,-29.8902115886227,                859P   1546
-12.3295506619256,6.88999999999982,-0.932183956311217,               859P   1547
-0.9269520771413,0.,0.,0.;                                           859P   1548
126,2,2,0,0,0,0,0.926952084593801,0.926952084593801,                 861P   1549
0.926952084593801,0.932183963734669,0.932183963734669,               861P   1550
0.932183963734669,1.,0.999996578432033,1.,-31.5880441879223,         861P   1551
-14.0273832738783,6.8899999999999,-31.5828646264218,                 861P   1552
-14.0266451499839,6.98980473149555,-31.5776889975674,                861P   1553
-14.0258799374755,7.09000000000002,0.926952084593801,                861P   1554
0.932183963734669,0.,0.,0.;                                          861P   1555
126,1,1,0,0,1,0,-0.1,-0.1,0.1,0.1,1.,1.,-31.8702075142726,           863P   1556
-14.0473873503313,6.89,-31.8702075142726,-14.0473873503313,8.89,     863P   1557
-0.1,0.1,0.,0.,0.;                                                   863P   1558
126,2,2,0,0,0,0,-0.78539816339745,-0.78539816339745,                 865P   1559
-0.78539816339745,0.785398163397447,0.785398163397447,               865P   1560
0.785398163397447,1.,0.707106781186552,1.,-31.8702075142726,         865P   1561
-14.0473873503313,8.89,-29.8702075142726,-14.0473873503313,8.89,     865P   1562
-29.8702075142726,-12.0473873503313,8.89,-0.78539816339745,          865P   1563
0.785398163397447,0.,0.,0.;                                          865P   1564
126,1,1,0,0,1,0,-0.1,-0.1,0.1,0.1,1.,1.,-29.8702075142726,           867P   1565
-12.0473873503313,8.89,-29.8702075142726,-12.0473873503313,6.89,     867P   1566
-0.1,0.1,0.,0.,0.;                                                   867P   1567
126,2,2,0,0,0,0,0.926952084593802,0.926952084593802,                 869P   1568
0.926952084593802,0.93218396373467,0.93218396373467,                 869P   1569
0.93218396373467,1.,0.999996578432033,1.,-15.6002034080173,          869P   1570
-12.3295506766816,6.89000000000003,-15.5994652841229,                869P   1571
-12.3347302381821,6.98980473149551,-15.5987000716145,                869P   1572
-12.3399058670365,7.08999999999979,0.926952084593802,                869P   1573
0.93218396373467,0.,0.,0.;                                           869P   1574
126,2,2,0,0,0,0,0.927637780114391,0.927637780114391,                 871P   1575
0.927637780114391,0.932866989163098,0.932866989163098,               871P   1576
0.932866989163098,1.,0.999996581923538,1.,-14.3276775102367,         871P   1577
-14.1690709673193,6.8900000000001,-14.3341480239989,                 871P   1578
-14.168144346311,6.98980510964375,-14.3406136038214,                 871P   1579
-14.1671839024568,7.09000000000004,0.927637780114391,                871P   1580
0.932866989163098,0.,0.,0.;                                          871P   1581
126,2,2,0,0,0,0,-0.932183956311218,-0.932183956311218,               873P   1582
-0.932183956311218,-0.926952077141302,-0.926952077141302,            873P   1583
-0.926952077141302,1.,0.999996578431995,1.,-13.9127259864882,        873P   1584
-14.025879939647,7.08999999999988,-13.9075503575994,                 873P   1585
-14.0266451521212,6.98980473149136,-13.9023707960646,                873P   1586
-14.0273832759811,6.88999999999988,-0.932183956311218,               873P   1587
-0.926952077141302,0.,0.,0.;                                         873P   1588
126,1,1,0,0,1,0,-0.1,-0.1,0.1,0.1,1.,1.,-15.6202074844703,           875P   1589
-12.0473873503313,6.89,-15.6202074844703,-12.0473873503313,8.89,     875P   1590
-0.1,0.1,0.,0.,0.;                                                   875P   1591
126,2,2,0,0,0,0,-0.785398163397448,-0.785398163397448,               877P   1592
-0.785398163397448,0.785398163397448,0.785398163397448,              877P   1593
0.785398163397448,1.,0.707106781186547,1.,-15.6202074844703,         877P   1594
-12.0473873503313,8.89,-15.6202074844703,-14.0473873503313,8.89,     877P   1595
-13.6202074844703,-14.0473873503313,8.89,-0.785398163397448,         877P   1596
0.785398163397448,0.,0.,0.;                                          877P   1597
126,1,1,0,0,1,0,-0.1,-0.1,0.1,0.1,1.,1.,-13.6202074844703,           879P   1598
-14.0473873503313,8.89,-13.6202074844703,-14.0473873503313,6.89,     879P   1599
-0.1,0.1,0.,0.,0.;                                                   879P   1600
126,21,3,0,0,1,0,0.,0.,0.,0.,0.00776555084476109,                    881P   1601
0.00776555084476109,0.00776555084476109,0.0157700469376326,          881P   1602
0.0157700469376326,0.0157700469376326,0.0195377710532961,            881P   1603
0.0195377710532961,0.0195377710532961,0.0275379525211327,            881P   1604
0.0275379525211327,0.0275379525211327,0.0330577688852864,            881P   1605
0.0330577688852864,0.0330577688852864,0.0409610628044165,            881P   1606
0.0409610628044165,0.0409610628044165,0.0465744437699322,            881P   1607
0.0465744437699322,0.0465744437699322,0.0465744437699322,1.,1.,      881P   1608
1.,1.,1.,1.,1.,1.,1.,1.,1.,1.,1.,1.,1.,1.,1.,1.,1.,1.,1.,1.,         881P   1609
-29.7485238972859,-29.5899173543673,6.8900000000153,                 881P   1610
-29.7668278237103,-29.6082208268287,6.88999998727271,                881P   1611
-29.7835153688765,-29.6279306778667,6.89000469529971,                881P   1612
-29.7985636422798,-29.6487990784954,6.89000964564804,                881P   1613
-29.8140749495997,-29.6703095977922,6.89001474831811,                881P   1614
-29.8278451776765,-29.6930521589461,6.89002017419342,                881P   1615
-29.8398070632694,-29.7167900501271,6.89002364242459,                881P   1616
-29.8454375344814,-29.7279634986514,6.89002527492438,                881P   1617
-29.8506666954188,-29.7393578571876,6.89002650446528,                881P   1618
-29.8554838136854,-29.7509498792192,6.89002721939582,                881P   1619
-29.8657122218973,-29.7755637514097,6.89002873744065,                881P   1620
-29.874019409081,-29.800907124149,6.8900278976623,                   881P   1621
-29.8803411189937,-29.8267409906186,6.89002515864281,                881P   1622
-29.8847028547826,-29.8445653611609,6.89002326882511,                881P   1623
-29.8881184882523,-29.8626238755252,6.89002052477698,                881P   1624
-29.8905528721407,-29.8808415721066,6.89001742922001,                881P   1625
-29.8940384321871,-29.9069257388822,6.89001299698984,                881P   1626
-29.8954961945203,-29.9331994947915,6.89000786932866,                881P   1627
-29.8948437746769,-29.9594401478012,6.89000428340267,                881P   1628
-29.8943803879969,-29.9780777922611,6.89000173646858,                881P   1629
-29.8928515247199,-29.9966991133038,6.89,-29.8902115886227,          881P   1630
-30.0152240685392,6.89000000000001,0.,0.0465744437699322,0.,0.,      881P   1631
0.;                                                                  881P   1632
126,2,2,0,0,0,0,0.926952077141299,0.926952077141299,                 883P   1633
0.926952077141299,0.932183956311216,0.932183956311216,               883P   1634
0.932183956311216,1.,0.999996578431995,1.,-29.8902115886227,         883P   1635
-30.0152240685392,6.89000000000008,-29.8909497124827,                883P   1636
-30.0100445070044,6.98980473149162,-29.8917149249569,                883P   1637
-30.0048688781156,7.09000000000022,0.926952077141299,                883P   1638
0.932183956311216,0.,0.,0.;                                          883P   1639
126,2,2,0,0,0,0,-0.932866989163094,-0.932866989163094,               885P   1640
-0.932866989163094,-0.927637780114387,-0.927637780114387,            885P   1641
-0.927637780114387,1.,0.999996581923538,1.,-29.7504109621471,        885P   1642
-29.5769812607824,7.08999999999993,-29.7494505182929,                885P   1643
-29.583446840605,6.98980510964359,-29.7485238972846,                 885P   1644
-29.5899173543672,6.8899999999999,-0.932866989163094,                885P   1645
-0.927637780114387,0.,0.,0.;                                         885P   1646
126,1,1,0,0,1,0,0.413164373403983,0.413164373403983,                 887P   1647
1.35365140130824,1.35365140130824,1.,1.,-29.7485238972846,           887P   1648
-29.5899173543672,6.89,-23.0982763467938,-22.9396698038764,6.89,     887P   1649
0.413164373403983,1.35365140130824,0.,0.,0.;                         887P   1650
126,2,2,0,0,0,0,0.927637787563058,0.927637787563058,                 889P   1651
0.927637787563058,0.932866996582788,0.932866996582788,               889P   1652
0.932866996582788,1.,0.999996581923576,1.,-31.1627374700726,         889P   1653
-28.1757037657854,6.89000000000002,-31.1562669563532,                889P   1654
-28.1766303868367,6.98980510964779,-31.1498013765736,                889P   1655
-28.1775908307336,7.09000000000001,0.927637787563058,                889P   1656
0.932866996582788,0.,0.,0.;                                          889P   1657
126,2,2,0,0,0,0,-0.932183963734669,-0.932183963734669,               891P   1658
-0.932183963734669,-0.9269520845938,-0.9269520845938,                891P   1659
-0.9269520845938,1.,0.999996578432033,1.,-31.5776889975674,          891P   1660
-28.3188947929894,7.09000000000006,-31.5828646264218,                891P   1661
-28.318129580481,6.98980473149567,-31.5880441879223,                 891P   1662
-28.3173914565865,6.89000000000009,-0.932183963734669,               891P   1663
-0.9269520845938,0.,0.,0.;                                           891P   1664
126,2,2,0,0,0,0,-0.785398163397448,-0.785398163397448,               893P   1665
-0.785398163397448,-0.6438442496536,-0.6438442496536,                893P   1666
-0.6438442496536,1.,0.997496356590215,1.,-29.8702075142726,          893P   1667
-30.2973873801336,6.89,-29.8702075142726,-30.1555966261402,6.89,     893P   1668
-29.8902115886227,-30.0152240685392,6.89,-0.785398163397448,         893P   1669
-0.6438442496536,0.,0.,0.;                                           893P   1670
126,1,1,0,0,1,0,-0.1,-0.1,0.1,0.1,1.,1.,-29.8702075142726,           895P   1671
-30.2973873801336,6.89,-29.8702075142726,-30.2973873801336,8.89,     895P   1672
-0.1,0.1,0.,0.,0.;                                                   895P   1673
126,2,2,0,0,0,0,-0.785398163397448,-0.785398163397448,               897P   1674
-0.785398163397448,0.785398163397448,0.785398163397448,              897P   1675
0.785398163397448,1.,0.707106781186549,1.,-29.8702075142726,         897P   1676
-30.2973873801336,8.89,-29.8702075142726,-28.2973873801336,8.89,     897P   1677
-31.8702075142726,-28.2973873801336,8.89,-0.785398163397448,         897P   1678
0.785398163397448,0.,0.,0.;                                          897P   1679
126,1,1,0,0,1,0,-0.1,-0.1,0.1,0.1,1.,1.,-31.8702075142726,           899P   1680
-28.2973873801336,8.89,-31.8702075142726,-28.2973873801336,6.89,     899P   1681
-0.1,0.1,0.,0.,0.;                                                   899P   1682
126,21,3,0,0,1,0,0.,0.,0.,0.,0.00778622360775182,                    901P   1683
0.00778622360775182,0.00778622360775182,0.0158020785763994,          901P   1684
0.0158020785763994,0.0158020785763994,0.0196209260479001,            901P   1685
0.0196209260479001,0.0196209260479001,0.0276171416910593,            901P   1686
0.0276171416910593,0.0276171416910593,0.0330992763406911,            901P   1687
0.0330992763406911,0.0330992763406911,0.0409846625825488,            901P   1688
0.0409846625825488,0.0409846625825488,0.0465764881725279,            901P   1689
0.0465764881725279,0.0465764881725279,0.0465764881725279,1.,1.,      901P   1690
1.,1.,1.,1.,1.,1.,1.,1.,1.,1.,1.,1.,1.,1.,1.,1.,1.,1.,1.,1.,         901P   1691
-15.6002034080173,-30.0152240537833,6.89000000000001,                901P   1692
-15.5965417634292,-29.989529568778,6.89000000000001,                 901P   1693
-15.5950196569862,-29.9636794934432,6.89000329250268,                901P   1694
-15.5955086404737,-29.9378867713107,6.89000751036163,                901P   1695
-15.5960120450657,-29.9113333700374,6.89001185261371,                901P   1696
-15.5986470928724,-29.884839494097,6.89001709562894,                 901P   1697
-15.6033281405525,-29.858636016322,6.89002103781593,                 901P   1698
-15.6055582466568,-29.8461523716905,6.89002291592013,                901P   1699
-15.6082534957155,-29.8337347372231,6.89002451188242,                901P   1700
-15.6114086016311,-29.821409282023,6.89002570034741,                 901P   1701
-15.6180150208366,-29.7956012343292,6.89002818885275,                901P   1702
-15.6265916431475,-29.7703632553756,6.89002869193266,                901P   1703
-15.6370500911996,-29.7459257227643,6.89002688149554,                901P   1704
-15.6442203105892,-29.7291715667662,6.89002564027588,                901P   1705
-15.6522761681496,-29.712793718295,6.89002332588606,                 901P   1706
-15.6612021229621,-29.6968722062121,6.89002032113504,                901P   1707
-15.6740410271065,-29.6739710408172,6.89001599916489,                901P   1708
-15.6886106909026,-29.6521335287859,6.89001015471236,                901P   1709
-15.7048461724811,-29.6315873444581,6.89000565965493,                901P   1710
-15.7163593664543,-29.6170172681452,6.89000247203972,                901P   1711
-15.7287112427384,-29.6030968651336,6.88999999083991,                901P   1712
-15.7418910988172,-29.5899173359337,6.89000000001529,0.,             901P   1713
0.0465764881725279,0.,0.,0.;                                         901P   1714
126,2,2,0,0,0,0,-0.932183963734667,-0.932183963734667,               903P   1715
-0.932183963734667,-0.926952084593799,-0.926952084593799,            903P   1716
-0.926952084593799,1.,0.999996578432033,1.,-15.5987000716145,        903P   1717
-30.0048688634284,7.09000000000014,-15.5994652841229,                903P   1718
-30.0100444922828,6.98980473149567,-15.6002034080174,                903P   1719
-30.0152240537833,6.89000000000002,-0.932183963734667,               903P   1720
-0.926952084593799,0.,0.,0.;                                         903P   1721
126,2,2,0,0,0,0,-0.785398163397448,-0.785398163397448,               905P   1722
-0.785398163397448,-0.643844242201097,-0.643844242201097,            905P   1723
-0.643844242201097,1.,0.997496356328001,1.,-15.6202074844703,        905P   1724
-30.2973873801336,6.89,-15.6202074844703,-30.1555966186502,6.89,     905P   1725
-15.6002034080173,-30.0152240537833,6.89,-0.785398163397448,         905P   1726
-0.643844242201097,0.,0.,0.;                                         905P   1727
126,1,1,0,0,1,0,0.0339594233205398,0.0339594233205398,               907P   1728
0.39645942332054,0.39645942332054,1.,1.,-15.6202074844703,           907P   1729
-30.2973873801336,6.89,-15.6202074844703,-33.9223873801336,6.89,     907P   1730
0.0339594233205398,0.39645942332054,0.,0.,0.;                        907P   1731
126,2,2,0,0,0,0,-0.785398163397451,-0.785398163397451,               909P   1732
-0.785398163397451,0.785398163397446,0.785398163397446,              909P   1733
0.785398163397446,1.,0.707106781186548,1.,-17.6202074844703,         909P   1734
-35.9223873801336,6.89,-15.6202074844703,-35.9223873801336,6.89,     909P   1735
-15.6202074844703,-33.9223873801336,6.89,-0.785398163397451,         909P   1736
0.785398163397446,0.,0.,0.;                                          909P   1737
126,1,1,0,0,1,0,-1.79355740155494,-1.79355740155494,                 911P   1738
-0.768557398574712,-0.768557398574712,1.,1.,-17.6202074844703,       911P   1739
-35.9223873801336,6.89,-27.8702075142726,-35.9223873801336,6.89,     911P   1740
-1.79355740155494,-0.768557398574712,0.,0.,0.;                       911P   1741
126,2,2,0,0,0,0,-0.785398163397451,-0.785398163397451,               913P   1742
-0.785398163397451,0.785398163397446,0.785398163397446,              913P   1743
0.785398163397446,1.,0.707106781186549,1.,-29.8702075142726,         913P   1744
-33.9223873801336,6.89,-29.8702075142726,-35.9223873801336,6.89,     913P   1745
-27.8702075142726,-35.9223873801336,6.89,-0.785398163397451,         913P   1746
0.785398163397446,0.,0.,0.;                                          913P   1747
126,1,1,0,0,1,0,0.0222905766794605,0.0222905766794605,               915P   1748
0.38479057667946,0.38479057667946,1.,1.,-29.8702075142726,           915P   1749
-33.9223873801336,6.89,-29.8702075142726,-30.2973873801336,6.89,     915P   1750
0.0222905766794605,0.38479057667946,0.,0.,0.;                        915P   1751
126,2,2,0,0,0,0,1.86932852797979,1.86932852797979,                   917P   1752
1.86932852797979,3.14159265358979,3.14159265358979,                  917P   1753
3.14159265358979,1.,0.804399666539853,1.,-23.7452074993715,          917P   1754
-26.9227720033781,6.89,-26.1452074993715,-27.6613209492541,6.89,     917P   1755
-26.1452074993715,-30.1723873652324,6.89,1.86932852797979,           917P   1756
3.14159265358979,0.,0.,0.;                                           917P   1757
126,6,2,0,0,0,0,3.14159265358979,3.14159265358979,                   919P   1758
3.14159265358979,4.6128782466564,4.6128782466564,                    919P   1759
6.08416383972301,6.08416383972301,7.55544943278962,                  919P   1760
7.55544943278962,7.55544943278962,1.,0.741399549075543,1.,           919P   1761
0.741399549075545,1.,0.741399549075543,1.,-26.1452074993715,         919P   1762
-30.1723873652324,6.89,-26.1452074993715,-33.2498334441702,6.89,     919P   1763
-23.0829858806835,-33.5555671956757,6.89,-20.0207642619955,          919P   1764
-33.8613009471812,6.89,-19.4123217551843,-30.8446020751234,6.89,     919P   1765
-18.803879248373,-27.8279032030656,6.89,-21.7452074993715,           919P   1766
-26.922772003378,6.89,3.14159265358979,7.55544943278962,0.,0.,       919P   1767
0.;                                                                  919P   1768
126,1,1,0,0,1,0,-0.0027478863900412,-0.0027478863900412,             921P   1769
0.197861695352437,0.197861695352437,1.,1.,-21.7452074993715,         921P   1770
-26.922772003378,6.89,-21.7452074993715,-24.9166761859532,6.89,      921P   1771
-0.0027478863900412,0.197861695352437,0.,0.,0.;                      921P   1772
126,2,2,0,0,0,0,1.38277456556501,1.38277456556501,                   923P   1773
1.38277456556501,1.7588180880248,1.7588180880248,                    923P   1774
1.7588180880248,1.,0.98237592136062,1.,-21.7452074993715,            923P   1775
-24.9166761859532,6.89,-22.7452074993715,-24.7264069786303,6.89,     923P   1776
-23.7452074993715,-24.9166761859533,6.89,1.38277456556501,           923P   1777
1.7588180880248,0.,0.,0.;                                            923P   1778
126,1,1,0,0,1,0,-0.197861695352435,-0.197861695352435,               925P   1779
0.00274788639004386,0.00274788639004386,1.,1.,-23.7452074993715,     925P   1780
-24.9166761859533,6.89,-23.7452074993715,-26.9227720033781,6.89,     925P   1781
-0.197861695352435,0.00274788639004386,0.,0.,0.;                     925P   1782
126,2,2,0,0,0,0,0.9269520771413,0.9269520771413,0.9269520771413,     927P   1783
0.932183956311216,0.932183956311216,0.932183956311216,1.,            927P   1784
0.999996578431995,1.,-13.9023707960647,-28.3173914544837,6.89,       927P   1785
-13.9075503575994,-28.3181295783436,6.98980473149144,                927P   1786
-13.9127259864882,-28.3188947908179,7.08999999999992,                927P   1787
0.9269520771413,0.932183956311216,0.,0.,0.;                          927P   1788
126,1,1,0,0,1,0,-0.1,-0.1,0.1,0.1,1.,1.,-13.6202074844703,           929P   1789
-28.2973873801336,6.89,-13.6202074844703,-28.2973873801336,8.89,     929P   1790
-0.1,0.1,0.,0.,0.;                                                   929P   1791
126,2,2,0,0,0,0,-0.785398163397448,-0.785398163397448,               931P   1792
-0.785398163397448,0.785398163397448,0.785398163397448,              931P   1793
0.785398163397448,1.,0.707106781186548,1.,-13.6202074844703,         931P   1794
-28.2973873801336,8.89,-15.6202074844703,-28.2973873801336,8.89,     931P   1795
-15.6202074844703,-30.2973873801336,8.89,-0.785398163397448,         931P   1796
0.785398163397448,0.,0.,0.;                                          931P   1797
126,1,1,0,0,1,0,-0.1,-0.1,0.1,0.1,1.,1.,-15.6202074844703,           933P   1798
-30.2973873801336,8.89,-15.6202074844703,-30.2973873801336,6.89,     933P   1799
-0.1,0.1,0.,0.,0.;                                                   933P   1800
126,8,2,0,1,0,0,-3.14159265358979,-3.14159265358979,                 935P   1801
-3.14159265358979,-1.5707963267949,-1.5707963267949,0.,0.,           935P   1802
1.5707963267949,1.5707963267949,3.14159265358979,                    935P   1803
3.14159265358979,3.14159265358979,1.,0.707106781186547,1.,           935P   1804
0.707106781186547,1.,0.707106781186547,1.,0.707106781186547,1.,      935P   1805
-35.9793540166216,-21.1723873652324,7.89,-35.9793540166216,          935P   1806
-25.4065338824826,7.89,-31.7452074993714,-25.4065338824826,7.89,     935P   1807
-27.5110609821213,-25.4065338824826,7.89,-27.5110609821213,          935P   1808
-21.1723873652324,7.89,-27.5110609821213,-16.9382408479823,7.89,     935P   1809
-31.7452074993714,-16.9382408479823,7.89,-35.9793540166216,          935P   1810
-16.9382408479823,7.89,-35.9793540166216,-21.1723873652324,7.89,     935P   1811
-3.14159265358979,3.14159265358979,0.,0.,0.;                         935P   1812
126,2,2,0,0,0,0,1.5707963267949,1.5707963267949,1.5707963267949,     937P   1813
2.47754649076311,2.47754649076311,2.47754649076311,1.,               937P   1814
0.898973932230035,1.,-35.9793540166216,-21.1723873652324,7.89,       937P   1815
-35.6139356340231,-21.1723873652324,7.89,-35.3887252658659,          937P   1816
-21.1723873652324,8.17776880375642,1.5707963267949,                  937P   1817
2.47754649076311,0.,0.,0.;                                           937P   1818
126,8,2,0,1,0,0,-3.14159265358979,-3.14159265358979,                 939P   1819
-3.14159265358979,-1.5707963267949,-1.5707963267949,0.,0.,           939P   1820
1.5707963267949,1.5707963267949,3.14159265358979,                    939P   1821
3.14159265358979,3.14159265358979,1.,0.707106781186548,1.,           939P   1822
0.707106781186548,1.,0.707106781186548,1.,0.707106781186548,1.,      939P   1823
-35.3887252658659,-21.1723873652324,8.17776880375642,                939P   1824
-35.3887252658659,-17.528869598738,8.17776880375642,                 939P   1825
-31.7452074993714,-17.528869598738,8.17776880375642,                 939P   1826
-28.101689732877,-17.528869598738,8.17776880375642,                  939P   1827
-28.101689732877,-21.1723873652324,8.17776880375642,                 939P   1828
-28.101689732877,-24.8159051317269,8.17776880375642,                 939P   1829
-31.7452074993714,-24.8159051317269,8.17776880375642,                939P   1830
-35.3887252658659,-24.8159051317269,8.17776880375642,                939P   1831
-35.3887252658659,-21.1723873652324,8.17776880375642,                939P   1832
-3.14159265358979,3.14159265358979,0.,0.,0.;                         939P   1833
126,2,2,0,0,0,0,-3.14159265358979,-3.14159265358979,                 941P   1834
-3.14159265358979,-1.5707963267949,-1.5707963267949,                 941P   1835
-1.5707963267949,1.,0.707106781186545,1.,-31.7452074993714,          941P   1836
-18.3630161159881,9.24362268690939,-34.5545787486158,                941P   1837
-18.3630161159881,9.24362268690939,-34.5545787486158,                941P   1838
-21.1723873652324,9.24362268690939,-3.14159265358979,                941P   1839
-1.5707963267949,0.,0.,0.;                                           941P   1840
126,6,2,0,0,0,0,-1.5707963267949,-1.5707963267949,                   943P   1841
-1.5707963267949,0.,0.,1.5707963267949,1.5707963267949,              943P   1842
3.14159265358979,3.14159265358979,3.14159265358979,1.,               943P   1843
0.707106781186545,1.,0.707106781186545,1.,0.707106781186545,1.,      943P   1844
-34.5545787486158,-21.1723873652324,9.24362268690939,                943P   1845
-34.5545787486158,-23.9817586144767,9.24362268690939,                943P   1846
-31.7452074993714,-23.9817586144767,9.24362268690939,                943P   1847
-28.9358362501271,-23.9817586144767,9.24362268690939,                943P   1848
-28.9358362501271,-21.1723873652324,9.24362268690939,                943P   1849
-28.9358362501271,-18.3630161159881,9.24362268690939,                943P   1850
-31.7452074993714,-18.3630161159881,9.24362268690939,                943P   1851
-1.5707963267949,3.14159265358979,0.,0.,0.;                          943P   1852
126,1,1,0,0,1,0,-0.255576180646845,-0.255576180646845,               945P   1853
0.181022739785714,0.181022739785714,1.,1.,-34.5545787486158,         945P   1854
-21.1723873652324,9.2436226869094,-35.3887252658659,                 945P   1855
-21.1723873652324,8.17776880375642,-0.255576180646845,               945P   1856
0.181022739785714,0.,0.,0.;                                          945P   1857
126,2,2,0,0,0,0,-0.703941434448973,-0.703941434448973,               947P   1858
-0.703941434448973,-0.439041105122348,-0.439041105122348,            947P   1859
-0.439041105122348,1.,0.991241292713463,1.,-29.5660080836929,        947P   1860
-10.174698457898,7.89,-28.2506584452294,-8.62549417407966,7.89,      947P   1861
-27.3867919806591,-6.78595256927745,7.89,-0.703941434448973,         947P   1862
-0.439041105122348,0.,0.,0.;                                         947P   1863
126,63,3,0,0,1,0,-0.026053354315163,-0.026053354315163,              949P   1864
-0.026053354315163,-0.026053354315163,-0.0245595102449197,           949P   1865
-0.0245595102449197,-0.0245595102449197,-0.0235643871039645,         949P   1866
-0.0235643871039645,-0.0235643871039645,-0.022915623486823,          949P   1867
-0.022915623486823,-0.022915623486823,-0.0213395313073743,           949P   1868
-0.0213395313073743,-0.0213395313073743,-0.0207220608994562,         949P   1869
-0.0207220608994562,-0.0207220608994562,-0.0192442769036895,         949P   1870
-0.0192442769036895,-0.0192442769036895,-0.0174914164425083,         949P   1871
-0.0174914164425083,-0.0174914164425083,-0.0167469182016026,         949P   1872
-0.0167469182016026,-0.0167469182016026,-0.0151557131804554,         949P   1873
-0.0151557131804554,-0.0151557131804554,-0.013274970878224,          949P   1874
-0.013274970878224,-0.013274970878224,-0.0126284720623677,           949P   1875
-0.0126284720623677,-0.0126284720623677,-0.0109078357227288,         949P   1876
-0.0109078357227288,-0.0109078357227288,-0.00898647351965885,        949P   1877
-0.00898647351965885,-0.00898647351965885,-0.00840324029099832,      949P   1878
-0.00840324029099832,-0.00840324029099832,-0.00666022291828295,      949P   1879
-0.00666022291828295,-0.00666022291828295,-0.00507922866423386,      949P   1880
-0.00507922866423386,-0.00507922866423386,-0.00491720554556759,      949P   1881
-0.00491720554556759,-0.00491720554556759,-0.00418609769610391,      949P   1882
-0.00418609769610391,-0.00418609769610391,-0.00255527258327272,      949P   1883
-0.00255527258327272,-0.00255527258327272,-0.00115300455837796,      949P   1884
-0.00115300455837796,-0.00115300455837796,0.,0.,0.,0.,1.,1.,1.,      949P   1885
1.,1.,1.,1.,1.,1.,1.,1.,1.,1.,1.,1.,1.,1.,1.,1.,1.,1.,1.,1.,1.,      949P   1886
1.,1.,1.,1.,1.,1.,1.,1.,1.,1.,1.,1.,1.,1.,1.,1.,1.,1.,1.,1.,1.,      949P   1887
1.,1.,1.,1.,1.,1.,1.,1.,1.,1.,1.,1.,1.,1.,1.,1.,1.,1.,1.,            949P   1888
-29.3782849013327,-10.2436977356503,7.89000000014128,                949P   1889
-29.378284900863,-10.2387183362008,7.89000000012981,                 949P   1890
-29.3786289199045,-10.2337391620462,7.89000066498726,                949P   1891
-29.3793173679029,-10.2288178826956,7.89000061031699,                949P   1892
-29.3797759770363,-10.2255395760353,7.89000057389844,                949P   1893
-29.380387074746,-10.2222855000923,7.8900003134605,                  949P   1894
-29.3811513864201,-10.219060359337,7.89000016233226,                 949P   1895
-29.3816496741052,-10.2169577512314,7.89000006380525,                949P   1896
-29.382212198673,-10.2148713113065,7.89000001685006,                 949P   1897
-29.3828384313119,-10.2128026215261,7.89000008662846,                949P   1898
-29.3843597872244,-10.2077769916995,7.89000025614659,                949P   1899
-29.3862546770778,-10.2028598289532,7.89000093137109,                949P   1900
-29.3884932937832,-10.1981104421407,7.89000119959794,                949P   1901
-29.3893703234318,-10.1962497604809,7.89000130468198,                949P   1902
-29.3903004504037,-10.1944143223509,7.89000137234279,                949P   1903
-29.3912832380892,-10.1926061369851,7.89000141904166,                949P   1904
-29.3936353312327,-10.1882786301755,7.89000153080548,                949P   1905
-29.3962752097454,-10.1841316932662,7.89000150945106,                949P   1906
-29.3991929600026,-10.1801908145249,7.89000126265134,                949P   1907
-29.4026538237527,-10.1755163759413,7.89000096991203,                949P   1908
-29.406503042117,-10.1711310481824,7.89000045396372,                 949P   1909
-29.4106821899737,-10.1670751482777,7.89000042712826,                949P   1910
-29.4124572133122,-10.1653524724508,7.89000041573034,                949P   1911
-29.4142924423671,-10.1636891303782,7.89000048634309,                949P   1912
-29.4161861404338,-10.1620883159717,7.89000063932918,                949P   1913
-29.4202335131563,-10.1586669191413,7.89000096630409,                949P   1914
-29.4245162142554,-10.1555562989783,7.89000167940563,                949P   1915
-29.4290161944345,-10.1527872323136,7.89000185834024,                949P   1916
-29.4343349955755,-10.1495143034674,7.89000206983398,                949P   1917
-29.4399569578106,-10.1467162559759,7.89000168089468,                949P   1918
-29.4457899863115,-10.1444106642377,7.89000228792718,                949P   1919
-29.4477950701628,-10.1436181248628,7.89000249659255,                949P   1920
-29.4498253758905,-10.1428841409819,7.89000279568771,                949P   1921
-29.4518777781672,-10.1422106854264,7.89000316249704,                949P   1922
-29.4573401825123,-10.1404183045689,7.89000413874855,                949P   1923
-29.4629131958497,-10.1390669059525,7.89000575454295,                949P   1924
-29.4685372680792,-10.1381966436371,7.8900060207571,                 949P   1925
-29.4748174328996,-10.1372248583265,7.89000631802724,                949P   1926
-29.4811631010364,-10.1368532513121,7.89000488592067,                949P   1927
-29.4875300925616,-10.1370429411593,7.89000406290735,                949P   1928
-29.4894628052059,-10.1371005218808,7.89000381308006,                949P   1929
-29.4913972963638,-10.1372101311598,7.89000360380382,                949P   1930
-29.4933316959406,-10.1373714083472,7.89000346721074,                949P   1931
-29.4991127315582,-10.1378533920984,7.89000305899648,                949P   1932
-29.5048457573934,-10.1387903465702,7.89000345155541,                949P   1933
-29.5104801376801,-10.1401700744599,7.89000431240613,                949P   1934
-29.5155907711125,-10.1414215490005,7.89000509323601,                949P   1935
-29.5206211457852,-10.1430383611876,7.89000617927435,                949P   1936
-29.5254926939137,-10.1450263477822,7.89000712278125,                949P   1937
-29.5259919388784,-10.1452300802038,7.89000721947352,                949P   1938
-29.5264894702918,-10.1454377173476,7.89000731506869,                949P   1939
-29.5269851704176,-10.1456492689492,7.89000740945322,                949P   1940
-29.5292219515387,-10.1466038675135,7.89000783535087,                949P   1941
-29.5314215324838,-10.1476382086893,7.89000823271888,                949P   1942
-29.5335825768052,-10.1487510006081,7.89000855904135,                949P   1943
-29.538403049396,-10.1512332185297,7.89000928694337,                 949P   1944
-29.5429944808385,-10.1540853256609,7.89000977181207,                949P   1945
-29.5473588802885,-10.1572864627088,7.8900087989602,                 949P   1946
-29.5511116173224,-10.1600389663895,7.89000796245169,                949P   1947
-29.5546958835784,-10.1630508195276,7.89000597986635,                949P   1948
-29.5580833748108,-10.1662893849572,7.89000377761198,                949P   1949
-29.5608687145341,-10.1689522715357,7.89000196682454,                949P   1950
-29.5635205667535,-10.1717686825298,7.89000000026284,                949P   1951
-29.5660080836945,-10.1746984579037,7.89000000009162,                949P   1952
-0.026053354315163,0.,0.,0.,0.;                                      949P   1953
126,1,1,0,0,1,0,-0.00651459101951701,-0.00651459101951701,           951P   1954
0.405368962214039,0.405368962214039,1.,1.,-29.3782849013302,         951P   1955
-14.362533267977,7.89,-29.3782849013302,-10.2436977356415,7.89,      951P   1956
-0.00651459101951701,0.405368962214039,0.,0.,0.;                     951P   1957
126,45,3,0,0,1,0,-0.0278575916195225,-0.0278575916195225,            953P   1958
-0.0278575916195225,-0.0278575916195225,-0.0254696015233754,         953P   1959
-0.0254696015233754,-0.0254696015233754,-0.0228411436911102,         953P   1960
-0.0228411436911102,-0.0228411436911102,-0.0221704145599426,         953P   1961
-0.0221704145599426,-0.0221704145599426,-0.0209037485568019,         953P   1962
-0.0209037485568019,-0.0209037485568019,-0.0182388986623005,         953P   1963
-0.0182388986623005,-0.0182388986623005,-0.0154737120970402,         953P   1964
-0.0154737120970402,-0.0154737120970402,-0.0140906334641279,         953P   1965
-0.0140906334641279,-0.0140906334641279,-0.0139302924931531,         953P   1966
-0.0139302924931531,-0.0139302924931531,-0.011183927062976,          953P   1967
-0.011183927062976,-0.011183927062976,-0.00851734944796376,          953P   1968
-0.00851734944796376,-0.00851734944796376,-0.00769612446271699,      953P   1969
-0.00769612446271699,-0.00769612446271699,-0.00700334811493184,      953P   1970
-0.00700334811493184,-0.00700334811493184,-0.00437048218549711,      953P   1971
-0.00437048218549711,-0.00437048218549711,-0.00196959768652512,      953P   1972
-0.00196959768652512,-0.00196959768652512,0.,0.,0.,0.,1.,1.,1.,      953P   1973
1.,1.,1.,1.,1.,1.,1.,1.,1.,1.,1.,1.,1.,1.,1.,1.,1.,1.,1.,1.,1.,      953P   1974
1.,1.,1.,1.,1.,1.,1.,1.,1.,1.,1.,1.,1.,1.,1.,1.,1.,1.,1.,1.,1.,      953P   1975
1.,-29.5550615966269,-14.5393099632737,7.88999999999999,             953P   1976
-29.5471016312969,-14.5393099632737,7.88999999999995,                953P   1977
-29.539144512551,-14.5387812287724,7.89000056550909,                 953P   1978
-29.5312799176188,-14.5377322753429,7.89000102261395,                953P   1979
-29.5226233674177,-14.5365776935622,7.89000152574873,                953P   1980
-29.5140776209689,-14.534794121982,7.89000194236299,                 953P   1981
-29.5057065654865,-14.5323667048574,7.89000188850352,                953P   1982
-29.5035704419003,-14.5317472772375,7.89000187475968,                953P   1983
-29.5014454937106,-14.5310857454652,7.89000183074388,                953P   1984
-29.4993324396332,-14.5303814651221,7.89000174912131,                953P   1985
-29.4953419557876,-14.5290514379536,7.8900015949778,                 953P   1986
-29.4913939398119,-14.5275691915598,7.89000131003869,                953P   1987
-29.4874952076019,-14.52594269266,7.89000102524334,                  953P   1988
-29.4792929379485,-14.5225208155345,7.89000042608235,                953P   1989
-29.4713734889517,-14.5184903523891,7.88999983924372,                953P   1990
-29.4638006735015,-14.5139207150411,7.88999973399142,                953P   1991
-29.4559427271356,-14.5091790221491,7.88999962477617,                953P   1992
-29.4484561108667,-14.5038563036386,7.8900000587507,                 953P   1993
-29.4414142447348,-14.4979760625722,7.89000057971216,                953P   1994
-29.4378920756683,-14.4950349099291,7.89000084028433,                953P   1995
-29.4344813862371,-14.4919534977955,7.8900011052507,                 953P   1996
-29.431193870291,-14.4887305195515,7.89000119962952,                 953P   1997
-29.4308127469865,-14.4883568781339,7.89000121057091,                953P   1998
-29.4304334591799,-14.4879815050935,7.89000121911516,                953P   1999
-29.4300560224692,-14.4876044013256,7.89000122492891,                953P   2000
-29.4235911799034,-14.4811452614974,7.89000132450846,                953P   2001
-29.4176660513315,-14.4741812679167,7.8900007322985,                 953P   2002
-29.412298920943,-14.4668083841228,7.8900004186017,                  953P   2003
-29.4070877172213,-14.4596496984407,7.89000011401846,                953P   2004
-29.4024019049985,-14.452103654082,7.89000005059953,                 953P   2005
-29.3983021001226,-14.4442425142915,7.89000007869575,                953P   2006
-29.3970394846338,-14.4418215217908,7.89000008734853,                953P   2007
-29.395832809809,-14.4393706371771,7.89000009826799,                 953P   2008
-29.3946848790535,-14.4368920816207,7.89000009098153,                953P   2009
-29.3937164973182,-14.4348011994665,7.89000008483476,                953P   2010
-29.3927899375577,-14.432690628125,7.89000006547742,                 953P   2011
-29.3919051041563,-14.4305612255768,7.89000004336538,                953P   2012
-29.3885423338721,-14.4224685251875,7.88999995932954,                953P   2013
-29.3858048538392,-14.4141660491257,7.88999991221421,                953P   2014
-29.3836780264367,-14.4056986612492,7.88999994728399,                953P   2015
-29.3817385934844,-14.3979773336753,7.88999997926378,                953P   2016
-29.3803077417061,-14.390117729306,7.89000004568132,                 953P   2017
-29.3794065122139,-14.3821784407904,7.89000004877664,                953P   2018
-29.378667176555,-14.3756653393482,7.89000005131592,                 953P   2019
-29.3782849013302,-14.3690985935988,7.88999999999995,                953P   2020
-29.3782849013302,-14.362533267977,7.88999999999999,                 953P   2021
-0.0278575916195225,0.,0.,0.,0.;                                     953P   2022
126,1,1,0,0,1,0,-0.906199853824894,-0.906199853824894,               955P   2023
-0.361347062385836,-0.361347062385836,1.,1.,-35.0035895110175,       955P   2024
-14.5393099632737,7.89,-29.5550615966269,-14.5393099632737,7.89,     955P   2025
-0.906199853824894,-0.361347062385836,0.,0.,0.;                      955P   2026
126,2,2,0,0,0,0,-0.785245870149868,-0.785245870149868,               957P   2027
-0.785245870149868,0.785245870149867,0.785245870149867,              957P   2028
0.785245870149867,1.,0.707214460574173,1.,-35.0035895110175,         957P   2029
-14.5393099632737,7.89,-37.0032849013302,-14.5393099632737,7.89,     957P   2030
-37.0032849013302,-16.5390053535864,7.89,-0.785245870149868,         957P   2031
0.785245870149867,0.,0.,0.;                                          957P   2032
126,1,1,0,0,1,0,-0.769588201909658,-0.769588201909658,               959P   2033
0.157088200419541,0.157088200419541,1.,1.,-37.0032849013302,         959P   2034
-25.8057693768784,7.89,-37.0032849013302,-16.5390053535864,7.89,     959P   2035
-0.769588201909658,0.157088200419541,0.,0.,0.;                       959P   2036
126,2,2,0,0,0,0,-0.785245870149868,-0.785245870149868,               961P   2037
-0.785245870149868,0.785245870149868,0.785245870149868,              961P   2038
0.785245870149868,1.,0.70721446057418,1.,-37.0032849013302,          961P   2039
-25.8057693768784,7.89,-37.0032849013302,-27.8054647671912,7.89,     961P   2040
-35.0035895110175,-27.8054647671912,7.89,-0.785245870149868,         961P   2041
0.785245870149868,0.,0.,0.;                                          961P   2042
126,1,1,0,0,1,0,-0.00651459101951746,-0.00651459101951746,           963P   2043
0.538338200419541,0.538338200419541,1.,1.,-29.5550615966269,         963P   2044
-27.8054647671912,7.89,-35.0035895110175,-27.8054647671912,7.89,     963P   2045
-0.00651459101951746,0.538338200419541,0.,0.,0.;                     963P   2046
126,45,3,0,0,1,0,-0.0278575916195255,-0.0278575916195255,            965P   2047
-0.0278575916195255,-0.0278575916195255,-0.0254968609984981,         965P   2048
-0.0254968609984981,-0.0254968609984981,-0.022896400190917,          965P   2049
-0.022896400190917,-0.022896400190917,-0.0209037485568,              965P   2050
-0.0209037485568,-0.0209037485568,-0.0201618821256867,               965P   2051
-0.0201618821256867,-0.0201618821256867,-0.0175112044185038,         965P   2052
-0.0175112044185038,-0.0175112044185038,-0.0147609446027435,         965P   2053
-0.0147609446027435,-0.0147609446027435,-0.0140906334641247,         965P   2054
-0.0140906334641247,-0.0140906334641247,-0.0139302924931518,         965P   2055
-0.0139302924931518,-0.0139302924931518,-0.0111738479199832,         965P   2056
-0.0111738479199832,-0.0111738479199832,-0.00848021462429919,        965P   2057
-0.00848021462429919,-0.00848021462429919,-0.00700334811492619,      965P   2058
-0.00700334811492619,-0.00700334811492619,-0.00568746120842648,      965P   2059
-0.00568746120842648,-0.00568746120842648,-0.00304390184879289,      965P   2060
-0.00304390184879289,-0.00304390184879289,-0.000645708999374894,     965P   2061
-0.000645708999374894,-0.000645708999374894,0.,0.,0.,0.,1.,1.,       965P   2062
1.,1.,1.,1.,1.,1.,1.,1.,1.,1.,1.,1.,1.,1.,1.,1.,1.,1.,1.,1.,1.,      965P   2063
1.,1.,1.,1.,1.,1.,1.,1.,1.,1.,1.,1.,1.,1.,1.,1.,1.,1.,1.,1.,1.,      965P   2064
1.,1.,-29.3782849013302,-27.9822414624878,7.88999999999999,          965P   2065
-29.3782849013302,-27.974372362056,7.88999999999995,                 965P   2066
-29.3788335333002,-27.96650220623,7.89000006283969,                  965P   2067
-29.3798893894312,-27.9587216945428,7.89000004575012,                965P   2068
-29.3810524668543,-27.9501510785118,7.89000002692512,                965P   2069
-29.3828301315724,-27.9416879917407,7.88999994828753,                965P   2070
-29.3852033286763,-27.9333986784432,7.88999994533989,                965P   2071
-29.3870218352553,-27.9270468374004,7.88999994308121,                965P   2072
-29.3891907403559,-27.9207956710779,7.88999999640654,                965P   2073
-29.3917185504392,-27.9146637323,7.89000006456313,                   965P   2074
-29.3926596569592,-27.9123808046376,7.8900000899379,                 965P   2075
-29.3936486354872,-27.9101193034173,7.89000011253649,                965P   2076
-29.3946856114962,-27.9078802854089,7.89000011973878,                965P   2077
-29.398390711329,-27.8998803074185,7.89000014547243,                 965P   2078
-29.4027042705453,-27.8921679495989,7.89000003910897,                965P   2079
-29.4075516554811,-27.8848148409811,7.89000021873261,                965P   2080
-29.412581149623,-27.8771854867606,7.89000040510444,                 965P   2081
-29.4181859999652,-27.869940893866,7.89000092241216,                 965P   2082
-29.4243353253713,-27.8631695790255,7.89000117303796,                965P   2083
-29.4258340787949,-27.8615192303076,7.8900012341221,                 965P   2084
-29.4273653854252,-27.8598971148581,7.89000127361673,                965P   2085
-29.428929179301,-27.8583048008338,7.89000127121396,                 965P   2086
-29.4293032447372,-27.8579239132698,7.89000127063921,                965P   2087
-29.4296789956127,-27.8575449087873,7.89000126764288,                965P   2088
-29.4300564271549,-27.8571678051478,7.89000126192153,                965P   2089
-29.4365449067987,-27.8506849625264,7.89000116356497,                965P   2090
-29.4435272052732,-27.8447604336288,7.89000037036319,                965P   2091
-29.4509176354704,-27.8393928907218,7.89000001130945,                965P   2092
-29.4581396594655,-27.8341476583559,7.88999966043748,                965P   2093
-29.46575323716,-27.8294338120477,7.88999970136892,                  965P   2094
-29.473694866309,-27.8252941499799,7.89000013168643,                 965P   2095
-29.4780491064124,-27.8230244541465,7.89000036762111,                965P   2096
-29.4825021021388,-27.8209281800734,7.89000070394031,                965P   2097
-29.4870425844832,-27.8190191447123,7.89000103620684,                965P   2098
-29.4910881507062,-27.8173181956963,7.89000133225605,                965P   2099
-29.4951872666972,-27.8157725792556,7.89000163248288,                965P   2100
-29.4993323065807,-27.814391184894,7.89000179081787,                 965P   2101
-29.5076595107847,-27.8116160239163,7.89000210890594,                965P   2102
-29.5161743106669,-27.8095016975985,7.89000184907744,                965P   2103
-29.5248212520596,-27.8080238095653,7.8900013996386,                 965P   2104
-29.5326656127098,-27.8066830942527,7.89000099191519,                965P   2105
-29.5406198028056,-27.8058672459664,7.89000039027692,                965P   2106
-29.5486063991619,-27.8055806443475,7.89000011900959,                965P   2107
-29.5507567754933,-27.8055034773904,7.89000004597136,                965P   2108
-29.5529092332956,-27.8054647671912,7.88999999999997,                965P   2109
-29.5550615966269,-27.8054647671912,7.88999999999999,                965P   2110
-0.0278575916195255,0.,0.,0.,0.;                                     965P   2111
126,1,1,0,0,1,0,-0.906199853824894,-0.906199853824894,               967P   2112
-0.361347062385836,-0.361347062385836,1.,1.,-29.3782849013302,       967P   2113
-33.4307693768784,7.89,-29.3782849013302,-27.9822414624878,7.89,     967P   2114
-0.906199853824894,-0.361347062385836,0.,0.,0.;                      967P   2115
126,2,2,0,0,0,0,-0.785245870149866,-0.785245870149866,               969P   2116
-0.785245870149866,0.785245870149866,0.785245870149866,              969P   2117
0.785245870149866,1.,0.707214460574181,1.,-29.3782849013302,         969P   2118
-33.4307693768784,7.89,-29.3782849013302,-35.4304647671912,7.89,     969P   2119
-27.3785895110175,-35.4304647671912,7.89,-0.785245870149866,         969P   2120
0.785245870149866,0.,0.,0.;                                          969P   2121
126,1,1,0,0,1,0,-0.769588201909658,-0.769588201909658,               971P   2122
0.157088200419541,0.157088200419541,1.,1.,-18.1118254877255,         971P   2123
-35.4304647671912,7.89,-27.3785895110175,-35.4304647671912,7.89,     971P   2124
-0.769588201909658,0.157088200419541,0.,0.,0.;                       971P   2125
126,2,2,0,0,0,0,-0.78524587014987,-0.78524587014987,                 973P   2126
-0.78524587014987,0.785245870149866,0.785245870149866,               973P   2127
0.785245870149866,1.,0.707214460574178,1.,-18.1118254877255,         973P   2128
-35.4304647671912,7.89,-16.1121300974127,-35.4304647671912,7.89,     973P   2129
-16.1121300974127,-33.4307693768784,7.89,-0.78524587014987,          973P   2130
0.785245870149866,0.,0.,0.;                                          973P   2131
126,1,1,0,0,1,0,-0.00651459101951612,-0.00651459101951612,           975P   2132
0.538338200419542,0.538338200419542,1.,1.,-16.1121300974127,         975P   2133
-27.9822414624878,7.89,-16.1121300974127,-33.4307693768784,7.89,     975P   2134
-0.00651459101951612,0.538338200419542,0.,0.,0.;                     975P   2135
126,45,3,0,0,1,0,-0.0278575916195587,-0.0278575916195587,            977P   2136
-0.0278575916195587,-0.0278575916195587,-0.0254964156368653,         977P   2137
-0.0254964156368653,-0.0254964156368653,-0.0228956792204593,         977P   2138
-0.0228956792204593,-0.0228956792204593,-0.0209037485568177,         977P   2139
-0.0209037485568177,-0.0209037485568177,-0.0201618821257011,         977P   2140
-0.0201618821257011,-0.0201618821257011,-0.0175112944565584,         977P   2141
-0.0175112944565584,-0.0175112944565584,-0.0147610373938917,         977P   2142
-0.0147610373938917,-0.0147610373938917,-0.0140906334641245,         977P   2143
-0.0140906334641245,-0.0140906334641245,-0.0139302924931511,         977P   2144
-0.0139302924931511,-0.0139302924931511,-0.0111738336220133,         977P   2145
-0.0111738336220133,-0.0111738336220133,-0.00848002738575949,        977P   2146
-0.00848002738575949,-0.00848002738575949,-0.00700334811492084,      977P   2147
-0.00700334811492084,-0.00700334811492084,-0.00568746120842157,      977P   2148
-0.00568746120842157,-0.00568746120842157,-0.00304427500472462,      977P   2149
-0.00304427500472462,-0.00304427500472462,-0.000646197202164983,     977P   2150
-0.000646197202164983,-0.000646197202164983,0.,0.,0.,0.,1.,1.,       977P   2151
1.,1.,1.,1.,1.,1.,1.,1.,1.,1.,1.,1.,1.,1.,1.,1.,1.,1.,1.,1.,1.,      977P   2152
1.,1.,1.,1.,1.,1.,1.,1.,1.,1.,1.,1.,1.,1.,1.,1.,1.,1.,1.,1.,1.,      977P   2153
1.,1.,-15.935353402116,-27.8054647671912,7.88999999999998,           977P   2154
-15.9432239870864,-27.8054647671912,7.88999999999994,                977P   2155
-15.9510954340099,-27.8060135386861,7.8900000606581,                 977P   2156
-15.958877117752,-27.8070696975196,7.89000004049736,                 977P   2157
-15.967448316357,-27.8082330122238,7.89000001829116,                 977P   2158
-15.9759118598914,-27.8100110100448,7.8899999352273,                 977P   2159
-15.9842016092746,-27.812384682668,7.88999992813516,                 977P   2160
-15.9905508132485,-27.8142027028463,7.88999992270321,                977P   2161
-15.9967994242452,-27.8163708785139,7.88999997294359,                977P   2162
-16.0029289541515,-27.8188977260059,7.89000003859247,                977P   2163
-16.0052118109592,-27.8198388146517,7.89000006304247,                977P   2164
-16.0074732497411,-27.8208277788796,7.8900000848008,                 977P   2165
-16.0097122157546,-27.8218647449195,7.89000009126952,                977P   2166
-16.017711736232,-27.8255696832798,7.89000011438138,                 977P   2167
-16.0254237877998,-27.8298830946842,7.89000000674436,                977P   2168
-16.0327766667528,-27.8347303260374,7.89000018544112,                977P   2169
-16.0404060341972,-27.839759826634,7.89000037085738,                 977P   2170
-16.0476506981198,-27.8453647150697,7.89000088761866,                977P   2171
-16.0544220629367,-27.8515140842303,7.89000113718293,                977P   2172
-16.0560726539468,-27.8530130572924,7.89000119801683,                977P   2173
-16.057695002588,-27.8545445929841,7.89000123722487,                 977P   2174
-16.0592875389071,-27.8561086249625,7.89000123447692,                977P   2175
-16.0596684269186,-27.8564826955712,7.8900012338197,                 977P   2176
-16.0600474316968,-27.8568584516195,7.89000123073824,                977P   2177
-16.0604245354646,-27.8572358883302,7.89000122492891,                977P   2178
-16.0669074139192,-27.8637244904837,7.89000112505941,                977P   2179
-16.0728319236012,-27.8707069153112,7.89000032950003,                977P   2180
-16.0781994557305,-27.8780974664456,7.88999996850776,                977P   2181
-16.0834449871166,-27.8853200348444,7.88999961572062,                977P   2182
-16.0881590775536,-27.8929341981256,7.88999965517698,                977P   2183
-16.092298982961,-27.9008764331825,7.89000008569792,                 977P   2184
-16.0945683787386,-27.9052301738914,7.89000032169906,                977P   2185
-16.0966644185127,-27.9096826385548,7.89000065854768,                977P   2186
-16.0985733027061,-27.914222560606,7.89000099209008,                 977P   2187
-16.1002743326899,-27.9182681405107,7.89000128931378,                977P   2188
-16.1018200582021,-27.9223672645543,7.8900015913039,                 977P   2189
-16.1032015992078,-27.9265123055475,7.89000175217919,                977P   2190
-16.1059766630131,-27.9348383365408,7.89000207532502,                977P   2191
-16.1080912331143,-27.9433518809294,7.89000182392447,                977P   2192
-16.1095695087496,-27.9519975344733,7.89000138239699,                977P   2193
-16.1109107006724,-27.9598414577744,7.8900009818133,                 977P   2194
-16.1117270486452,-27.9677952040596,7.89000038690283,                977P   2195
-16.1120139880727,-27.9757813929553,7.89000011808373,                977P   2196
-16.1120913081059,-27.9779333885723,7.89000004564648,                977P   2197
-16.1121300974127,-27.980087471814,7.88999999999997,                 977P   2198
-16.1121300974127,-27.9822414624878,7.88999999999998,                977P   2199
-0.0278575916195587,0.,0.,0.,0.;                                     977P   2200
126,1,1,0,0,1,0,-1.91333820190966,-1.91333820190966,                 979P   2201
-1.3684854104706,-1.3684854104706,1.,1.,-10.4868254877255,           979P   2202
-27.8054647671912,7.89,-15.935353402116,-27.8054647671912,7.89,      979P   2203
-1.91333820190966,-1.3684854104706,0.,0.,0.;                         979P   2204
126,2,2,0,0,0,0,-0.785245870149867,-0.785245870149867,               981P   2205
-0.785245870149867,0.785245870149869,0.785245870149869,              981P   2206
0.785245870149869,1.,0.707214460574178,1.,-10.4868254877255,         981P   2207
-27.8054647671912,7.89,-8.48713009741267,-27.8054647671912,7.89,     981P   2208
-8.48713009741268,-25.8057693768784,7.89,-0.785245870149867,         981P   2209
0.785245870149869,0.,0.,0.;                                          981P   2210
126,1,1,0,0,1,0,-0.450166903739693,-0.450166903739693,               983P   2211
0.157088200419541,0.157088200419541,1.,1.,-8.48713009741267,         983P   2212
-19.7332183352861,7.89,-8.48713009741267,-25.8057693768784,7.89,     983P   2213
-0.450166903739693,0.157088200419541,0.,0.,0.;                       983P   2214
126,39,3,0,0,1,0,-0.0111442434161302,-0.0111442434161302,            985P   2215
-0.0111442434161302,-0.0111442434161302,-0.00996029059617325,        985P   2216
-0.00996029059617325,-0.00996029059617325,-0.00864418424488353,      985P   2217
-0.00864418424488353,-0.00864418424488353,-0.0083645499785335,       985P   2218
-0.0083645499785335,-0.0083645499785335,-0.0080660656734143,         985P   2219
-0.0080660656734143,-0.0080660656734143,-0.00669014845633861,        985P   2220
-0.00669014845633861,-0.00669014845633861,-0.00563970525756795,      985P   2221
-0.00563970525756795,-0.00563970525756795,-0.00557347943446794,      985P   2222
-0.00557347943446794,-0.00557347943446794,-0.00419519315093252,      985P   2223
-0.00419519315093252,-0.00419519315093252,-0.00307949694405441,      985P   2224
-0.00307949694405441,-0.00307949694405441,-0.00280359314151108,      985P   2225
-0.00280359314151108,-0.00280359314151108,-0.00147901003655059,      985P   2226
-0.00147901003655059,-0.00147901003655059,-0.000289341473751883,     985P   2227
-0.000289341473751883,-0.000289341473751883,0.,0.,0.,0.,1.,1.,       985P   2228
1.,1.,1.,1.,1.,1.,1.,1.,1.,1.,1.,1.,1.,1.,1.,1.,1.,1.,1.,1.,1.,      985P   2229
1.,1.,1.,1.,1.,1.,1.,1.,1.,1.,1.,1.,1.,1.,1.,1.,1.,                  985P   2230
-8.41643018887254,-19.6624861065218,7.88999999999993,                985P   2231
-8.42037661997897,-19.6624861065218,7.88999999999996,                985P   2232
-8.42432382778435,-19.6628299800007,7.88999982761422,                985P   2233
-8.42820302420262,-19.6634878287206,7.88999975322469,                985P   2234
-8.43251521887621,-19.6642191069134,7.88999967053176,                985P   2235
-8.43674512158434,-19.6653373127829,7.88999977619871,                985P   2236
-8.4408471649017,-19.6668395792427,7.88999996152194,                 985P   2237
-8.44171872962933,-19.66715876711,7.89000000089773,                  985P   2238
-8.44258462393138,-19.6674954514337,7.89000004010964,                985P   2239
-8.44344453526375,-19.6678498691907,7.8900000710529,                 985P   2240
-8.44436241288961,-19.668228178113,7.89000010408204,                 985P   2241
-8.44527146643156,-19.6686258667351,7.89000012721855,                985P   2242
-8.44617124639546,-19.6690429871052,7.89000012768337,                985P   2243
-8.45031894435706,-19.6709657786519,7.89000012982607,                985P   2244
-8.45426927053675,-19.6732966714016,7.88999981256013,                985P   2245
-8.45796627253114,-19.6759775335012,7.88999992406908,                985P   2246
-8.46078874655258,-19.6780242361112,7.89000000920053,                985P   2247
-8.4634642221322,-19.6802764094396,7.89000030363227,                 985P   2248
-8.46596217581159,-19.6827276267267,7.89000036320693,                985P   2249
-8.46611966080333,-19.6828821651945,7.89000036696285,                985P   2250
-8.4662763606989,-19.6830374249644,7.89000036960768,                 985P   2251
-8.46643226837225,-19.6831934039807,7.89000037095039,                985P   2252
-8.46967700581189,-19.686439626205,7.89000039889483,                 985P   2253
-8.47258204724156,-19.6899947974076,7.89000001314003,                985P   2254
-8.47512922146226,-19.6937920502796,7.88999998375813,                985P   2255
-8.47719110994671,-19.6968658533612,7.88999995997404,                985P   2256
-8.47901814403045,-19.7000996582107,7.89000011541052,                985P   2257
-8.48057621331129,-19.7034636876339,7.89000023264987,                985P   2258
-8.48096151285481,-19.7042955883825,7.89000026164234,                985P   2259
-8.48133023506145,-19.7051354382741,7.89000028655447,                985P   2260
-8.48168242019337,-19.7059828826796,7.89000031046372,                985P   2261
-8.48337322137573,-19.7100513678964,7.89000042524931,                985P   2262
-8.48466997649322,-19.7142563456073,7.89000058300375,                985P   2263
-8.48557992502663,-19.7185575332035,7.89000053849576,                985P   2264
-8.48639719134983,-19.7224206261622,7.89000049852111,                985P   2265
-8.48690154147713,-19.7263627576984,7.89000022989281,                985P   2266
-8.48706879715427,-19.730325355359,7.89000006759142,                 985P   2267
-8.48710947571436,-19.7312891060059,7.8900000281178,                 985P   2268
-8.4871300974127,-19.7322538637069,7.88999999999889,                 985P   2269
-8.4871300974127,-19.733218335286,7.88999999999885,                  985P   2270
-0.0111442434161302,0.,0.,0.,0.;                                     985P   2271
126,1,1,0,0,1,0,-0.467907933505836,-0.467907933505836,               987P   2272
-0.431343411749529,-0.431343411749529,1.,1.,-8.41643018887254,       987P   2273
-19.6624861065218,7.89,-8.78207540643561,-19.6624861065218,7.89,     987P   2274
-0.467907933505836,-0.431343411749529,0.,0.,0.;                      987P   2275
126,45,3,0,0,1,0,0.,0.,0.,0.,0.00239076923692563,                    989P   2276
0.00239076923692563,0.00239076923692563,0.00502162661255564,         989P   2277
0.00502162661255564,0.00502162661255564,0.00568897383561728,         989P   2278
0.00568897383561728,0.00568897383561728,0.00700603728609235,         989P   2279
0.00700603728609235,0.00700603728609235,0.00967788647012779,         989P   2280
0.00967788647012779,0.00967788647012779,0.0124454893934112,          989P   2281
0.0124454893934112,0.0124454893934112,0.0139312253132111,            989P   2282
0.0139312253132111,0.0139312253132111,0.0140922482647292,            989P   2283
0.0140922482647292,0.0140922482647292,0.0168393226677067,            989P   2284
0.0168393226677067,0.0168393226677067,0.0195020600353894,            989P   2285
0.0195020600353894,0.0195020600353894,0.0201621561943908,            989P   2286
0.0201621561943908,0.0201621561943908,0.0209029303652469,            989P   2287
0.0209029303652469,0.0209029303652469,0.0235366473615621,            989P   2288
0.0235366473615621,0.0235366473615621,0.0259390106946388,            989P   2289
0.0259390106946388,0.0259390106946388,0.0278594341980839,            989P   2290
0.0278594341980839,0.0278594341980839,0.0278594341980839,1.,1.,      989P   2291
1.,1.,1.,1.,1.,1.,1.,1.,1.,1.,1.,1.,1.,1.,1.,1.,1.,1.,1.,1.,1.,      989P   2292
1.,1.,1.,1.,1.,1.,1.,1.,1.,1.,1.,1.,1.,1.,1.,1.,1.,1.,1.,1.,1.,      989P   2293
1.,1.,-8.95885210173197,-19.4857094112249,7.88999999999186,          989P   2294
-8.95885210173204,-19.4936786420147,7.88999999999394,                989P   2295
-8.95832202950774,-19.5016446976731,7.88999889045732,                989P   2296
-8.95727075955055,-19.5095178509411,7.88999800245278,                989P   2297
-8.95611391794579,-19.518181649615,7.8899970252722,                  989P   2298
-8.9543272092733,-19.5267342419051,7.88999622698086,                 989P   2299
-8.95189606570406,-19.5351116269964,7.88999636261952,                989P   2300
-8.95127937818431,-19.5372366470484,7.88999639702582,                989P   2301
-8.95062104742278,-19.5393505906243,7.88999649084548,                989P   2302
-8.94992044493616,-19.5414527486915,7.88999665832778,                989P   2303
-8.94853774954678,-19.5456015268114,7.88999698886757,                989P   2304
-8.94699068762054,-19.5497043419689,7.88999759848503,                989P   2305
-8.94528809572647,-19.5537535357848,7.88999819652932,                989P   2306
-8.94183414765642,-19.5619678972031,7.88999940974662,                989P   2307
-8.93777090198244,-19.5698951360457,7.89000054950978,                989P   2308
-8.93316767335742,-19.5774712097437,7.89000071763856,                989P   2309
-8.92839947421082,-19.5853187947941,7.89000089179275,                989P   2310
-8.92305139412695,-19.5927914907332,7.88999997465348,                989P   2311
-8.91714661539448,-19.5998157921882,7.88999892990932,                989P   2312
-8.91397674525613,-19.603586657183,7.88999836905794,                 989P   2313
-8.91064558274335,-19.607228087203,7.88999780885725,                 989P   2314
-8.90715137322307,-19.6107254803199,7.8899976977095,                 989P   2315
-8.90677267339985,-19.611104525179,7.88999768566339,                 989P   2316
-8.90639205516968,-19.6114818749173,7.88999767911889,                989P   2317
-8.90600953652401,-19.611857524658,7.88999767746174,                 989P   2318
-8.89948371414728,-19.6182661625407,7.88999764919049,                989P   2319
-8.89245985236043,-19.6241320986776,7.88999882534458,                989P   2320
-8.88503296515015,-19.6294353377987,7.88999940494179,                989P   2321
-8.87783408838185,-19.6345757639052,7.88999996674498,                989P   2322
-8.87025467387131,-19.6391881588483,7.89000001111229,                989P   2323
-8.86236690215805,-19.6432100241615,7.88999994555215,                989P   2324
-8.86041151298818,-19.6442070499581,7.8899999292997,                 989P   2325
-8.85843717784881,-19.6451675388922,7.88999991473114,                989P   2326
-8.85644505804255,-19.6460900235029,7.88999992389703,                989P   2327
-8.85420945815669,-19.647125255663,7.88999993418318,                 989P   2328
-8.85195145919765,-19.6481126215855,7.88999997455904,                989P   2329
-8.8496721067763,-19.6490522500147,7.89000002006932,                 989P   2330
-8.84156819407402,-19.6523929649877,7.89000018187464,                989P   2331
-8.83325559597431,-19.6551081966416,7.89000025560423,                989P   2332
-8.82477944259393,-19.6572121825296,7.89000016755936,                989P   2333
-8.81704786015167,-19.6591313479364,7.89000008724863,                989P   2334
-8.80917905090177,-19.6605411444941,7.88999994000158,                989P   2335
-8.80123208973026,-19.6614202885278,7.88999992359937,                989P   2336
-8.79487937413366,-19.6621230668469,7.88999991048761,                989P   2337
-8.78847681277441,-19.6624861065216,7.88999999999353,                989P   2338
-8.78207540643533,-19.6624861065215,7.88999999999186,0.,             989P   2339
0.0278594341980839,0.,0.,0.;                                         989P   2340
126,1,1,0,0,1,0,-1.6872772734313,-1.6872772734313,                   991P   2341
-1.18556733778214,-1.18556733778214,1.,1.,-8.95885210173225,         991P   2342
-19.4857094112252,7.89,-8.95885210173225,-14.4686100547335,7.89,     991P   2343
-1.6872772734313,-1.18556733778214,0.,0.,0.;                         991P   2344
126,39,3,0,0,1,0,-0.0111440262991636,-0.0111440262991636,            993P   2345
-0.0111440262991636,-0.0111440262991636,-0.00995927696520296,        993P   2346
-0.00995927696520296,-0.00995927696520296,-0.00864235405811157,      993P   2347
-0.00864235405811157,-0.00864235405811157,-0.00835950802463686,      993P   2348
-0.00835950802463686,-0.00835950802463686,-0.00806474853044804,      993P   2349
-0.00806474853044804,-0.00806474853044804,-0.00668828745364049,      993P   2350
-0.00668828745364049,-0.00668828745364049,-0.00563409120271627,      993P   2351
-0.00563409120271627,-0.00563409120271627,-0.0055718561944295,       993P   2352
-0.0055718561944295,-0.0055718561944295,-0.00419406598527908,        993P   2353
-0.00419406598527908,-0.00419406598527908,-0.003078289992836,        993P   2354
-0.003078289992836,-0.003078289992836,-0.00280023133430161,          993P   2355
-0.00280023133430161,-0.00280023133430161,-0.0014764108828612,       993P   2356
-0.0014764108828612,-0.0014764108828612,-0.000287487157394788,       993P   2357
-0.000287487157394788,-0.000287487157394788,0.,0.,0.,0.,1.,1.,       993P   2358
1.,1.,1.,1.,1.,1.,1.,1.,1.,1.,1.,1.,1.,1.,1.,1.,1.,1.,1.,1.,1.,      993P   2359
1.,1.,1.,1.,1.,1.,1.,1.,1.,1.,1.,1.,1.,1.,1.,1.,1.,                  993P   2360
-9.02958433049647,-14.5393099632737,7.88999999999885,                993P   2361
-9.02563509101227,-14.5393099632737,7.88999999999899,                993P   2362
-9.02168503396624,-14.5389660622089,7.89000036099234,                993P   2363
-9.01780298430361,-14.5383081394842,7.89000047507685,                993P   2364
-9.01348784355557,-14.5375768172692,7.89000060188892,                993P   2365
-9.00925498029201,-14.5364585517962,7.89000050313298,                993P   2366
-9.00515002769642,-14.534956137756,7.89000038373501,                 993P   2367
-9.0042683742959,-14.5346334523128,7.89000035809095,                 993P   2368
-9.00339251764435,-14.5342928843265,7.89000033229,                   993P   2369
-9.00252278132095,-14.533934187435,7.89000030806753,                 993P   2370
-9.00161641174733,-14.5335603822485,7.89000028282481,                993P   2371
-9.00071863976403,-14.5331676909736,7.890000256369,                  993P   2372
-8.9998298980967,-14.5327560609101,7.89000022510648,                 993P   2373
-8.99567967278916,-14.5308338403486,7.89000007911748,                993P   2374
-8.99172668100546,-14.5285034371297,7.88999990144054,                993P   2375
-8.98802703188559,-14.5258228619239,7.8900000118169,                 993P   2376
-8.98519356547116,-14.5237698780947,7.89000009635133,                993P   2377
-8.98250803901249,-14.5215100042737,7.8900003469107,                 993P   2378
-8.98000139473234,-14.5190496492032,7.8900003638046,                 993P   2379
-8.97985341372082,-14.5189044008986,7.89000036480194,                993P   2380
-8.97970612635644,-14.5187585155335,7.89000036475525,                993P   2381
-8.97955953856754,-14.5186119947909,7.89000036351754,                993P   2382
-8.97631430367663,-14.5153682442049,7.89000033611664,                993P   2383
-8.97340849553992,-14.5118156620633,7.88999989023315,                993P   2384
-8.9708604153557,-14.5080209333954,7.88999988360485,                 993P   2385
-8.96879690330757,-14.5049478478724,7.88999987823706,                993P   2386
-8.9669683552383,-14.5017145814399,7.89000012446858,                 993P   2387
-8.96540900056357,-14.4983508969162,7.89000012326636,                993P   2388
-8.96502039920275,-14.4975126447825,7.89000012296676,                993P   2389
-8.96464864707478,-14.4966663081813,7.89000010297822,                993P   2390
-8.9642937049225,-14.4958122498887,7.89000007373977,                 993P   2391
-8.96260384680856,-14.4917461300258,7.88999993453726,                993P   2392
-8.96130794661757,-14.4875436211082,7.88999969722865,                993P   2393
-8.96039890636605,-14.483244927344,7.88999971768613,                 993P   2394
-8.95958249691924,-14.4793842685974,7.88999973605901,                993P   2395
-8.9590790143446,-14.4754446001638,7.88999990626936,                 993P   2396
-8.9589127020757,-14.4714844861527,7.88999997384072,                 993P   2397
-8.95887248701362,-14.4705269125964,7.88999999017978,                993P   2398
-8.95885210173225,-14.4695683452582,7.88999999999993,                993P   2399
-8.95885210173225,-14.4686100547335,7.88999999999993,                993P   2400
-0.0111440262991636,0.,0.,0.,0.;                                     993P   2401
126,1,1,0,0,1,0,1.00062375706525,1.00062375706525,                   995P   2402
1.6912006642272,1.6912006642272,1.,1.,-15.935353402116,              995P   2403
-14.5393099632737,7.89,-9.02958433049651,-14.5393099632737,7.89,     995P   2404
1.00062375706525,1.6912006642272,0.,0.,0.;                           995P   2405
126,45,3,0,0,1,0,-0.027857591619539,-0.027857591619539,              997P   2406
-0.027857591619539,-0.027857591619539,-0.0254697645418206,           997P   2407
-0.0254697645418206,-0.0254697645418206,-0.0228418528003654,         997P   2408
-0.0228418528003654,-0.0228418528003654,-0.0221704145599445,         997P   2409
-0.0221704145599445,-0.0221704145599445,-0.0209037485568005,         997P   2410
-0.0209037485568005,-0.0209037485568005,-0.0182386231555262,         997P   2411
-0.0182386231555262,-0.0182386231555262,-0.0154733768599159,         997P   2412
-0.0154733768599159,-0.0154733768599159,-0.0140906334641153,         997P   2413
-0.0140906334641153,-0.0140906334641153,-0.013930292493141,          997P   2414
-0.013930292493141,-0.013930292493141,-0.0111839407692834,           997P   2415
-0.0111839407692834,-0.0111839407692834,-0.00851748993805719,        997P   2416
-0.00851748993805719,-0.00851748993805719,-0.00769612446270372,      997P   2417
-0.00769612446270372,-0.00769612446270372,-0.00700334811492001,      997P   2418
-0.00700334811492001,-0.00700334811492001,-0.004370190937574,        997P   2419
-0.004370190937574,-0.004370190937574,-0.0019686720776354,           997P   2420
-0.0019686720776354,-0.0019686720776354,0.,0.,0.,0.,1.,1.,1.,1.,     997P   2421
1.,1.,1.,1.,1.,1.,1.,1.,1.,1.,1.,1.,1.,1.,1.,1.,1.,1.,1.,1.,1.,      997P   2422
1.,1.,1.,1.,1.,1.,1.,1.,1.,1.,1.,1.,1.,1.,1.,1.,1.,1.,1.,1.,1.,      997P   2423
-16.1121300974127,-14.362533267977,7.88999999999999,                 997P   2424
-16.1121300974127,-14.3704926899123,7.88999999999994,                997P   2425
-16.1116010217651,-14.378449216996,7.89000055736783,                 997P   2426
-16.1105516921135,-14.386313233758,7.89000100445857,                 997P   2427
-16.1093968573528,-14.394967940029,7.89000149650216,                 997P   2428
-16.1076131616977,-14.4035118897484,7.89000189970857,                997P   2429
-16.1051860633169,-14.4118812733117,7.89000183634143,                997P   2430
-16.1045659334091,-14.4140196724385,7.89000182015096,                997P   2431
-16.1039036214591,-14.4161468758098,7.89000177385959,                997P   2432
-16.1031984854322,-14.4182621630289,7.89000169019701,                997P   2433
-16.1018682486673,-14.4222526453192,7.89000153236784,                997P   2434
-16.1003858455086,-14.426200670881,7.89000124485971,                 997P   2435
-16.0987592297993,-14.4300994217583,7.89000095835129,                997P   2436
-16.0953367531289,-14.438302578684,7.89000035552395,                 997P   2437
-16.0913057426645,-14.446222895912,7.8899997688182,                  997P   2438
-16.0867355230466,-14.4537965241435,7.88999966545606,                997P   2439
-16.0819936137682,-14.4616546712316,7.88999955821091,                997P   2440
-16.0766707364993,-14.469141490154,7.88999999597814,                 997P   2441
-16.0707902903511,-14.4761835390985,7.89000052038729,                997P   2442
-16.0678498115632,-14.4797048697975,7.89000078261467,                997P   2443
-16.064769135754,-14.4831147746152,7.89000104914551,                 997P   2444
-16.06154694466,-14.4864015661589,7.89000114486977,                  997P   2445
-16.0611733039323,-14.4867826978635,7.89000115596982,                997P   2446
-16.0607979313432,-14.4871619940745,7.89000116466865,                997P   2447
-16.0604208277693,-14.4875394391909,7.89000117063251,                997P   2448
-16.0539617234986,-14.4940043934681,7.89000127278264,                997P   2449
-16.0469976951761,-14.4999296395988,7.89000068184318,                997P   2450
-16.0396248221546,-14.5052968563119,7.89000036949681,                997P   2451
-16.0324664515694,-14.5105079220839,7.89000006623768,                997P   2452
-16.0249207969357,-14.5151936116673,7.89000000417665,                997P   2453
-16.0170602281008,-14.5192932802623,7.89000003507031,                997P   2454
-16.0146388821746,-14.5205561298168,7.8900000445867,                 997P   2455
-16.0121876483951,-14.5217630129818,7.89000005651028,                997P   2456
-16.0097087529656,-14.5229111236251,7.89000005040341,                997P   2457
-16.0076179417814,-14.5238794914495,7.8900000452526,                 997P   2458
-16.0055074547849,-14.5248060313374,7.89000002702063,                997P   2459
-16.0033781475401,-14.5256908398705,7.89000000613804,                997P   2460
-15.9952849141723,-14.5290538876235,7.8899999267659,                 997P   2461
-15.9869820152947,-14.5317914356593,7.88999988581409,                997P   2462
-15.9785141810295,-14.5339181839198,7.889999926971,                  997P   2463
-15.970791260474,-14.5358578425555,7.88999996450735,                 997P   2464
-15.962930000797,-14.5372886411831,7.89000003642062,                 997P   2465
-15.9549889071112,-14.5381895715451,7.89000004339916,                997P   2466
-15.9484791063073,-14.5389281193355,7.89000004911989,                997P   2467
-15.9419156423748,-14.5393099632737,7.88999999999995,                997P   2468
-15.935353402116,-14.5393099632737,7.88999999999999,                 997P   2469
-0.027857591619539,0.,0.,0.,0.;                                      997P   2470
126,1,1,0,0,1,0,-1.91333820190966,-1.91333820190966,                 999P   2471
-1.3684854104706,-1.3684854104706,1.,1.,-16.1121300974127,           999P   2472
-8.91400535358644,7.89,-16.1121300974127,-14.362533267977,7.89,      999P   2473
-1.91333820190966,-1.3684854104706,0.,0.,0.;                         999P   2474
126,2,2,0,0,0,0,-0.785245870149869,-0.785245870149869,              1001P   2475
-0.785245870149869,0.785245870149868,0.785245870149868,             1001P   2476
0.785245870149868,1.,0.707214460574175,1.,-16.1121300974127,        1001P   2477
-8.91400535358644,7.89,-16.1121300974127,-6.91430996327366,7.89,    1001P   2478
-18.1118254877255,-6.91430996327366,7.89,-0.785245870149869,        1001P   2479
0.785245870149868,0.,0.,0.;                                         1001P   2480
126,1,1,0,0,1,0,-0.718795938995713,-0.718795938995713,              1003P   2481
0.157088200419541,0.157088200419541,1.,1.,-26.870666881878,         1003P   2482
-6.91430996327365,7.89,-18.1118254877255,-6.91430996327365,7.89,    1003P   2483
-0.718795938995713,0.157088200419541,0.,0.,0.;                      1003P   2484
126,2,2,0,0,0,0,-0.785245870149865,-0.785245870149865,              1005P   2485
-0.785245870149865,-0.626771211445292,-0.626771211445292,           1005P   2486
-0.626771211445292,1.,0.996862364984934,1.,-26.870666881878,        1005P   2487
-6.91430996327366,7.89,-27.0698413836309,-6.91430996327366,7.89,    1005P   2488
-27.2665104856569,-6.94574212373045,7.89,-0.785245870149865,        1005P   2489
-0.626771211445292,0.,0.,0.;                                        1005P   2490
126,57,3,0,0,1,0,-0.0246061441495128,-0.0246061441495128,           1007P   2491
-0.0246061441495128,-0.0246061441495128,-0.0231585589921802,        1007P   2492
-0.0231585589921802,-0.0231585589921802,-0.0215458967118646,        1007P   2493
-0.0215458967118646,-0.0215458967118646,-0.0213988144984258,        1007P   2494
-0.0213988144984258,-0.0213988144984258,-0.0195083458785521,        1007P   2495
-0.0195083458785521,-0.0195083458785521,-0.018039969322231,         1007P   2496
-0.018039969322231,-0.018039969322231,-0.0177586112508923,          1007P   2497
-0.0177586112508923,-0.0177586112508923,-0.0158438314354595,        1007P   2498
-0.0158438314354595,-0.0158438314354595,-0.0142548878382331,        1007P   2499
-0.0142548878382331,-0.0142548878382331,-0.0134388395252401,        1007P   2500
-0.0134388395252401,-0.0134388395252401,-0.0114624912785232,        1007P   2501
-0.0114624912785232,-0.0114624912785232,-0.0103591539676163,        1007P   2502
-0.0103591539676163,-0.0103591539676163,-0.00894886232578813,       1007P   2503
-0.00894886232578813,-0.00894886232578813,-0.00709789035997569,     1007P   2504
-0.00709789035997569,-0.00709789035997569,-0.00657391556289172,     1007P   2505
-0.00657391556289172,-0.00657391556289172,-0.00470655034624504,     1007P   2506
-0.00470655034624504,-0.00470655034624504,-0.00446209058813552,     1007P   2507
-0.00446209058813552,-0.00446209058813552,-0.00308575482296299,     1007P   2508
-0.00308575482296299,-0.00308575482296299,-0.00142563769385743,     1007P   2509
-0.00142563769385743,-0.00142563769385743,0.,0.,0.,0.,1.,1.,1.,     1007P   2510
1.,1.,1.,1.,1.,1.,1.,1.,1.,1.,1.,1.,1.,1.,1.,1.,1.,1.,1.,1.,1.,     1007P   2511
1.,1.,1.,1.,1.,1.,1.,1.,1.,1.,1.,1.,1.,1.,1.,1.,1.,1.,1.,1.,1.,     1007P   2512
1.,1.,1.,1.,1.,1.,1.,1.,1.,1.,1.,1.,1.,-27.3867919806557,           1007P   2513
-6.78595256927336,7.89000000003103,-27.3888430343099,               1007P   2514
-6.79032014681849,7.89000000076194,-27.3906066973382,               1007P   2515
-6.79485614988157,7.89000111373457,-27.3920749641224,               1007P   2516
-6.79947733874844,7.89000188885726,-27.3937106664839,               1007P   2517
-6.80462551047295,7.89000275237202,-27.3949809661988,               1007P   2518
-6.80987993686152,7.89000326103659,-27.3958820828663,               1007P   2519
-6.81518766821721,7.89000338306778,-27.3959642688489,               1007P   2520
-6.81567175771671,7.89000339419758,-27.3960433806747,               1007P   2521
-6.81615632549394,7.89000340291616,-27.3961194125387,               1007P   2522
-6.81664135116361,7.89000340960924,-27.3970966609065,               1007P   2523
-6.82287545511748,7.89000349563637,-27.3975596531977,               1007P   2524
-6.82913965958334,7.89000311486693,-27.397504731501,                1007P   2525
-6.83538408688444,7.89000253800199,-27.3974620723787,               1007P   2526
-6.84023429733501,7.89000208993585,-27.3971071189433,               1007P   2527
-6.8450742316606,7.89000157493265,-27.3964281789128,                1007P   2528
-6.84989944548759,7.89000121415399,-27.3962980860856,               1007P   2529
-6.850824012725,7.89000114502459,-27.3961560608642,                 1007P   2530
-6.85174807347917,7.89000108092475,-27.3960022316461,               1007P   2531
-6.85267132179572,7.89000102477827,-27.3949553482906,               1007P   2532
-6.85895447988228,7.89000064267385,-27.3933737525533,               1007P   2533
-6.86514884219965,7.89000069622844,-27.3912973845893,               1007P   2534
-6.87116158815285,7.8900010880445,-27.3895743501415,                1007P   2535
-6.87615115097729,7.89000141318561,-27.3875096717651,               1007P   2536
-6.88101726056651,7.89000197577178,-27.3851011873186,               1007P   2537
-6.88571682817245,7.89000194968451,-27.3838642399071,               1007P   2538
-6.88813042814121,7.89000193628662,-27.3825362535577,               1007P   2539
-6.89050014626402,7.89000175408452,-27.3811216208164,               1007P   2540
-6.89282279466995,7.89000155715731,-27.3776955896693,               1007P   2541
-6.89844790537935,7.89000108022876,-27.3737951180561,               1007P   2542
-6.90374843703698,7.89000069699717,-27.3694764184855,               1007P   2543
-6.90867478041341,7.89000077967518,-27.3670654150711,               1007P   2544
-6.91142501355809,7.89000082583189,-27.3645231850502,               1007P   2545
-6.9140582414745,7.89000097036954,-27.3618544181146,                1007P   2546
-6.91656091157573,7.89000093428723,-27.3584431859682,               1007P   2547
-6.91975983786157,7.89000088816662,-27.3548250376161,               1007P   2548
-6.92274588682556,7.89000055104039,-27.3510231800397,               1007P   2549
-6.92550868043084,7.89000037993952,-27.3460333385181,               1007P   2550
-6.92913477687714,7.89000015537399,-27.3407696645793,               1007P   2551
-6.93234734275286,7.89000031091193,-27.3352856239251,               1007P   2552
-6.93511328916133,7.89000054076026,-27.3337331967992,               1007P   2553
-6.93589627574076,7.89000060582593,-27.3321631400641,               1007P   2554
-6.9366431625983,7.89000066973883,-27.3305768402802,                1007P   2555
-6.93735242467738,7.89000071196655,-27.3249235129521,               1007P   2556
-6.93988012513802,7.89000086245962,-27.3190612426038,               1007P   2557
-6.94193254345979,7.89000069741402,-27.313042906718,                1007P   2558
-6.94350129850406,7.8900005079427,-27.3122550367706,                1007P   2559
-6.94370666672835,7.89000048313871,-27.3114645481506,               1007P   2560
-6.94390369791239,7.89000045894897,-27.3106716164884,               1007P   2561
-6.94409233136203,7.89000043726953,-27.3062073225918,               1007P   2562
-6.94515435876992,7.89000031521184,-27.3016934477327,               1007P   2563
-6.94594445619444,7.8900003305459,-27.2971574010417,                1007P   2564
-6.94645782382812,7.89000046844138,-27.2916860843757,               1007P   2565
-6.94707704075452,7.890000634769,-27.2861816565037,                 1007P   2566
-6.94729272851797,7.89000091921794,-27.2806713939495,               1007P   2567
-6.94710729645554,7.89000072182675,-27.275939415788,                1007P   2568
-6.94694805531934,7.89000055231563,-27.2712030573208,               1007P   2569
-6.9464921031907,7.89000000007133,-27.2665104856516,                1007P   2570
-6.94574212372408,7.89000000005076,-0.0246061441495128,0.,0.,0.,    1007P   2571
0.;                                                                 1007P   2572
126,6,2,0,0,0,0,-3.14159265358979,-3.14159265358979,                1009P   2573
-3.14159265358979,-1.5707963267949,-1.5707963267949,0.,0.,          1009P   2574
1.5707963267949,1.5707963267949,1.5707963267949,1.,                 1009P   2575
0.707106781186547,1.,0.707106781186547,1.,0.707106781186547,1.,     1009P   2576
-22.7452074993715,-34.4065338824826,7.89,-18.5110609821213,         1009P   2577
-34.4065338824826,7.89,-18.5110609821213,-30.1723873652324,7.89,    1009P   2578
-18.5110609821213,-25.9382408479823,7.89,-22.7452074993715,         1009P   2579
-25.9382408479823,7.89,-26.9793540166216,-25.9382408479823,7.89,    1009P   2580
-26.9793540166216,-30.1723873652324,7.89,-3.14159265358979,         1009P   2581
1.5707963267949,0.,0.,0.;                                           1009P   2582
126,2,2,0,0,0,0,1.5707963267949,1.5707963267949,1.5707963267949,    1011P   2583
3.14159265358979,3.14159265358979,3.14159265358979,1.,              1011P   2584
0.707106781186547,1.,-26.9793540166216,-30.1723873652324,7.89,      1011P   2585
-26.9793540166216,-34.4065338824826,7.89,-22.7452074993715,         1011P   2586
-34.4065338824826,7.89,1.5707963267949,3.14159265358979,0.,0.,      1011P   2587
0.;                                                                 1011P   2588
126,6,2,0,0,0,0,-3.14159265358979,-3.14159265358979,                1013P   2589
-3.14159265358979,-1.5707963267949,-1.5707963267949,0.,0.,          1013P   2590
1.5707963267949,1.5707963267949,1.5707963267949,1.,                 1013P   2591
0.707106781186547,1.,0.707106781186547,1.,0.707106781186547,1.,     1013P   2592
-22.7452074993714,-7.93824084798229,7.89,-26.9793540166216,         1013P   2593
-7.93824084798229,7.89,-26.9793540166216,-12.1723873652324,7.89,    1013P   2594
-26.9793540166216,-16.4065338824826,7.89,-22.7452074993714,         1013P   2595
-16.4065338824826,7.89,-18.5110609821213,-16.4065338824826,7.89,    1013P   2596
-18.5110609821213,-12.1723873652324,7.89,-3.14159265358979,         1013P   2597
1.5707963267949,0.,0.,0.;                                           1013P   2598
126,2,2,0,0,0,0,1.5707963267949,1.5707963267949,1.5707963267949,    1015P   2599
3.14159265358979,3.14159265358979,3.14159265358979,1.,              1015P   2600
0.707106781186547,1.,-18.5110609821213,-12.1723873652324,7.89,      1015P   2601
-18.5110609821213,-7.93824084798229,7.89,-22.7452074993714,         1015P   2602
-7.93824084798229,7.89,1.5707963267949,3.14159265358979,0.,0.,      1015P   2603
0.;                                                                 1015P   2604
126,4,2,0,0,0,0,-3.14159265358979,-3.14159265358979,                1017P   2605
-3.14159265358979,-1.5707963267949,-1.5707963267949,0.,0.,0.,1.,    1017P   2606
0.707106781186547,1.,0.707106781186547,1.,-9.51106098212131,        1017P   2607
-21.1723873652324,7.89,-9.51106098212131,-16.9382408479823,7.89,    1017P   2608
-13.7452074993715,-16.9382408479823,7.89,-17.9793540166216,         1017P   2609
-16.9382408479823,7.89,-17.9793540166216,-21.1723873652324,7.89,    1017P   2610
-3.14159265358979,0.,0.,0.,0.;                                      1017P   2611
126,4,2,0,0,0,0,0.,0.,0.,1.5707963267949,1.5707963267949,           1019P   2612
3.14159265358979,3.14159265358979,3.14159265358979,1.,              1019P   2613
0.707106781186547,1.,0.707106781186547,1.,-17.9793540166216,        1019P   2614
-21.1723873652324,7.89,-17.9793540166216,-25.4065338824826,7.89,    1019P   2615
-13.7452074993715,-25.4065338824826,7.89,-9.51106098212131,         1019P   2616
-25.4065338824826,7.89,-9.51106098212131,-21.1723873652324,7.89,    1019P   2617
0.,3.14159265358979,0.,0.,0.;                                       1019P   2618
126,2,2,0,0,0,0,2.47754649076311,2.47754649076311,                  1021P   2619
2.47754649076311,3.14159265358979,3.14159265358979,                 1021P   2620
3.14159265358979,1.,0.945384842539732,1.,-34.5545787486158,         1021P   2621
-21.1723873652324,9.24362268690939,-34.3952074993714,               1021P   2622
-21.1723873652324,9.44726372761046,-34.3952074993714,               1021P   2623
-21.1723873652324,9.70585388315298,2.47754649076311,                1021P   2624
3.14159265358979,0.,0.,0.;                                          1021P   2625
126,2,2,0,0,0,0,1.5707963267949,1.5707963267949,1.5707963267949,    1023P   2626
3.14159265358979,3.14159265358979,3.14159265358979,1.,              1023P   2627
0.707106781186549,1.,-34.3952074993714,-21.1723873652324,           1023P   2628
9.70585388315298,-34.3952074993714,-18.5223873652324,               1023P   2629
9.70585388315298,-31.7452074993714,-18.5223873652324,               1023P   2630
9.70585388315298,1.5707963267949,3.14159265358979,0.,0.,0.;         1023P   2631
126,6,2,0,0,0,0,-3.14159265358979,-3.14159265358979,                1025P   2632
-3.14159265358979,-1.5707963267949,-1.5707963267949,0.,0.,          1025P   2633
1.5707963267949,1.5707963267949,1.5707963267949,1.,                 1025P   2634
0.707106781186549,1.,0.707106781186551,1.,0.707106781186551,1.,     1025P   2635
-31.7452074993714,-18.5223873652324,9.70585388315298,               1025P   2636
-29.0952074993714,-18.5223873652324,9.70585388315298,               1025P   2637
-29.0952074993714,-21.1723873652324,9.70585388315298,               1025P   2638
-29.0952074993714,-23.8223873652324,9.70585388315298,               1025P   2639
-31.7452074993714,-23.8223873652324,9.70585388315298,               1025P   2640
-34.3952074993714,-23.8223873652324,9.70585388315298,               1025P   2641
-34.3952074993714,-21.1723873652324,9.70585388315298,               1025P   2642
-3.14159265358979,1.5707963267949,0.,0.,0.;                         1025P   2643
126,4,2,0,0,0,0,-3.14159265358979,-3.14159265358979,                1027P   2644
-3.14159265358979,-1.5707963267949,-1.5707963267949,                1027P   2645
3.06161699786838D-16,3.06161699786838D-16,3.06161699786838D-16,     1027P   2646
1.,0.707106781186544,1.,0.707106781186546,1.,-31.7452074993714,     1027P   2647
-18.5223873652324,10.9900000143051,-34.3952074993714,               1027P   2648
-18.5223873652324,10.9900000143051,-34.3952074993714,               1027P   2649
-21.1723873652324,10.9900000143051,-34.3952074993714,               1027P   2650
-23.8223873652324,10.9900000143051,-31.7452074993714,               1027P   2651
-23.8223873652324,10.9900000143051,-3.14159265358979,               1027P   2652
3.06161699786838D-16,0.,0.,0.;                                      1027P   2653
126,1,1,0,0,1,0,-0.884210532338997,-0.884210532338997,              1029P   2654
-0.343517424485463,-0.343517424485463,1.,1.,-31.7452074993714,      1029P   2655
-18.5223873652324,10.9900000143051,-31.7452074993714,               1029P   2656
-18.5223873652324,9.70585388315298,-0.884210532338997,              1029P   2657
-0.343517424485463,0.,0.,0.;                                        1029P   2658
126,4,2,0,0,0,0,3.06161699786838D-16,3.06161699786838D-16,          1031P   2659
3.06161699786838D-16,1.5707963267949,1.5707963267949,               1031P   2660
3.14159265358979,3.14159265358979,3.14159265358979,1.,              1031P   2661
0.707106781186546,1.,0.707106781186549,1.,-31.7452074993714,        1031P   2662
-23.8223873652324,10.9900000143051,-29.0952074993714,               1031P   2663
-23.8223873652324,10.9900000143051,-29.0952074993714,               1031P   2664
-21.1723873652324,10.9900000143051,-29.0952074993714,               1031P   2665
-18.5223873652324,10.9900000143051,-31.7452074993714,               1031P   2666
-18.5223873652324,10.9900000143051,3.06161699786838D-16,            1031P   2667
3.14159265358979,0.,0.,0.;                                          1031P   2668
126,2,2,0,0,0,0,1.5707963267949,1.5707963267949,1.5707963267949,    1033P   2669
2.47754649076311,2.47754649076311,2.47754649076311,1.,              1033P   2670
0.898973932230019,1.,-26.9793540166216,-30.1723873652324,7.89,      1033P   2671
-26.6139356340231,-30.1723873652324,7.89,-26.3887252658659,         1033P   2672
-30.1723873652324,8.17776880375642,1.5707963267949,                 1033P   2673
2.47754649076311,0.,0.,0.;                                          1033P   2674
126,6,2,0,0,0,0,-1.5707963267949,-1.5707963267949,                  1035P   2675
-1.5707963267949,0.,0.,1.5707963267949,1.5707963267949,             1035P   2676
3.14159265358979,3.14159265358979,3.14159265358979,1.,              1035P   2677
0.707106781186548,1.,0.707106781186548,1.,0.707106781186548,1.,     1035P   2678
-26.3887252658659,-30.1723873652324,8.17776880375642,               1035P   2679
-26.3887252658659,-26.528869598738,8.17776880375642,                1035P   2680
-22.7452074993715,-26.528869598738,8.17776880375642,                1035P   2681
-19.101689732877,-26.528869598738,8.17776880375642,                 1035P   2682
-19.101689732877,-30.1723873652324,8.17776880375642,                1035P   2683
-19.101689732877,-33.8159051317269,8.17776880375642,                1035P   2684
-22.7452074993715,-33.8159051317269,8.17776880375642,               1035P   2685
-1.5707963267949,3.14159265358979,0.,0.,0.;                         1035P   2686
126,2,2,0,0,0,0,-3.14159265358979,-3.14159265358979,                1037P   2687
-3.14159265358979,-1.5707963267949,-1.5707963267949,                1037P   2688
-1.5707963267949,1.,0.707106781186548,1.,-22.7452074993715,         1037P   2689
-33.8159051317269,8.17776880375642,-26.3887252658659,               1037P   2690
-33.8159051317269,8.17776880375642,-26.3887252658659,               1037P   2691
-30.1723873652324,8.17776880375642,-3.14159265358979,               1037P   2692
-1.5707963267949,0.,0.,0.;                                          1037P   2693
126,2,2,0,0,0,0,-3.14159265358979,-3.14159265358979,                1039P   2694
-3.14159265358979,-1.5707963267949,-1.5707963267949,                1039P   2695
-1.5707963267949,1.,0.707106781186545,1.,-25.5545787486158,         1039P   2696
-30.1723873652324,9.2436226869094,-25.5545787486158,                1039P   2697
-32.9817586144767,9.2436226869094,-22.7452074993715,                1039P   2698
-32.9817586144767,9.24362268690939,-3.14159265358979,               1039P   2699
-1.5707963267949,0.,0.,0.;                                          1039P   2700
126,6,2,0,0,0,0,-1.5707963267949,-1.5707963267949,                  1041P   2701
-1.5707963267949,0.,0.,1.5707963267949,1.5707963267949,             1041P   2702
3.14159265358979,3.14159265358979,3.14159265358979,1.,              1041P   2703
0.707106781186545,1.,0.707106781186545,1.,0.707106781186545,1.,     1041P   2704
-22.7452074993715,-32.9817586144767,9.24362268690939,               1041P   2705
-19.9358362501271,-32.9817586144767,9.24362268690939,               1041P   2706
-19.9358362501271,-30.1723873652324,9.24362268690939,               1041P   2707
-19.9358362501271,-27.3630161159881,9.24362268690939,               1041P   2708
-22.7452074993715,-27.3630161159881,9.24362268690939,               1041P   2709
-25.5545787486158,-27.3630161159881,9.2436226869094,                1041P   2710
-25.5545787486158,-30.1723873652324,9.2436226869094,                1041P   2711
-1.5707963267949,3.14159265358979,0.,0.,0.;                         1041P   2712
126,1,1,0,0,1,0,-0.255576180646846,-0.255576180646846,              1043P   2713
0.181022739785714,0.181022739785714,1.,1.,-22.7452074993715,        1043P   2714
-32.9817586144767,9.2436226869094,-22.7452074993715,                1043P   2715
-33.8159051317269,8.17776880375642,-0.255576180646846,              1043P   2716
0.181022739785714,0.,0.,0.;                                         1043P   2717
126,2,2,0,0,0,0,2.47754649076311,2.47754649076311,                  1045P   2718
2.47754649076311,3.14159265358979,3.14159265358979,                 1045P   2719
3.14159265358979,1.,0.945384842539676,1.,-25.5545787486158,         1045P   2720
-30.1723873652324,9.24362268690939,-25.3952074993715,               1045P   2721
-30.1723873652324,9.44726372761045,-25.3952074993715,               1045P   2722
-30.1723873652324,9.70585388315298,2.47754649076311,                1045P   2723
3.14159265358979,0.,0.,0.;                                          1045P   2724
126,8,2,0,1,0,0,-3.14159265358979,-3.14159265358979,                1047P   2725
-3.14159265358979,-1.5707963267949,-1.5707963267949,0.,0.,          1047P   2726
1.5707963267949,1.5707963267949,3.14159265358979,                   1047P   2727
3.14159265358979,3.14159265358979,1.,0.707106781186541,1.,          1047P   2728
0.707106781186541,1.,0.707106781186541,1.,0.707106781186541,1.,     1047P   2729
-25.3952074993715,-30.1723873652324,9.70585388315298,               1047P   2730
-25.3952074993715,-27.5223873652324,9.70585388315298,               1047P   2731
-22.7452074993715,-27.5223873652324,9.70585388315298,               1047P   2732
-20.0952074993715,-27.5223873652324,9.70585388315298,               1047P   2733
-20.0952074993715,-30.1723873652324,9.70585388315298,               1047P   2734
-20.0952074993715,-32.8223873652324,9.70585388315298,               1047P   2735
-22.7452074993715,-32.8223873652324,9.70585388315298,               1047P   2736
-25.3952074993715,-32.8223873652324,9.70585388315298,               1047P   2737
-25.3952074993715,-30.1723873652324,9.70585388315298,               1047P   2738
-3.14159265358979,3.14159265358979,0.,0.,0.;                        1047P   2739
126,4,2,0,0,0,0,-3.14159265358979,-3.14159265358979,                1049P   2740
-3.14159265358979,-1.5707963267949,-1.5707963267949,                1049P   2741
1.22464679914735D-16,1.22464679914735D-16,1.22464679914735D-16,     1049P   2742
1.,0.707106781186541,1.,0.707106781186541,1.,-25.3952074993715,     1049P   2743
-30.1723873652324,10.9900000143051,-25.3952074993715,               1049P   2744
-32.8223873652324,10.9900000143051,-22.7452074993715,               1049P   2745
-32.8223873652324,10.9900000143051,-20.0952074993715,               1049P   2746
-32.8223873652324,10.9900000143051,-20.0952074993715,               1049P   2747
-30.1723873652324,10.9900000143051,-3.14159265358979,               1049P   2748
1.22464679914735D-16,0.,0.,0.;                                      1049P   2749
126,1,1,0,0,1,0,-0.884210532338997,-0.884210532338997,              1051P   2750
-0.343517424485463,-0.343517424485463,1.,1.,-25.3952074993715,      1051P   2751
-30.1723873652324,10.9900000143051,-25.3952074993715,               1051P   2752
-30.1723873652324,9.70585388315298,-0.884210532338997,              1051P   2753
-0.343517424485463,0.,0.,0.;                                        1051P   2754
126,4,2,0,0,0,0,1.22464679914735D-16,1.22464679914735D-16,          1053P   2755
1.22464679914735D-16,1.5707963267949,1.5707963267949,               1053P   2756
3.14159265358979,3.14159265358979,3.14159265358979,1.,              1053P   2757
0.707106781186541,1.,0.707106781186546,1.,-20.0952074993715,        1053P   2758
-30.1723873652324,10.9900000143051,-20.0952074993715,               1053P   2759
-27.5223873652324,10.9900000143051,-22.7452074993715,               1053P   2760
-27.5223873652324,10.9900000143051,-25.3952074993715,               1053P   2761
-27.5223873652324,10.9900000143051,-25.3952074993715,               1053P   2762
-30.1723873652324,10.9900000143051,1.22464679914735D-16,            1053P   2763
3.14159265358979,0.,0.,0.;                                          1053P   2764
126,2,2,0,0,0,0,1.5707963267949,1.5707963267949,1.5707963267949,    1055P   2765
2.47754649076311,2.47754649076311,2.47754649076311,1.,              1055P   2766
0.898973932229992,1.,-17.9793540166216,-21.1723873652324,7.89,      1055P   2767
-17.6139356340231,-21.1723873652324,7.89,-17.3887252658659,         1055P   2768
-21.1723873652324,8.17776880375642,1.5707963267949,                 1055P   2769
2.47754649076311,0.,0.,0.;                                          1055P   2770
126,4,2,0,0,0,0,-1.85698618206475D-31,-1.85698618206475D-31,        1057P   2771
-1.85698618206475D-31,1.5707963267949,1.5707963267949,              1057P   2772
3.14159265358979,3.14159265358979,3.14159265358979,1.,              1057P   2773
0.707106781186547,1.,0.707106781186547,1.,-17.3887252658659,        1057P   2774
-21.1723873652324,8.17776880375642,-17.3887252658659,               1057P   2775
-17.528869598738,8.17776880375642,-13.7452074993715,                1057P   2776
-17.528869598738,8.17776880375642,-10.101689732877,                 1057P   2777
-17.528869598738,8.17776880375642,-10.101689732877,                 1057P   2778
-21.1723873652324,8.17776880375642,-1.85698618206475D-31,           1057P   2779
3.14159265358979,0.,0.,0.;                                          1057P   2780
126,4,2,0,0,0,0,-3.14159265358979,-3.14159265358979,                1059P   2781
-3.14159265358979,-1.5707963267949,-1.5707963267949,                1059P   2782
-1.85698618206475D-31,-1.85698618206475D-31,                        1059P   2783
-1.85698618206475D-31,1.,0.70710678118655,1.,0.70710678118655,      1059P   2784
1.,-10.101689732877,-21.1723873652324,8.17776880375642,             1059P   2785
-10.101689732877,-24.8159051317269,8.17776880375642,                1059P   2786
-13.7452074993715,-24.8159051317269,8.17776880375642,               1059P   2787
-17.3887252658659,-24.8159051317269,8.17776880375642,               1059P   2788
-17.3887252658659,-21.1723873652324,8.17776880375642,               1059P   2789
-3.14159265358979,-1.85698618206475D-31,0.,0.,0.;                   1059P   2790
126,2,2,0,0,0,0,-3.14159265358979,-3.14159265358979,                1061P   2791
-3.14159265358979,-1.5707963267949,-1.5707963267949,                1061P   2792
-1.5707963267949,1.,0.707106781186547,1.,-13.7452074993715,         1061P   2793
-23.9817586144767,9.2436226869094,-10.9358362501272,                1061P   2794
-23.9817586144767,9.2436226869094,-10.9358362501272,                1061P   2795
-21.1723873652324,9.2436226869094,-3.14159265358979,                1061P   2796
-1.5707963267949,0.,0.,0.;                                          1061P   2797
126,2,2,0,0,0,0,1.5707963267949,1.5707963267949,1.5707963267949,    1063P   2798
3.14159265358979,3.14159265358979,3.14159265358979,1.,              1063P   2799
0.707106781186547,1.,-16.5545787486158,-21.1723873652324,           1063P   2800
9.24362268690939,-16.5545787486158,-23.9817586144767,               1063P   2801
9.24362268690939,-13.7452074993715,-23.9817586144767,               1063P   2802
9.2436226869094,1.5707963267949,3.14159265358979,0.,0.,0.;          1063P   2803
126,4,2,0,0,0,0,-1.5707963267949,-1.5707963267949,                  1065P   2804
-1.5707963267949,0.,0.,1.5707963267949,1.5707963267949,             1065P   2805
1.5707963267949,1.,0.707106781186549,1.,0.707106781186549,1.,       1065P   2806
-10.9358362501272,-21.1723873652324,9.2436226869094,                1065P   2807
-10.9358362501272,-18.3630161159881,9.24362268690939,               1065P   2808
-13.7452074993715,-18.3630161159881,9.24362268690939,               1065P   2809
-16.5545787486158,-18.3630161159881,9.24362268690939,               1065P   2810
-16.5545787486158,-21.1723873652324,9.24362268690939,               1065P   2811
-1.5707963267949,1.5707963267949,0.,0.,0.;                          1065P   2812
126,1,1,0,0,1,0,-0.255576180646846,-0.255576180646846,              1067P   2813
0.181022739785713,0.181022739785713,1.,1.,-10.9358362501272,        1067P   2814
-21.1723873652324,9.2436226869094,-10.101689732877,                 1067P   2815
-21.1723873652324,8.17776880375642,-0.255576180646846,              1067P   2816
0.181022739785713,0.,0.,0.;                                         1067P   2817
126,2,2,0,0,0,0,2.47754649076311,2.47754649076311,                  1069P   2818
2.47754649076311,3.14159265358979,3.14159265358979,                 1069P   2819
3.14159265358979,1.,0.945384842539632,1.,-16.5545787486158,         1069P   2820
-21.1723873652324,9.24362268690939,-16.3952074993715,               1069P   2821
-21.1723873652324,9.44726372761045,-16.3952074993715,               1069P   2822
-21.1723873652324,9.70585388315298,2.47754649076311,                1069P   2823
3.14159265358979,0.,0.,0.;                                          1069P   2824
126,6,2,0,0,0,0,-1.5707963267949,-1.5707963267949,                  1071P   2825
-1.5707963267949,0.,0.,1.5707963267949,1.5707963267949,             1071P   2826
3.14159265358979,3.14159265358979,3.14159265358979,1.,              1071P   2827
0.707106781186546,1.,0.707106781186546,1.,0.707106781186544,1.,     1071P   2828
-16.3952074993715,-21.1723873652324,9.70585388315298,               1071P   2829
-16.3952074993715,-18.5223873652324,9.70585388315298,               1071P   2830
-13.7452074993715,-18.5223873652324,9.70585388315298,               1071P   2831
-11.0952074993715,-18.5223873652324,9.70585388315298,               1071P   2832
-11.0952074993715,-21.1723873652324,9.70585388315298,               1071P   2833
-11.0952074993715,-23.8223873652324,9.70585388315298,               1071P   2834
-13.7452074993715,-23.8223873652324,9.70585388315298,               1071P   2835
-1.5707963267949,3.14159265358979,0.,0.,0.;                         1071P   2836
126,2,2,0,0,0,0,-3.14159265358979,-3.14159265358979,                1073P   2837
-3.14159265358979,-1.5707963267949,-1.5707963267949,                1073P   2838
-1.5707963267949,1.,0.707106781186544,1.,-13.7452074993715,         1073P   2839
-23.8223873652324,9.70585388315298,-16.3952074993715,               1073P   2840
-23.8223873652324,9.70585388315298,-16.3952074993715,               1073P   2841
-21.1723873652324,9.70585388315298,-3.14159265358979,               1073P   2842
-1.5707963267949,0.,0.,0.;                                          1073P   2843
126,4,2,0,0,0,0,-3.14159265358979,-3.14159265358979,                1075P   2844
-3.14159265358979,-1.5707963267949,-1.5707963267949,                1075P   2845
1.83697019872103D-16,1.83697019872103D-16,1.83697019872103D-16,     1075P   2846
1.,0.707106781186549,1.,0.707106781186546,1.,-13.7452074993715,     1075P   2847
-23.8223873652324,10.9900000143051,-11.0952074993715,               1075P   2848
-23.8223873652324,10.9900000143051,-11.0952074993715,               1075P   2849
-21.1723873652324,10.9900000143051,-11.0952074993715,               1075P   2850
-18.5223873652324,10.9900000143051,-13.7452074993715,               1075P   2851
-18.5223873652324,10.9900000143051,-3.14159265358979,               1075P   2852
1.83697019872103D-16,0.,0.,0.;                                      1075P   2853
126,1,1,0,0,1,0,-0.884210532338997,-0.884210532338997,              1077P   2854
-0.343517424485463,-0.343517424485463,1.,1.,-13.7452074993715,      1077P   2855
-23.8223873652324,10.9900000143051,-13.7452074993715,               1077P   2856
-23.8223873652324,9.70585388315298,-0.884210532338997,              1077P   2857
-0.343517424485463,0.,0.,0.;                                        1077P   2858
126,4,2,0,0,0,0,1.83697019872103D-16,1.83697019872103D-16,          1079P   2859
1.83697019872103D-16,1.5707963267949,1.5707963267949,               1079P   2860
3.14159265358979,3.14159265358979,3.14159265358979,1.,              1079P   2861
0.707106781186546,1.,0.707106781186544,1.,-13.7452074993715,        1079P   2862
-18.5223873652324,10.9900000143051,-16.3952074993715,               1079P   2863
-18.5223873652324,10.9900000143051,-16.3952074993715,               1079P   2864
-21.1723873652324,10.9900000143051,-16.3952074993715,               1079P   2865
-23.8223873652324,10.9900000143051,-13.7452074993715,               1079P   2866
-23.8223873652324,10.9900000143051,1.83697019872103D-16,            1079P   2867
3.14159265358979,0.,0.,0.;                                          1079P   2868
126,2,2,0,0,0,0,-3.14159265358979,-3.14159265358979,                1081P   2869
-3.14159265358979,-1.5707963267949,-1.5707963267949,                1081P   2870
-1.5707963267949,1.,0.707106781186548,1.,-22.7452074993714,         1081P   2871
-8.52886959873798,8.17776880375642,-19.101689732877,                1081P   2872
-8.52886959873798,8.17776880375642,-19.101689732877,                1081P   2873
-12.1723873652324,8.17776880375642,-3.14159265358979,               1081P   2874
-1.5707963267949,0.,0.,0.;                                          1081P   2875
126,2,2,0,0,0,0,-2.47754649076311,-2.47754649076311,                1083P   2876
-2.47754649076311,-1.5707963267949,-1.5707963267949,                1083P   2877
-1.5707963267949,1.,0.898973932229992,1.,-19.101689732877,          1083P   2878
-12.1723873652324,8.17776880375642,-18.8764793647198,               1083P   2879
-12.1723873652324,7.89,-18.5110609821213,-12.1723873652324,7.89,    1083P   2880
-2.47754649076311,-1.5707963267949,0.,0.,0.;                        1083P   2881
126,6,2,0,0,0,0,-1.5707963267949,-1.5707963267949,                  1085P   2882
-1.5707963267949,0.,0.,1.5707963267949,1.5707963267949,             1085P   2883
3.14159265358979,3.14159265358979,3.14159265358979,1.,              1085P   2884
0.707106781186548,1.,0.70710678118655,1.,0.70710678118655,1.,       1085P   2885
-19.101689732877,-12.1723873652324,8.17776880375642,                1085P   2886
-19.101689732877,-15.8159051317269,8.17776880375642,                1085P   2887
-22.7452074993714,-15.8159051317269,8.17776880375642,               1085P   2888
-26.3887252658659,-15.8159051317269,8.17776880375642,               1085P   2889
-26.3887252658659,-12.1723873652324,8.17776880375642,               1085P   2890
-26.3887252658659,-8.52886959873798,8.17776880375642,               1085P   2891
-22.7452074993714,-8.52886959873798,8.17776880375642,               1085P   2892
-1.5707963267949,3.14159265358979,0.,0.,0.;                         1085P   2893
126,2,2,0,0,0,0,-3.14159265358979,-3.14159265358979,                1087P   2894
-3.14159265358979,-1.5707963267949,-1.5707963267949,                1087P   2895
-1.5707963267949,1.,0.707106781186547,1.,-19.9358362501271,         1087P   2896
-12.1723873652324,9.24362268690939,-19.9358362501271,               1087P   2897
-9.36301611598813,9.2436226869094,-22.7452074993714,                1087P   2898
-9.36301611598813,9.2436226869094,-3.14159265358979,                1087P   2899
-1.5707963267949,0.,0.,0.;                                          1087P   2900
126,4,2,0,0,0,0,1.56171647720043D-31,1.56171647720043D-31,          1089P   2901
1.56171647720043D-31,1.5707963267949,1.5707963267949,               1089P   2902
3.14159265358979,3.14159265358979,3.14159265358979,1.,              1089P   2903
0.707106781186547,1.,0.707106781186547,1.,-25.5545787486158,        1089P   2904
-12.1723873652324,9.24362268690939,-25.5545787486158,               1089P   2905
-14.9817586144767,9.24362268690939,-22.7452074993714,               1089P   2906
-14.9817586144767,9.24362268690939,-19.9358362501271,               1089P   2907
-14.9817586144767,9.24362268690939,-19.9358362501271,               1089P   2908
-12.1723873652324,9.24362268690939,1.56171647720043D-31,            1089P   2909
3.14159265358979,0.,0.,0.;                                          1089P   2910
126,2,2,0,0,0,0,-1.5707963267949,-1.5707963267949,                  1091P   2911
-1.5707963267949,1.56171647720043D-31,1.56171647720043D-31,         1091P   2912
1.56171647720043D-31,1.,0.707106781186547,1.,-22.7452074993714,     1091P   2913
-9.36301611598813,9.2436226869094,-25.5545787486158,                1091P   2914
-9.36301611598813,9.2436226869094,-25.5545787486158,                1091P   2915
-12.1723873652324,9.24362268690939,-1.5707963267949,                1091P   2916
1.56171647720043D-31,0.,0.,0.;                                      1091P   2917
126,1,1,0,0,1,0,-0.255576180646845,-0.255576180646845,              1093P   2918
0.181022739785714,0.181022739785714,1.,1.,-22.7452074993714,        1093P   2919
-9.36301611598813,9.24362268690939,-22.7452074993714,               1093P   2920
-8.52886959873798,8.17776880375642,-0.255576180646845,              1093P   2921
0.181022739785714,0.,0.,0.;                                         1093P   2922
126,2,2,0,0,0,0,2.47754649076311,2.47754649076311,                  1095P   2923
2.47754649076311,3.14159265358979,3.14159265358979,                 1095P   2924
3.14159265358979,1.,0.945384842539644,1.,-25.5545787486158,         1095P   2925
-12.1723873652324,9.24362268690939,-25.3952074993714,               1095P   2926
-12.1723873652324,9.44726372761045,-25.3952074993714,               1095P   2927
-12.1723873652324,9.70585388315298,2.47754649076311,                1095P   2928
3.14159265358979,0.,0.,0.;                                          1095P   2929
126,4,2,0,0,0,0,0.,0.,0.,1.5707963267949,1.5707963267949,           1097P   2930
3.14159265358979,3.14159265358979,3.14159265358979,1.,              1097P   2931
0.70710678118655,1.,0.707106781186545,1.,-25.3952074993714,         1097P   2932
-12.1723873652324,9.70585388315298,-25.3952074993714,               1097P   2933
-9.52238736523244,9.70585388315298,-22.7452074993714,               1097P   2934
-9.52238736523244,9.70585388315298,-20.0952074993714,               1097P   2935
-9.52238736523244,9.70585388315298,-20.0952074993714,               1097P   2936
-12.1723873652324,9.70585388315298,0.,3.14159265358979,0.,0.,0.;    1097P   2937
126,4,2,0,0,0,0,-3.14159265358979,-3.14159265358979,                1099P   2938
-3.14159265358979,-1.5707963267949,-1.5707963267949,0.,0.,0.,1.,    1099P   2939
0.707106781186544,1.,0.707106781186549,1.,-20.0952074993714,        1099P   2940
-12.1723873652324,9.70585388315298,-20.0952074993714,               1099P   2941
-14.8223873652324,9.70585388315298,-22.7452074993714,               1099P   2942
-14.8223873652324,9.70585388315298,-25.3952074993714,               1099P   2943
-14.8223873652324,9.70585388315298,-25.3952074993714,               1099P   2944
-12.1723873652324,9.70585388315298,-3.14159265358979,0.,0.,0.,      1099P   2945
0.;                                                                 1099P   2946
126,4,2,0,0,0,0,-3.14159265358979,-3.14159265358979,                1101P   2947
-3.14159265358979,-1.5707963267949,-1.5707963267949,                1101P   2948
2.44929359829471D-16,2.44929359829471D-16,2.44929359829471D-16,     1101P   2949
1.,0.70710678118655,1.,0.707106781186545,1.,-20.0952074993714,      1101P   2950
-12.1723873652324,10.9900000143051,-20.0952074993714,               1101P   2951
-9.52238736523244,10.9900000143051,-22.7452074993714,               1101P   2952
-9.52238736523244,10.9900000143051,-25.3952074993714,               1101P   2953
-9.52238736523244,10.9900000143051,-25.3952074993714,               1101P   2954
-12.1723873652324,10.9900000143051,-3.14159265358979,               1101P   2955
2.44929359829471D-16,0.,0.,0.;                                      1101P   2956
126,1,1,0,0,1,0,-0.884210532338997,-0.884210532338997,              1103P   2957
-0.343517424485463,-0.343517424485463,1.,1.,-20.0952074993714,      1103P   2958
-12.1723873652324,10.9900000143051,-20.0952074993714,               1103P   2959
-12.1723873652324,9.70585388315298,-0.884210532338997,              1103P   2960
-0.343517424485463,0.,0.,0.;                                        1103P   2961
126,4,2,0,0,0,0,2.44929359829471D-16,2.44929359829471D-16,          1105P   2962
2.44929359829471D-16,1.5707963267949,1.5707963267949,               1105P   2963
3.14159265358979,3.14159265358979,3.14159265358979,1.,              1105P   2964
0.707106781186549,1.,0.707106781186544,1.,-25.3952074993714,        1105P   2965
-12.1723873652324,10.9900000143051,-25.3952074993714,               1105P   2966
-14.8223873652324,10.9900000143051,-22.7452074993714,               1105P   2967
-14.8223873652324,10.9900000143051,-20.0952074993714,               1105P   2968
-14.8223873652324,10.9900000143051,-20.0952074993714,               1105P   2969
-12.1723873652324,10.9900000143051,2.44929359829471D-16,            1105P   2970
3.14159265358979,0.,0.,0.;                                          1105P   2971
126,27,3,0,0,1,0,0.0466295887502272,0.0466295887502272,             1107P   2972
0.0466295887502272,0.0466295887502272,0.0571243762590674,           1107P   2973
0.0571243762590674,0.0571243762590674,0.0669674383029789,           1107P   2974
0.0669674383029789,0.0669674383029789,0.0759095257526528,           1107P   2975
0.0759095257526528,0.0759095257526528,0.0770782108863915,           1107P   2976
0.0770782108863915,0.0770782108863915,0.0876667272840503,           1107P   2977
0.0876667272840503,0.0876667272840503,0.0979936651071035,           1107P   2978
0.0979936651071035,0.0979936651071035,0.107880977758876,            1107P   2979
0.107880977758876,0.107880977758876,0.117001281377177,              1107P   2980
0.117001281377177,0.117001281377177,0.117768290410649,              1107P   2981
0.117768290410649,0.117768290410649,0.117768290410649,1.,1.,1.,     1107P   2982
1.,1.,1.,1.,1.,1.,1.,1.,1.,1.,1.,1.,1.,1.,1.,1.,1.,1.,1.,1.,1.,     1107P   2983
1.,1.,1.,1.,-35.0189942587564,-14.5255799830269,8.7124409428207,    1107P   2984
-34.9717684014441,-14.525343948406,8.7286429141132,                 1107P   2985
-34.9227694066528,-14.5251256380333,8.74398770961363,               1107P   2986
-34.8722245018467,-14.5249091701573,8.75839249837076,               1107P   2987
-34.8248184315866,-14.5247061449191,8.77190275089816,               1107P   2988
-34.7760520866621,-14.5245056280679,8.7845863431007,                1107P   2989
-34.7261132729729,-14.5243025610356,8.79633196013603,               1107P   2990
-34.6807455574033,-14.524118081536,8.80700245415627,                1107P   2991
-34.634409947435,-14.5239320274632,8.81689873760849,                1107P   2992
-34.5872518079724,-14.5237381065108,8.82590029890338,               1107P   2993
-34.5810884801326,-14.5237127620333,8.82707675696477,               1107P   2994
-34.5749111124419,-14.5236872731505,8.82823787601063,               1107P   2995
-34.5687200153857,-14.5236616641354,8.82938362953278,               1107P   2996
-34.5126227642796,-14.5234296220057,8.83976525050467,               1107P   2997
-34.4558985564438,-14.5231925988463,8.84879795219111,               1107P   2998
-34.3987822048198,-14.5229851822598,8.85651858547459,               1107P   2999
-34.3430768548209,-14.5227828896901,8.86404848833148,               1107P   3000
-34.2869978545129,-14.5226099261859,8.87032979250099,               1107P   3001
-34.2307766172206,-14.5224854526812,8.87535270311918,               1107P   3002
-34.1769487584397,-14.5223662781032,8.88016178481939,               1107P   3003
-34.1229899391952,-14.5222925274762,8.88381676924132,               1107P   3004
-34.0691245107274,-14.5222538191544,8.88627641096796,               1107P   3005
-34.0194376969835,-14.5222181136337,8.88854524579996,               1107P   3006
-33.9698300335298,-14.5222127478186,8.88979645078498,               1107P   3007
-33.9205019415894,-14.5221960324992,8.88997718251241,               1107P   3008
-33.9163534950348,-14.5221946267564,8.88999238188223,               1107P   3009
-33.9122070427774,-14.5221931169089,8.89,-33.908062713804,          1107P   3010
-14.5221914644083,8.89,0.0466295887502272,0.117768290410649,0.,     1107P   3011
0.,0.;                                                              1107P   3012
126,3,3,0,0,1,0,0.0344430666708061,0.0344430666708061,              1109P   3013
0.0344430666708061,0.0344430666708061,0.132406351694083,            1109P   3014
0.132406351694083,0.132406351694083,0.132406351694083,1.,1.,1.,     1109P   3015
1.,-33.9073959451297,-14.5218498229891,8.89,-33.6163714077094,      1109P   3016
-14.372724970852,8.89,-33.3296379501377,-14.2145185433194,8.89,     1109P   3017
-33.0476368671815,-14.0473873284066,8.89,0.0344430666708061,        1109P   3018
0.132406351694083,0.,0.,0.;                                         1109P   3019
126,11,3,0,0,1,0,0.,0.,0.,0.,0.105950774566812,                     1111P   3020
0.105950774566812,0.168997460707279,0.168997460707279,              1111P   3021
0.19627611657967,0.19627611657967,0.207992352266311,                1111P   3022
0.207992352266311,0.218837557165007,0.218837557165007,              1111P   3023
0.218837557165007,0.218837557165007,1.,1.,1.,1.,1.,1.,1.,1.,1.,     1111P   3024
1.,1.,1.,-33.0476369041751,-14.0473873503313,8.89,                  1111P   3025
-33.4008061527312,-14.0473873503313,8.89,-33.75070433377,           1111P   3026
-14.0473873503329,8.82212801561559,-34.1891754647108,               1111P   3027
-14.0473873503329,8.64209536607073,-34.3256849433997,               1111P   3028
-14.0473873501329,8.55920833335644,-34.4609850848967,               1111P   3029
-14.0473873501329,8.42536302321512,-34.4976749247954,               1111P   3030
-14.0473873503313,8.37930397038951,-34.5347424066273,               1111P   3031
-14.0473873503313,8.30607608996223,-34.5438716452995,               1111P   3032
-14.0473873503313,8.28316030121746,-34.5565742163609,               1111P   3033
-14.0473873503313,8.23740904641291,-34.5604273175903,               1111P   3034
-14.0473873503313,8.21499148043389,-34.5618001123298,               1111P   3035
-14.0473873503313,8.19220954015832,0.,0.218837557165007,0.,0.,      1111P   3036
0.;                                                                 1111P   3037
126,3,3,0,0,1,0,0.00384019342767596,0.00384019342767596,            1113P   3038
0.00384019342767596,0.00384019342767596,0.301522893863945,          1113P   3039
0.301522893863945,0.301522893863945,0.301522893863945,1.,1.,1.,     1113P   3040
1.,-34.5618039958419,-14.0473792995545,8.19220954015832,            1113P   3041
-35.4160389838081,-14.4595414299848,8.19220954015832,               1113P   3042
-36.3065996255702,-14.791065032557,8.19220954015832,                1113P   3043
-37.2216587691269,-15.0377480277836,8.19220954015832,               1113P   3044
0.00384019342767596,0.301522893863945,0.,0.,0.;                     1113P   3045
126,57,3,0,0,1,0,0.,0.,0.,0.,0.00589097158491067,                   1115P   3046
0.00589097158491067,0.00589097158491067,0.0120667572384958,         1115P   3047
0.0120667572384958,0.0120667572384958,0.0186732752836176,           1115P   3048
0.0186732752836176,0.0186732752836176,0.0211420735854373,           1115P   3049
0.0211420735854373,0.0211420735854373,0.028757183291103,            1115P   3050
0.028757183291103,0.028757183291103,0.0367257800764978,             1115P   3051
0.0367257800764978,0.0367257800764978,0.0450778111854246,           1115P   3052
0.0450778111854246,0.0450778111854246,0.0466855577543503,           1115P   3053
0.0466855577543503,0.0466855577543503,0.0497257212128915,           1115P   3054
0.0497257212128915,0.0497257212128915,0.0583122469815317,           1115P   3055
0.0583122469815317,0.0583122469815317,0.0666995637115309,           1115P   3056
0.0666995637115309,0.0666995637115309,0.074523829827702,            1115P   3057
0.074523829827702,0.074523829827702,0.0790167685598121,             1115P   3058
0.0790167685598121,0.0790167685598121,0.0852633124072707,           1115P   3059
0.0852633124072707,0.0852633124072707,0.0930035051972284,           1115P   3060
0.0930035051972284,0.0930035051972284,0.0986344407604882,           1115P   3061
0.0986344407604882,0.0986344407604882,0.105402320459848,            1115P   3062
0.105402320459848,0.105402320459848,0.111662533614976,              1115P   3063
0.111662533614976,0.111662533614976,0.116389050166182,              1115P   3064
0.116389050166182,0.116389050166182,0.116389050166182,1.,1.,1.,     1115P   3065
1.,1.,1.,1.,1.,1.,1.,1.,1.,1.,1.,1.,1.,1.,1.,1.,1.,1.,1.,1.,1.,     1115P   3066
1.,1.,1.,1.,1.,1.,1.,1.,1.,1.,1.,1.,1.,1.,1.,1.,1.,1.,1.,1.,1.,     1115P   3067
1.,1.,1.,1.,1.,1.,1.,1.,1.,1.,1.,1.,1.,-37.2216571180174,           1115P   3068
-15.037747582675,8.19220954015832,-37.2220337688605,                1115P   3069
-15.0383808177332,8.21183246788739,-37.222964322933,                1115P   3070
-15.040105264764,8.23133968339304,-37.2244170549573,                1115P   3071
-15.0427948363902,8.25063660405219,-37.2259400230221,               1115P   3072
-15.0456144422268,8.27086648363103,-37.2280369308141,               1115P   3073
-15.049494661185,8.29086599609561,-37.2306631078278,                1115P   3074
-15.0543253225722,8.31057375632838,-37.2334724485019,               1115P   3075
-15.0594929001752,8.33165604138651,-37.2368875487081,               1115P   3076
-15.0657478533889,8.35240525209334,-37.2408435160751,               1115P   3077
-15.072997554435,8.37278722490615,-37.2423218266543,                1115P   3078
-15.0757067046271,8.38040379077706,-37.2438755630143,               1115P   3079
-15.0785551886523,8.38796939915773,-37.2455009717559,               1115P   3080
-15.081539657761,8.39548324193276,-37.2505146117419,                1115P   3081
-15.0907453752385,8.41865999841415,-37.2561591556515,               1115P   3082
-15.1011757935768,8.44118557365621,-37.2622820152461,               1115P   3083
-15.1126748509459,8.4629818142733,-37.2686890929073,                1115P   3084
-15.1247076850257,8.4857898183111,-37.2756200198406,                1115P   3085
-15.1379105220751,8.50780025210997,-37.2828876776452,               1115P   3086
-15.1521476320235,8.52896111692791,-37.2905050418698,               1115P   3087
-15.1670698057,8.55114020391286,-37.2984924319443,                  1115P   3088
-15.1831279752287,8.57238720993575,-37.30661957356,                 1115P   3089
-15.200214948787,8.59266471905856,-37.3081840294244,                1115P   3090
-15.2035041514675,8.59656809241689,-37.3097536188464,               1115P   3091
-15.2068316219031,8.60043557269674,-37.3113266349854,               1115P   3092
-15.2101968013329,8.60426692390612,-37.3143011250436,               1115P   3093
-15.2165601770861,8.61151180576046,-37.317305582895,                1115P   3094
-15.2230906170475,8.6186633996535,-37.3203317758106,                1115P   3095
-15.2297900877415,8.62571648313539,-37.3288788436918,               1115P   3096
-15.2487118261725,8.64563695250866,-37.3376000660398,               1115P   3097
-15.2689797457583,8.66477455540936,-37.3463581958007,               1115P   3098
-15.2904454987953,8.68306337314415,-37.3549131352774,               1115P   3099
-15.3114132422599,8.70092788681266,-37.363502998687,                1115P   3100
-15.3335251352617,8.71798320928351,-37.3719922451011,               1115P   3101
-15.3566619928132,8.7341240291571,-37.3799115982396,                1115P   3102
-15.3782456454166,8.74918129646792,-37.3877431472472,               1115P   3103
-15.4007222447125,8.7634429309547,-37.3953739285026,                1115P   3104
-15.4239961700973,8.77677929754041,-37.3997557621658,               1115P   3105
-15.4373607872073,8.78443745705198,-37.4040713575312,               1115P   3106
-15.4509882663157,8.79178968016545,-37.4082992910524,               1115P   3107
-15.4648588483692,8.79880365456231,-37.4141773974988,               1115P   3108
-15.4841431529532,8.80855520053863,-37.4198613452097,               1115P   3109
-15.5038180116168,8.81761427651029,-37.4253129267833,               1115P   3110
-15.5238415464761,8.82590029890338,-37.432068069054,                1115P   3111
-15.5486530300632,8.83616764230969,-37.4384662413673,               1115P   3112
-15.5740009869973,8.84524769662997,-37.4444282043855,               1115P   3113
-15.5998236825542,8.85312931209009,-37.4487654903547,               1115P   3114
-15.6186095111113,8.85886313164661,-37.4528719206228,               1115P   3115
-15.6376463784139,8.86396173986068,-37.4567187536303,               1115P   3116
-15.6568994703331,8.86840738617276,-37.4613423020132,               1115P   3117
-15.6800399606631,8.8737506544606,-37.4655845245067,                1115P   3118
-15.7034509967114,8.87814216801308,-37.4694188761601,               1115P   3119
-15.7270871820332,8.88154537039793,-37.472965608627,                1115P   3120
-15.748950389546,8.88469329460545,-37.4761632353358,                1115P   3121
-15.7710067939857,8.88699508439258,-37.4789979827227,               1115P   3122
-15.7931861555671,8.88839685732836,-37.4811382421852,               1115P   3123
-15.8099317706145,8.88945520834897,-37.483071758885,                1115P   3124
-15.8267469353217,8.89,-37.484796424398,-15.8435835998601,8.89,     1115P   3125
0.,0.116389050166182,0.,0.,0.;                                      1115P   3126
126,3,3,0,0,1,0,-0.347900284615611,-0.347900284615611,              1117P   3127
-0.347900284615611,-0.347900284615611,-0.280419002423013,           1117P   3128
-0.280419002423013,-0.280419002423013,-0.280419002423013,1.,1.,     1117P   3129
1.,1.,-37.484796424398,-15.8435835998601,8.89,-37.265883700089,     1117P   3130
-15.791336878542,8.89,-37.0481898532032,-15.7344905482614,8.89,     1117P   3131
-36.8318591247443,-15.6730958565345,8.89,-0.347900284615611,        1117P   3132
-0.280419002423013,0.,0.,0.;                                        1117P   3133
126,23,3,0,0,1,0,0.,0.,0.,0.,0.0208108133716404,                    1119P   3134
0.0208108133716404,0.0815680981278838,0.0815680981278838,           1119P   3135
0.143258772193602,0.143258772193602,0.149873638950907,              1119P   3136
0.149873638950907,0.152922649171905,0.152922649171905,              1119P   3137
0.155289749630777,0.155289749630777,0.157863858641385,              1119P   3138
0.157863858641385,0.162011891422162,0.162011891422162,              1119P   3139
0.170566602768404,0.170566602768404,0.193820224373175,              1119P   3140
0.193820224373175,0.227764572379536,0.227764572379536,              1119P   3141
0.227764572379536,0.227764572379536,1.,1.,1.,1.,1.,1.,1.,1.,1.,     1119P   3142
1.,1.,1.,1.,1.,1.,1.,1.,1.,1.,1.,1.,1.,1.,1.,-36.8318580690807,     1119P   3143
-15.673099576275,8.89,-36.8024288612343,-15.6102821239506,8.89,     1119P   3144
-36.7696356549596,-15.5491521188785,8.88427504156807,               1119P   3145
-36.6298947441084,-15.3188093665087,8.8458236044366,                1119P   3146
-36.5000359844115,-15.1645028230417,8.78167868262322,               1119P   3147
-36.1939071788715,-14.8963893687986,8.64248186526339,               1119P   3148
-36.0206204310505,-14.7862997659506,8.56750331680377,               1119P   3149
-35.8127671235072,-14.6937467773937,8.5441783800541,                1119P   3150
-35.792488981935,-14.6850986477,8.54254020835995,                   1119P   3151
-35.762552036244,-14.6728910580001,8.541109397531,                  1119P   3152
-35.7530787228318,-14.669108771188,8.54079867254266,                1119P   3153
-35.7361877625964,-14.6625082939989,8.54049956511444,               1119P   3154
-35.7287907472855,-14.6596662349244,8.54045474286417,               1119P   3155
-35.7133112961367,-14.6538198405356,8.54054087765336,               1119P   3156
-35.7052326709857,-14.6508257578277,8.54068751183133,               1119P   3157
-35.6840855043916,-14.6431370769567,8.54133499939605,               1119P   3158
-35.6710108882173,-14.6385309636336,8.54199691504323,               1119P   3159
-35.6308388329553,-14.6248281065011,8.5448097847371,                1119P   3160
-35.6037675474181,-14.616214763952,8.5477850662345,                 1119P   3161
-35.5026200788685,-14.5863016482027,8.56246508463365,               1119P   3162
-35.4286614914702,-14.5689359373607,8.58028458029385,               1119P   3163
-35.2480096468271,-14.5367844963374,8.63228691426622,               1119P   3164
-35.1352382341383,-14.5256572372049,8.67216415263633,               1119P   3165
-35.017946492758,-14.5249529815331,8.7125109330497,0.,              1119P   3166
0.227764572379536,0.,0.,0.;                                         1119P   3167
126,2,2,0,0,0,0,-0.785245870149867,-0.785245870149867,              1121P   3168
-0.785245870149867,-0.347179157353079,-0.347179157353079,           1121P   3169
-0.347179157353079,1.,0.976107943627405,1.,-37.0207399662585,       1121P   3170
-16.5215502886582,8.89,-37.0207399662585,-16.0762731728187,8.89,    1121P   3171
-36.8318580690807,-15.673099576275,8.89,-0.785245870149867,         1121P   3172
-0.347179157353079,0.,0.,0.;                                        1121P   3173
126,1,1,0,0,1,0,-0.330246154975075,-0.330246154975075,              1123P   3174
-0.23021569168597,-0.23021569168597,1.,1.,-37.0032849013302,        1123P   3175
-16.5390053535864,7.89,-37.0207399662585,-16.5215502886582,8.89,    1123P   3176
-0.330246154975075,-0.23021569168597,0.,0.,0.;                      1123P   3177
126,1,1,0,0,1,0,0.24797000528176,0.24797000528176,                  1125P   3178
0.330246154975075,0.330246154975075,1.,1.,-35.017946492758,         1125P   3179
-14.5249529815331,8.7125109330497,-35.0035895110175,                1125P   3180
-14.5393099632737,7.89,0.24797000528176,0.330246154975075,0.,0.,    1125P   3181
0.;                                                                 1125P   3182
126,1,1,0,0,1,0,-0.796580237231557,-0.796580237231557,              1127P   3183
-0.363092568878657,-0.363092568878657,1.,1.,-33.9073933450841,      1127P   3184
-14.5218548983454,8.89,-29.5725166615551,-14.5218548983454,8.89,    1127P   3185
-0.796580237231557,-0.363092568878657,0.,0.,0.;                     1127P   3186
126,45,3,0,0,1,0,0.,0.,0.,0.,0.0023623473838222,                    1129P   3187
0.0023623473838222,0.0023623473838222,0.00496487964920925,          1129P   3188
0.00496487964920925,0.00496487964920925,0.00700334811492097,        1129P   3189
0.00700334811492097,0.00700334811492097,0.00769612446270582,        1129P   3190
0.00769612446270582,0.00769612446270582,0.0103489944216086,         1129P   3191
0.0103489944216086,0.0103489944216086,0.0131009803655474,           1129P   3192
0.0131009803655474,0.0131009803655474,0.0139302924931345,           1129P   3193
0.0139302924931345,0.0139302924931345,0.0140906334641079,           1129P   3194
0.0140906334641079,0.0140906334641079,0.0168473859358096,           1129P   3195
0.0168473859358096,0.0168473859358096,0.0195345412926001,           1129P   3196
0.0195345412926001,0.0195345412926001,0.0209037485567845,           1129P   3197
0.0209037485567845,0.0209037485567845,0.0221704145599284,           1129P   3198
0.0221704145599284,0.0221704145599284,0.024813182091019,            1129P   3199
0.024813182091019,0.024813182091019,0.0272112657585796,             1129P   3200
0.0272112657585796,0.0272112657585796,0.0278575916195206,           1129P   3201
0.0278575916195206,0.0278575916195206,0.0278575916195206,1.,1.,     1129P   3202
1.,1.,1.,1.,1.,1.,1.,1.,1.,1.,1.,1.,1.,1.,1.,1.,1.,1.,1.,1.,1.,     1129P   3203
1.,1.,1.,1.,1.,1.,1.,1.,1.,1.,1.,1.,1.,1.,1.,1.,1.,1.,1.,1.,1.,     1129P   3204
1.,1.,-29.3957399662584,-14.3450782030488,8.89,                     1129P   3205
-29.3957399662584,-14.3529526943282,8.89,-29.396289284124,          1129P   3206
-14.3608279519362,8.8900000622499,-29.3973464208116,                1129P   3207
-14.3686131459724,8.89000004320944,-29.3985110388341,               1129P   3208
-14.3771898772399,8.89000002223309,-29.4002911006485,               1129P   3209
-14.3856585473285,8.88999993984198,-29.4026674496614,               1129P   3210
-14.3939528322479,8.88999993212454,-29.4045287570469,               1129P   3211
-14.4004494426757,8.88999992607975,-29.406756579929,                1129P   3212
-14.4068404733753,8.88999997830263,-29.4093601690845,               1129P   3213
-14.4131061606485,8.89000004336665,-29.410245002486,                1129P   3214
-14.4152355631968,8.89000006547874,-29.4111715622465,               1129P   3215
-14.4173461345383,8.89000008483614,-29.4121399439818,               1129P   3216
-14.4194370166924,8.89000009098297,-29.4158481982006,               1129P   3217
-14.4274436965857,8.8900001145212,-29.4201653825615,                1129P   3218
-14.4351610174313,8.89000000886909,-29.4250158985698,               1129P   3219
-14.4425172015375,8.89000018825897,-29.4300476385656,               1129P   3220
-14.4501482258902,8.89000037435119,-29.4356539784756,               1129P   3221
-14.4573926093918,8.89000089012042,-29.4418031781579,               1129P   3222
-14.4641621623123,8.89000113820311,-29.4436562420816,               1129P   3223
-14.4662021699467,8.89000121296293,-29.4455589173462,               1129P   3224
-14.4681988883854,8.89000125500092,-29.4475110873975,               1129P   3225
-14.4701493363973,8.89000122493117,-29.4478885241081,               1129P   3226
-14.4705264401652,8.89000121911742,-29.4482678119148,               1129P   3227
-14.4709018132056,8.89000121057317,-29.4486489352192,               1129P   3228
-14.4712754546232,8.89000119963178,-29.4552016123372,               1129P   3229
-14.4776994951869,8.89000101151588,-29.4622416653066,               1129P   3230
-14.4835637838948,8.89000022671009,-29.4696844969879,               1129P   3231
-14.4888680459713,8.88999990575223,-29.4769394265572,               1129P   3232
-14.4940383963741,8.8899995928973,-29.4845788623365,                1129P   3233
-14.498677127882,8.88999969772162,-29.4925396989729,                1129P   3234
-14.5027397159653,8.89000016361253,-29.4965960462638,               1129P   3235
-14.5048097582131,8.89000040100157,-29.5007359236412,               1129P   3236
-14.5067294577774,8.89000071739412,-29.5049502725302,               1129P   3237
-14.5084876277317,8.89000102524459,-29.5088490047402,               1129P   3238
-14.5101141266316,8.89000131003984,-29.5127970207158,               1129P   3239
-14.5115963730253,8.89000159497886,-29.5167875045614,               1129P   3240
-14.5129264001939,8.89000174912226,-29.5251132361388,               1129P   3241
-14.5157013642396,8.89000207072653,-29.5336260985395,               1129P   3242
-14.5178157669283,8.89000181931511,-29.5422707846479,               1129P   3243
-14.5192939765146,8.89000137885086,-29.550115091922,                1129P   3244
-14.5206353242586,8.89000097916753,-29.5580690245826,               1129P   3245
-14.5214517420762,8.89000038593275,-29.5660552856604,               1129P   3246
-14.5217387420697,8.8900001178066,-29.5682077239329,                1129P   3247
-14.5218160936319,8.89000004554187,-29.5703622424671,               1129P   3248
-14.5218548983454,8.89,-29.5725166615551,-14.5218548983454,8.89,    1129P   3249
0.,0.0278575916195206,0.,0.,0.;                                     1129P   3250
126,1,1,0,0,1,0,-0.00476908452669522,-0.00476908452669522,          1131P   3251
0.399264010131866,0.399264010131866,1.,1.,-29.3957399662584,        1131P   3252
-14.3450782030488,8.89,-29.3957399662584,-10.3047472564632,8.89,    1131P   3253
-0.00476908452669522,0.399264010131866,0.,0.,0.;                    1131P   3254
126,63,3,0,0,1,0,0.,0.,0.,0.,0.00137673303347838,                   1133P   3255
0.00137673303347838,0.00137673303347838,0.00297075088837759,        1133P   3256
0.00297075088837759,0.00297075088837759,0.00418916142109808,        1133P   3257
0.00418916142109808,0.00418916142109808,0.00491516785985548,        1133P   3258
0.00491516785985548,0.00491516785985548,0.00649806660111732,        1133P   3259
0.00649806660111732,0.00649806660111732,0.0082460791080573,         1133P   3260
0.0082460791080573,0.0082460791080573,0.00840930823513568,          1133P   3261
0.00840930823513568,0.00840930823513568,0.0103318268828522,         1133P   3262
0.0103318268828522,0.0103318268828522,0.0108993835775197,           1133P   3263
0.0108993835775197,0.0108993835775197,0.0126375481519253,           1133P   3264
0.0126375481519253,0.0126375481519253,0.0145188961991591,           1133P   3265
0.0145188961991591,0.0145188961991591,0.0151417511869069,           1133P   3266
0.0151417511869069,0.0151417511869069,0.01675817370723,             1133P   3267
0.01675817370723,0.01675817370723,0.0185109654990492,               1133P   3268
0.0185109654990492,0.0185109654990492,0.0192256073942624,           1133P   3269
0.0192256073942624,0.0192256073942624,0.0207354302492609,           1133P   3270
0.0207354302492609,0.0207354302492609,0.0223111485533,              1133P   3271
0.0223111485533,0.0223111485533,0.0228941253760793,                 1133P   3272
0.0228941253760793,0.0228941253760793,0.0235573449067813,           1133P   3273
0.0235573449067813,0.0235573449067813,0.025051849017286,            1133P   3274
0.025051849017286,0.025051849017286,0.0260309317492732,             1133P   3275
0.0260309317492732,0.0260309317492732,0.0260309317492732,1.,1.,     1133P   3276
1.,1.,1.,1.,1.,1.,1.,1.,1.,1.,1.,1.,1.,1.,1.,1.,1.,1.,1.,1.,1.,     1133P   3277
1.,1.,1.,1.,1.,1.,1.,1.,1.,1.,1.,1.,1.,1.,1.,1.,1.,1.,1.,1.,1.,     1133P   3278
1.,1.,1.,1.,1.,1.,1.,1.,1.,1.,1.,1.,1.,1.,1.,1.,1.,1.,1.,1.,        1133P   3279
-29.5833331392164,-10.2353952837557,8.8900000000011,                1133P   3280
-29.580349802175,-10.2319082172388,8.88999999995148,                1133P   3281
-29.5771336234146,-10.2285850282748,8.89000268502165,               1133P   3282
-29.5737349818773,-10.2254894968331,8.89000476903847,               1133P   3283
-29.5697999449739,-10.2219054088012,8.89000718196818,               1133P   3284
-29.5656210604701,-10.2186249352171,8.89000887151267,               1133P   3285
-29.5612305938443,-10.2156867896149,8.89000919677619,               1133P   3286
-29.5578746773694,-10.2134409756566,8.89000944539605,               1133P   3287
-29.554394120008,-10.2113936548032,8.89000900660814,                1133P   3288
-29.5507856012457,-10.2095528262601,8.89000846739077,               1133P   3289
-29.5486354164061,-10.2084559436093,8.89000814609079,               1133P   3290
-29.5464475484639,-10.2074364984475,8.89000775535064,               1133P   3291
-29.544223309968,-10.2064957558418,8.89000733570401,                1133P   3292
-29.5393738429006,-10.2044446717094,8.89000642075603,               1133P   3293
-29.5343556198428,-10.2027670020007,8.89000533918042,               1133P   3294
-29.5292525130938,-10.2014558068133,8.89000450139921,               1133P   3295
-29.5236170961282,-10.2000078395322,8.8900035762282,                1133P   3296
-29.5178770663676,-10.1990055022355,8.89000304559293,               1133P   3297
-29.5120874462715,-10.1984583465001,8.89000332671687,               1133P   3298
-29.511546812477,-10.1984072531854,8.89000335296818,                1133P   3299
-29.511005715925,-10.1983601500099,8.89000338555017,                1133P   3300
-29.510464184381,-10.1983170586724,8.89000342425521,                1133P   3301
-29.5040860059867,-10.1978095273186,8.89000388012452,               1133P   3302
-29.4977116171515,-10.1978602324132,8.8900052466757,                1133P   3303
-29.4913943745259,-10.1984952376247,8.89000580068776,               1133P   3304
-29.4895294285873,-10.1986827008045,8.89000596424053,               1133P   3305
-29.4876692437634,-10.1989213573279,8.89000604439815,               1133P   3306
-29.4858147673235,-10.1992126277089,8.89000595874706,               1133P   3307
-29.4801353606983,-10.2001046546421,8.89000569643726,               1133P   3308
-29.474509411397,-10.2014870147923,8.89000407094673,                1133P   3309
-29.4689981281151,-10.2033184043998,8.89000310423186,               1133P   3310
-29.463032846005,-10.2053006570084,8.89000205788264,                1133P   3311
-29.4572552877089,-10.207790723735,8.89000182528933,                1133P   3312
-29.4517481788213,-10.2107560479235,8.89000187233356,               1133P   3313
-29.4499249488008,-10.2117377732155,8.89000188790842,               1133P   3314
-29.4481315459005,-10.2127719636855,8.89000190822718,               1133P   3315
-29.4463717521829,-10.2138584589461,8.89000183833586,               1133P   3316
-29.4418047658823,-10.2166781127049,8.89000165695511,               1133P   3317
-29.4374623834338,-10.2198494602219,8.89000093365957,               1133P   3318
-29.4333636384877,-10.2233402879447,8.89000061521782,               1133P   3319
-29.428919103468,-10.2271256188851,8.89000026991077,                1133P   3320
-29.4247962372758,-10.2312556144375,8.89000046708892,               1133P   3321
-29.4210318218747,-10.235690558403,8.89000082974227,                1133P   3322
-29.4194970081169,-10.2374987576286,8.89000097760198,               1133P   3323
-29.41802233963,-10.2393577047695,8.89000113984097,                 1133P   3324
-29.4166128846577,-10.2412644896711,8.89000125920677,               1133P   3325
-29.4136351312619,-10.2452929512592,8.89000151139073,               1133P   3326
-29.4109473998827,-10.2495360310962,8.89000152425421,               1133P   3327
-29.4085603313556,-10.2539664166251,8.89000139850426,               1133P   3328
-29.4060690804393,-10.2585901640725,8.89000126726603,               1133P   3329
-29.4039186318867,-10.2633925101646,8.89000089657489,               1133P   3330
-29.4021266940408,-10.2683296403653,8.89000046397101,               1133P   3331
-29.4014637213322,-10.2701562565001,8.89000030391827,               1133P   3332
-29.4008501426303,-10.2720009739566,8.89000015092414,               1133P   3333
-29.4002879504054,-10.2738600122676,8.89000008961343,               1133P   3334
-29.3996483763281,-10.2759749342817,8.89000001986373,               1133P   3335
-29.399075346073,-10.278108364815,8.89000006969032,                 1133P   3336
-29.3985694147037,-10.2802586128695,8.89000017004615,               1133P   3337
-29.3974293449741,-10.2851039987595,8.89000039618875,               1133P   3338
-29.3966342253866,-10.2900164281724,8.89000073597937,               1133P   3339
-29.3961830743115,-10.294972308012,8.89000050816478,                1133P   3340
-29.3958875152534,-10.2982190146209,8.8900003589184,                1133P   3341
-29.3957399662584,-10.3014836998286,8.89,-29.3957399662584,         1133P   3342
-10.3047472564632,8.89,0.,0.0260309317492732,0.,0.,0.;              1133P   3343
126,2,2,0,0,0,0,0.707703342125523,0.707703342125523,                1135P   3344
0.707703342125523,0.736115041959752,0.736115041959752,              1135P   3345
0.736115041959752,1.,0.99989909861096,1.,-29.5833331392164,         1135P   3346
-10.2353952837556,8.89,-29.7244558500678,-10.4003463041735,8.89,    1135P   3347
-29.8702075142726,-10.5612217561122,8.89,0.707703342125523,         1135P   3348
0.736115041959752,0.,0.,0.;                                         1135P   3349
126,1,1,0,0,1,0,-0.754866560166963,-0.754866560166963,              1137P   3350
-0.606250000745058,-0.606250000745058,1.,1.,-29.8702075142726,      1137P   3351
-10.5612217561122,8.89,-29.8702075142726,-12.0473873503313,8.89,    1137P   3352
-0.754866560166963,-0.606250000745058,0.,0.,0.;                     1137P   3353
126,1,1,0,0,1,0,0.187500000745057,0.187500000745057,                1139P   3354
0.305242935483307,0.305242935483307,1.,1.,-31.8702075142726,        1139P   3355
-14.0473873503313,8.89,-33.0476368616551,-14.0473873503313,8.89,    1139P   3356
0.187500000745057,0.305242935483307,0.,0.,0.;                       1139P   3357
126,2,2,0,0,0,0,-0.785398163397447,-0.785398163397447,              1141P   3358
-0.785398163397447,-0.683319100900815,-0.683319100900815,           1141P   3359
-0.683319100900815,1.,0.998697765856831,1.,-37.4952075142726,       1141P   3360
-16.0473873503313,8.89,-37.4952075142726,-15.9452195555723,8.89,    1141P   3361
-37.484796424398,-15.8435835998601,8.89,-0.785398163397447,         1141P   3362
-0.683319100900815,0.,0.,0.;                                        1141P   3363
126,1,1,0,0,1,0,-0.856250002235174,-0.856250002235174,              1143P   3364
0.168750000745058,0.168750000745058,1.,1.,-37.4952075142726,        1143P   3365
-16.0473873503313,8.89,-37.4952075142726,-26.2973873801336,8.89,    1143P   3366
-0.856250002235174,0.168750000745058,0.,0.,0.;                      1143P   3367
126,2,2,0,0,0,0,-0.785398163397448,-0.785398163397448,              1145P   3368
-0.785398163397448,0.785398163397448,0.785398163397448,             1145P   3369
0.785398163397448,1.,0.707106781186549,1.,-35.4952075142726,        1145P   3370
-28.2973873801336,8.89,-37.4952075142726,-28.2973873801336,8.89,    1145P   3371
-37.4952075142726,-26.2973873801336,8.89,-0.785398163397448,        1145P   3372
0.785398163397448,0.,0.,0.;                                         1145P   3373
126,1,1,0,0,1,0,-0.968750000745057,-0.968750000745057,              1147P   3374
-0.606250000745058,-0.606250000745058,1.,1.,-35.4952075142726,      1147P   3375
-28.2973873801336,8.89,-31.8702075142726,-28.2973873801336,8.89,    1147P   3376
-0.968750000745057,-0.606250000745058,0.,0.,0.;                     1147P   3377
126,1,1,0,0,1,0,0.187500000745058,0.187500000745058,                1149P   3378
0.550000000745057,0.550000000745057,1.,1.,-29.8702075142726,        1149P   3379
-30.2973873801336,8.89,-29.8702075142726,-33.9223873801336,8.89,    1149P   3380
0.187500000745058,0.550000000745057,0.,0.,0.;                       1149P   3381
126,2,2,0,0,0,0,-0.785398163397446,-0.785398163397446,              1151P   3382
-0.785398163397446,0.785398163397451,0.785398163397451,             1151P   3383
0.785398163397451,1.,0.707106781186549,1.,-27.8702075142726,        1151P   3384
-35.9223873801336,8.89,-29.8702075142726,-35.9223873801336,8.89,    1151P   3385
-29.8702075142726,-33.9223873801336,8.89,-0.785398163397446,        1151P   3386
0.785398163397451,0.,0.,0.;                                         1151P   3387
126,1,1,0,0,1,0,-0.856250002235174,-0.856250002235174,              1153P   3388
0.168750000745058,0.168750000745058,1.,1.,-27.8702075142726,        1153P   3389
-35.9223873801336,8.89,-17.6202074844703,-35.9223873801336,8.89,    1153P   3390
-0.856250002235174,0.168750000745058,0.,0.,0.;                      1153P   3391
126,2,2,0,0,0,0,-0.785398163397446,-0.785398163397446,              1155P   3392
-0.785398163397446,0.785398163397451,0.785398163397451,             1155P   3393
0.785398163397451,1.,0.707106781186548,1.,-15.6202074844703,        1155P   3394
-33.9223873801336,8.89,-15.6202074844703,-35.9223873801336,8.89,    1155P   3395
-17.6202074844703,-35.9223873801336,8.89,-0.785398163397446,        1155P   3396
0.785398163397451,0.,0.,0.;                                         1155P   3397
126,1,1,0,0,1,0,-0.968750000745058,-0.968750000745058,              1157P   3398
-0.606250000745058,-0.606250000745058,1.,1.,-15.6202074844703,      1157P   3399
-33.9223873801336,8.89,-15.6202074844703,-30.2973873801336,8.89,    1157P   3400
-0.968750000745058,-0.606250000745058,0.,0.,0.;                     1157P   3401
126,1,1,0,0,1,0,0.187500000745058,0.187500000745058,                1159P   3402
0.550000000745058,0.550000000745058,1.,1.,-13.6202074844703,        1159P   3403
-28.2973873801336,8.89,-9.99520748447029,-28.2973873801336,8.89,    1159P   3404
0.187500000745058,0.550000000745058,0.,0.,0.;                       1159P   3405
126,2,2,0,0,0,0,-0.785398163397449,-0.785398163397449,              1161P   3406
-0.785398163397449,0.785398163397448,0.785398163397448,             1161P   3407
0.785398163397448,1.,0.707106781186548,1.,-7.99520748447029,        1161P   3408
-26.2973873801336,8.89,-7.99520748447029,-28.2973873801336,8.89,    1161P   3409
-9.99520748447029,-28.2973873801336,8.89,-0.785398163397449,        1161P   3410
0.785398163397448,0.,0.,0.;                                         1161P   3411
126,1,1,0,0,1,0,-0.856250002235174,-0.856250002235174,              1163P   3412
-0.213940396675514,-0.213940396675514,1.,1.,-7.99520748447029,      1163P   3413
-26.2973873801336,8.89,-7.99520748447029,-19.874291324537,8.89,     1163P   3414
-0.856250002235174,-0.213940396675514,0.,0.,0.;                     1163P   3415
126,45,3,0,0,1,0,0.,0.,0.,0.,0.00238657706964443,                   1165P   3416
0.00238657706964443,0.00238657706964443,0.00501357323955776,        1165P   3417
0.00501357323955776,0.00501357323955776,0.00568713762919753,        1165P   3418
0.00568713762919753,0.00568713762919753,0.00699899167867053,        1165P   3419
0.00699899167867053,0.00699899167867053,0.00966820323337593,        1165P   3420
0.00966820323337593,0.00966820323337593,0.0124347853774641,         1165P   3421
0.0124347853774641,0.0124347853774641,0.0139315472045084,           1165P   3422
0.0139315472045084,0.0139315472045084,0.0140850463425852,           1165P   3423
0.0140850463425852,0.0140850463425852,0.0168315718853303,           1165P   3424
0.0168315718853303,0.0168315718853303,0.0194941077926662,           1165P   3425
0.0194941077926662,0.0194941077926662,0.0201657702408694,           1165P   3426
0.0201657702408694,0.0201657702408694,0.0209020027564607,           1165P   3427
0.0209020027564607,0.0209020027564607,0.0235342113990759,           1165P   3428
0.0235342113990759,0.0235342113990759,0.0259346325707325,           1165P   3429
0.0259346325707325,0.0259346325707325,0.0278651351625663,           1165P   3430
0.0278651351625663,0.0278651351625663,0.0278651351625663,1.,1.,     1165P   3431
1.,1.,1.,1.,1.,1.,1.,1.,1.,1.,1.,1.,1.,1.,1.,1.,1.,1.,1.,1.,1.,     1165P   3432
1.,1.,1.,1.,1.,1.,1.,1.,1.,1.,1.,1.,1.,1.,1.,1.,1.,1.,1.,1.,1.,     1165P   3433
1.,1.,-8.17198417976693,-19.6974068760172,8.89000000010486,         1165P   3434
-8.16402892286811,-19.6974068760172,8.89000000010486,               1165P   3435
-8.15607672027239,-19.6979359825522,8.89000028710346,               1165P   3436
-8.14821721078376,-19.6989851550794,8.8900008055107,                1165P   3437
-8.13956594970083,-19.7001400191924,8.89000137614126,               1165P   3438
-8.13102570972078,-19.7019237397755,8.89000227143485,               1165P   3439
-8.12266030436263,-19.7043504554539,8.89000250247391,               1165P   3440
-8.12051540623957,-19.7049726677294,8.89000256171255,               1165P   3441
-8.1183817999039,-19.7056373316718,8.89000257098838,                1165P   3442
-8.11626021211798,-19.7063450882624,8.89000249957091,               1165P   3443
-8.11212814461103,-19.70772353606,8.89000236047611,                 1165P   3444
-8.10804172400323,-19.709265167093,8.89000192501435,                1165P   3445
-8.10400850219424,-19.7109611798963,8.89000143887348,               1165P   3446
-8.0958021607498,-19.7144120340315,8.89000044972929,                1165P   3447
-8.08788226145791,-19.7184713606076,8.88999941723273,               1165P   3448
-8.08031267501916,-19.7230695274495,8.88999929212694,               1165P   3449
-8.07246695644258,-19.7278354315449,8.8899991624574,                1165P   3450
-8.06499567725659,-19.7331807006369,8.88999999030895,               1165P   3451
-8.05797208210747,-19.739081764648,8.89000094985485,                1165P   3452
-8.05417221333065,-19.7422743274893,8.89000146898336,               1165P   3453
-8.05050358906989,-19.7456304395421,8.89000199628743,               1165P   3454
-8.04698110575186,-19.7491518636438,8.89000220909661,               1165P   3455
-8.04661986046657,-19.749513000302,8.89000223092108,                1165P   3456
-8.04626015519973,-19.7498758786145,8.89000224933282,               1165P   3457
-8.04590199410674,-19.7502404829429,8.89000226459629,               1165P   3458
-8.03949349825028,-19.7567642661611,8.89000253770224,               1165P   3459
-8.03362694396741,-19.7637859231221,8.89000196748581,               1165P   3460
-8.0283221420251,-19.7712103018244,8.89000147833655,                1165P   3461
-8.0231795626342,-19.7784076406355,8.89000100414563,                1165P   3462
-8.01856425826132,-19.7859853263879,8.89000054051252,               1165P   3463
-8.01453857240433,-19.7938711235741,8.89000042493585,               1165P   3464
-8.01352303604632,-19.795860427767,8.89000039578,                   1165P   3465
-8.01254527522234,-19.7978693357086,8.89000038889942,               1165P   3466
-8.0116068358119,-19.7998966232133,8.89000041196661,                1165P   3467
-8.01057817981107,-19.8021188033923,8.89000043725136,               1165P   3468
-8.00959677425746,-19.8043630678817,8.89000049848176,               1165P   3469
-8.00866249127892,-19.8066283896151,8.89000058532671,               1165P   3470
-8.00532220450991,-19.8147274606539,8.89000089581833,               1165P   3471
-8.00260611537287,-19.8230349523159,8.89000160405738,               1165P   3472
-8.00050012487722,-19.831505956837,8.89000179983238,                1165P   3473
-7.99857958404652,-19.8392310202187,8.89000197836779,               1165P   3474
-7.99716722037497,-19.8470932084922,8.8900016908601,                1165P   3475
-7.99628437939258,-19.8550336487714,8.89000111354476,               1165P   3476
-7.99557436782261,-19.8614196283321,8.89000064924759,               1165P   3477
-7.99520748447029,-19.8678561493499,8.89,-7.99520748447029,         1165P   3478
-19.874291324537,8.89,0.,0.0278651351625663,0.,0.,0.;               1165P   3479
126,1,1,0,0,1,0,0.0799380430081201,0.0799380430081201,              1167P   3480
0.10263713742586,0.10263713742586,1.,1.,-8.17198417976693,          1167P   3481
-19.6974068760136,8.89,-8.39897512394433,-19.6974068760136,8.89,    1167P   3482
0.0799380430081201,0.10263713742586,0.,0.,0.;                       1167P   3483
126,39,3,0,0,1,0,0.,0.,0.,0.,0.00118528708277627,                   1169P   3484
0.00118528708277627,0.00118528708277627,0.00250303536285333,        1169P   3485
0.00250303536285333,0.00250303536285333,0.00280359314150927,        1169P   3486
0.00280359314150927,0.00280359314150927,0.00307949694405206,        1169P   3487
0.00307949694405206,0.00307949694405206,0.00445778322758495,        1169P   3488
0.00445778322758495,0.00445778322758495,0.00557347943446189,        1169P   3489
0.00557347943446189,0.00557347943446189,0.00563970525756158,        1169P   3490
0.00563970525756158,0.00563970525756158,0.00701562247463393,        1169P   3491
0.00701562247463393,0.00701562247463393,0.00806606567340261,        1169P   3492
0.00806606567340261,0.00806606567340261,0.00836454997852087,        1169P   3493
0.00836454997852087,0.00836454997852087,0.00975439669731744,        1169P   3494
0.00975439669731744,0.00975439669731744,0.0109383495172949,         1169P   3495
0.0109383495172949,0.0109383495172949,0.011144243416114,            1169P   3496
0.011144243416114,0.011144243416114,0.011144243416114,1.,1.,1.,     1169P   3497
1.,1.,1.,1.,1.,1.,1.,1.,1.,1.,1.,1.,1.,1.,1.,1.,1.,1.,1.,1.,1.,     1169P   3498
1.,1.,1.,1.,1.,1.,1.,1.,1.,1.,1.,1.,1.,1.,1.,1.,                    1169P   3499
-8.46967503248446,-19.7681391047778,8.89,-8.46967503248446,         1169P   3500
-19.7641881478352,8.89,-8.46933082861011,-19.7602364025211,         1169P   3501
8.8900003641116,-8.4686723865294,-19.7563528580039,                 1169P   3502
8.89000048043145,-8.4679403605654,-19.7520353098061,                1169P   3503
8.89000060975057,-8.46682099157881,-19.7478003053287,               1169P   3504
8.89000051240432,-8.46531718243806,-19.7436936099958,               1169P   3505
8.89000039180903,-8.46497418708629,-19.7427569370018,               1169P   3506
8.89000036430313,-8.46461101065497,-19.7418268217896,               1169P   3507
8.89000033651071,-8.46422735526512,-19.7409036521714,               1169P   3508
8.89000031046505,-8.4638751701332,-19.7400562077659,                1169P   3509
8.89000028655584,-8.46350644792657,-19.7392163578743,               1169P   3510
8.89000026164374,-8.46312114838305,-19.7383844571257,               1169P   3511
8.89000023265132,-8.46119637217125,-19.734228670288,                1169P   3512
8.89000008781873,-8.45886276408544,-19.7302716103896,               1169P   3513
8.8899999136729,-8.45617919375064,-19.7265694445818,                1169P   3514
8.89000002419306,-8.4540068952382,-19.7235726126476,                1169P   3515
8.890000113657,-8.45160375592222,-19.7207419278553,                 1169P   3516
8.89000039357338,-8.44897720344399,-19.7181141734726,               1169P   3517
8.89000037095306,-8.44882129577063,-19.7179581944562,               1169P   3518
8.89000036961036,-8.44866459587506,-19.7178029346863,               1169P   3519
8.89000036696554,-8.44850711088332,-19.7176483962185,               1169P   3520
8.89000036320963,-8.44523518006503,-19.7144376828053,               1169P   3521
8.8900002851763,-8.44165954590814,-19.7115669344741,                1169P   3522
8.88999987291925,-8.43784583136295,-19.7090558040577,               1169P   3523
8.88999989077196,-8.43493425321252,-19.7071386830025,               1169P   3524
8.88999990440159,-8.43188273906254,-19.7054317106846,               1169P   3525
8.89000012932245,-8.42871618146718,-19.703963756597,                1169P   3526
8.89000012768659,-8.42781640150328,-19.703546636227,                1169P   3527
8.89000012722176,-8.42690734796134,-19.7031489476048,               1169P   3528
8.89000010408524,-8.42598947033547,-19.7027706386826,               1169P   3529
8.89000007105609,-8.42171551292905,-19.7010091007885,               1169P   3530
8.88999991726088,-8.41729167742299,-19.6996811041807,               1169P   3531
8.88999968113186,-8.41276571182956,-19.6987803910259,               1169P   3532
8.88999972386384,-8.40891022931124,-19.6980131108178,               1169P   3533
8.88999976026544,-8.40497939223385,-19.6975571095592,               1169P   3534
8.88999993490343,-8.40103399194775,-19.6974380399509,               1169P   3535
8.88999998606975,-8.4003478718308,-19.6974173332931,                1169P   3536
8.88999999496776,-8.39966142332482,-19.6974068760136,               1169P   3537
8.89000000000215,-8.39897512394429,-19.6974068760136,               1169P   3538
8.89000000000211,0.,0.011144243416114,0.,0.,0.;                     1169P   3539
126,1,1,0,0,1,0,-0.446674826790518,-0.446674826790518,              1171P   3540
0.158833706912363,0.158833706912363,1.,1.,-8.46967503248446,        1171P   3541
-19.7681391047778,8.89,-8.46967503248446,-25.8232244418066,8.89,    1171P   3542
-0.446674826790518,0.158833706912363,0.,0.,0.;                      1171P   3543
126,2,2,0,0,0,0,-0.785245870149867,-0.785245870149867,              1173P   3544
-0.785245870149867,0.785245870149867,0.785245870149867,             1173P   3545
0.785245870149867,1.,0.707214460574178,1.,-8.46967503248446,        1173P   3546
-25.8232244418066,8.89,-8.46967503248446,-27.8229198321194,8.89,    1173P   3547
-10.4693704227972,-27.8229198321194,8.89,-0.785245870149867,        1173P   3548
0.785245870149867,0.,0.,0.;                                         1173P   3549
126,1,1,0,0,1,0,-1.91508370840248,-1.91508370840248,                1175P   3550
-1.37023091696342,-1.37023091696342,1.,1.,-10.4693704227972,        1175P   3551
-27.8229198321194,8.89,-15.9178983371878,-27.8229198321194,8.89,    1175P   3552
-1.91508370840248,-1.37023091696342,0.,0.,0.;                       1175P   3553
126,45,3,0,0,1,0,0.,0.,0.,0.,0.00238799679318954,                   1177P   3554
0.00238799679318954,0.00238799679318954,0.00501679896616503,        1177P   3555
0.00501679896616503,0.00501679896616503,0.00568746120842592,        1177P   3556
0.00568746120842592,0.00568746120842592,0.00700334811492732,        1177P   3557
0.00700334811492732,0.00700334811492732,0.00967319909627199,        1177P   3558
0.00967319909627199,0.00967319909627199,0.0124396654305818,         1177P   3559
0.0124396654305818,0.0124396654305818,0.0139302924931495,           1177P   3560
0.0139302924931495,0.0139302924931495,0.0140906334641232,           1177P   3561
0.0140906334641232,0.0140906334641232,0.0168366488311392,           1177P   3562
0.0168366488311392,0.0168366488311392,0.0194979965397517,           1177P   3563
0.0194979965397517,0.0194979965397517,0.0201618821256903,           1177P   3564
0.0201618821256903,0.0201618821256903,0.0209037485568084,           1177P   3565
0.0209037485568084,0.0209037485568084,0.0235345554486992,           1177P   3566
0.0235345554486992,0.0235345554486992,0.0259332773176507,           1177P   3567
0.0259332773176507,0.0259332773176507,0.0278575916195584,           1177P   3568
0.0278575916195584,0.0278575916195584,0.0278575916195584,1.,1.,     1177P   3569
1.,1.,1.,1.,1.,1.,1.,1.,1.,1.,1.,1.,1.,1.,1.,1.,1.,1.,1.,1.,1.,     1177P   3570
1.,1.,1.,1.,1.,1.,1.,1.,1.,1.,1.,1.,1.,1.,1.,1.,1.,1.,1.,1.,1.,     1177P   3571
1.,1.,-16.0946750324845,-27.9996965274161,8.89,                     1177P   3572
-16.0946750324845,-27.9917365381054,8.89,-16.0941462907456,         1177P   3573
-27.9837794898498,8.89000056710578,-16.0930973840733,               1177P   3574
-27.9759151451226,8.89000102537599,-16.0919427057473,               1177P   3575
-27.9672577605873,8.89000152985813,-16.0901589405861,               1177P   3576
-27.9587114287973,8.89000194720545,-16.0877313812205,               1177P   3577
-27.9503401418519,8.89000189245868,-16.0871120602141,               1177P   3578
-27.948204452019,8.89000187849164,-16.0864506581553,                1177P   3579
-27.9460799551311,8.89000183417271,-16.0857465342796,               1177P   3580
-27.9439673704758,8.89000175218016,-16.0843649932739,               1177P   3581
-27.9398223294825,8.89000159130497,-16.0828192677617,               1177P   3582
-27.9357232054389,8.89000128931494,-16.0811182377779,               1177P   3583
-27.9316776255343,8.89000099209135,-16.0776669559473,               1177P   3584
-27.9234694007809,8.89000038904354,-16.0736069813658,               1177P   3585
-27.9155477305366,8.88999981769426,-16.0690078603683,               1177P   3586
-27.9079765578157,8.88999973010643,-16.0642423084721,               1177P   3587
-27.90013140294,8.88999963934901,-16.0588973848965,                 1177P   3588
-27.8926606745735,8.89000009241556,-16.0529965250267,               1177P   3589
-27.8856377694268,8.89000061135209,-16.0498170244107,               1177P   3590
-27.8818536885075,8.89000089096541,-16.0464752562271,               1177P   3591
-27.8781998341889,8.89000117092413,-16.0429694705363,               1177P   3592
-27.8746909532585,8.89000122493117,-16.0425923667685,               1177P   3593
-27.8743135165478,8.8900012307405,-16.0422133619904,                1177P   3594
-27.8739377604994,8.89000123382196,-16.0418324739789,               1177P   3595
-27.8735636898908,8.89000123447918,-16.0353093481279,               1177P   3596
-27.8671573195573,8.89000124573493,-16.0282886415573,               1177P   3597
-27.8612929217411,8.89000065505265,-16.0208651730776,               1177P   3598
-27.8559904558516,8.89000036258088,-16.0136705917705,               1177P   3599
-27.8508514804422,8.89000007912687,-16.006095824482,                1177P   3600
-27.8462396755901,8.89000005423366,-15.9982128395069,               1177P   3601
-27.8422175235438,8.89000008340938,-15.9962463921757,               1177P   3602
-27.8412141789754,8.8900000906874,-15.9942607692696,                1177P   3603
-27.8402477758241,8.89000009705977,-15.9922571508264,               1177P   3604
-27.8393198098478,8.89000009127095,-15.9900181848129,               1177P   3605
-27.8382828438078,8.89000008480218,-15.9877567460309,               1177P   3606
-27.8372938795799,8.89000006304378,-15.9854738892232,               1177P   3607
-27.8363527909341,8.89000003859373,-15.9773784219383,               1177P   3608
-27.8330155021831,8.88999995188894,-15.9690745065872,               1177P   3609
-27.8303021946874,8.8899999083135,-15.960607219922,                 1177P   3610
-27.8281989260427,8.88999994488237,-15.9528869019629,               1177P   3611
-27.8262812039515,8.8899999782252,-15.9450296250397,                1177P   3612
-27.8248714297942,8.89000004441318,-15.9370944212015,               1177P   3613
-27.8239910412167,8.89000004683136,-15.9307286034583,               1177P   3614
-27.8232847716184,8.89000004877127,-15.9243127168587,               1177P   3615
-27.8229198321194,8.89,-15.9178983371878,-27.8229198321194,8.89,    1177P   3616
0.,0.0278575916195584,0.,0.,0.;                                     1177P   3617
126,1,1,0,0,1,0,-0.00476908452669456,-0.00476908452669456,          1179P   3618
0.540083706912364,0.540083706912364,1.,1.,-16.0946750324845,        1179P   3619
-27.9996965274161,8.89,-16.0946750324845,-33.4482244418067,8.89,    1179P   3620
-0.00476908452669456,0.540083706912364,0.,0.,0.;                    1179P   3621
126,2,2,0,0,0,0,-0.785245870149864,-0.785245870149864,              1181P   3622
-0.785245870149864,0.78524587014987,0.78524587014987,               1181P   3623
0.78524587014987,1.,0.707214460574178,1.,-16.0946750324845,         1181P   3624
-33.4482244418067,8.89,-16.0946750324845,-35.4479198321194,8.89,    1181P   3625
-18.0943704227972,-35.4479198321194,8.89,-0.785245870149864,        1181P   3626
0.78524587014987,0.,0.,0.;                                          1181P   3627
126,1,1,0,0,1,0,-0.771333708402479,-0.771333708402479,              1183P   3628
0.158833706912363,0.158833706912363,1.,1.,-18.0943704227972,        1183P   3629
-35.4479198321194,8.89,-27.3960445759457,-35.4479198321194,8.89,    1183P   3630
-0.771333708402479,0.158833706912363,0.,0.,0.;                      1183P   3631
126,2,2,0,0,0,0,-0.785245870149868,-0.785245870149868,              1185P   3632
-0.785245870149868,0.785245870149868,0.785245870149868,             1185P   3633
0.785245870149868,1.,0.70721446057418,1.,-27.3960445759457,         1185P   3634
-35.4479198321194,8.89,-29.3957399662585,-35.4479198321194,8.89,    1185P   3635
-29.3957399662585,-33.4482244418066,8.89,-0.785245870149868,        1185P   3636
0.785245870149868,0.,0.,0.;                                         1185P   3637
126,1,1,0,0,1,0,-0.907945360317716,-0.907945360317716,              1187P   3638
-0.363092568878658,-0.363092568878658,1.,1.,-29.3957399662584,      1187P   3639
-33.4482244418066,8.89,-29.3957399662584,-27.9996965274161,8.89,    1187P   3640
-0.907945360317716,-0.363092568878658,0.,0.,0.;                     1187P   3641
126,45,3,0,0,1,0,0.,0.,0.,0.,0.00238812034473424,                   1189P   3642
0.00238812034473424,0.00238812034473424,0.00501729567838439,        1189P   3643
0.00501729567838439,0.00501729567838439,0.00568746120841992,        1189P   3644
0.00568746120841992,0.00568746120841992,0.00700334811491863,        1189P   3645
0.00700334811491863,0.00700334811491863,0.00967301776036985,        1189P   3646
0.00967301776036985,0.00967301776036985,0.0124394491876166,         1189P   3647
0.0124394491876166,0.0124394491876166,0.0139302924931348,           1189P   3648
0.0139302924931348,0.0139302924931348,0.0140906334641074,           1189P   3649
0.0140906334641074,0.0140906334641074,0.0168366547080949,           1189P   3650
0.0168366547080949,0.0168366547080949,0.0194980852969298,           1189P   3651
0.0194980852969298,0.0194980852969298,0.0201618821256723,           1189P   3652
0.0201618821256723,0.0201618821256723,0.0209037485567873,           1189P   3653
0.0209037485567873,0.0209037485567873,0.023534358834975,            1189P   3654
0.023534358834975,0.023534358834975,0.0259326538532755,             1189P   3655
0.0259326538532755,0.0259326538532755,0.0278575916195288,           1189P   3656
0.0278575916195288,0.0278575916195288,0.0278575916195288,1.,1.,     1189P   3657
1.,1.,1.,1.,1.,1.,1.,1.,1.,1.,1.,1.,1.,1.,1.,1.,1.,1.,1.,1.,1.,     1189P   3658
1.,1.,1.,1.,1.,1.,1.,1.,1.,1.,1.,1.,1.,1.,1.,1.,1.,1.,1.,1.,1.,     1189P   3659
1.,1.,-29.5725166615551,-27.8229198321194,8.89,-29.564556260406,    1189P   3660
-27.8229198321194,8.89,-29.5565987743545,-27.823448353346,          1189P   3661
8.89000057242696,-29.5487340036675,-27.8244970220964,               1189P   3662
8.89000103724972,-29.5400753692143,-27.8256515426456,               1189P   3663
8.89000154899132,-29.531527821839,-27.8274352396953,                1189P   3664
8.89000197512349,-29.5231554009998,-27.8298630295563,               1189P   3665
8.89000192663435,-29.5210213067926,-27.8304818627921,               1189P   3666
8.89000191427467,-29.5188983909565,-27.8311427221255,               1189P   3667
8.8900018714569,-29.5167873715089,-27.8318462498222,                1189P   3668
8.89000179081883,-29.5126423316254,-27.8332276441838,               1189P   3669
8.89000163248394,-29.5085432156345,-27.8347732606245,               1189P   3670
8.89000133225722,-29.5044976494115,-27.8364742096405,               1189P   3671
8.89000103620811,-29.4962900099169,-27.8399250927931,               1189P   3672
8.89000043558405,-29.4883689086877,-27.8439847025494,               1189P   3673
8.8899998642242,-29.4807982662507,-27.8485834351537,                1189P   3674
8.88999977551412,-29.4729532269973,-27.8533488481416,               1189P   3675
8.88999968358875,-29.4654826146474,-27.8586936717271,               1189P   3676
8.89000013434146,-29.4584598133163,-27.8645944022301,               1189P   3677
8.89000065121527,-29.4546751916382,-27.8677743345,                  1189P   3678
8.89000092976108,-29.4510208339847,-27.8711165769995,               1189P   3679
8.89000120872692,-29.4475114920831,-27.8746228700761,               1189P   3680
8.89000126192379,-29.4471340605409,-27.8749999737155,               1189P   3681
8.89000126764514,-29.4467583096654,-27.875378978198,                1189P   3682
8.89000127064147,-29.4463842442293,-27.8757598657621,               1189P   3683
8.89000127121622,-29.4399779487692,-27.8822829979104,               1189P   3684
8.89000128105951,-29.4341136273758,-27.8893036684978,               1189P   3685
8.89000068975083,-29.4288112156583,-27.896727137064,                1189P   3686
8.89000039648394,-29.4236721437119,-27.9039219271117,               1189P   3687
8.89000011225108,-29.4190602520087,-27.9114969582381,               1189P   3688
8.89000008644998,-29.4150380045217,-27.9193803344407,               1189P   3689
8.89000011361134,-29.414034801531,-27.9213465552188,                1189P   3690
8.89000012038576,-29.4130685272577,-27.9233319532415,               1189P   3691
8.89000012618462,-29.4121406764245,-27.9253353503372,               1189P   3692
8.89000011974021,-29.4111037004155,-27.9275743683455,               1189P   3693
8.89000011253786,-29.4101147218874,-27.9298358695658,               1189P   3694
8.89000008993922,-29.4091736153674,-27.9321187972282,               1189P   3695
8.89000006456438,-29.4058365126484,-27.9402139107434,               1189P   3696
8.88999997458687,-29.4031232536912,-27.9485175458276,               1189P   3697
8.88999992667749,-29.401019935723,-27.9569845344956,                1189P   3698
8.88999995897456,-29.3991023666149,-27.9647037838692,               1189P   3699
8.8899999884194,-29.3976925591223,-27.972559949037,                 1189P   3700
8.89000005075918,-29.3968119708121,-27.9804939379523,               1189P   3701
8.89000005048027,-29.3961051863331,-27.9868619764062,               1189P   3702
8.89000005025642,-29.3957399662584,-27.9932800695311,8.89,          1189P   3703
-29.3957399662584,-27.9996965274161,8.89,0.,0.0278575916195288,     1189P   3704
0.,0.,0.;                                                           1189P   3705
126,1,1,0,0,1,0,-0.00476908452669589,-0.00476908452669589,          1191P   3706
0.540083706912363,0.540083706912363,1.,1.,-29.5725166615551,        1191P   3707
-27.8229198321194,8.89,-35.0210445759457,-27.8229198321194,8.89,    1191P   3708
-0.00476908452669589,0.540083706912363,0.,0.,0.;                    1191P   3709
126,2,2,0,0,0,0,-0.785245870149866,-0.785245870149866,              1193P   3710
-0.785245870149866,0.785245870149866,0.785245870149866,             1193P   3711
0.785245870149866,1.,0.707214460574181,1.,-35.0210445759457,        1193P   3712
-27.8229198321194,8.89,-37.0207399662585,-27.8229198321194,8.89,    1193P   3713
-37.0207399662585,-25.8232244418066,8.89,-0.785245870149866,        1193P   3714
0.785245870149866,0.,0.,0.;                                         1193P   3715
126,1,1,0,0,1,0,-0.77133370840248,-0.77133370840248,                1195P   3716
0.158833706912363,0.158833706912363,1.,1.,-37.0207399662585,        1195P   3717
-25.8232244418066,8.89,-37.0207399662585,-16.5215502886582,8.89,    1195P   3718
-0.77133370840248,0.158833706912363,0.,0.,0.;                       1195P   3719
126,3,3,0,0,1,0,1.35403269530882,1.35403269530882,                  1197P   3720
1.35403269530882,1.35403269530882,1.47263500012429,                 1197P   3721
1.47263500012429,1.47263500012429,1.47263500012429,1.,1.,1.,1.,     1197P   3722
-37.196275880169,-14.9955478119289,6.89,-37.2050264506924,          1197P   3723
-15.0096995129796,7.3237448590751,-37.2134806647068,                1197P   3724
-15.0237664288517,7.75789179521437,-37.2216582668225,               1197P   3725
-15.0377498911312,8.19220954015832,1.35403269530882,                1197P   3726
1.47263500012429,0.,0.,0.;                                          1197P   3727
126,1,1,0,0,1,0,-0.1,-0.1,0.1,0.1,1.,1.,-37.4952075142726,          1199P   3728
-16.0473873503313,6.89,-37.4952075142726,-16.0473873503313,8.89,    1199P   3729
-0.1,0.1,0.,0.,0.;                                                  1199P   3730
126,2,2,0,0,0,0,0.453410837782389,0.453410837782389,                1201P   3731
0.453410837782389,0.585476472631307,0.585476472631307,              1201P   3732
0.585476472631307,1.00014856625785,1.00015872035842,                1201P   3733
1.0001621854365,-34.6406497423277,-14.0473873503313,                1201P   3734
6.89000000000081,-34.6012690200343,-14.0473873503313,               1201P   3735
7.53721118374609,-34.5618001123298,-14.0473873503313,               1201P   3736
8.19220954015832,0.453410837782389,0.585476472631307,0.,0.,0.;      1201P   3737
126,3,3,0,0,1,0,-0.102046148540866,-0.102046148540866,              1203P   3738
-0.102046148540866,-0.102046148540866,-0.00184476445381131,         1203P   3739
-0.00184476445381131,-0.00184476445381131,-0.00184476445381131,     1203P   3740
1.,1.,1.,1.,-29.3957399662584,-10.3047472564632,8.89,               1203P   3741
-29.3899215495396,-10.2844529753994,8.55666312942568,               1203P   3742
-29.3841031988598,-10.2641034915516,8.22333004222684,               1203P   3743
-29.3782849013327,-10.2436977356503,7.89000000014128,               1203P   3744
-0.102046148540866,-0.00184476445381131,0.,0.,0.;                   1203P   3745
126,3,3,0,0,1,0,0.00175161101222941,0.00175161101222941,            1205P   3746
0.00175161101222941,0.00175161101222941,0.101952932454795,          1205P   3747
0.101952932454795,0.101952932454795,0.101952932454795,1.,1.,1.,     1205P   3748
1.,-29.5660080836945,-10.1746984579037,7.89000000009164,            1205P   3749
-29.5717829860411,-10.1949861477893,8.22333004302681,               1205P   3750
-29.5775580003696,-10.2152180696337,8.55666313024274,               1205P   3751
-29.5833331392164,-10.2353952837557,8.89000000000109,               1205P   3752
0.00175161101222941,0.101952932454795,0.,0.,0.;                     1205P   3753
126,3,3,0,0,1,0,-0.0010520787018153,-0.0010520787018153,            1207P   3754
-0.0010520787018153,-0.0010520787018153,0.0990727732616226,         1207P   3755
0.0990727732616226,0.0990727732616226,0.0990727732616226,1.,1.,     1207P   3756
1.,1.,-27.3451663040412,-6.75877954450246,8.89000000000066,         1207P   3757
-27.3589038496607,-6.76758721327113,8.55665391872864,               1207P   3758
-27.3727760127226,-6.77664029216664,8.223320457739,                 1207P   3759
-27.3867919806557,-6.78595256927335,7.89000000003123,               1207P   3760
-0.0010520787018153,0.0990727732616226,0.,0.,0.;                    1207P   3761
126,2,2,0,0,0,0,0.412116917376512,0.412116917376512,                1209P   3762
0.412116917376512,0.436273464598282,0.436273464598282,              1209P   3763
0.436273464598282,1.,0.99992705854005,1.,-27.1932469314595,         1209P   3764
-6.42238735033126,8.89,-27.2671750004747,-6.59150095390857,8.89,    1209P   3765
-27.3451663040414,-6.75877954450273,8.89,0.412116917376512,         1209P   3766
0.436273464598282,0.,0.,0.;                                         1209P   3767
126,2,2,0,0,0,0,0.439342729977991,0.439342729977991,                1211P   3768
0.439342729977991,0.639894711930209,0.639894711930209,              1211P   3769
0.639894711930209,1.00003325075211,1.00003699253073,                1211P   3770
1.00003722176935,-27.2504230718275,-6.42238735033126,               1211P   3771
6.89000000000001,-27.2218840778081,-6.42238735033126,               1211P   3772
7.88795393339755,-27.1932469314595,-6.42238735033126,               1211P   3773
8.88999999999999,0.439342729977991,0.639894711930209,0.,0.,0.;      1211P   3774
126,2,2,0,0,0,0,0.662556994120078,0.662556994120078,                1213P   3775
0.662556994120078,0.86355955967582,0.86355955967582,                1213P   3776
0.86355955967582,1.00006932087775,1.00006901567966,                 1213P   3777
1.00006214530191,-29.8702075142726,-10.5612217561121,               1213P   3778
8.88999999999737,-29.8702075142726,-10.522071450945,                1213P   3779
7.88617588634483,-29.8702075142726,-10.4830553314852,               1213P   3780
6.88999999999856,0.662556994120078,0.86355955967582,0.,0.,0.;       1213P   3781
126,57,3,0,0,1,0,0.,0.,0.,0.,0.00167422985368573,                   1215P   3782
0.00167422985368573,0.00167422985368573,0.00308046788272159,        1215P   3783
0.00308046788272159,0.00308046788272159,0.00449441108615172,        1215P   3784
0.00449441108615172,0.00449441108615172,0.00637620542733736,        1215P   3785
0.00637620542733736,0.00637620542733736,0.0065522351996864,         1215P   3786
0.0065522351996864,0.0065522351996864,0.00842005324030661,          1215P   3787
0.00842005324030661,0.00842005324030661,0.00901305724092123,        1215P   3788
0.00901305724092123,0.00901305724092123,0.010311582054259,          1215P   3789
0.010311582054259,0.010311582054259,0.0122991643809802,             1215P   3790
0.0122991643809802,0.0122991643809802,0.0135286187788988,           1215P   3791
0.0135286187788988,0.0135286187788988,0.0141777114839132,           1215P   3792
0.0141777114839132,0.0141777114839132,0.0160944919910377,           1215P   3793
0.0160944919910377,0.0160944919910377,0.0178736662304909,           1215P   3794
0.0178736662304909,0.0178736662304909,0.0179373291144712,           1215P   3795
0.0179373291144712,0.0179373291144712,0.0198328769335901,           1215P   3796
0.0198328769335901,0.0198328769335901,0.0213768662805814,           1215P   3797
0.0213768662805814,0.0213768662805814,0.0229287189894239,           1215P   3798
0.0229287189894239,0.0229287189894239,0.0243891630904138,           1215P   3799
0.0243891630904138,0.0243891630904138,0.0244805716982663,           1215P   3800
0.0244805716982663,0.0244805716982663,0.0244805716982663,1.,1.,     1215P   3801
1.,1.,1.,1.,1.,1.,1.,1.,1.,1.,1.,1.,1.,1.,1.,1.,1.,1.,1.,1.,1.,     1215P   3802
1.,1.,1.,1.,1.,1.,1.,1.,1.,1.,1.,1.,1.,1.,1.,1.,1.,1.,1.,1.,1.,     1215P   3803
1.,1.,1.,1.,1.,1.,1.,1.,1.,1.,1.,1.,1.,1.,-27.2265194074742,        1215P   3804
-6.91978670161654,8.89,-27.2320491497214,-6.92053963044696,8.89,    1215P   3805
-27.2376277550151,-6.920888077293,8.89000064877938,                 1215P   3806
-27.243183298917,-6.92083058499893,8.89000073596661,                1215P   3807
-27.2478495740344,-6.92078229542261,8.89000080919789,               1215P   3808
-27.2525013308336,-6.92044841612642,8.89000057769216,               1215P   3809
-27.257123802556,-6.91982742018132,8.8900004416866,                 1215P   3810
-27.2617716021035,-6.91920302162447,8.89000030493583,               1215P   3811
-27.2663896263394,-6.91828918634811,8.89000027906221,               1215P   3812
-27.2709489432234,-6.91709166935327,8.89000038950374,               1215P   3813
-27.2770168649695,-6.91549791318336,8.8900005364886,                1215P   3814
-27.2829259846492,-6.91341627216617,8.89000075381976,               1215P   3815
-27.2886187557849,-6.91086025538291,8.8900006684529,                1215P   3816
-27.2891512779555,-6.91062115643218,8.89000066046738,               1215P   3817
-27.2896819331704,-6.91037788040278,8.89000065023731,               1215P   3818
-27.290210688657,-6.91013042177074,8.89000063762037,                1215P   3819
-27.2958212113753,-6.90750468584518,8.89000050374449,               1215P   3820
-27.3012167102066,-6.90441258548241,8.89000017037749,               1215P   3821
-27.3063417421892,-6.90090331547811,8.89000022050139,               1215P   3822
-27.3079688623919,-6.89978917528537,8.89000023641497,               1215P   3823
-27.3095687909676,-6.89863258484096,8.89000028368432,               1215P   3824
-27.3111397897893,-6.89743406187385,8.89000035563468,               1215P   3825
-27.3145798693666,-6.89480960772087,8.8900005131873,                1215P   3826
-27.3178607569226,-6.8920003406139,8.89000078603621,                1215P   3827
-27.3209646933834,-6.88901444567967,8.89000082291608,               1215P   3828
-27.325715722543,-6.88444409635731,8.8900008793661,                 1215P   3829
-27.3300544804832,-6.8794618225774,8.89000052478942,                1215P   3830
-27.3339477560316,-6.87413688273578,8.89000075429741,               1215P   3831
-27.3363560108651,-6.87084304649116,8.89000089626366,               1215P   3832
-27.3385932714269,-6.86741712933695,8.89000121513163,               1215P   3833
-27.3406436326198,-6.86386964218478,8.89000146969859,               1215P   3834
-27.3417261245734,-6.86199673983436,8.89000160409769,               1215P   3835
-27.342753251046,-6.86009534967831,8.89000171431997,                1215P   3836
-27.3437228418005,-6.85816706163974,8.89000172411184,               1215P   3837
-27.3465860578617,-6.8524727980994,8.8900017530274,                 1215P   3838
-27.3489509584166,-6.84654369740044,8.89000103802792,               1215P   3839
-27.3508182213284,-6.84045490546221,8.89000078757552,               1215P   3840
-27.3525514328561,-6.83480322978749,8.89000055510318,               1215P   3841
-27.3538555445815,-6.8290123331223,8.89000066718475,                1215P   3842
-27.3546944408533,-6.8231589462693,8.89000101986433,                1215P   3843
-27.3547244584619,-6.82294949883023,8.89000103248401,               1215P   3844
-27.3547538691935,-6.82274002597893,8.89000104534374,               1215P   3845
-27.3547826715237,-6.82253053125056,8.89000105840693,               1215P   3846
-27.355640254322,-6.81629287359741,8.89000144736055,                1215P   3847
-27.3559613292524,-6.8100330305762,8.89000206243295,                1215P   3848
-27.3557688421045,-6.80376448718948,8.89000248473788,               1215P   3849
-27.3556120546561,-6.79865854150315,8.89000282871988,               1215P   3850
-27.3551133612439,-6.79354680954992,8.89000299662605,               1215P   3851
-27.3542741292497,-6.78845984820008,8.8900029033345,                1215P   3852
-27.3534306231425,-6.78334697953559,8.89000280956783,               1215P   3853
-27.3522474692051,-6.77828396981327,8.89000244877191,               1215P   3854
-27.3507281435898,-6.77331453102035,8.89000176780728,               1215P   3855
-27.3492983106425,-6.76863780652904,8.89000112695343,               1215P   3856
-27.3475698156513,-6.76404322529209,8.89000014629824,               1215P   3857
-27.345549141921,-6.75960999348324,8.89000001279079,                1215P   3858
-27.3454226687663,-6.75933251929052,8.89000000443462,               1215P   3859
-27.345295054992,-6.75905569412302,8.88999999998902,                1215P   3860
-27.3451663040412,-6.75877954450246,8.89000000000066,0.,            1215P   3861
0.0244805716982663,0.,0.,0.;                                        1215P   3862
126,3,3,0,0,1,0,-0.0990026362501177,-0.0990026362501177,            1217P   3863
-0.0990026362501177,-0.0990026362501177,0.0011265844158962,         1217P   3864
0.0011265844158962,0.0011265844158962,0.0011265844158962,1.,1.,     1217P   3865
1.,1.,-27.2665104856516,-6.94574212372408,7.89000000005087,         1217P   3866
-27.2530412199239,-6.93684142765197,8.22332064768036,               1217P   3867
-27.239713823802,-6.92819408156837,8.55665410902485,                1217P   3868
-27.2265194074742,-6.91978670161654,8.89,-0.0990026362501177,       1217P   3869
0.0011265844158962,0.,0.,0.;                                        1217P   3870
126,2,2,0,0,0,0,0.649923785718634,0.649923785718634,                1219P   3871
0.649923785718634,0.785245870149867,0.785245870149867,              1219P   3872
0.785245870149867,1.,0.997711864809827,1.,-27.2265194074742,        1219P   3873
-6.91978670161654,8.89,-27.0581011503567,-6.89685489834544,8.89,    1219P   3874
-26.8881219468062,-6.89685489834544,8.89,0.649923785718634,         1219P   3875
0.785245870149867,0.,0.,0.;                                         1219P   3876
126,1,1,0,0,1,0,-0.720541445488534,-0.720541445488534,              1221P   3877
0.158833706912362,0.158833706912362,1.,1.,-26.8881219468062,        1221P   3878
-6.89685489834544,8.89,-18.0943704227973,-6.89685489834544,8.89,    1221P   3879
-0.720541445488534,0.158833706912362,0.,0.,0.;                      1221P   3880
126,2,2,0,0,0,0,-0.785245870149869,-0.785245870149869,              1223P   3881
-0.785245870149869,0.785245870149866,0.785245870149866,             1223P   3882
0.785245870149866,1.,0.707214460574178,1.,-18.0943704227973,        1223P   3883
-6.89685489834544,8.89,-16.0946750324845,-6.89685489834544,8.89,    1223P   3884
-16.0946750324845,-8.89655028865822,8.89,-0.785245870149869,        1223P   3885
0.785245870149866,0.,0.,0.;                                         1223P   3886
126,1,1,0,0,1,0,-1.91508370840248,-1.91508370840248,                1225P   3887
-1.37023091696342,-1.37023091696342,1.,1.,-16.0946750324845,        1225P   3888
-8.89655028865822,8.89,-16.0946750324845,-14.3450782030488,8.89,    1225P   3889
-1.91508370840248,-1.37023091696342,0.,0.,0.;                       1225P   3890
126,45,3,0,0,1,0,0.,0.,0.,0.,0.00236300903603084,                   1227P   3891
0.00236300903603084,0.00236300903603084,0.00496595199218527,        1227P   3892
0.00496595199218527,0.00496595199218527,0.00700334811493211,        1227P   3893
0.00700334811493211,0.00700334811493211,0.00769612446271929,        1227P   3894
0.00769612446271929,0.00769612446271929,0.0103488538483873,         1227P   3895
0.0103488538483873,0.0103488538483873,0.0131008319028688,           1227P   3896
0.0131008319028688,0.0131008319028688,0.0139302924931667,           1227P   3897
0.0139302924931667,0.0139302924931667,0.0140906334641394,           1227P   3898
0.0140906334641394,0.0140906334641394,0.0168474154825332,           1227P   3899
0.0168474154825332,0.0168474154825332,0.0195348351841819,           1227P   3900
0.0195348351841819,0.0195348351841819,0.0209037485568311,           1227P   3901
0.0209037485568311,0.0209037485568311,0.0221704145599782,           1227P   3902
0.0221704145599782,0.0221704145599782,0.0248126340458879,           1227P   3903
0.0248126340458879,0.0248126340458879,0.0272105665842058,           1227P   3904
0.0272105665842058,0.0272105665842058,0.0278575916195748,           1227P   3905
0.0278575916195748,0.0278575916195748,0.0278575916195748,1.,1.,     1227P   3906
1.,1.,1.,1.,1.,1.,1.,1.,1.,1.,1.,1.,1.,1.,1.,1.,1.,1.,1.,1.,1.,     1227P   3907
1.,1.,1.,1.,1.,1.,1.,1.,1.,1.,1.,1.,1.,1.,1.,1.,1.,1.,1.,1.,1.,     1227P   3908
1.,1.,-15.9178983371878,-14.5218548983454,8.89,                     1227P   3909
-15.9257750339746,-14.5218548983454,8.89,-15.9336522128374,         1227P   3910
-14.5213053784043,8.89000005916023,-15.941439152493,                1227P   3911
-14.5202477985663,8.89000003575866,-15.9500167581719,               1227P   3912
-14.5190828347648,8.89000000998096,-15.9584861172371,               1227P   3913
-14.5173022859789,8.88999992129789,-15.9667810599985,               1227P   3914
-14.5149252358207,8.88999990767156,-15.9732737432824,               1227P   3915
-14.5130646522976,8.88999989700585,-15.9796609717034,               1227P   3916
-14.5108379213358,8.88999994472523,-15.9859230826119,               1227P   3917
-14.5082357749423,8.89000000613931,-15.9880523898566,               1227P   3918
-14.5073509664091,8.89000002702196,-15.9901628768532,               1227P   3919
-14.5064244265212,8.89000004525398,-15.9922536880374,               1227P   3920
-14.5054560586969,8.89000005040484,-16.0002596719107,               1227P   3921
-14.5017480542421,8.89000007012814,-16.0079765211473,               1227P   3922
-14.4974310972335,8.88999996253903,-16.01533234734,                 1227P   3923
-14.4925808167592,8.89000014041607,-16.0229633828931,               1227P   3924
-14.4875490688941,8.89000032494818,-16.0302078622428,               1227P   3925
-14.4819426724385,8.89000083966727,-16.0369774787676,               1227P   3926
-14.4757934082384,8.89000108587661,-16.0390178766224,               1227P   3927
-14.4739399878214,8.89000116008539,-16.0410149666649,               1227P   3928
-14.4720369372736,8.89000120148643,-16.042965762841,                1227P   3929
-14.4700843742627,8.89000117063476,-16.0433428664149,               1227P   3930
-14.4697069291463,8.89000116467091,-16.043718239004,                1227P   3931
-14.4693276329353,8.89000115597208,-16.0440918797317,               1227P   3932
-14.4689465012307,8.89000114487203,-16.0505159772865,               1227P   3933
-14.4623936094552,8.8900009540261,-16.0563802408176,                1227P   3934
-14.4553533337671,8.89000016529433,-16.0616844922928,               1227P   3935
-14.4479102880544,8.88999984118234,-16.0668552855661,               1227P   3936
-14.4406545139108,8.88999952522521,-16.071494380246,                1227P   3937
-14.4330141741281,8.88999962774318,-16.0755573335812,               1227P   3938
-14.4250524079875,8.89000009403083,-16.0776269139856,               1227P   3939
-14.4209968568084,8.89000033154766,-16.0795462460581,               1227P   3940
-14.4168578213102,8.89000064871679,-16.0813041648711,               1227P   3941
-14.4126443568301,8.89000095835254,-16.0829307805804,               1227P   3942
-14.4087456059528,8.89000124486087,-16.084413183739,                1227P   3943
-14.4047975803909,8.8900015323689,-16.085743420504,                 1227P   3944
-14.4008070981007,8.89000169019797,-16.0885182463007,               1227P   3945
-14.3924830963203,8.89000201942372,-16.0906330187594,               1227P   3946
-14.3839720918584,8.89000178083939,-16.0921118096011,               1227P   3947
-14.375329310977,8.89000135244677,-16.0934538785305,                1227P   3948
-14.3674856001848,8.89000096366128,-16.0942710439328,               1227P   3949
-14.3595322717475,8.89000038072053,-16.094558539091,                1227P   3950
-14.3515465541524,8.89000011636464,-16.0946361128183,               1227P   3951
-14.3493917982838,8.89000004503449,-16.0946750324845,               1227P   3952
-14.3472349527177,8.89,-16.0946750324845,-14.3450782030488,8.89,    1227P   3953
0.,0.0278575916195748,0.,0.,0.;                                     1227P   3954
126,1,1,0,0,1,0,1.00236926355807,1.00236926355807,                  1229P   3955
1.68770858727803,1.68770858727803,1.,1.,-15.9178983371878,          1229P   3956
-14.5218548983454,8.89,-9.06450509998826,-14.5218548983454,8.89,    1229P   3957
1.00236926355807,1.68770858727803,0.,0.,0.;                         1229P   3958
126,39,3,0,0,1,0,0.,0.,0.,0.,0.00118459458717712,                   1231P   3959
0.00118459458717712,0.00118459458717712,0.00250159084463598,        1231P   3960
0.00250159084463598,0.00250159084463598,0.0028002313343039,         1231P   3961
0.0028002313343039,0.0028002313343039,0.00307828999283917,          1231P   3962
0.00307828999283917,0.00307828999283917,0.00445608020199552,        1231P   3963
0.00445608020199552,0.00445608020199552,0.00557185619443888,        1231P   3964
0.00557185619443888,0.00557185619443888,0.00563409120272491,        1231P   3965
0.00563409120272491,0.00563409120272491,0.0070105522795228,         1231P   3966
0.0070105522795228,0.0070105522795228,0.00806474853046597,          1231P   3967
0.00806474853046597,0.00806474853046597,0.00835950802465478,        1231P   3968
0.00835950802465478,0.00835950802465478,0.0097517671619208,         1231P   3969
0.0097517671619208,0.0097517671619208,0.0109365164958873,           1231P   3970
0.0109365164958873,0.0109365164958873,0.0111440262991868,           1231P   3971
0.0111440262991868,0.0111440262991868,0.0111440262991868,1.,1.,     1231P   3972
1.,1.,1.,1.,1.,1.,1.,1.,1.,1.,1.,1.,1.,1.,1.,1.,1.,1.,1.,1.,1.,     1231P   3973
1.,1.,1.,1.,1.,1.,1.,1.,1.,1.,1.,1.,1.,1.,1.,1.,1.,                 1231P   3974
-8.99377287122407,-14.4511549898053,8.89000000000211,               1231P   3975
-8.99377287122408,-14.4551036384292,8.89000000000235,               1231P   3976
-8.99411713056695,-14.4590529690189,8.88999982790589,               1231P   3977
-8.99477565783311,-14.4629340489235,8.88999975324836,               1231P   3978
-8.99550778843235,-14.4672489155998,8.88999967024638,               1231P   3979
-8.99662731029582,-14.4714811741475,8.88999977506198,               1231P   3980
-8.99813125027152,-14.475585159637,8.88999995906235,                1231P   3981
-8.99847228189422,-14.4765157744578,8.89000000078605,               1231P   3982
-8.9988332595343,-14.4774399094903,8.89000004234028,                1231P   3983
-8.99921447441436,-14.4783571849604,8.89000007374296,               1231P   3984
-8.99956941656664,-14.479211243253,8.89000010298143,                1231P   3985
-8.99994116869461,-14.4800575798542,8.89000012296998,               1231P   3986
-9.00032977005543,-14.4808958319879,8.89000012326958,               1231P   3987
-9.00225530315346,-14.4850494001188,8.89000012475413,               1231P   3988
-9.00458966514946,-14.4890041148254,8.88999980623575,               1231P   3989
-9.00727383600818,-14.4927039180474,8.88999991740423,               1231P   3990
-9.0094475583818,-14.4957001300864,8.89000000743182,                1231P   3991
-9.01185221914059,-14.4985300429787,8.89000034133031,               1231P   3992
-9.01448030805938,-14.5011569298626,8.89000036352022,               1231P   3993
-9.01462689584828,-14.5013034506052,8.89000036475791,               1231P   3994
-9.01477418321265,-14.5014493359703,8.8900003648046,                1231P   3995
-9.01492216422417,-14.5015945842749,8.89000036380725,               1231P   3996
-9.01819508260342,-14.5048070629635,8.89000034174872,               1231P   3997
-9.02177209972587,-14.507679270842,8.88999997813494,                1231P   3998
-9.02558729873201,-14.5101917880994,8.88999996932377,               1231P   3999
-9.0285092618421,-14.5121160606545,8.88999996257551,                1231P   4000
-9.03157211642314,-14.513828816533,8.89000011329884,                1231P   4001
-9.0347506675885,-14.5153009959819,8.89000022510792,                1231P   4002
-9.03563940925583,-14.5157126260454,8.89000025637039,               1231P   4003
-9.03653718123912,-14.5161053173202,8.89000028282616,               1231P   4004
-9.03744355081274,-14.5164791225067,8.89000030806885,               1231P   4005
-9.04172467269513,-14.51824474396,8.89000042729947,                 1231P   4006
-9.04615616397973,-14.5195756695676,8.89000059168363,               1231P   4007
-9.05069007889424,-14.5204783663101,8.89000052093069,               1231P   4008
-9.0545482347012,-14.5212465202664,8.89000046072315,                1231P   4009
-9.05848179826241,-14.5217033590144,8.89000016555853,               1231P   4010
-9.0624299930767,-14.521823284605,8.89000003701414,                 1231P   4011
-9.06312152258916,-14.5218442896691,8.89000001449949,               1231P   4012
-9.06381338750102,-14.5218548983454,8.89,-9.06450509998826,         1231P   4013
-14.5218548983454,8.89,0.,0.0111440262991868,0.,0.,0.;              1231P   4014
126,1,1,0,0,1,0,0.44098556952057,0.44098556952057,                  1233P   4015
0.446006994408645,0.446006994408645,1.,1.,-8.993772871224,          1233P   4016
-14.4511549898053,8.89,-8.993772871224,-14.4009407409246,8.89,      1233P   4017
0.44098556952057,0.446006994408645,0.,0.,0.;                        1233P   4018
126,45,3,0,0,1,0,0.,0.,0.,0.,0.00379935564318616,                   1235P   4019
0.00379935564318616,0.00379935564318616,0.00782048427706107,        1235P   4020
0.00782048427706107,0.00782048427706107,0.0121643184631072,         1235P   4021
0.0121643184631072,0.0121643184631072,0.014020381934205,            1235P   4022
0.014020381934205,0.014020381934205,0.0188509116591719,             1235P   4023
0.0188509116591719,0.0188509116591719,0.0236814413841389,           1235P   4024
0.0236814413841389,0.0236814413841389,0.0282075271239957,           1235P   4025
0.0282075271239957,0.0282075271239957,0.0328545941965608,           1235P   4026
0.0328545941965608,0.0328545941965608,0.0372889983205804,           1235P   4027
0.0372889983205804,0.0372889983205804,0.0403403012095338,           1235P   4028
0.0403403012095338,0.0403403012095338,0.041837687213557,            1235P   4029
0.041837687213557,0.041837687213557,0.0462985698172928,             1235P   4030
0.0462985698172928,0.0462985698172928,0.0505936498691788,           1235P   4031
0.0505936498691788,0.0505936498691788,0.0545386147853429,           1235P   4032
0.0545386147853429,0.0545386147853429,0.0557317149195368,           1235P   4033
0.0557317149195368,0.0557317149195368,0.0557317149195368,1.,1.,     1235P   4034
1.,1.,1.,1.,1.,1.,1.,1.,1.,1.,1.,1.,1.,1.,1.,1.,1.,1.,1.,1.,1.,     1235P   4035
1.,1.,1.,1.,1.,1.,1.,1.,1.,1.,1.,1.,1.,1.,1.,1.,1.,1.,1.,1.,1.,     1235P   4036
1.,1.,-9.34754176827084,-14.0473873503313,8.89,                     1235P   4037
-9.33487724946021,-14.0473873503313,8.89,-9.32218013166435,         1235P   4038
-14.0481582838156,8.89000231256163,-9.30956851529298,               1235P   4039
-14.0496148043476,8.89000467603013,-9.29622074359876,               1235P   4040
-14.0511563437472,8.89000717745715,-9.28296776637415,               1235P   4041
-14.053465645852,8.890009770127,-9.26989973911781,                  1235P   4042
-14.0564779140723,8.89001151380039,-9.255782970243,                 1235P   4043
-14.0597319242929,8.89001339740789,-9.24188083019905,               1235P   4044
-14.0638058126134,8.89001433210706,-9.22826776027948,               1235P   4045
-14.0686644811206,8.89001450182161,-9.22245107374748,               1235P   4046
-14.0707405265561,8.89001457433841,-9.21668681390417,               1235P   4047
-14.0729604420511,8.89001451941212,-9.21097971226724,               1235P   4048
-14.0753241050022,8.89001438895731,-9.19612659731193,               1235P   4049
-14.0814756964336,8.8900140494399,-9.18176837634471,                1235P   4050
-14.0885530007794,8.89001296687861,-9.16799196624727,               1235P   4051
-14.0965404329264,8.8900113436509,-9.15421555614984,                1235P   4052
-14.1045278650735,8.89000972042319,-9.1410189960046,                1235P   4053
-14.1134254658601,8.89000762500582,-9.12849030320221,               1235P   4054
-14.12327353074,8.89000522134558,-9.11675123087255,                 1235P   4055
-14.1325009216384,8.89000296917596,-9.10559734253211,               1235P   4056
-14.1425634761554,8.89000048660727,-9.09506636545462,               1235P   4057
-14.1533525214616,8.88999911938033,-9.08425389754492,               1235P   4058
-14.1644299557103,8.8899977156077,-9.07417047693874,                1235P   4059
-14.1761988532934,8.88999741512009,-9.06486566691447,               1235P   4060
-14.1885497153488,8.88999841133835,-9.05598667134576,               1235P   4061
-14.2003353669821,8.88999936196683,-9.04781606158349,               1235P   4062
-14.2126524943129,8.89000151402617,-9.04043818153138,               1235P   4063
-14.2254235361338,8.89000359410417,-9.03536147988495,               1235P   4064
-14.2342112595152,8.89000502540086,-9.03066093855165,               1235P   4065
-14.2432142647769,8.89000639398166,-9.02637859908055,               1235P   4066
-14.2524069207111,8.89000677644081,-9.02427709837024,               1235P   4067
-14.2569180934254,8.8900069641275,-9.02227654354398,                1235P   4068
-14.2614749013389,8.89000690617988,-9.02037623635233,               1235P   4069
-14.2660752573262,8.89000669135626,-9.01471500586786,               1235P   4070
-14.2797802391678,8.89000605137236,-9.00997669773458,               1235P   4071
-14.2937834622177,8.89000408420853,-9.00612686377166,               1235P   4072
-14.3080343289409,8.89000259458148,-9.0024201208407,                1235P   4073
-14.3217555179572,8.89000116032104,-8.99953772081431,               1235P   4074
-14.3357076742805,8.89000014476343,-8.99748759013262,               1235P   4075
-14.3498188991301,8.88999980823531,-8.99560457665788,               1235P   4076
-14.3627798419492,8.8899994991394,-8.99442435820528,                1235P   4077
-14.3758757555977,8.88999973910217,-8.99397658431781,               1235P   4078
-14.3890136051447,8.88999990892748,-8.9938411612921,                1235P   4079
-14.3929869662242,8.8899999602888,-8.99377287123852,                1235P   4080
-14.3969638434419,8.890000000416,-8.99377287123852,                 1235P   4081
-14.4009407409246,8.890000000416,0.,0.0557317149195368,0.,0.,0.;    1235P   4082
126,1,1,0,0,1,0,-1.033516572365,-1.033516572365,                    1237P   4083
-0.606250000745059,-0.606250000745059,1.,1.,-9.34754176827084,      1237P   4084
-14.0473873503313,8.89,-13.6202074844703,-14.0473873503313,8.89,    1237P   4085
-1.033516572365,-0.606250000745059,0.,0.,0.;                        1237P   4086
126,1,1,0,0,1,0,0.187500000745057,0.187500000745057,                1239P   4087
0.550000000745059,0.550000000745059,1.,1.,-15.6202074844703,        1239P   4088
-12.0473873503313,8.89,-15.6202074844703,-8.42238735033126,8.89,    1239P   4089
0.187500000745057,0.550000000745059,0.,0.,0.;                       1239P   4090
126,2,2,0,0,0,0,-0.785398163397447,-0.785398163397447,              1241P   4091
-0.785398163397447,0.78539816339745,0.78539816339745,               1241P   4092
0.78539816339745,1.,0.707106781186547,1.,-17.6202074844703,         1241P   4093
-6.42238735033126,8.89,-15.6202074844703,-6.42238735033126,8.89,    1241P   4094
-15.6202074844703,-8.42238735033126,8.89,-0.785398163397447,        1241P   4095
0.78539816339745,0.,0.,0.;                                          1241P   4096
126,1,1,0,0,1,0,-0.856250002235175,-0.856250002235175,              1243P   4097
0.101053942463748,0.101053942463748,1.,1.,-17.6202074844703,        1243P   4098
-6.42238735033126,8.89,-27.1932469314595,-6.42238735033126,8.89,    1243P   4099
-0.856250002235175,0.101053942463748,0.,0.,0.;                      1243P   4100
126,3,3,0,0,1,0,-0.000123313154708288,-0.000123313154708288,        1245P   4101
-0.000123313154708288,-0.000123313154708288,0.0999528648015472,     1245P   4102
0.0999528648015472,0.0999528648015472,0.0999528648015472,1.,1.,     1245P   4103
1.,1.,-8.39897512394429,-19.6974068760136,8.89000000000211,         1245P   4104
-8.40479348159965,-19.6857666141562,8.55666651317243,               1245P   4105
-8.41061183120433,-19.674126368405,8.22333348756555,                1245P   4106
-8.41643018887254,-19.6624861065218,7.88999999999993,               1245P   4107
-0.000123313154708288,0.0999528648015472,0.,0.,0.;                  1245P   4108
126,3,3,0,0,1,0,-0.0998293637030116,-0.0998293637030116,            1247P   4109
-0.0998293637030116,-0.0998293637030116,0.000246814252991528,       1247P   4110
0.000246814252991528,0.000246814252991528,0.000246814252991528,     1247P   4111
1.,1.,1.,1.,-8.4871300974127,-19.733218335286,7.88999999999885,     1247P   4112
-8.48131173976438,-19.7448585971294,8.22333348642485,               1247P   4113
-8.4754933901597,-19.7564988428806,8.55666651203139,                1247P   4114
-8.46967503248446,-19.7681391047778,8.89,-0.0998293637030116,       1247P   4115
0.000246814252991528,0.,0.,0.;                                      1247P   4116
126,3,3,0,0,1,0,-7.49400541621981D-16,-7.49400541621981D-16,        1249P   4117
-7.49400541621981D-16,-7.49400541621981D-16,0.200121908859763,      1249P   4118
0.200121908859763,0.200121908859763,0.200121908859763,1.,1.,1.,     1249P   4119
1.,-8.17198417976693,-19.6275653370301,6.89,-8.17198417976693,      1249P   4120
-19.6508458931357,7.5566679012068,-8.17198417976693,                1249P   4121
-19.6741263207039,8.22333212158587,-8.17198417976693,               1249P   4122
-19.6974068760172,8.89000000010486,-7.49400541621981D-16,           1249P   4123
0.200121908859763,0.,0.,0.;                                         1249P   4124
126,3,3,0,0,1,0,-0.0995053056297275,-0.0995053056297275,            1251P   4125
-0.0995053056297275,-0.0995053056297275,0.000616566116113617,       1251P   4126
0.000616566116113617,0.000616566116113617,0.000616566116113617,     1251P   4127
1.,1.,1.,1.,-8.78207540643533,-19.6624861065215,                    1251P   4128
7.88999999999187,-8.77043514470571,-19.6508458447919,               1251P   4129
7.55666651682319,-8.75879489884785,-19.6392055989341,               1251P   4130
7.22333348816201,-8.74715463694386,-19.6275653370301,6.89,          1251P   4131
-0.0995053056297275,0.000616566116113617,0.,0.,0.;                  1251P   4132
126,3,3,0,0,1,0,-0.100322992209215,-0.100322992209215,              1253P   4133
-0.100322992209215,-0.100322992209215,-0.000246814253242703,        1253P   4134
-0.000246814253242703,-0.000246814253242703,                        1253P   4135
-0.000246814253242703,1.,1.,1.,1.,-9.06450509998826,                1253P   4136
-14.5218548983454,8.89,-9.05286483808879,-14.5276732560218,         1253P   4137
8.55666651196726,-9.04122459234063,-14.533491605625,                1253P   4138
8.22333348644781,-9.02958433049647,-14.5393099632737,               1253P   4139
7.88999999999885,-0.100322992209215,-0.000246814253242703,0.,0.,    1253P   4140
0.;                                                                 1253P   4141
126,3,3,0,0,1,0,0.000123313154715414,0.000123313154715414,          1255P   4142
0.000123313154715414,0.000123313154715414,0.100199491110956,        1255P   4143
0.100199491110956,0.100199491110956,0.100199491110956,1.,1.,1.,     1255P   4144
1.,-8.95885210173225,-14.4686100547335,7.88999999999993,            1255P   4145
-8.97049236361621,-14.4627916970649,8.22333348758882,               1255P   4146
-8.98213260936438,-14.4569733474617,8.55666651310862,               1255P   4147
-8.99377287122407,-14.4511549898053,8.89000000000211,               1255P   4148
0.000123313154715414,0.100199491110956,0.,0.,0.;                    1255P   4149
126,3,3,0,0,1,0,-0.0997219925324844,-0.0997219925324844,            1257P   4150
-0.0997219925324844,-0.0997219925324844,0.000308470756028822,       1257P   4151
0.000308470756028822,0.000308470756028822,0.000308470756028822,     1257P   4152
1.,1.,1.,1.,-15.935353402116,-14.5393099632737,7.88999999999999,    1257P   4153
-15.9295350444747,-14.5334916056323,8.22333348602568,               1257P   4154
-15.9237166948613,-14.5276732560189,8.55666651213303,               1257P   4155
-15.9178983371878,-14.5218548983454,8.89,-0.0997219925324844,       1257P   4156
0.000308470756028822,0.,0.,0.;                                      1257P   4157
126,3,3,0,0,1,0,-0.100338934045111,-0.100338934045111,              1259P   4158
-0.100338934045111,-0.100338934045111,-0.000308470756624799,        1259P   4159
-0.000308470756624799,-0.000308470756624799,                        1259P   4160
-0.000308470756624799,1.,1.,1.,1.,-15.9178983371878,                1259P   4161
-27.8229198321194,8.89,-15.9237166948617,-27.8171014744455,         1259P   4162
8.55666651210866,-15.9295350444748,-27.8112831248325,               1259P   4163
8.22333348602128,-15.935353402116,-27.8054647671912,                1259P   4164
7.88999999999999,-0.100338934045111,-0.000308470756624799,0.,0.,    1259P   4165
0.;                                                                 1259P   4166
126,3,3,0,0,1,0,0.000308470756624803,0.000308470756624803,          1261P   4167
0.000308470756624803,0.000308470756624803,0.100338934045111,        1261P   4168
0.100338934045111,0.100338934045111,0.100338934045111,1.,1.,1.,     1261P   4169
1.,-16.1121300974127,-27.9822414624878,7.88999999999999,            1261P   4170
-16.1063117397714,-27.9880598201291,8.22333348602128,               1261P   4171
-16.1004933901584,-27.9938781697422,8.55666651210866,               1261P   4172
-16.0946750324845,-27.9996965274161,8.89,0.000308470756624803,      1261P   4173
0.100338934045111,0.,0.,0.;                                         1261P   4174
126,1,1,0,0,1,0,0.212641380141787,0.212641380141787,                1263P   4175
0.312671843430892,0.312671843430892,1.,1.,-10.4693704227972,        1263P   4176
-27.8229198321194,8.89,-10.4868254877255,-27.8054647671912,7.89,    1263P   4177
0.212641380141787,0.312671843430892,0.,0.,0.;                       1263P   4178
126,3,3,0,0,1,0,-0.100338934045112,-0.100338934045112,              1265P   4179
-0.100338934045112,-0.100338934045112,-0.000308470756700721,        1265P   4180
-0.000308470756700721,-0.000308470756700721,                        1265P   4181
-0.000308470756700721,1.,1.,1.,1.,-29.3957399662584,                1265P   4182
-27.9996965274161,8.89,-29.3899216085846,-27.9938781697422,         1265P   4183
8.55666651210934,-29.38410325897,-27.9880598201277,                 1265P   4184
8.22333348593854,-29.3782849013302,-27.9822414624879,               1265P   4185
7.88999999999999,-0.100338934045112,-0.000308470756700721,0.,0.,    1265P   4186
0.;                                                                 1265P   4187
126,3,3,0,0,1,0,0.000308470756700947,0.000308470756700947,          1267P   4188
0.000308470756700947,0.000308470756700947,0.100338934045112,        1267P   4189
0.100338934045112,0.100338934045112,0.100338934045112,1.,1.,1.,     1267P   4190
1.,-29.5550615966269,-27.8054647671912,7.88999999999999,            1267P   4191
-29.5608799542667,-27.811283124831,8.22333348593854,                1267P   4192
-29.5666983038812,-27.8171014744455,8.55666651210934,               1267P   4193
-29.5725166615551,-27.8229198321194,8.89,0.000308470756700947,      1267P   4194
0.100338934045112,0.,0.,0.;                                         1267P   4195
126,1,1,0,0,1,0,0.23021569168597,0.23021569168597,                  1269P   4196
0.330246154975075,0.330246154975075,1.,1.,-29.3957399662584,        1269P   4197
-33.4482244418066,8.89,-29.3782849013302,-33.4307693768784,7.89,    1269P   4198
0.23021569168597,0.330246154975075,0.,0.,0.;                        1269P   4199
126,3,3,0,0,1,0,-0.000308470755992635,-0.000308470755992635,        1271P   4200
-0.000308470755992635,-0.000308470755992635,0.0997219925324826,     1271P   4201
0.0997219925324826,0.0997219925324826,0.0997219925324826,1.,1.,     1271P   4202
1.,1.,-29.5725166615551,-14.5218548983454,8.89,                     1271P   4203
-29.5666983038809,-14.5276732560196,8.55666651209286,               1271P   4204
-29.5608799542682,-14.5334916056323,8.22333348602472,               1271P   4205
-29.5550615966269,-14.5393099632737,7.88999999999999,               1271P   4206
-0.000308470755992635,0.0997219925324826,0.,0.,0.;                  1271P   4207
126,3,3,0,0,1,0,-0.0997219925324823,-0.0997219925324823,            1273P   4208
-0.0997219925324823,-0.0997219925324823,0.000308470755992635,       1273P   4209
0.000308470755992635,0.000308470755992635,0.000308470755992635,     1273P   4210
1.,1.,1.,1.,-29.3782849013302,-14.362533267977,7.88999999999999,    1273P   4211
-29.3841032589715,-14.3567149103357,8.22333348602472,               1273P   4212
-29.3899216085843,-14.350896560723,8.55666651209286,                1273P   4213
-29.3957399662584,-14.3450782030488,8.89,-0.0997219925324823,       1273P   4214
0.000308470755992635,0.,0.,0.;                                      1273P   4215
126,3,3,0,0,1,0,-0.000308470756028822,-0.000308470756028822,        1275P   4216
-0.000308470756028822,-0.000308470756028822,0.0997219925324844,     1275P   4217
0.0997219925324844,0.0997219925324844,0.0997219925324844,1.,1.,     1275P   4218
1.,1.,-16.0946750324845,-14.3450782030488,8.89,                     1275P   4219
-16.1004933901579,-14.3508965607223,8.55666651213303,               1275P   4220
-16.1063117397713,-14.3567149103357,8.22333348602568,               1275P   4221
-16.1121300974127,-14.362533267977,7.88999999999999,                1275P   4222
-0.000308470756028822,0.0997219925324844,0.,0.,0.;                  1275P   4223
126,1,1,0,0,1,0,0.212641380141787,0.212641380141787,                1277P   4224
0.312671843430892,0.312671843430892,1.,1.,-16.0946750324845,        1277P   4225
-8.89655028865822,8.89,-16.1121300974127,-8.91400535358644,7.89,    1277P   4226
0.212641380141787,0.312671843430892,0.,0.,0.;                       1277P   4227
126,3,3,0,0,1,0,-0.200121908859764,-0.200121908859764,              1279P   4228
-0.200121908859764,-0.200121908859764,2.08166817117217D-16,         1279P   4229
2.08166817117217D-16,2.08166817117217D-16,2.08166817117217D-16,     1279P   4230
1.,1.,1.,1.,-8.99377287123852,-14.4009407409246,8.890000000416,     1279P   4231
-8.97049231670114,-14.4009407409246,8.22333214411685,               1279P   4232
-8.94721188834432,-14.4009407409246,7.55666790115599,               1279P   4233
-8.9239313322405,-14.4009407409246,6.89,-0.200121908859764,         1279P   4234
2.08166817117217D-16,0.,0.,0.;                                      1279P   4235
126,3,3,0,0,1,0,0.00123463339717447,0.00123463339717447,            1281P   4236
0.00123463339717447,0.00123463339717447,0.201356542219138,          1281P   4237
0.201356542219138,0.201356542219138,0.201356542219138,1.,1.,1.,     1281P   4238
1.,-9.277700229286,-14.0473873503313,6.8899999999617,               1281P   4239
-9.30098078381884,-14.0473873503313,7.55666785613075,               1281P   4240
-9.32426121217127,-14.0473873503313,8.22333209896572,               1281P   4241
-9.34754176827084,-14.0473873503313,8.89,0.00123463339717447,       1281P   4242
0.201356542219138,0.,0.,0.;                                         1281P   4243
126,3,3,0,0,1,0,-0.000616566116113617,-0.000616566116113617,        1283P   4244
-0.000616566116113617,-0.000616566116113617,0.0995053056297272,     1283P   4245
0.0995053056297272,0.0995053056297272,0.0995053056297272,1.,1.,     1283P   4246
1.,1.,-8.9239313322405,-19.4507886417334,6.89,-8.93557159414449,    1283P   4247
-19.4624289036374,7.22333348816201,-8.94721184000235,               1283P   4248
-19.4740691494953,7.55666651682319,-8.95885210173196,               1283P   4249
-19.4857094112249,7.88999999999187,-0.000616566116113617,           1283P   4250
0.0995053056297272,0.,0.,0.;                                        1283P   4251
126,3,3,0,0,1,0,-0.200739225539453,-0.200739225539453,              1285P   4252
-0.200739225539453,-0.200739225539453,-0.000617316684538162,        1285P   4253
-0.000617316684538162,-0.000617316684538162,                        1285P   4254
-0.000617316684538162,1.,1.,1.,1.,-7.99520748447029,                1285P   4255
-19.874291324537,8.89,-7.99520748447029,-19.8510107684337,          1285P   4256
8.22333209885879,-7.9952074844703,-19.827730340866,                 1285P   4257
7.55666787849603,-7.9952074844703,-19.8044497855515,                1285P   4258
6.88999999994407,-0.200739225539453,-0.000617316684538162,0.,0.,    1285P   4259
0.;                                                                 1285P   4260
126,1,1,0,0,1,0,-0.1,-0.1,0.1,0.1,1.,1.,-7.99520748447029,          1287P   4261
-26.2973873801336,6.89,-7.99520748447029,-26.2973873801336,8.89,    1287P   4262
-0.1,0.1,0.,0.,0.;                                                  1287P   4263
126,1,1,0,0,1,0,0.226833126123959,0.226833126123959,                1289P   4264
0.326863589413064,0.326863589413064,1.,1.,-26.8881219468062,        1289P   4265
-6.89685489834544,8.89,-26.870666881878,-6.91430996327366,7.89,     1289P   4266
0.226833126123959,0.326863589413064,0.,0.,0.;                       1289P   4267
126,1,1,0,0,1,0,-0.312671843430892,-0.312671843430892,              1291P   4268
-0.212641380141787,-0.212641380141787,1.,1.,-18.1118254877255,      1291P   4269
-6.91430996327366,7.89,-18.0943704227973,-6.89685489834544,8.89,    1291P   4270
-0.312671843430892,-0.212641380141787,0.,0.,0.;                     1291P   4271
126,1,1,0,0,1,0,-0.330246154975075,-0.330246154975075,              1293P   4272
-0.23021569168597,-0.23021569168597,1.,1.,-27.3785895110175,        1293P   4273
-35.4304647671912,7.89,-27.3960445759457,-35.4479198321194,8.89,    1293P   4274
-0.330246154975075,-0.23021569168597,0.,0.,0.;                      1293P   4275
126,1,1,0,0,1,0,0.225946813876807,0.225946813876807,                1295P   4276
0.325977277165912,0.325977277165912,1.,1.,-18.0943704227972,        1295P   4277
-35.4479198321194,8.89,-18.1118254877255,-35.4304647671912,7.89,    1295P   4278
0.225946813876807,0.325977277165912,0.,0.,0.;                       1295P   4279
126,1,1,0,0,1,0,-0.325977277165912,-0.325977277165912,              1297P   4280
-0.225946813876807,-0.225946813876807,1.,1.,-16.1121300974127,      1297P   4281
-33.4307693768784,7.89,-16.0946750324845,-33.4482244418067,8.89,    1297P   4282
-0.325977277165912,-0.225946813876807,0.,0.,0.;                     1297P   4283
126,1,1,0,0,1,0,-0.312671843430892,-0.312671843430892,              1299P   4284
-0.212641380141787,-0.212641380141787,1.,1.,-8.48713009741268,      1299P   4285
-25.8057693768784,7.89,-8.46967503248446,-25.8232244418066,8.89,    1299P   4286
-0.312671843430892,-0.212641380141787,0.,0.,0.;                     1299P   4287
126,1,1,0,0,1,0,0.225946813876807,0.225946813876807,                1301P   4288
0.325977277165912,0.325977277165912,1.,1.,-37.0207399662585,        1301P   4289
-25.8232244418066,8.89,-37.0032849013302,-25.8057693768784,7.89,    1301P   4290
0.225946813876807,0.325977277165912,0.,0.,0.;                       1301P   4291
126,1,1,0,0,1,0,-0.325977277165912,-0.325977277165912,              1303P   4292
-0.225946813876807,-0.225946813876807,1.,1.,-35.0035895110175,      1303P   4293
-27.8054647671912,7.89,-35.0210445759457,-27.8229198321194,8.89,    1303P   4294
-0.325977277165912,-0.225946813876807,0.,0.,0.;                     1303P   4295
126,1,1,0,0,1,0,-0.1,-0.1,0.1,0.1,1.,1.,-17.6202074844703,          1305P   4296
-6.42238735033126,6.89,-17.6202074844703,-6.42238735033126,8.89,    1305P   4297
-0.1,0.1,0.,0.,0.;                                                  1305P   4298
126,1,1,0,0,1,0,-0.1,-0.1,0.1,0.1,1.,1.,-15.6202074844703,          1307P   4299
-8.42238735033126,8.89,-15.6202074844703,-8.42238735033126,6.89,    1307P   4300
-0.1,0.1,0.,0.,0.;                                                  1307P   4301
126,1,1,0,0,1,0,-0.1,-0.1,0.1,0.1,1.,1.,-37.4952075142726,          1309P   4302
-26.2973873801336,8.89,-37.4952075142726,-26.2973873801336,6.89,    1309P   4303
-0.1,0.1,0.,0.,0.;                                                  1309P   4304
126,1,1,0,0,1,0,-0.1,-0.1,0.1,0.1,1.,1.,-35.4952075142726,          1311P   4305
-28.2973873801336,6.89,-35.4952075142726,-28.2973873801336,8.89,    1311P   4306
-0.1,0.1,0.,0.,0.;                                                  1311P   4307
126,1,1,0,0,1,0,-0.1,-0.1,0.1,0.1,1.,1.,-27.8702075142726,          1313P   4308
-35.9223873801336,6.89,-27.8702075142726,-35.9223873801336,8.89,    1313P   4309
-0.1,0.1,0.,0.,0.;                                                  1313P   4310
126,1,1,0,0,1,0,-0.1,-0.1,0.1,0.1,1.,1.,-29.8702075142726,          1315P   4311
-33.9223873801336,8.89,-29.8702075142726,-33.9223873801336,6.89,    1315P   4312
-0.1,0.1,0.,0.,0.;                                                  1315P   4313
126,1,1,0,0,1,0,-0.1,-0.1,0.1,0.1,1.,1.,-17.6202074844703,          1317P   4314
-35.9223873801336,8.89,-17.6202074844703,-35.9223873801336,6.89,    1317P   4315
-0.1,0.1,0.,0.,0.;                                                  1317P   4316
126,1,1,0,0,1,0,-0.1,-0.1,0.1,0.1,1.,1.,-15.6202074844703,          1319P   4317
-33.9223873801336,6.89,-15.6202074844703,-33.9223873801336,8.89,    1319P   4318
-0.1,0.1,0.,0.,0.;                                                  1319P   4319
126,1,1,0,0,1,0,-0.1,-0.1,0.1,0.1,1.,1.,-9.99520748447029,          1321P   4320
-28.2973873801336,8.89,-9.99520748447029,-28.2973873801336,6.89,    1321P   4321
-0.1,0.1,0.,0.,0.;                                                  1321P   4322
126,2,2,0,0,0,0,-3.14159265358979,-3.14159265358979,                1323P   4323
-3.14159265358979,-1.5707963267949,-1.5707963267949,                1323P   4324
-1.5707963267949,1.,0.707106781186546,1.,-13.7452074993715,         1323P   4325
-24.5223873652324,7.865,-10.3952074993715,-24.5223873652324,        1323P   4326
7.865,-10.3952074993715,-21.1723873652324,7.865,                    1323P   4327
-3.14159265358979,-1.5707963267949,0.,0.,0.;                        1323P   4328
126,2,2,0,0,0,0,-1.5707963267949,-1.5707963267949,                  1325P   4329
-1.5707963267949,1.83697019872103D-16,1.83697019872103D-16,         1325P   4330
1.83697019872103D-16,1.,0.707106781186548,1.,-10.3952074993715,     1325P   4331
-21.1723873652324,7.865,-10.3952074993715,-17.8223873652324,        1325P   4332
7.865,-13.7452074993715,-17.8223873652324,7.865,                    1325P   4333
-1.5707963267949,1.83697019872103D-16,0.,0.,0.;                     1325P   4334
126,2,2,0,0,0,0,-0.643501108793281,-0.643501108793281,              1327P   4335
-0.643501108793281,0.,0.,0.,1.,0.94868329805037,1.,                 1327P   4336
-13.7452074993715,-17.8223873652324,7.865,-13.7452074993715,        1327P   4337
-17.7723873652324,7.79833333333333,-13.7452074993715,               1327P   4338
-17.7723873652324,7.715,-0.643501108793281,0.,0.,0.,0.;             1327P   4339
126,4,2,0,0,0,0,-1.83697019872103D-16,-1.83697019872103D-16,        1329P   4340
-1.83697019872103D-16,1.5707963267949,1.5707963267949,              1329P   4341
3.14159265358979,3.14159265358979,3.14159265358979,1.,              1329P   4342
0.707106781186548,1.,0.70710678118655,1.,-13.7452074993715,         1329P   4343
-17.7723873652324,7.715,-10.3452074993715,-17.7723873652324,        1329P   4344
7.715,-10.3452074993715,-21.1723873652324,7.715,                    1329P   4345
-10.3452074993715,-24.5723873652324,7.715,-13.7452074993715,        1329P   4346
-24.5723873652324,7.715,-1.83697019872103D-16,3.14159265358979,     1329P   4347
0.,0.,0.;                                                           1329P   4348
126,4,2,0,0,0,0,-3.14159265358979,-3.14159265358979,                1331P   4349
-3.14159265358979,-1.5707963267949,-1.5707963267949,                1331P   4350
-1.83697019872103D-16,-1.83697019872103D-16,                        1331P   4351
-1.83697019872103D-16,1.,0.707106781186546,1.,0.707106781186548,    1331P   4352
1.,-13.7452074993715,-24.5723873652324,7.715,-17.1452074993715,     1331P   4353
-24.5723873652324,7.715,-17.1452074993715,-21.1723873652324,        1331P   4354
7.715,-17.1452074993715,-17.7723873652324,7.715,                    1331P   4355
-13.7452074993715,-17.7723873652324,7.715,-3.14159265358979,        1331P   4356
-1.83697019872103D-16,0.,0.,0.;                                     1331P   4357
126,4,2,0,0,0,0,1.83697019872103D-16,1.83697019872103D-16,          1333P   4358
1.83697019872103D-16,1.5707963267949,1.5707963267949,               1333P   4359
3.14159265358979,3.14159265358979,3.14159265358979,1.,              1333P   4360
0.707106781186548,1.,0.707106781186546,1.,-13.7452074993715,        1333P   4361
-17.8223873652324,7.865,-17.0952074993715,-17.8223873652324,        1333P   4362
7.865,-17.0952074993715,-21.1723873652324,7.865,                    1333P   4363
-17.0952074993715,-24.5223873652324,7.865,-13.7452074993715,        1333P   4364
-24.5223873652324,7.865,1.83697019872103D-16,3.14159265358979,      1333P   4365
0.,0.,0.;                                                           1333P   4366
126,6,2,0,0,0,0,-3.14159265358979,-3.14159265358979,                1335P   4367
-3.14159265358979,-1.5707963267949,-1.5707963267949,                1335P   4368
-1.48029736616688D-16,-1.48029736616688D-16,1.5707963267949,        1335P   4369
1.5707963267949,1.5707963267949,1.,0.707106781186549,1.,            1335P   4370
0.707106781186549,1.,0.707106781186547,1.,-11.0889574993715,        1335P   4371
-21.1723873652324,8.79,-11.0889574993715,-23.8286373652324,8.79,    1335P   4372
-13.7452074993715,-23.8286373652324,8.79,-16.4014574993715,         1335P   4373
-23.8286373652324,8.79,-16.4014574993715,-21.1723873652324,8.79,    1335P   4374
-16.4014574993715,-18.5161373652324,8.79,-13.7452074993715,         1335P   4375
-18.5161373652324,8.79,-3.14159265358979,1.5707963267949,0.,0.,     1335P   4376
0.;                                                                 1335P   4377
126,1,1,0,0,1,0,-0.178925619834711,-0.178925619834711,              1337P   4378
0.203305785123968,0.203305785123968,1.,1.,-11.0889574993715,        1337P   4379
-21.1723873652324,8.79,-10.3952074993715,-21.1723873652324,         1337P   4380
7.865,-0.178925619834711,0.203305785123968,0.,0.,0.;                1337P   4381
126,2,2,0,0,0,0,1.5707963267949,1.5707963267949,1.5707963267949,    1339P   4382
3.14159265358979,3.14159265358979,3.14159265358979,1.,              1339P   4383
0.707106781186547,1.,-13.7452074993715,-18.5161373652324,8.79,      1339P   4384
-11.0889574993715,-18.5161373652324,8.79,-11.0889574993715,         1339P   4385
-21.1723873652324,8.79,1.5707963267949,3.14159265358979,0.,0.,      1339P   4386
0.;                                                                 1339P   4387
126,1,1,0,0,1,0,-0.24264705882353,-0.24264705882353,0.,0.,1.,1.,    1341P   4388
-13.7452074993715,-24.5723873652324,7.715,-13.7452074993715,        1341P   4389
-24.5723873652324,6.89,-0.24264705882353,0.,0.,0.,0.;               1341P   4390
126,1,1,0,0,1,0,0.,0.,0.0725000000000019,0.0725000000000019,1.,     1343P   4391
1.,-16.9948228612258,-22.1723873652325,6.89,-16.9948228612258,      1343P   4392
-22.1723873652325,7.61500000000002,0.,0.0725000000000019,0.,0.,     1343P   4393
0.;                                                                 1343P   4394
126,2,2,0,0,0,0,-1.86932852797979,-1.86932852797979,                1345P   4395
-1.86932852797979,-1.27226412561003,-1.27226412561003,              1345P   4396
-1.27226412561003,1.,0.955769224074811,1.,-16.9948228612258,        1345P   4397
-22.1723873652325,7.61500000000002,-17.3025515886742,               1345P   4398
-21.1723873652325,7.61500000000002,-16.9948228612259,               1345P   4399
-20.1723873652325,7.61500000000002,-1.86932852797979,               1345P   4400
-1.27226412561003,0.,0.,0.;                                         1345P   4401
126,1,1,0,0,1,0,-0.072500000000002,-0.072500000000002,0.,0.,1.,     1347P   4402
1.,-16.9948228612259,-20.1723873652325,7.61500000000002,            1347P   4403
-16.9948228612259,-20.1723873652325,6.89,-0.072500000000002,0.,     1347P   4404
0.,0.,0.;                                                           1347P   4405
126,2,2,0,0,0,0,-3.14159265358979,-3.14159265358979,                1349P   4406
-3.14159265358979,-1.5707963267949,-1.5707963267949,                1349P   4407
-1.5707963267949,1.,0.707106781186551,1.,-11.2889574993715,         1349P   4408
-21.1723873652324,8.89,-11.2889574993715,-18.7161373652324,8.89,    1349P   4409
-13.7452074993715,-18.7161373652324,8.89,-3.14159265358979,         1349P   4410
-1.5707963267949,0.,0.,0.;                                          1349P   4411
126,2,2,0,0,0,0,-1.5707963267949,-1.5707963267949,                  1351P   4412
-1.5707963267949,-0.643501108793286,-0.643501108793286,             1351P   4413
-0.643501108793286,1.,0.894427190999923,1.,-13.7452074993715,       1351P   4414
-18.7161373652324,8.89,-13.7452074993715,-18.5911373652324,8.89,    1351P   4415
-13.7452074993715,-18.5161373652324,8.79,-1.5707963267949,          1351P   4416
-0.643501108793286,0.,0.,0.;                                        1351P   4417
126,6,2,0,0,0,0,-1.5707963267949,-1.5707963267949,                  1353P   4418
-1.5707963267949,1.48029736616688D-16,1.48029736616688D-16,         1353P   4419
1.5707963267949,1.5707963267949,3.14159265358979,                   1353P   4420
3.14159265358979,3.14159265358979,1.,0.707106781186551,1.,          1353P   4421
0.707106781186551,1.,0.707106781186551,1.,-13.7452074993715,        1353P   4422
-18.7161373652324,8.89,-16.2014574993715,-18.7161373652324,8.89,    1353P   4423
-16.2014574993715,-21.1723873652324,8.89,-16.2014574993715,         1353P   4424
-23.6286373652324,8.89,-13.7452074993715,-23.6286373652324,8.89,    1353P   4425
-11.2889574993715,-23.6286373652324,8.89,-11.2889574993715,         1353P   4426
-21.1723873652324,8.89,-1.5707963267949,3.14159265358979,0.,0.,     1353P   4427
0.;                                                                 1353P   4428
126,1,1,0,0,1,0,-0.1,-0.1,-0.027499999999998,-0.027499999999998,    1355P   4429
1.,1.,-19.0009186786506,-20.1723873652325,6.89,                     1355P   4430
-19.0009186786506,-20.1723873652325,7.61500000000002,-0.1,          1355P   4431
-0.027499999999998,0.,0.,0.;                                        1355P   4432
126,2,2,0,0,0,0,1.38277456556501,1.38277456556501,                  1357P   4433
1.38277456556501,1.7588180880248,1.7588180880248,                   1357P   4434
1.7588180880248,1.,0.98237592136062,1.,-19.0009186786506,           1357P   4435
-20.1723873652325,7.61500000000002,-19.1911878859736,               1357P   4436
-21.1723873652325,7.61500000000002,-19.0009186786506,               1357P   4437
-22.1723873652325,7.61500000000002,1.38277456556501,                1357P   4438
1.7588180880248,0.,0.,0.;                                           1357P   4439
126,1,1,0,0,1,0,0.0274999999999982,0.0274999999999982,0.1,0.1,      1359P   4440
1.,1.,-19.0009186786506,-22.1723873652325,7.61500000000002,         1359P   4441
-19.0009186786506,-22.1723873652325,6.89,0.0274999999999982,0.1,    1359P   4442
0.,0.,0.;                                                           1359P   4443
126,1,1,0,0,1,0,0.374428882072081,0.374428882072081,                1361P   4444
0.575038463814559,0.575038463814559,1.,1.,-19.0009186786506,        1361P   4445
-20.1723873652325,7.61500000000002,-16.9948228612259,               1361P   4446
-20.1723873652325,7.61500000000002,0.374428882072081,               1361P   4447
0.575038463814559,0.,0.,0.;                                         1361P   4448
126,1,1,0,0,1,0,0.374428882072082,0.374428882072082,                1363P   4449
0.575038463814562,0.575038463814562,1.,1.,-19.0009186786506,        1363P   4450
-22.1723873652325,7.61500000000002,-16.9948228612258,               1363P   4451
-22.1723873652325,7.61500000000002,0.374428882072082,               1363P   4452
0.575038463814562,0.,0.,0.;                                         1363P   4453
126,4,2,0,0,0,0,-3.14159265358979,-3.14159265358979,                1365P   4454
-3.14159265358979,-1.5707963267949,-1.5707963267949,                1365P   4455
-1.83697019872103D-16,-1.83697019872103D-16,                        1365P   4456
-1.83697019872103D-16,1.,0.707106781186545,1.,0.70710678118655,     1365P   4457
1.,-13.7452074993715,-23.5723873652324,11.2400000143051,            1365P   4458
-16.1452074993715,-23.5723873652324,11.2400000143051,               1365P   4459
-16.1452074993715,-21.1723873652324,11.2400000143051,               1365P   4460
-16.1452074993715,-18.7723873652324,11.2400000143051,               1365P   4461
-13.7452074993715,-18.7723873652324,11.2400000143051,               1365P   4462
-3.14159265358979,-1.83697019872103D-16,0.,0.,0.;                   1365P   4463
126,2,2,0,0,0,0,-1.5707963267949,-1.5707963267949,                  1367P   4464
-1.5707963267949,0.,0.,0.,1.,0.707106781186554,1.,                  1367P   4465
-13.7452074993715,-18.7723873652324,11.2400000143051,               1367P   4466
-13.7452074993715,-18.5223873652324,11.2400000143051,               1367P   4467
-13.7452074993715,-18.5223873652324,10.9900000143051,               1367P   4468
-1.5707963267949,0.,0.,0.,0.;                                       1367P   4469
126,4,2,0,0,0,0,-1.83697019872103D-16,-1.83697019872103D-16,        1369P   4470
-1.83697019872103D-16,1.5707963267949,1.5707963267949,              1369P   4471
3.14159265358979,3.14159265358979,3.14159265358979,1.,              1369P   4472
0.707106781186549,1.,0.707106781186545,1.,-13.7452074993715,        1369P   4473
-18.7723873652324,11.2400000143051,-11.3452074993715,               1369P   4474
-18.7723873652324,11.2400000143051,-11.3452074993715,               1369P   4475
-21.1723873652324,11.2400000143051,-11.3452074993715,               1369P   4476
-23.5723873652324,11.2400000143051,-13.7452074993715,               1369P   4477
-23.5723873652324,11.2400000143051,-1.83697019872103D-16,           1369P   4478
3.14159265358979,0.,0.,0.;                                          1369P   4479
126,2,2,0,0,0,0,-3.14159265358979,-3.14159265358979,                1371P   4480
-3.14159265358979,-1.5707963267949,-1.5707963267949,                1371P   4481
-1.5707963267949,1.,0.707106781186545,1.,-19.3952074993714,         1371P   4482
-12.1723873652324,7.865,-19.3952074993714,-8.82238736523244,        1371P   4483
7.865,-22.7452074993714,-8.82238736523244,7.865,                    1371P   4484
-3.14159265358979,-1.5707963267949,0.,0.,0.;                        1371P   4485
126,2,2,0,0,0,0,-1.5707963267949,-1.5707963267949,                  1373P   4486
-1.5707963267949,2.44929359829471D-16,2.44929359829471D-16,         1373P   4487
2.44929359829471D-16,1.,0.707106781186546,1.,-22.7452074993714,     1373P   4488
-8.82238736523244,7.865,-26.0952074993714,-8.82238736523244,        1373P   4489
7.865,-26.0952074993714,-12.1723873652324,7.865,                    1373P   4490
-1.5707963267949,2.44929359829471D-16,0.,0.,0.;                     1373P   4491
126,2,2,0,0,0,0,-0.643501108793281,-0.643501108793281,              1375P   4492
-0.643501108793281,0.,0.,0.,1.,0.948683298050674,1.,                1375P   4493
-26.0952074993714,-12.1723873652324,7.865,-26.1452074993714,        1375P   4494
-12.1723873652324,7.79833333333333,-26.1452074993714,               1375P   4495
-12.1723873652324,7.715,-0.643501108793281,0.,0.,0.,0.;             1375P   4496
126,4,2,0,0,0,0,-2.44929359829471D-16,-2.44929359829471D-16,        1377P   4497
-2.44929359829471D-16,1.5707963267949,1.5707963267949,              1377P   4498
3.14159265358979,3.14159265358979,3.14159265358979,1.,              1377P   4499
0.707106781186546,1.,0.70710678118655,1.,-26.1452074993714,         1377P   4500
-12.1723873652324,7.715,-26.1452074993714,-8.77238736523244,        1377P   4501
7.715,-22.7452074993714,-8.77238736523244,7.715,                    1377P   4502
-19.3452074993714,-8.77238736523244,7.715,-19.3452074993714,        1377P   4503
-12.1723873652324,7.715,-2.44929359829471D-16,3.14159265358979,     1377P   4504
0.,0.,0.;                                                           1377P   4505
126,4,2,0,0,0,0,-3.14159265358979,-3.14159265358979,                1379P   4506
-3.14159265358979,-1.5707963267949,-1.5707963267949,                1379P   4507
-2.44929359829471D-16,-2.44929359829471D-16,                        1379P   4508
-2.44929359829471D-16,1.,0.707106781186546,1.,0.707106781186546,    1379P   4509
1.,-19.3452074993714,-12.1723873652324,7.715,-19.3452074993714,     1379P   4510
-15.5723873652324,7.715,-22.7452074993714,-15.5723873652324,        1379P   4511
7.715,-26.1452074993714,-15.5723873652324,7.715,                    1379P   4512
-26.1452074993714,-12.1723873652324,7.715,-3.14159265358979,        1379P   4513
-2.44929359829471D-16,0.,0.,0.;                                     1379P   4514
126,4,2,0,0,0,0,2.44929359829471D-16,2.44929359829471D-16,          1381P   4515
2.44929359829471D-16,1.5707963267949,1.5707963267949,               1381P   4516
3.14159265358979,3.14159265358979,3.14159265358979,1.,              1381P   4517
0.707106781186546,1.,0.707106781186546,1.,-26.0952074993714,        1381P   4518
-12.1723873652324,7.865,-26.0952074993714,-15.5223873652324,        1381P   4519
7.865,-22.7452074993714,-15.5223873652324,7.865,                    1381P   4520
-19.3952074993714,-15.5223873652324,7.865,-19.3952074993714,        1381P   4521
-12.1723873652324,7.865,2.44929359829471D-16,3.14159265358979,      1381P   4522
0.,0.,0.;                                                           1381P   4523
126,6,2,0,0,0,0,-3.14159265358979,-3.14159265358979,                1383P   4524
-3.14159265358979,-1.5707963267949,-1.5707963267949,                1383P   4525
-1.48029736616688D-16,-1.48029736616688D-16,1.5707963267949,        1383P   4526
1.5707963267949,1.5707963267949,1.,0.70710678118655,1.,             1383P   4527
0.707106781186549,1.,0.707106781186549,1.,-22.7452074993714,        1383P   4528
-9.51613736523244,8.79,-20.0889574993714,-9.51613736523244,8.79,    1383P   4529
-20.0889574993714,-12.1723873652324,8.79,-20.0889574993714,         1383P   4530
-14.8286373652324,8.79,-22.7452074993714,-14.8286373652324,8.79,    1383P   4531
-25.4014574993714,-14.8286373652324,8.79,-25.4014574993714,         1383P   4532
-12.1723873652324,8.79,-3.14159265358979,1.5707963267949,0.,0.,     1383P   4533
0.;                                                                 1383P   4534
126,1,1,0,0,1,0,-0.178925619834711,-0.178925619834711,              1385P   4535
0.203305785123968,0.203305785123968,1.,1.,-22.7452074993714,        1385P   4536
-9.51613736523244,8.79,-22.7452074993714,-8.82238736523244,         1385P   4537
7.865,-0.178925619834711,0.203305785123968,0.,0.,0.;                1385P   4538
126,2,2,0,0,0,0,1.5707963267949,1.5707963267949,1.5707963267949,    1387P   4539
3.14159265358979,3.14159265358979,3.14159265358979,1.,              1387P   4540
0.707106781186549,1.,-25.4014574993714,-12.1723873652324,8.79,      1387P   4541
-25.4014574993714,-9.51613736523244,8.79,-22.7452074993714,         1387P   4542
-9.51613736523244,8.79,1.5707963267949,3.14159265358979,0.,0.,      1387P   4543
0.;                                                                 1387P   4544
126,1,1,0,0,1,0,-0.24264705882353,-0.24264705882353,0.,0.,1.,1.,    1389P   4545
-19.3452074993714,-12.1723873652324,7.715,-19.3452074993714,        1389P   4546
-12.1723873652324,6.89,-0.24264705882353,0.,0.,0.,0.;               1389P   4547
126,1,1,0,0,1,0,0.,0.,0.0725000000000019,0.0725000000000019,1.,     1391P   4548
1.,-21.7452074993714,-15.4220027270868,6.89,-21.7452074993714,      1391P   4549
-15.4220027270868,7.61500000000002,0.,0.0725000000000019,0.,0.,     1391P   4550
0.;                                                                 1391P   4551
126,2,2,0,0,0,0,-1.86932852797979,-1.86932852797979,                1393P   4552
-1.86932852797979,-1.27226412561003,-1.27226412561003,              1393P   4553
-1.27226412561003,1.,0.955769224074811,1.,-21.7452074993714,        1393P   4554
-15.4220027270868,7.61500000000002,-22.7452074993714,               1393P   4555
-15.7297314545352,7.61500000000002,-23.7452074993714,               1393P   4556
-15.4220027270868,7.61500000000002,-1.86932852797979,               1393P   4557
-1.27226412561003,0.,0.,0.;                                         1393P   4558
126,1,1,0,0,1,0,-0.072500000000002,-0.072500000000002,0.,0.,1.,     1395P   4559
1.,-23.7452074993714,-15.4220027270868,7.61500000000002,            1395P   4560
-23.7452074993714,-15.4220027270868,6.89,-0.072500000000002,0.,     1395P   4561
0.,0.,0.;                                                           1395P   4562
126,2,2,0,0,0,0,-3.14159265358979,-3.14159265358979,                1397P   4563
-3.14159265358979,-1.5707963267949,-1.5707963267949,                1397P   4564
-1.5707963267949,1.,0.70710678118655,1.,-22.7452074993714,          1397P   4565
-9.71613736523244,8.89,-25.2014574993714,-9.71613736523244,8.89,    1397P   4566
-25.2014574993714,-12.1723873652324,8.89,-3.14159265358979,         1397P   4567
-1.5707963267949,0.,0.,0.;                                          1397P   4568
126,2,2,0,0,0,0,-1.5707963267949,-1.5707963267949,                  1399P   4569
-1.5707963267949,-0.643501108793286,-0.643501108793286,             1399P   4570
-0.643501108793286,1.,0.894427190999923,1.,-25.2014574993714,       1399P   4571
-12.1723873652324,8.89,-25.3264574993714,-12.1723873652324,8.89,    1399P   4572
-25.4014574993714,-12.1723873652324,8.79,-1.5707963267949,          1399P   4573
-0.643501108793286,0.,0.,0.;                                        1399P   4574
126,6,2,0,0,0,0,-1.5707963267949,-1.5707963267949,                  1401P   4575
-1.5707963267949,1.48029736616688D-16,1.48029736616688D-16,         1401P   4576
1.5707963267949,1.5707963267949,3.14159265358979,                   1401P   4577
3.14159265358979,3.14159265358979,1.,0.707106781186551,1.,          1401P   4578
0.707106781186551,1.,0.707106781186548,1.,-25.2014574993714,        1401P   4579
-12.1723873652324,8.89,-25.2014574993714,-14.6286373652324,8.89,    1401P   4580
-22.7452074993714,-14.6286373652324,8.89,-20.2889574993714,         1401P   4581
-14.6286373652324,8.89,-20.2889574993714,-12.1723873652324,8.89,    1401P   4582
-20.2889574993714,-9.71613736523244,8.89,-22.7452074993714,         1401P   4583
-9.71613736523244,8.89,-1.5707963267949,3.14159265358979,0.,0.,     1401P   4584
0.;                                                                 1401P   4585
126,1,1,0,0,1,0,-0.1,-0.1,-0.027499999999998,-0.027499999999998,    1403P   4586
1.,1.,-23.7452074993714,-17.4280985445116,6.89,                     1403P   4587
-23.7452074993714,-17.4280985445116,7.61500000000002,-0.1,          1403P   4588
-0.027499999999998,0.,0.,0.;                                        1403P   4589
126,2,2,0,0,0,0,1.38277456556501,1.38277456556501,                  1405P   4590
1.38277456556501,1.7588180880248,1.7588180880248,                   1405P   4591
1.7588180880248,1.,0.98237592136062,1.,-23.7452074993714,           1405P   4592
-17.4280985445116,7.61500000000002,-22.7452074993714,               1405P   4593
-17.6183677518346,7.61500000000002,-21.7452074993714,               1405P   4594
-17.4280985445116,7.61500000000002,1.38277456556501,                1405P   4595
1.7588180880248,0.,0.,0.;                                           1405P   4596
126,1,1,0,0,1,0,0.0274999999999982,0.0274999999999982,0.1,0.1,      1407P   4597
1.,1.,-21.7452074993714,-17.4280985445116,7.61500000000002,         1407P   4598
-21.7452074993714,-17.4280985445116,6.89,0.0274999999999982,0.1,    1407P   4599
0.,0.,0.;                                                           1407P   4600
126,1,1,0,0,1,0,0.374428882072081,0.374428882072081,                1409P   4601
0.575038463814559,0.575038463814559,1.,1.,-23.7452074993714,        1409P   4602
-17.4280985445116,7.61500000000002,-23.7452074993714,               1409P   4603
-15.4220027270868,7.61500000000002,0.374428882072081,               1409P   4604
0.575038463814559,0.,0.,0.;                                         1409P   4605
126,1,1,0,0,1,0,0.374428882072082,0.374428882072082,                1411P   4606
0.575038463814562,0.575038463814562,1.,1.,-21.7452074993714,        1411P   4607
-17.4280985445116,7.61500000000002,-21.7452074993714,               1411P   4608
-15.4220027270868,7.61500000000002,0.374428882072082,               1411P   4609
0.575038463814562,0.,0.,0.;                                         1411P   4610
126,4,2,0,0,0,0,-3.14159265358979,-3.14159265358979,                1413P   4611
-3.14159265358979,-1.5707963267949,-1.5707963267949,                1413P   4612
-2.44929359829471D-16,-2.44929359829471D-16,                        1413P   4613
-2.44929359829471D-16,1.,0.707106781186545,1.,0.707106781186545,    1413P   4614
1.,-20.3452074993714,-12.1723873652324,11.2400000143051,            1413P   4615
-20.3452074993714,-14.5723873652324,11.2400000143051,               1413P   4616
-22.7452074993714,-14.5723873652324,11.2400000143051,               1413P   4617
-25.1452074993714,-14.5723873652324,11.2400000143051,               1413P   4618
-25.1452074993714,-12.1723873652324,11.2400000143051,               1413P   4619
-3.14159265358979,-2.44929359829471D-16,0.,0.,0.;                   1413P   4620
126,2,2,0,0,0,0,-1.5707963267949,-1.5707963267949,                  1415P   4621
-1.5707963267949,0.,0.,0.,1.,0.707106781186543,1.,                  1415P   4622
-25.1452074993714,-12.1723873652324,11.2400000143051,               1415P   4623
-25.3952074993714,-12.1723873652324,11.2400000143051,               1415P   4624
-25.3952074993714,-12.1723873652324,10.9900000143051,               1415P   4625
-1.5707963267949,0.,0.,0.,0.;                                       1415P   4626
126,4,2,0,0,0,0,-2.44929359829471D-16,-2.44929359829471D-16,        1417P   4627
-2.44929359829471D-16,1.5707963267949,1.5707963267949,              1417P   4628
3.14159265358979,3.14159265358979,3.14159265358979,1.,              1417P   4629
0.707106781186545,1.,0.707106781186545,1.,-25.1452074993714,        1417P   4630
-12.1723873652324,11.2400000143051,-25.1452074993714,               1417P   4631
-9.77238736523244,11.2400000143051,-22.7452074993714,               1417P   4632
-9.77238736523244,11.2400000143051,-20.3452074993714,               1417P   4633
-9.77238736523244,11.2400000143051,-20.3452074993714,               1417P   4634
-12.1723873652324,11.2400000143051,-2.44929359829471D-16,           1417P   4635
3.14159265358979,0.,0.,0.;                                          1417P   4636
126,2,2,0,0,0,0,-3.14159265358979,-3.14159265358979,                1419P   4637
-3.14159265358979,-1.5707963267949,-1.5707963267949,                1419P   4638
-1.5707963267949,1.,0.707106781186546,1.,-31.7452074993714,         1419P   4639
-17.8223873652324,7.865,-35.0952074993714,-17.8223873652324,        1419P   4640
7.865,-35.0952074993714,-21.1723873652324,7.865,                    1419P   4641
-3.14159265358979,-1.5707963267949,0.,0.,0.;                        1419P   4642
126,2,2,0,0,0,0,-1.5707963267949,-1.5707963267949,                  1421P   4643
-1.5707963267949,3.06161699786838D-16,3.06161699786838D-16,         1421P   4644
3.06161699786838D-16,1.,0.707106781186544,1.,-35.0952074993714,     1421P   4645
-21.1723873652324,7.865,-35.0952074993714,-24.5223873652324,        1421P   4646
7.865,-31.7452074993714,-24.5223873652324,7.865,                    1421P   4647
-1.5707963267949,3.06161699786838D-16,0.,0.,0.;                     1421P   4648
126,2,2,0,0,0,0,-0.643501108793282,-0.643501108793282,              1423P   4649
-0.643501108793282,0.,0.,0.,1.,0.948683298050724,1.,                1423P   4650
-31.7452074993714,-24.5223873652324,7.865,-31.7452074993714,        1423P   4651
-24.5723873652324,7.79833333333333,-31.7452074993714,               1423P   4652
-24.5723873652324,7.715,-0.643501108793282,0.,0.,0.,0.;             1423P   4653
126,4,2,0,0,0,0,-3.06161699786838D-16,-3.06161699786838D-16,        1425P   4654
-3.06161699786838D-16,1.5707963267949,1.5707963267949,              1425P   4655
3.14159265358979,3.14159265358979,3.14159265358979,1.,              1425P   4656
0.707106781186548,1.,0.707106781186546,1.,-31.7452074993714,        1425P   4657
-24.5723873652324,7.715,-35.1452074993714,-24.5723873652324,        1425P   4658
7.715,-35.1452074993714,-21.1723873652324,7.715,                    1425P   4659
-35.1452074993714,-17.7723873652324,7.715,-31.7452074993714,        1425P   4660
-17.7723873652324,7.715,-3.06161699786838D-16,3.14159265358979,     1425P   4661
0.,0.,0.;                                                           1425P   4662
126,4,2,0,0,0,0,-3.14159265358979,-3.14159265358979,                1427P   4663
-3.14159265358979,-1.5707963267949,-1.5707963267949,                1427P   4664
-3.06161699786838D-16,-3.06161699786838D-16,                        1427P   4665
-3.06161699786838D-16,1.,0.707106781186549,1.,0.707106781186548,    1427P   4666
1.,-31.7452074993714,-17.7723873652324,7.715,-28.3452074993714,     1427P   4667
-17.7723873652324,7.715,-28.3452074993714,-21.1723873652324,        1427P   4668
7.715,-28.3452074993714,-24.5723873652324,7.715,                    1427P   4669
-31.7452074993714,-24.5723873652324,7.715,-3.14159265358979,        1427P   4670
-3.06161699786838D-16,0.,0.,0.;                                     1427P   4671
126,4,2,0,0,0,0,3.06161699786838D-16,3.06161699786838D-16,          1429P   4672
3.06161699786838D-16,1.5707963267949,1.5707963267949,               1429P   4673
3.14159265358979,3.14159265358979,3.14159265358979,1.,              1429P   4674
0.707106781186544,1.,0.707106781186549,1.,-31.7452074993714,        1429P   4675
-24.5223873652324,7.865,-28.3952074993714,-24.5223873652324,        1429P   4676
7.865,-28.3952074993714,-21.1723873652324,7.865,                    1429P   4677
-28.3952074993714,-17.8223873652324,7.865,-31.7452074993714,        1429P   4678
-17.8223873652324,7.865,3.06161699786838D-16,3.14159265358979,      1429P   4679
0.,0.,0.;                                                           1429P   4680
126,6,2,0,0,0,0,-3.14159265358979,-3.14159265358979,                1431P   4681
-3.14159265358979,-1.5707963267949,-1.5707963267949,                1431P   4682
-1.48029736616688D-16,-1.48029736616688D-16,1.5707963267949,        1431P   4683
1.5707963267949,1.5707963267949,1.,0.707106781186547,1.,            1431P   4684
0.707106781186549,1.,0.707106781186552,1.,-34.4014574993714,        1431P   4685
-21.1723873652324,8.79,-34.4014574993714,-18.5161373652324,8.79,    1431P   4686
-31.7452074993714,-18.5161373652324,8.79,-29.0889574993714,         1431P   4687
-18.5161373652324,8.79,-29.0889574993714,-21.1723873652324,8.79,    1431P   4688
-29.0889574993714,-23.8286373652324,8.79,-31.7452074993714,         1431P   4689
-23.8286373652324,8.79,-3.14159265358979,1.5707963267949,0.,0.,     1431P   4690
0.;                                                                 1431P   4691
126,1,1,0,0,1,0,-0.178925619834711,-0.178925619834711,              1433P   4692
0.203305785123968,0.203305785123968,1.,1.,-34.4014574993714,        1433P   4693
-21.1723873652324,8.79,-35.0952074993714,-21.1723873652324,         1433P   4694
7.865,-0.178925619834711,0.203305785123968,0.,0.,0.;                1433P   4695
126,2,2,0,0,0,0,1.5707963267949,1.5707963267949,1.5707963267949,    1435P   4696
3.14159265358979,3.14159265358979,3.14159265358979,1.,              1435P   4697
0.707106781186552,1.,-31.7452074993714,-23.8286373652324,8.79,      1435P   4698
-34.4014574993714,-23.8286373652324,8.79,-34.4014574993714,         1435P   4699
-21.1723873652324,8.79,1.5707963267949,3.14159265358979,0.,0.,      1435P   4700
0.;                                                                 1435P   4701
126,1,1,0,0,1,0,-0.24264705882353,-0.24264705882353,0.,0.,1.,1.,    1437P   4702
-31.7452074993714,-17.7723873652324,7.715,-31.7452074993714,        1437P   4703
-17.7723873652324,6.89,-0.24264705882353,0.,0.,0.,0.;               1437P   4704
126,1,1,0,0,1,0,0.,0.,0.0725000000000019,0.0725000000000019,1.,     1439P   4705
1.,-28.4955921375171,-20.1723873652324,6.89,-28.4955921375171,      1439P   4706
-20.1723873652324,7.61500000000002,0.,0.0725000000000019,0.,0.,     1439P   4707
0.;                                                                 1439P   4708
126,2,2,0,0,0,0,-1.86932852797979,-1.86932852797979,                1441P   4709
-1.86932852797979,-1.27226412561003,-1.27226412561003,              1441P   4710
-1.27226412561003,1.,0.955769224074832,1.,-28.4955921375171,        1441P   4711
-20.1723873652324,7.61500000000002,-28.1878634100687,               1441P   4712
-21.1723873652324,7.61500000000002,-28.4955921375171,               1441P   4713
-22.1723873652324,7.61500000000002,-1.86932852797979,               1441P   4714
-1.27226412561003,0.,0.,0.;                                         1441P   4715
126,1,1,0,0,1,0,-0.072500000000002,-0.072500000000002,0.,0.,1.,     1443P   4716
1.,-28.4955921375171,-22.1723873652324,7.61500000000002,            1443P   4717
-28.4955921375171,-22.1723873652324,6.89,-0.072500000000002,0.,     1443P   4718
0.,0.,0.;                                                           1443P   4719
126,2,2,0,0,0,0,-3.14159265358979,-3.14159265358979,                1445P   4720
-3.14159265358979,-1.5707963267949,-1.5707963267949,                1445P   4721
-1.5707963267949,1.,0.707106781186551,1.,-34.2014574993714,         1445P   4722
-21.1723873652324,8.89,-34.2014574993714,-23.6286373652324,8.89,    1445P   4723
-31.7452074993714,-23.6286373652324,8.89,-3.14159265358979,         1445P   4724
-1.5707963267949,0.,0.,0.;                                          1445P   4725
126,2,2,0,0,0,0,-1.5707963267949,-1.5707963267949,                  1447P   4726
-1.5707963267949,-0.643501108793286,-0.643501108793286,             1447P   4727
-0.643501108793286,1.,0.894427190999846,1.,-31.7452074993714,       1447P   4728
-23.6286373652324,8.89,-31.7452074993714,-23.7536373652324,8.89,    1447P   4729
-31.7452074993714,-23.8286373652324,8.79,-1.5707963267949,          1447P   4730
-0.643501108793286,0.,0.,0.;                                        1447P   4731
126,6,2,0,0,0,0,-1.5707963267949,-1.5707963267949,                  1449P   4732
-1.5707963267949,1.48029736616688D-16,1.48029736616688D-16,         1449P   4733
1.5707963267949,1.5707963267949,3.14159265358979,                   1449P   4734
3.14159265358979,3.14159265358979,1.,0.707106781186551,1.,          1449P   4735
0.707106781186551,1.,0.707106781186551,1.,-31.7452074993714,        1449P   4736
-23.6286373652324,8.89,-29.2889574993714,-23.6286373652324,8.89,    1449P   4737
-29.2889574993714,-21.1723873652324,8.89,-29.2889574993714,         1449P   4738
-18.7161373652324,8.89,-31.7452074993714,-18.7161373652324,8.89,    1449P   4739
-34.2014574993714,-18.7161373652324,8.89,-34.2014574993714,         1449P   4740
-21.1723873652324,8.89,-1.5707963267949,3.14159265358979,0.,0.,     1449P   4741
0.;                                                                 1449P   4742
126,1,1,0,0,1,0,-0.1,-0.1,-0.027499999999998,-0.027499999999998,    1451P   4743
1.,1.,-26.4894963200923,-22.1723873652324,6.89,                     1451P   4744
-26.4894963200923,-22.1723873652324,7.61500000000002,-0.1,          1451P   4745
-0.027499999999998,0.,0.,0.;                                        1451P   4746
126,2,2,0,0,0,0,1.38277456556501,1.38277456556501,                  1453P   4747
1.38277456556501,1.7588180880248,1.7588180880248,                   1453P   4748
1.7588180880248,1.,0.98237592136062,1.,-26.4894963200923,           1453P   4749
-22.1723873652324,7.61500000000002,-26.2992271127693,               1453P   4750
-21.1723873652324,7.61500000000002,-26.4894963200923,               1453P   4751
-20.1723873652324,7.61500000000002,1.38277456556501,                1453P   4752
1.7588180880248,0.,0.,0.;                                           1453P   4753
126,1,1,0,0,1,0,0.0274999999999982,0.0274999999999982,0.1,0.1,      1455P   4754
1.,1.,-26.4894963200923,-20.1723873652324,7.61500000000002,         1455P   4755
-26.4894963200923,-20.1723873652324,6.89,0.0274999999999982,0.1,    1455P   4756
0.,0.,0.;                                                           1455P   4757
126,1,1,0,0,1,0,0.374428882072081,0.374428882072081,                1457P   4758
0.575038463814559,0.575038463814559,1.,1.,-26.4894963200923,        1457P   4759
-22.1723873652324,7.61500000000002,-28.4955921375171,               1457P   4760
-22.1723873652324,7.61500000000002,0.374428882072081,               1457P   4761
0.575038463814559,0.,0.,0.;                                         1457P   4762
126,1,1,0,0,1,0,0.374428882072082,0.374428882072082,                1459P   4763
0.575038463814562,0.575038463814562,1.,1.,-26.4894963200923,        1459P   4764
-20.1723873652324,7.61500000000002,-28.4955921375171,               1459P   4765
-20.1723873652324,7.61500000000002,0.374428882072082,               1459P   4766
0.575038463814562,0.,0.,0.;                                         1459P   4767
126,4,2,0,0,0,0,-3.14159265358979,-3.14159265358979,                1461P   4768
-3.14159265358979,-1.5707963267949,-1.5707963267949,                1461P   4769
-3.06161699786838D-16,-3.06161699786838D-16,                        1461P   4770
-3.06161699786838D-16,1.,0.707106781186548,1.,0.70710678118654,     1461P   4771
1.,-31.7452074993714,-18.7723873652324,11.2400000143051,            1461P   4772
-29.3452074993714,-18.7723873652324,11.2400000143051,               1461P   4773
-29.3452074993714,-21.1723873652324,11.2400000143051,               1461P   4774
-29.3452074993714,-23.5723873652324,11.2400000143051,               1461P   4775
-31.7452074993714,-23.5723873652324,11.2400000143051,               1461P   4776
-3.14159265358979,-3.06161699786838D-16,0.,0.,0.;                   1461P   4777
126,2,2,0,0,0,0,-1.5707963267949,-1.5707963267949,                  1463P   4778
-1.5707963267949,0.,0.,0.,1.,0.707106781186554,1.,                  1463P   4779
-31.7452074993714,-23.5723873652324,11.2400000143051,               1463P   4780
-31.7452074993714,-23.8223873652324,11.2400000143051,               1463P   4781
-31.7452074993714,-23.8223873652324,10.9900000143051,               1463P   4782
-1.5707963267949,0.,0.,0.,0.;                                       1463P   4783
126,4,2,0,0,0,0,-3.06161699786838D-16,-3.06161699786838D-16,        1465P   4784
-3.06161699786838D-16,1.5707963267949,1.5707963267949,              1465P   4785
3.14159265358979,3.14159265358979,3.14159265358979,1.,              1465P   4786
0.70710678118654,1.,0.707106781186545,1.,-31.7452074993714,         1465P   4787
-23.5723873652324,11.2400000143051,-34.1452074993714,               1465P   4788
-23.5723873652324,11.2400000143051,-34.1452074993714,               1465P   4789
-21.1723873652324,11.2400000143051,-34.1452074993714,               1465P   4790
-18.7723873652324,11.2400000143051,-31.7452074993714,               1465P   4791
-18.7723873652324,11.2400000143051,-3.06161699786838D-16,           1465P   4792
3.14159265358979,0.,0.,0.;                                          1465P   4793
126,2,2,0,0,0,0,-3.14159265358979,-3.14159265358979,                1467P   4794
-3.14159265358979,-1.5707963267949,-1.5707963267949,                1467P   4795
-1.5707963267949,1.,0.707106781186544,1.,-26.0952074993715,         1467P   4796
-30.1723873652324,7.865,-26.0952074993715,-33.5223873652324,        1467P   4797
7.865,-22.7452074993715,-33.5223873652324,7.865,                    1467P   4798
-3.14159265358979,-1.5707963267949,0.,0.,0.;                        1467P   4799
126,2,2,0,0,0,0,-1.5707963267949,-1.5707963267949,                  1469P   4800
-1.5707963267949,1.22464679914735D-16,1.22464679914735D-16,         1469P   4801
1.22464679914735D-16,1.,0.707106781186544,1.,-22.7452074993715,     1469P   4802
-33.5223873652324,7.865,-19.3952074993715,-33.5223873652324,        1469P   4803
7.865,-19.3952074993715,-30.1723873652324,7.865,                    1469P   4804
-1.5707963267949,1.22464679914735D-16,0.,0.,0.;                     1469P   4805
126,2,2,0,0,0,0,-0.643501108793281,-0.643501108793281,              1471P   4806
-0.643501108793281,0.,0.,0.,1.,0.94868329805037,1.,                 1471P   4807
-19.3952074993715,-30.1723873652324,7.865,-19.3452074993715,        1471P   4808
-30.1723873652324,7.79833333333333,-19.3452074993715,               1471P   4809
-30.1723873652324,7.715,-0.643501108793281,0.,0.,0.,0.;             1471P   4810
126,4,2,0,0,0,0,-1.22464679914735D-16,-1.22464679914735D-16,        1473P   4811
-1.22464679914735D-16,1.5707963267949,1.5707963267949,              1473P   4812
3.14159265358979,3.14159265358979,3.14159265358979,1.,              1473P   4813
0.707106781186544,1.,0.707106781186544,1.,-19.3452074993715,        1473P   4814
-30.1723873652324,7.715,-19.3452074993715,-33.5723873652324,        1473P   4815
7.715,-22.7452074993715,-33.5723873652324,7.715,                    1473P   4816
-26.1452074993715,-33.5723873652324,7.715,-26.1452074993715,        1473P   4817
-30.1723873652324,7.715,-1.22464679914735D-16,3.14159265358979,     1473P   4818
0.,0.,0.;                                                           1473P   4819
126,4,2,0,0,0,0,-3.14159265358979,-3.14159265358979,                1475P   4820
-3.14159265358979,-1.5707963267949,-1.5707963267949,                1475P   4821
-1.22464679914735D-16,-1.22464679914735D-16,                        1475P   4822
-1.22464679914735D-16,1.,0.707106781186548,1.,0.707106781186544,    1475P   4823
1.,-26.1452074993715,-30.1723873652324,7.715,-26.1452074993715,     1475P   4824
-26.7723873652324,7.715,-22.7452074993715,-26.7723873652324,        1475P   4825
7.715,-19.3452074993715,-26.7723873652324,7.715,                    1475P   4826
-19.3452074993715,-30.1723873652324,7.715,-3.14159265358979,        1475P   4827
-1.22464679914735D-16,0.,0.,0.;                                     1475P   4828
126,4,2,0,0,0,0,1.22464679914735D-16,1.22464679914735D-16,          1477P   4829
1.22464679914735D-16,1.5707963267949,1.5707963267949,               1477P   4830
3.14159265358979,3.14159265358979,3.14159265358979,1.,              1477P   4831
0.707106781186544,1.,0.707106781186548,1.,-19.3952074993715,        1477P   4832
-30.1723873652324,7.865,-19.3952074993715,-26.8223873652324,        1477P   4833
7.865,-22.7452074993715,-26.8223873652324,7.865,                    1477P   4834
-26.0952074993715,-26.8223873652324,7.865,-26.0952074993715,        1477P   4835
-30.1723873652324,7.865,1.22464679914735D-16,3.14159265358979,      1477P   4836
0.,0.,0.;                                                           1477P   4837
126,6,2,0,0,0,0,-3.14159265358979,-3.14159265358979,                1479P   4838
-3.14159265358979,-1.5707963267949,-1.5707963267949,0.,0.,          1479P   4839
1.5707963267949,1.5707963267949,1.5707963267949,1.,                 1479P   4840
0.707106781186547,1.,0.707106781186552,1.,0.707106781186552,1.,     1479P   4841
-22.7452074993715,-32.8286373652324,8.79,-25.4014574993715,         1479P   4842
-32.8286373652324,8.79,-25.4014574993715,-30.1723873652324,8.79,    1479P   4843
-25.4014574993715,-27.5161373652324,8.79,-22.7452074993715,         1479P   4844
-27.5161373652324,8.79,-20.0889574993715,-27.5161373652324,8.79,    1479P   4845
-20.0889574993715,-30.1723873652324,8.79,-3.14159265358979,         1479P   4846
1.5707963267949,0.,0.,0.;                                           1479P   4847
126,1,1,0,0,1,0,-0.178925619834711,-0.178925619834711,              1481P   4848
0.203305785123967,0.203305785123967,1.,1.,-22.7452074993715,        1481P   4849
-32.8286373652324,8.79,-22.7452074993715,-33.5223873652324,         1481P   4850
7.865,-0.178925619834711,0.203305785123967,0.,0.,0.;                1481P   4851
126,2,2,0,0,0,0,1.5707963267949,1.5707963267949,1.5707963267949,    1483P   4852
3.14159265358979,3.14159265358979,3.14159265358979,1.,              1483P   4853
0.707106781186552,1.,-20.0889574993715,-30.1723873652324,8.79,      1483P   4854
-20.0889574993715,-32.8286373652324,8.79,-22.7452074993715,         1483P   4855
-32.8286373652324,8.79,1.5707963267949,3.14159265358979,0.,0.,      1483P   4856
0.;                                                                 1483P   4857
126,1,1,0,0,1,0,-0.24264705882353,-0.24264705882353,0.,0.,1.,1.,    1485P   4858
-26.1452074993715,-30.1723873652324,7.715,-26.1452074993715,        1485P   4859
-30.1723873652324,6.89,-0.24264705882353,0.,0.,0.,0.;               1485P   4860
126,1,1,0,0,1,0,0.,0.,0.0725000000000019,0.0725000000000019,1.,     1487P   4861
1.,-23.7452074993715,-26.9227720033781,6.89,-23.7452074993715,      1487P   4862
-26.9227720033781,7.61500000000002,0.,0.0725000000000019,0.,0.,     1487P   4863
0.;                                                                 1487P   4864
126,2,2,0,0,0,0,-1.86932852797979,-1.86932852797979,                1489P   4865
-1.86932852797979,-1.27226412561003,-1.27226412561003,              1489P   4866
-1.27226412561003,1.,0.955769224074832,1.,-23.7452074993715,        1489P   4867
-26.9227720033781,7.61500000000002,-22.7452074993715,               1489P   4868
-26.6150432759297,7.61500000000002,-21.7452074993715,               1489P   4869
-26.922772003378,7.61500000000002,-1.86932852797979,                1489P   4870
-1.27226412561003,0.,0.,0.;                                         1489P   4871
126,1,1,0,0,1,0,-0.072500000000002,-0.072500000000002,0.,0.,1.,     1491P   4872
1.,-21.7452074993715,-26.922772003378,7.61500000000002,             1491P   4873
-21.7452074993715,-26.922772003378,6.89,-0.072500000000002,0.,      1491P   4874
0.,0.,0.;                                                           1491P   4875
126,2,2,0,0,0,0,-3.14159265358979,-3.14159265358979,                1493P   4876
-3.14159265358979,-1.5707963267949,-1.5707963267949,                1493P   4877
-1.5707963267949,1.,0.707106781186551,1.,-22.7452074993715,         1493P   4878
-32.6286373652324,8.89,-20.2889574993715,-32.6286373652324,8.89,    1493P   4879
-20.2889574993715,-30.1723873652324,8.89,-3.14159265358979,         1493P   4880
-1.5707963267949,0.,0.,0.;                                          1493P   4881
126,2,2,0,0,0,0,-1.5707963267949,-1.5707963267949,                  1495P   4882
-1.5707963267949,-0.643501108793286,-0.643501108793286,             1495P   4883
-0.643501108793286,1.,0.894427190999923,1.,-20.2889574993715,       1495P   4884
-30.1723873652324,8.89,-20.1639574993715,-30.1723873652324,8.89,    1495P   4885
-20.0889574993715,-30.1723873652324,8.79,-1.5707963267949,          1495P   4886
-0.643501108793286,0.,0.,0.;                                        1495P   4887
126,6,2,0,0,0,0,-1.5707963267949,-1.5707963267949,                  1497P   4888
-1.5707963267949,0.,0.,1.5707963267949,1.5707963267949,             1497P   4889
3.14159265358979,3.14159265358979,3.14159265358979,1.,              1497P   4890
0.707106781186551,1.,0.707106781186551,1.,0.707106781186551,1.,     1497P   4891
-20.2889574993715,-30.1723873652324,8.89,-20.2889574993715,         1497P   4892
-27.7161373652324,8.89,-22.7452074993715,-27.7161373652324,8.89,    1497P   4893
-25.2014574993715,-27.7161373652324,8.89,-25.2014574993715,         1497P   4894
-30.1723873652324,8.89,-25.2014574993715,-32.6286373652324,8.89,    1497P   4895
-22.7452074993715,-32.6286373652324,8.89,-1.5707963267949,          1497P   4896
3.14159265358979,0.,0.,0.;                                          1497P   4897
126,1,1,0,0,1,0,-0.1,-0.1,-0.027499999999998,-0.027499999999998,    1499P   4898
1.,1.,-21.7452074993715,-24.9166761859532,6.89,                     1499P   4899
-21.7452074993715,-24.9166761859532,7.61500000000002,-0.1,          1499P   4900
-0.027499999999998,0.,0.,0.;                                        1499P   4901
126,2,2,0,0,0,0,1.38277456556501,1.38277456556501,                  1501P   4902
1.38277456556501,1.7588180880248,1.7588180880248,                   1501P   4903
1.7588180880248,1.,0.98237592136062,1.,-21.7452074993715,           1501P   4904
-24.9166761859532,7.61500000000002,-22.7452074993715,               1501P   4905
-24.7264069786303,7.61500000000002,-23.7452074993715,               1501P   4906
-24.9166761859533,7.61500000000002,1.38277456556501,                1501P   4907
1.7588180880248,0.,0.,0.;                                           1501P   4908
126,1,1,0,0,1,0,0.0274999999999982,0.0274999999999982,0.1,0.1,      1503P   4909
1.,1.,-23.7452074993715,-24.9166761859533,7.61500000000002,         1503P   4910
-23.7452074993715,-24.9166761859533,6.89,0.0274999999999982,0.1,    1503P   4911
0.,0.,0.;                                                           1503P   4912
126,1,1,0,0,1,0,0.374428882072081,0.374428882072081,                1505P   4913
0.575038463814559,0.575038463814559,1.,1.,-21.7452074993715,        1505P   4914
-24.9166761859532,7.61500000000002,-21.7452074993715,               1505P   4915
-26.922772003378,7.61500000000002,0.374428882072081,                1505P   4916
0.575038463814559,0.,0.,0.;                                         1505P   4917
126,1,1,0,0,1,0,0.374428882072082,0.374428882072082,                1507P   4918
0.575038463814562,0.575038463814562,1.,1.,-23.7452074993715,        1507P   4919
-24.9166761859533,7.61500000000002,-23.7452074993715,               1507P   4920
-26.9227720033781,7.61500000000002,0.374428882072082,               1507P   4921
0.575038463814562,0.,0.,0.;                                         1507P   4922
126,4,2,0,0,0,0,-3.14159265358979,-3.14159265358979,                1509P   4923
-3.14159265358979,-1.5707963267949,-1.5707963267949,                1509P   4924
-1.22464679914735D-16,-1.22464679914735D-16,                        1509P   4925
-1.22464679914735D-16,1.,0.70710678118654,1.,0.70710678118654,      1509P   4926
1.,-25.1452074993715,-30.1723873652324,11.2400000143051,            1509P   4927
-25.1452074993715,-27.7723873652324,11.2400000143051,               1509P   4928
-22.7452074993715,-27.7723873652324,11.2400000143051,               1509P   4929
-20.3452074993714,-27.7723873652324,11.2400000143051,               1509P   4930
-20.3452074993714,-30.1723873652324,11.2400000143051,               1509P   4931
-3.14159265358979,-1.22464679914735D-16,0.,0.,0.;                   1509P   4932
126,2,2,0,0,0,0,-1.57079632679489,-1.57079632679489,                1511P   4933
-1.57079632679489,0.,0.,0.,1.,0.707106781186565,1.,                 1511P   4934
-20.3452074993714,-30.1723873652324,11.2400000143051,               1511P   4935
-20.0952074993715,-30.1723873652324,11.2400000143051,               1511P   4936
-20.0952074993715,-30.1723873652324,10.9900000143051,               1511P   4937
-1.57079632679489,0.,0.,0.,0.;                                      1511P   4938
126,4,2,0,0,0,0,-1.22464679914735D-16,-1.22464679914735D-16,        1513P   4939
-1.22464679914735D-16,1.5707963267949,1.5707963267949,              1513P   4940
3.14159265358979,3.14159265358979,3.14159265358979,1.,              1513P   4941
0.70710678118654,1.,0.70710678118654,1.,-20.3452074993714,          1513P   4942
-30.1723873652324,11.2400000143051,-20.3452074993714,               1513P   4943
-32.5723873652324,11.2400000143051,-22.7452074993715,               1513P   4944
-32.5723873652324,11.2400000143051,-25.1452074993715,               1513P   4945
-32.5723873652324,11.2400000143051,-25.1452074993715,               1513P   4946
-30.1723873652324,11.2400000143051,-1.22464679914735D-16,           1513P   4947
3.14159265358979,0.,0.,0.;                                          1513P   4948
126,8,2,0,1,0,0,-3.14159265358979,-3.14159265358979,                1515P   4949
-3.14159265358979,-1.5707963267949,-1.5707963267949,0.,0.,          1515P   4950
1.5707963267949,1.5707963267949,3.14159265358979,                   1515P   4951
3.14159265358979,3.14159265358979,1.,0.707106781186545,1.,          1515P   4952
0.70710678118655,1.,0.70710678118655,1.,0.707106781186545,1.,       1515P   4953
-20.3702074993715,-12.1723873652324,8.89,-20.3702074993715,         1515P   4954
-9.79738736523244,8.89,-22.7452074993715,-9.79738736523244,8.89,    1515P   4955
-25.1202074993714,-9.79738736523244,8.89,-25.1202074993714,         1515P   4956
-12.1723873652324,8.89,-25.1202074993714,-14.5473873652324,8.89,    1515P   4957
-22.7452074993715,-14.5473873652324,8.89,-20.3702074993715,         1515P   4958
-14.5473873652324,8.89,-20.3702074993715,-12.1723873652324,8.89,    1515P   4959
-3.14159265358979,3.14159265358979,0.,0.,0.;                        1515P   4960
126,1,1,0,0,1,0,-0.421052631578948,-0.421052631578948,0.,0.,1.,     1517P   4961
1.,-20.3702074993715,-12.1723873652324,8.89,-20.3702074993715,      1517P   4962
-12.1723873652324,7.89,-0.421052631578948,0.,0.,0.,0.;              1517P   4963
126,8,2,0,1,0,0,-3.14159265358979,-3.14159265358979,                1519P   4964
-3.14159265358979,-1.5707963267949,-1.5707963267949,0.,0.,          1519P   4965
1.5707963267949,1.5707963267949,3.14159265358979,                   1519P   4966
3.14159265358979,3.14159265358979,1.,0.707106781186545,1.,          1519P   4967
0.70710678118655,1.,0.70710678118655,1.,0.707106781186545,1.,       1519P   4968
-20.3702074993715,-12.1723873652324,7.89,-20.3702074993715,         1519P   4969
-9.79738736523244,7.89,-22.7452074993715,-9.79738736523244,7.89,    1519P   4970
-25.1202074993714,-9.79738736523244,7.89,-25.1202074993714,         1519P   4971
-12.1723873652324,7.89,-25.1202074993714,-14.5473873652324,7.89,    1519P   4972
-22.7452074993715,-14.5473873652324,7.89,-20.3702074993715,         1519P   4973
-14.5473873652324,7.89,-20.3702074993715,-12.1723873652324,7.89,    1519P   4974
-3.14159265358979,3.14159265358979,0.,0.,0.;                        1519P   4975
126,8,2,0,1,0,0,-3.14159265358979,-3.14159265358979,                1521P   4976
-3.14159265358979,-1.5707963267949,-1.5707963267949,0.,0.,          1521P   4977
1.5707963267949,1.5707963267949,3.14159265358979,                   1521P   4978
3.14159265358979,3.14159265358979,1.,0.70710678118655,1.,           1521P   4979
0.707106781186548,1.,0.707106781186548,1.,0.70710678118655,1.,      1521P   4980
-31.7452074993715,-18.7973873652324,8.89,-34.1202074993715,         1521P   4981
-18.7973873652324,8.89,-34.1202074993715,-21.1723873652324,8.89,    1521P   4982
-34.1202074993715,-23.5473873652324,8.89,-31.7452074993715,         1521P   4983
-23.5473873652324,8.89,-29.3702074993715,-23.5473873652324,8.89,    1521P   4984
-29.3702074993715,-21.1723873652324,8.89,-29.3702074993715,         1521P   4985
-18.7973873652324,8.89,-31.7452074993715,-18.7973873652324,8.89,    1521P   4986
-3.14159265358979,3.14159265358979,0.,0.,0.;                        1521P   4987
126,1,1,0,0,1,0,-0.421052631578948,-0.421052631578948,0.,0.,1.,     1523P   4988
1.,-31.7452074993715,-18.7973873652324,8.89,-31.7452074993715,      1523P   4989
-18.7973873652324,7.89,-0.421052631578948,0.,0.,0.,0.;              1523P   4990
126,8,2,0,1,0,0,-3.14159265358979,-3.14159265358979,                1525P   4991
-3.14159265358979,-1.5707963267949,-1.5707963267949,0.,0.,          1525P   4992
1.5707963267949,1.5707963267949,3.14159265358979,                   1525P   4993
3.14159265358979,3.14159265358979,1.,0.70710678118655,1.,           1525P   4994
0.707106781186548,1.,0.707106781186548,1.,0.70710678118655,1.,      1525P   4995
-31.7452074993715,-18.7973873652324,7.89,-34.1202074993715,         1525P   4996
-18.7973873652324,7.89,-34.1202074993715,-21.1723873652324,7.89,    1525P   4997
-34.1202074993715,-23.5473873652324,7.89,-31.7452074993715,         1525P   4998
-23.5473873652324,7.89,-29.3702074993715,-23.5473873652324,7.89,    1525P   4999
-29.3702074993715,-21.1723873652324,7.89,-29.3702074993715,         1525P   5000
-18.7973873652324,7.89,-31.7452074993715,-18.7973873652324,7.89,    1525P   5001
-3.14159265358979,3.14159265358979,0.,0.,0.;                        1525P   5002
126,8,2,0,1,0,0,-3.14159265358979,-3.14159265358979,                1527P   5003
-3.14159265358979,-1.5707963267949,-1.5707963267949,0.,0.,          1527P   5004
1.5707963267949,1.5707963267949,3.14159265358979,                   1527P   5005
3.14159265358979,3.14159265358979,1.,0.707106781186548,1.,          1527P   5006
0.707106781186548,1.,0.707106781186548,1.,0.707106781186548,1.,     1527P   5007
-25.1202074993714,-30.1723873652324,8.89,-25.1202074993714,         1527P   5008
-32.5473873652324,8.89,-22.7452074993715,-32.5473873652324,8.89,    1527P   5009
-20.3702074993715,-32.5473873652324,8.89,-20.3702074993715,         1527P   5010
-30.1723873652324,8.89,-20.3702074993715,-27.7973873652324,8.89,    1527P   5011
-22.7452074993715,-27.7973873652324,8.89,-25.1202074993714,         1527P   5012
-27.7973873652324,8.89,-25.1202074993714,-30.1723873652324,8.89,    1527P   5013
-3.14159265358979,3.14159265358979,0.,0.,0.;                        1527P   5014
126,1,1,0,0,1,0,-0.421052631578948,-0.421052631578948,0.,0.,1.,     1529P   5015
1.,-25.1202074993714,-30.1723873652324,8.89,-25.1202074993714,      1529P   5016
-30.1723873652324,7.89,-0.421052631578948,0.,0.,0.,0.;              1529P   5017
126,8,2,0,1,0,0,-3.14159265358979,-3.14159265358979,                1531P   5018
-3.14159265358979,-1.5707963267949,-1.5707963267949,0.,0.,          1531P   5019
1.5707963267949,1.5707963267949,3.14159265358979,                   1531P   5020
3.14159265358979,3.14159265358979,1.,0.707106781186548,1.,          1531P   5021
0.707106781186548,1.,0.707106781186548,1.,0.707106781186548,1.,     1531P   5022
-25.1202074993714,-30.1723873652324,7.89,-25.1202074993714,         1531P   5023
-32.5473873652324,7.89,-22.7452074993715,-32.5473873652324,7.89,    1531P   5024
-20.3702074993715,-32.5473873652324,7.89,-20.3702074993715,         1531P   5025
-30.1723873652324,7.89,-20.3702074993715,-27.7973873652324,7.89,    1531P   5026
-22.7452074993715,-27.7973873652324,7.89,-25.1202074993714,         1531P   5027
-27.7973873652324,7.89,-25.1202074993714,-30.1723873652324,7.89,    1531P   5028
-3.14159265358979,3.14159265358979,0.,0.,0.;                        1531P   5029
126,8,2,0,1,0,0,-3.14159265358979,-3.14159265358979,                1533P   5030
-3.14159265358979,-1.5707963267949,-1.5707963267949,0.,0.,          1533P   5031
1.5707963267949,1.5707963267949,3.14159265358979,                   1533P   5032
3.14159265358979,3.14159265358979,1.,0.707106781186545,1.,          1533P   5033
0.707106781186548,1.,0.707106781186548,1.,0.707106781186545,1.,     1533P   5034
-13.7452074993715,-23.5473873652324,8.89,-11.3702074993715,         1533P   5035
-23.5473873652324,8.89,-11.3702074993715,-21.1723873652324,8.89,    1533P   5036
-11.3702074993715,-18.7973873652324,8.89,-13.7452074993715,         1533P   5037
-18.7973873652324,8.89,-16.1202074993714,-18.7973873652324,8.89,    1533P   5038
-16.1202074993714,-21.1723873652324,8.89,-16.1202074993714,         1533P   5039
-23.5473873652324,8.89,-13.7452074993715,-23.5473873652324,8.89,    1533P   5040
-3.14159265358979,3.14159265358979,0.,0.,0.;                        1533P   5041
126,1,1,0,0,1,0,-0.421052631578948,-0.421052631578948,0.,0.,1.,     1535P   5042
1.,-13.7452074993715,-23.5473873652324,8.89,-13.7452074993715,      1535P   5043
-23.5473873652324,7.89,-0.421052631578948,0.,0.,0.,0.;              1535P   5044
126,8,2,0,1,0,0,-3.14159265358979,-3.14159265358979,                1537P   5045
-3.14159265358979,-1.5707963267949,-1.5707963267949,0.,0.,          1537P   5046
1.5707963267949,1.5707963267949,3.14159265358979,                   1537P   5047
3.14159265358979,3.14159265358979,1.,0.707106781186545,1.,          1537P   5048
0.707106781186548,1.,0.707106781186548,1.,0.707106781186545,1.,     1537P   5049
-13.7452074993715,-23.5473873652324,7.89,-11.3702074993715,         1537P   5050
-23.5473873652324,7.89,-11.3702074993715,-21.1723873652324,7.89,    1537P   5051
-11.3702074993715,-18.7973873652324,7.89,-13.7452074993715,         1537P   5052
-18.7973873652324,7.89,-16.1202074993714,-18.7973873652324,7.89,    1537P   5053
-16.1202074993714,-21.1723873652324,7.89,-16.1202074993714,         1537P   5054
-23.5473873652324,7.89,-13.7452074993715,-23.5473873652324,7.89,    1537P   5055
-3.14159265358979,3.14159265358979,0.,0.,0.;                        1537P   5056
128,1,2,1,2,0,0,0,0,0,-0.271730726308897,-0.271730726308897,        1539P   5057
0.156721658125437,0.156721658125437,-0.784028635527069,             1539P   5058
-0.784028635527069,-0.784028635527069,0.784028635527044,            1539P   5059
0.784028635527044,0.784028635527044,1.,1.,0.708074520201037,        1539P   5060
0.708074520201037,1.,1.,-20.9779250501908,-21.5254562231915,        1539P   5061
6.89,-20.9937591641182,-21.5254562231915,7.10364021687875,          1539P   5062
-21.3290650432656,-21.1723873652324,6.86397498122754,               1539P   5063
-21.344899157193,-21.1723873652324,7.07761519810629,                1539P   5064
-20.9779250501908,-20.8193185072734,6.89,-20.9937591641182,         1539P   5065
-20.8193185072734,7.10364021687875,-0.271730726308897,              1539P   5066
0.156721658125437,-0.784028635527069,0.784028635527044;             1539P   5067
128,1,1,1,1,0,0,1,0,0,-1.19141850519176,-1.19141850519176,          1541P   5068
-0.247883323191963,-0.247883323191963,-0.00100000001440148,         1541P   5069
-0.00100000001440148,0.0210274469055647,0.0210274469055647,1.,      1541P   5070
1.,1.,1.,-20.9920376261307,-21.5106035050604,6.8800137046524,       1541P   5071
-14.3202363713293,-28.1824047598618,6.8800137046524,                1541P   5072
-21.0001893475455,-21.5187552264752,7.09998629534757,               1541P   5073
-14.3283880927441,-28.1905564812766,7.09998629534757,               1541P   5074
-1.19141850519176,-0.247883323191963,-0.00100000001440148,          1541P   5075
0.0210274469055647;                                                 1541P   5076
128,1,1,1,1,0,0,1,0,0,3.39003616074193,3.39003616074193,            1543P   5077
4.72561480310989,4.72561480310989,0.428412617285961,                1543P   5078
0.428412617285961,1.86100428135258,1.86100428135258,1.,1.,1.,1.,    1543P   5079
-7.98520748447029,-28.3340727408632,6.89,-21.3409939081499,         1543P   5080
-28.3340727408632,6.89,-7.98520748447028,-14.0081561001969,6.89,    1543P   5081
-21.3409939081499,-14.008156100197,6.89,3.39003616074193,           1543P   5082
4.72561480310989,0.428412617285961,1.86100428135258;                1543P   5083
128,1,2,1,2,0,0,0,0,0,-0.884411887248664,-0.884411887248664,        1545P   5084
-0.455959502814331,-0.455959502814331,-0.784028635527055,           1545P   5085
-0.784028635527055,-0.784028635527055,0.784028635527055,            1545P   5086
0.784028635527055,0.784028635527055,1.,1.,0.708074520201038,        1545P   5087
0.708074520201038,1.,1.,-22.3921386308757,-19.4051049265885,        1545P   5088
6.89,-22.3921386308757,-19.4209390405159,7.10364021687875,          1545P   5089
-22.7452074888347,-19.7562449196633,6.86397498122754,               1545P   5090
-22.7452074888347,-19.7720790335907,7.07761519810629,               1545P   5091
-23.0982763467938,-19.4051049265885,6.89,-23.0982763467938,         1545P   5092
-19.4209390405159,7.10364021687875,-0.884411887248664,              1545P   5093
-0.455959502814331,-0.784028635527055,0.784028635527055;            1545P   5094
128,1,1,1,1,0,0,1,0,0,-0.0191466778361248,-0.0191466778361248,      1547P   5095
0.924388503046882,0.924388503046882,-0.00100000001439648,           1547P   5096
-0.00100000001439648,0.0210274469055638,0.0210274469055638,1.,      1547P   5097
1.,1.,1.,-22.4069913490067,-19.4192175025284,6.88001370465245,      1547P   5098
-15.7351901021022,-12.7474162556239,6.88001370465245,               1547P   5099
-22.3988396275919,-19.4273692239432,7.09998629534756,               1547P   5100
-15.7270383806874,-12.7555679770387,7.09998629534756,               1547P   5101
-0.0191466778361248,0.924388503046882,-0.00100000001439648,         1547P   5102
0.0210274469055638;                                                 1547P   5103
128,1,1,1,1,0,0,1,0,0,2.53319167511622,2.53319167511622,            1549P   5104
3.96578333946094,3.96578333946094,1.28500251291752,                 1549P   5105
1.28500251291752,2.62058115633915,2.62058115633915,1.,1.,1.,1.,     1549P   5106
-15.5835221209598,-19.7681737845476,6.89,-29.9094387644069,         1549P   5107
-19.7681737845476,6.89,-15.5835221209598,-6.41238735033126,6.89,    1549P   5108
-29.9094387644069,-6.41238735033126,6.89,2.53319167511622,          1549P   5109
3.96578333946094,1.28500251291752,2.62058115633915;                 1549P   5110
128,1,2,1,2,0,0,0,0,0,0.340950435409673,0.340950435409673,          1551P   5111
0.769402819844005,0.769402819844005,-0.784028635527054,             1551P   5112
-0.784028635527054,-0.784028635527054,0.784028635527059,            1551P   5113
0.784028635527059,0.784028635527059,1.,1.,0.708074520201037,        1551P   5114
0.708074520201037,1.,1.,-23.0982763467938,-22.9396698038764,        1551P   5115
6.89,-23.0982763467938,-22.9238356899489,7.10364021687875,          1551P   5116
-22.7452074888347,-22.5885298108016,6.86397498122754,               1551P   5117
-22.7452074888347,-22.5726956968741,7.07761519810629,               1551P   5118
-22.3921386308757,-22.9396698038764,6.89,-22.3921386308757,         1551P   5119
-22.9238356899489,7.10364021687875,0.340950435409673,               1551P   5120
0.769402819844005,-0.784028635527054,0.784028635527059;             1551P   5121
128,1,1,1,1,0,0,1,0,0,1.22015514943081,1.22015514943081,            1553P   5122
2.16369033031382,2.16369033031382,-0.00100000001439693,             1553P   5123
-0.00100000001439693,0.0210274469055702,0.0210274469055702,1.,      1553P   5124
1.,1.,1.,-15.7351901021022,-29.597358474841,6.88001370465245,       1553P   5125
-22.4069913490067,-22.9255572279365,6.88001370465245,               1553P   5126
-15.7270383806875,-29.5892067534262,7.09998629534763,               1553P   5127
-22.3988396275919,-22.9174055065217,7.09998629534763,               1553P   5128
1.22015514943081,2.16369033031382,-0.00100000001439693,             1553P   5129
0.0210274469055702;                                                 1553P   5130
128,1,2,1,2,0,0,0,0,0,-0.156721657346637,-0.156721657346637,        1555P   5131
0.271730727087697,0.271730727087697,-0.784028635527069,             1555P   5132
-0.784028635527069,-0.784028635527069,0.784028635527044,            1555P   5133
0.784028635527044,0.784028635527044,1.,1.,0.708074520201037,        1555P   5134
0.708074520201037,1.,1.,-24.4966558135512,-21.5254562231915,        1555P   5135
7.10364021687875,-24.5124899274787,-21.5254562231915,6.89,          1555P   5136
-24.1455158204764,-21.1723873652324,7.07761519810629,               1555P   5137
-24.1613499344039,-21.1723873652324,6.86397498122754,               1555P   5138
-24.4966558135512,-20.8193185072734,7.10364021687875,               1555P   5139
-24.5124899274787,-20.8193185072734,6.89,-0.156721657346637,        1555P   5140
0.271730727087697,-0.784028635527069,0.784028635527044;             1555P   5141
128,1,1,1,1,0,0,1,0,0,-0.0191466778361252,-0.0191466778361252,      1557P   5142
0.924388504536999,0.924388504536999,-0.0010000000143966,            1557P   5143
-0.0010000000143966,0.0210274469055647,0.0210274469055647,1.,1.,    1557P   5144
1.,1.,-24.4983773515388,-20.8341712254044,6.88001370465245,         1557P   5145
-31.17017860898,-14.1623699679632,6.88001370465245,                 1557P   5146
-24.490225630124,-20.8260195039896,7.09998629534757,                1557P   5147
-31.1620268875652,-14.1542182465484,7.09998629534757,               1557P   5148
-0.0191466778361252,0.924388504536999,-0.0010000000143966,          1557P   5149
0.0210274469055647;                                                 1557P   5150
128,1,1,1,1,0,0,1,0,0,1.77361480012966,1.77361480012966,            1559P   5151
3.10919344460496,3.10919344460496,0.428158028087001,                1559P   5152
0.428158028087001,1.8607496926902,1.8607496926902,1.,1.,1.,1.,      1559P   5153
-24.1494210695196,-28.3366186328528,6.89,-37.5052075142726,         1559P   5154
-28.3366186328528,6.89,-24.1494210695196,-14.0107019868208,6.89,    1559P   5155
-37.5052075142726,-14.0107019868208,6.89,1.77361480012966,          1559P   5156
3.10919344460496,0.428158028087001,1.8607496926902;                 1559P   5157
128,1,1,1,1,0,0,1,0,0,-0.884248149819598,-0.884248149819598,        1561P   5158
0.884248151288322,0.884248151288322,-0.884248151288322,             1561P   5159
-0.884248151288322,0.884248151288321,0.884248151288321,1.,1.,1.,    1561P   5160
1.,-13.9027259864882,-30.0148688781156,7.09,-31.5876889975674,      1561P   5161
-30.0148688781156,7.09,-13.9027259864882,-12.3299058523492,7.09,    1561P   5162
-31.5876889975674,-12.3299058523492,7.09,-0.884248149819598,        1561P   5163
0.884248151288322,-0.884248151288322,0.884248151288321;             1561P   5164
128,3,3,3,3,0,0,1,0,0,0.,0.,0.,0.,1.,1.,1.,1.,                      1563P   5165
-0.932866989163096,-0.932866989163096,-0.932866989163096,           1563P   5166
-0.932866989163096,-0.9269520771413,-0.9269520771413,               1563P   5167
-0.9269520771413,-0.9269520771413,1.,1.,1.,1.,1.,1.,1.,1.,1.,1.,    1563P   5168
1.,1.,1.,1.,1.,1.,-29.7504109621471,-12.7677934696824,              1563P   5169
7.09000000000001,-29.8606106479653,-12.6580404072303,               1563P   5170
7.0960260216158,-29.9147366646777,-12.4948883062237,                1563P   5171
7.10603539363676,-29.8919151862049,-12.3412571594449,               1563P   5172
7.11616797812149,-29.7496867062859,-12.7629178759016,               1563P   5173
7.01444458228114,-29.8596454576991,-12.6533949126544,               1563P   5174
7.02048303654104,-29.9137967358191,-12.490707182347,                1563P   5175
7.03048682414007,-29.891335781516,-12.3373566844203,                1563P   5176
7.04061256040261,-29.7489768698209,-12.7580401401598,               1563P   5177
6.93905481664291,-29.8587215351172,-12.64875542066,                 1563P   5178
6.94510466978743,-29.9128981452066,-12.4865262754683,               1563P   5179
6.95510313549965,-29.890767912344,-12.3334544958269,                1563P   5180
6.96522279476438,-29.7482814651693,-12.7531603477833,               1563P   5181
6.86383202187852,-29.8577853677179,-12.644105748662,                1563P   5182
6.86989420395573,-29.9119850593221,-12.4823394246755,               1563P   5183
6.87988712377838,-29.8902115886227,-12.3295506619256,               1563P   5184
6.88999999999999,0.,1.,-0.932866989163096,-0.9269520771413;         1563P   5185
128,1,2,1,2,0,0,0,0,0,-0.5,-0.5,0.500000000000004,                  1565P   5186
0.500000000000004,-0.785398163397447,-0.785398163397447,            1565P   5187
-0.785398163397447,0.78539816339745,0.78539816339745,               1565P   5188
0.78539816339745,1.,1.,0.707106781186548,0.707106781186548,1.,      1565P   5189
1.,-29.8702075142726,-12.0473873503313,8.89,-29.8702075142726,      1565P   5190
-12.0473873503313,6.88999999999999,-29.8702075142726,               1565P   5191
-14.0473873503313,8.89,-29.8702075142726,-14.0473873503313,         1565P   5192
6.88999999999999,-31.8702075142726,-14.0473873503313,8.89,          1565P   5193
-31.8702075142726,-14.0473873503313,6.88999999999999,-0.5,          1565P   5194
0.500000000000004,-0.785398163397447,0.78539816339745;              1565P   5195
128,3,3,3,3,0,0,1,0,0,0.,0.,0.,0.,1.,1.,1.,1.,                      1567P   5196
-0.932866996582789,-0.932866996582789,-0.932866996582789,           1567P   5197
-0.932866996582789,-0.926952084593801,-0.926952084593801,           1567P   5198
-0.926952084593801,-0.926952084593801,1.,1.,1.,1.,1.,1.,1.,1.,      1567P   5199
1.,1.,1.,1.,1.,1.,1.,1.,-31.5763376904806,-14.0256796762185,        1567P   5200
7.1161679781215,-31.4227065426496,-14.0028581964244,                1567P   5201
7.10603539361194,-31.2595544399018,-14.0569842130403,               1567P   5202
7.09602602157027,-31.1498013765735,-14.1671838997313,               1567P   5203
7.09000000000003,-31.5802381654793,-14.0262590809332,               1567P   5204
7.04061256040611,-31.4268876664958,-14.0037981253114,               1567P   5205
7.03048682411878,-31.2641999344467,-14.0579494033375,               1567P   5206
7.02048303649906,-31.1546769703219,-14.1679081556246,               1567P   5207
7.01444458228464,-31.5841403540469,-14.026826950131,                1567P   5208
6.96522279476788,-31.4310685733442,-14.0046967159521,               1567P   5209
6.95510313547839,-31.26883942641,-14.0588733259501,                 1567P   5210
6.94510466974549,-31.1595547060314,-14.1686179921219,               1567P   5211
6.93905481664641,-31.5880441879223,-14.0273832738783,               1567P   5212
6.88999999999998,-31.4352554241067,-14.0056098018653,               1567P   5213
6.87988712375365,-31.273489098377,-14.0598094933808,                1567P   5214
6.86989420391034,-31.1644344983757,-14.169313396806,                1567P   5215
6.86383202187851,0.,1.,-0.932866996582789,-0.926952084593801;       1567P   5216
128,3,3,3,3,0,0,1,0,0,0.,0.,0.,0.,1.,1.,1.,1.,                      1569P   5217
-0.932866996582789,-0.932866996582789,-0.932866996582789,           1569P   5218
-0.932866996582789,-0.926952084593802,-0.926952084593802,           1569P   5219
-0.926952084593802,-0.926952084593802,1.,1.,1.,1.,1.,1.,1.,1.,      1569P   5220
1.,1.,1.,1.,1.,1.,1.,1.,-15.5984998103576,-12.3412571741233,        1569P   5221
7.11616797812149,-15.5756783305635,-12.4948883219542,               1569P   5222
7.10603539361194,-15.6298043471793,-12.6580404247021,               1569P   5223
7.09602602157027,-15.7400040338703,-12.7677934880303,               1569P   5224
7.09000000000002,-15.5990792150722,-12.3373566991246,               1569P   5225
7.04061256040612,-15.5766182594504,-12.4907071981081,               1569P   5226
7.03048682411878,-15.6307695374765,-12.6533949301572,               1569P   5227
7.02048303649907,-15.7407282897636,-12.762917894282,                1569P   5228
7.01444458228465,-15.59964708427,-12.333454510557,                  1569P   5229
6.96522279476789,-15.5775168500911,-12.4865262912597,               1569P   5230
6.95510313547841,-15.6316934600892,-12.6487554381939,               1569P   5231
6.94510466974551,-15.7414381262609,-12.7580401585725,               1569P   5232
6.93905481664642,-15.6002034080173,-12.3295506766816,6.89,          1569P   5233
-15.5784299360044,-12.4823394404972,6.87988712375367,               1569P   5234
-15.6326296275198,-12.6441057662269,6.86989420391037,               1569P   5235
-15.742133530945,-12.7531603662282,6.86383202187853,0.,1.,          1569P   5236
-0.932866996582789,-0.926952084593802;                              1569P   5237
128,3,3,3,3,0,0,1,0,0,0.,0.,0.,0.,1.,1.,1.,1.,0.926952077141302,    1571P   5238
0.926952077141302,0.926952077141302,0.926952077141302,              1571P   5239
0.932866989163098,0.932866989163098,0.932866989163098,              1571P   5240
0.932866989163098,1.,1.,1.,1.,1.,1.,1.,1.,1.,1.,1.,1.,1.,1.,1.,     1571P   5241
1.,-13.9023707960646,-14.0273832759812,6.89,-14.0551595588145,      1571P   5242
-14.0056098052818,6.87988712377839,-14.2169258828011,               1571P   5243
-14.059809496886,6.86989420395574,-14.3259804819223,                1571P   5244
-14.1693133994346,6.86383202187853,-13.9062746299659,               1571P   5245
-14.0268269522599,6.9652227947644,-14.0593464096073,                1571P   5246
-14.0046967193973,6.95510313549967,-14.221575554799,                1571P   5247
-14.0588733294867,6.94510466978745,-14.3308602742989,               1571P   5248
-14.168617994783,6.93905481664292,-13.9101768185593,                1571P   5249
-14.0262590830879,7.04061256040263,-14.0635273164861,               1571P   5250
-14.0037981287847,7.03048682414009,-14.2262150467934,               1571P   5251
-14.0579494069047,7.02048303654106,-14.3357380100407,               1571P   5252
-14.167908158318,7.01444458228116,-13.914077293584,                 1571P   5253
-14.025679678399,7.11616797812152,-14.0677084403627,                1571P   5254
-14.0028581999262,7.10603539363679,-14.2308605413693,               1571P   5255
-14.0569842166386,7.09602602161583,-14.3406136038215,               1571P   5256
-14.1671839024568,7.09000000000005,0.,1.,0.926952077141302,         1571P   5257
0.932866989163098;                                                  1571P   5258
128,1,2,1,2,0,0,0,0,0,-0.5,-0.5,0.5,0.5,-0.78539816339745,          1573P   5259
-0.78539816339745,-0.78539816339745,0.785398163397448,              1573P   5260
0.785398163397448,0.785398163397448,1.,1.,0.707106781186547,        1573P   5261
0.707106781186547,1.,1.,-13.6202074844703,-14.0473873503313,        1573P   5262
8.89,-13.6202074844703,-14.0473873503313,6.89,-15.6202074844703,    1573P   5263
-14.0473873503313,8.89,-15.6202074844703,-14.0473873503313,6.89,    1573P   5264
-15.6202074844703,-12.0473873503313,8.89,-15.6202074844703,         1573P   5265
-12.0473873503313,6.89,-0.5,0.5,-0.78539816339745,                  1573P   5266
0.785398163397448;                                                  1573P   5267
128,3,3,3,3,0,0,1,0,0,0.,0.,0.,0.,1.,1.,1.,1.,                      1575P   5268
-0.932866989163094,-0.932866989163094,-0.932866989163094,           1575P   5269
-0.932866989163094,-0.926952077141298,-0.926952077141298,           1575P   5270
-0.926952077141298,-0.926952077141298,1.,1.,1.,1.,1.,1.,1.,1.,      1575P   5271
1.,1.,1.,1.,1.,1.,1.,1.,-29.8919151862049,-30.0035175710199,        1575P   5272
7.1161679781215,-29.9147366646777,-29.8498864242412,                1575P   5273
7.10603539363678,-29.8606106479653,-29.6867343232346,               1575P   5274
7.09602602161582,-29.7504109621471,-29.5769812607824,               1575P   5275
7.09000000000003,-29.891335781516,-30.0074180460446,                1575P   5276
7.04061256040262,-29.9137967358191,-29.8540675481178,               1575P   5277
7.03048682414008,-29.8596454576991,-29.6913798178105,               1575P   5278
7.02048303654105,-29.7496867062859,-29.5818568545632,               1575P   5279
7.01444458228115,-29.890767912344,-30.011320234638,                 1575P   5280
6.96522279476439,-29.9128981452066,-29.8582484549965,               1575P   5281
6.95510313549967,-29.8587215351172,-29.6960193098049,               1575P   5282
6.94510466978744,-29.748976869821,-29.586734590305,                 1575P   5283
6.93905481664292,-29.8902115886227,-30.0152240685392,6.89,          1575P   5284
-29.9119850593221,-29.8624353057894,6.87988712377839,               1575P   5285
-29.8577853677179,-29.7006689818028,6.86989420395574,               1575P   5286
-29.7482814651693,-29.5916143826816,6.86383202187853,0.,1.,         1575P   5287
-0.932866989163094,-0.926952077141298;                              1575P   5288
128,1,1,1,1,0,0,1,0,0,-1.19141850668188,-1.19141850668188,          1577P   5289
-0.247883323191962,-0.247883323191962,-0.00100000001440614,         1577P   5290
-0.00100000001440614,0.0210274469055638,0.0210274469055638,1.,      1577P   5291
1.,1.,1.,-23.0834236286627,-22.9255572279365,6.88001370465236,      1577P   5292
-29.7552248940009,-29.5973584932746,6.88001370465236,               1577P   5293
-23.0915753500775,-22.9174055065217,7.09998629534756,               1577P   5294
-29.7633766154156,-29.5892067718598,7.09998629534756,               1577P   5295
-1.19141850668188,-0.247883323191962,-0.00100000001440614,          1577P   5296
0.0210274469055638;                                                 1577P   5297
128,3,3,3,3,0,0,1,0,0,0.,0.,0.,0.,1.,1.,1.,1.,                      1579P   5298
-0.932866996582789,-0.932866996582789,-0.932866996582789,           1579P   5299
-0.932866996582789,-0.9269520845938,-0.9269520845938,               1579P   5300
-0.9269520845938,-0.9269520845938,1.,1.,1.,1.,1.,1.,1.,1.,1.,1.,    1579P   5301
1.,1.,1.,1.,1.,1.,-31.1498013765736,-28.1775908307336,              1579P   5302
7.09000000000005,-31.2595544399018,-28.2877905174246,               1579P   5303
7.09602602157029,-31.4227065426497,-28.3419165340404,               1579P   5304
7.10603539361196,-31.5763376904806,-28.3190950542463,               1579P   5305
7.11616797812152,-31.1546769703219,-28.1768665748403,               1579P   5306
7.01444458228465,-31.2641999344467,-28.2868253271274,               1579P   5307
7.02048303649907,-31.4268876664958,-28.3409766051535,               1579P   5308
7.03048682411879,-31.5802381654793,-28.3185156495317,               1579P   5309
7.04061256040612,-31.1595547060314,-28.176156738343,                1579P   5310
6.93905481664641,-31.26883942641,-28.2859014045147,                 1579P   5311
6.9451046697455,-31.4310685733442,-28.3400780145128,                1579P   5312
6.95510313547839,-31.5841403540469,-28.3179477803338,               1579P   5313
6.96522279476788,-31.1644344983757,-28.1754613336588,               1579P   5314
6.8638320218785,-31.273489098377,-28.2849652370841,                 1579P   5315
6.86989420391034,-31.4352554241067,-28.3391649285995,               1579P   5316
6.87988712375364,-31.5880441879223,-28.3173914565865,               1579P   5317
6.88999999999997,0.,1.,-0.932866996582789,-0.9269520845938;         1579P   5318
128,1,2,1,2,0,0,0,0,0,-0.5,-0.5,0.500000000000011,                  1581P   5319
0.500000000000011,-0.785398163397448,-0.785398163397448,            1581P   5320
-0.785398163397448,0.785398163397448,0.785398163397448,             1581P   5321
0.785398163397448,1.,1.,0.707106781186548,0.707106781186548,1.,     1581P   5322
1.,-31.8702075142726,-28.2973873801336,8.89,-31.8702075142726,      1581P   5323
-28.2973873801336,6.88999999999998,-29.8702075142726,               1581P   5324
-28.2973873801336,8.89,-29.8702075142726,-28.2973873801336,         1581P   5325
6.88999999999998,-29.8702075142726,-30.2973873801336,8.89,          1581P   5326
-29.8702075142726,-30.2973873801336,6.88999999999998,-0.5,          1581P   5327
0.500000000000011,-0.785398163397448,0.785398163397448;             1581P   5328
128,3,3,3,3,0,0,1,0,0,0.,0.,0.,0.,1.,1.,1.,1.,0.926952084593799,    1583P   5329
0.926952084593799,0.926952084593799,0.926952084593799,              1583P   5330
0.932866996582785,0.932866996582785,0.932866996582785,              1583P   5331
0.932866996582785,1.,1.,1.,1.,1.,1.,1.,1.,1.,1.,1.,1.,1.,1.,1.,     1583P   5332
1.,-15.6002034080173,-30.0152240537833,6.89000000000001,            1583P   5333
-15.5784299360044,-29.8624352899677,6.87988712375367,               1583P   5334
-15.6326296275198,-29.700668964238,6.86989420391037,                1583P   5335
-15.742133530945,-29.5916143642367,6.86383202187853,                1583P   5336
-15.5996470842701,-30.0113202199079,6.96522279476789,               1583P   5337
-15.5775168500911,-29.8582484392052,6.9551031354784,                1583P   5338
-15.6316934600892,-29.696019292271,6.9451046697455,                 1583P   5339
-15.7414381262609,-29.5867345718924,6.93905481664642,               1583P   5340
-15.5990792150722,-30.0074180313403,7.04061256040611,               1583P   5341
-15.5766182594504,-29.8540675323568,7.03048682411877,               1583P   5342
-15.6307695374765,-29.6913798003077,7.02048303649906,               1583P   5343
-15.7407282897636,-29.5818568361829,7.01444458228463,               1583P   5344
-15.5984998103576,-30.0035175563416,7.11616797812148,               1583P   5345
-15.5756783305635,-29.8498864085106,7.10603539361192,               1583P   5346
-15.6298043471793,-29.6867343057628,7.09602602157025,               1583P   5347
-15.7400040338703,-29.5769812424345,7.09000000000001,0.,1.,         1583P   5348
0.926952084593799,0.932866996582785;                                1583P   5349
128,1,1,1,1,0,0,1,0,0,2.5334462640567,2.5334462640567,              1585P   5350
3.96603792838181,3.96603792838181,-0.33141884664108,                1585P   5351
-0.33141884664108,1.00415979678055,1.00415979678055,1.,1.,1.,1.,    1585P   5352
-15.5809762317511,-35.9323873801336,6.89,-29.9068928750022,         1585P   5353
-35.9323873801336,6.89,-15.5809762317511,-22.5766009459173,6.89,    1585P   5354
-29.9068928750022,-22.5766009459173,6.89,2.5334462640567,           1585P   5355
3.96603792838181,-0.33141884664108,1.00415979678055;                1585P   5356
128,1,2,1,2,0,0,0,0,0,-0.500000000000009,-0.500000000000009,0.5,    1587P   5357
0.5,-0.785398163397448,-0.785398163397448,-0.785398163397448,       1587P   5358
0.785398163397448,0.785398163397448,0.785398163397448,1.,1.,        1587P   5359
0.707106781186548,0.707106781186548,1.,1.,-13.6202074844703,        1587P   5360
-28.2973873801336,6.88999999999998,-13.6202074844703,               1587P   5361
-28.2973873801336,8.89,-15.6202074844703,-28.2973873801336,         1587P   5362
6.88999999999998,-15.6202074844703,-28.2973873801336,8.89,          1587P   5363
-15.6202074844703,-30.2973873801336,6.88999999999998,               1587P   5364
-15.6202074844703,-30.2973873801336,8.89,-0.500000000000009,0.5,    1587P   5365
-0.785398163397448,0.785398163397448;                               1587P   5366
128,3,3,3,3,0,0,1,0,0,0.,0.,0.,0.,1.,1.,1.,1.,                      1589P   5367
-0.932866989163097,-0.932866989163097,-0.932866989163097,           1589P   5368
-0.932866989163097,-0.9269520771413,-0.9269520771413,               1589P   5369
-0.9269520771413,-0.9269520771413,1.,1.,1.,1.,1.,1.,1.,1.,1.,1.,    1589P   5370
1.,1.,1.,1.,1.,1.,-13.914077293584,-28.3190950520659,               1589P   5371
7.11616797812153,-14.0677084403627,-28.3419165305386,               1589P   5372
7.10603539363681,-14.2308605413693,-28.2877905138262,               1589P   5373
7.09602602161585,-14.3406136038215,-28.177590828008,                1589P   5374
7.09000000000006,-13.9101768185593,-28.318515647377,                1589P   5375
7.04061256040263,-14.0635273164861,-28.3409766016801,               1589P   5376
7.03048682414009,-14.2262150467934,-28.2868253235601,               1589P   5377
7.02048303654106,-14.3357380100407,-28.1768665721469,               1589P   5378
7.01444458228116,-13.9062746299659,-28.317947778205,                1589P   5379
6.96522279476438,-14.0593464096074,-28.3400780110675,               1589P   5380
6.95510313549965,-14.221575554799,-28.2859014009781,                1589P   5381
6.94510466978743,-14.3308602742989,-28.1761567356819,               1589P   5382
6.93905481664291,-13.9023707960647,-28.3173914544837,               1589P   5383
6.88999999999997,-14.0551595588145,-28.339164925183,                1589P   5384
6.87988712377836,-14.2169258828011,-28.2849652335789,               1589P   5385
6.86989420395571,-14.3259804819223,-28.1754613310303,               1589P   5386
6.8638320218785,0.,1.,-0.932866989163097,-0.9269520771413;          1589P   5387
128,2,8,2,2,0,1,0,0,1,-2.47754649076311,-2.47754649076311,          1591P   5388
-2.47754649076311,-1.5707963267949,-1.5707963267949,                1591P   5389
-1.5707963267949,-3.14159265358979,-3.14159265358979,               1591P   5390
-3.14159265358979,-1.5707963267949,-1.5707963267949,0.,0.,          1591P   5391
1.5707963267949,1.5707963267949,3.14159265358979,                   1591P   5392
3.14159265358979,3.14159265358979,1.,0.898973932230035,1.,          1591P   5393
0.707106781186548,0.635670563589793,0.707106781186548,1.,           1591P   5394
0.898973932230035,1.,0.707106781186548,0.635670563589793,           1591P   5395
0.707106781186548,1.,0.898973932230035,1.,0.707106781186548,        1591P   5396
0.635670563589793,0.707106781186548,1.,0.898973932230035,1.,        1591P   5397
0.707106781186548,0.635670563589793,0.707106781186548,1.,           1591P   5398
0.898973932230035,1.,-35.3887252658659,-21.1723873652324,           1591P   5399
8.17776880375642,-35.6139356340231,-21.1723873652324,7.89,          1591P   5400
-35.9793540166216,-21.1723873652324,7.89,-35.3887252658659,         1591P   5401
-24.8159051317269,8.17776880375642,-35.6139356340231,               1591P   5402
-25.0411154998841,7.89,-35.9793540166216,-25.4065338824826,7.89,    1591P   5403
-31.7452074993714,-24.8159051317269,8.17776880375642,               1591P   5404
-31.7452074993714,-25.0411154998841,7.89,-31.7452074993714,         1591P   5405
-25.4065338824826,7.89,-28.101689732877,-24.8159051317269,          1591P   5406
8.17776880375642,-27.8764793647198,-25.0411154998841,7.89,          1591P   5407
-27.5110609821213,-25.4065338824826,7.89,-28.101689732877,          1591P   5408
-21.1723873652324,8.17776880375642,-27.8764793647198,               1591P   5409
-21.1723873652324,7.89,-27.5110609821213,-21.1723873652324,7.89,    1591P   5410
-28.101689732877,-17.528869598738,8.17776880375642,                 1591P   5411
-27.8764793647198,-17.3036592305808,7.89,-27.5110609821213,         1591P   5412
-16.9382408479823,7.89,-31.7452074993714,-17.528869598738,          1591P   5413
8.17776880375642,-31.7452074993714,-17.3036592305808,7.89,          1591P   5414
-31.7452074993714,-16.9382408479823,7.89,-35.3887252658659,         1591P   5415
-17.528869598738,8.17776880375642,-35.6139356340231,                1591P   5416
-17.3036592305808,7.89,-35.9793540166216,-16.9382408479823,7.89,    1591P   5417
-35.3887252658659,-21.1723873652324,8.17776880375642,               1591P   5418
-35.6139356340231,-21.1723873652324,7.89,-35.9793540166216,         1591P   5419
-21.1723873652324,7.89,-2.47754649076311,-1.5707963267949,          1591P   5420
-3.14159265358979,3.14159265358979;                                 1591P   5421
128,1,8,1,2,0,1,0,0,1,-0.181022739785714,-0.181022739785714,        1593P   5422
0.255576180646845,0.255576180646845,-3.14159265358979,              1593P   5423
-3.14159265358979,-3.14159265358979,-1.5707963267949,               1593P   5424
-1.5707963267949,0.,0.,1.5707963267949,1.5707963267949,             1593P   5425
3.14159265358979,3.14159265358979,3.14159265358979,1.,1.,           1593P   5426
0.707106781186548,0.707106781186548,1.,1.,0.707106781186548,        1593P   5427
0.707106781186548,1.,1.,0.707106781186548,0.707106781186548,1.,     1593P   5428
1.,0.707106781186548,0.707106781186548,1.,1.,-34.5545787486158,     1593P   5429
-21.1723873652324,9.2436226869094,-35.3887252658659,                1593P   5430
-21.1723873652324,8.17776880375642,-34.5545787486158,               1593P   5431
-23.9817586144767,9.2436226869094,-35.3887252658659,                1593P   5432
-24.8159051317269,8.17776880375642,-31.7452074993714,               1593P   5433
-23.9817586144767,9.2436226869094,-31.7452074993714,                1593P   5434
-24.8159051317269,8.17776880375642,-28.9358362501271,               1593P   5435
-23.9817586144767,9.2436226869094,-28.101689732877,                 1593P   5436
-24.8159051317269,8.17776880375642,-28.9358362501271,               1593P   5437
-21.1723873652324,9.2436226869094,-28.101689732877,                 1593P   5438
-21.1723873652324,8.17776880375642,-28.9358362501271,               1593P   5439
-18.3630161159881,9.2436226869094,-28.101689732877,                 1593P   5440
-17.528869598738,8.17776880375642,-31.7452074993714,                1593P   5441
-18.3630161159881,9.2436226869094,-31.7452074993714,                1593P   5442
-17.528869598738,8.17776880375642,-34.5545787486158,                1593P   5443
-18.3630161159881,9.2436226869094,-35.3887252658659,                1593P   5444
-17.528869598738,8.17776880375642,-34.5545787486158,                1593P   5445
-21.1723873652324,9.2436226869094,-35.3887252658659,                1593P   5446
-21.1723873652324,8.17776880375642,-0.181022739785714,              1593P   5447
0.255576180646845,-3.14159265358979,3.14159265358979;               1593P   5448
128,1,1,1,1,0,0,1,0,0,1.80997132202427,1.80997132202427,            1595P   5449
4.67642254181565,4.67642254181565,-0.282226585346842,               1595P   5450
-0.282226585346842,2.57845888589893,2.57845888589893,1.,1.,1.,      1595P   5451
1.,-37.0132849013302,-6.77595256927745,7.89,-37.0132849013302,      1595P   5452
-35.4404647671912,7.89,-8.40643018887254,-6.77595256927746,7.89,    1595P   5453
-8.40643018887255,-35.4404647671912,7.89,1.80997132202427,          1595P   5454
4.67642254181565,-0.282226585346842,2.57845888589893;               1595P   5455
128,2,8,2,2,0,1,0,0,1,-3.14159265358979,-3.14159265358979,          1597P   5456
-3.14159265358979,-2.47754649076311,-2.47754649076311,              1597P   5457
-2.47754649076311,-3.14159265358979,-3.14159265358979,              1597P   5458
-3.14159265358979,-1.5707963267949,-1.5707963267949,0.,0.,          1597P   5459
1.5707963267949,1.5707963267949,3.14159265358979,                   1597P   5460
3.14159265358979,3.14159265358979,1.,0.945384842539732,1.,          1597P   5461
0.707106781186548,0.668488032990821,0.707106781186548,1.,           1597P   5462
0.945384842539732,1.,0.707106781186548,0.668488032990821,           1597P   5463
0.707106781186548,1.,0.945384842539732,1.,0.707106781186548,        1597P   5464
0.668488032990821,0.707106781186548,1.,0.945384842539732,1.,        1597P   5465
0.707106781186548,0.668488032990821,0.707106781186548,1.,           1597P   5466
0.945384842539732,1.,-34.3952074993714,-21.1723873652324,           1597P   5467
9.70585388315298,-34.3952074993714,-21.1723873652324,               1597P   5468
9.44726372761046,-34.5545787486158,-21.1723873652324,               1597P   5469
9.24362268690939,-34.3952074993714,-23.8223873652324,               1597P   5470
9.70585388315298,-34.3952074993714,-23.8223873652324,               1597P   5471
9.44726372761046,-34.5545787486158,-23.9817586144767,               1597P   5472
9.24362268690939,-31.7452074993714,-23.8223873652324,               1597P   5473
9.70585388315298,-31.7452074993714,-23.8223873652324,               1597P   5474
9.44726372761046,-31.7452074993714,-23.9817586144767,               1597P   5475
9.24362268690939,-29.0952074993714,-23.8223873652324,               1597P   5476
9.70585388315298,-29.0952074993714,-23.8223873652324,               1597P   5477
9.44726372761046,-28.9358362501271,-23.9817586144767,               1597P   5478
9.24362268690939,-29.0952074993714,-21.1723873652324,               1597P   5479
9.70585388315298,-29.0952074993714,-21.1723873652324,               1597P   5480
9.44726372761046,-28.9358362501271,-21.1723873652324,               1597P   5481
9.24362268690939,-29.0952074993714,-18.5223873652324,               1597P   5482
9.70585388315298,-29.0952074993714,-18.5223873652324,               1597P   5483
9.44726372761046,-28.9358362501271,-18.3630161159881,               1597P   5484
9.24362268690939,-31.7452074993714,-18.5223873652324,               1597P   5485
9.70585388315298,-31.7452074993714,-18.5223873652324,               1597P   5486
9.44726372761046,-31.7452074993714,-18.3630161159881,               1597P   5487
9.24362268690939,-34.3952074993714,-18.5223873652324,               1597P   5488
9.70585388315298,-34.3952074993714,-18.5223873652324,               1597P   5489
9.44726372761046,-34.5545787486158,-18.3630161159881,               1597P   5490
9.24362268690939,-34.3952074993714,-21.1723873652324,               1597P   5491
9.70585388315298,-34.3952074993714,-21.1723873652324,               1597P   5492
9.44726372761046,-34.5545787486158,-21.1723873652324,               1597P   5493
9.24362268690939,-3.14159265358979,-2.47754649076311,               1597P   5494
-3.14159265358979,3.14159265358979;                                 1597P   5495
128,1,8,1,2,0,1,0,0,1,0.343517424485463,0.343517424485463,          1599P   5496
0.884210532338997,0.884210532338997,-3.14159265358979,              1599P   5497
-3.14159265358979,-3.14159265358979,-1.5707963267949,               1599P   5498
-1.5707963267949,0.,0.,1.5707963267949,1.5707963267949,             1599P   5499
3.14159265358979,3.14159265358979,3.14159265358979,1.,1.,           1599P   5500
0.707106781186548,0.707106781186548,1.,1.,0.707106781186548,        1599P   5501
0.707106781186548,1.,1.,0.707106781186548,0.707106781186548,1.,     1599P   5502
1.,0.707106781186548,0.707106781186548,1.,1.,-31.7452074993714,     1599P   5503
-18.5223873652324,10.9900000143051,-31.7452074993714,               1599P   5504
-18.5223873652324,9.70585388315298,-34.3952074993714,               1599P   5505
-18.5223873652324,10.9900000143051,-34.3952074993714,               1599P   5506
-18.5223873652324,9.70585388315298,-34.3952074993714,               1599P   5507
-21.1723873652324,10.9900000143051,-34.3952074993714,               1599P   5508
-21.1723873652324,9.70585388315298,-34.3952074993714,               1599P   5509
-23.8223873652324,10.9900000143051,-34.3952074993714,               1599P   5510
-23.8223873652324,9.70585388315298,-31.7452074993714,               1599P   5511
-23.8223873652324,10.9900000143051,-31.7452074993714,               1599P   5512
-23.8223873652324,9.70585388315298,-29.0952074993714,               1599P   5513
-23.8223873652324,10.9900000143051,-29.0952074993714,               1599P   5514
-23.8223873652324,9.70585388315298,-29.0952074993714,               1599P   5515
-21.1723873652324,10.9900000143051,-29.0952074993714,               1599P   5516
-21.1723873652324,9.70585388315298,-29.0952074993714,               1599P   5517
-18.5223873652324,10.9900000143051,-29.0952074993714,               1599P   5518
-18.5223873652324,9.70585388315298,-31.7452074993714,               1599P   5519
-18.5223873652324,10.9900000143051,-31.7452074993714,               1599P   5520
-18.5223873652324,9.70585388315298,0.343517424485463,               1599P   5521
0.884210532338997,-3.14159265358979,3.14159265358979;               1599P   5522
128,2,8,2,2,0,1,0,0,1,-2.47754649076311,-2.47754649076311,          1601P   5523
-2.47754649076311,-1.5707963267949,-1.5707963267949,                1601P   5524
-1.5707963267949,-3.14159265358979,-3.14159265358979,               1601P   5525
-3.14159265358979,-1.5707963267949,-1.5707963267949,0.,0.,          1601P   5526
1.5707963267949,1.5707963267949,3.14159265358979,                   1601P   5527
3.14159265358979,3.14159265358979,1.,0.898973932230019,1.,          1601P   5528
0.707106781186548,0.635670563589782,0.707106781186548,1.,           1601P   5529
0.898973932230019,1.,0.707106781186548,0.635670563589782,           1601P   5530
0.707106781186548,1.,0.898973932230019,1.,0.707106781186548,        1601P   5531
0.635670563589782,0.707106781186548,1.,0.898973932230019,1.,        1601P   5532
0.707106781186548,0.635670563589782,0.707106781186548,1.,           1601P   5533
0.898973932230019,1.,-26.3887252658659,-30.1723873652324,           1601P   5534
8.17776880375642,-26.6139356340231,-30.1723873652324,7.89,          1601P   5535
-26.9793540166216,-30.1723873652324,7.89,-26.3887252658659,         1601P   5536
-33.8159051317269,8.17776880375642,-26.6139356340231,               1601P   5537
-34.0411154998841,7.89,-26.9793540166216,-34.4065338824826,7.89,    1601P   5538
-22.7452074993715,-33.8159051317269,8.17776880375642,               1601P   5539
-22.7452074993715,-34.0411154998841,7.89,-22.7452074993715,         1601P   5540
-34.4065338824826,7.89,-19.101689732877,-33.8159051317269,          1601P   5541
8.17776880375642,-18.8764793647198,-34.0411154998841,7.89,          1601P   5542
-18.5110609821213,-34.4065338824826,7.89,-19.101689732877,          1601P   5543
-30.1723873652324,8.17776880375642,-18.8764793647198,               1601P   5544
-30.1723873652324,7.89,-18.5110609821213,-30.1723873652324,7.89,    1601P   5545
-19.101689732877,-26.528869598738,8.17776880375642,                 1601P   5546
-18.8764793647198,-26.3036592305808,7.89,-18.5110609821213,         1601P   5547
-25.9382408479823,7.89,-22.7452074993715,-26.528869598738,          1601P   5548
8.17776880375642,-22.7452074993715,-26.3036592305808,7.89,          1601P   5549
-22.7452074993715,-25.9382408479823,7.89,-26.3887252658659,         1601P   5550
-26.528869598738,8.17776880375642,-26.6139356340231,                1601P   5551
-26.3036592305808,7.89,-26.9793540166216,-25.9382408479823,7.89,    1601P   5552
-26.3887252658659,-30.1723873652324,8.17776880375642,               1601P   5553
-26.6139356340231,-30.1723873652324,7.89,-26.9793540166216,         1601P   5554
-30.1723873652324,7.89,-2.47754649076311,-1.5707963267949,          1601P   5555
-3.14159265358979,3.14159265358979;                                 1601P   5556
128,1,8,1,2,0,1,0,0,1,-0.181022739785714,-0.181022739785714,        1603P   5557
0.255576180646846,0.255576180646846,-3.14159265358979,              1603P   5558
-3.14159265358979,-3.14159265358979,-1.5707963267949,               1603P   5559
-1.5707963267949,0.,0.,1.5707963267949,1.5707963267949,             1603P   5560
3.14159265358979,3.14159265358979,3.14159265358979,1.,1.,           1603P   5561
0.707106781186548,0.707106781186548,1.,1.,0.707106781186548,        1603P   5562
0.707106781186548,1.,1.,0.707106781186548,0.707106781186548,1.,     1603P   5563
1.,0.707106781186548,0.707106781186548,1.,1.,-22.7452074993715,     1603P   5564
-32.9817586144767,9.2436226869094,-22.7452074993715,                1603P   5565
-33.8159051317269,8.17776880375642,-19.9358362501271,               1603P   5566
-32.9817586144767,9.2436226869094,-19.101689732877,                 1603P   5567
-33.8159051317269,8.17776880375642,-19.9358362501271,               1603P   5568
-30.1723873652324,9.2436226869094,-19.101689732877,                 1603P   5569
-30.1723873652324,8.17776880375642,-19.9358362501271,               1603P   5570
-27.3630161159881,9.2436226869094,-19.101689732877,                 1603P   5571
-26.528869598738,8.17776880375642,-22.7452074993715,                1603P   5572
-27.3630161159881,9.2436226869094,-22.7452074993715,                1603P   5573
-26.528869598738,8.17776880375642,-25.5545787486158,                1603P   5574
-27.3630161159881,9.2436226869094,-26.3887252658659,                1603P   5575
-26.528869598738,8.17776880375642,-25.5545787486158,                1603P   5576
-30.1723873652324,9.2436226869094,-26.3887252658659,                1603P   5577
-30.1723873652324,8.17776880375642,-25.5545787486158,               1603P   5578
-32.9817586144767,9.2436226869094,-26.3887252658659,                1603P   5579
-33.8159051317269,8.17776880375642,-22.7452074993715,               1603P   5580
-32.9817586144767,9.2436226869094,-22.7452074993715,                1603P   5581
-33.8159051317269,8.17776880375642,-0.181022739785714,              1603P   5582
0.255576180646846,-3.14159265358979,3.14159265358979;               1603P   5583
128,2,8,2,2,0,1,0,0,1,-3.14159265358979,-3.14159265358979,          1605P   5584
-3.14159265358979,-2.47754649076311,-2.47754649076311,              1605P   5585
-2.47754649076311,-3.14159265358979,-3.14159265358979,              1605P   5586
-3.14159265358979,-1.5707963267949,-1.5707963267949,0.,0.,          1605P   5587
1.5707963267949,1.5707963267949,3.14159265358979,                   1605P   5588
3.14159265358979,3.14159265358979,1.,0.945384842539676,1.,          1605P   5589
0.707106781186548,0.668488032990782,0.707106781186548,1.,           1605P   5590
0.945384842539676,1.,0.707106781186548,0.668488032990782,           1605P   5591
0.707106781186548,1.,0.945384842539676,1.,0.707106781186548,        1605P   5592
0.668488032990782,0.707106781186548,1.,0.945384842539676,1.,        1605P   5593
0.707106781186548,0.668488032990782,0.707106781186548,1.,           1605P   5594
0.945384842539676,1.,-25.3952074993715,-30.1723873652324,           1605P   5595
9.70585388315298,-25.3952074993715,-30.1723873652324,               1605P   5596
9.44726372761045,-25.5545787486158,-30.1723873652324,               1605P   5597
9.24362268690939,-25.3952074993715,-32.8223873652324,               1605P   5598
9.70585388315298,-25.3952074993715,-32.8223873652324,               1605P   5599
9.44726372761045,-25.5545787486158,-32.9817586144767,               1605P   5600
9.24362268690939,-22.7452074993715,-32.8223873652324,               1605P   5601
9.70585388315298,-22.7452074993715,-32.8223873652324,               1605P   5602
9.44726372761045,-22.7452074993715,-32.9817586144767,               1605P   5603
9.24362268690939,-20.0952074993715,-32.8223873652324,               1605P   5604
9.70585388315298,-20.0952074993715,-32.8223873652324,               1605P   5605
9.44726372761045,-19.9358362501271,-32.9817586144767,               1605P   5606
9.24362268690939,-20.0952074993715,-30.1723873652324,               1605P   5607
9.70585388315298,-20.0952074993715,-30.1723873652324,               1605P   5608
9.44726372761045,-19.9358362501271,-30.1723873652324,               1605P   5609
9.24362268690939,-20.0952074993715,-27.5223873652324,               1605P   5610
9.70585388315298,-20.0952074993715,-27.5223873652324,               1605P   5611
9.44726372761045,-19.9358362501271,-27.3630161159881,               1605P   5612
9.24362268690939,-22.7452074993715,-27.5223873652324,               1605P   5613
9.70585388315298,-22.7452074993715,-27.5223873652324,               1605P   5614
9.44726372761045,-22.7452074993715,-27.3630161159881,               1605P   5615
9.24362268690939,-25.3952074993715,-27.5223873652324,               1605P   5616
9.70585388315298,-25.3952074993715,-27.5223873652324,               1605P   5617
9.44726372761045,-25.5545787486158,-27.3630161159881,               1605P   5618
9.24362268690939,-25.3952074993715,-30.1723873652324,               1605P   5619
9.70585388315298,-25.3952074993715,-30.1723873652324,               1605P   5620
9.44726372761045,-25.5545787486158,-30.1723873652324,               1605P   5621
9.24362268690939,-3.14159265358979,-2.47754649076311,               1605P   5622
-3.14159265358979,3.14159265358979;                                 1605P   5623
128,1,8,1,2,0,1,0,0,1,0.343517424485463,0.343517424485463,          1607P   5624
0.884210532338997,0.884210532338997,-3.14159265358979,              1607P   5625
-3.14159265358979,-3.14159265358979,-1.5707963267949,               1607P   5626
-1.5707963267949,0.,0.,1.5707963267949,1.5707963267949,             1607P   5627
3.14159265358979,3.14159265358979,3.14159265358979,1.,1.,           1607P   5628
0.707106781186548,0.707106781186548,1.,1.,0.707106781186548,        1607P   5629
0.707106781186548,1.,1.,0.707106781186548,0.707106781186548,1.,     1607P   5630
1.,0.707106781186548,0.707106781186548,1.,1.,-25.3952074993715,     1607P   5631
-30.1723873652324,10.9900000143051,-25.3952074993715,               1607P   5632
-30.1723873652324,9.70585388315298,-25.3952074993715,               1607P   5633
-32.8223873652324,10.9900000143051,-25.3952074993715,               1607P   5634
-32.8223873652324,9.70585388315298,-22.7452074993715,               1607P   5635
-32.8223873652324,10.9900000143051,-22.7452074993715,               1607P   5636
-32.8223873652324,9.70585388315298,-20.0952074993715,               1607P   5637
-32.8223873652324,10.9900000143051,-20.0952074993715,               1607P   5638
-32.8223873652324,9.70585388315298,-20.0952074993715,               1607P   5639
-30.1723873652324,10.9900000143051,-20.0952074993715,               1607P   5640
-30.1723873652324,9.70585388315298,-20.0952074993715,               1607P   5641
-27.5223873652324,10.9900000143051,-20.0952074993715,               1607P   5642
-27.5223873652324,9.70585388315298,-22.7452074993715,               1607P   5643
-27.5223873652324,10.9900000143051,-22.7452074993715,               1607P   5644
-27.5223873652324,9.70585388315298,-25.3952074993715,               1607P   5645
-27.5223873652324,10.9900000143051,-25.3952074993715,               1607P   5646
-27.5223873652324,9.70585388315298,-25.3952074993715,               1607P   5647
-30.1723873652324,10.9900000143051,-25.3952074993715,               1607P   5648
-30.1723873652324,9.70585388315298,0.343517424485463,               1607P   5649
0.884210532338997,-3.14159265358979,3.14159265358979;               1607P   5650
128,2,8,2,2,0,1,0,0,1,-2.47754649076311,-2.47754649076311,          1609P   5651
-2.47754649076311,-1.5707963267949,-1.5707963267949,                1609P   5652
-1.5707963267949,-3.14159265358979,-3.14159265358979,               1609P   5653
-3.14159265358979,-1.5707963267949,-1.5707963267949,0.,0.,          1609P   5654
1.5707963267949,1.5707963267949,3.14159265358979,                   1609P   5655
3.14159265358979,3.14159265358979,1.,0.898973932229992,1.,          1609P   5656
0.707106781186548,0.635670563589763,0.707106781186548,1.,           1609P   5657
0.898973932229992,1.,0.707106781186548,0.635670563589763,           1609P   5658
0.707106781186548,1.,0.898973932229992,1.,0.707106781186548,        1609P   5659
0.635670563589763,0.707106781186548,1.,0.898973932229992,1.,        1609P   5660
0.707106781186548,0.635670563589763,0.707106781186548,1.,           1609P   5661
0.898973932229992,1.,-17.3887252658659,-21.1723873652324,           1609P   5662
8.17776880375642,-17.6139356340231,-21.1723873652324,7.89,          1609P   5663
-17.9793540166216,-21.1723873652324,7.89,-17.3887252658659,         1609P   5664
-24.8159051317269,8.17776880375642,-17.6139356340231,               1609P   5665
-25.0411154998841,7.89,-17.9793540166216,-25.4065338824826,7.89,    1609P   5666
-13.7452074993715,-24.8159051317269,8.17776880375642,               1609P   5667
-13.7452074993715,-25.0411154998841,7.89,-13.7452074993715,         1609P   5668
-25.4065338824826,7.89,-10.101689732877,-24.8159051317269,          1609P   5669
8.17776880375642,-9.87647936471981,-25.0411154998841,7.89,          1609P   5670
-9.51106098212132,-25.4065338824826,7.89,-10.101689732877,          1609P   5671
-21.1723873652324,8.17776880375642,-9.87647936471981,               1609P   5672
-21.1723873652324,7.89,-9.51106098212131,-21.1723873652324,7.89,    1609P   5673
-10.101689732877,-17.528869598738,8.17776880375642,                 1609P   5674
-9.87647936471981,-17.3036592305808,7.89,-9.51106098212132,         1609P   5675
-16.9382408479823,7.89,-13.7452074993715,-17.528869598738,          1609P   5676
8.17776880375642,-13.7452074993715,-17.3036592305808,7.89,          1609P   5677
-13.7452074993715,-16.9382408479823,7.89,-17.3887252658659,         1609P   5678
-17.528869598738,8.17776880375642,-17.6139356340231,                1609P   5679
-17.3036592305808,7.89,-17.9793540166216,-16.9382408479823,7.89,    1609P   5680
-17.3887252658659,-21.1723873652324,8.17776880375642,               1609P   5681
-17.6139356340231,-21.1723873652324,7.89,-17.9793540166216,         1609P   5682
-21.1723873652324,7.89,-2.47754649076311,-1.5707963267949,          1609P   5683
-3.14159265358979,3.14159265358979;                                 1609P   5684
128,1,8,1,2,0,1,0,0,1,-0.181022739785713,-0.181022739785713,        1611P   5685
0.255576180646846,0.255576180646846,-3.14159265358979,              1611P   5686
-3.14159265358979,-3.14159265358979,-1.5707963267949,               1611P   5687
-1.5707963267949,0.,0.,1.5707963267949,1.5707963267949,             1611P   5688
3.14159265358979,3.14159265358979,3.14159265358979,1.,1.,           1611P   5689
0.707106781186548,0.707106781186548,1.,1.,0.707106781186548,        1611P   5690
0.707106781186548,1.,1.,0.707106781186548,0.707106781186548,1.,     1611P   5691
1.,0.707106781186548,0.707106781186548,1.,1.,-10.9358362501272,     1611P   5692
-21.1723873652324,9.2436226869094,-10.101689732877,                 1611P   5693
-21.1723873652324,8.17776880375642,-10.9358362501272,               1611P   5694
-18.3630161159881,9.2436226869094,-10.101689732877,                 1611P   5695
-17.528869598738,8.17776880375642,-13.7452074993715,                1611P   5696
-18.3630161159881,9.2436226869094,-13.7452074993715,                1611P   5697
-17.528869598738,8.17776880375642,-16.5545787486158,                1611P   5698
-18.3630161159881,9.2436226869094,-17.3887252658659,                1611P   5699
-17.528869598738,8.17776880375642,-16.5545787486158,                1611P   5700
-21.1723873652324,9.2436226869094,-17.3887252658659,                1611P   5701
-21.1723873652324,8.17776880375642,-16.5545787486158,               1611P   5702
-23.9817586144767,9.2436226869094,-17.3887252658659,                1611P   5703
-24.8159051317269,8.17776880375642,-13.7452074993715,               1611P   5704
-23.9817586144767,9.2436226869094,-13.7452074993715,                1611P   5705
-24.8159051317269,8.17776880375642,-10.9358362501272,               1611P   5706
-23.9817586144767,9.2436226869094,-10.101689732877,                 1611P   5707
-24.8159051317269,8.17776880375642,-10.9358362501272,               1611P   5708
-21.1723873652324,9.2436226869094,-10.101689732877,                 1611P   5709
-21.1723873652324,8.17776880375642,-0.181022739785713,              1611P   5710
0.255576180646846,-3.14159265358979,3.14159265358979;               1611P   5711
128,2,8,2,2,0,1,0,0,1,-3.14159265358979,-3.14159265358979,          1613P   5712
-3.14159265358979,-2.47754649076311,-2.47754649076311,              1613P   5713
-2.47754649076311,-3.14159265358979,-3.14159265358979,              1613P   5714
-3.14159265358979,-1.5707963267949,-1.5707963267949,0.,0.,          1613P   5715
1.5707963267949,1.5707963267949,3.14159265358979,                   1613P   5716
3.14159265358979,3.14159265358979,1.,0.945384842539632,1.,          1613P   5717
0.707106781186548,0.66848803299075,0.707106781186548,1.,            1613P   5718
0.945384842539632,1.,0.707106781186548,0.66848803299075,            1613P   5719
0.707106781186548,1.,0.945384842539632,1.,0.707106781186548,        1613P   5720
0.66848803299075,0.707106781186548,1.,0.945384842539632,1.,         1613P   5721
0.707106781186548,0.66848803299075,0.707106781186548,1.,            1613P   5722
0.945384842539632,1.,-16.3952074993715,-21.1723873652324,           1613P   5723
9.70585388315298,-16.3952074993715,-21.1723873652324,               1613P   5724
9.44726372761045,-16.5545787486158,-21.1723873652324,               1613P   5725
9.24362268690939,-16.3952074993715,-23.8223873652324,               1613P   5726
9.70585388315298,-16.3952074993715,-23.8223873652324,               1613P   5727
9.44726372761045,-16.5545787486158,-23.9817586144767,               1613P   5728
9.24362268690939,-13.7452074993715,-23.8223873652324,               1613P   5729
9.70585388315298,-13.7452074993715,-23.8223873652324,               1613P   5730
9.44726372761045,-13.7452074993715,-23.9817586144767,               1613P   5731
9.24362268690939,-11.0952074993715,-23.8223873652324,               1613P   5732
9.70585388315298,-11.0952074993715,-23.8223873652324,               1613P   5733
9.44726372761045,-10.9358362501272,-23.9817586144767,               1613P   5734
9.24362268690939,-11.0952074993715,-21.1723873652324,               1613P   5735
9.70585388315298,-11.0952074993715,-21.1723873652324,               1613P   5736
9.44726372761045,-10.9358362501272,-21.1723873652324,               1613P   5737
9.24362268690939,-11.0952074993715,-18.5223873652324,               1613P   5738
9.70585388315298,-11.0952074993715,-18.5223873652324,               1613P   5739
9.44726372761045,-10.9358362501272,-18.3630161159881,               1613P   5740
9.24362268690939,-13.7452074993715,-18.5223873652324,               1613P   5741
9.70585388315298,-13.7452074993715,-18.5223873652324,               1613P   5742
9.44726372761045,-13.7452074993715,-18.3630161159881,               1613P   5743
9.24362268690939,-16.3952074993715,-18.5223873652324,               1613P   5744
9.70585388315298,-16.3952074993715,-18.5223873652324,               1613P   5745
9.44726372761045,-16.5545787486158,-18.3630161159881,               1613P   5746
9.24362268690939,-16.3952074993715,-21.1723873652324,               1613P   5747
9.70585388315298,-16.3952074993715,-21.1723873652324,               1613P   5748
9.44726372761045,-16.5545787486158,-21.1723873652324,               1613P   5749
9.24362268690939,-3.14159265358979,-2.47754649076311,               1613P   5750
-3.14159265358979,3.14159265358979;                                 1613P   5751
128,1,8,1,2,0,1,0,0,1,0.343517424485463,0.343517424485463,          1615P   5752
0.884210532338997,0.884210532338997,-3.14159265358979,              1615P   5753
-3.14159265358979,-3.14159265358979,-1.5707963267949,               1615P   5754
-1.5707963267949,0.,0.,1.5707963267949,1.5707963267949,             1615P   5755
3.14159265358979,3.14159265358979,3.14159265358979,1.,1.,           1615P   5756
0.707106781186548,0.707106781186548,1.,1.,0.707106781186548,        1615P   5757
0.707106781186548,1.,1.,0.707106781186548,0.707106781186548,1.,     1615P   5758
1.,0.707106781186548,0.707106781186548,1.,1.,-13.7452074993715,     1615P   5759
-23.8223873652324,10.9900000143051,-13.7452074993715,               1615P   5760
-23.8223873652324,9.70585388315298,-11.0952074993715,               1615P   5761
-23.8223873652324,10.9900000143051,-11.0952074993715,               1615P   5762
-23.8223873652324,9.70585388315298,-11.0952074993715,               1615P   5763
-21.1723873652324,10.9900000143051,-11.0952074993715,               1615P   5764
-21.1723873652324,9.70585388315298,-11.0952074993715,               1615P   5765
-18.5223873652324,10.9900000143051,-11.0952074993715,               1615P   5766
-18.5223873652324,9.70585388315298,-13.7452074993715,               1615P   5767
-18.5223873652324,10.9900000143051,-13.7452074993715,               1615P   5768
-18.5223873652324,9.70585388315298,-16.3952074993715,               1615P   5769
-18.5223873652324,10.9900000143051,-16.3952074993715,               1615P   5770
-18.5223873652324,9.70585388315298,-16.3952074993715,               1615P   5771
-21.1723873652324,10.9900000143051,-16.3952074993715,               1615P   5772
-21.1723873652324,9.70585388315298,-16.3952074993715,               1615P   5773
-23.8223873652324,10.9900000143051,-16.3952074993715,               1615P   5774
-23.8223873652324,9.70585388315298,-13.7452074993715,               1615P   5775
-23.8223873652324,10.9900000143051,-13.7452074993715,               1615P   5776
-23.8223873652324,9.70585388315298,0.343517424485463,               1615P   5777
0.884210532338997,-3.14159265358979,3.14159265358979;               1615P   5778
128,2,8,2,2,0,1,0,0,1,1.5707963267949,1.5707963267949,              1617P   5779
1.5707963267949,2.47754649076311,2.47754649076311,                  1617P   5780
2.47754649076311,-3.14159265358979,-3.14159265358979,               1617P   5781
-3.14159265358979,-1.5707963267949,-1.5707963267949,0.,0.,          1617P   5782
1.5707963267949,1.5707963267949,3.14159265358979,                   1617P   5783
3.14159265358979,3.14159265358979,1.,0.898973932229992,1.,          1617P   5784
0.707106781186548,0.635670563589763,0.707106781186548,1.,           1617P   5785
0.898973932229992,1.,0.707106781186548,0.635670563589763,           1617P   5786
0.707106781186548,1.,0.898973932229992,1.,0.707106781186548,        1617P   5787
0.635670563589763,0.707106781186548,1.,0.898973932229992,1.,        1617P   5788
0.707106781186548,0.635670563589763,0.707106781186548,1.,           1617P   5789
0.898973932229992,1.,-18.5110609821213,-12.1723873652324,7.89,      1617P   5790
-18.8764793647198,-12.1723873652324,7.89,-19.101689732877,          1617P   5791
-12.1723873652324,8.17776880375642,-18.5110609821213,               1617P   5792
-16.4065338824826,7.89,-18.8764793647198,-16.0411154998841,7.89,    1617P   5793
-19.101689732877,-15.8159051317269,8.17776880375642,                1617P   5794
-22.7452074993714,-16.4065338824826,7.89,-22.7452074993714,         1617P   5795
-16.0411154998841,7.89,-22.7452074993714,-15.8159051317269,         1617P   5796
8.17776880375642,-26.9793540166216,-16.4065338824826,7.89,          1617P   5797
-26.6139356340231,-16.0411154998841,7.89,-26.3887252658659,         1617P   5798
-15.8159051317269,8.17776880375642,-26.9793540166216,               1617P   5799
-12.1723873652324,7.89,-26.6139356340231,-12.1723873652324,7.89,    1617P   5800
-26.3887252658659,-12.1723873652324,8.17776880375642,               1617P   5801
-26.9793540166216,-7.93824084798229,7.89,-26.6139356340231,         1617P   5802
-8.30365923058079,7.89,-26.3887252658659,-8.52886959873798,         1617P   5803
8.17776880375642,-22.7452074993714,-7.93824084798229,7.89,          1617P   5804
-22.7452074993714,-8.30365923058078,7.89,-22.7452074993714,         1617P   5805
-8.52886959873798,8.17776880375642,-18.5110609821213,               1617P   5806
-7.93824084798229,7.89,-18.8764793647198,-8.30365923058079,7.89,    1617P   5807
-19.101689732877,-8.52886959873798,8.17776880375642,                1617P   5808
-18.5110609821213,-12.1723873652324,7.89,-18.8764793647198,         1617P   5809
-12.1723873652324,7.89,-19.101689732877,-12.1723873652324,          1617P   5810
8.17776880375642,1.5707963267949,2.47754649076311,                  1617P   5811
-3.14159265358979,3.14159265358979;                                 1617P   5812
128,1,8,1,2,0,1,0,0,1,-0.181022739785714,-0.181022739785714,        1619P   5813
0.255576180646845,0.255576180646845,-3.14159265358979,              1619P   5814
-3.14159265358979,-3.14159265358979,-1.5707963267949,               1619P   5815
-1.5707963267949,0.,0.,1.5707963267949,1.5707963267949,             1619P   5816
3.14159265358979,3.14159265358979,3.14159265358979,1.,1.,           1619P   5817
0.707106781186548,0.707106781186548,1.,1.,0.707106781186548,        1619P   5818
0.707106781186548,1.,1.,0.707106781186548,0.707106781186548,1.,     1619P   5819
1.,0.707106781186548,0.707106781186548,1.,1.,-22.7452074993714,     1619P   5820
-9.36301611598813,9.24362268690939,-22.7452074993714,               1619P   5821
-8.52886959873798,8.17776880375642,-25.5545787486158,               1619P   5822
-9.36301611598813,9.24362268690939,-26.3887252658659,               1619P   5823
-8.52886959873798,8.17776880375642,-25.5545787486158,               1619P   5824
-12.1723873652324,9.24362268690939,-26.3887252658659,               1619P   5825
-12.1723873652324,8.17776880375642,-25.5545787486158,               1619P   5826
-14.9817586144767,9.24362268690939,-26.3887252658659,               1619P   5827
-15.8159051317269,8.17776880375642,-22.7452074993714,               1619P   5828
-14.9817586144767,9.24362268690939,-22.7452074993714,               1619P   5829
-15.8159051317269,8.17776880375642,-19.9358362501271,               1619P   5830
-14.9817586144767,9.24362268690939,-19.101689732877,                1619P   5831
-15.8159051317269,8.17776880375642,-19.9358362501271,               1619P   5832
-12.1723873652324,9.24362268690939,-19.101689732877,                1619P   5833
-12.1723873652324,8.17776880375642,-19.9358362501271,               1619P   5834
-9.36301611598813,9.24362268690939,-19.101689732877,                1619P   5835
-8.52886959873798,8.17776880375642,-22.7452074993714,               1619P   5836
-9.36301611598813,9.24362268690939,-22.7452074993714,               1619P   5837
-8.52886959873798,8.17776880375642,-0.181022739785714,              1619P   5838
0.255576180646845,-3.14159265358979,3.14159265358979;               1619P   5839
128,2,8,2,2,0,1,0,0,1,-3.14159265358979,-3.14159265358979,          1621P   5840
-3.14159265358979,-2.47754649076311,-2.47754649076311,              1621P   5841
-2.47754649076311,-3.14159265358979,-3.14159265358979,              1621P   5842
-3.14159265358979,-1.5707963267949,-1.5707963267949,0.,0.,          1621P   5843
1.5707963267949,1.5707963267949,3.14159265358979,                   1621P   5844
3.14159265358979,3.14159265358979,1.,0.945384842539644,1.,          1621P   5845
0.707106781186548,0.668488032990759,0.707106781186548,1.,           1621P   5846
0.945384842539644,1.,0.707106781186548,0.668488032990759,           1621P   5847
0.707106781186548,1.,0.945384842539644,1.,0.707106781186548,        1621P   5848
0.668488032990759,0.707106781186548,1.,0.945384842539644,1.,        1621P   5849
0.707106781186548,0.668488032990759,0.707106781186548,1.,           1621P   5850
0.945384842539644,1.,-25.3952074993714,-12.1723873652324,           1621P   5851
9.70585388315298,-25.3952074993714,-12.1723873652324,               1621P   5852
9.44726372761045,-25.5545787486158,-12.1723873652324,               1621P   5853
9.24362268690939,-25.3952074993714,-14.8223873652324,               1621P   5854
9.70585388315298,-25.3952074993714,-14.8223873652324,               1621P   5855
9.44726372761045,-25.5545787486158,-14.9817586144767,               1621P   5856
9.24362268690939,-22.7452074993714,-14.8223873652324,               1621P   5857
9.70585388315298,-22.7452074993714,-14.8223873652324,               1621P   5858
9.44726372761045,-22.7452074993714,-14.9817586144767,               1621P   5859
9.24362268690939,-20.0952074993714,-14.8223873652324,               1621P   5860
9.70585388315298,-20.0952074993714,-14.8223873652324,               1621P   5861
9.44726372761045,-19.9358362501271,-14.9817586144767,               1621P   5862
9.24362268690939,-20.0952074993714,-12.1723873652324,               1621P   5863
9.70585388315298,-20.0952074993714,-12.1723873652324,               1621P   5864
9.44726372761045,-19.9358362501271,-12.1723873652324,               1621P   5865
9.24362268690939,-20.0952074993714,-9.52238736523244,               1621P   5866
9.70585388315298,-20.0952074993714,-9.52238736523244,               1621P   5867
9.44726372761045,-19.9358362501271,-9.36301611598813,               1621P   5868
9.24362268690939,-22.7452074993714,-9.52238736523244,               1621P   5869
9.70585388315298,-22.7452074993714,-9.52238736523244,               1621P   5870
9.44726372761045,-22.7452074993714,-9.36301611598813,               1621P   5871
9.24362268690939,-25.3952074993714,-9.52238736523244,               1621P   5872
9.70585388315298,-25.3952074993714,-9.52238736523244,               1621P   5873
9.44726372761045,-25.5545787486158,-9.36301611598813,               1621P   5874
9.24362268690939,-25.3952074993714,-12.1723873652324,               1621P   5875
9.70585388315298,-25.3952074993714,-12.1723873652324,               1621P   5876
9.44726372761045,-25.5545787486158,-12.1723873652324,               1621P   5877
9.24362268690939,-3.14159265358979,-2.47754649076311,               1621P   5878
-3.14159265358979,3.14159265358979;                                 1621P   5879
128,1,8,1,2,0,1,0,0,1,0.343517424485463,0.343517424485463,          1623P   5880
0.884210532338997,0.884210532338997,-3.14159265358979,              1623P   5881
-3.14159265358979,-3.14159265358979,-1.5707963267949,               1623P   5882
-1.5707963267949,0.,0.,1.5707963267949,1.5707963267949,             1623P   5883
3.14159265358979,3.14159265358979,3.14159265358979,1.,1.,           1623P   5884
0.707106781186548,0.707106781186548,1.,1.,0.707106781186548,        1623P   5885
0.707106781186548,1.,1.,0.707106781186548,0.707106781186548,1.,     1623P   5886
1.,0.707106781186548,0.707106781186548,1.,1.,-20.0952074993714,     1623P   5887
-12.1723873652324,10.9900000143051,-20.0952074993714,               1623P   5888
-12.1723873652324,9.70585388315298,-20.0952074993714,               1623P   5889
-9.52238736523244,10.9900000143051,-20.0952074993714,               1623P   5890
-9.52238736523244,9.70585388315298,-22.7452074993714,               1623P   5891
-9.52238736523244,10.9900000143051,-22.7452074993714,               1623P   5892
-9.52238736523244,9.70585388315298,-25.3952074993714,               1623P   5893
-9.52238736523244,10.9900000143051,-25.3952074993714,               1623P   5894
-9.52238736523244,9.70585388315298,-25.3952074993714,               1623P   5895
-12.1723873652324,10.9900000143051,-25.3952074993714,               1623P   5896
-12.1723873652324,9.70585388315298,-25.3952074993714,               1623P   5897
-14.8223873652324,10.9900000143051,-25.3952074993714,               1623P   5898
-14.8223873652324,9.70585388315298,-22.7452074993714,               1623P   5899
-14.8223873652324,10.9900000143051,-22.7452074993714,               1623P   5900
-14.8223873652324,9.70585388315298,-20.0952074993714,               1623P   5901
-14.8223873652324,10.9900000143051,-20.0952074993714,               1623P   5902
-14.8223873652324,9.70585388315298,-20.0952074993714,               1623P   5903
-12.1723873652324,10.9900000143051,-20.0952074993714,               1623P   5904
-12.1723873652324,9.70585388315298,0.343517424485463,               1623P   5905
0.884210532338997,-3.14159265358979,3.14159265358979;               1623P   5906
128,5,3,3,3,0,0,1,0,0,0.,0.,0.,0.,0.285714285714286,                1625P   5907
0.571428571428571,1.,1.,1.,1.,-0.132406351694083,                   1625P   5908
-0.132406351694083,-0.132406351694083,-0.132406351694083,           1625P   5909
0.347900284615611,0.347900284615611,0.347900284615611,              1625P   5910
0.347900284615611,1.,1.,1.,1.,1.,1.,1.,1.,1.,1.,1.,1.,1.,1.,1.,     1625P   5911
1.,1.,1.,1.,1.,1.,1.,1.,1.,-33.0476368671815,-14.0473873284066,     1625P   5912
8.89,-33.0961936604952,-13.9654572813684,8.89,-33.2018050545764,    1625P   5913
-13.7872588070802,8.85124305094635,-33.3661399083601,               1625P   5914
-13.509976034029,8.6060191258017,-33.4109341810581,                 1625P   5915
-13.4343945011739,8.33501772944054,-33.412840784061,                1625P   5916
-13.4311774832646,8.19220954015832,-34.4302670184487,               1625P   5917
-14.8668191353134,8.89,-34.4706103102357,-14.7800212612638,8.89,    1625P   5918
-34.5582144643827,-14.5911505872242,8.85124305094635,               1625P   5919
-34.694737410539,-14.2973847643135,8.6060191258017,                 1625P   5920
-34.7316863410716,-14.2171535983655,8.33501772944054,               1625P   5921
-34.7334874941996,-14.213874084364,8.19220954015832,                1625P   5922
-35.9266571768632,-15.4717108944352,8.89,-35.9580222985897,         1625P   5923
-15.3812836879215,8.89,-36.0264026165368,-15.1846422379694,         1625P   5924
8.85124305094634,-36.1325703166882,-14.8786056466445,               1625P   5925
8.6060191258017,-36.1618073843987,-14.7952575305401,                1625P   5926
8.33501772944054,-36.1627943395498,-14.7916484884171,               1625P   5927
8.19220954015832,-37.484796424398,-15.8435835998601,8.89,           1625P   5928
-37.5069054344471,-15.7509472870058,8.89,-37.5549926991468,         1625P   5929
-15.5494626032898,8.85124305094634,-37.6298180878468,               1625P   5930
-15.235945711233,8.6060191258017,-37.6502139368648,                 1625P   5931
-15.1504875090631,8.33501772944054,-37.6510820564845,               1625P   5932
-15.1468501051036,8.19220954015832,0.,1.,-0.132406351694083,        1625P   5933
0.347900284615611;                                                  1625P   5934
128,1,2,1,2,0,0,0,0,0,1.14503249499455,1.14503249499455,            1627P   5935
1.65123077487538,1.65123077487538,-0.785245870149867,               1627P   5936
-0.785245870149867,-0.785245870149867,0.785245870149868,            1627P   5937
0.785245870149868,0.785245870149868,1.,1.,0.707214460574178,        1627P   5938
0.707214460574178,1.,1.,-37.0209509673492,-16.5213392875675,        1627P   5939
8.90208824439376,-37.0032849013302,-16.5390053535864,7.89,          1627P   5940
-37.0203420726094,-14.5222527919945,8.86720468811363,               1627P   5941
-37.0026760065904,-14.5399188580135,7.85511644371987,               1627P   5942
-35.0212555770364,-14.5216438972547,8.90208824439376,               1627P   5943
-35.0035895110175,-14.5393099632737,7.89,1.14503249499455,          1627P   5944
1.65123077487538,-0.785245870149867,0.785245870149868;              1627P   5945
128,1,1,1,1,0,0,1,0,0,-1.11721858457127,-1.11721858457127,          1629P   5946
-0.664053246688699,-0.664053246688699,0.664053246688699,            1629P   5947
0.664053246688699,1.09851262014371,1.09851262014371,1.,1.,1.,1.,    1629P   5948
-33.9173933450841,-14.5318548983454,8.89,-29.3857399662584,         1629P   5949
-14.5318548983454,8.89,-33.9173933450841,-10.1872611637953,8.89,    1629P   5950
-29.3857399662584,-10.1872611637953,8.89,-1.11721858457127,         1629P   5951
-0.664053246688699,0.664053246688699,1.09851262014371;              1629P   5952
128,1,1,1,1,0,0,1,0,0,-1.47600000149012,-1.47600000149012,          1631P   5953
1.47600000149012,1.47600000149012,-1.47600000149012,                1631P   5954
-1.47600000149012,0.550928778895745,0.550928778895745,1.,1.,1.,     1631P   5955
1.,-37.5052075142726,-35.9323873801336,8.89,-7.9852074844703,       1631P   5956
-35.9323873801336,8.89,-37.5052075142726,-15.663099576275,8.89,     1631P   5957
-7.98520748447029,-15.663099576275,8.89,-1.47600000149012,          1631P   5958
1.47600000149012,-1.47600000149012,0.550928778895745;               1631P   5959
128,1,2,1,2,0,0,0,0,0,-0.5,-0.5,0.500000000000001,                  1633P   5960
0.500000000000001,-0.785398163397447,-0.785398163397447,            1633P   5961
-0.785398163397447,-0.231602009595948,-0.231602009595948,           1633P   5962
-0.231602009595948,1.,1.,0.961908047307067,0.961908047307067,1.,    1633P   5963
1.,-37.4952075142726,-16.0473873503313,6.89,-37.4952075142726,      1633P   5964
-16.0473873503313,8.89,-37.4952075142726,-15.4789895611444,6.89,    1633P   5965
-37.4952075142726,-15.4789895611444,8.89,-37.196275880169,          1633P   5966
-14.9955478119289,6.89,-37.196275880169,-14.9955478119289,8.89,     1633P   5967
-0.5,0.500000000000001,-0.785398163397447,-0.231602009595948;       1633P   5968
128,1,2,1,2,0,0,0,0,0,0.522623293410986,0.522623293410986,          1635P   5969
0.610492158604975,0.610492158604975,-1.307482396007,                1635P   5970
-1.307482396007,-1.307482396007,-1.12124307325351,                  1635P   5971
-1.12124307325351,-1.12124307325351,1.,1.,0.99566749638323,         1635P   5972
0.99566749638323,1.,1.,-37.2305337569083,-15.0048256530154,6.89,    1635P   5973
-37.2216582668225,-15.0377498911312,8.19220954015832,               1635P   5974
-35.857434609356,-14.6346750111644,6.89,-35.8454843327878,          1635P   5975
-14.6667703694488,8.19220954015832,-34.5766185255419,               1635P   5976
-14.0166758800043,6.89,-34.5618001123298,-14.0473873503313,         1635P   5977
8.19220954015832,0.522623293410986,0.610492158604975,               1635P   5978
-1.307482396007,-1.12124307325351;                                  1635P   5979
128,8,3,3,3,0,0,1,0,0,0.,0.,0.,0.,0.142857142857143,                1637P   5980
0.285714285714286,0.428571428571429,0.571428571428571,              1637P   5981
0.785714285714286,1.,1.,1.,1.,0.00135206835146299,                  1637P   5982
0.00135206835146299,0.00135206835146299,0.00135206835146299,        1637P   5983
0.102046148540866,0.102046148540866,0.102046148540866,              1637P   5984
0.102046148540866,1.,1.,1.,1.,1.,1.,1.,1.,1.,1.,1.,1.,1.,1.,1.,     1637P   5985
1.,1.,1.,1.,1.,1.,1.,1.,1.,1.,1.,1.,1.,1.,1.,1.,1.,1.,1.,1.,1.,     1637P   5986
-29.3781990746025,-10.2433967226607,7.88508299006243,               1637P   5987
-29.3782091963051,-10.2338905881195,7.88566286201469,               1637P   5988
-29.3807506239735,-10.2130186663715,7.88689207141801,               1637P   5989
-29.3967630919445,-10.1792688456073,7.88867193106412,               1637P   5990
-29.4272061145552,-10.1505282253837,7.88989425129939,               1637P   5991
-29.4753600116619,-10.1326922660814,7.89014204267358,               1637P   5992
-29.5309429867527,-10.1418229362259,7.88861469982452,               1637P   5993
-29.5566920180747,-10.1635977766994,7.88683658401351,               1637P   5994
-29.5659390031783,-10.1744557698933,7.88601264047895,               1637P   5995
-29.384045980516,-10.2639033709977,8.22005200550589,                1637P   5996
-29.3840560213686,-10.2543971712561,8.22063080839403,               1637P   5997
-29.3865970634866,-10.2335268209136,8.22185757130169,               1637P   5998
-29.4026003785907,-10.1997836294135,8.22363337361805,               1637P   5999
-29.433020633072,-10.1710443490661,8.22485275975388,                1637P   6000
-29.4811395712923,-10.1531865279312,8.22510049164787,               1637P   6001
-29.5367079568286,-10.162258361653,8.22357801229393,                1637P   6002
-29.5624824896985,-10.1839966779468,8.22180417869501,               1637P   6003
-29.5717423037905,-10.1948436752329,8.22098187188444,               1637P   6004
-29.3898929400422,-10.2843531872251,8.55502409241639,               1637P   6005
-29.3899030860099,-10.27484692269,8.55560183354599,                 1637P   6006
-29.3924433723165,-10.2539781397095,8.55682617522864,               1637P   6007
-29.4084375779821,-10.2202416952425,8.55859794603175,               1637P   6008
-29.4388351961447,-10.191503572337,8.55981444316732,                1637P   6009
-29.4869190199526,-10.1736248878876,8.56006203349221,               1637P   6010
-29.5424736336764,-10.1826375786222,8.55854443134521,               1637P   6011
-29.568270357032,-10.204341032772,8.55677468825548,                 1637P   6012
-29.5775457174382,-10.2151752584134,8.55595417461318,               1637P   6013
-29.3957399662584,-10.3047472564632,8.89,-29.3957500324466,         1637P   6014
-10.2952409283924,8.89057669153582,-29.3982899323009,               1637P   6015
-10.2743737054139,8.89179863155484,-29.4142750577032,               1637P   6016
-10.2406438230437,8.89356642192557,-29.4446501269913,               1637P   6017
-10.2119070174385,8.89478004277926,-29.4926993264768,               1637P   6018
-10.1940067230018,8.89502757453674,-29.5482393471289,               1637P   6019
-10.2029611860961,8.89351474114511,-29.5740612012684,               1637P   6020
-10.2246283311956,8.89174920363757,-29.5833492568437,               1637P   6021
-10.2354515954736,8.89093029787211,0.,1.,0.00135206835146299,       1637P   6022
0.102046148540866;                                                  1637P   6023
128,1,2,1,2,0,0,0,0,0,0.522623293410889,0.522623293410889,          1639P   6024
0.657576789732792,0.657576789732792,-0.736115041959752,             1639P   6025
-0.736115041959752,-0.736115041959752,-0.412116917376512,           1639P   6026
-0.412116917376512,-0.412116917376512,1.,1.,0.98690682396566,       1639P   6027
0.98690682396566,1.,1.,-29.9090193738353,-10.526058572084,          1639P   6028
6.88999999999856,-29.8702075142726,-10.5612217561122,8.89,          1639P   6029
-28.2380784054664,-8.68173394693476,6.88999999999856,               1639P   6030
-28.1935197827867,-8.71055406024282,8.89,-27.2412339391753,         1639P   6031
-6.40140981367424,6.88999999999856,-27.1932469314595,               1639P   6032
-6.42238735033126,8.89,0.522623293410889,0.657576789732792,         1639P   6033
-0.736115041959752,-0.412116917376512;                              1639P   6034
128,8,3,3,3,0,0,1,0,0,0.,0.,0.,0.,0.142857142857143,                1641P   6035
0.285714285714286,0.428571428571429,0.571428571428571,              1641P   6036
0.714285714285714,1.,1.,1.,1.,-0.0011265844158962,                  1641P   6037
-0.0011265844158962,-0.0011265844158962,-0.0011265844158962,        1641P   6038
0.0993382485513369,0.0993382485513369,0.0993382485513369,           1641P   6039
0.0993382485513369,1.,1.,1.,1.,1.,1.,1.,1.,1.,1.,1.,1.,1.,1.,1.,    1641P   6040
1.,1.,1.,1.,1.,1.,1.,1.,1.,1.,1.,1.,1.,1.,1.,1.,1.,1.,1.,1.,1.,     1641P   6041
-27.2265194074742,-6.91978670161654,8.89,-27.2359482212185,         1641P   6042
-6.92106227056001,8.8904163449184,-27.2565866035519,                1641P   6043
-6.92145760367569,8.89126684637196,-27.2904715492351,               1641P   6044
-6.91207626463083,8.89240869625569,-27.3222296112118,               1641P   6045
-6.89064783300095,8.89315821677399,-27.3456555985031,               1641P   6046
-6.85892773920645,8.89330725717969,-27.3603795821587,               1641P   6047
-6.80986311585705,8.89266177439755,-27.3531598145291,               1641P   6048
-6.77601791164281,8.89150888114025,-27.3451356367844,               1641P   6049
-6.75875988280912,8.89074415656221,-27.2397580487385,               1641P   6050
-6.92822226135559,8.55553680299942,-27.2491769004097,               1641P   6051
-6.92956992687635,8.55595773558085,-27.2698234650406,               1641P   6052
-6.93011978802134,8.5568182415571,-27.3038244651206,                1641P   6053
-6.92094351485941,8.5579745301598,-27.335769348682,                 1641P   6054
-6.89962423763094,8.558732453289,-27.3593678548232,                 1641P   6055
-6.8678958473753,8.55887899714935,-27.3742099085765,                1641P   6056
-6.8187354271143,8.55821578809508,-27.3669580215058,                1641P   6057
-6.78484237495921,8.55704162299931,-27.3589196281895,               1641P   6058
-6.76759709217328,8.55626615629076,-27.253130562732,                1641P   6059
-6.93689939855534,8.2210861190922,-27.262538487076,                 1641P   6060
-6.93832001737185,8.22151182601025,-27.2831915632585,               1641P   6061
-6.93902621435247,8.22238274019102,-27.3173085862266,               1641P   6062
-6.93005910753334,8.22355415681803,-27.3494421703507,               1641P   6063
-6.90885108929883,8.22432090844833,-27.3732171642297,               1641P   6064
-6.87711686497298,8.22446519570077,-27.3881766372172,               1641P   6065
-6.82785414735362,8.22378336531232,-27.3808951230669,               1641P   6066
-6.79392957559626,8.22258839633942,-27.3728391459121,               1641P   6067
-6.77668137077875,8.22180086186638,-27.2666459289569,               1641P   6068
-6.94583163210382,7.88664833623776,-27.2760420038637,               1641P   6069
-6.94732537240874,7.88707899166045,-27.2966998706469,               1641P   6070
-6.94818943937713,7.88796073707404,-27.3309323241607,               1641P   6071
-6.93943472033511,7.88914795797974,-27.3632572761739,               1641P   6072
-6.91834092794158,7.88992408985799,-27.3872103253677,               1641P   6073
-6.88659805511901,7.89006592851754,-27.4022904220176,               1641P   6074
-6.83723511462105,7.88936519079969,-27.3949741401521,               1641P   6075
-6.80326143501948,7.88814753413281,-27.3869034712888,               1641P   6076
-6.78602664764262,7.88734866020333,0.,1.,-0.0011265844158962,       1641P   6077
0.0993382485513369;                                                 1641P   6078
128,1,1,1,1,0,0,1,0,0,-0.462114670003671,-0.462114670003671,        1643P   6079
1.37614346281475,1.37614346281475,0.664053246688699,                1643P   6080
0.664053246688699,1.47600000149012,1.47600000149012,1.,1.,1.,1.,    1643P   6081
-27.3663541994082,-14.5318548983454,8.89,-8.983772871224,           1643P   6082
-14.5318548983454,8.89,-27.3663541994082,-6.41238735033126,8.89,    1643P   6083
-8.983772871224,-6.41238735033126,8.89,-0.462114670003671,          1643P   6084
1.37614346281475,0.664053246688699,1.47600000149012;                1643P   6085
128,6,3,3,3,0,0,1,0,0,0.,0.,0.,0.,0.285714285714286,0.5,            1645P   6086
0.714285714285714,1.,1.,1.,1.,-0.000246814252991528,                1645P   6087
-0.000246814252991528,-0.000246814252991528,                        1645P   6088
-0.000246814252991528,0.099983792953404,0.099983792953404,          1645P   6089
0.099983792953404,0.099983792953404,1.,1.,1.,1.,1.,1.,1.,1.,1.,     1645P   6090
1.,1.,1.,1.,1.,1.,1.,1.,1.,1.,1.,1.,1.,1.,1.,1.,1.,1.,1.,           1645P   6091
-8.46967503248446,-19.7681391047778,8.89,-8.46966923260305,         1645P   6092
-19.758621095136,8.89033227498342,-8.46613499840069,                1645P   6093
-19.7404015332734,8.89090682581599,-8.4500389078944,                1645P   6094
-19.7170771228426,8.8914403738713,-8.42670383478822,                1645P   6095
-19.7009883872474,8.89159488968226,-8.40847594391456,               1645P   6096
-19.69745576797,8.89140008244704,-8.39895358314677,                 1645P   6097
-19.6974499707387,8.89123407146535,-8.47550236856627,               1645P   6098
-19.7564808805947,8.55615213946312,-8.47549656868487,               1645P   6099
-19.7469628709528,8.55648441444654,-8.47196233448251,               1645P   6100
-19.7287433090903,8.5570589652791,-8.45586624397622,                1645P   6101
-19.7054188986594,8.55759251333441,-8.43253117087003,               1645P   6102
-19.6893301630642,8.55774702914537,-8.41430327999637,               1645P   6103
-19.6857975437868,8.55755222191016,-8.40478091922859,               1645P   6104
-19.6857917465556,8.55738621092846,-8.48132969655261,               1645P   6105
-19.7448226726075,8.22230474271638,-8.4813238966712,                1645P   6106
-19.7353046629656,8.2226370176998,-8.47778966246884,                1645P   6107
-19.7170851011031,8.22321156853237,-8.46169357196255,               1645P   6108
-19.6937606906722,8.22374511658767,-8.43835849885637,               1645P   6109
-19.677671955077,8.22389963239863,-8.42013060798271,                1645P   6110
-19.6741393357996,8.22370482516342,-8.41060824721492,               1645P   6111
-19.6741335385684,8.22353881418172,-8.48715703263236,               1645P   6112
-19.7331644484285,7.88845688229789,-8.48715123275095,               1645P   6113
-19.7236464387866,7.88878915728131,-8.48361699854859,               1645P   6114
-19.7054268769241,7.88936370811388,-8.4675209080423,                1645P   6115
-19.6821024664933,7.88989725616918,-8.44418583493612,               1645P   6116
-19.6660137308981,7.89005177198015,-8.42595794406246,               1645P   6117
-19.6624811116207,7.88985696474493,-8.41643558329467,               1645P   6118
-19.6624753143894,7.88969095376324,0.,1.,-0.000246814252991528,     1645P   6119
0.099983792953404;                                                  1645P   6120
128,1,1,1,1,0,0,1,0,0,1.61619841797669,1.61619841797669,            1647P   6121
1.67920754064356,1.67920754064356,0.90922539157194,                 1647P   6122
0.90922539157194,1.11134730043171,1.11134730043171,1.,1.,1.,1.,     1647P   6123
-8.79207540643561,-19.6977558709806,8.89999390827019,               1647P   6124
-8.16198417976693,-19.6977558709806,8.89999390827019,               1647P   6125
-8.79207540643561,-19.6272163420631,6.88000609172981,               1647P   6126
-8.16198417976693,-19.6272163420631,6.8800060917298,                1647P   6127
1.61619841797669,1.67920754064356,0.90922539157194,                 1647P   6128
1.11134730043171;                                                   1647P   6129
128,6,3,3,3,0,0,1,0,0,0.,0.,0.,0.,0.285714285714286,0.5,            1649P   6130
0.714285714285714,1.,1.,1.,1.,9.23338974333317D-5,                  1649P   6131
9.23338974333317D-5,9.23338974333317D-5,9.23338974333317D-5,        1649P   6132
0.100322992209215,0.100322992209215,0.100322992209215,              1649P   6133
0.100322992209215,1.,1.,1.,1.,1.,1.,1.,1.,1.,1.,1.,1.,1.,1.,1.,     1649P   6134
1.,1.,1.,1.,1.,1.,1.,1.,1.,1.,1.,1.,1.,-9.0295304258061,            1649P   6135
-14.539336907407,7.88845637163239,-9.02001241616424,                1649P   6136
-14.5393311075256,7.88878864661581,-9.00179316731767,               1649P   6137
-14.53579689548,7.88936318690437,-8.97846858065735,                 1649P   6138
-14.519700645968,7.88989673833829,-8.96237968612902,                1649P   6139
-14.4963653965517,7.89005125662182,-8.95884708899825,               1649P   6140
-14.4781378188371,7.88985645407943,-8.95884129176702,               1649P   6141
-14.4686154580693,7.88969044309774,-9.0411886559302,                1649P   6142
-14.5335095683556,8.22230440229648,-9.03167064628833,               1649P   6143
-14.5335037684742,8.22263667727989,-9.01345139744176,               1649P   6144
-14.5299695564286,8.22321121756845,-8.99012681078145,               1649P   6145
-14.5138733069166,8.22374476900237,-8.97403791625312,               1649P   6146
-14.4905380575003,8.2238992872859,-8.97050531912234,                1649P   6147
-14.4723104797857,8.22370448474352,-8.97049952189111,               1649P   6148
-14.462788119018,8.22353847376182,-9.05284686985862,                1649P   6149
-14.5276822373996,8.55615196917709,-9.04332886021676,               1649P   6150
-14.5276764375182,8.55648424416051,-9.02510961137019,               1649P   6151
-14.5241422254726,8.55705878444907,-9.00178502470986,               1649P   6152
-14.5080459759605,8.55759233588299,-8.98569613018153,               1649P   6153
-14.4847107265443,8.55774685416651,-8.98216353305076,               1649P   6154
-14.4664831488297,8.55755205162413,-8.98215773581953,               1649P   6155
-14.4569607880619,8.55738604064243,-9.06450509998826,               1649P   6156
-14.5218548983454,8.89,-9.0549870903464,-14.521849098464,           1649P   6157
8.89033227498342,-9.03676784149983,-14.5183148864184,               1649P   6158
8.89090681527197,-9.0134432548395,-14.5022186369064,                1649P   6159
8.8914403667059,-8.99735436031117,-14.4788833874901,                1649P   6160
8.89159488498942,-8.9938217631804,-14.4606558097755,                1649P   6161
8.89140008244704,-8.99381596594917,-14.4511334490078,               1649P   6162
8.89123407146534,0.,1.,9.23338974333317D-5,0.100322992209215;       1649P   6163
128,1,1,1,1,0,0,1,0,0,-2.0118390115669,-2.0118390115669,            1651P   6164
-1.31926210440495,-1.31926210440495,-0.335113284128309,             1651P   6165
-0.335113284128309,-0.233098051323917,-0.233098051323917,1.,1.,     1651P   6166
1.,1.,-15.945353402116,-14.539484487338,7.88000152304843,           1651P   6167
-9.01958433049651,-14.539484487338,7.88000152304843,                1651P   6168
-15.945353402116,-14.5216803742811,8.89999847695156,                1651P   6169
-9.01958433049651,-14.5216803742811,8.89999847695157,               1651P   6170
-2.0118390115669,-1.31926210440495,-0.335113284128309,              1651P   6171
-0.233098051323917;                                                 1651P   6172
128,6,3,3,3,0,0,1,0,0,0.,0.,0.,0.,0.285714285714286,0.5,            1653P   6173
0.785714285714286,1.,1.,1.,1.,0.00018017579527075,                  1653P   6174
0.00018017579527075,0.00018017579527075,0.00018017579527075,        1653P   6175
0.100338934045111,0.100338934045111,0.100338934045111,              1653P   6176
0.100338934045111,1.,1.,1.,1.,1.,1.,1.,1.,1.,1.,1.,1.,1.,1.,1.,     1653P   6177
1.,1.,1.,1.,1.,1.,1.,1.,1.,1.,1.,1.,1.,-15.9353757892753,           1653P   6178
-27.805442380032,7.8887174405063,-15.9591816878833,                 1653P   6179
-27.8054496309871,7.88913284744629,-16.0047073037393,               1653P   6180
-27.8142834565999,7.88977330502732,-16.0690576497704,               1653P   6181
-27.8585540631223,7.89012379818418,-16.1059124576621,               1653P   6182
-27.9198493542531,7.88969718796237,-16.1121470463556,               1653P   6183
-27.9643646513726,7.88902899571129,-16.1121524845719,               1653P   6184
-27.9822190753286,7.8887174405063,-15.929549969227,                 1653P   6185
-27.8112682000803,8.22247844754088,-15.953355867835,                1653P   6186
-27.8112754510354,8.22289385448086,-15.998881483691,                1653P   6187
-27.8201092766482,8.22353431206189,-16.0632318297221,               1653P   6188
-27.8643798831706,8.22388480521876,-16.1000866376138,               1653P   6189
-27.9256751743014,8.22345819499694,-16.1063212263073,               1653P   6190
-27.9701904714209,8.22279000274586,-16.1063266645236,               1653P   6191
-27.9880448953769,8.22247844754088,-15.9237241572482,               1653P   6192
-27.8170940120591,8.55623899227579,-15.9475300558562,               1653P   6193
-27.8171012630142,8.55665439921578,-15.9930556717122,               1653P   6194
-27.825935088627,8.55729485679681,-16.0574060177432,                1653P   6195
-27.8702056951494,8.55764534995367,-16.094260825635,                1653P   6196
-27.9315009862802,8.55721873973186,-16.1004954143285,               1653P   6197
-27.9760162833997,8.55655054748078,-16.1005008525448,               1653P   6198
-27.9938707073557,8.55623899227579,-15.9178983371878,               1653P   6199
-27.8229198321194,8.89,-15.9417042357958,-27.8229270830745,         1653P   6200
8.89041540693998,-15.9872298516518,-27.8317609086873,               1653P   6201
8.89105586452102,-16.0515801976829,-27.8760315152097,               1653P   6202
8.89140635767788,-16.0884350055747,-27.9373268063405,               1653P   6203
8.89097974745607,-16.0946695942681,-27.9818421034601,               1653P   6204
8.89031155520499,-16.0946750324845,-27.9996965274161,8.89,0.,1.,    1653P   6205
0.00018017579527075,0.100338934045111;                              1653P   6206
128,1,1,1,1,0,0,1,0,0,2.05498541121566,2.05498541121566,            1655P   6207
2.60358370914754,2.60358370914754,-0.335113284128308,               1655P   6208
-0.335113284128308,-0.233098051323918,-0.233098051323918,1.,1.,     1655P   6209
1.,1.,-10.4593704227972,-27.8052902431268,7.88000152304844,         1655P   6210
-15.945353402116,-27.8052902431268,7.88000152304844,                1655P   6211
-10.4593704227972,-27.8230943561838,8.89999847695156,               1655P   6212
-15.945353402116,-27.8230943561838,8.89999847695156,                1655P   6213
2.05498541121566,2.60358370914754,-0.335113284128308,               1655P   6214
-0.233098051323918;                                                 1655P   6215
128,6,3,3,3,0,0,1,0,0,0.,0.,0.,0.,0.285714285714286,0.5,            1657P   6216
0.785714285714286,1.,1.,1.,1.,0.000180175795315157,                 1657P   6217
0.000180175795315157,0.000180175795315157,0.000180175795315157,     1657P   6218
0.100338934045112,0.100338934045112,0.100338934045112,              1657P   6219
0.100338934045112,1.,1.,1.,1.,1.,1.,1.,1.,1.,1.,1.,1.,1.,1.,1.,     1657P   6220
1.,1.,1.,1.,1.,1.,1.,1.,1.,1.,1.,1.,1.,-29.378262514171,            1657P   6221
-27.9822190753286,7.8887174405063,-29.3782697651261,                1657P   6222
-27.9584131767206,7.88913284744629,-29.3871046814117,               1657P   6223
-27.9128844215182,7.88977334078704,-29.4313745280043,               1657P   6224
-27.8485350345772,7.89012383046755,-29.4926691660749,               1657P   6225
-27.8116791032343,7.88969725125487,-29.5371847855116,               1657P   6226
-27.8054478182483,7.88902899571129,-29.5550392094676,               1657P   6227
-27.805442380032,7.8887174405063,-29.3840883342178,                 1657P   6228
-27.9880448953755,8.22247844745772,-29.3840955851729,               1657P   6229
-27.9642389967675,8.2228938543977,-29.3929305014586,                1657P   6230
-27.9187102415651,8.22353434773846,-29.4372003480511,               1657P   6231
-27.854360854624,8.22388483741897,-29.4984949861217,                1657P   6232
-27.8175049232812,8.22345825820628,-29.5430106055585,               1657P   6233
-27.8112736382952,8.22279000266271,-29.5608650295145,               1657P   6234
-27.8112682000788,8.22247844745772,-29.3899141461981,               1657P   6235
-27.9938707073557,8.55623899227637,-29.3899213971532,               1657P   6236
-27.9700648087477,8.55665439921635,-29.3987563134389,               1657P   6237
-27.9245360535453,8.55729489255711,-29.4430261600314,               1657P   6238
-27.8601866666043,8.55764538223762,-29.504320798102,                1657P   6239
-27.8233307352614,8.55721880302493,-29.5488364175388,               1657P   6240
-27.8170994502754,8.55655054748136,-29.5666908414948,               1657P   6241
-27.8170940120591,8.55623899227637,-29.3957399662584,               1657P   6242
-27.9996965274161,8.89,-29.3957472172136,-27.9758906288081,         1657P   6243
8.89041540693999,-29.4045821334992,-27.9303618736057,               1657P   6244
8.89105590028074,-29.4488519800918,-27.8660124866647,               1657P   6245
8.89140638996125,-29.5101466181623,-27.8291565553218,               1657P   6246
8.89097981074857,-29.5546622375991,-27.8229252703358,               1657P   6247
8.89031155520499,-29.5725166615551,-27.8229198321194,8.89,0.,1.,    1657P   6248
0.000180175795315157,0.100338934045112;                             1657P   6249
128,1,1,1,1,0,0,1,0,0,0.0407087150461315,0.0407087150461315,        1659P   6250
0.589307012978011,0.589307012978011,-0.335113284128308,             1659P   6251
-0.335113284128308,-0.233098051323917,-0.233098051323917,1.,1.,     1659P   6252
1.,1.,-29.3781103772659,-33.4582244418066,7.88000152304843,         1659P   6253
-29.3781103772659,-27.9722414624879,7.88000152304843,               1659P   6254
-29.3959144903228,-33.4582244418066,8.89999847695156,               1659P   6255
-29.3959144903228,-27.9722414624879,8.89999847695156,               1659P   6256
0.0407087150461315,0.589307012978011,-0.335113284128308,            1659P   6257
-0.233098051323917;                                                 1659P   6258
128,6,3,3,3,0,0,1,0,0,0.,0.,0.,0.,0.285714285714286,0.5,            1661P   6259
0.785714285714286,1.,1.,1.,1.,-0.000308470755992635,                1661P   6260
-0.000308470755992635,-0.000308470755992635,                        1661P   6261
-0.000308470755992635,0.0998502874938359,0.0998502874938359,        1661P   6262
0.0998502874938359,0.0998502874938359,1.,1.,1.,1.,1.,1.,1.,1.,      1661P   6263
1.,1.,1.,1.,1.,1.,1.,1.,1.,1.,1.,1.,1.,1.,1.,1.,1.,1.,1.,1.,        1661P   6264
-29.3957399662584,-14.3450782030488,8.89,-29.3957472172136,         1661P   6265
-14.3688841016568,8.89041540693998,-29.4045810428264,               1661P   6266
-14.4144097175128,8.89105586452101,-29.4488516493487,               1661P   6267
-14.4787600635439,8.89140635767788,-29.5101469404796,               1661P   6268
-14.5156148714356,8.89097974745606,-29.5546622375991,               1661P   6269
-14.5218494601291,8.89031155520499,-29.5725166615551,               1661P   6270
-14.5218548983454,8.89,-29.3899141461978,-14.3509040231094,         1661P   6271
8.55623899225997,-29.3899213971529,-14.3747099217174,               1661P   6272
8.55665439919995,-29.3987552227657,-14.4202355375734,               1661P   6273
8.55729485678098,-29.4430258292881,-14.4845858836045,               1661P   6274
8.55764534993785,-29.504321120419,-14.5214406914962,                1661P   6275
8.55721873971603,-29.5488364175385,-14.5276752801897,               1661P   6276
8.55655054746495,-29.5666908414945,-14.527680718406,                1661P   6277
8.55623899225997,-29.3840883342193,-14.3567298350879,               1661P   6278
8.22247844754438,-29.3840955851745,-14.3805357336959,               1661P   6279
8.22289385448436,-29.3929294107873,-14.4260613495519,               1661P   6280
8.22353431206539,-29.4372000173096,-14.490411695583,                1661P   6281
8.22388480522226,-29.4984953084405,-14.5272665034747,               1661P   6282
8.22345819500044,-29.54301060556,-14.5335010921682,                 1661P   6283
8.22279000274937,-29.560865029516,-14.5335065303845,                1661P   6284
8.22247844754438,-29.378262514171,-14.3625556551363,                1661P   6285
7.8887174405063,-29.3782697651261,-14.3863615537443,                1661P   6286
7.88913284744628,-29.3871035907389,-14.4318871696003,               1661P   6287
7.88977330502731,-29.4313741972613,-14.4962375156313,               1661P   6288
7.89012379818418,-29.4926694883921,-14.5330923235231,               1661P   6289
7.88969718796237,-29.5371847855116,-14.5393269122166,               1661P   6290
7.88902899571129,-29.5550392094676,-14.5393323504329,               1661P   6291
7.8887174405063,0.,1.,-0.000308470755992635,0.0998502874938359;     1661P   6292
128,1,1,1,1,0,0,1,0,0,0.040708715046131,0.040708715046131,          1663P   6293
0.588997204659245,0.588997204659245,-0.335113284128308,             1663P   6294
-0.335113284128308,-0.233098051323918,-0.233098051323918,1.,1.,     1663P   6295
1.,1.,-35.027946492758,-14.539484487338,7.88000152304844,           1663P   6296
-29.5450615966269,-14.539484487338,7.88000152304844,                1663P   6297
-35.027946492758,-14.5216803742811,8.89999847695156,                1663P   6298
-29.5450615966269,-14.5216803742811,8.89999847695156,               1663P   6299
0.040708715046131,0.588997204659245,-0.335113284128308,             1663P   6300
-0.233098051323918;                                                 1663P   6301
128,6,3,3,3,0,0,1,0,0,0.,0.,0.,0.,0.285714285714286,0.5,            1665P   6302
0.785714285714286,1.,1.,1.,1.,-0.000308470756028822,                1665P   6303
-0.000308470756028822,-0.000308470756028822,                        1665P   6304
-0.000308470756028822,0.0998502874938368,0.0998502874938368,        1665P   6305
0.0998502874938368,0.0998502874938368,1.,1.,1.,1.,1.,1.,1.,1.,      1665P   6306
1.,1.,1.,1.,1.,1.,1.,1.,1.,1.,1.,1.,1.,1.,1.,1.,1.,1.,1.,1.,        1665P   6307
-15.9178983371878,-14.5218548983454,8.89,-15.9417042357958,         1665P   6308
-14.5218476473903,8.89041540693999,-15.9872252485145,               1665P   6309
-14.5130155278672,8.89105581395286,-16.0515770136029,               1665P   6310
-14.4687436958346,8.89140631048811,-16.0884300423569,               1665P   6311
-14.4074473300121,8.89097965045251,-16.0946695942681,               1665P   6312
-14.3629326270048,8.89031155520499,-16.0946750324845,               1665P   6313
-14.3450782030488,8.89,-15.9237241572477,-14.5276807184053,         1665P   6314
8.55623899230019,-15.9475300558557,-14.5276734674502,               1665P   6315
8.55665439924018,-15.9930510685745,-14.5188413479271,               1665P   6316
8.55729480625305,-16.0574028336628,-14.4745695158945,               1665P   6317
8.5576453027883,-16.0942558624168,-14.413273150072,                 1665P   6318
8.5572186427527,-16.100495414328,-14.3687584470647,                 1665P   6319
8.55655054750518,-16.1005008525444,-14.3509040231087,               1665P   6320
8.55623899230019,-15.9295499692269,-14.5335065303845,               1665P   6321
8.22247844754524,-15.9533558678349,-14.5334992794294,               1665P   6322
8.22289385448522,-15.9988768805536,-14.5246671599062,               1665P   6323
8.22353426149809,-16.063228645642,-14.4803953278737,                1665P   6324
8.22388475803334,-16.100081674396,-14.4190989620511,                1665P   6325
8.22345809799774,-16.1063212263072,-14.3745842590439,               1665P   6326
8.22279000275023,-16.1063266645235,-14.3567298350879,               1665P   6327
8.22247844754524,-15.9353757892753,-14.5393323504329,               1665P   6328
7.8887174405063,-15.9591816878833,-14.5393250994778,                1665P   6329
7.88913284744629,-16.004702700602,-14.5304929799546,                1665P   6330
7.88977325445916,-16.0690544656903,-14.4862211479221,               1665P   6331
7.89012375099441,-16.1059074944444,-14.4249247820995,               1665P   6332
7.88969709095881,-16.1121470463556,-14.3804100790923,               1665P   6333
7.88902899571129,-16.1121524845719,-14.3625556551363,               1665P   6334
7.8887174405063,0.,1.,-0.000308470756028822,0.0998502874938368;     1665P   6335
128,1,1,1,1,0,0,1,0,0,2.05498541121566,2.05498541121566,            1667P   6336
2.60358370914754,2.60358370914754,-0.335113284128308,               1667P   6337
-0.335113284128308,-0.233098051323917,-0.233098051323917,1.,1.,     1667P   6338
1.,1.,-16.1123046214771,-8.88655028865822,7.88000152304844,         1667P   6339
-16.1123046214771,-14.372533267977,7.88000152304844,                1667P   6340
-16.0945005084201,-8.88655028865822,8.89999847695157,               1667P   6341
-16.0945005084201,-14.372533267977,8.89999847695157,                1667P   6342
2.05498541121566,2.60358370914754,-0.335113284128308,               1667P   6343
-0.233098051323917;                                                 1667P   6344
128,1,1,1,1,0,0,1,0,0,0.0478833217018473,0.0478833217018473,        1669P   6345
0.991418503701645,0.991418503701645,-0.00100000001439646,           1669P   6346
-0.00100000001439646,0.021027446905567,0.021027446905567,1.,1.,     1669P   6347
1.,1.,-14.3202363713293,-14.162369970603,6.88001370465245,          1669P   6348
-20.9920376261307,-20.8341712254044,6.88001370465245,               1669P   6349
-14.3283880927441,-14.1542182491883,7.0999862953476,                1669P   6350
-21.0001893475455,-20.8260195039897,7.0999862953476,                1669P   6351
0.0478833217018473,0.991418503701645,-0.00100000001439646,          1669P   6352
0.021027446905567;                                                  1669P   6353
128,1,1,1,1,0,0,1,0,0,1.22015514794069,1.22015514794069,            1671P   6354
2.16369033031382,2.16369033031382,-0.00100000001439648,             1671P   6355
-0.00100000001439648,0.0210274469055656,0.0210274469055656,1.,      1671P   6356
1.,1.,1.,-31.17017860898,-28.1824047625017,6.88001370465245,        1671P   6357
-24.4983773515388,-21.5106035050604,6.88001370465245,               1671P   6358
-31.1620268875652,-28.1905564839164,7.09998629534758,               1671P   6359
-24.490225630124,-21.5187552264752,7.09998629534758,                1671P   6360
1.22015514794069,2.16369033031382,-0.00100000001439648,             1671P   6361
0.0210274469055656;                                                 1671P   6362
128,5,3,3,3,0,0,1,0,0,0.,0.,0.,0.,0.285714285714286,                1673P   6363
0.571428571428571,1.,1.,1.,1.,-2.08166817117217D-16,                1673P   6364
-2.08166817117217D-16,-2.08166817117217D-16,                        1673P   6365
-2.08166817117217D-16,0.201356542219138,0.201356542219138,          1673P   6366
0.201356542219138,0.201356542219138,1.,1.,1.,1.,1.,1.,1.,1.,1.,     1673P   6367
1.,1.,1.,1.,1.,1.,1.,1.,1.,1.,1.,1.,1.,1.,1.,-8.9239313322405,      1673P   6368
-14.4009407409246,6.89,-8.9239313322405,-14.3533216933055,6.89,     1673P   6369
-8.94349335119355,-14.2494326822715,6.88931687924534,               1673P   6370
-9.06875320153373,-14.0884465820393,6.88494270888504,               1673P   6371
-9.20588428858813,-14.0473873503313,6.88015398580386,               1673P   6372
-9.27726934766092,-14.0473873503313,6.87766116461083,               1673P   6373
-8.94735551555312,-14.4009407409246,7.56078084628569,               1673P   6374
-8.94735551555312,-14.3533216933055,7.56078084628569,               1673P   6375
-8.96691753450617,-14.2494326822715,7.56009772553104,               1673P   6376
-9.09217738484635,-14.0884465820393,7.55572355517074,               1673P   6377
-9.22930847190075,-14.0473873503313,7.55093483208956,               1673P   6378
-9.30069353097354,-14.0473873503313,7.54844201089652,               1673P   6379
-8.97077956953765,-14.4009407409246,8.23155798909923,               1673P   6380
-8.97077956953765,-14.3533216933055,8.23155798909923,               1673P   6381
-8.99034158849069,-14.2494326822715,8.23087486834458,               1673P   6382
-9.11560143883088,-14.0884465820393,8.22650069798428,               1673P   6383
-9.25273252588527,-14.0473873503313,8.2217119749031,                1673P   6384
-9.32411758495807,-14.0473873503313,8.21921915371006,               1673P   6385
-8.99420375285042,-14.4009407409246,8.90233883538917,               1673P   6386
-8.99420375285042,-14.3533216933055,8.90233883538917,               1673P   6387
-9.01376577180346,-14.2494326822715,8.90165571463452,               1673P   6388
-9.13902562214365,-14.0884465820393,8.89728154427422,               1673P   6389
-9.27615670919804,-14.0473873503313,8.89249282119304,               1673P   6390
-9.34754176827084,-14.0473873503313,8.89,0.,1.,                     1673P   6391
-2.08166817117217D-16,0.201356542219138;                            1673P   6392
128,1,1,1,1,0,0,1,0,0,0.299,0.299,0.735250725518295,                1675P   6393
0.735250725518295,-0.101,-0.101,0.101,0.101,1.,1.,1.,1.,            1675P   6394
-13.6302074844703,-14.0473873503313,8.9,-9.26770022928734,          1675P   6395
-14.0473873503313,8.9,-13.6302074844703,-14.0473873503313,6.88,     1675P   6396
-9.26770022928734,-14.0473873503313,6.88,0.299,                     1675P   6397
0.735250725518295,-0.101,0.101;                                     1675P   6398
128,1,1,1,1,0,0,1,0,0,-0.294607540643561,-0.294607540643561,        1677P   6399
0.215869326386503,0.215869326386503,0.90922539157194,               1677P   6400
0.90922539157194,1.1113473004317,1.1113473004317,1.,1.,1.,1.,       1677P   6401
-8.99412186619102,-14.3909407409245,8.89999390827019,               1677P   6402
-8.99412186619102,-19.4957094112252,8.89999390827019,               1677P   6403
-8.92358233727348,-14.3909407409245,6.88000609172981,               1677P   6404
-8.92358233727348,-19.4957094112252,6.88000609172981,               1677P   6405
-0.294607540643561,0.215869326386503,0.90922539157194,              1677P   6406
1.1113473004317;                                                    1677P   6407
128,6,3,3,3,0,0,1,0,0,0.,0.,0.,0.,0.285714285714286,0.5,            1679P   6408
0.785714285714286,1.,1.,1.,1.,-0.000616566116113617,                1679P   6409
-0.000616566116113617,-0.000616566116113617,                        1679P   6410
-0.000616566116113617,0.0997618121549745,0.0997618121549745,        1679P   6411
0.0997618121549745,0.0997618121549745,1.,1.,1.,1.,1.,1.,1.,1.,      1679P   6412
1.,1.,1.,1.,1.,1.,1.,1.,1.,1.,1.,1.,1.,1.,1.,1.,1.,1.,1.,1.,        1679P   6413
-8.74715463694386,-19.6275653370301,6.89,-8.77094967428433,         1679P   6414
-19.6275363552726,6.88917007105126,-8.81644388520893,               1679P   6415
-19.6186715046637,6.88789094560304,-8.88076757299259,               1679P   6416
-19.5743916424935,6.88719099978906,-8.91763334073973,               1679P   6417
-19.5131257027283,6.88804307257166,-8.92390959592237,               1679P   6418
-19.4686349197388,6.88937755328844,-8.9239313322405,                1679P   6419
-19.4507886417334,6.89,-8.75882472053498,-19.6392354206212,         1679P   6420
7.22418746954796,-8.78261975787544,-19.6392064388637,               1679P   6421
7.22335754059922,-8.82811396880005,-19.6303415882549,               1679P   6422
7.222078415151,-8.89243765658371,-19.5860617260846,                 1679P   6423
7.22137846933702,-8.92930342433085,-19.5247957863194,               1679P   6424
7.22223054211962,-8.93557967951348,-19.4803050033299,               1679P   6425
7.2235650228364,-8.93560141583162,-19.4624587253246,                1679P   6426
7.22418746954796,-8.77049478799765,-19.6509054880839,               1679P   6427
7.55837447723763,-8.79428982533811,-19.6508765063263,               1679P   6428
7.55754454828889,-8.83978403626272,-19.6420116557175,               1679P   6429
7.55626542284067,-8.90410772404637,-19.5977317935473,               1679P   6430
7.5555654770267,-8.94097349179352,-19.5364658537821,                1679P   6431
7.5564175498093,-8.94724974697615,-19.4919750707926,                1679P   6432
7.55775203052608,-8.94727148329429,-19.4741287927872,               1679P   6433
7.55837447723763,-8.78216487149569,-19.6625755715819,               1679P   6434
7.89256194412029,-8.80595990883615,-19.6625465898244,               1679P   6435
7.89173201517155,-8.85145411976076,-19.6536817392156,               1679P   6436
7.89045288972333,-8.91577780754442,-19.6094018770453,               1679P   6437
7.88975294390936,-8.95264357529155,-19.5481359372801,               1679P   6438
7.89060501669196,-8.95891983047419,-19.5036451542906,               1679P   6439
7.89193949740874,-8.95894156679232,-19.4857988762853,               1679P   6440
7.89256194412029,0.,1.,-0.000616566116113617,0.0997618121549745;    1679P   6441
128,6,3,3,3,0,0,1,0,0,0.,0.,0.,0.,0.285714285714286,0.5,            1681P   6442
0.785714285714286,1.,1.,1.,1.,-7.49400541621981D-16,                1681P   6443
-7.49400541621981D-16,-7.49400541621981D-16,                        1681P   6444
-7.49400541621981D-16,0.200739225539453,0.200739225539453,          1681P   6445
0.200739225539453,0.200739225539453,1.,1.,1.,1.,1.,1.,1.,1.,1.,     1681P   6446
1.,1.,1.,1.,1.,1.,1.,1.,1.,1.,1.,1.,1.,1.,1.,1.,1.,1.,1.,           1681P   6447
-7.99520748447029,-19.8042343447403,6.88383058230541,               1681P   6448
-7.99520748447029,-19.7804393250494,6.88466152270309,               1681P   6449
-8.00402806414727,-19.7349386750761,6.88625044041254,               1681P   6450
-8.04829766517635,-19.6706162563796,6.88849662876899,               1681P   6451
-8.10960458848739,-19.6337905766205,6.88978260984323,               1681P   6452
-8.15412703690979,-19.6275653370301,6.89,-8.17198417976693,         1681P   6453
-19.6275653370301,6.89,-7.99520748447029,-19.8275867144503,         1681P   6454
7.55255495607723,-7.99520748447029,-19.8037916947594,               1681P   6455
7.55338589647491,-8.00402806414727,-19.7582910447861,               1681P   6456
7.55497481418435,-8.04829766517635,-19.6939686260896,               1681P   6457
7.55722100254081,-8.10960458848739,-19.6571429463305,               1681P   6458
7.55850698361505,-8.15412703690979,-19.6509177067401,               1681P   6459
7.55872437377182,-8.17198417976693,-19.6509177067401,               1681P   6460
7.55872437377182,-7.99520748447029,-19.8509389548287,               1681P   6461
8.22127562627777,-7.99520748447029,-19.8271439351378,               1681P   6462
8.22210656667545,-8.00402806414727,-19.7816432851645,               1681P   6463
8.22369548438489,-8.04829766517635,-19.717320866468,                1681P   6464
8.22594167274135,-8.10960458848739,-19.6804951867089,               1681P   6465
8.22722765381559,-8.15412703690979,-19.6742699471185,               1681P   6466
8.22744504397235,-8.17198417976693,-19.6742699471185,               1681P   6467
8.22744504397236,-7.99520748447029,-19.874291324537,8.89,           1681P   6468
-7.99520748447029,-19.8504963048461,8.89083094039768,               1681P   6469
-8.00402806414727,-19.8049956548728,8.89241985810712,               1681P   6470
-8.04829766517635,-19.7406732361763,8.89466604646358,               1681P   6471
-8.10960458848739,-19.7038475564172,8.89595202753782,               1681P   6472
-8.15412703690979,-19.6976223168268,8.89616941769459,               1681P   6473
-8.17198417976693,-19.6976223168268,8.89616941769459,0.,1.,         1681P   6474
-7.49400541621981D-16,0.200739225539453;                            1681P   6475
128,1,1,1,1,0,0,1,0,0,0.549706243522222,0.549706243522222,          1683P   6476
1.20100000298023,1.20100000298023,-0.101,-0.101,0.101,0.101,1.,     1683P   6477
1.,1.,1.,-7.99520748447029,-19.7944497855535,8.9,                   1683P   6478
-7.99520748447029,-26.3073873801336,8.9,-7.99520748447029,          1683P   6479
-19.7944497855535,6.88,-7.9952074844703,-26.3073873801336,6.88,     1683P   6480
0.549706243522222,1.20100000298023,-0.101,0.101;                    1683P   6481
128,1,1,1,1,0,0,1,0,0,0.281131038531019,0.281131038531019,          1685P   6482
0.695014591764575,0.695014591764575,-0.335113284128308,             1685P   6483
-0.335113284128308,-0.233098051323917,-0.233098051323917,1.,1.,     1685P   6484
1.,1.,-29.3781103772659,-14.372533267977,7.88000152304844,          1685P   6485
-29.3781103772659,-10.2336977356415,7.88000152304844,               1685P   6486
-29.3959144903228,-14.372533267977,8.89999847695156,                1685P   6487
-29.3959144903228,-10.2336977356415,8.89999847695156,               1685P   6488
0.281131038531019,0.695014591764575,-0.335113284128308,             1685P   6489
-0.233098051323917;                                                 1685P   6490
128,1,2,1,2,0,0,0,0,0,-1.63431794706532,-1.63431794706532,          1687P   6491
-1.1314132323246,-1.1314132323246,-0.785245870149866,               1687P   6492
-0.785245870149866,-0.785245870149866,-0.62677121144529,            1687P   6493
-0.62677121144529,-0.62677121144529,1.,1.,0.996862364985048,        1687P   6494
0.996862364985048,1.,1.,-26.870666881878,-6.91430996327366,7.89,    1687P   6495
-26.8882180041259,-6.89675884102576,8.89550312015898,               1687P   6496
-27.0697807362408,-6.91437061066376,7.88652551334812,               1687P   6497
-27.0873318584887,-6.89681948841586,8.8920286335071,                1687P   6498
-27.2663995246515,-6.94585308473583,7.88364304825933,               1687P   6499
-27.2839506468994,-6.92830196248793,8.88914616841831,               1687P   6500
-1.63431794706532,-1.1314132323246,-0.785245870149866,              1687P   6501
-0.62677121144529;                                                  1687P   6502
128,1,1,1,1,0,0,1,0,0,0.146416293832696,0.146416293832696,          1689P   6503
1.02779144623359,1.02779144623359,-0.335113284128309,               1689P   6504
-0.335113284128309,-0.233098051323918,-0.233098051323918,1.,1.,     1689P   6505
1.,1.,-26.8981219468062,-6.91448448733803,7.88000152304843,         1689P   6506
-18.0843704227972,-6.91448448733803,7.88000152304843,               1689P   6507
-26.8981219468062,-6.89668037428107,8.89999847695156,               1689P   6508
-18.0843704227972,-6.89668037428107,8.89999847695156,               1689P   6509
0.146416293832696,1.02779144623359,-0.335113284128309,              1689P   6510
-0.233098051323918;                                                 1689P   6511
128,1,2,1,2,0,0,0,0,0,-1.56335921715446,-1.56335921715446,          1691P   6512
-1.05407061398957,-1.05407061398957,-0.785245870149868,             1691P   6513
-0.785245870149868,-0.785245870149868,0.785245870149868,            1691P   6514
0.785245870149868,0.785245870149868,1.,1.,0.707214460574178,        1691P   6515
0.707214460574178,1.,1.,-16.1121300974127,-8.91400535358644,        1691P   6516
7.89,-16.0943561806614,-8.8962314368352,8.90826700870706,           1691P   6517
-16.1127389921525,-6.91491885801345,7.85511644371987,               1691P   6518
-16.0949650754012,-6.89714494126221,8.87338345242693,               1691P   6519
-18.1118254877255,-6.91430996327366,7.89,-18.0940515709742,         1691P   6520
-6.89653604652241,8.90826700870706,-1.56335921715446,               1691P   6521
-1.05407061398957,-0.785245870149868,0.785245870149868;             1691P   6522
128,1,2,1,2,0,0,0,0,0,-1.65123077487538,-1.65123077487538,          1693P   6523
-1.14194217171048,-1.14194217171048,-0.785245870149868,             1693P   6524
-0.785245870149868,-0.785245870149868,0.785245870149868,            1693P   6525
0.785245870149868,0.785245870149868,1.,1.,0.707214460574178,        1693P   6526
0.707214460574178,1.,1.,-29.3782849013302,-33.4307693768784,        1693P   6527
7.89,-29.3960588180815,-33.4485432936297,8.90826700870706,          1693P   6528
-29.3776760065904,-35.4298558724514,7.85511644371987,               1693P   6529
-29.3954499233417,-35.4476297892027,8.87338345242693,               1693P   6530
-27.3785895110175,-35.4304647671912,7.89,-27.3963634277687,         1693P   6531
-35.4482386839425,8.90826700870706,-1.65123077487538,               1693P   6532
-1.14194217171048,-0.785245870149868,0.785245870149868;             1693P   6533
128,1,1,1,1,0,0,1,0,0,0.146416293832695,0.146416293832695,          1695P   6534
1.07858370914754,1.07858370914754,-0.335113284128309,               1695P   6535
-0.335113284128309,-0.233098051323918,-0.233098051323918,1.,1.,     1695P   6536
1.,1.,-18.0843704227972,-35.4302902431268,7.88000152304843,         1695P   6537
-27.4060445759457,-35.4302902431268,7.88000152304843,               1695P   6538
-18.0843704227972,-35.4480943561838,8.89999847695156,               1695P   6539
-27.4060445759457,-35.4480943561838,8.89999847695156,               1695P   6540
0.146416293832695,1.07858370914754,-0.335113284128309,              1695P   6541
-0.233098051323918;                                                 1695P   6542
128,1,2,1,2,0,0,0,0,0,-1.62988638582956,-1.62988638582956,          1697P   6543
-1.12059778266467,-1.12059778266467,-0.78524587014987,              1697P   6544
-0.78524587014987,-0.78524587014987,0.785245870149866,              1697P   6545
0.785245870149866,0.785245870149866,1.,1.,0.707214460574178,        1697P   6546
0.707214460574178,1.,1.,-18.1118254877255,-35.4304647671912,        1697P   6547
7.89,-18.0940515709742,-35.4482386839425,8.90826700870706,          1697P   6548
-16.1127389921525,-35.4298558724514,7.85511644371987,               1697P   6549
-16.0949650754012,-35.4476297892027,8.87338345242693,               1697P   6550
-16.1121300974127,-33.4307693768784,7.89,-16.0943561806614,         1697P   6551
-33.4485432936297,8.90826700870706,-1.62988638582956,               1697P   6552
-1.12059778266467,-0.78524587014987,0.785245870149866;              1697P   6553
128,1,1,1,1,0,0,1,0,0,0.146416293832694,0.146416293832694,          1699P   6554
0.695014591764574,0.695014591764574,-0.335113284128308,             1699P   6555
-0.335113284128308,-0.233098051323918,-0.233098051323918,1.,1.,     1699P   6556
1.,1.,-16.1123046214771,-27.9722414624879,7.88000152304844,         1699P   6557
-16.112304621477,-33.4582244418066,7.88000152304844,                1699P   6558
-16.0945005084201,-27.9722414624878,8.89999847695156,               1699P   6559
-16.0945005084201,-33.4582244418066,8.89999847695156,               1699P   6560
0.146416293832694,0.695014591764574,-0.335113284128308,             1699P   6561
-0.233098051323918;                                                 1699P   6562
128,1,2,1,2,0,0,0,0,0,-1.56335921715446,-1.56335921715446,          1701P   6563
-1.05407061398957,-1.05407061398957,-0.785245870149867,             1701P   6564
-0.785245870149867,-0.785245870149867,0.785245870149869,            1701P   6565
0.785245870149869,0.785245870149869,1.,1.,0.707214460574178,        1701P   6566
0.707214460574178,1.,1.,-10.4868254877255,-27.8054647671912,        1701P   6567
7.89,-10.4690515709742,-27.8232386839425,8.90826700870706,          1701P   6568
-8.48773899215247,-27.8048558724514,7.85511644371987,               1701P   6569
-8.46996507540123,-27.8226297892027,8.87338345242693,               1701P   6570
-8.48713009741268,-25.8057693768784,7.89,-8.46935618066143,         1701P   6571
-25.8235432936297,8.90826700870706,-1.56335921715446,               1701P   6572
-1.05407061398957,-0.785245870149867,0.785245870149869;             1701P   6573
128,1,1,1,1,0,0,1,0,0,0.146416293832695,0.146416293832695,          1703P   6574
1.07858370914754,1.07858370914754,-0.335113284128309,               1703P   6575
-0.335113284128309,-0.233098051323918,-0.233098051323918,1.,1.,     1703P   6576
1.,1.,-37.0031103772659,-25.8332244418066,7.88000152304843,         1703P   6577
-37.0031103772659,-16.5115502886582,7.88000152304843,               1703P   6578
-37.0209144903228,-25.8332244418066,8.89999847695156,               1703P   6579
-37.0209144903228,-16.5115502886582,8.89999847695156,               1703P   6580
0.146416293832695,1.07858370914754,-0.335113284128309,              1703P   6581
-0.233098051323918;                                                 1703P   6582
128,1,2,1,2,0,0,0,0,0,-1.62988638582956,-1.62988638582956,          1705P   6583
-1.12059778266467,-1.12059778266467,-0.785245870149868,             1705P   6584
-0.785245870149868,-0.785245870149868,0.785245870149868,            1705P   6585
0.785245870149868,0.785245870149868,1.,1.,0.707214460574178,        1705P   6586
0.707214460574178,1.,1.,-37.0032849013302,-25.8057693768784,        1705P   6587
7.89,-37.0210588180815,-25.8235432936297,8.90826700870706,          1705P   6588
-37.0026760065904,-27.8048558724514,7.85511644371987,               1705P   6589
-37.0204499233417,-27.8226297892027,8.87338345242693,               1705P   6590
-35.0035895110175,-27.8054647671912,7.89,-35.0213634277687,         1705P   6591
-27.8232386839425,8.90826700870706,-1.62988638582956,               1705P   6592
-1.12059778266467,-0.785245870149868,0.785245870149868;             1705P   6593
128,1,1,1,1,0,0,1,0,0,0.146416293832695,0.146416293832695,          1707P   6594
0.695014591764576,0.695014591764576,-0.335113284128308,             1707P   6595
-0.335113284128308,-0.233098051323918,-0.233098051323918,1.,1.,     1707P   6596
1.,1.,-29.5450615966269,-27.8052902431268,7.88000152304844,         1707P   6597
-35.0310445759457,-27.8052902431268,7.88000152304844,               1707P   6598
-29.5450615966269,-27.8230943561838,8.89999847695156,               1707P   6599
-35.0310445759457,-27.8230943561838,8.89999847695156,               1707P   6600
0.146416293832695,0.695014591764576,-0.335113284128308,             1707P   6601
-0.233098051323918;                                                 1707P   6602
128,1,1,1,1,0,0,1,0,0,0.146416293832695,0.146416293832695,          1709P   6603
0.757416904484752,0.757416904484752,-0.335113284128309,             1709P   6604
-0.335113284128309,-0.233098051323918,-0.233098051323918,1.,1.,     1709P   6605
1.,1.,-8.48730462147705,-19.7232183352861,7.88000152304843,         1709P   6606
-8.48730462147705,-25.8332244418066,7.88000152304843,               1709P   6607
-8.46950050842008,-19.7232183352861,8.89999847695156,               1709P   6608
-8.46950050842009,-25.8332244418066,8.89999847695156,               1709P   6609
0.146416293832695,0.757416904484752,-0.335113284128309,             1709P   6610
-0.233098051323918;                                                 1709P   6611
128,1,1,1,1,0,0,1,0,0,0.259455777194492,0.259455777194492,          1711P   6612
0.538500000000001,0.538500000000001,-0.101,-0.101,0.101,0.101,      1711P   6613
1.,1.,1.,1.,-34.6506497423277,-14.0473873503313,8.9,                1711P   6614
-31.8602075142726,-14.0473873503313,8.9,-34.6506497423277,          1711P   6615
-14.0473873503313,6.88,-31.8602075142726,-14.0473873503313,6.88,    1711P   6616
0.259455777194492,0.538500000000001,-0.101,0.101;                   1711P   6617
128,1,1,1,1,0,0,1,0,0,0.298999999999999,0.298999999999999,          1713P   6618
0.457433201884605,0.457433201884605,-0.101,-0.101,                  1713P   6619
0.101000000000144,0.101000000000144,1.,1.,1.,1.,                    1713P   6620
-29.8702075142726,-12.0573873503313,8.9,-29.8702075142726,          1713P   6621
-10.4730553314852,8.9,-29.8702075142726,-12.0573873503313,          1713P   6622
6.87999999999856,-29.8702075142726,-10.4730553314852,               1713P   6623
6.87999999999856,0.298999999999999,0.457433201884605,-0.101,        1713P   6624
0.101000000000144;                                                  1713P   6625
128,1,1,1,1,0,0,1,0,0,0.235978444244512,0.235978444244512,          1715P   6626
1.20100000298023,1.20100000298023,-0.101,-0.101,0.101,0.101,1.,     1715P   6627
1.,1.,1.,-27.2604230718275,-6.42238735033126,8.9,                   1715P   6628
-17.6102074844703,-6.42238735033126,8.9,-27.2604230718275,          1715P   6629
-6.42238735033126,6.88,-17.6102074844703,-6.42238735033126,6.88,    1715P   6630
0.235978444244512,1.20100000298023,-0.101,0.101;                    1715P   6631
128,1,2,1,2,0,0,0,0,0,-0.5,-0.5,0.5,0.5,-0.785398163397448,         1717P   6632
-0.785398163397448,-0.785398163397448,0.78539816339745,             1717P   6633
0.78539816339745,0.78539816339745,1.,1.,0.707106781186547,          1717P   6634
0.707106781186547,1.,1.,-17.6202074844703,-6.42238735033126,        1717P   6635
6.89,-17.6202074844703,-6.42238735033126,8.89,-15.6202074844703,    1717P   6636
-6.42238735033126,6.89,-15.6202074844703,-6.42238735033126,8.89,    1717P   6637
-15.6202074844703,-8.42238735033126,6.89,-15.6202074844703,         1717P   6638
-8.42238735033126,8.89,-0.5,0.5,-0.785398163397448,                 1717P   6639
0.78539816339745;                                                   1717P   6640
128,1,2,1,2,0,0,0,0,0,-0.5,-0.5,0.5,0.5,-0.785398163397448,         1719P   6641
-0.785398163397448,-0.785398163397448,0.785398163397448,            1719P   6642
0.785398163397448,0.785398163397448,1.,1.,0.707106781186548,        1719P   6643
0.707106781186548,1.,1.,-37.4952075142726,-26.2973873801336,        1719P   6644
8.89,-37.4952075142726,-26.2973873801336,6.89,-37.4952075142726,    1719P   6645
-28.2973873801336,8.89,-37.4952075142726,-28.2973873801336,6.89,    1719P   6646
-35.4952075142726,-28.2973873801336,8.89,-35.4952075142726,         1719P   6647
-28.2973873801336,6.89,-0.5,0.5,-0.785398163397448,                 1719P   6648
0.785398163397448;                                                  1719P   6649
128,1,1,1,1,0,0,1,0,0,0.299,0.299,0.663499999999999,                1721P   6650
0.663499999999999,-0.101,-0.101,0.101,0.101,1.,1.,1.,1.,            1721P   6651
-31.8602075142726,-28.2973873801336,8.9,-35.5052075142726,          1721P   6652
-28.2973873801336,8.9,-31.8602075142726,-28.2973873801336,6.88,     1721P   6653
-35.5052075142726,-28.2973873801336,6.88,0.299,                     1721P   6654
0.663499999999999,-0.101,0.101;                                     1721P   6655
128,1,2,1,2,0,0,0,0,0,-0.5,-0.5,0.5,0.5,-0.785398163397446,         1723P   6656
-0.785398163397446,-0.785398163397446,0.785398163397451,            1723P   6657
0.785398163397451,0.785398163397451,1.,1.,0.707106781186548,        1723P   6658
0.707106781186548,1.,1.,-27.8702075142726,-35.9223873801336,        1723P   6659
6.89,-27.8702075142726,-35.9223873801336,8.89,-29.8702075142726,    1723P   6660
-35.9223873801336,6.89,-29.8702075142726,-35.9223873801336,8.89,    1723P   6661
-29.8702075142726,-33.9223873801336,6.89,-29.8702075142726,         1723P   6662
-33.9223873801336,8.89,-0.5,0.5,-0.785398163397446,                 1723P   6663
0.785398163397451;                                                  1723P   6664
128,1,1,1,1,0,0,1,0,0,0.174000000000001,0.174000000000001,          1725P   6665
0.5385,0.5385,-0.101,-0.101,0.101,0.101,1.,1.,1.,1.,                1725P   6666
-29.8702075142726,-33.9323873801336,8.9,-29.8702075142726,          1725P   6667
-30.2873873801336,8.9,-29.8702075142726,-33.9323873801336,6.88,     1725P   6668
-29.8702075142726,-30.2873873801336,6.88,0.174000000000001,         1725P   6669
0.5385,-0.101,0.101;                                                1725P   6670
128,1,2,1,2,0,0,0,0,0,-0.5,-0.5,0.5,0.5,-0.785398163397451,         1727P   6671
-0.785398163397451,-0.785398163397451,0.785398163397446,            1727P   6672
0.785398163397446,0.785398163397446,1.,1.,0.707106781186548,        1727P   6673
0.707106781186548,1.,1.,-17.6202074844703,-35.9223873801336,        1727P   6674
8.89,-17.6202074844703,-35.9223873801336,6.89,-15.6202074844703,    1727P   6675
-35.9223873801336,8.89,-15.6202074844703,-35.9223873801336,6.89,    1727P   6676
-15.6202074844703,-33.9223873801336,8.89,-15.6202074844703,         1727P   6677
-33.9223873801336,6.89,-0.5,0.5,-0.785398163397451,                 1727P   6678
0.785398163397446;                                                  1727P   6679
128,1,1,1,1,0,0,1,0,0,0.299,0.299,0.6635,0.6635,-0.101,-0.101,      1729P   6680
0.101,0.101,1.,1.,1.,1.,-15.6202074844703,-30.2873873801336,8.9,    1729P   6681
-15.6202074844703,-33.9323873801336,8.9,-15.6202074844703,          1729P   6682
-30.2873873801336,6.88,-15.6202074844703,-33.9323873801336,6.88,    1729P   6683
0.299,0.6635,-0.101,0.101;                                          1729P   6684
128,1,2,1,2,0,0,0,0,0,-0.5,-0.5,0.5,0.5,-0.785398163397449,         1731P   6685
-0.785398163397449,-0.785398163397449,0.785398163397449,            1731P   6686
0.785398163397449,0.785398163397449,1.,1.,0.707106781186547,        1731P   6687
0.707106781186547,1.,1.,-7.99520748447029,-26.2973873801336,        1731P   6688
6.89,-7.99520748447029,-26.2973873801336,8.89,-7.99520748447029,    1731P   6689
-28.2973873801336,6.89,-7.99520748447029,-28.2973873801336,8.89,    1731P   6690
-9.9952074844703,-28.2973873801336,6.89,-9.9952074844703,           1731P   6691
-28.2973873801336,8.89,-0.5,0.5,-0.785398163397449,                 1731P   6692
0.785398163397449;                                                  1731P   6693
128,1,1,1,1,0,0,1,0,0,0.174,0.174,0.5385,0.5385,-0.101,-0.101,      1733P   6694
0.101,0.101,1.,1.,1.,1.,-9.98520748447029,-28.2973873801336,8.9,    1733P   6695
-13.6302074844703,-28.2973873801336,8.9,-9.98520748447029,          1733P   6696
-28.2973873801336,6.88,-13.6302074844703,-28.2973873801336,6.88,    1733P   6697
0.174,0.5385,-0.101,0.101;                                          1733P   6698
128,1,1,1,1,0,0,1,0,0,0.0478833217018473,0.0478833217018473,        1735P   6699
0.991418505191761,0.991418505191761,-0.00100000001439648,           1735P   6700
-0.00100000001439648,0.0210274469055836,0.0210274469055836,1.,      1735P   6701
1.,1.,1.,-29.7552248940009,-12.7474162371903,6.88001370465245,      1735P   6702
-23.0834236286627,-19.4192175025284,6.88001370465245,               1735P   6703
-29.7633766154156,-12.755567958605,7.09998629534776,                1735P   6704
-23.0915753500775,-19.4273692239432,7.09998629534776,               1735P   6705
0.0478833217018473,0.991418505191761,-0.00100000001439648,          1735P   6706
0.0210274469055836;                                                 1735P   6707
128,1,1,1,1,0,0,1,0,0,0.174,0.174,0.538500000000001,                1737P   6708
0.538500000000001,-0.101,-0.101,0.101,0.101,1.,1.,1.,1.,            1737P   6709
-15.6202074844703,-8.41238735033126,8.9,-15.6202074844703,          1737P   6710
-12.0573873503313,8.9,-15.6202074844703,-8.41238735033126,6.88,     1737P   6711
-15.6202074844703,-12.0573873503313,6.88,0.174,                     1737P   6712
0.538500000000001,-0.101,0.101;                                     1737P   6713
128,2,8,2,2,0,1,0,0,1,0.,0.,0.,0.643501108793281,                   1739P   6714
0.643501108793281,0.643501108793281,-3.14159265358979,              1739P   6715
-3.14159265358979,-3.14159265358979,-1.5707963267949,               1739P   6716
-1.5707963267949,0.,0.,1.5707963267949,1.5707963267949,             1739P   6717
3.14159265358979,3.14159265358979,3.14159265358979,1.,              1739P   6718
0.94868329805037,1.,0.707106781186548,0.670820393249835,            1739P   6719
0.707106781186548,1.,0.94868329805037,1.,0.707106781186548,         1739P   6720
0.670820393249835,0.707106781186548,1.,0.94868329805037,1.,         1739P   6721
0.707106781186548,0.670820393249835,0.707106781186548,1.,           1739P   6722
0.94868329805037,1.,0.707106781186548,0.670820393249835,            1739P   6723
0.707106781186548,1.,0.94868329805037,1.,-13.7452074993715,         1739P   6724
-17.7723873652324,7.715,-13.7452074993715,-17.7723873652324,        1739P   6725
7.79833333333333,-13.7452074993715,-17.8223873652324,7.865,         1739P   6726
-17.1452074993715,-17.7723873652324,7.715,-17.1452074993715,        1739P   6727
-17.7723873652324,7.79833333333333,-17.0952074993715,               1739P   6728
-17.8223873652324,7.865,-17.1452074993715,-21.1723873652324,        1739P   6729
7.715,-17.1452074993715,-21.1723873652324,7.79833333333333,         1739P   6730
-17.0952074993715,-21.1723873652324,7.865,-17.1452074993715,        1739P   6731
-24.5723873652324,7.715,-17.1452074993715,-24.5723873652324,        1739P   6732
7.79833333333333,-17.0952074993715,-24.5223873652324,7.865,         1739P   6733
-13.7452074993715,-24.5723873652324,7.715,-13.7452074993715,        1739P   6734
-24.5723873652324,7.79833333333333,-13.7452074993715,               1739P   6735
-24.5223873652324,7.865,-10.3452074993715,-24.5723873652324,        1739P   6736
7.715,-10.3452074993715,-24.5723873652324,7.79833333333333,         1739P   6737
-10.3952074993715,-24.5223873652324,7.865,-10.3452074993715,        1739P   6738
-21.1723873652324,7.715,-10.3452074993715,-21.1723873652324,        1739P   6739
7.79833333333333,-10.3952074993715,-21.1723873652324,7.865,         1739P   6740
-10.3452074993715,-17.7723873652324,7.715,-10.3452074993715,        1739P   6741
-17.7723873652324,7.79833333333333,-10.3952074993715,               1739P   6742
-17.8223873652324,7.865,-13.7452074993715,-17.7723873652324,        1739P   6743
7.715,-13.7452074993715,-17.7723873652324,7.79833333333333,         1739P   6744
-13.7452074993715,-17.8223873652324,7.865,0.,0.643501108793281,     1739P   6745
-3.14159265358979,3.14159265358979;                                 1739P   6746
128,1,8,1,2,0,1,0,0,1,-0.203305785123968,-0.203305785123968,        1741P   6747
0.178925619834711,0.178925619834711,-3.14159265358979,              1741P   6748
-3.14159265358979,-3.14159265358979,-1.5707963267949,               1741P   6749
-1.5707963267949,0.,0.,1.5707963267949,1.5707963267949,             1741P   6750
3.14159265358979,3.14159265358979,3.14159265358979,1.,1.,           1741P   6751
0.707106781186548,0.707106781186548,1.,1.,0.707106781186548,        1741P   6752
0.707106781186548,1.,1.,0.707106781186548,0.707106781186548,1.,     1741P   6753
1.,0.707106781186548,0.707106781186548,1.,1.,-10.3952074993715,     1741P   6754
-21.1723873652324,7.865,-11.0889574993715,-21.1723873652324,        1741P   6755
8.79,-10.3952074993715,-17.8223873652324,7.865,                     1741P   6756
-11.0889574993715,-18.5161373652324,8.79,-13.7452074993715,         1741P   6757
-17.8223873652324,7.865,-13.7452074993715,-18.5161373652324,        1741P   6758
8.79,-17.0952074993715,-17.8223873652324,7.865,                     1741P   6759
-16.4014574993715,-18.5161373652324,8.79,-17.0952074993715,         1741P   6760
-21.1723873652324,7.865,-16.4014574993715,-21.1723873652324,        1741P   6761
8.79,-17.0952074993715,-24.5223873652324,7.865,                     1741P   6762
-16.4014574993715,-23.8286373652324,8.79,-13.7452074993715,         1741P   6763
-24.5223873652324,7.865,-13.7452074993715,-23.8286373652324,        1741P   6764
8.79,-10.3952074993715,-24.5223873652324,7.865,                     1741P   6765
-11.0889574993715,-23.8286373652324,8.79,-10.3952074993715,         1741P   6766
-21.1723873652324,7.865,-11.0889574993715,-21.1723873652324,        1741P   6767
8.79,-0.203305785123968,0.178925619834711,-3.14159265358979,        1741P   6768
3.14159265358979;                                                   1741P   6769
128,1,8,1,2,0,1,0,0,1,0.,0.,0.24264705882353,0.24264705882353,      1743P   6770
-3.14159265358979,-3.14159265358979,-3.14159265358979,              1743P   6771
-1.5707963267949,-1.5707963267949,0.,0.,1.5707963267949,            1743P   6772
1.5707963267949,3.14159265358979,3.14159265358979,                  1743P   6773
3.14159265358979,1.,1.,0.707106781186548,0.707106781186548,1.,      1743P   6774
1.,0.707106781186548,0.707106781186548,1.,1.,0.707106781186548,     1743P   6775
0.707106781186548,1.,1.,0.707106781186548,0.707106781186548,1.,     1743P   6776
1.,-13.7452074993715,-24.5723873652324,6.89,-13.7452074993715,      1743P   6777
-24.5723873652324,7.715,-10.3452074993715,-24.5723873652324,        1743P   6778
6.89,-10.3452074993715,-24.5723873652324,7.715,                     1743P   6779
-10.3452074993715,-21.1723873652324,6.89,-10.3452074993715,         1743P   6780
-21.1723873652324,7.715,-10.3452074993715,-17.7723873652324,        1743P   6781
6.89,-10.3452074993715,-17.7723873652324,7.715,                     1743P   6782
-13.7452074993715,-17.7723873652324,6.89,-13.7452074993715,         1743P   6783
-17.7723873652324,7.715,-17.1452074993715,-17.7723873652324,        1743P   6784
6.89,-17.1452074993715,-17.7723873652324,7.715,                     1743P   6785
-17.1452074993715,-21.1723873652324,6.89,-17.1452074993715,         1743P   6786
-21.1723873652324,7.715,-17.1452074993715,-24.5723873652324,        1743P   6787
6.89,-17.1452074993715,-24.5723873652324,7.715,                     1743P   6788
-13.7452074993715,-24.5723873652324,6.89,-13.7452074993715,         1743P   6789
-24.5723873652324,7.715,0.,0.24264705882353,-3.14159265358979,      1743P   6790
3.14159265358979;                                                   1743P   6791
128,2,8,2,2,0,1,0,0,1,0.643501108793286,0.643501108793286,          1745P   6792
0.643501108793286,1.5707963267949,1.5707963267949,                  1745P   6793
1.5707963267949,-3.14159265358979,-3.14159265358979,                1745P   6794
-3.14159265358979,-1.5707963267949,-1.5707963267949,0.,0.,          1745P   6795
1.5707963267949,1.5707963267949,3.14159265358979,                   1745P   6796
3.14159265358979,3.14159265358979,1.,0.894427190999923,1.,          1745P   6797
0.707106781186548,0.632455532033681,0.707106781186548,1.,           1745P   6798
0.894427190999923,1.,0.707106781186548,0.632455532033681,           1745P   6799
0.707106781186548,1.,0.894427190999923,1.,0.707106781186548,        1745P   6800
0.632455532033681,0.707106781186548,1.,0.894427190999923,1.,        1745P   6801
0.707106781186548,0.632455532033681,0.707106781186548,1.,           1745P   6802
0.894427190999923,1.,-13.7452074993715,-18.5161373652324,8.79,      1745P   6803
-13.7452074993715,-18.5911373652324,8.89,-13.7452074993715,         1745P   6804
-18.7161373652324,8.89,-16.4014574993715,-18.5161373652324,8.79,    1745P   6805
-16.3264574993715,-18.5911373652324,8.89,-16.2014574993715,         1745P   6806
-18.7161373652324,8.89,-16.4014574993715,-21.1723873652324,8.79,    1745P   6807
-16.3264574993715,-21.1723873652324,8.89,-16.2014574993715,         1745P   6808
-21.1723873652324,8.89,-16.4014574993715,-23.8286373652324,8.79,    1745P   6809
-16.3264574993715,-23.7536373652324,8.89,-16.2014574993715,         1745P   6810
-23.6286373652324,8.89,-13.7452074993715,-23.8286373652324,8.79,    1745P   6811
-13.7452074993715,-23.7536373652324,8.89,-13.7452074993715,         1745P   6812
-23.6286373652324,8.89,-11.0889574993715,-23.8286373652324,8.79,    1745P   6813
-11.1639574993715,-23.7536373652324,8.89,-11.2889574993715,         1745P   6814
-23.6286373652324,8.89,-11.0889574993715,-21.1723873652324,8.79,    1745P   6815
-11.1639574993715,-21.1723873652324,8.89,-11.2889574993715,         1745P   6816
-21.1723873652324,8.89,-11.0889574993715,-18.5161373652324,8.79,    1745P   6817
-11.1639574993715,-18.5911373652324,8.89,-11.2889574993715,         1745P   6818
-18.7161373652324,8.89,-13.7452074993715,-18.5161373652324,8.79,    1745P   6819
-13.7452074993715,-18.5911373652324,8.89,-13.7452074993715,         1745P   6820
-18.7161373652324,8.89,0.643501108793286,1.5707963267949,           1745P   6821
-3.14159265358979,3.14159265358979;                                 1745P   6822
128,1,1,1,1,0,0,1,0,0,3.00298980161977,3.00298980161977,            1747P   6823
3.49623980161977,3.49623980161977,-0.00204384515096267,             1747P   6824
-0.00204384515096267,0.491206154849037,0.491206154849037,1.,1.,     1747P   6825
1.,1.,-11.2789574993715,-18.7061373652324,8.89,                     1747P   6826
-11.2789574993715,-23.6386373652324,8.89,-16.2114574993715,         1747P   6827
-18.7061373652324,8.89,-16.2114574993715,-23.6386373652324,8.89,    1747P   6828
3.00298980161977,3.49623980161977,-0.00204384515096267,             1747P   6829
0.491206154849037;                                                  1747P   6830
128,1,2,1,2,0,0,0,0,0,0.0549999999999959,0.0549999999999959,0.2,    1749P   6831
0.2,-1.7588180880248,-1.7588180880248,-1.7588180880248,             1749P   6832
-1.38277456556501,-1.38277456556501,-1.38277456556501,1.,1.,        1749P   6833
0.982375921360592,0.982375921360592,1.,1.,-19.0009186786506,        1749P   6834
-22.1723873652325,7.61500000000002,-19.0009186786506,               1749P   6835
-22.1723873652325,6.89,-19.1911878859736,-21.1723873652324,         1749P   6836
7.61500000000002,-19.1911878859736,-21.1723873652324,6.89,          1749P   6837
-19.0009186786506,-20.1723873652325,7.61500000000002,               1749P   6838
-19.0009186786506,-20.1723873652325,6.89,0.0549999999999959,0.2,    1749P   6839
-1.7588180880248,-1.38277456556501;                                 1749P   6840
128,1,1,1,1,0,0,1,0,0,0.136499999999998,0.136499999999998,0.211,    1751P   6841
0.211,0.373428882072081,0.373428882072081,0.576038463814559,        1751P   6842
0.576038463814559,1.,1.,1.,1.,-19.0109186786506,                    1751P   6843
-20.1723873652325,7.62500000000002,-19.0109186786506,               1751P   6844
-20.1723873652325,6.88,-16.9848228612259,-20.1723873652325,         1751P   6845
7.62500000000002,-16.9848228612259,-20.1723873652325,6.88,          1751P   6846
0.136499999999998,0.211,0.373428882072081,0.576038463814559;        1751P   6847
128,1,1,1,1,0,0,1,0,0,-0.011,-0.011,0.0635000000000019,             1753P   6848
0.0635000000000019,0.373428882072082,0.373428882072082,             1753P   6849
0.576038463814562,0.576038463814562,1.,1.,1.,1.,                    1753P   6850
-19.0109186786506,-22.1723873652325,6.88,-19.0109186786506,         1753P   6851
-22.1723873652325,7.62500000000002,-16.9848228612258,               1753P   6852
-22.1723873652325,6.88,-16.9848228612258,-22.1723873652325,         1753P   6853
7.62500000000002,-0.011,0.0635000000000019,0.373428882072082,       1753P   6854
0.576038463814562;                                                  1753P   6855
128,1,1,1,1,0,0,1,0,0,-0.00100000000000044,-0.00100000000000044,    1755P   6856
0.201000000000001,0.201000000000001,0.354401961339783,              1755P   6857
0.354401961339783,0.576038463814562,0.576038463814562,1.,1.,1.,     1755P   6858
1.,-19.2011878859736,-22.1823873652325,7.61500000000002,            1755P   6859
-19.2011878859736,-20.1623873652325,7.61500000000002,               1755P   6860
-16.9848228612258,-22.1823873652325,7.61500000000002,               1755P   6861
-16.9848228612258,-20.1623873652325,7.61500000000002,               1755P   6862
-0.00100000000000044,0.201000000000001,0.354401961339783,           1755P   6863
0.576038463814562;                                                  1755P   6864
128,2,8,2,2,0,1,0,0,1,0.,0.,0.,1.5707963267949,1.5707963267949,     1757P   6865
1.5707963267949,-3.14159265358979,-3.14159265358979,                1757P   6866
-3.14159265358979,-1.5707963267949,-1.5707963267949,0.,0.,          1757P   6867
1.5707963267949,1.5707963267949,3.14159265358979,                   1757P   6868
3.14159265358979,3.14159265358979,1.,0.707106781186554,1.,          1757P   6869
0.707106781186548,0.500000000000005,0.707106781186548,1.,           1757P   6870
0.707106781186554,1.,0.707106781186548,0.500000000000005,           1757P   6871
0.707106781186548,1.,0.707106781186554,1.,0.707106781186548,        1757P   6872
0.500000000000005,0.707106781186548,1.,0.707106781186554,1.,        1757P   6873
0.707106781186548,0.500000000000005,0.707106781186548,1.,           1757P   6874
0.707106781186554,1.,-13.7452074993715,-18.7723873652324,           1757P   6875
11.2400000143051,-13.7452074993715,-18.5223873652324,               1757P   6876
11.2400000143051,-13.7452074993715,-18.5223873652324,               1757P   6877
10.9900000143051,-16.1452074993715,-18.7723873652324,               1757P   6878
11.2400000143051,-16.3952074993715,-18.5223873652324,               1757P   6879
11.2400000143051,-16.3952074993715,-18.5223873652324,               1757P   6880
10.9900000143051,-16.1452074993715,-21.1723873652324,               1757P   6881
11.2400000143051,-16.3952074993715,-21.1723873652324,               1757P   6882
11.2400000143051,-16.3952074993715,-21.1723873652324,               1757P   6883
10.9900000143051,-16.1452074993715,-23.5723873652324,               1757P   6884
11.2400000143051,-16.3952074993715,-23.8223873652324,               1757P   6885
11.2400000143051,-16.3952074993715,-23.8223873652324,               1757P   6886
10.9900000143051,-13.7452074993715,-23.5723873652324,               1757P   6887
11.2400000143051,-13.7452074993715,-23.8223873652324,               1757P   6888
11.2400000143051,-13.7452074993715,-23.8223873652324,               1757P   6889
10.9900000143051,-11.3452074993715,-23.5723873652324,               1757P   6890
11.2400000143051,-11.0952074993715,-23.8223873652324,               1757P   6891
11.2400000143051,-11.0952074993715,-23.8223873652324,               1757P   6892
10.9900000143051,-11.3452074993715,-21.1723873652324,               1757P   6893
11.2400000143051,-11.0952074993715,-21.1723873652324,               1757P   6894
11.2400000143051,-11.0952074993715,-21.1723873652324,               1757P   6895
10.9900000143051,-11.3452074993715,-18.7723873652324,               1757P   6896
11.2400000143051,-11.0952074993715,-18.5223873652324,               1757P   6897
11.2400000143051,-11.0952074993715,-18.5223873652324,               1757P   6898
10.9900000143051,-13.7452074993715,-18.7723873652324,               1757P   6899
11.2400000143051,-13.7452074993715,-18.5223873652324,               1757P   6900
11.2400000143051,-13.7452074993715,-18.5223873652324,               1757P   6901
10.9900000143051,0.,1.5707963267949,-3.14159265358979,              1757P   6902
3.14159265358979;                                                   1757P   6903
128,1,1,1,1,0,0,1,0,0,3.00861480161977,3.00861480161977,            1759P   6904
3.49061480161977,3.49061480161977,0.00358115484903732,              1759P   6905
0.00358115484903732,0.485581154849037,0.485581154849037,1.,1.,      1759P   6906
1.,1.,-11.3352074993715,-23.5823873652324,11.2400000143051,         1759P   6907
-11.3352074993715,-18.7623873652324,11.2400000143051,               1759P   6908
-16.1552074993715,-23.5823873652324,11.2400000143051,               1759P   6909
-16.1552074993715,-18.7623873652324,11.2400000143051,               1759P   6910
3.00861480161977,3.49061480161977,0.00358115484903732,              1759P   6911
0.485581154849037;                                                  1759P   6912
128,2,8,2,2,0,1,0,0,1,0.,0.,0.,0.643501108793281,                   1761P   6913
0.643501108793281,0.643501108793281,-3.14159265358979,              1761P   6914
-3.14159265358979,-3.14159265358979,-1.5707963267949,               1761P   6915
-1.5707963267949,0.,0.,1.5707963267949,1.5707963267949,             1761P   6916
3.14159265358979,3.14159265358979,3.14159265358979,1.,              1761P   6917
0.948683298050674,1.,0.707106781186548,0.67082039325005,            1761P   6918
0.707106781186548,1.,0.948683298050674,1.,0.707106781186548,        1761P   6919
0.67082039325005,0.707106781186548,1.,0.948683298050674,1.,         1761P   6920
0.707106781186548,0.67082039325005,0.707106781186548,1.,            1761P   6921
0.948683298050674,1.,0.707106781186548,0.67082039325005,            1761P   6922
0.707106781186548,1.,0.948683298050674,1.,-26.1452074993714,        1761P   6923
-12.1723873652324,7.715,-26.1452074993714,-12.1723873652324,        1761P   6924
7.79833333333333,-26.0952074993714,-12.1723873652324,7.865,         1761P   6925
-26.1452074993714,-15.5723873652324,7.715,-26.1452074993714,        1761P   6926
-15.5723873652324,7.79833333333333,-26.0952074993714,               1761P   6927
-15.5223873652324,7.865,-22.7452074993714,-15.5723873652324,        1761P   6928
7.715,-22.7452074993714,-15.5723873652324,7.79833333333333,         1761P   6929
-22.7452074993714,-15.5223873652324,7.865,-19.3452074993714,        1761P   6930
-15.5723873652324,7.715,-19.3452074993714,-15.5723873652324,        1761P   6931
7.79833333333333,-19.3952074993714,-15.5223873652324,7.865,         1761P   6932
-19.3452074993714,-12.1723873652324,7.715,-19.3452074993714,        1761P   6933
-12.1723873652324,7.79833333333333,-19.3952074993714,               1761P   6934
-12.1723873652324,7.865,-19.3452074993714,-8.77238736523244,        1761P   6935
7.715,-19.3452074993714,-8.77238736523244,7.79833333333333,         1761P   6936
-19.3952074993714,-8.82238736523244,7.865,-22.7452074993714,        1761P   6937
-8.77238736523244,7.715,-22.7452074993714,-8.77238736523244,        1761P   6938
7.79833333333333,-22.7452074993714,-8.82238736523244,7.865,         1761P   6939
-26.1452074993714,-8.77238736523244,7.715,-26.1452074993714,        1761P   6940
-8.77238736523244,7.79833333333333,-26.0952074993714,               1761P   6941
-8.82238736523244,7.865,-26.1452074993714,-12.1723873652324,        1761P   6942
7.715,-26.1452074993714,-12.1723873652324,7.79833333333333,         1761P   6943
-26.0952074993714,-12.1723873652324,7.865,0.,0.643501108793281,     1761P   6944
-3.14159265358979,3.14159265358979;                                 1761P   6945
128,1,8,1,2,0,1,0,0,1,-0.203305785123968,-0.203305785123968,        1763P   6946
0.178925619834711,0.178925619834711,-3.14159265358979,              1763P   6947
-3.14159265358979,-3.14159265358979,-1.5707963267949,               1763P   6948
-1.5707963267949,0.,0.,1.5707963267949,1.5707963267949,             1763P   6949
3.14159265358979,3.14159265358979,3.14159265358979,1.,1.,           1763P   6950
0.707106781186548,0.707106781186548,1.,1.,0.707106781186548,        1763P   6951
0.707106781186548,1.,1.,0.707106781186548,0.707106781186548,1.,     1763P   6952
1.,0.707106781186548,0.707106781186548,1.,1.,-22.7452074993714,     1763P   6953
-8.82238736523244,7.865,-22.7452074993714,-9.51613736523244,        1763P   6954
8.79,-26.0952074993714,-8.82238736523244,7.865,                     1763P   6955
-25.4014574993714,-9.51613736523244,8.79,-26.0952074993715,         1763P   6956
-12.1723873652324,7.865,-25.4014574993714,-12.1723873652324,        1763P   6957
8.79,-26.0952074993714,-15.5223873652324,7.865,                     1763P   6958
-25.4014574993714,-14.8286373652324,8.79,-22.7452074993714,         1763P   6959
-15.5223873652324,7.865,-22.7452074993714,-14.8286373652324,        1763P   6960
8.79,-19.3952074993714,-15.5223873652324,7.865,                     1763P   6961
-20.0889574993714,-14.8286373652324,8.79,-19.3952074993714,         1763P   6962
-12.1723873652324,7.865,-20.0889574993714,-12.1723873652324,        1763P   6963
8.79,-19.3952074993714,-8.82238736523244,7.865,                     1763P   6964
-20.0889574993714,-9.51613736523244,8.79,-22.7452074993714,         1763P   6965
-8.82238736523244,7.865,-22.7452074993714,-9.51613736523244,        1763P   6966
8.79,-0.203305785123968,0.178925619834711,-3.14159265358979,        1763P   6967
3.14159265358979;                                                   1763P   6968
128,1,8,1,2,0,1,0,0,1,0.,0.,0.24264705882353,0.24264705882353,      1765P   6969
-3.14159265358979,-3.14159265358979,-3.14159265358979,              1765P   6970
-1.5707963267949,-1.5707963267949,0.,0.,1.5707963267949,            1765P   6971
1.5707963267949,3.14159265358979,3.14159265358979,                  1765P   6972
3.14159265358979,1.,1.,0.707106781186548,0.707106781186548,1.,      1765P   6973
1.,0.707106781186548,0.707106781186548,1.,1.,0.707106781186548,     1765P   6974
0.707106781186548,1.,1.,0.707106781186548,0.707106781186548,1.,     1765P   6975
1.,-19.3452074993714,-12.1723873652324,6.89,-19.3452074993714,      1765P   6976
-12.1723873652324,7.715,-19.3452074993714,-8.77238736523244,        1765P   6977
6.89,-19.3452074993714,-8.77238736523244,7.715,                     1765P   6978
-22.7452074993714,-8.77238736523244,6.89,-22.7452074993714,         1765P   6979
-8.77238736523244,7.715,-26.1452074993714,-8.77238736523244,        1765P   6980
6.89,-26.1452074993714,-8.77238736523244,7.715,                     1765P   6981
-26.1452074993714,-12.1723873652324,6.89,-26.1452074993714,         1765P   6982
-12.1723873652324,7.715,-26.1452074993714,-15.5723873652324,        1765P   6983
6.89,-26.1452074993714,-15.5723873652324,7.715,                     1765P   6984
-22.7452074993714,-15.5723873652324,6.89,-22.7452074993714,         1765P   6985
-15.5723873652324,7.715,-19.3452074993714,-15.5723873652324,        1765P   6986
6.89,-19.3452074993714,-15.5723873652324,7.715,                     1765P   6987
-19.3452074993714,-12.1723873652324,6.89,-19.3452074993714,         1765P   6988
-12.1723873652324,7.715,0.,0.24264705882353,-3.14159265358979,      1765P   6989
3.14159265358979;                                                   1765P   6990
128,2,8,2,2,0,1,0,0,1,0.643501108793286,0.643501108793286,          1767P   6991
0.643501108793286,1.5707963267949,1.5707963267949,                  1767P   6992
1.5707963267949,-3.14159265358979,-3.14159265358979,                1767P   6993
-3.14159265358979,-1.5707963267949,-1.5707963267949,0.,0.,          1767P   6994
1.5707963267949,1.5707963267949,3.14159265358979,                   1767P   6995
3.14159265358979,3.14159265358979,1.,0.894427190999923,1.,          1767P   6996
0.707106781186548,0.632455532033681,0.707106781186548,1.,           1767P   6997
0.894427190999923,1.,0.707106781186548,0.632455532033681,           1767P   6998
0.707106781186548,1.,0.894427190999923,1.,0.707106781186548,        1767P   6999
0.632455532033681,0.707106781186548,1.,0.894427190999923,1.,        1767P   7000
0.707106781186548,0.632455532033681,0.707106781186548,1.,           1767P   7001
0.894427190999923,1.,-25.4014574993714,-12.1723873652324,8.79,      1767P   7002
-25.3264574993714,-12.1723873652324,8.89,-25.2014574993714,         1767P   7003
-12.1723873652324,8.89,-25.4014574993714,-14.8286373652324,8.79,    1767P   7004
-25.3264574993714,-14.7536373652324,8.89,-25.2014574993714,         1767P   7005
-14.6286373652324,8.89,-22.7452074993714,-14.8286373652324,8.79,    1767P   7006
-22.7452074993714,-14.7536373652324,8.89,-22.7452074993714,         1767P   7007
-14.6286373652324,8.89,-20.0889574993714,-14.8286373652324,8.79,    1767P   7008
-20.1639574993714,-14.7536373652324,8.89,-20.2889574993714,         1767P   7009
-14.6286373652324,8.89,-20.0889574993714,-12.1723873652324,8.79,    1767P   7010
-20.1639574993714,-12.1723873652324,8.89,-20.2889574993714,         1767P   7011
-12.1723873652324,8.89,-20.0889574993714,-9.51613736523244,8.79,    1767P   7012
-20.1639574993714,-9.59113736523244,8.89,-20.2889574993714,         1767P   7013
-9.71613736523244,8.89,-22.7452074993714,-9.51613736523244,8.79,    1767P   7014
-22.7452074993714,-9.59113736523244,8.89,-22.7452074993714,         1767P   7015
-9.71613736523244,8.89,-25.4014574993714,-9.51613736523244,8.79,    1767P   7016
-25.3264574993714,-9.59113736523244,8.89,-25.2014574993714,         1767P   7017
-9.71613736523244,8.89,-25.4014574993714,-12.1723873652324,8.79,    1767P   7018
-25.3264574993714,-12.1723873652324,8.89,-25.2014574993714,         1767P   7019
-12.1723873652324,8.89,0.643501108793286,1.5707963267949,           1767P   7020
-3.14159265358979,3.14159265358979;                                 1767P   7021
128,1,1,1,1,0,0,1,0,0,3.00298980161977,3.00298980161977,            1769P   7022
3.49623980161977,3.49623980161977,-0.00204384515096245,             1769P   7023
-0.00204384515096245,0.491206154849038,0.491206154849038,1.,1.,     1769P   7024
1.,1.,-25.2114574993714,-9.70613736523244,8.89,                     1769P   7025
-20.2789574993714,-9.70613736523244,8.89,-25.2114574993714,         1769P   7026
-14.6386373652324,8.89,-20.2789574993714,-14.6386373652324,8.89,    1769P   7027
3.00298980161977,3.49623980161977,-0.00204384515096245,             1769P   7028
0.491206154849038;                                                  1769P   7029
128,1,2,1,2,0,0,0,0,0,0.0549999999999959,0.0549999999999959,0.2,    1771P   7030
0.2,-1.7588180880248,-1.7588180880248,-1.7588180880248,             1771P   7031
-1.38277456556501,-1.38277456556501,-1.38277456556501,1.,1.,        1771P   7032
0.982375921360592,0.982375921360592,1.,1.,-21.7452074993714,        1771P   7033
-17.4280985445116,7.61500000000002,-21.7452074993714,               1771P   7034
-17.4280985445116,6.89,-22.7452074993715,-17.6183677518346,         1771P   7035
7.61500000000002,-22.7452074993715,-17.6183677518346,6.89,          1771P   7036
-23.7452074993714,-17.4280985445116,7.61500000000002,               1771P   7037
-23.7452074993714,-17.4280985445116,6.89,0.0549999999999959,0.2,    1771P   7038
-1.7588180880248,-1.38277456556501;                                 1771P   7039
128,1,1,1,1,0,0,1,0,0,0.136499999999998,0.136499999999998,0.211,    1773P   7040
0.211,0.37342888207208,0.37342888207208,0.576038463814559,          1773P   7041
0.576038463814559,1.,1.,1.,1.,-23.7452074993714,                    1773P   7042
-17.4380985445116,7.62500000000002,-23.7452074993714,               1773P   7043
-17.4380985445116,6.88,-23.7452074993714,-15.4120027270868,         1773P   7044
7.62500000000002,-23.7452074993714,-15.4120027270868,6.88,          1773P   7045
0.136499999999998,0.211,0.37342888207208,0.576038463814559;         1773P   7046
128,1,1,1,1,0,0,1,0,0,-0.011,-0.011,0.0635000000000019,             1775P   7047
0.0635000000000019,0.373428882072082,0.373428882072082,             1775P   7048
0.576038463814562,0.576038463814562,1.,1.,1.,1.,                    1775P   7049
-21.7452074993714,-17.4380985445116,6.88,-21.7452074993714,         1775P   7050
-17.4380985445116,7.62500000000002,-21.7452074993714,               1775P   7051
-15.4120027270868,6.88,-21.7452074993714,-15.4120027270868,         1775P   7052
7.62500000000002,-0.011,0.0635000000000019,0.373428882072082,       1775P   7053
0.576038463814562;                                                  1775P   7054
128,1,1,1,1,0,0,1,0,0,-0.00100000000000026,-0.00100000000000026,    1777P   7055
0.201000000000001,0.201000000000001,0.354401961339783,              1777P   7056
0.354401961339783,0.576038463814562,0.576038463814562,1.,1.,1.,     1777P   7057
1.,-21.7352074993714,-17.6283677518346,7.61500000000002,            1777P   7058
-23.7552074993714,-17.6283677518346,7.61500000000002,               1777P   7059
-21.7352074993714,-15.4120027270868,7.61500000000002,               1777P   7060
-23.7552074993714,-15.4120027270868,7.61500000000002,               1777P   7061
-0.00100000000000026,0.201000000000001,0.354401961339783,           1777P   7062
0.576038463814562;                                                  1777P   7063
128,2,8,2,2,0,1,0,0,1,0.,0.,0.,1.5707963267949,1.5707963267949,     1779P   7064
1.5707963267949,-3.14159265358979,-3.14159265358979,                1779P   7065
-3.14159265358979,-1.5707963267949,-1.5707963267949,0.,0.,          1779P   7066
1.5707963267949,1.5707963267949,3.14159265358979,                   1779P   7067
3.14159265358979,3.14159265358979,1.,0.707106781186543,1.,          1779P   7068
0.707106781186548,0.499999999999997,0.707106781186548,1.,           1779P   7069
0.707106781186543,1.,0.707106781186548,0.499999999999997,           1779P   7070
0.707106781186548,1.,0.707106781186543,1.,0.707106781186548,        1779P   7071
0.499999999999997,0.707106781186548,1.,0.707106781186543,1.,        1779P   7072
0.707106781186548,0.499999999999997,0.707106781186548,1.,           1779P   7073
0.707106781186543,1.,-25.1452074993714,-12.1723873652324,           1779P   7074
11.2400000143051,-25.3952074993714,-12.1723873652324,               1779P   7075
11.2400000143051,-25.3952074993714,-12.1723873652324,               1779P   7076
10.9900000143051,-25.1452074993714,-14.5723873652324,               1779P   7077
11.2400000143051,-25.3952074993714,-14.8223873652324,               1779P   7078
11.2400000143051,-25.3952074993714,-14.8223873652324,               1779P   7079
10.9900000143051,-22.7452074993714,-14.5723873652324,               1779P   7080
11.2400000143051,-22.7452074993714,-14.8223873652324,               1779P   7081
11.2400000143051,-22.7452074993714,-14.8223873652324,               1779P   7082
10.9900000143051,-20.3452074993714,-14.5723873652324,               1779P   7083
11.2400000143051,-20.0952074993714,-14.8223873652324,               1779P   7084
11.2400000143051,-20.0952074993714,-14.8223873652324,               1779P   7085
10.9900000143051,-20.3452074993714,-12.1723873652324,               1779P   7086
11.2400000143051,-20.0952074993714,-12.1723873652324,               1779P   7087
11.2400000143051,-20.0952074993714,-12.1723873652324,               1779P   7088
10.9900000143051,-20.3452074993714,-9.77238736523244,               1779P   7089
11.2400000143051,-20.0952074993714,-9.52238736523244,               1779P   7090
11.2400000143051,-20.0952074993714,-9.52238736523244,               1779P   7091
10.9900000143051,-22.7452074993714,-9.77238736523244,               1779P   7092
11.2400000143051,-22.7452074993714,-9.52238736523244,               1779P   7093
11.2400000143051,-22.7452074993714,-9.52238736523244,               1779P   7094
10.9900000143051,-25.1452074993714,-9.77238736523244,               1779P   7095
11.2400000143051,-25.3952074993714,-9.52238736523244,               1779P   7096
11.2400000143051,-25.3952074993714,-9.52238736523244,               1779P   7097
10.9900000143051,-25.1452074993714,-12.1723873652324,               1779P   7098
11.2400000143051,-25.3952074993714,-12.1723873652324,               1779P   7099
11.2400000143051,-25.3952074993714,-12.1723873652324,               1779P   7100
10.9900000143051,0.,1.5707963267949,-3.14159265358979,              1779P   7101
3.14159265358979;                                                   1779P   7102
128,1,1,1,1,0,0,1,0,0,3.00861480161977,3.00861480161977,            1781P   7103
3.49061480161977,3.49061480161977,0.00358115484903754,              1781P   7104
0.00358115484903754,0.485581154849038,0.485581154849038,1.,1.,      1781P   7105
1.,1.,-20.3352074993714,-9.76238736523244,11.2400000143051,         1781P   7106
-25.1552074993714,-9.76238736523243,11.2400000143051,               1781P   7107
-20.3352074993714,-14.5823873652324,11.2400000143051,               1781P   7108
-25.1552074993714,-14.5823873652324,11.2400000143051,               1781P   7109
3.00861480161977,3.49061480161977,0.00358115484903754,              1781P   7110
0.485581154849038;                                                  1781P   7111
128,1,1,1,1,0,0,1,0,0,0.174,0.174,1.20100000298023,                 1783P   7112
1.20100000298023,-0.101,-0.101,0.101,0.101,1.,1.,1.,1.,             1783P   7113
-37.4952075142726,-26.3073873801336,8.9,-37.4952075142726,          1783P   7114
-16.0373873503313,8.9,-37.4952075142726,-26.3073873801336,6.88,     1783P   7115
-37.4952075142726,-16.0373873503313,6.88,0.174,1.20100000298023,    1783P   7116
-0.101,0.101;                                                       1783P   7117
128,2,8,2,2,0,1,0,0,1,0.,0.,0.,0.643501108793282,                   1785P   7118
0.643501108793282,0.643501108793282,-3.14159265358979,              1785P   7119
-3.14159265358979,-3.14159265358979,-1.5707963267949,               1785P   7120
-1.5707963267949,0.,0.,1.5707963267949,1.5707963267949,             1785P   7121
3.14159265358979,3.14159265358979,3.14159265358979,1.,              1785P   7122
0.948683298050724,1.,0.707106781186548,0.670820393250086,           1785P   7123
0.707106781186548,1.,0.948683298050724,1.,0.707106781186548,        1785P   7124
0.670820393250086,0.707106781186548,1.,0.948683298050724,1.,        1785P   7125
0.707106781186548,0.670820393250086,0.707106781186548,1.,           1785P   7126
0.948683298050724,1.,0.707106781186548,0.670820393250086,           1785P   7127
0.707106781186548,1.,0.948683298050724,1.,-31.7452074993714,        1785P   7128
-24.5723873652324,7.715,-31.7452074993714,-24.5723873652324,        1785P   7129
7.79833333333333,-31.7452074993714,-24.5223873652324,7.865,         1785P   7130
-28.3452074993714,-24.5723873652324,7.715,-28.3452074993714,        1785P   7131
-24.5723873652324,7.79833333333333,-28.3952074993714,               1785P   7132
-24.5223873652324,7.865,-28.3452074993714,-21.1723873652324,        1785P   7133
7.715,-28.3452074993714,-21.1723873652324,7.79833333333333,         1785P   7134
-28.3952074993714,-21.1723873652324,7.865,-28.3452074993714,        1785P   7135
-17.7723873652324,7.715,-28.3452074993714,-17.7723873652324,        1785P   7136
7.79833333333333,-28.3952074993714,-17.8223873652324,7.865,         1785P   7137
-31.7452074993714,-17.7723873652324,7.715,-31.7452074993714,        1785P   7138
-17.7723873652324,7.79833333333333,-31.7452074993714,               1785P   7139
-17.8223873652324,7.865,-35.1452074993714,-17.7723873652324,        1785P   7140
7.715,-35.1452074993714,-17.7723873652324,7.79833333333333,         1785P   7141
-35.0952074993714,-17.8223873652324,7.865,-35.1452074993714,        1785P   7142
-21.1723873652324,7.715,-35.1452074993714,-21.1723873652324,        1785P   7143
7.79833333333333,-35.0952074993714,-21.1723873652324,7.865,         1785P   7144
-35.1452074993714,-24.5723873652324,7.715,-35.1452074993714,        1785P   7145
-24.5723873652324,7.79833333333333,-35.0952074993714,               1785P   7146
-24.5223873652324,7.865,-31.7452074993714,-24.5723873652324,        1785P   7147
7.715,-31.7452074993714,-24.5723873652324,7.79833333333333,         1785P   7148
-31.7452074993714,-24.5223873652324,7.865,0.,0.643501108793282,     1785P   7149
-3.14159265358979,3.14159265358979;                                 1785P   7150
128,1,8,1,2,0,1,0,0,1,-0.203305785123968,-0.203305785123968,        1787P   7151
0.178925619834711,0.178925619834711,-3.14159265358979,              1787P   7152
-3.14159265358979,-3.14159265358979,-1.5707963267949,               1787P   7153
-1.5707963267949,0.,0.,1.5707963267949,1.5707963267949,             1787P   7154
3.14159265358979,3.14159265358979,3.14159265358979,1.,1.,           1787P   7155
0.707106781186548,0.707106781186548,1.,1.,0.707106781186548,        1787P   7156
0.707106781186548,1.,1.,0.707106781186548,0.707106781186548,1.,     1787P   7157
1.,0.707106781186548,0.707106781186548,1.,1.,-35.0952074993714,     1787P   7158
-21.1723873652324,7.865,-34.4014574993714,-21.1723873652324,        1787P   7159
8.79,-35.0952074993714,-24.5223873652324,7.865,                     1787P   7160
-34.4014574993714,-23.8286373652324,8.79,-31.7452074993714,         1787P   7161
-24.5223873652324,7.865,-31.7452074993714,-23.8286373652324,        1787P   7162
8.79,-28.3952074993714,-24.5223873652324,7.865,                     1787P   7163
-29.0889574993714,-23.8286373652324,8.79,-28.3952074993714,         1787P   7164
-21.1723873652324,7.865,-29.0889574993714,-21.1723873652324,        1787P   7165
8.79,-28.3952074993714,-17.8223873652324,7.865,                     1787P   7166
-29.0889574993714,-18.5161373652324,8.79,-31.7452074993714,         1787P   7167
-17.8223873652324,7.865,-31.7452074993714,-18.5161373652324,        1787P   7168
8.79,-35.0952074993714,-17.8223873652324,7.865,                     1787P   7169
-34.4014574993714,-18.5161373652324,8.79,-35.0952074993714,         1787P   7170
-21.1723873652324,7.865,-34.4014574993714,-21.1723873652324,        1787P   7171
8.79,-0.203305785123968,0.178925619834711,-3.14159265358979,        1787P   7172
3.14159265358979;                                                   1787P   7173
128,1,8,1,2,0,1,0,0,1,0.,0.,0.24264705882353,0.24264705882353,      1789P   7174
-3.14159265358979,-3.14159265358979,-3.14159265358979,              1789P   7175
-1.5707963267949,-1.5707963267949,0.,0.,1.5707963267949,            1789P   7176
1.5707963267949,3.14159265358979,3.14159265358979,                  1789P   7177
3.14159265358979,1.,1.,0.707106781186548,0.707106781186548,1.,      1789P   7178
1.,0.707106781186548,0.707106781186548,1.,1.,0.707106781186548,     1789P   7179
0.707106781186548,1.,1.,0.707106781186548,0.707106781186548,1.,     1789P   7180
1.,-31.7452074993714,-17.7723873652324,6.89,-31.7452074993714,      1789P   7181
-17.7723873652324,7.715,-35.1452074993714,-17.7723873652324,        1789P   7182
6.89,-35.1452074993714,-17.7723873652324,7.715,                     1789P   7183
-35.1452074993714,-21.1723873652324,6.89,-35.1452074993714,         1789P   7184
-21.1723873652324,7.715,-35.1452074993714,-24.5723873652324,        1789P   7185
6.89,-35.1452074993714,-24.5723873652324,7.715,                     1789P   7186
-31.7452074993714,-24.5723873652324,6.89,-31.7452074993714,         1789P   7187
-24.5723873652324,7.715,-28.3452074993714,-24.5723873652324,        1789P   7188
6.89,-28.3452074993714,-24.5723873652324,7.715,                     1789P   7189
-28.3452074993714,-21.1723873652324,6.89,-28.3452074993714,         1789P   7190
-21.1723873652324,7.715,-28.3452074993714,-17.7723873652324,        1789P   7191
6.89,-28.3452074993714,-17.7723873652324,7.715,                     1789P   7192
-31.7452074993714,-17.7723873652324,6.89,-31.7452074993714,         1789P   7193
-17.7723873652324,7.715,0.,0.24264705882353,-3.14159265358979,      1789P   7194
3.14159265358979;                                                   1789P   7195
128,2,8,2,2,0,1,0,0,1,0.643501108793286,0.643501108793286,          1791P   7196
0.643501108793286,1.5707963267949,1.5707963267949,                  1791P   7197
1.5707963267949,-3.14159265358979,-3.14159265358979,                1791P   7198
-3.14159265358979,-1.5707963267949,-1.5707963267949,0.,0.,          1791P   7199
1.5707963267949,1.5707963267949,3.14159265358979,                   1791P   7200
3.14159265358979,3.14159265358979,1.,0.894427190999846,1.,          1791P   7201
0.707106781186548,0.632455532033626,0.707106781186548,1.,           1791P   7202
0.894427190999846,1.,0.707106781186548,0.632455532033626,           1791P   7203
0.707106781186548,1.,0.894427190999846,1.,0.707106781186548,        1791P   7204
0.632455532033626,0.707106781186548,1.,0.894427190999846,1.,        1791P   7205
0.707106781186548,0.632455532033626,0.707106781186548,1.,           1791P   7206
0.894427190999846,1.,-31.7452074993714,-23.8286373652324,8.79,      1791P   7207
-31.7452074993714,-23.7536373652324,8.89,-31.7452074993714,         1791P   7208
-23.6286373652324,8.89,-29.0889574993714,-23.8286373652324,8.79,    1791P   7209
-29.1639574993714,-23.7536373652324,8.89,-29.2889574993714,         1791P   7210
-23.6286373652324,8.89,-29.0889574993714,-21.1723873652324,8.79,    1791P   7211
-29.1639574993714,-21.1723873652324,8.89,-29.2889574993714,         1791P   7212
-21.1723873652324,8.89,-29.0889574993714,-18.5161373652324,8.79,    1791P   7213
-29.1639574993714,-18.5911373652324,8.89,-29.2889574993714,         1791P   7214
-18.7161373652324,8.89,-31.7452074993714,-18.5161373652324,8.79,    1791P   7215
-31.7452074993714,-18.5911373652324,8.89,-31.7452074993714,         1791P   7216
-18.7161373652324,8.89,-34.4014574993714,-18.5161373652324,8.79,    1791P   7217
-34.3264574993714,-18.5911373652324,8.89,-34.2014574993714,         1791P   7218
-18.7161373652324,8.89,-34.4014574993714,-21.1723873652324,8.79,    1791P   7219
-34.3264574993714,-21.1723873652324,8.89,-34.2014574993714,         1791P   7220
-21.1723873652324,8.89,-34.4014574993714,-23.8286373652324,8.79,    1791P   7221
-34.3264574993714,-23.7536373652324,8.89,-34.2014574993714,         1791P   7222
-23.6286373652324,8.89,-31.7452074993714,-23.8286373652324,8.79,    1791P   7223
-31.7452074993714,-23.7536373652324,8.89,-31.7452074993714,         1791P   7224
-23.6286373652324,8.89,0.643501108793286,1.5707963267949,           1791P   7225
-3.14159265358979,3.14159265358979;                                 1791P   7226
128,1,1,1,1,0,0,1,0,0,3.00298980161977,3.00298980161977,            1793P   7227
3.49623980161977,3.49623980161977,-0.00204384515096223,             1793P   7228
-0.00204384515096223,0.491206154849038,0.491206154849038,1.,1.,     1793P   7229
1.,1.,-34.2114574993714,-23.6386373652324,8.89,                     1793P   7230
-34.2114574993714,-18.7061373652324,8.89,-29.2789574993714,         1793P   7231
-23.6386373652324,8.89,-29.2789574993714,-18.7061373652324,8.89,    1793P   7232
3.00298980161977,3.49623980161977,-0.00204384515096223,             1793P   7233
0.491206154849038;                                                  1793P   7234
128,1,2,1,2,0,0,0,0,0,0.0549999999999959,0.0549999999999959,0.2,    1795P   7235
0.2,-1.7588180880248,-1.7588180880248,-1.7588180880248,             1795P   7236
-1.38277456556501,-1.38277456556501,-1.38277456556501,1.,1.,        1795P   7237
0.982375921360592,0.982375921360592,1.,1.,-26.4894963200923,        1795P   7238
-20.1723873652324,7.61500000000002,-26.4894963200923,               1795P   7239
-20.1723873652324,6.89,-26.2992271127693,-21.1723873652324,         1795P   7240
7.61500000000002,-26.2992271127693,-21.1723873652324,6.89,          1795P   7241
-26.4894963200923,-22.1723873652324,7.61500000000002,               1795P   7242
-26.4894963200923,-22.1723873652324,6.89,0.0549999999999959,0.2,    1795P   7243
-1.7588180880248,-1.38277456556501;                                 1795P   7244
128,1,1,1,1,0,0,1,0,0,0.136499999999998,0.136499999999998,0.211,    1797P   7245
0.211,0.373428882072081,0.373428882072081,0.576038463814559,        1797P   7246
0.576038463814559,1.,1.,1.,1.,-26.4794963200923,                    1797P   7247
-22.1723873652324,7.62500000000002,-26.4794963200923,               1797P   7248
-22.1723873652324,6.88,-28.505592137517,-22.1723873652324,          1797P   7249
7.62500000000002,-28.505592137517,-22.1723873652324,6.88,           1797P   7250
0.136499999999998,0.211,0.373428882072081,0.576038463814559;        1797P   7251
128,1,1,1,1,0,0,1,0,0,-0.011,-0.011,0.0635000000000019,             1799P   7252
0.0635000000000019,0.373428882072082,0.373428882072082,             1799P   7253
0.576038463814562,0.576038463814562,1.,1.,1.,1.,                    1799P   7254
-26.4794963200923,-20.1723873652324,6.88,-26.4794963200923,         1799P   7255
-20.1723873652324,7.62500000000002,-28.5055921375171,               1799P   7256
-20.1723873652324,6.88,-28.5055921375171,-20.1723873652324,         1799P   7257
7.62500000000002,-0.011,0.0635000000000019,0.373428882072082,       1799P   7258
0.576038463814562;                                                  1799P   7259
128,1,1,1,1,0,0,1,0,0,-0.0010000000000003,-0.0010000000000003,      1801P   7260
0.201000000000001,0.201000000000001,0.354401961339783,              1801P   7261
0.354401961339783,0.576038463814562,0.576038463814562,1.,1.,1.,     1801P   7262
1.,-26.2892271127693,-20.1623873652324,7.61500000000002,            1801P   7263
-26.2892271127693,-22.1823873652324,7.61500000000002,               1801P   7264
-28.5055921375171,-20.1623873652324,7.61500000000002,               1801P   7265
-28.5055921375171,-22.1823873652324,7.61500000000002,               1801P   7266
-0.0010000000000003,0.201000000000001,0.354401961339783,            1801P   7267
0.576038463814562;                                                  1801P   7268
128,2,8,2,2,0,1,0,0,1,0.,0.,0.,1.5707963267949,1.5707963267949,     1803P   7269
1.5707963267949,-3.14159265358979,-3.14159265358979,                1803P   7270
-3.14159265358979,-1.5707963267949,-1.5707963267949,0.,0.,          1803P   7271
1.5707963267949,1.5707963267949,3.14159265358979,                   1803P   7272
3.14159265358979,3.14159265358979,1.,0.707106781186554,1.,          1803P   7273
0.707106781186548,0.500000000000005,0.707106781186548,1.,           1803P   7274
0.707106781186554,1.,0.707106781186548,0.500000000000005,           1803P   7275
0.707106781186548,1.,0.707106781186554,1.,0.707106781186548,        1803P   7276
0.500000000000005,0.707106781186548,1.,0.707106781186554,1.,        1803P   7277
0.707106781186548,0.500000000000005,0.707106781186548,1.,           1803P   7278
0.707106781186554,1.,-31.7452074993714,-23.5723873652324,           1803P   7279
11.2400000143051,-31.7452074993714,-23.8223873652324,               1803P   7280
11.2400000143051,-31.7452074993714,-23.8223873652324,               1803P   7281
10.9900000143051,-29.3452074993714,-23.5723873652324,               1803P   7282
11.2400000143051,-29.0952074993714,-23.8223873652324,               1803P   7283
11.2400000143051,-29.0952074993714,-23.8223873652324,               1803P   7284
10.9900000143051,-29.3452074993714,-21.1723873652324,               1803P   7285
11.2400000143051,-29.0952074993714,-21.1723873652324,               1803P   7286
11.2400000143051,-29.0952074993714,-21.1723873652324,               1803P   7287
10.9900000143051,-29.3452074993714,-18.7723873652324,               1803P   7288
11.2400000143051,-29.0952074993714,-18.5223873652324,               1803P   7289
11.2400000143051,-29.0952074993714,-18.5223873652324,               1803P   7290
10.9900000143051,-31.7452074993714,-18.7723873652324,               1803P   7291
11.2400000143051,-31.7452074993714,-18.5223873652324,               1803P   7292
11.2400000143051,-31.7452074993714,-18.5223873652324,               1803P   7293
10.9900000143051,-34.1452074993714,-18.7723873652324,               1803P   7294
11.2400000143051,-34.3952074993714,-18.5223873652324,               1803P   7295
11.2400000143051,-34.3952074993714,-18.5223873652324,               1803P   7296
10.9900000143051,-34.1452074993714,-21.1723873652324,               1803P   7297
11.2400000143051,-34.3952074993714,-21.1723873652324,               1803P   7298
11.2400000143051,-34.3952074993714,-21.1723873652324,               1803P   7299
10.9900000143051,-34.1452074993714,-23.5723873652324,               1803P   7300
11.2400000143051,-34.3952074993714,-23.8223873652324,               1803P   7301
11.2400000143051,-34.3952074993714,-23.8223873652324,               1803P   7302
10.9900000143051,-31.7452074993714,-23.5723873652324,               1803P   7303
11.2400000143051,-31.7452074993714,-23.8223873652324,               1803P   7304
11.2400000143051,-31.7452074993714,-23.8223873652324,               1803P   7305
10.9900000143051,0.,1.5707963267949,-3.14159265358979,              1803P   7306
3.14159265358979;                                                   1803P   7307
128,1,1,1,1,0,0,1,0,0,3.00861480161977,3.00861480161977,            1805P   7308
3.49061480161977,3.49061480161977,0.00358115484903754,              1805P   7309
0.00358115484903754,0.485581154849038,0.485581154849038,1.,1.,      1805P   7310
1.,1.,-34.1552074993714,-18.7623873652324,11.2400000143051,         1805P   7311
-34.1552074993714,-23.5823873652324,11.2400000143051,               1805P   7312
-29.3352074993714,-18.7623873652324,11.2400000143051,               1805P   7313
-29.3352074993714,-23.5823873652324,11.2400000143051,               1805P   7314
3.00861480161977,3.49061480161977,0.00358115484903754,              1805P   7315
0.485581154849038;                                                  1805P   7316
128,1,1,1,1,0,0,1,0,0,0.174,0.174,1.20100000298023,                 1807P   7317
1.20100000298023,-0.101,-0.101,0.101,0.101,1.,1.,1.,1.,             1807P   7318
-17.6102074844703,-35.9223873801336,8.9,-27.8802075142726,          1807P   7319
-35.9223873801336,8.9,-17.6102074844703,-35.9223873801336,6.88,     1807P   7320
-27.8802075142726,-35.9223873801336,6.88,0.174,1.20100000298023,    1807P   7321
-0.101,0.101;                                                       1807P   7322
128,2,8,2,2,0,1,0,0,1,0.,0.,0.,0.643501108793281,                   1809P   7323
0.643501108793281,0.643501108793281,-3.14159265358979,              1809P   7324
-3.14159265358979,-3.14159265358979,-1.5707963267949,               1809P   7325
-1.5707963267949,0.,0.,1.5707963267949,1.5707963267949,             1809P   7326
3.14159265358979,3.14159265358979,3.14159265358979,1.,              1809P   7327
0.94868329805037,1.,0.707106781186548,0.670820393249835,            1809P   7328
0.707106781186548,1.,0.94868329805037,1.,0.707106781186548,         1809P   7329
0.670820393249835,0.707106781186548,1.,0.94868329805037,1.,         1809P   7330
0.707106781186548,0.670820393249835,0.707106781186548,1.,           1809P   7331
0.94868329805037,1.,0.707106781186548,0.670820393249835,            1809P   7332
0.707106781186548,1.,0.94868329805037,1.,-19.3452074993715,         1809P   7333
-30.1723873652324,7.715,-19.3452074993715,-30.1723873652324,        1809P   7334
7.79833333333333,-19.3952074993715,-30.1723873652324,7.865,         1809P   7335
-19.3452074993715,-26.7723873652324,7.715,-19.3452074993715,        1809P   7336
-26.7723873652324,7.79833333333333,-19.3952074993715,               1809P   7337
-26.8223873652324,7.865,-22.7452074993715,-26.7723873652324,        1809P   7338
7.715,-22.7452074993715,-26.7723873652324,7.79833333333333,         1809P   7339
-22.7452074993715,-26.8223873652324,7.865,-26.1452074993715,        1809P   7340
-26.7723873652324,7.715,-26.1452074993715,-26.7723873652324,        1809P   7341
7.79833333333333,-26.0952074993715,-26.8223873652324,7.865,         1809P   7342
-26.1452074993715,-30.1723873652324,7.715,-26.1452074993715,        1809P   7343
-30.1723873652324,7.79833333333333,-26.0952074993715,               1809P   7344
-30.1723873652324,7.865,-26.1452074993715,-33.5723873652324,        1809P   7345
7.715,-26.1452074993715,-33.5723873652324,7.79833333333333,         1809P   7346
-26.0952074993715,-33.5223873652324,7.865,-22.7452074993715,        1809P   7347
-33.5723873652324,7.715,-22.7452074993715,-33.5723873652324,        1809P   7348
7.79833333333333,-22.7452074993715,-33.5223873652324,7.865,         1809P   7349
-19.3452074993715,-33.5723873652324,7.715,-19.3452074993715,        1809P   7350
-33.5723873652324,7.79833333333333,-19.3952074993715,               1809P   7351
-33.5223873652324,7.865,-19.3452074993715,-30.1723873652324,        1809P   7352
7.715,-19.3452074993715,-30.1723873652324,7.79833333333333,         1809P   7353
-19.3952074993715,-30.1723873652324,7.865,0.,0.643501108793281,     1809P   7354
-3.14159265358979,3.14159265358979;                                 1809P   7355
128,1,8,1,2,0,1,0,0,1,-0.203305785123967,-0.203305785123967,        1811P   7356
0.178925619834711,0.178925619834711,-3.14159265358979,              1811P   7357
-3.14159265358979,-3.14159265358979,-1.5707963267949,               1811P   7358
-1.5707963267949,0.,0.,1.5707963267949,1.5707963267949,             1811P   7359
3.14159265358979,3.14159265358979,3.14159265358979,1.,1.,           1811P   7360
0.707106781186548,0.707106781186548,1.,1.,0.707106781186548,        1811P   7361
0.707106781186548,1.,1.,0.707106781186548,0.707106781186548,1.,     1811P   7362
1.,0.707106781186548,0.707106781186548,1.,1.,-22.7452074993715,     1811P   7363
-33.5223873652324,7.865,-22.7452074993715,-32.8286373652324,        1811P   7364
8.79,-19.3952074993715,-33.5223873652324,7.865,                     1811P   7365
-20.0889574993715,-32.8286373652324,8.79,-19.3952074993715,         1811P   7366
-30.1723873652324,7.865,-20.0889574993715,-30.1723873652324,        1811P   7367
8.79,-19.3952074993715,-26.8223873652324,7.865,                     1811P   7368
-20.0889574993715,-27.5161373652324,8.79,-22.7452074993715,         1811P   7369
-26.8223873652324,7.865,-22.7452074993715,-27.5161373652324,        1811P   7370
8.79,-26.0952074993715,-26.8223873652324,7.865,                     1811P   7371
-25.4014574993715,-27.5161373652324,8.79,-26.0952074993715,         1811P   7372
-30.1723873652324,7.865,-25.4014574993715,-30.1723873652324,        1811P   7373
8.79,-26.0952074993715,-33.5223873652324,7.865,                     1811P   7374
-25.4014574993715,-32.8286373652324,8.79,-22.7452074993715,         1811P   7375
-33.5223873652324,7.865,-22.7452074993715,-32.8286373652324,        1811P   7376
8.79,-0.203305785123967,0.178925619834711,-3.14159265358979,        1811P   7377
3.14159265358979;                                                   1811P   7378
128,1,8,1,2,0,1,0,0,1,0.,0.,0.24264705882353,0.24264705882353,      1813P   7379
-3.14159265358979,-3.14159265358979,-3.14159265358979,              1813P   7380
-1.5707963267949,-1.5707963267949,0.,0.,1.5707963267949,            1813P   7381
1.5707963267949,3.14159265358979,3.14159265358979,                  1813P   7382
3.14159265358979,1.,1.,0.707106781186548,0.707106781186548,1.,      1813P   7383
1.,0.707106781186548,0.707106781186548,1.,1.,0.707106781186548,     1813P   7384
0.707106781186548,1.,1.,0.707106781186548,0.707106781186548,1.,     1813P   7385
1.,-26.1452074993715,-30.1723873652324,6.89,-26.1452074993715,      1813P   7386
-30.1723873652324,7.715,-26.1452074993715,-33.5723873652324,        1813P   7387
6.89,-26.1452074993715,-33.5723873652324,7.715,                     1813P   7388
-22.7452074993715,-33.5723873652324,6.89,-22.7452074993715,         1813P   7389
-33.5723873652324,7.715,-19.3452074993715,-33.5723873652324,        1813P   7390
6.89,-19.3452074993715,-33.5723873652324,7.715,                     1813P   7391
-19.3452074993715,-30.1723873652324,6.89,-19.3452074993715,         1813P   7392
-30.1723873652324,7.715,-19.3452074993715,-26.7723873652324,        1813P   7393
6.89,-19.3452074993715,-26.7723873652324,7.715,                     1813P   7394
-22.7452074993715,-26.7723873652324,6.89,-22.7452074993715,         1813P   7395
-26.7723873652324,7.715,-26.1452074993715,-26.7723873652324,        1813P   7396
6.89,-26.1452074993715,-26.7723873652324,7.715,                     1813P   7397
-26.1452074993715,-30.1723873652324,6.89,-26.1452074993715,         1813P   7398
-30.1723873652324,7.715,0.,0.24264705882353,-3.14159265358979,      1813P   7399
3.14159265358979;                                                   1813P   7400
128,2,8,2,2,0,1,0,0,1,0.643501108793286,0.643501108793286,          1815P   7401
0.643501108793286,1.5707963267949,1.5707963267949,                  1815P   7402
1.5707963267949,-3.14159265358979,-3.14159265358979,                1815P   7403
-3.14159265358979,-1.5707963267949,-1.5707963267949,0.,0.,          1815P   7404
1.5707963267949,1.5707963267949,3.14159265358979,                   1815P   7405
3.14159265358979,3.14159265358979,1.,0.894427190999923,1.,          1815P   7406
0.707106781186548,0.632455532033681,0.707106781186548,1.,           1815P   7407
0.894427190999923,1.,0.707106781186548,0.632455532033681,           1815P   7408
0.707106781186548,1.,0.894427190999923,1.,0.707106781186548,        1815P   7409
0.632455532033681,0.707106781186548,1.,0.894427190999923,1.,        1815P   7410
0.707106781186548,0.632455532033681,0.707106781186548,1.,           1815P   7411
0.894427190999923,1.,-20.0889574993715,-30.1723873652324,8.79,      1815P   7412
-20.1639574993715,-30.1723873652324,8.89,-20.2889574993715,         1815P   7413
-30.1723873652324,8.89,-20.0889574993715,-27.5161373652324,8.79,    1815P   7414
-20.1639574993715,-27.5911373652324,8.89,-20.2889574993715,         1815P   7415
-27.7161373652324,8.89,-22.7452074993715,-27.5161373652324,8.79,    1815P   7416
-22.7452074993715,-27.5911373652324,8.89,-22.7452074993715,         1815P   7417
-27.7161373652324,8.89,-25.4014574993715,-27.5161373652324,8.79,    1815P   7418
-25.3264574993715,-27.5911373652324,8.89,-25.2014574993715,         1815P   7419
-27.7161373652324,8.89,-25.4014574993715,-30.1723873652324,8.79,    1815P   7420
-25.3264574993715,-30.1723873652324,8.89,-25.2014574993715,         1815P   7421
-30.1723873652324,8.89,-25.4014574993715,-32.8286373652324,8.79,    1815P   7422
-25.3264574993715,-32.7536373652324,8.89,-25.2014574993715,         1815P   7423
-32.6286373652324,8.89,-22.7452074993715,-32.8286373652324,8.79,    1815P   7424
-22.7452074993715,-32.7536373652324,8.89,-22.7452074993715,         1815P   7425
-32.6286373652324,8.89,-20.0889574993715,-32.8286373652324,8.79,    1815P   7426
-20.1639574993715,-32.7536373652324,8.89,-20.2889574993715,         1815P   7427
-32.6286373652324,8.89,-20.0889574993715,-30.1723873652324,8.79,    1815P   7428
-20.1639574993715,-30.1723873652324,8.89,-20.2889574993715,         1815P   7429
-30.1723873652324,8.89,0.643501108793286,1.5707963267949,           1815P   7430
-3.14159265358979,3.14159265358979;                                 1815P   7431
128,1,1,1,1,0,0,1,0,0,3.00298980161977,3.00298980161977,            1817P   7432
3.49623980161977,3.49623980161977,-0.00204384515096228,             1817P   7433
-0.00204384515096228,0.491206154849038,0.491206154849038,1.,1.,     1817P   7434
1.,1.,-20.2789574993714,-32.6386373652324,8.89,                     1817P   7435
-25.2114574993714,-32.6386373652324,8.89,-20.2789574993715,         1817P   7436
-27.7061373652324,8.89,-25.2114574993714,-27.7061373652324,8.89,    1817P   7437
3.00298980161977,3.49623980161977,-0.00204384515096228,             1817P   7438
0.491206154849038;                                                  1817P   7439
128,1,2,1,2,0,0,0,0,0,0.0549999999999959,0.0549999999999959,0.2,    1819P   7440
0.2,-1.7588180880248,-1.7588180880248,-1.7588180880248,             1819P   7441
-1.38277456556501,-1.38277456556501,-1.38277456556501,1.,1.,        1819P   7442
0.982375921360592,0.982375921360592,1.,1.,-23.7452074993715,        1819P   7443
-24.9166761859533,7.61500000000002,-23.7452074993715,               1819P   7444
-24.9166761859533,6.89,-22.7452074993715,-24.7264069786303,         1819P   7445
7.61500000000002,-22.7452074993715,-24.7264069786303,6.89,          1819P   7446
-21.7452074993715,-24.9166761859532,7.61500000000002,               1819P   7447
-21.7452074993715,-24.9166761859532,6.89,0.0549999999999959,0.2,    1819P   7448
-1.7588180880248,-1.38277456556501;                                 1819P   7449
128,1,1,1,1,0,0,1,0,0,0.136499999999998,0.136499999999998,0.211,    1821P   7450
0.211,0.373428882072081,0.373428882072081,0.576038463814559,        1821P   7451
0.576038463814559,1.,1.,1.,1.,-21.7452074993715,                    1821P   7452
-24.9066761859532,7.62500000000002,-21.7452074993715,               1821P   7453
-24.9066761859532,6.88,-21.7452074993715,-26.932772003378,          1821P   7454
7.62500000000002,-21.7452074993715,-26.932772003378,6.88,           1821P   7455
0.136499999999998,0.211,0.373428882072081,0.576038463814559;        1821P   7456
128,1,1,1,1,0,0,1,0,0,-0.011,-0.011,0.0635000000000019,             1823P   7457
0.0635000000000019,0.373428882072082,0.373428882072082,             1823P   7458
0.576038463814562,0.576038463814562,1.,1.,1.,1.,                    1823P   7459
-23.7452074993715,-24.9066761859533,6.88,-23.7452074993715,         1823P   7460
-24.9066761859533,7.62500000000002,-23.7452074993715,               1823P   7461
-26.9327720033781,6.88,-23.7452074993715,-26.9327720033781,         1823P   7462
7.62500000000002,-0.011,0.0635000000000019,0.373428882072082,       1823P   7463
0.576038463814562;                                                  1823P   7464
128,1,1,1,1,0,0,1,0,0,-0.00100000000000019,-0.00100000000000019,    1825P   7465
0.201000000000001,0.201000000000001,0.354401961339783,              1825P   7466
0.354401961339783,0.576038463814562,0.576038463814562,1.,1.,1.,     1825P   7467
1.,-23.7552074993715,-24.7164069786303,7.61500000000002,            1825P   7468
-21.7352074993715,-24.7164069786303,7.61500000000002,               1825P   7469
-23.7552074993715,-26.9327720033781,7.61500000000002,               1825P   7470
-21.7352074993715,-26.9327720033781,7.61500000000002,               1825P   7471
-0.00100000000000019,0.201000000000001,0.354401961339783,           1825P   7472
0.576038463814562;                                                  1825P   7473
128,2,8,2,2,0,1,0,0,1,0.,0.,0.,1.57079632679489,                    1827P   7474
1.57079632679489,1.57079632679489,-3.14159265358979,                1827P   7475
-3.14159265358979,-3.14159265358979,-1.5707963267949,               1827P   7476
-1.5707963267949,0.,0.,1.5707963267949,1.5707963267949,             1827P   7477
3.14159265358979,3.14159265358979,3.14159265358979,1.,              1827P   7478
0.707106781186565,1.,0.707106781186548,0.500000000000012,           1827P   7479
0.707106781186548,1.,0.707106781186565,1.,0.707106781186548,        1827P   7480
0.500000000000012,0.707106781186548,1.,0.707106781186565,1.,        1827P   7481
0.707106781186548,0.500000000000012,0.707106781186548,1.,           1827P   7482
0.707106781186565,1.,0.707106781186548,0.500000000000012,           1827P   7483
0.707106781186548,1.,0.707106781186565,1.,-20.3452074993714,        1827P   7484
-30.1723873652324,11.2400000143051,-20.0952074993715,               1827P   7485
-30.1723873652324,11.2400000143051,-20.0952074993715,               1827P   7486
-30.1723873652324,10.9900000143051,-20.3452074993714,               1827P   7487
-27.7723873652324,11.2400000143051,-20.0952074993715,               1827P   7488
-27.5223873652324,11.2400000143051,-20.0952074993715,               1827P   7489
-27.5223873652324,10.9900000143051,-22.7452074993715,               1827P   7490
-27.7723873652324,11.2400000143051,-22.7452074993715,               1827P   7491
-27.5223873652324,11.2400000143051,-22.7452074993715,               1827P   7492
-27.5223873652324,10.9900000143051,-25.1452074993715,               1827P   7493
-27.7723873652324,11.2400000143051,-25.3952074993715,               1827P   7494
-27.5223873652324,11.2400000143051,-25.3952074993715,               1827P   7495
-27.5223873652324,10.9900000143051,-25.1452074993715,               1827P   7496
-30.1723873652324,11.2400000143051,-25.3952074993715,               1827P   7497
-30.1723873652324,11.2400000143051,-25.3952074993715,               1827P   7498
-30.1723873652324,10.9900000143051,-25.1452074993715,               1827P   7499
-32.5723873652324,11.2400000143051,-25.3952074993715,               1827P   7500
-32.8223873652324,11.2400000143051,-25.3952074993715,               1827P   7501
-32.8223873652324,10.9900000143051,-22.7452074993715,               1827P   7502
-32.5723873652324,11.2400000143051,-22.7452074993715,               1827P   7503
-32.8223873652324,11.2400000143051,-22.7452074993715,               1827P   7504
-32.8223873652324,10.9900000143051,-20.3452074993714,               1827P   7505
-32.5723873652324,11.2400000143051,-20.0952074993715,               1827P   7506
-32.8223873652324,11.2400000143051,-20.0952074993715,               1827P   7507
-32.8223873652324,10.9900000143051,-20.3452074993714,               1827P   7508
-30.1723873652324,11.2400000143051,-20.0952074993715,               1827P   7509
-30.1723873652324,11.2400000143051,-20.0952074993715,               1827P   7510
-30.1723873652324,10.9900000143051,0.,1.57079632679489,             1827P   7511
-3.14159265358979,3.14159265358979;                                 1827P   7512
128,1,1,1,1,0,0,1,0,0,3.00861480161977,3.00861480161977,            1829P   7513
3.49061480161977,3.49061480161977,0.00358115484903709,              1829P   7514
0.00358115484903709,0.485581154849038,0.485581154849038,1.,1.,      1829P   7515
1.,1.,-25.1552074993715,-32.5823873652324,11.2400000143051,         1829P   7516
-20.3352074993714,-32.5823873652324,11.2400000143051,               1829P   7517
-25.1552074993715,-27.7623873652324,11.2400000143051,               1829P   7518
-20.3352074993714,-27.7623873652324,11.2400000143051,               1829P   7519
3.00861480161977,3.49061480161977,0.00358115484903709,              1829P   7520
0.485581154849038;                                                  1829P   7521
128,1,8,1,2,0,1,0,0,1,0.,0.,0.421052631578948,0.421052631578948,    1831P   7522
-3.14159265358979,-3.14159265358979,-3.14159265358979,              1831P   7523
-1.5707963267949,-1.5707963267949,0.,0.,1.5707963267949,            1831P   7524
1.5707963267949,3.14159265358979,3.14159265358979,                  1831P   7525
3.14159265358979,1.,1.,0.707106781186548,0.707106781186548,1.,      1831P   7526
1.,0.707106781186548,0.707106781186548,1.,1.,0.707106781186548,     1831P   7527
0.707106781186548,1.,1.,0.707106781186548,0.707106781186548,1.,     1831P   7528
1.,-20.3702074993715,-12.1723873652324,8.89,-20.3702074993715,      1831P   7529
-12.1723873652324,7.89,-20.3702074993715,-9.79738736523244,8.89,    1831P   7530
-20.3702074993715,-9.79738736523244,7.89,-22.7452074993715,         1831P   7531
-9.79738736523244,8.89,-22.7452074993715,-9.79738736523244,7.89,    1831P   7532
-25.1202074993714,-9.79738736523244,8.89,-25.1202074993714,         1831P   7533
-9.79738736523244,7.89,-25.1202074993714,-12.1723873652324,8.89,    1831P   7534
-25.1202074993714,-12.1723873652324,7.89,-25.1202074993714,         1831P   7535
-14.5473873652324,8.89,-25.1202074993714,-14.5473873652324,7.89,    1831P   7536
-22.7452074993715,-14.5473873652324,8.89,-22.7452074993715,         1831P   7537
-14.5473873652324,7.89,-20.3702074993715,-14.5473873652324,8.89,    1831P   7538
-20.3702074993715,-14.5473873652324,7.89,-20.3702074993715,         1831P   7539
-12.1723873652324,8.89,-20.3702074993715,-12.1723873652324,7.89,    1831P   7540
0.,0.421052631578948,-3.14159265358979,3.14159265358979;            1831P   7541
128,1,1,1,1,0,0,1,0,0,3.01111480161977,3.01111480161977,            1833P   7542
3.48811480161977,3.48811480161977,0.00608115484903759,              1833P   7543
0.00608115484903759,0.483081154849037,0.483081154849037,1.,1.,      1833P   7544
1.,1.,-20.3602074993715,-9.78738736523244,8.89,                     1833P   7545
-25.1302074993714,-9.78738736523244,8.89,-20.3602074993715,         1833P   7546
-14.5573873652324,8.89,-25.1302074993714,-14.5573873652324,8.89,    1833P   7547
3.01111480161977,3.48811480161977,0.00608115484903759,              1833P   7548
0.483081154849037;                                                  1833P   7549
128,1,1,1,1,0,0,1,0,0,3.01111480161977,3.01111480161977,            1835P   7550
3.48811480161977,3.48811480161977,0.00608115484903759,              1835P   7551
0.00608115484903759,0.483081154849037,0.483081154849037,1.,1.,      1835P   7552
1.,1.,-25.1302074993714,-9.78738736523244,7.89,                     1835P   7553
-20.3602074993715,-9.78738736523244,7.89,-25.1302074993714,         1835P   7554
-14.5573873652324,7.89,-20.3602074993715,-14.5573873652324,7.89,    1835P   7555
3.01111480161977,3.48811480161977,0.00608115484903759,              1835P   7556
0.483081154849037;                                                  1835P   7557
128,1,8,1,2,0,1,0,0,1,0.,0.,0.421052631578948,0.421052631578948,    1837P   7558
-3.14159265358979,-3.14159265358979,-3.14159265358979,              1837P   7559
-1.5707963267949,-1.5707963267949,0.,0.,1.5707963267949,            1837P   7560
1.5707963267949,3.14159265358979,3.14159265358979,                  1837P   7561
3.14159265358979,1.,1.,0.707106781186548,0.707106781186548,1.,      1837P   7562
1.,0.707106781186548,0.707106781186548,1.,1.,0.707106781186548,     1837P   7563
0.707106781186548,1.,1.,0.707106781186548,0.707106781186548,1.,     1837P   7564
1.,-31.7452074993715,-18.7973873652324,8.89,-31.7452074993715,      1837P   7565
-18.7973873652324,7.89,-34.1202074993715,-18.7973873652324,8.89,    1837P   7566
-34.1202074993715,-18.7973873652324,7.89,-34.1202074993715,         1837P   7567
-21.1723873652324,8.89,-34.1202074993715,-21.1723873652324,7.89,    1837P   7568
-34.1202074993715,-23.5473873652324,8.89,-34.1202074993715,         1837P   7569
-23.5473873652324,7.89,-31.7452074993715,-23.5473873652324,8.89,    1837P   7570
-31.7452074993715,-23.5473873652324,7.89,-29.3702074993715,         1837P   7571
-23.5473873652324,8.89,-29.3702074993715,-23.5473873652324,7.89,    1837P   7572
-29.3702074993715,-21.1723873652324,8.89,-29.3702074993715,         1837P   7573
-21.1723873652324,7.89,-29.3702074993715,-18.7973873652324,8.89,    1837P   7574
-29.3702074993715,-18.7973873652324,7.89,-31.7452074993715,         1837P   7575
-18.7973873652324,8.89,-31.7452074993715,-18.7973873652324,7.89,    1837P   7576
0.,0.421052631578948,-3.14159265358979,3.14159265358979;            1837P   7577
128,1,1,1,1,0,0,1,0,0,3.01111480161977,3.01111480161977,            1839P   7578
3.48811480161977,3.48811480161977,0.00608115484903749,              1839P   7579
0.00608115484903749,0.483081154849037,0.483081154849037,1.,1.,      1839P   7580
1.,1.,-34.1302074993715,-18.7873873652324,8.89,                     1839P   7581
-34.1302074993715,-23.5573873652324,8.89,-29.3602074993715,         1839P   7582
-18.7873873652324,8.89,-29.3602074993715,-23.5573873652324,8.89,    1839P   7583
3.01111480161977,3.48811480161977,0.00608115484903749,              1839P   7584
0.483081154849037;                                                  1839P   7585
128,1,1,1,1,0,0,1,0,0,3.01111480161977,3.01111480161977,            1841P   7586
3.48811480161977,3.48811480161977,0.00608115484903749,              1841P   7587
0.00608115484903749,0.483081154849037,0.483081154849037,1.,1.,      1841P   7588
1.,1.,-34.1302074993715,-23.5573873652324,7.89,                     1841P   7589
-34.1302074993715,-18.7873873652324,7.89,-29.3602074993715,         1841P   7590
-23.5573873652324,7.89,-29.3602074993715,-18.7873873652324,7.89,    1841P   7591
3.01111480161977,3.48811480161977,0.00608115484903749,              1841P   7592
0.483081154849037;                                                  1841P   7593
128,1,8,1,2,0,1,0,0,1,0.,0.,0.421052631578948,0.421052631578948,    1843P   7594
-3.14159265358979,-3.14159265358979,-3.14159265358979,              1843P   7595
-1.5707963267949,-1.5707963267949,0.,0.,1.5707963267949,            1843P   7596
1.5707963267949,3.14159265358979,3.14159265358979,                  1843P   7597
3.14159265358979,1.,1.,0.707106781186548,0.707106781186548,1.,      1843P   7598
1.,0.707106781186548,0.707106781186548,1.,1.,0.707106781186548,     1843P   7599
0.707106781186548,1.,1.,0.707106781186548,0.707106781186548,1.,     1843P   7600
1.,-25.1202074993714,-30.1723873652324,8.89,-25.1202074993714,      1843P   7601
-30.1723873652324,7.89,-25.1202074993714,-32.5473873652324,8.89,    1843P   7602
-25.1202074993714,-32.5473873652324,7.89,-22.7452074993715,         1843P   7603
-32.5473873652324,8.89,-22.7452074993715,-32.5473873652324,7.89,    1843P   7604
-20.3702074993715,-32.5473873652324,8.89,-20.3702074993715,         1843P   7605
-32.5473873652324,7.89,-20.3702074993715,-30.1723873652324,8.89,    1843P   7606
-20.3702074993715,-30.1723873652324,7.89,-20.3702074993715,         1843P   7607
-27.7973873652324,8.89,-20.3702074993715,-27.7973873652324,7.89,    1843P   7608
-22.7452074993715,-27.7973873652324,8.89,-22.7452074993715,         1843P   7609
-27.7973873652324,7.89,-25.1202074993714,-27.7973873652324,8.89,    1843P   7610
-25.1202074993714,-27.7973873652324,7.89,-25.1202074993714,         1843P   7611
-30.1723873652324,8.89,-25.1202074993714,-30.1723873652324,7.89,    1843P   7612
0.,0.421052631578948,-3.14159265358979,3.14159265358979;            1843P   7613
128,1,1,1,1,0,0,1,0,0,3.01111480161977,3.01111480161977,            1845P   7614
3.48811480161977,3.48811480161977,0.00608115484903749,              1845P   7615
0.00608115484903749,0.483081154849038,0.483081154849038,1.,1.,      1845P   7616
1.,1.,-25.1302074993714,-32.5573873652324,8.89,                     1845P   7617
-20.3602074993715,-32.5573873652324,8.89,-25.1302074993714,         1845P   7618
-27.7873873652324,8.89,-20.3602074993715,-27.7873873652324,8.89,    1845P   7619
3.01111480161977,3.48811480161977,0.00608115484903749,              1845P   7620
0.483081154849038;                                                  1845P   7621
128,1,1,1,1,0,0,1,0,0,3.01111480161977,3.01111480161977,            1847P   7622
3.48811480161977,3.48811480161977,0.00608115484903788,              1847P   7623
0.00608115484903788,0.483081154849038,0.483081154849038,1.,1.,      1847P   7624
1.,1.,-20.3602074993714,-32.5573873652324,7.89,                     1847P   7625
-25.1302074993714,-32.5573873652324,7.89,-20.3602074993715,         1847P   7626
-27.7873873652324,7.89,-25.1302074993714,-27.7873873652324,7.89,    1847P   7627
3.01111480161977,3.48811480161977,0.00608115484903788,              1847P   7628
0.483081154849038;                                                  1847P   7629
128,1,8,1,2,0,1,0,0,1,0.,0.,0.421052631578948,0.421052631578948,    1849P   7630
-3.14159265358979,-3.14159265358979,-3.14159265358979,              1849P   7631
-1.5707963267949,-1.5707963267949,0.,0.,1.5707963267949,            1849P   7632
1.5707963267949,3.14159265358979,3.14159265358979,                  1849P   7633
3.14159265358979,1.,1.,0.707106781186548,0.707106781186548,1.,      1849P   7634
1.,0.707106781186548,0.707106781186548,1.,1.,0.707106781186548,     1849P   7635
0.707106781186548,1.,1.,0.707106781186548,0.707106781186548,1.,     1849P   7636
1.,-13.7452074993715,-23.5473873652324,8.89,-13.7452074993715,      1849P   7637
-23.5473873652324,7.89,-11.3702074993715,-23.5473873652324,8.89,    1849P   7638
-11.3702074993715,-23.5473873652324,7.89,-11.3702074993715,         1849P   7639
-21.1723873652324,8.89,-11.3702074993715,-21.1723873652324,7.89,    1849P   7640
-11.3702074993715,-18.7973873652324,8.89,-11.3702074993715,         1849P   7641
-18.7973873652324,7.89,-13.7452074993715,-18.7973873652324,8.89,    1849P   7642
-13.7452074993715,-18.7973873652324,7.89,-16.1202074993714,         1849P   7643
-18.7973873652324,8.89,-16.1202074993714,-18.7973873652324,7.89,    1849P   7644
-16.1202074993714,-21.1723873652324,8.89,-16.1202074993714,         1849P   7645
-21.1723873652324,7.89,-16.1202074993714,-23.5473873652324,8.89,    1849P   7646
-16.1202074993714,-23.5473873652324,7.89,-13.7452074993715,         1849P   7647
-23.5473873652324,8.89,-13.7452074993715,-23.5473873652324,7.89,    1849P   7648
0.,0.421052631578948,-3.14159265358979,3.14159265358979;            1849P   7649
128,1,1,1,1,0,0,1,0,0,3.01111480161977,3.01111480161977,            1851P   7650
3.48811480161977,3.48811480161977,0.00608115484903749,              1851P   7651
0.00608115484903749,0.483081154849037,0.483081154849037,1.,1.,      1851P   7652
1.,1.,-11.3602074993715,-23.5573873652324,8.89,                     1851P   7653
-11.3602074993715,-18.7873873652324,8.89,-16.1302074993715,         1851P   7654
-23.5573873652324,8.89,-16.1302074993715,-18.7873873652324,8.89,    1851P   7655
3.01111480161977,3.48811480161977,0.00608115484903749,              1851P   7656
0.483081154849037;                                                  1851P   7657
128,1,1,1,1,0,0,1,0,0,3.01111480161977,3.01111480161977,            1853P   7658
3.48811480161977,3.48811480161977,0.00608115484903749,              1853P   7659
0.00608115484903749,0.483081154849037,0.483081154849037,1.,1.,      1853P   7660
1.,1.,-11.3602074993715,-18.7873873652324,7.89,                     1853P   7661
-11.3602074993715,-23.5573873652324,7.89,-16.1302074993715,         1853P   7662
-18.7873873652324,7.89,-16.1302074993715,-23.5573873652324,7.89,    1853P   7663
3.01111480161977,3.48811480161977,0.00608115484903749,              1853P   7664
0.483081154849037;                                                  1853P   7665
502,287,-20.9779250501908,-20.8193185072734,6.89,                   1855P   7666
-20.9779250501908,-21.5254562231915,6.89,-20.992748208638,          1855P   7667
-21.5254562231915,7.09,-20.992748208638,-20.8193185072734,7.09,     1855P   7668
-14.3276775102367,-28.1757037631456,6.89,-14.3406136038215,         1855P   7669
-28.177590828008,7.09000000000001,-14.3276775102367,                1855P   7670
-14.1690709673193,6.89,-13.9023707960646,-14.0273832759812,6.89,    1855P   7671
-13.6202074844703,-14.0473873503313,6.89,-9.27770022928734,         1855P   7672
-14.0473873503313,6.89,-8.9239313322405,-14.4009407409246,6.89,     1855P   7673
-8.9239313322405,-19.4507886417334,6.89,-8.74715463694386,          1855P   7674
-19.6275653370301,6.89,-8.17198417976693,-19.6275653370301,6.89,    1855P   7675
-7.99520748447029,-19.8044497855535,6.89,-7.99520748447029,         1855P   7676
-26.2973873801336,6.89,-9.9952074844703,-28.2973873801336,6.89,     1855P   7677
-13.6202074844703,-28.2973873801336,6.89,-13.9023707960647,         1855P   7678
-28.3173914544837,6.89,-16.9948228612258,-22.1723873652325,6.89,    1855P   7679
-13.7452074993715,-24.5723873652324,6.89,-16.9948228612259,         1855P   7680
-20.1723873652325,6.89,-19.0009186786506,-20.1723873652325,6.89,    1855P   7681
-19.0009186786506,-22.1723873652325,6.89,-23.0982763467938,         1855P   7682
-19.4051049265885,6.89,-22.3921386308757,-19.4051049265885,6.89,    1855P   7683
-22.3921386308757,-19.4199280850357,7.09,-23.0982763467938,         1855P   7684
-19.4199280850357,7.09,-15.7418910988185,-12.7548573945313,         1855P   7685
6.89000000000001,-15.7400040338703,-12.7677934880303,               1855P   7686
7.09000000000001,-29.7485238972846,-12.7548573760977,               1855P   7687
6.89000000000001,-29.8902115886227,-12.3295506619256,6.89,          1855P   7688
-29.8702075142726,-12.0473873503313,6.89,-29.8702075142726,         1855P   7689
-10.4830553314853,6.89,-27.2504230718271,-6.42238735033126,6.89,    1855P   7690
-17.6202074844703,-6.42238735033126,6.89,-15.6202074844703,         1855P   7691
-8.42238735033126,6.89,-15.6202074844703,-12.0473873503313,6.89,    1855P   7692
-15.6002034080173,-12.3295506766816,6.89,-21.7452074993714,         1855P   7693
-15.4220027270868,6.89,-19.3452074993714,-12.1723873652324,6.89,    1855P   7694
-23.7452074993714,-15.4220027270868,6.89,-23.7452074993714,         1855P   7695
-17.4280985445116,6.89,-21.7452074993714,-17.4280985445116,6.89,    1855P   7696
-22.3921386308757,-22.9396698038764,6.89,-23.0982763467938,         1855P   7697
-22.9396698038764,6.89,-23.0982763467938,-22.9248466454292,7.09,    1855P   7698
-22.3921386308757,-22.9248466454292,7.09,-15.7400040338703,         1855P   7699
-29.5769812424345,7.09000000000001,-15.7418910988185,               1855P   7700
-29.5899173359335,6.89000000000001,-24.5124899274787,               1855P   7701
-21.5254562231915,6.89,-24.5124899274787,-20.8193185072734,6.89,    1855P   7702
-24.4976667690315,-20.8193185072734,7.09,-24.4976667690315,         1855P   7703
-21.5254562231915,7.09,-31.1627374700725,-14.1690709646795,         1855P   7704
6.89000000000001,-31.1498013765735,-14.1671838997313,               1855P   7705
7.09000000000001,-31.1627374700726,-28.1757037657854,               1855P   7706
6.89000000000001,-31.5880441879223,-28.3173914565865,6.89,          1855P   7707
-31.8702075142726,-28.2973873801336,6.89,-35.4952075142726,         1855P   7708
-28.2973873801336,6.89,-37.4952075142726,-26.2973873801336,6.89,    1855P   7709
-37.4952075142726,-16.0473873503313,6.89,-37.196275880169,          1855P   7710
-14.9955478119289,6.89,-34.6406497423143,-14.0473873503284,6.89,    1855P   7711
-31.8702075142726,-14.0473873503313,6.89,-31.5880441879223,         1855P   7712
-14.0273832738783,6.89,-28.4955921375171,-20.1723873652324,6.89,    1855P   7713
-31.7452074993714,-17.7723873652324,6.89,-28.4955921375171,         1855P   7714
-22.1723873652324,6.89,-26.4894963200923,-22.1723873652324,6.89,    1855P   7715
-26.4894963200923,-20.1723873652324,6.89,-31.5776889975674,         1855P   7716
-14.0258799374755,7.08999999999999,-29.8917149249569,               1855P   7717
-12.3399058523492,7.09000000000003,-29.7504109621471,               1855P   7718
-12.7677934696824,7.09000000000001,-15.5987000716145,               1855P   7719
-12.3399058670365,7.09000000000001,-13.9127259864882,               1855P   7720
-14.025879939647,7.09000000000001,-14.3406136038214,                1855P   7721
-14.1671839024568,7.09000000000001,-13.9127259864882,               1855P   7722
-28.3188947908179,7.08999999999999,-15.5987000716145,               1855P   7723
-30.0048688634284,7.09000000000003,-29.7504109621471,               1855P   7724
-29.5769812607824,7.09000000000001,-29.8917149249569,               1855P   7725
-30.0048688781156,7.09000000000003,-31.5776889975674,               1855P   7726
-28.3188947929894,7.09000000000001,-31.1498013765736,               1855P   7727
-28.1775908307336,7.09000000000001,-31.8702075142726,               1855P   7728
-14.0473873503313,8.89,-29.8702075142726,-12.0473873503313,8.89,    1855P   7729
-15.6202074844703,-12.0473873503313,8.89,-13.6202074844703,         1855P   7730
-14.0473873503313,8.89,-29.7485238972846,-29.5899173543672,6.89,    1855P   7731
-29.8902115886227,-30.0152240685392,6.89,-29.8702075142726,         1855P   7732
-30.2973873801336,6.89,-29.8702075142726,-30.2973873801336,8.89,    1855P   7733
-31.8702075142726,-28.2973873801336,8.89,-15.6002034080173,         1855P   7734
-30.0152240537833,6.89,-15.6202074844703,-30.2973873801336,6.89,    1855P   7735
-15.6202074844703,-33.9223873801336,6.89,-17.6202074844703,         1855P   7736
-35.9223873801336,6.89,-27.8702075142726,-35.9223873801336,6.89,    1855P   7737
-29.8702075142726,-33.9223873801336,6.89,-23.7452074993715,         1855P   7738
-26.9227720033781,6.89,-26.1452074993715,-30.1723873652324,6.89,    1855P   7739
-21.7452074993715,-26.922772003378,6.89,-21.7452074993715,          1855P   7740
-24.9166761859532,6.89,-23.7452074993715,-24.9166761859533,6.89,    1855P   7741
-13.6202074844703,-28.2973873801336,8.89,-15.6202074844703,         1855P   7742
-30.2973873801336,8.89,-35.9793540166216,-21.1723873652324,7.89,    1855P   7743
-35.3887252658659,-21.1723873652324,8.17776880375642,               1855P   7744
-31.7452074993714,-18.3630161159881,9.24362268690939,               1855P   7745
-34.5545787486158,-21.1723873652324,9.2436226869094,                1855P   7746
-29.5660080836929,-10.174698457898,7.89000000000002,                1855P   7747
-27.3867919806591,-6.78595256927745,7.8900000000002,                1855P   7748
-29.3782849013302,-10.2436977356415,7.89000000000001,               1855P   7749
-29.3782849013302,-14.362533267977,7.89,-29.5550615966269,          1855P   7750
-14.5393099632737,7.89,-35.0035895110175,-14.5393099632737,7.89,    1855P   7751
-37.0032849013302,-16.5390053535864,7.89,-37.0032849013302,         1855P   7752
-25.8057693768784,7.89,-35.0035895110175,-27.8054647671912,7.89,    1855P   7753
-29.5550615966269,-27.8054647671912,7.89,-29.3782849013302,         1855P   7754
-27.9822414624878,7.89,-29.3782849013302,-33.4307693768784,7.89,    1855P   7755
-27.3785895110175,-35.4304647671912,7.89,-18.1118254877255,         1855P   7756
-35.4304647671912,7.89,-16.1121300974127,-33.4307693768784,7.89,    1855P   7757
-16.1121300974127,-27.9822414624878,7.89,-15.935353402116,          1855P   7758
-27.8054647671912,7.89,-10.4868254877255,-27.8054647671912,7.89,    1855P   7759
-8.48713009741267,-25.8057693768784,7.89,-8.48713009741268,         1855P   7760
-19.7332183352861,7.89,-8.41643018887254,-19.6624861065218,7.89,    1855P   7761
-8.78207540643561,-19.6624861065218,7.89,-8.95885210173225,         1855P   7762
-19.4857094112252,7.89,-8.95885210173225,-14.4686100547335,         1855P   7763
7.89000000000001,-9.02958433049651,-14.5393099632737,7.89,          1855P   7764
-15.935353402116,-14.5393099632737,7.89,-16.1121300974127,          1855P   7765
-14.362533267977,7.89,-16.1121300974127,-8.91400535358644,7.89,     1855P   7766
-18.1118254877255,-6.91430996327365,7.89,-26.870666881878,          1855P   7767
-6.91430996327366,7.89,-27.2665104856569,-6.94574212373044,         1855P   7768
7.89000000000011,-22.7452074993715,-34.4065338824826,7.89,          1855P   7769
-26.9793540166216,-30.1723873652324,7.89,-22.7452074993714,         1855P   7770
-7.93824084798229,7.89,-18.5110609821213,-12.1723873652324,7.89,    1855P   7771
-9.51106098212131,-21.1723873652324,7.89,-17.9793540166216,         1855P   7772
-21.1723873652324,7.89,-34.3952074993714,-21.1723873652324,         1855P   7773
9.70585388315298,-31.7452074993714,-18.5223873652324,               1855P   7774
9.70585388315298,-31.7452074993714,-18.5223873652324,               1855P   7775
10.9900000143051,-31.7452074993714,-23.8223873652324,               1855P   7776
10.9900000143051,-26.3887252658659,-30.1723873652324,               1855P   7777
8.17776880375642,-22.7452074993715,-33.8159051317269,               1855P   7778
8.17776880375642,-25.5545787486158,-30.1723873652324,               1855P   7779
9.2436226869094,-22.7452074993715,-32.9817586144767,                1855P   7780
9.2436226869094,-25.3952074993715,-30.1723873652324,                1855P   7781
9.70585388315298,-25.3952074993715,-30.1723873652324,               1855P   7782
10.9900000143051,-20.0952074993715,-30.1723873652324,               1855P   7783
10.9900000143051,-17.3887252658659,-21.1723873652324,               1855P   7784
8.17776880375642,-10.101689732877,-21.1723873652324,                1855P   7785
8.17776880375642,-13.7452074993715,-23.9817586144767,               1855P   7786
9.2436226869094,-10.9358362501272,-21.1723873652324,                1855P   7787
9.2436226869094,-16.5545787486158,-21.1723873652324,                1855P   7788
9.24362268690939,-16.3952074993715,-21.1723873652324,               1855P   7789
9.70585388315298,-13.7452074993715,-23.8223873652324,               1855P   7790
9.70585388315298,-13.7452074993715,-23.8223873652324,               1855P   7791
10.9900000143051,-13.7452074993715,-18.5223873652324,               1855P   7792
10.9900000143051,-22.7452074993714,-8.52886959873798,               1855P   7793
8.17776880375642,-19.101689732877,-12.1723873652324,                1855P   7794
8.17776880375642,-19.9358362501271,-12.1723873652324,               1855P   7795
9.24362268690939,-22.7452074993714,-9.36301611598813,               1855P   7796
9.24362268690939,-25.5545787486158,-12.1723873652324,               1855P   7797
9.24362268690939,-25.3952074993714,-12.1723873652324,               1855P   7798
9.70585388315298,-20.0952074993714,-12.1723873652324,               1855P   7799
9.70585388315298,-20.0952074993714,-12.1723873652324,               1855P   7800
10.9900000143051,-25.3952074993714,-12.1723873652324,               1855P   7801
10.9900000143051,-35.017946492758,-14.5249529815331,                1855P   7802
8.7125109330497,-33.9073933450841,-14.5218548983453,8.89,           1855P   7803
-33.0476368616551,-14.0473873377313,8.89,-34.5618001123298,         1855P   7804
-14.0473873503313,8.19220954015832,-37.2216582668225,               1855P   7805
-15.0377498911312,8.19220954015832,-37.484796424398,                1855P   7806
-15.8435835998601,8.89,-36.8318580690807,-15.673099576275,8.89,     1855P   7807
-37.0207399662585,-16.5215502886582,8.89,-29.5725166615551,         1855P   7808
-14.5218548983454,8.89,-29.3957399662584,-14.3450782030488,8.89,    1855P   7809
-29.3957399662584,-10.3047472564632,8.89,-29.5833331392164,         1855P   7810
-10.2353952837556,8.89,-29.8702075142726,-10.5612217561122,8.89,    1855P   7811
-37.4952075142726,-16.0473873503313,8.89,-37.4952075142726,         1855P   7812
-26.2973873801336,8.89,-35.4952075142726,-28.2973873801336,8.89,    1855P   7813
-29.8702075142726,-33.9223873801336,8.89,-27.8702075142726,         1855P   7814
-35.9223873801336,8.89,-17.6202074844703,-35.9223873801336,8.89,    1855P   7815
-15.6202074844703,-33.9223873801336,8.89,-9.99520748447029,         1855P   7816
-28.2973873801336,8.89,-7.99520748447029,-26.2973873801336,8.89,    1855P   7817
-7.99520748447029,-19.874291324537,8.89,-8.17198417976693,          1855P   7818
-19.6974068760136,8.89,-8.39897512394433,-19.6974068760136,8.89,    1855P   7819
-8.46967503248446,-19.7681391047778,8.89,-8.46967503248446,         1855P   7820
-25.8232244418066,8.89,-10.4693704227972,-27.8229198321194,8.89,    1855P   7821
-15.9178983371878,-27.8229198321194,8.89,-16.0946750324845,         1855P   7822
-27.9996965274161,8.89,-16.0946750324845,-33.4482244418067,8.89,    1855P   7823
-18.0943704227972,-35.4479198321194,8.89,-27.3960445759457,         1855P   7824
-35.4479198321194,8.89,-29.3957399662584,-33.4482244418066,8.89,    1855P   7825
-29.3957399662584,-27.9996965274161,8.89,-29.5725166615551,         1855P   7826
-27.8229198321194,8.89,-35.0210445759457,-27.8229198321194,8.89,    1855P   7827
-37.0207399662585,-25.8232244418066,8.89,-27.3451663040414,         1855P   7828
-6.75877954450273,8.89,-27.1932469314595,-6.42238735033126,8.89,    1855P   7829
-27.2265194074742,-6.91978670161654,8.89,-26.8881219468062,         1855P   7830
-6.89685489834544,8.89,-18.0943704227973,-6.89685489834544,8.89,    1855P   7831
-16.0946750324845,-8.89655028865822,8.89,-16.0946750324845,         1855P   7832
-14.3450782030488,8.89,-15.9178983371878,-14.5218548983454,8.89,    1855P   7833
-9.06450509998826,-14.5218548983454,8.89,-8.993772871224,           1855P   7834
-14.4511549898053,8.89,-8.993772871224,-14.4009407409246,8.89,      1855P   7835
-9.34754176827084,-14.0473873503313,8.89,-15.6202074844703,         1855P   7836
-8.42238735033126,8.89,-17.6202074844703,-6.42238735033126,8.89,    1855P   7837
-13.7452074993715,-24.5223873652324,7.865,-10.3952074993715,        1855P   7838
-21.1723873652324,7.865,-13.7452074993715,-17.8223873652324,        1855P   7839
7.865,-13.7452074993715,-17.7723873652324,7.715,                    1855P   7840
-13.7452074993715,-24.5723873652324,7.715,-11.0889574993715,        1855P   7841
-21.1723873652324,8.79,-13.7452074993715,-18.5161373652324,8.79,    1855P   7842
-16.9948228612258,-22.1723873652325,7.61500000000002,               1855P   7843
-16.9948228612259,-20.1723873652325,7.61500000000002,               1855P   7844
-11.2889574993715,-21.1723873652324,8.89,-13.7452074993715,         1855P   7845
-18.7161373652324,8.89,-19.0009186786506,-20.1723873652325,         1855P   7846
7.61500000000002,-19.0009186786506,-22.1723873652325,               1855P   7847
7.61500000000002,-13.7452074993715,-23.5723873652324,               1855P   7848
11.2400000143051,-13.7452074993715,-18.7723873652324,               1855P   7849
11.2400000143051,-19.3952074993714,-12.1723873652324,7.865,         1855P   7850
-22.7452074993714,-8.82238736523244,7.865,-26.0952074993714,        1855P   7851
-12.1723873652324,7.865,-26.1452074993714,-12.1723873652324,        1855P   7852
7.715,-19.3452074993714,-12.1723873652324,7.715,                    1855P   7853
-22.7452074993714,-9.51613736523243,8.79,-25.4014574993714,         1855P   7854
-12.1723873652324,8.79,-21.7452074993714,-15.4220027270868,         1855P   7855
7.61500000000002,-23.7452074993714,-15.4220027270868,               1855P   7856
7.61500000000002,-22.7452074993714,-9.71613736523243,8.89,          1855P   7857
-25.2014574993714,-12.1723873652324,8.89,-23.7452074993714,         1855P   7858
-17.4280985445116,7.61500000000002,-21.7452074993714,               1855P   7859
-17.4280985445116,7.61500000000002,-20.3452074993714,               1855P   7860
-12.1723873652324,11.2400000143051,-25.1452074993714,               1855P   7861
-12.1723873652324,11.2400000143051,-31.7452074993714,               1855P   7862
-17.8223873652324,7.865,-35.0952074993714,-21.1723873652324,        1855P   7863
7.865,-31.7452074993714,-24.5223873652324,7.865,                    1855P   7864
-31.7452074993714,-24.5723873652324,7.715,-31.7452074993714,        1855P   7865
-17.7723873652324,7.715,-34.4014574993714,-21.1723873652324,        1855P   7866
8.79,-31.7452074993714,-23.8286373652324,8.79,-28.4955921375171,    1855P   7867
-20.1723873652324,7.61500000000002,-28.4955921375171,               1855P   7868
-22.1723873652324,7.61500000000002,-34.2014574993714,               1855P   7869
-21.1723873652324,8.89,-31.7452074993714,-23.6286373652324,8.89,    1855P   7870
-26.4894963200923,-22.1723873652324,7.61500000000002,               1855P   7871
-26.4894963200923,-20.1723873652324,7.61500000000002,               1855P   7872
-31.7452074993714,-18.7723873652324,11.2400000143051,               1855P   7873
-31.7452074993714,-23.5723873652324,11.2400000143051,               1855P   7874
-26.0952074993715,-30.1723873652324,7.865,-22.7452074993715,        1855P   7875
-33.5223873652324,7.865,-19.3952074993715,-30.1723873652324,        1855P   7876
7.865,-19.3452074993715,-30.1723873652324,7.715,                    1855P   7877
-26.1452074993715,-30.1723873652324,7.715,-22.7452074993715,        1855P   7878
-32.8286373652324,8.79,-20.0889574993715,-30.1723873652324,8.79,    1855P   7879
-23.7452074993715,-26.9227720033781,7.61500000000002,               1855P   7880
-21.7452074993715,-26.922772003378,7.61500000000002,                1855P   7881
-22.7452074993715,-32.6286373652324,8.89,-20.2889574993715,         1855P   7882
-30.1723873652324,8.89,-21.7452074993715,-24.9166761859532,         1855P   7883
7.61500000000002,-23.7452074993715,-24.9166761859533,               1855P   7884
7.61500000000002,-25.1452074993715,-30.1723873652324,               1855P   7885
11.2400000143051,-20.3452074993714,-30.1723873652324,               1855P   7886
11.2400000143051;                                                   1855P   7887
502,2,-20.3702074993715,-12.1723873652324,8.89,                     1857P   7888
-20.3702074993715,-12.1723873652324,7.89;                           1857P   7889
502,2,-31.7452074993715,-18.7973873652324,8.89,                     1859P   7890
-31.7452074993715,-18.7973873652324,7.89;                           1859P   7891
502,2,-25.1202074993714,-30.1723873652324,8.89,                     1861P   7892
-25.1202074993714,-30.1723873652324,7.89;                           1861P   7893
502,2,-13.7452074993715,-23.5473873652324,8.89,                     1863P   7894
-13.7452074993715,-23.5473873652324,7.89;                           1863P   7895
504,423,669,1855,1,1855,2,671,1855,2,1855,3,673,1855,3,1855,4,      1865P   7896
675,1855,4,1855,1,677,1855,5,1855,2,679,1855,6,1855,5,681,1855,     1865P   7897
6,1855,3,683,1855,1,1855,7,685,1855,8,1855,7,687,1855,9,1855,8,     1865P   7898
689,1855,9,1855,10,691,1855,11,1855,10,693,1855,11,1855,12,695,     1865P   7899
1855,13,1855,12,697,1855,13,1855,14,699,1855,15,1855,14,701,        1865P   7900
1855,15,1855,16,703,1855,17,1855,16,705,1855,17,1855,18,707,        1865P   7901
1855,18,1855,19,709,1855,5,1855,19,711,1855,20,1855,21,713,1855,    1865P   7902
21,1855,22,715,1855,22,1855,23,717,1855,23,1855,24,719,1855,24,     1865P   7903
1855,20,721,1855,25,1855,26,723,1855,26,1855,27,725,1855,27,        1865P   7904
1855,28,727,1855,28,1855,25,729,1855,29,1855,26,731,1855,30,        1865P   7905
1855,29,733,1855,30,1855,27,735,1855,25,1855,31,737,1855,32,        1865P   7906
1855,31,739,1855,33,1855,32,741,1855,33,1855,34,743,1855,34,        1865P   7907
1855,35,745,1855,35,1855,36,747,1855,37,1855,36,749,1855,37,        1865P   7908
1855,38,751,1855,38,1855,39,753,1855,29,1855,39,755,1855,40,        1865P   7909
1855,41,757,1855,41,1855,42,759,1855,42,1855,43,761,1855,43,        1865P   7910
1855,44,763,1855,44,1855,40,765,1855,45,1855,46,767,1855,46,        1865P   7911
1855,47,769,1855,47,1855,48,771,1855,48,1855,45,773,1855,49,        1865P   7912
1855,48,775,1855,50,1855,49,777,1855,45,1855,50,779,1855,51,        1865P   7913
1855,52,781,1855,52,1855,53,783,1855,53,1855,54,785,1855,54,        1865P   7914
1855,51,787,1855,55,1855,52,789,1855,56,1855,55,791,1855,56,        1865P   7915
1855,53,793,1855,51,1855,57,795,1855,58,1855,57,797,1855,59,        1865P   7916
1855,58,799,1855,59,1855,60,801,1855,61,1855,60,803,1855,61,        1865P   7917
1855,62,805,1855,63,1855,62,807,1855,63,1855,64,809,1855,64,        1865P   7918
1855,65,811,1855,65,1855,66,813,1855,55,1855,66,815,1855,67,        1865P   7919
1855,68,817,1855,68,1855,69,819,1855,69,1855,70,821,1855,70,        1865P   7920
1855,71,823,1855,71,1855,67,825,1855,72,1855,56,827,1855,73,        1865P   7921
1855,72,829,1855,74,1855,73,831,1855,28,1855,74,833,1855,75,        1865P   7922
1855,30,835,1855,76,1855,75,837,1855,77,1855,76,839,1855,4,1855,    1865P   7923
77,841,1855,78,1855,6,843,1855,78,1855,79,845,1855,49,1855,79,      1865P   7924
847,1855,80,1855,47,849,1855,81,1855,80,851,1855,82,1855,81,853,    1865P   7925
1855,83,1855,82,855,1855,54,1855,83,857,1855,31,1855,74,859,        1865P   7926
1855,73,1855,32,861,1855,66,1855,72,863,1855,65,1855,84,865,        1865P   7927
1855,84,1855,85,867,1855,85,1855,33,869,1855,39,1855,75,871,        1865P   7928
1855,7,1855,77,873,1855,76,1855,8,875,1855,38,1855,86,877,1855,     1865P   7929
86,1855,87,879,1855,87,1855,9,881,1855,88,1855,89,883,1855,89,      1865P   7930
1855,81,885,1855,80,1855,88,887,1855,88,1855,46,889,1855,57,        1865P   7931
1855,83,891,1855,82,1855,58,893,1855,90,1855,89,895,1855,90,        1865P   7932
1855,91,897,1855,91,1855,92,899,1855,92,1855,59,901,1855,93,        1865P   7933
1855,50,903,1855,79,1855,93,905,1855,94,1855,93,907,1855,94,        1865P   7934
1855,95,909,1855,96,1855,95,911,1855,96,1855,97,913,1855,98,        1865P   7935
1855,97,915,1855,98,1855,90,917,1855,99,1855,100,919,1855,100,      1865P   7936
1855,101,921,1855,101,1855,102,923,1855,102,1855,103,925,1855,      1865P   7937
103,1855,99,927,1855,19,1855,78,929,1855,18,1855,104,931,1855,      1865P   7938
104,1855,105,933,1855,105,1855,94,935,1855,106,1855,106,937,        1865P   7939
1855,106,1855,107,939,1855,107,1855,107,941,1855,108,1855,109,      1865P   7940
943,1855,109,1855,108,945,1855,109,1855,107,947,1855,110,1855,      1865P   7941
111,949,1855,112,1855,110,951,1855,113,1855,112,953,1855,114,       1865P   7942
1855,113,955,1855,115,1855,114,957,1855,115,1855,116,959,1855,      1865P   7943
117,1855,116,961,1855,117,1855,118,963,1855,119,1855,118,965,       1865P   7944
1855,120,1855,119,967,1855,121,1855,120,969,1855,121,1855,122,      1865P   7945
971,1855,123,1855,122,973,1855,123,1855,124,975,1855,125,1855,      1865P   7946
124,977,1855,126,1855,125,979,1855,127,1855,126,981,1855,127,       1865P   7947
1855,128,983,1855,129,1855,128,985,1855,130,1855,129,987,1855,      1865P   7948
130,1855,131,989,1855,132,1855,131,991,1855,132,1855,133,993,       1865P   7949
1855,134,1855,133,995,1855,135,1855,134,997,1855,136,1855,135,      1865P   7950
999,1855,137,1855,136,1001,1855,137,1855,138,1003,1855,139,1855,    1865P   7951
138,1005,1855,139,1855,140,1007,1855,111,1855,140,1009,1855,141,    1865P   7952
1855,142,1011,1855,142,1855,141,1013,1855,143,1855,144,1015,        1865P   7953
1855,144,1855,143,1017,1855,145,1855,146,1019,1855,146,1855,145,    1865P   7954
1021,1855,109,1855,147,1023,1855,147,1855,148,1025,1855,148,        1865P   7955
1855,147,1027,1855,149,1855,150,1029,1855,149,1855,148,1031,        1865P   7956
1855,150,1855,149,1033,1855,142,1855,151,1035,1855,151,1855,152,    1865P   7957
1037,1855,152,1855,151,1039,1855,153,1855,154,1041,1855,154,        1865P   7958
1855,153,1043,1855,154,1855,152,1045,1855,153,1855,155,1047,        1865P   7959
1855,155,1855,155,1049,1855,156,1855,157,1051,1855,156,1855,155,    1865P   7960
1053,1855,157,1855,156,1055,1855,146,1855,158,1057,1855,158,        1865P   7961
1855,159,1059,1855,159,1855,158,1061,1855,160,1855,161,1063,        1865P   7962
1855,162,1855,160,1065,1855,161,1855,162,1067,1855,161,1855,159,    1865P   7963
1069,1855,162,1855,163,1071,1855,163,1855,164,1073,1855,164,        1865P   7964
1855,163,1075,1855,165,1855,166,1077,1855,165,1855,164,1079,        1865P   7965
1855,166,1855,165,1081,1855,167,1855,168,1083,1855,168,1855,144,    1865P   7966
1085,1855,168,1855,167,1087,1855,169,1855,170,1089,1855,171,        1865P   7967
1855,169,1091,1855,170,1855,171,1093,1855,170,1855,167,1095,        1865P   7968
1855,171,1855,172,1097,1855,172,1855,173,1099,1855,173,1855,172,    1865P   7969
1101,1855,174,1855,175,1103,1855,174,1855,173,1105,1855,175,        1865P   7970
1855,174,1107,1855,176,1855,177,1109,1855,177,1855,178,1111,        1865P   7971
1855,178,1855,179,1113,1855,179,1855,180,1115,1855,180,1855,181,    1865P   7972
1117,1855,181,1855,182,1119,1855,182,1855,176,1121,1855,183,        1865P   7973
1855,182,1123,1855,116,1855,183,1125,1855,176,1855,115,1127,        1865P   7974
1855,177,1855,184,1129,1855,185,1855,184,1131,1855,185,1855,186,    1865P   7975
1133,1855,187,1855,186,1135,1855,187,1855,188,1137,1855,188,        1865P   7976
1855,85,1139,1855,84,1855,178,1141,1855,189,1855,181,1143,1855,     1865P   7977
189,1855,190,1145,1855,191,1855,190,1147,1855,191,1855,92,1149,     1865P   7978
1855,91,1855,192,1151,1855,193,1855,192,1153,1855,193,1855,194,     1865P   7979
1155,1855,195,1855,194,1157,1855,195,1855,105,1159,1855,104,        1865P   7980
1855,196,1161,1855,197,1855,196,1163,1855,197,1855,198,1165,        1865P   7981
1855,199,1855,198,1167,1855,199,1855,200,1169,1855,201,1855,200,    1865P   7982
1171,1855,201,1855,202,1173,1855,202,1855,203,1175,1855,203,        1865P   7983
1855,204,1177,1855,205,1855,204,1179,1855,205,1855,206,1181,        1865P   7984
1855,206,1855,207,1183,1855,207,1855,208,1185,1855,208,1855,209,    1865P   7985
1187,1855,209,1855,210,1189,1855,211,1855,210,1191,1855,211,        1865P   7986
1855,212,1193,1855,212,1855,213,1195,1855,213,1855,183,1197,        1865P   7987
1855,63,1855,180,1199,1855,62,1855,189,1201,1855,64,1855,179,       1865P   7988
1203,1855,186,1855,112,1205,1855,110,1855,187,1207,1855,214,        1865P   7989
1855,111,1209,1855,215,1855,214,1211,1855,35,1855,215,1213,1855,    1865P   7990
188,1855,34,1215,1855,216,1855,214,1217,1855,140,1855,216,1219,     1865P   7991
1855,216,1855,217,1221,1855,217,1855,218,1223,1855,218,1855,219,    1865P   7992
1225,1855,219,1855,220,1227,1855,221,1855,220,1229,1855,221,        1865P   7993
1855,222,1231,1855,223,1855,222,1233,1855,223,1855,224,1235,        1865P   7994
1855,225,1855,224,1237,1855,225,1855,87,1239,1855,86,1855,226,      1865P   7995
1241,1855,227,1855,226,1243,1855,227,1855,215,1245,1855,200,        1865P   7996
1855,130,1247,1855,129,1855,201,1249,1855,14,1855,199,1251,1855,    1865P   7997
131,1855,13,1253,1855,222,1855,134,1255,1855,133,1855,223,1257,     1865P   7998
1855,135,1855,221,1259,1855,204,1855,126,1261,1855,125,1855,205,    1865P   7999
1263,1855,203,1855,127,1265,1855,210,1855,120,1267,1855,119,        1865P   8000
1855,211,1269,1855,209,1855,121,1271,1855,184,1855,114,1273,        1865P   8001
1855,113,1855,185,1275,1855,220,1855,136,1277,1855,219,1855,137,    1865P   8002
1279,1855,224,1855,11,1281,1855,10,1855,225,1283,1855,12,1855,      1865P   8003
132,1285,1855,198,1855,15,1287,1855,16,1855,197,1289,1855,217,      1865P   8004
1855,139,1291,1855,138,1855,218,1293,1855,122,1855,208,1295,        1865P   8005
1855,207,1855,123,1297,1855,124,1855,206,1299,1855,128,1855,202,    1865P   8006
1301,1855,213,1855,117,1303,1855,118,1855,212,1305,1855,36,1855,    1865P   8007
227,1307,1855,226,1855,37,1309,1855,190,1855,61,1311,1855,60,       1865P   8008
1855,191,1313,1855,97,1855,193,1315,1855,192,1855,98,1317,1855,     1865P   8009
194,1855,96,1319,1855,95,1855,195,1321,1855,196,1855,17,1323,       1865P   8010
1855,228,1855,229,1325,1855,229,1855,230,1327,1855,230,1855,231,    1865P   8011
1329,1855,231,1855,232,1331,1855,232,1855,231,1333,1855,230,        1865P   8012
1855,228,1335,1855,233,1855,234,1337,1855,233,1855,229,1339,        1865P   8013
1855,234,1855,233,1341,1855,232,1855,21,1343,1855,20,1855,235,      1865P   8014
1345,1855,235,1855,236,1347,1855,236,1855,22,1349,1855,237,1855,    1865P   8015
238,1351,1855,238,1855,234,1353,1855,238,1855,237,1355,1855,23,     1865P   8016
1855,239,1357,1855,239,1855,240,1359,1855,240,1855,24,1361,1855,    1865P   8017
239,1855,236,1363,1855,240,1855,235,1365,1855,241,1855,242,1367,    1865P   8018
1855,242,1855,166,1369,1855,242,1855,241,1371,1855,243,1855,244,    1865P   8019
1373,1855,244,1855,245,1375,1855,245,1855,246,1377,1855,246,        1865P   8020
1855,247,1379,1855,247,1855,246,1381,1855,245,1855,243,1383,        1865P   8021
1855,248,1855,249,1385,1855,248,1855,244,1387,1855,249,1855,248,    1865P   8022
1389,1855,247,1855,41,1391,1855,40,1855,250,1393,1855,250,1855,     1865P   8023
251,1395,1855,251,1855,42,1397,1855,252,1855,253,1399,1855,253,     1865P   8024
1855,249,1401,1855,253,1855,252,1403,1855,43,1855,254,1405,1855,    1865P   8025
254,1855,255,1407,1855,255,1855,44,1409,1855,254,1855,251,1411,     1865P   8026
1855,255,1855,250,1413,1855,256,1855,257,1415,1855,257,1855,175,    1865P   8027
1417,1855,257,1855,256,1419,1855,258,1855,259,1421,1855,259,        1865P   8028
1855,260,1423,1855,260,1855,261,1425,1855,261,1855,262,1427,        1865P   8029
1855,262,1855,261,1429,1855,260,1855,258,1431,1855,263,1855,264,    1865P   8030
1433,1855,263,1855,259,1435,1855,264,1855,263,1437,1855,262,        1865P   8031
1855,68,1439,1855,67,1855,265,1441,1855,265,1855,266,1443,1855,     1865P   8032
266,1855,69,1445,1855,267,1855,268,1447,1855,268,1855,264,1449,     1865P   8033
1855,268,1855,267,1451,1855,70,1855,269,1453,1855,269,1855,270,     1865P   8034
1455,1855,270,1855,71,1457,1855,269,1855,266,1459,1855,270,1855,    1865P   8035
265,1461,1855,271,1855,272,1463,1855,272,1855,150,1465,1855,272,    1865P   8036
1855,271,1467,1855,273,1855,274,1469,1855,274,1855,275,1471,        1865P   8037
1855,275,1855,276,1473,1855,276,1855,277,1475,1855,277,1855,276,    1865P   8038
1477,1855,275,1855,273,1479,1855,278,1855,279,1481,1855,278,        1865P   8039
1855,274,1483,1855,279,1855,278,1485,1855,277,1855,100,1487,        1865P   8040
1855,99,1855,280,1489,1855,280,1855,281,1491,1855,281,1855,101,     1865P   8041
1493,1855,282,1855,283,1495,1855,283,1855,279,1497,1855,283,        1865P   8042
1855,282,1499,1855,102,1855,284,1501,1855,284,1855,285,1503,        1865P   8043
1855,285,1855,103,1505,1855,284,1855,281,1507,1855,285,1855,280,    1865P   8044
1509,1855,286,1855,287,1511,1855,287,1855,157,1513,1855,287,        1865P   8045
1855,286;                                                           1865P   8046
504,3,1515,1857,1,1857,1,1517,1857,1,1857,2,1519,1857,2,1857,2;     1867P   8047
504,3,1521,1859,1,1859,1,1523,1859,1,1859,2,1525,1859,2,1859,2;     1869P   8048
504,3,1527,1861,1,1861,1,1529,1861,1,1861,2,1531,1861,2,1861,2;     1871P   8049
504,3,1533,1863,1,1863,1,1535,1863,1,1863,2,1537,1863,2,1863,2;     1873P   8050
406,1,10HDpadRubber;                                                1875P   8051
406,1,9HDpadGraph;                                                  1877P   8052
406,1,13HDpadGraph (1);                                             1879P   8053
406,1,13HDpadGraph (2);                                             1881P   8054
406,1,13HDpadGraph (3);                                             1883P   8055
314,62.7450980392157,62.7450980392157,62.7450980392157,13HSteel     1885P   8056
- Satin;                                                            1885P   8057
S      1G      2D   1886P   8057                                        T      1
