                                                                        S      1
,,18HMainButtonSilicone,18HMainButtonSilicone,7Hunknown,7Hunknown,32,38,G      1
7,99,15,,1.,2,2HMM,1,0.08,15H20250803.192212,0.01,10000.,7Hunknown,7HunkG      2
nown,11,0,;                                                             G      3
     186       1                                                00000000D      1
     186            -395       1       0                               0D      2
     186       2                                                00000000D      3
     186            -397       1       0                               0D      4
     514       3                                                00010000D      5
     514                       3       1                               0D      6
     514       6                                                00010000D      7
     514                       1       1                               0D      8
     510       7                                                00010000D      9
     510            -395       1       1                               0D     10
     510       8                                                00010000D     11
     510            -395       1       1                               0D     12
     510       9                                                00010000D     13
     510            -395       1       1                               0D     14
     510      10                                                00010000D     15
     510            -395       1       1                               0D     16
     510      11                                                00010000D     17
     510            -395       1       1                               0D     18
     510      12                                                00010000D     19
     510            -395       1       1                               0D     20
     510      13                                                00010000D     21
     510            -395       1       1                               0D     22
     510      14                                                00010000D     23
     510            -395       1       1                               0D     24
     510      15                                                00010000D     25
     510            -395       1       1                               0D     26
     510      16                                                00010000D     27
     510            -395       1       1                               0D     28
     510      17                                                00010000D     29
     510            -395       1       1                               0D     30
     510      18                                                00010000D     31
     510            -395       1       1                               0D     32
     510      19                                                00010000D     33
     510            -395       1       1                               0D     34
     510      20                                                00010000D     35
     510            -395       1       1                               0D     36
     510      21                                                00010000D     37
     510            -395       1       1                               0D     38
     510      22                                                00010000D     39
     510            -395       1       1                               0D     40
     510      23                                                00010000D     41
     510            -395       1       1                               0D     42
     510      24                                                00010000D     43
     510            -395       1       1                               0D     44
     510      25                                                00010000D     45
     510            -395       1       1                               0D     46
     510      26                                                00010000D     47
     510            -395       1       1                               0D     48
     510      27                                                00010000D     49
     510            -395       1       1                               0D     50
     510      28                                                00010000D     51
     510            -395       1       1                               0D     52
     510      29                                                00010000D     53
     510            -395       1       1                               0D     54
     510      30                                                00010000D     55
     510            -395       1       1                               0D     56
     510      31                                                00010000D     57
     510            -395       1       1                               0D     58
     510      32                                                00010000D     59
     510            -395       1       1                               0D     60
     510      33                                                00010000D     61
     510            -395       1       1                               0D     62
     510      34                                                00010000D     63
     510            -395       1       1                               0D     64
     510      35                                                00010000D     65
     510            -395       1       1                               0D     66
     510      36                                                00010000D     67
     510            -395       1       1                               0D     68
     510      37                                                00010000D     69
     510            -395       1       1                               0D     70
     510      38                                                00010000D     71
     510            -397       1       1                               0D     72
     510      39                                                00010000D     73
     510            -397       1       1                               0D     74
     510      40                                                00010000D     75
     510            -397       1       1                               0D     76
     508      41                                                00010000D     77
     508                       2       1                               0D     78
     508      43                                                00010000D     79
     508                       2       1                               0D     80
     508      45                                                00010000D     81
     508                       2       1                               0D     82
     508      47                                                00010000D     83
     508                       1       1                               0D     84
     508      48                                                00010000D     85
     508                       2       1                               0D     86
     508      50                                                00010000D     87
     508                       2       1                               0D     88
     508      52                                                00010000D     89
     508                       2       1                               0D     90
     508      54                                                00010000D     91
     508                       2       1                               0D     92
     508      56                                                00010000D     93
     508                       3       1                               0D     94
     508      59                                                00010000D     95
     508                       2       1                               0D     96
     508      61                                                00010000D     97
     508                       1       1                               0D     98
     508      62                                                00010000D     99
     508                       1       1                               0D    100
     508      63                                                00010000D    101
     508                       1       1                               0D    102
     508      64                                                00010000D    103
     508                       1       1                               0D    104
     508      65                                                00010000D    105
     508                       1       1                               0D    106
     508      66                                                00010000D    107
     508                       1       1                               0D    108
     508      67                                                00010000D    109
     508                       1       1                               0D    110
     508      68                                                00010000D    111
     508                       1       1                               0D    112
     508      69                                                00010000D    113
     508                       1       1                               0D    114
     508      70                                                00010000D    115
     508                       1       1                               0D    116
     508      71                                                00010000D    117
     508                       1       1                               0D    118
     508      72                                                00010000D    119
     508                       1       1                               0D    120
     508      73                                                00010000D    121
     508                       1       1                               0D    122
     508      74                                                00010000D    123
     508                       2       1                               0D    124
     508      76                                                00010000D    125
     508                       1       1                               0D    126
     508      77                                                00010000D    127
     508                       1       1                               0D    128
     508      78                                                00010000D    129
     508                       1       1                               0D    130
     508      79                                                00010000D    131
     508                       1       1                               0D    132
     508      80                                                00010000D    133
     508                       2       1                               0D    134
     508      82                                                00010000D    135
     508                       1       1                               0D    136
     508      83                                                00010000D    137
     508                       1       1                               0D    138
     508      84                                                00010000D    139
     508                       1       1                               0D    140
     508      85                                                00010000D    141
     508                       1       1                               0D    142
     508      86                                                00010000D    143
     508                       2       1                               0D    144
     508      88                                                00010000D    145
     508                       1       1                               0D    146
     508      89                                                00010000D    147
     508                       1       1                               0D    148
     508      90                                                00010000D    149
     508                       1       1                               0D    150
     126      91                                                00010000D    151
     126       0               8       0                               0D    152
     126      99                                                00010000D    153
     126       0               6       0                               0D    154
     126     105                                                00010000D    155
     126       0               7       0                               0D    156
     126     112                                                00010000D    157
     126       0               7       0                               0D    158
     126     119                                                00010000D    159
     126       0               8       0                               0D    160
     126     127                                                00010000D    161
     126       0               7       0                               0D    162
     126     134                                                00010000D    163
     126       0              12       0                               0D    164
     126     146                                                00010000D    165
     126       0               5       0                               0D    166
     126     151                                                00010000D    167
     126       0               4       0                               0D    168
     126     155                                                00010000D    169
     126       0               8       0                               0D    170
     126     163                                                00010000D    171
     126       0               4       0                               0D    172
     126     167                                                00010000D    173
     126       0               6       0                               0D    174
     126     173                                                00010000D    175
     126       0               4       0                               0D    176
     126     177                                                00010000D    177
     126       0               8       0                               0D    178
     126     185                                                00010000D    179
     126       0               4       0                               0D    180
     126     189                                                00010000D    181
     126       0               6       0                               0D    182
     126     195                                                00010000D    183
     126       0               7       0                               0D    184
     126     202                                                00010000D    185
     126       0               6       0                               0D    186
     126     208                                                00010000D    187
     126       0              12       0                               0D    188
     126     220                                                00010000D    189
     126       0              12       0                               0D    190
     126     232                                                00010000D    191
     126       0               4       0                               0D    192
     126     236                                                00010000D    193
     126       0               6       0                               0D    194
     126     242                                                00010000D    195
     126       0               5       0                               0D    196
     126     247                                                00010000D    197
     126       0               6       0                               0D    198
     126     253                                                00010000D    199
     126       0              10       0                               0D    200
     126     263                                                00010000D    201
     126       0              10       0                               0D    202
     126     273                                                00010000D    203
     126       0               7       0                               0D    204
     126     280                                                00010000D    205
     126       0               4       0                               0D    206
     126     284                                                00010000D    207
     126       0               7       0                               0D    208
     126     291                                                00010000D    209
     126       0               4       0                               0D    210
     126     295                                                00010000D    211
     126       0               6       0                               0D    212
     126     301                                                00010000D    213
     126       0               3       0                               0D    214
     126     304                                                00010000D    215
     126       0               8       0                               0D    216
     126     312                                                00010000D    217
     126       0               3       0                               0D    218
     126     315                                                00010000D    219
     126       0               6       0                               0D    220
     126     321                                                00010000D    221
     126       0               3       0                               0D    222
     126     324                                                00010000D    223
     126       0               8       0                               0D    224
     126     332                                                00010000D    225
     126       0               3       0                               0D    226
     126     335                                                00010000D    227
     126       0               6       0                               0D    228
     126     341                                                00010000D    229
     126       0               6       0                               0D    230
     126     347                                                00010000D    231
     126       0               7       0                               0D    232
     126     354                                                00010000D    233
     126       0               7       0                               0D    234
     126     361                                                00010000D    235
     126       0               3       0                               0D    236
     126     364                                                00010000D    237
     126       0               6       0                               0D    238
     126     370                                                00010000D    239
     126       0               3       0                               0D    240
     126     373                                                00010000D    241
     126       0               6       0                               0D    242
     126     379                                                00010000D    243
     126       0               4       0                               0D    244
     126     383                                                00010000D    245
     126       0               6       0                               0D    246
     126     389                                                00010000D    247
     126       0               3       0                               0D    248
     126     392                                                00010000D    249
     126       0               6       0                               0D    250
     126     398                                                00010000D    251
     126       0               3       0                               0D    252
     126     401                                                00010000D    253
     126       0               4       0                               0D    254
     126     405                                                00010000D    255
     126       0               3       0                               0D    256
     126     408                                                00010000D    257
     126       0               6       0                               0D    258
     126     414                                                00010000D    259
     126       0               3       0                               0D    260
     126     417                                                00010000D    261
     126       0               4       0                               0D    262
     126     421                                                00010000D    263
     126       0               3       0                               0D    264
     126     424                                                00010000D    265
     126       0               3       0                               0D    266
     126     427                                                00010000D    267
     126       0               8       0                               0D    268
     126     435                                                00010000D    269
     126       0               8       0                               0D    270
     126     443                                                00010000D    271
     126       0               3       0                               0D    272
     126     446                                                00010000D    273
     126       0              12       0                               0D    274
     126     458                                                00010000D    275
     126       0               4       0                               0D    276
     126     462                                                00010000D    277
     126       0              12       0                               0D    278
     126     474                                                00010000D    279
     126       0               4       0                               0D    280
     126     478                                                00010000D    281
     126       0               3       0                               0D    282
     126     481                                                00010000D    283
     126       0               6       0                               0D    284
     126     487                                                00010000D    285
     126       0               3       0                               0D    286
     126     490                                                00010000D    287
     126       0               4       0                               0D    288
     126     494                                                00010000D    289
     126       0               4       0                               0D    290
     126     498                                                00010000D    291
     126       0               4       0                               0D    292
     126     502                                                00010000D    293
     126       0               4       0                               0D    294
     126     506                                                00010000D    295
     126       0               4       0                               0D    296
     126     510                                                00010000D    297
     126       0               4       0                               0D    298
     126     514                                                00010000D    299
     126       0               4       0                               0D    300
     126     518                                                00010000D    301
     126       0               4       0                               0D    302
     126     522                                                00010000D    303
     126       0               4       0                               0D    304
     126     526                                                00010000D    305
     126       0               5       0                               0D    306
     126     531                                                00010000D    307
     126       0              12       0                               0D    308
     126     543                                                00010000D    309
     126       0              12       0                               0D    310
     126     555                                                00010000D    311
     126       0              15       0                               0D    312
     126     570                                                00010000D    313
     126       0               4       0                               0D    314
     128     574                                                00010000D    315
     128       0    -395      34       0                               0D    316
     128     608                                                00010000D    317
     128       0    -395      27       0                               0D    318
     128     635                                                00010000D    319
     128       0    -395       7       0                               0D    320
     128     642                                                00010000D    321
     128       0    -395      40       0                               0D    322
     128     682                                                00010000D    323
     128       0    -395      24       0                               0D    324
     128     706                                                00010000D    325
     128       0    -395      33       0                               0D    326
     128     739                                                00010000D    327
     128       0    -395      21       0                               0D    328
     128     760                                                00010000D    329
     128       0    -395      20       0                               0D    330
     128     780                                                00010000D    331
     128       0    -395      31       0                               0D    332
     128     811                                                00010000D    333
     128       0    -395       7       0                               0D    334
     128     818                                                00010000D    335
     128       0    -395      10       0                               0D    336
     128     828                                                00010000D    337
     128       0    -395      10       0                               0D    338
     128     838                                                00010000D    339
     128       0    -395       6       0                               0D    340
     128     844                                                00010000D    341
     128       0    -395       8       0                               0D    342
     128     852                                                00010000D    343
     128       0    -395       6       0                               0D    344
     128     858                                                00010000D    345
     128       0    -395      13       0                               0D    346
     128     871                                                00010000D    347
     128       0    -395      13       0                               0D    348
     128     884                                                00010000D    349
     128       0    -395      21       0                               0D    350
     128     905                                                00010000D    351
     128       0    -395       6       0                               0D    352
     128     911                                                00010000D    353
     128       0    -395       9       0                               0D    354
     128     920                                                00010000D    355
     128       0    -395       6       0                               0D    356
     128     926                                                00010000D    357
     128       0    -395       5       0                               0D    358
     128     931                                                00010000D    359
     128       0    -395       6       0                               0D    360
     128     937                                                00010000D    361
     128       0    -395       7       0                               0D    362
     128     944                                                00010000D    363
     128       0    -395       7       0                               0D    364
     128     951                                                00010000D    365
     128       0    -395       8       0                               0D    366
     128     959                                                00010000D    367
     128       0    -395       8       0                               0D    368
     128     967                                                00010000D    369
     128       0    -395       6       0                               0D    370
     128     973                                                00010000D    371
     128       0    -395      28       0                               0D    372
     128    1001                                                00010000D    373
     128       0    -395       7       0                               0D    374
     128    1008                                                00010000D    375
     128       0    -395       7       0                               0D    376
     128    1015                                                00010000D    377
     128       0    -397       7       0                               0D    378
     128    1022                                                00010000D    379
     128       0    -397      23       0                               0D    380
     128    1045                                                00010000D    381
     128       0    -397       9       0                               0D    382
     502    1054                                                00010000D    383
     502                      38       1                               0D    384
     502    1092                                                00010000D    385
     502                       2       1                               0D    386
     504    1094                                                00010001D    387
     504                      23       1                               0D    388
     504    1117                                                00010001D    389
     504                       1       1                               0D    390
     406    1118                                                00000000D    391
     406                       1      15                               0D    392
     406    1119                                                00000000D    393
     406                       1      15                               0D    394
     314    1120                                                00000200D    395
     314                       2       0                               0D    396
     314    1122                                                00000200D    397
     314                       2       0                               0D    398
     314    1124                                                00000200D    399
     314                       2       0                               0D    400
186,5,1,0,0,1,391;                                                     1P      1
186,7,1,0,0,1,393;                                                     3P      2
514,31,9,1,11,1,13,1,15,1,17,1,19,1,21,1,23,1,25,1,27,1,29,1,31,       5P      3
1,33,1,35,1,37,1,39,1,41,1,43,1,45,1,47,1,49,1,51,1,53,1,55,1,         5P      4
57,1,59,1,61,1,63,1,65,1,67,1,69,1;                                    5P      5
514,3,71,1,73,1,75,1;                                                  7P      6
510,315,1,1,77;                                                        9P      7
510,317,1,1,79;                                                       11P      8
510,319,2,1,81,83;                                                    13P      9
510,321,1,1,85;                                                       15P     10
510,323,1,1,87;                                                       17P     11
510,325,1,1,89;                                                       19P     12
510,327,1,1,91;                                                       21P     13
510,329,1,1,93;                                                       23P     14
510,331,1,1,95;                                                       25P     15
510,333,1,1,97;                                                       27P     16
510,335,1,1,99;                                                       29P     17
510,337,1,1,101;                                                      31P     18
510,339,1,1,103;                                                      33P     19
510,341,1,1,105;                                                      35P     20
510,343,1,1,107;                                                      37P     21
510,345,1,1,109;                                                      39P     22
510,347,1,1,111;                                                      41P     23
510,349,1,1,113;                                                      43P     24
510,351,1,1,115;                                                      45P     25
510,353,1,1,117;                                                      47P     26
510,355,1,1,119;                                                      49P     27
510,357,2,1,121,123;                                                  51P     28
510,359,1,1,125;                                                      53P     29
510,361,1,1,127;                                                      55P     30
510,363,1,1,129;                                                      57P     31
510,365,1,1,131;                                                      59P     32
510,367,1,1,133;                                                      61P     33
510,369,1,1,135;                                                      63P     34
510,371,1,1,137;                                                      65P     35
510,373,1,1,139;                                                      67P     36
510,375,2,1,141,143;                                                  69P     37
510,377,1,1,145;                                                      71P     38
510,379,1,1,147;                                                      73P     39
510,381,1,1,149;                                                      75P     40
508,6,0,387,1,1,0,0,387,2,1,0,0,387,3,1,0,0,387,4,1,0,0,387,2,0,      77P     41
0,0,387,5,1,0;                                                        77P     42
508,6,0,387,6,0,0,0,387,7,0,0,0,387,8,1,0,0,387,5,0,0,0,387,1,0,      79P     43
0,0,387,8,0,0;                                                        79P     44
508,8,0,387,9,1,0,0,387,10,1,0,0,387,11,1,0,0,387,12,1,0,0,387,       81P     45
13,1,0,0,387,14,1,0,0,387,15,1,0,0,387,16,1,0;                        81P     46
508,2,0,387,4,0,0,0,387,3,0,0;                                        83P     47
508,6,0,387,6,1,0,0,387,17,1,0,0,387,18,1,0,0,387,19,1,0,0,387,       85P     48
17,0,0,0,387,7,1,0;                                                   85P     49
508,5,0,387,20,0,0,0,387,21,1,0,0,387,18,0,0,0,387,19,0,0,0,387,      87P     50
21,0,0;                                                               87P     51
508,6,0,387,22,1,0,0,387,23,1,0,0,387,24,1,0,0,387,25,1,0,0,387,      89P     52
23,0,0,0,387,26,1,0;                                                  89P     53
508,6,0,387,27,0,0,0,387,28,1,0,0,387,22,0,0,0,387,26,0,0,0,387,      91P     54
28,0,0,0,387,29,0,0;                                                  91P     55
508,13,0,387,25,0,0,0,387,30,1,0,0,387,31,1,0,0,387,32,1,0,0,         93P     56
387,33,0,0,0,387,34,1,0,0,387,35,1,0,0,387,36,1,0,0,387,37,0,0,       93P     57
0,387,38,1,0,0,387,39,1,0,0,387,30,0,0,0,387,24,0,0;                  93P     58
508,6,0,387,27,1,0,0,387,40,1,0,0,387,41,1,0,0,387,42,1,0,0,387,      95P     59
40,0,0,0,387,29,1,0;                                                  95P     60
508,2,0,387,42,0,0,0,387,41,0,0;                                      97P     61
508,4,0,387,43,1,0,0,387,44,0,0,0,387,45,1,0,0,387,46,1,0;            99P     62
508,4,0,387,47,1,0,0,387,48,1,0,0,387,49,1,0,0,387,50,0,0;           101P     63
508,4,0,387,15,0,0,0,387,51,0,0,0,387,52,0,0,0,387,53,0,0;           103P     64
508,4,0,387,16,0,0,0,387,53,1,0,0,387,54,0,0,0,387,55,0,0;           105P     65
508,4,0,387,9,0,0,0,387,55,1,0,0,387,56,0,0,0,387,57,0,0;            107P     66
508,4,0,387,51,1,0,0,387,14,0,0,0,387,58,1,0,0,387,59,0,0;           109P     67
508,4,0,387,57,1,0,0,387,60,0,0,0,387,61,0,0,0,387,10,0,0;           111P     68
508,4,0,387,62,0,0,0,387,63,1,0,0,387,64,0,0,0,387,63,0,0;           113P     69
508,4,0,387,11,0,0,0,387,61,1,0,0,387,65,0,0,0,387,66,0,0;           115P     70
508,4,0,387,12,0,0,0,387,66,1,0,0,387,67,0,0,0,387,68,0,0;           117P     71
508,4,0,387,13,0,0,0,387,68,1,0,0,387,69,0,0,0,387,58,0,0;           119P     72
508,1,0,387,62,1,0;                                                  121P     73
508,8,0,387,69,1,0,0,387,67,1,0,0,387,65,1,0,0,387,60,1,0,0,387,     123P     74
56,1,0,0,387,54,1,0,0,387,52,1,0,0,387,59,1,0;                       123P     75
508,4,0,387,36,0,0,0,387,70,1,0,0,387,47,0,0,0,387,71,0,0;           125P     76
508,4,0,387,34,0,0,0,387,72,0,0,0,387,49,0,0,0,387,73,1,0;           127P     77
508,4,0,387,32,0,0,0,387,74,1,0,0,387,45,0,0,0,387,75,0,0;           129P     78
508,4,0,387,35,0,0,0,387,73,0,0,0,387,48,0,0,0,387,70,0,0;           131P     79
508,5,0,387,39,0,0,0,387,76,0,0,0,387,46,0,0,0,387,74,0,0,0,387,     133P     80
31,0,0;                                                              133P     81
508,4,0,387,38,0,0,0,387,77,0,0,0,387,43,0,0,0,387,76,1,0;           135P     82
508,4,0,387,20,1,0,0,387,78,1,0,0,387,79,1,0,0,387,78,0,0;           137P     83
508,1,0,387,79,0,0;                                                  139P     84
508,1,0,387,64,1,0;                                                  141P     85
508,8,0,387,77,1,0,0,387,37,1,0,0,387,71,1,0,0,387,50,1,0,0,387,     143P     86
72,1,0,0,387,33,1,0,0,387,75,1,0,0,387,44,1,0;                       143P     87
508,1,0,389,1,0,0;                                                   145P     88
508,4,0,389,2,0,0,0,389,3,1,0,0,389,1,1,0,0,389,3,0,0;               147P     89
508,1,0,389,2,1,0;                                                   149P     90
126,4,2,0,0,0,0,-3.14159265358979,-3.14159265358979,                 151P     91
-3.14159265358979,-1.5707963267949,-1.5707963267949,0.,0.,0.,1.,     151P     92
0.707106781186546,1.,0.707106781186546,1.,36.4726395445855,          151P     93
10.4829750469017,8.17776880375642,36.4726395445855,                  151P     94
14.9790324798077,8.17776880375642,40.9686969774916,                  151P     95
14.9790324798077,8.17776880375642,45.4647544103976,                  151P     96
14.9790324798077,8.17776880375642,45.4647544103976,                  151P     97
10.4829750469017,8.17776880375642,-3.14159265358979,0.,0.,0.,0.;     151P     98
126,2,2,0,0,0,0,-2.4775464907631,-2.4775464907631,                   153P     99
-2.4775464907631,-1.57079632679489,-1.57079632679489,                153P    100
-1.57079632679489,1.,0.898973932230003,1.,45.4647544103976,          153P    101
10.4829750469017,8.17776880375641,45.6899647785548,                  153P    102
10.4829750469017,7.89,46.0553831611533,10.4829750469017,7.89,        153P    103
-2.4775464907631,-1.57079632679489,0.,0.,0.;                         153P    104
126,4,2,0,0,0,0,0.,0.,0.,1.5707963267949,1.5707963267949,            155P    105
3.14159265358979,3.14159265358979,3.14159265358979,1.,               155P    106
0.707106781186547,1.,0.707106781186547,1.,46.0553831611533,          155P    107
10.4829750469017,7.89,46.0553831611533,15.5696612305634,7.89,        155P    108
40.9686969774916,15.5696612305634,7.89,35.8820107938298,             155P    109
15.5696612305634,7.89,35.8820107938298,10.4829750469017,7.89,0.,     155P    110
3.14159265358979,0.,0.,0.;                                           155P    111
126,4,2,0,0,0,0,-3.14159265358979,-3.14159265358979,                 157P    112
-3.14159265358979,-1.5707963267949,-1.5707963267949,0.,0.,0.,1.,     157P    113
0.707106781186547,1.,0.707106781186547,1.,35.8820107938298,          157P    114
10.4829750469017,7.89,35.8820107938298,5.39628886323999,7.89,        157P    115
40.9686969774916,5.39628886323999,7.89,46.0553831611533,             157P    116
5.39628886323999,7.89,46.0553831611533,10.4829750469017,7.89,        157P    117
-3.14159265358979,0.,0.,0.,0.;                                       157P    118
126,4,2,0,0,0,0,0.,0.,0.,1.5707963267949,1.5707963267949,            159P    119
3.14159265358979,3.14159265358979,3.14159265358979,1.,               159P    120
0.707106781186546,1.,0.707106781186546,1.,45.4647544103976,          159P    121
10.4829750469017,8.17776880375642,45.4647544103976,                  159P    122
5.98691761399567,8.17776880375642,40.9686969774916,                  159P    123
5.98691761399567,8.17776880375642,36.4726395445855,                  159P    124
5.98691761399567,8.17776880375642,36.4726395445855,                  159P    125
10.4829750469017,8.17776880375642,0.,3.14159265358979,0.,0.,0.;      159P    126
126,2,2,0,0,0,0,-3.14159265358979,-3.14159265358979,                 161P    127
-3.14159265358979,-1.5707963267949,-1.5707963267949,                 161P    128
-1.5707963267949,1.,0.70710678118655,1.,40.9686969774916,            161P    129
14.142346296146,9.24686781621306,37.3093257282473,                   161P    130
14.142346296146,9.24686781621306,37.3093257282473,                   161P    131
10.4829750469017,9.24686781621306,-3.14159265358979,                 161P    132
-1.5707963267949,0.,0.,0.;                                           161P    133
126,6,2,0,0,0,0,-1.5707963267949,-1.5707963267949,                   163P    134
-1.5707963267949,0.,0.,1.5707963267949,1.5707963267949,              163P    135
3.14159265358979,3.14159265358979,3.14159265358979,1.,               163P    136
0.70710678118655,1.,0.707106781186547,1.,0.707106781186547,1.,       163P    137
37.3093257282473,10.4829750469017,9.24686781621306,                  163P    138
37.3093257282473,6.8236037976574,9.24686781621306,                   163P    139
40.9686969774916,6.8236037976574,9.24686781621306,                   163P    140
44.6280682267359,6.8236037976574,9.24686781621306,                   163P    141
44.6280682267359,10.4829750469017,9.24686781621306,                  163P    142
44.6280682267359,14.142346296146,9.24686781621306,                   163P    143
40.9686969774916,14.142346296146,9.24686781621306,                   163P    144
-1.5707963267949,3.14159265358979,0.,0.,0.;                          163P    145
126,1,1,0,0,1,0,-0.20122575077488,-0.20122575077488,                 165P    146
0.142464736892917,0.142464736892917,1.,1.,37.3093257282473,          165P    147
10.4829750469017,9.24686781621306,36.4726395445855,                  165P    148
10.4829750469017,8.17776880375641,-0.20122575077488,                 165P    149
0.142464736892917,0.,0.,0.;                                          165P    150
126,1,1,0,0,1,0,-0.775330520687422,-0.775330520687422,               167P    151
-0.686825318821557,-0.686825318821557,1.,1.,46.9216374273869,        167P    152
11.2329750469017,7.89,47.8066894460456,11.2329750469017,7.89,        167P    153
-0.775330520687422,-0.686825318821557,0.,0.,0.;                      167P    154
126,4,2,0,0,0,0,-3.03234801357844,-3.03234801357844,                 169P    155
-3.03234801357844,-1.5707963267949,-1.5707963267949,                 169P    156
-0.109244640011358,-0.109244640011358,-0.109244640011358,1.,         169P    157
0.744656791724776,1.,0.744656791724778,1.,47.8066894460455,          169P    158
11.2329750469017,7.89,47.1344526717087,17.3619750469017,7.89,        169P    159
40.9686969774916,17.3619750469017,7.89,34.8029412832744,             169P    160
17.3619750469017,7.89,34.1307045089376,11.2329750469017,7.89,        169P    161
-3.03234801357844,-0.109244640011358,0.,0.,0.;                       169P    162
126,1,1,0,0,1,0,-1.50960529087152,-1.50960529087152,                 171P    163
-1.42110008900566,-1.42110008900566,1.,1.,34.1307045089376,          171P    164
11.2329750469017,7.89,35.0157565275962,11.2329750469017,7.89,        171P    165
-1.50960529087152,-1.42110008900566,0.,0.,0.;                        171P    166
126,2,2,0,0,0,0,-0.125327831168065,-0.125327831168065,               173P    167
-0.125327831168065,0.125327831168065,0.125327831168065,              173P    168
0.125327831168065,1.,0.992156741649267,1.,35.0157565275962,          173P    169
11.2329750469017,7.89,34.9212654093439,10.4829750469017,7.89,        173P    170
35.0157565275962,9.73297504690171,7.89,-0.125327831168065,           173P    171
0.125327831168065,0.,0.,0.;                                          173P    172
126,1,1,0,0,1,0,1.37062456567696,1.37062456567696,                   175P    173
1.45912976754282,1.45912976754282,1.,1.,35.0157565275962,            175P    174
9.73297504690171,7.89,34.1307045089376,9.73297504690171,7.89,        175P    175
1.37062456567696,1.45912976754282,0.,0.,0.;                          175P    176
126,4,2,0,0,0,0,0.109244640011358,0.109244640011358,                 177P    177
0.109244640011358,1.5707963267949,1.5707963267949,                   177P    178
3.03234801357844,3.03234801357844,3.03234801357844,1.,               177P    179
0.744656791724778,1.,0.744656791724777,1.,34.1307045089376,          177P    180
9.73297504690172,7.89,34.8029412832744,3.60397504690171,7.89,        177P    181
40.9686969774916,3.60397504690171,7.89,47.1344526717087,             177P    182
3.60397504690171,7.89,47.8066894460455,9.73297504690173,7.89,        177P    183
0.109244640011358,3.03234801357844,0.,0.,0.;                         177P    184
126,1,1,0,0,1,0,0.636349795492855,0.636349795492855,                 179P    185
0.724854997358721,0.724854997358721,1.,1.,47.8066894460456,          179P    186
9.73297504690171,7.89,46.9216374273869,9.73297504690171,7.89,        179P    187
0.636349795492855,0.724854997358721,0.,0.,0.;                        179P    188
126,2,2,0,0,0,0,3.01626482242173,3.01626482242173,                   181P    189
3.01626482242173,3.26692048475786,3.26692048475786,                  181P    190
3.26692048475786,1.,0.992156741648988,1.,46.9216374273869,           181P    191
9.73297504690171,7.89,47.0161285456392,10.4829750469017,7.89,        181P    192
46.9216374273869,11.2329750469017,7.89,3.01626482242173,             181P    193
3.26692048475786,0.,0.,0.;                                           181P    194
126,2,2,0,0,0,0,2.47754649076311,2.47754649076311,                   183P    195
2.47754649076311,3.14159265358979,3.14159265358979,                  183P    196
3.14159265358979,1.,0.945384842539804,1.,37.3093257282472,           183P    197
10.4829750469017,9.24686781621305,37.4686969774916,                  183P    198
10.4829750469017,9.45050885691413,37.4686969774916,                  183P    199
10.4829750469017,9.70909901245664,2.47754649076311,                  183P    200
3.14159265358979,0.,0.,0.;                                           183P    201
126,2,2,0,0,0,0,1.5707963267949,1.5707963267949,1.5707963267949,     185P    202
3.14159265358979,3.14159265358979,3.14159265358979,1.,               185P    203
0.707106781186549,1.,37.4686969774916,10.4829750469017,              185P    204
9.70909901245664,37.4686969774916,13.9829750469017,                  185P    205
9.70909901245664,40.9686969774916,13.9829750469017,                  185P    206
9.70909901245664,1.5707963267949,3.14159265358979,0.,0.,0.;          185P    207
126,6,2,0,0,0,0,-3.14159265358979,-3.14159265358979,                 187P    208
-3.14159265358979,-1.5707963267949,-1.5707963267949,0.,0.,           187P    209
1.5707963267949,1.5707963267949,1.5707963267949,1.,                  187P    210
0.707106781186545,1.,0.707106781186545,1.,0.707106781186549,1.,      187P    211
40.9686969774916,13.9829750469017,9.70909901245664,                  187P    212
44.4686969774916,13.9829750469017,9.70909901245664,                  187P    213
44.4686969774916,10.4829750469017,9.70909901245664,                  187P    214
44.4686969774916,6.98297504690171,9.70909901245664,                  187P    215
40.9686969774916,6.98297504690171,9.70909901245664,                  187P    216
37.4686969774916,6.98297504690171,9.70909901245664,                  187P    217
37.4686969774916,10.4829750469017,9.70909901245664,                  187P    218
-3.14159265358979,1.5707963267949,0.,0.,0.;                          187P    219
126,8,2,0,1,0,0,-3.14159265358979,-3.14159265358979,                 189P    220
-3.14159265358979,-1.5707963267949,-1.5707963267949,0.,0.,           189P    221
1.5707963267949,1.5707963267949,3.14159265358979,                    189P    222
3.14159265358979,3.14159265358979,1.,0.70710678118655,1.,            189P    223
0.707106781186546,1.,0.707106781186546,1.,0.707106781186545,1.,      189P    224
40.9686969774916,13.9829750469017,10.99,37.4686969774916,            189P    225
13.9829750469017,10.99,37.4686969774916,10.4829750469017,10.99,      189P    226
37.4686969774916,6.98297504690171,10.99,40.9686969774916,            189P    227
6.98297504690171,10.99,44.4686969774916,6.98297504690171,10.99,      189P    228
44.4686969774916,10.4829750469017,10.99,44.4686969774916,            189P    229
13.9829750469017,10.99,40.9686969774916,13.9829750469017,10.99,      189P    230
-3.14159265358979,3.14159265358979,0.,0.,0.;                         189P    231
126,1,1,0,0,1,0,-0.857142857142859,-0.857142857142859,               191P    232
-0.491171146416183,-0.491171146416183,1.,1.,40.9686969774916,        191P    233
13.9829750469017,10.99,40.9686969774916,13.9829750469017,            191P    234
9.70909901245664,-0.857142857142859,-0.491171146416183,0.,0.,0.;     191P    235
126,2,2,0,0,0,0,-3.14159265358979,-3.14159265358979,                 193P    236
-3.14159265358979,-1.5707963267949,-1.5707963267949,                 193P    237
-1.5707963267949,1.,0.707106781186548,1.,40.9686969774916,           193P    238
14.6829750469017,7.865,36.7686969774916,14.6829750469017,7.865,      193P    239
36.7686969774916,10.4829750469017,7.865,-3.14159265358979,           193P    240
-1.5707963267949,0.,0.,0.;                                           193P    241
126,2,2,0,0,0,0,-0.643501108793308,-0.643501108793308,               195P    242
-0.643501108793308,0.,0.,0.,1.,0.948683298050818,1.,                 195P    243
36.7686969774916,10.4829750469017,7.865,36.7186969774916,            195P    244
10.4829750469017,7.79833333333333,36.7186969774916,                  195P    245
10.4829750469017,7.715,-0.643501108793308,0.,0.,0.,0.;               195P    246
126,2,2,0,0,0,0,1.5707963267949,1.5707963267949,1.5707963267949,     197P    247
3.14159265358979,3.14159265358979,3.14159265358979,1.,               197P    248
0.707106781186547,1.,36.7186969774916,10.4829750469017,7.715,        197P    249
36.7186969774916,14.7329750469017,7.715,40.9686969774916,            197P    250
14.7329750469017,7.715,1.5707963267949,3.14159265358979,0.,0.,       197P    251
0.;                                                                  197P    252
126,6,2,0,0,0,0,-3.14159265358979,-3.14159265358979,                 199P    253
-3.14159265358979,-1.5707963267949,-1.5707963267949,0.,0.,           199P    254
1.5707963267949,1.5707963267949,1.5707963267949,1.,                  199P    255
0.70710678118655,1.,0.70710678118655,1.,0.707106781186547,1.,        199P    256
40.9686969774916,14.7329750469017,7.715,45.2186969774916,            199P    257
14.7329750469017,7.715,45.2186969774916,10.4829750469017,7.715,      199P    258
45.2186969774916,6.23297504690171,7.715,40.9686969774916,            199P    259
6.23297504690171,7.715,36.7186969774916,6.23297504690171,7.715,      199P    260
36.7186969774916,10.4829750469017,7.715,-3.14159265358979,           199P    261
1.5707963267949,0.,0.,0.;                                            199P    262
126,6,2,0,0,0,0,-1.5707963267949,-1.5707963267949,                   201P    263
-1.5707963267949,0.,0.,1.5707963267949,1.5707963267949,              201P    264
3.14159265358979,3.14159265358979,3.14159265358979,1.,               201P    265
0.707106781186548,1.,0.707106781186548,1.,0.707106781186548,1.,      201P    266
36.7686969774916,10.4829750469017,7.865,36.7686969774916,            201P    267
6.28297504690171,7.865,40.9686969774916,6.28297504690171,7.865,      201P    268
45.1686969774916,6.28297504690171,7.865,45.1686969774916,            201P    269
10.4829750469017,7.865,45.1686969774916,14.6829750469017,7.865,      201P    270
40.9686969774916,14.6829750469017,7.865,-1.5707963267949,            201P    271
3.14159265358979,0.,0.,0.;                                           201P    272
126,4,2,0,0,0,0,-3.14159265358979,-3.14159265358979,                 203P    273
-3.14159265358979,-1.5707963267949,-1.5707963267949,0.,0.,0.,1.,     203P    274
0.707106781186549,1.,0.707106781186549,1.,37.4624469774916,          203P    275
10.4829750469017,8.79,37.4624469774916,13.9892250469017,8.79,        203P    276
40.9686969774916,13.9892250469017,8.79,44.4749469774916,             203P    277
13.9892250469017,8.79,44.4749469774916,10.4829750469017,8.79,        203P    278
-3.14159265358979,0.,0.,0.,0.;                                       203P    279
126,1,1,0,0,1,0,-0.13967741935484,-0.13967741935484,                 205P    280
0.158709677419356,0.158709677419356,1.,1.,37.4624469774916,          205P    281
10.4829750469017,8.79,36.7686969774916,10.4829750469017,7.865,       205P    282
-0.13967741935484,0.158709677419356,0.,0.,0.;                        205P    283
126,4,2,0,0,0,0,0.,0.,0.,1.5707963267949,1.5707963267949,            207P    284
3.14159265358979,3.14159265358979,3.14159265358979,1.,               207P    285
0.707106781186548,1.,0.707106781186548,1.,44.4749469774916,          207P    286
10.4829750469017,8.79,44.4749469774916,6.97672504690172,8.79,        207P    287
40.9686969774916,6.97672504690172,8.79,37.4624469774916,             207P    288
6.97672504690172,8.79,37.4624469774916,10.4829750469017,8.79,0.,     207P    289
3.14159265358979,0.,0.,0.;                                           207P    290
126,1,1,0,0,1,0,-0.194117647058823,-0.194117647058823,               209P    291
-0.170588235294118,-0.170588235294118,1.,1.,40.9686969774916,        209P    292
14.7329750469017,7.715,40.9686969774916,14.7329750469017,7.615,      209P    293
-0.194117647058823,-0.170588235294118,0.,0.,0.;                      209P    294
126,2,2,0,0,0,0,3.14159265358979,3.14159265358979,                   211P    295
3.14159265358979,3.37911382437124,3.37911382437124,                  211P    296
3.37911382437124,1.,0.992956246323808,1.,40.9686969774916,           211P    297
14.7329750469017,7.615,41.4758158580171,14.7329750469017,7.615,      211P    298
41.9686969774916,14.6136529573663,7.615,3.14159265358979,            211P    299
3.37911382437124,0.,0.,0.;                                           211P    300
126,1,1,0,0,1,0,-0.0725000000000001,-0.0725000000000001,0.,0.,       213P    301
1.,1.,41.9686969774916,14.6136529573663,7.615,41.9686969774916,      213P    302
14.6136529573663,6.89,-0.0725000000000001,0.,0.,0.,0.;               213P    303
126,4,2,0,0,0,0,0.237521170781446,0.237521170781446,                 215P    304
0.237521170781446,1.5707963267949,1.5707963267949,                   215P    305
2.90407148280835,2.90407148280835,2.90407148280835,1.,               215P    306
0.785905247993374,1.,0.785905247993376,1.,41.9686969774916,          215P    307
6.35229713643713,6.89,45.2186969774916,7.13909292890658,6.89,        215P    308
45.2186969774916,10.4829750469017,6.89,45.2186969774916,             215P    309
13.8268571648968,6.89,41.9686969774916,14.6136529573663,6.89,        215P    310
0.237521170781446,2.90407148280835,0.,0.,0.;                         215P    311
126,1,1,0,0,1,0,0.,0.,0.0725000000000001,0.0725000000000001,1.,      217P    312
1.,41.9686969774916,6.35229713643713,6.89,41.9686969774916,          217P    313
6.35229713643713,7.615,0.,0.0725000000000001,0.,0.,0.;               217P    314
126,2,2,0,0,0,0,-0.237521170781447,-0.237521170781447,               219P    315
-0.237521170781447,0.237521170781446,0.237521170781446,              219P    316
0.237521170781446,1.,0.971924214226962,1.,41.9686969774916,          219P    317
6.35229713643713,7.615,40.9686969774916,6.11020612336961,7.615,      219P    318
39.9686969774916,6.35229713643713,7.615,-0.237521170781447,          219P    319
0.237521170781446,0.,0.,0.;                                          219P    320
126,1,1,0,0,1,0,-0.0725000000000001,-0.0725000000000001,0.,0.,       221P    321
1.,1.,39.9686969774916,6.35229713643713,7.615,39.9686969774916,      221P    322
6.35229713643713,6.89,-0.0725000000000001,0.,0.,0.,0.;               221P    323
126,4,2,0,0,0,0,-2.90407148280835,-2.90407148280835,                 223P    324
-2.90407148280835,-1.5707963267949,-1.5707963267949,                 223P    325
-0.237521170781446,-0.237521170781446,-0.237521170781446,1.,         223P    326
0.785905247993375,1.,0.785905247993376,1.,39.9686969774916,          223P    327
14.6136529573663,6.89,36.7186969774916,13.8268571648968,6.89,        223P    328
36.7186969774916,10.4829750469017,6.89,36.7186969774916,             223P    329
7.13909292890657,6.89,39.9686969774916,6.35229713643713,6.89,        223P    330
-2.90407148280835,-0.237521170781446,0.,0.,0.;                       223P    331
126,1,1,0,0,1,0,0.,0.,0.0725000000000001,0.0725000000000001,1.,      225P    332
1.,39.9686969774916,14.6136529573663,6.89,39.9686969774916,          225P    333
14.6136529573663,7.615,0.,0.0725000000000001,0.,0.,0.;               225P    334
126,2,2,0,0,0,0,2.90407148280835,2.90407148280835,                   227P    335
2.90407148280835,3.14159265358979,3.14159265358979,                  227P    336
3.14159265358979,1.,0.99295624632372,1.,39.9686969774916,            227P    337
14.6136529573663,7.615,40.461578096966,14.7329750469017,7.615,       227P    338
40.9686969774916,14.7329750469017,7.615,2.90407148280835,            227P    339
3.14159265358979,0.,0.,0.;                                           227P    340
126,2,2,0,0,0,0,0.643501108793289,0.643501108793289,                 229P    341
0.643501108793289,1.5707963267949,1.5707963267949,                   229P    342
1.5707963267949,1.,0.894427190999876,1.,44.4749469774916,            229P    343
10.4829750469017,8.79,44.3999469774916,10.4829750469017,8.89,        229P    344
44.2749469774916,10.4829750469017,8.89,0.643501108793289,            229P    345
1.5707963267949,0.,0.,0.;                                            229P    346
126,4,2,0,0,0,0,0.,0.,0.,1.5707963267949,1.5707963267949,            231P    347
3.14159265358979,3.14159265358979,3.14159265358979,1.,               231P    348
0.707106781186549,1.,0.707106781186545,1.,44.2749469774916,          231P    349
10.4829750469017,8.89,44.2749469774916,13.7892250469017,8.89,        231P    350
40.9686969774916,13.7892250469017,8.89,37.6624469774916,             231P    351
13.7892250469017,8.89,37.6624469774916,10.4829750469017,8.89,0.,     231P    352
3.14159265358979,0.,0.,0.;                                           231P    353
126,4,2,0,0,0,0,-3.14159265358979,-3.14159265358979,                 233P    354
-3.14159265358979,-1.5707963267949,-1.5707963267949,0.,0.,0.,1.,     233P    355
0.707106781186545,1.,0.707106781186549,1.,37.6624469774916,          233P    356
10.4829750469017,8.89,37.6624469774916,7.17672504690171,8.89,        233P    357
40.9686969774916,7.17672504690171,8.89,44.2749469774916,             233P    358
7.17672504690171,8.89,44.2749469774916,10.4829750469017,8.89,        233P    359
-3.14159265358979,0.,0.,0.,0.;                                       233P    360
126,1,1,0,0,1,0,0.0275000000000001,0.0275000000000001,0.1,0.1,       235P    361
1.,1.,39.9686969774916,16.6524563865282,7.615,39.9686969774916,      235P    362
16.6524563865282,6.89,0.0275000000000001,0.1,0.,0.,0.;               235P    363
126,2,2,0,0,0,0,-1.73148697974678,-1.73148697974678,                 237P    364
-1.73148697974678,-1.41010567384301,-1.41010567384301,               237P    365
-1.41010567384301,1.,0.987117014340266,1.,41.9686969774914,          237P    366
16.6524563865283,6.89,40.9686969774916,16.8145445662228,6.89,        237P    367
39.9686969774917,16.6524563865283,6.89,-1.73148697974678,            237P    368
-1.41010567384301,0.,0.,0.;                                          237P    369
126,1,1,0,0,1,0,-0.1,-0.1,-0.0275,-0.0275,1.,1.,                     239P    370
41.9686969774916,16.6524563865282,6.89,41.9686969774916,             239P    371
16.6524563865282,7.615,-0.1,-0.0275,0.,0.,0.;                        239P    372
126,2,2,0,0,0,0,-1.73148697974678,-1.73148697974678,                 241P    373
-1.73148697974678,-1.41010567384301,-1.41010567384301,               241P    374
-1.41010567384301,1.,0.987117014340226,1.,41.9686969774914,          241P    375
16.6524563865283,7.615,40.9686969774916,16.8145445662228,7.615,      241P    376
39.9686969774917,16.6524563865283,7.615,-1.73148697974678,           241P    377
-1.41010567384301,0.,0.,0.;                                          241P    378
126,1,1,0,0,1,0,-0.1,-0.1,-0.0275000000000001,                       243P    379
-0.0275000000000001,1.,1.,39.9686969774916,4.31349370727517,         243P    380
6.89,39.9686969774916,4.31349370727517,7.615,-0.1,                   243P    381
-0.0275000000000001,0.,0.,0.;                                        243P    382
126,2,2,0,0,0,0,1.41010567384301,1.41010567384301,                   245P    383
1.41010567384301,1.73148697974678,1.73148697974678,                  245P    384
1.73148697974678,1.,0.98711701434024,1.,39.9686969774917,            245P    385
4.31349370727515,7.615,40.9686969774916,4.15140552758058,7.615,      245P    386
41.9686969774914,4.31349370727515,7.615,1.41010567384301,            245P    387
1.73148697974678,0.,0.,0.;                                           245P    388
126,1,1,0,0,1,0,0.0275,0.0275,0.1,0.1,1.,1.,41.9686969774916,        247P    389
4.31349370727518,7.615,41.9686969774916,4.31349370727518,6.89,       247P    390
0.0275,0.1,0.,0.,0.;                                                 247P    391
126,2,2,0,0,0,0,1.41010567384301,1.41010567384301,                   249P    392
1.41010567384301,1.73148697974678,1.73148697974678,                  249P    393
1.73148697974678,1.,0.987117014340253,1.,39.9686969774917,           249P    394
4.31349370727515,6.89,40.9686969774916,4.15140552758058,6.89,        249P    395
41.9686969774914,4.31349370727515,6.89,1.41010567384301,             249P    396
1.73148697974678,0.,0.,0.;                                           249P    397
126,1,1,0,0,1,0,-0.05,-0.05,0.,0.,1.,1.,47.8066894460455,            251P    398
9.73297504690171,8.39,47.8066894460455,9.73297504690171,7.89,        251P    399
-0.05,0.,0.,0.,0.;                                                   251P    400
126,1,1,0,0,1,0,-0.0503645335177154,-0.0503645335177154,             253P    401
0.0381406683481496,0.0381406683481496,1.,1.,46.9216374273869,        253P    402
9.73297504690171,8.39,47.8066894460455,9.73297504690171,8.39,        253P    403
-0.0503645335177154,0.0381406683481496,0.,0.,0.;                     253P    404
126,1,1,0,0,1,0,0.,0.,0.05,0.05,1.,1.,46.9216374273869,              255P    405
9.73297504690171,7.89,46.9216374273869,9.73297504690171,8.39,0.,     255P    406
0.05,0.,0.,0.;                                                       255P    407
126,2,2,0,0,0,0,-3.26692048475786,-3.26692048475786,                 257P    408
-3.26692048475786,-3.01626482242173,-3.01626482242173,               257P    409
-3.01626482242173,1.,0.992156741648988,1.,46.9216374273869,          257P    410
11.2329750469017,8.39,47.0161285456392,10.4829750469017,8.39,        257P    411
46.9216374273869,9.73297504690171,8.39,-3.26692048475786,            257P    412
-3.01626482242173,0.,0.,0.;                                          257P    413
126,1,1,0,0,1,0,0.,0.,0.05,0.05,1.,1.,46.9216374273869,              259P    414
11.2329750469017,7.89,46.9216374273869,11.2329750469017,8.39,0.,     259P    415
0.05,0.,0.,0.;                                                       259P    416
126,1,1,0,0,1,0,-1.32945782536265,-1.32945782536265,                 261P    417
-1.24095262349678,-1.24095262349678,1.,1.,47.8066894460455,          261P    418
11.2329750469017,8.39,46.9216374273869,11.2329750469017,8.39,        261P    419
-1.32945782536265,-1.24095262349678,0.,0.,0.;                        261P    420
126,1,1,0,0,1,0,0.,0.,0.05,0.05,1.,1.,47.8066894460455,              263P    421
11.2329750469017,7.89,47.8066894460455,11.2329750469017,8.39,0.,     263P    422
0.05,0.,0.,0.;                                                       263P    423
126,1,1,0,0,1,0,0.,0.,0.05,0.05,1.,1.,34.1307045089377,              265P    424
9.73297504690171,7.89,34.1307045089377,9.73297504690171,8.39,0.,     265P    425
0.05,0.,0.,0.;                                                       265P    426
126,4,2,0,0,0,0,-3.03234801357843,-3.03234801357843,                 267P    427
-3.03234801357843,-1.5707963267949,-1.5707963267949,                 267P    428
-0.109244640011359,-0.109244640011359,-0.109244640011359,1.,         267P    429
0.744656791724776,1.,0.744656791724778,1.,47.8066894460455,          267P    430
9.73297504690172,8.39,47.1344526717087,3.60397504690171,8.39,        267P    431
40.9686969774916,3.60397504690171,8.39,34.8029412832744,             267P    432
3.60397504690171,8.39,34.1307045089376,9.73297504690172,8.39,        267P    433
-3.03234801357843,-0.109244640011359,0.,0.,0.;                       267P    434
126,4,2,0,0,0,0,0.109244640011359,0.109244640011359,                 269P    435
0.109244640011359,1.5707963267949,1.5707963267949,                   269P    436
3.03234801357843,3.03234801357843,3.03234801357843,1.,               269P    437
0.744656791724779,1.,0.744656791724776,1.,34.1307045089376,          269P    438
11.2329750469017,8.39,34.8029412832744,17.3619750469017,8.39,        269P    439
40.9686969774916,17.3619750469017,8.39,47.1344526717087,             269P    440
17.3619750469017,8.39,47.8066894460455,11.2329750469017,8.39,        269P    441
0.109244640011359,3.03234801357843,0.,0.,0.;                         269P    442
126,1,1,0,0,1,0,0.,0.,0.05,0.05,1.,1.,34.1307045089377,              271P    443
11.2329750469017,7.89,34.1307045089377,11.2329750469017,8.39,0.,     271P    444
0.05,0.,0.,0.;                                                       271P    445
126,8,2,0,1,0,0,-3.14159265358979,-3.14159265358979,                 273P    446
-3.14159265358979,-1.5707963267949,-1.5707963267949,0.,0.,           273P    447
1.5707963267949,1.5707963267949,3.14159265358979,                    273P    448
3.14159265358979,3.14159265358979,1.,0.707106781186547,1.,           273P    449
0.707106781186547,1.,0.707106781186547,1.,0.707106781186547,1.,      273P    450
48.4686969774916,10.4829750469017,8.39,48.4686969774916,             273P    451
17.9829750469017,8.39,40.9686969774916,17.9829750469017,8.39,        273P    452
33.4686969774916,17.9829750469017,8.39,33.4686969774916,             273P    453
10.4829750469017,8.39,33.4686969774916,2.98297504690171,8.39,        273P    454
40.9686969774916,2.98297504690171,8.39,48.4686969774916,             273P    455
2.98297504690171,8.39,48.4686969774916,10.4829750469017,8.39,        273P    456
-3.14159265358979,3.14159265358979,0.,0.,0.;                         273P    457
126,1,1,0,0,1,0,-0.076923076923077,-0.076923076923077,               275P    458
0.153846153846154,0.153846153846154,1.,1.,48.4686969774916,          275P    459
10.4829750469017,8.39,48.4686969774916,10.4829750469017,6.89,        275P    460
-0.076923076923077,0.153846153846154,0.,0.,0.;                       275P    461
126,8,2,0,1,0,0,-3.14159265358979,-3.14159265358979,                 277P    462
-3.14159265358979,-1.5707963267949,-1.5707963267949,0.,0.,           277P    463
1.5707963267949,1.5707963267949,3.14159265358979,                    277P    464
3.14159265358979,3.14159265358979,1.,0.707106781186547,1.,           277P    465
0.707106781186547,1.,0.707106781186547,1.,0.707106781186547,1.,      277P    466
48.4686969774916,10.4829750469017,6.89,48.4686969774916,             277P    467
2.98297504690171,6.89,40.9686969774916,2.98297504690171,6.89,        277P    468
33.4686969774916,2.98297504690171,6.89,33.4686969774916,             277P    469
10.4829750469017,6.89,33.4686969774916,17.9829750469017,6.89,        277P    470
40.9686969774916,17.9829750469017,6.89,48.4686969774916,             277P    471
17.9829750469017,6.89,48.4686969774916,10.4829750469017,6.89,        277P    472
-3.14159265358979,3.14159265358979,0.,0.,0.;                         277P    473
126,1,1,0,0,1,0,-0.0503645335177154,-0.0503645335177154,             279P    474
0.0381406683481496,0.0381406683481496,1.,1.,35.0157565275962,        279P    475
11.2329750469017,8.39,34.1307045089376,11.2329750469017,8.39,        279P    476
-0.0503645335177154,0.0381406683481496,0.,0.,0.;                     279P    477
126,1,1,0,0,1,0,0.,0.,0.05,0.05,1.,1.,35.0157565275962,              281P    478
11.2329750469017,7.89,35.0157565275962,11.2329750469017,8.39,0.,     281P    479
0.05,0.,0.,0.;                                                       281P    480
126,2,2,0,0,0,0,-0.125327831168065,-0.125327831168065,               283P    481
-0.125327831168065,0.125327831168065,0.125327831168065,              283P    482
0.125327831168065,1.,0.992156741649267,1.,35.0157565275962,          283P    483
9.73297504690171,8.39,34.9212654093439,10.4829750469017,8.39,        283P    484
35.0157565275962,11.2329750469017,8.39,-0.125327831168065,           283P    485
0.125327831168065,0.,0.,0.;                                          283P    486
126,1,1,0,0,1,0,0.,0.,0.05,0.05,1.,1.,35.0157565275962,              285P    487
9.73297504690171,7.89,35.0157565275962,9.73297504690171,8.39,0.,     285P    488
0.05,0.,0.,0.;                                                       285P    489
126,1,1,0,0,1,0,-1.32945782536265,-1.32945782536265,                 287P    490
-1.24095262349678,-1.24095262349678,1.,1.,34.1307045089376,          287P    491
9.73297504690171,8.39,35.0157565275962,9.73297504690171,8.39,        287P    492
-1.32945782536265,-1.24095262349678,0.,0.,0.;                        287P    493
126,1,1,0,0,1,0,-0.776932208953543,-0.776932208953543,               289P    494
-0.573051866037294,-0.573051866037294,1.,1.,39.9686969774916,        289P    495
6.35229713643713,7.615,39.9686969774916,4.31349370727465,7.615,      289P    496
-0.776932208953543,-0.573051866037294,0.,0.,0.;                      289P    497
126,1,1,0,0,1,0,-1.74282003198681,-1.74282003198681,                 291P    498
-1.53893968907056,-1.53893968907056,1.,1.,39.9686969774916,          291P    499
6.35229713643713,6.89,39.9686969774916,4.31349370727465,6.89,        291P    500
-1.74282003198681,-1.53893968907056,0.,0.,0.;                        291P    501
126,1,1,0,0,1,0,1.53893968907056,1.53893968907056,                   293P    502
1.74282003198681,1.74282003198681,1.,1.,41.9686969774916,            293P    503
4.31349370727465,6.89,41.9686969774916,6.35229713643713,6.89,        293P    504
1.53893968907056,1.74282003198681,0.,0.,0.;                          293P    505
126,1,1,0,0,1,0,0.573051866037294,0.573051866037294,                 295P    506
0.776932208953543,0.776932208953543,1.,1.,41.9686969774916,          295P    507
4.31349370727465,7.615,41.9686969774916,6.35229713643713,7.615,      295P    508
0.573051866037294,0.776932208953543,0.,0.,0.;                        295P    509
126,1,1,0,0,1,0,1.60306779104646,1.60306779104646,                   297P    510
1.80694813396271,1.80694813396271,1.,1.,41.9686969774916,            297P    511
14.6136529573663,7.615,41.9686969774916,16.6524563865288,7.615,      297P    512
1.60306779104646,1.80694813396271,0.,0.,0.;                          297P    513
126,1,1,0,0,1,0,2.56895561407972,2.56895561407972,                   299P    514
2.77283595699597,2.77283595699597,1.,1.,41.9686969774916,            299P    515
14.6136529573663,6.89,41.9686969774916,16.6524563865288,6.89,        299P    516
2.56895561407972,2.77283595699597,0.,0.,0.;                          299P    517
126,1,1,0,0,1,0,-1.80694813396271,-1.80694813396271,                 301P    518
-1.60306779104646,-1.60306779104646,1.,1.,39.9686969774916,          301P    519
16.6524563865288,7.615,39.9686969774916,14.6136529573663,7.615,      301P    520
-1.80694813396271,-1.60306779104646,0.,0.,0.;                        301P    521
126,1,1,0,0,1,0,-2.77283595699597,-2.77283595699597,                 303P    522
-2.56895561407972,-2.56895561407972,1.,1.,39.9686969774916,          303P    523
16.6524563865288,6.89,39.9686969774916,14.6136529573663,6.89,        303P    524
-2.77283595699597,-2.56895561407972,0.,0.,0.;                        303P    525
126,2,2,0,0,0,0,0.,0.,0.,1.57079632679491,1.57079632679491,          305P    526
1.57079632679491,1.,0.707106781186548,1.,40.9686969774916,           305P    527
13.9829750469017,10.99,40.9686969774916,13.9829750469017,11.24,      305P    528
40.9686969774916,13.7329750469017,11.24,0.,1.57079632679491,0.,      305P    529
0.,0.;                                                               305P    530
126,8,2,0,1,0,0,-3.14159265358979,-3.14159265358979,                 307P    531
-3.14159265358979,-1.5707963267949,-1.5707963267949,0.,0.,           307P    532
1.5707963267949,1.5707963267949,3.14159265358979,                    307P    533
3.14159265358979,3.14159265358979,1.,0.707106781186548,1.,           307P    534
0.707106781186548,1.,0.707106781186545,1.,0.707106781186547,1.,      307P    535
40.9686969774916,13.7329750469017,11.24,44.2186969774916,            307P    536
13.7329750469017,11.24,44.2186969774916,10.4829750469017,11.24,      307P    537
44.2186969774916,7.23297504690171,11.24,40.9686969774916,            307P    538
7.23297504690171,11.24,37.7186969774916,7.23297504690171,11.24,      307P    539
37.7186969774916,10.4829750469017,11.24,37.7186969774916,            307P    540
13.7329750469017,11.24,40.9686969774916,13.7329750469017,11.24,      307P    541
-3.14159265358979,3.14159265358979,0.,0.,0.;                         307P    542
126,8,2,0,1,0,0,-3.14159265358979,-3.14159265358979,                 309P    543
-3.14159265358979,-1.5707963267949,-1.5707963267949,0.,0.,           309P    544
1.5707963267949,1.5707963267949,3.14159265358979,                    309P    545
3.14159265358979,3.14159265358979,1.,0.707106781186548,1.,           309P    546
0.707106781186546,1.,0.707106781186549,1.,0.707106781186551,1.,      309P    547
40.9686969774916,13.2329750469017,7.89,38.2186969774916,             309P    548
13.2329750469017,7.89,38.2186969774916,10.4829750469017,7.89,        309P    549
38.2186969774916,7.7329750469017,7.89,40.9686969774916,              309P    550
7.7329750469017,7.89,43.7186969774916,7.7329750469017,7.89,          309P    551
43.7186969774916,10.4829750469017,7.89,43.7186969774916,             309P    552
13.2329750469017,7.89,40.9686969774916,13.2329750469017,7.89,        309P    553
-3.14159265358979,3.14159265358979,0.,0.,0.;                         309P    554
126,8,2,0,1,0,0,-3.14159265358979,-3.14159265358979,                 311P    555
-3.14159265358979,-1.5707963267949,-1.5707963267949,0.,0.,           311P    556
1.5707963267949,1.5707963267949,3.14159265358979,                    311P    557
3.14159265358979,3.14159265358979,1.,0.707106781186548,1.,           311P    558
0.707106781186546,1.,0.707106781186549,1.,0.707106781186551,1.,      311P    559
40.9686969774916,13.2329750469017,8.89000025272369,                  311P    560
38.2186969774916,13.2329750469017,8.89000025272369,                  311P    561
38.2186969774916,10.4829750469017,8.89000025272369,                  311P    562
38.2186969774916,7.7329750469017,8.89000025272369,                   311P    563
40.9686969774916,7.7329750469017,8.89000025272369,                   311P    564
43.7186969774916,7.7329750469017,8.89000025272369,                   311P    565
43.7186969774916,10.4829750469017,8.89000025272369,                  311P    566
43.7186969774916,13.2329750469017,8.89000025272369,                  311P    567
40.9686969774916,13.2329750469017,8.89000025272369,                  311P    568
-3.14159265358979,3.14159265358979,0.,0.,0.;                         311P    569
126,1,1,0,0,1,0,-0.363636455535887,-0.363636455535887,0.,0.,1.,      313P    570
1.,40.9686969774916,13.2329750469017,8.89000025272369,               313P    571
40.9686969774916,13.2329750469017,7.89,-0.363636455535887,0.,0.,     313P    572
0.,0.;                                                               313P    573
128,2,8,2,2,0,1,0,0,1,1.57079632679489,1.57079632679489,             315P    574
1.57079632679489,2.4775464907631,2.4775464907631,                    315P    575
2.4775464907631,-3.14159265358979,-3.14159265358979,                 315P    576
-3.14159265358979,-1.5707963267949,-1.5707963267949,0.,0.,           315P    577
1.5707963267949,1.5707963267949,3.14159265358979,                    315P    578
3.14159265358979,3.14159265358979,1.,0.898973932230003,1.,           315P    579
0.707106781186548,0.635670563589771,0.707106781186548,1.,            315P    580
0.898973932230003,1.,0.707106781186548,0.635670563589771,            315P    581
0.707106781186548,1.,0.898973932230003,1.,0.707106781186548,         315P    582
0.635670563589771,0.707106781186548,1.,0.898973932230003,1.,         315P    583
0.707106781186548,0.635670563589771,0.707106781186548,1.,            315P    584
0.898973932230003,1.,46.0553831611533,10.4829750469017,7.89,         315P    585
45.6899647785548,10.4829750469017,7.89,45.4647544103976,             315P    586
10.4829750469017,8.17776880375641,46.0553831611533,                  315P    587
5.39628886323998,7.89,45.6899647785548,5.76170724583848,7.89,        315P    588
45.4647544103976,5.98691761399568,8.17776880375641,                  315P    589
40.9686969774916,5.39628886323998,7.89,40.9686969774916,             315P    590
5.76170724583848,7.89,40.9686969774916,5.98691761399568,             315P    591
8.17776880375641,35.8820107938298,5.39628886323998,7.89,             315P    592
36.2474291764283,5.76170724583848,7.89,36.4726395445855,             315P    593
5.98691761399568,8.17776880375641,35.8820107938298,                  315P    594
10.4829750469017,7.89,36.2474291764283,10.4829750469017,7.89,        315P    595
36.4726395445855,10.4829750469017,8.17776880375641,                  315P    596
35.8820107938298,15.5696612305634,7.89,36.2474291764283,             315P    597
15.2042428479649,7.89,36.4726395445855,14.9790324798077,             315P    598
8.17776880375641,40.9686969774916,15.5696612305634,7.89,             315P    599
40.9686969774916,15.2042428479649,7.89,40.9686969774916,             315P    600
14.9790324798077,8.17776880375641,46.0553831611533,                  315P    601
15.5696612305634,7.89,45.6899647785548,15.2042428479649,7.89,        315P    602
45.4647544103976,14.9790324798077,8.17776880375641,                  315P    603
46.0553831611533,10.4829750469017,7.89,45.6899647785548,             315P    604
10.4829750469017,7.89,45.4647544103976,10.4829750469017,             315P    605
8.17776880375641,1.57079632679489,2.4775464907631,                   315P    606
-3.14159265358979,3.14159265358979;                                  315P    607
128,1,8,1,2,0,1,0,0,1,-0.142464736892917,-0.142464736892917,         317P    608
0.20122575077488,0.20122575077488,-3.14159265358979,                 317P    609
-3.14159265358979,-3.14159265358979,-1.5707963267949,                317P    610
-1.5707963267949,0.,0.,1.5707963267949,1.5707963267949,              317P    611
3.14159265358979,3.14159265358979,3.14159265358979,1.,1.,            317P    612
0.707106781186548,0.707106781186548,1.,1.,0.707106781186548,         317P    613
0.707106781186548,1.,1.,0.707106781186548,0.707106781186548,1.,      317P    614
1.,0.707106781186548,0.707106781186548,1.,1.,37.3093257282473,       317P    615
10.4829750469017,9.24686781621306,36.4726395445855,                  317P    616
10.4829750469017,8.17776880375641,37.3093257282473,                  317P    617
6.8236037976574,9.24686781621306,36.4726395445855,                   317P    618
5.98691761399568,8.17776880375641,40.9686969774916,                  317P    619
6.8236037976574,9.24686781621306,40.9686969774916,                   317P    620
5.98691761399567,8.17776880375641,44.6280682267359,                  317P    621
6.8236037976574,9.24686781621306,45.4647544103976,                   317P    622
5.98691761399568,8.17776880375641,44.6280682267359,                  317P    623
10.4829750469017,9.24686781621306,45.4647544103976,                  317P    624
10.4829750469017,8.17776880375641,44.6280682267359,                  317P    625
14.142346296146,9.24686781621306,45.4647544103976,                   317P    626
14.9790324798077,8.17776880375641,40.9686969774916,                  317P    627
14.142346296146,9.24686781621306,40.9686969774916,                   317P    628
14.9790324798077,8.17776880375641,37.3093257282473,                  317P    629
14.142346296146,9.24686781621306,36.4726395445855,                   317P    630
14.9790324798077,8.17776880375641,37.3093257282473,                  317P    631
10.4829750469017,9.24686781621306,36.4726395445855,                  317P    632
10.4829750469017,8.17776880375641,-0.142464736892917,                317P    633
0.20122575077488,-3.14159265358979,3.14159265358979;                 317P    634
128,1,1,1,1,0,0,1,0,0,-3.81067564606653,-3.81067564606653,           319P    635
-2.43287564606653,-2.43287564606653,-2.83075433321978,               319P    636
-2.83075433321978,-1.46115583950898,-1.46115583950898,1.,1.,1.,      319P    637
1.,34.1207045089376,17.3719750469017,7.89,34.1207045089376,          319P    638
3.59397504690171,7.89,47.8166894460455,17.3719750469017,7.89,        319P    639
47.8166894460455,3.59397504690171,7.89,-3.81067564606653,            319P    640
-2.43287564606653,-2.83075433321978,-1.46115583950898;               319P    641
128,2,8,2,2,0,1,0,0,1,-3.14159265358979,-3.14159265358979,           321P    642
-3.14159265358979,-2.47754649076311,-2.47754649076311,               321P    643
-2.47754649076311,-3.14159265358979,-3.14159265358979,               321P    644
-3.14159265358979,-1.5707963267949,-1.5707963267949,0.,0.,           321P    645
1.5707963267949,1.5707963267949,3.14159265358979,                    321P    646
3.14159265358979,3.14159265358979,1.,0.945384842539804,1.,           321P    647
0.707106781186548,0.668488032990872,0.707106781186548,1.,            321P    648
0.945384842539804,1.,0.707106781186548,0.668488032990872,            321P    649
0.707106781186548,1.,0.945384842539804,1.,0.707106781186548,         321P    650
0.668488032990872,0.707106781186548,1.,0.945384842539804,1.,         321P    651
0.707106781186548,0.668488032990872,0.707106781186548,1.,            321P    652
0.945384842539804,1.,37.4686969774916,10.4829750469017,              321P    653
9.70909901245664,37.4686969774916,10.4829750469017,                  321P    654
9.45050885691413,37.3093257282472,10.4829750469017,                  321P    655
9.24686781621305,37.4686969774916,6.98297504690171,                  321P    656
9.70909901245664,37.4686969774916,6.98297504690171,                  321P    657
9.45050885691413,37.3093257282472,6.82360379765739,                  321P    658
9.24686781621305,40.9686969774916,6.98297504690171,                  321P    659
9.70909901245664,40.9686969774916,6.98297504690171,                  321P    660
9.45050885691413,40.9686969774916,6.82360379765739,                  321P    661
9.24686781621305,44.4686969774916,6.98297504690171,                  321P    662
9.70909901245664,44.4686969774916,6.98297504690171,                  321P    663
9.45050885691413,44.6280682267359,6.82360379765739,                  321P    664
9.24686781621305,44.4686969774916,10.4829750469017,                  321P    665
9.70909901245664,44.4686969774916,10.4829750469017,                  321P    666
9.45050885691413,44.6280682267359,10.4829750469017,                  321P    667
9.24686781621305,44.4686969774916,13.9829750469017,                  321P    668
9.70909901245664,44.4686969774916,13.9829750469017,                  321P    669
9.45050885691413,44.6280682267359,14.142346296146,                   321P    670
9.24686781621305,40.9686969774916,13.9829750469017,                  321P    671
9.70909901245664,40.9686969774916,13.9829750469017,                  321P    672
9.45050885691413,40.9686969774916,14.142346296146,                   321P    673
9.24686781621305,37.4686969774916,13.9829750469017,                  321P    674
9.70909901245664,37.4686969774916,13.9829750469017,                  321P    675
9.45050885691413,37.3093257282472,14.142346296146,                   321P    676
9.24686781621305,37.4686969774916,10.4829750469017,                  321P    677
9.70909901245664,37.4686969774916,10.4829750469017,                  321P    678
9.45050885691413,37.3093257282472,10.4829750469017,                  321P    679
9.24686781621305,-3.14159265358979,-2.47754649076311,                321P    680
-3.14159265358979,3.14159265358979;                                  321P    681
128,1,8,1,2,0,1,0,0,1,0.491171146416183,0.491171146416183,           323P    682
0.857142857142859,0.857142857142859,-3.14159265358979,               323P    683
-3.14159265358979,-3.14159265358979,-1.5707963267949,                323P    684
-1.5707963267949,0.,0.,1.5707963267949,1.5707963267949,              323P    685
3.14159265358979,3.14159265358979,3.14159265358979,1.,1.,            323P    686
0.707106781186548,0.707106781186548,1.,1.,0.707106781186548,         323P    687
0.707106781186548,1.,1.,0.707106781186548,0.707106781186548,1.,      323P    688
1.,0.707106781186548,0.707106781186548,1.,1.,40.9686969774916,       323P    689
13.9829750469017,10.99,40.9686969774916,13.9829750469017,            323P    690
9.70909901245664,37.4686969774916,13.9829750469017,10.99,            323P    691
37.4686969774916,13.9829750469017,9.70909901245664,                  323P    692
37.4686969774916,10.4829750469017,10.99,37.4686969774916,            323P    693
10.4829750469017,9.70909901245664,37.4686969774916,                  323P    694
6.98297504690171,10.99,37.4686969774916,6.98297504690171,            323P    695
9.70909901245664,40.9686969774916,6.98297504690171,10.99,            323P    696
40.9686969774916,6.98297504690171,9.70909901245664,                  323P    697
44.4686969774916,6.98297504690171,10.99,44.4686969774916,            323P    698
6.98297504690171,9.70909901245664,44.4686969774916,                  323P    699
10.4829750469017,10.99,44.4686969774916,10.4829750469017,            323P    700
9.70909901245664,44.4686969774916,13.9829750469017,10.99,            323P    701
44.4686969774916,13.9829750469017,9.70909901245664,                  323P    702
40.9686969774916,13.9829750469017,10.99,40.9686969774916,            323P    703
13.9829750469017,9.70909901245664,0.491171146416183,                 323P    704
0.857142857142859,-3.14159265358979,3.14159265358979;                323P    705
128,2,8,2,2,0,1,0,0,1,0.,0.,0.,0.643501108793308,                    325P    706
0.643501108793308,0.643501108793308,-3.14159265358979,               325P    707
-3.14159265358979,-3.14159265358979,-1.5707963267949,                325P    708
-1.5707963267949,0.,0.,1.5707963267949,1.5707963267949,              325P    709
3.14159265358979,3.14159265358979,3.14159265358979,1.,               325P    710
0.948683298050818,1.,0.707106781186548,0.670820393250152,            325P    711
0.707106781186548,1.,0.948683298050818,1.,0.707106781186548,         325P    712
0.670820393250152,0.707106781186548,1.,0.948683298050818,1.,         325P    713
0.707106781186548,0.670820393250152,0.707106781186548,1.,            325P    714
0.948683298050818,1.,0.707106781186548,0.670820393250152,            325P    715
0.707106781186548,1.,0.948683298050818,1.,36.7186969774916,          325P    716
10.4829750469017,7.715,36.7186969774916,10.4829750469017,            325P    717
7.79833333333333,36.7686969774916,10.4829750469017,7.865,            325P    718
36.7186969774916,6.23297504690171,7.715,36.7186969774916,            325P    719
6.23297504690171,7.79833333333333,36.7686969774916,                  325P    720
6.28297504690172,7.865,40.9686969774916,6.23297504690171,7.715,      325P    721
40.9686969774916,6.23297504690171,7.79833333333333,                  325P    722
40.9686969774916,6.28297504690172,7.865,45.2186969774916,            325P    723
6.23297504690171,7.715,45.2186969774916,6.23297504690171,            325P    724
7.79833333333333,45.1686969774915,6.28297504690172,7.865,            325P    725
45.2186969774916,10.4829750469017,7.715,45.2186969774916,            325P    726
10.4829750469017,7.79833333333333,45.1686969774915,                  325P    727
10.4829750469017,7.865,45.2186969774916,14.7329750469017,7.715,      325P    728
45.2186969774916,14.7329750469017,7.79833333333333,                  325P    729
45.1686969774915,14.6829750469017,7.865,40.9686969774916,            325P    730
14.7329750469017,7.715,40.9686969774916,14.7329750469017,            325P    731
7.79833333333333,40.9686969774916,14.6829750469017,7.865,            325P    732
36.7186969774916,14.7329750469017,7.715,36.7186969774916,            325P    733
14.7329750469017,7.79833333333333,36.7686969774916,                  325P    734
14.6829750469017,7.865,36.7186969774916,10.4829750469017,7.715,      325P    735
36.7186969774916,10.4829750469017,7.79833333333333,                  325P    736
36.7686969774916,10.4829750469017,7.865,0.,0.643501108793308,        325P    737
-3.14159265358979,3.14159265358979;                                  325P    738
128,1,8,1,2,0,1,0,0,1,-0.158709677419356,-0.158709677419356,         327P    739
0.13967741935484,0.13967741935484,-3.14159265358979,                 327P    740
-3.14159265358979,-3.14159265358979,-1.5707963267949,                327P    741
-1.5707963267949,0.,0.,1.5707963267949,1.5707963267949,              327P    742
3.14159265358979,3.14159265358979,3.14159265358979,1.,1.,            327P    743
0.707106781186548,0.707106781186548,1.,1.,0.707106781186548,         327P    744
0.707106781186548,1.,1.,0.707106781186548,0.707106781186548,1.,      327P    745
1.,0.707106781186548,0.707106781186548,1.,1.,36.7686969774916,       327P    746
10.4829750469017,7.865,37.4624469774916,10.4829750469017,8.79,       327P    747
36.7686969774916,6.28297504690171,7.865,37.4624469774916,            327P    748
6.97672504690172,8.79,40.9686969774916,6.28297504690171,7.865,       327P    749
40.9686969774916,6.97672504690172,8.79,45.1686969774916,             327P    750
6.28297504690171,7.865,44.4749469774916,6.97672504690172,8.79,       327P    751
45.1686969774916,10.4829750469017,7.865,44.4749469774916,            327P    752
10.4829750469017,8.79,45.1686969774916,14.6829750469017,7.865,       327P    753
44.4749469774916,13.9892250469017,8.79,40.9686969774916,             327P    754
14.6829750469017,7.865,40.9686969774916,13.9892250469017,8.79,       327P    755
36.7686969774916,14.6829750469017,7.865,37.4624469774916,            327P    756
13.9892250469017,8.79,36.7686969774916,10.4829750469017,7.865,       327P    757
37.4624469774916,10.4829750469017,8.79,-0.158709677419356,           327P    758
0.13967741935484,-3.14159265358979,3.14159265358979;                 327P    759
128,1,8,1,2,0,1,0,0,1,0.,0.,0.194117647058823,0.194117647058823,     329P    760
-3.14159265358979,-3.14159265358979,-3.14159265358979,               329P    761
-1.5707963267949,-1.5707963267949,0.,0.,1.5707963267949,             329P    762
1.5707963267949,3.14159265358979,3.14159265358979,                   329P    763
3.14159265358979,1.,1.,0.707106781186548,0.707106781186548,1.,       329P    764
1.,0.707106781186548,0.707106781186548,1.,1.,0.707106781186548,      329P    765
0.707106781186548,1.,1.,0.707106781186548,0.707106781186548,1.,      329P    766
1.,40.9686969774916,14.7329750469017,6.89,40.9686969774916,          329P    767
14.7329750469017,7.715,36.7186969774916,14.7329750469017,6.89,       329P    768
36.7186969774916,14.7329750469017,7.715,36.7186969774916,            329P    769
10.4829750469017,6.89,36.7186969774916,10.4829750469017,7.715,       329P    770
36.7186969774916,6.23297504690171,6.89,36.7186969774916,             329P    771
6.23297504690171,7.715,40.9686969774916,6.23297504690171,6.89,       329P    772
40.9686969774916,6.23297504690171,7.715,45.2186969774916,            329P    773
6.23297504690171,6.89,45.2186969774916,6.23297504690171,7.715,       329P    774
45.2186969774916,10.4829750469017,6.89,45.2186969774916,             329P    775
10.4829750469017,7.715,45.2186969774916,14.7329750469017,6.89,       329P    776
45.2186969774916,14.7329750469017,7.715,40.9686969774916,            329P    777
14.7329750469017,6.89,40.9686969774916,14.7329750469017,7.715,       329P    778
0.,0.194117647058823,-3.14159265358979,3.14159265358979;             329P    779
128,2,8,2,2,0,1,0,0,1,-1.5707963267949,-1.5707963267949,             331P    780
-1.5707963267949,-0.643501108793289,-0.643501108793289,              331P    781
-0.643501108793289,-3.14159265358979,-3.14159265358979,              331P    782
-3.14159265358979,-1.5707963267949,-1.5707963267949,0.,0.,           331P    783
1.5707963267949,1.5707963267949,3.14159265358979,                    331P    784
3.14159265358979,3.14159265358979,1.,0.894427190999876,1.,           331P    785
0.707106781186548,0.632455532033648,0.707106781186548,1.,            331P    786
0.894427190999876,1.,0.707106781186548,0.632455532033648,            331P    787
0.707106781186548,1.,0.894427190999876,1.,0.707106781186548,         331P    788
0.632455532033648,0.707106781186548,1.,0.894427190999876,1.,         331P    789
0.707106781186548,0.632455532033648,0.707106781186548,1.,            331P    790
0.894427190999876,1.,44.2749469774916,10.4829750469017,8.89,         331P    791
44.3999469774916,10.4829750469017,8.89,44.4749469774916,             331P    792
10.4829750469017,8.79,44.2749469774916,7.17672504690171,8.89,        331P    793
44.3999469774916,7.05172504690171,8.89,44.4749469774916,             331P    794
6.97672504690171,8.79,40.9686969774916,7.17672504690171,8.89,        331P    795
40.9686969774916,7.05172504690171,8.89,40.9686969774916,             331P    796
6.97672504690171,8.79,37.6624469774916,7.17672504690171,8.89,        331P    797
37.5374469774916,7.05172504690171,8.89,37.4624469774916,             331P    798
6.97672504690171,8.79,37.6624469774916,10.4829750469017,8.89,        331P    799
37.5374469774916,10.4829750469017,8.89,37.4624469774916,             331P    800
10.4829750469017,8.79,37.6624469774916,13.7892250469017,8.89,        331P    801
37.5374469774916,13.9142250469017,8.89,37.4624469774916,             331P    802
13.9892250469017,8.79,40.9686969774916,13.7892250469017,8.89,        331P    803
40.9686969774916,13.9142250469017,8.89,40.9686969774916,             331P    804
13.9892250469017,8.79,44.2749469774916,13.7892250469017,8.89,        331P    805
44.3999469774916,13.9142250469017,8.89,44.4749469774916,             331P    806
13.9892250469017,8.79,44.2749469774916,10.4829750469017,8.89,        331P    807
44.3999469774916,10.4829750469017,8.89,44.4749469774916,             331P    808
10.4829750469017,8.79,-1.5707963267949,-0.643501108793289,           331P    809
-3.14159265358979,3.14159265358979;                                  331P    810
128,1,1,1,1,0,0,1,0,0,-3.45340064606653,-3.45340064606653,           333P    811
-2.79015064606653,-2.79015064606653,-2.47758008636438,               333P    812
-2.47758008636438,-1.81433008636438,-1.81433008636438,1.,1.,1.,      333P    813
1.,37.6524469774916,7.16672504690171,8.89,37.6524469774916,          333P    814
13.7992250469017,8.89,44.2849469774916,7.16672504690171,8.89,        333P    815
44.2849469774916,13.7992250469017,8.89,-3.45340064606653,            333P    816
-2.79015064606653,-2.47758008636438,-1.81433008636438;               333P    817
128,1,2,1,2,0,0,0,0,0,0.0458333333333332,0.0458333333333332,         335P    818
0.166666666666667,0.166666666666667,1.41010567384299,                335P    819
1.41010567384299,1.41010567384299,1.73148697974681,                  335P    820
1.73148697974681,1.73148697974681,1.,1.,0.987117014340245,           335P    821
0.987117014340245,1.,1.,39.9686969774916,16.6524563865282,7.615,     335P    822
39.9686969774916,16.6524563865282,6.89,40.9686969774916,             335P    823
16.8145445662229,7.615,40.9686969774916,16.8145445662229,6.89,       335P    824
41.9686969774916,16.6524563865282,7.615,41.9686969774916,            335P    825
16.6524563865282,6.89,0.0458333333333332,0.166666666666667,          335P    826
1.41010567384299,1.73148697974681;                                   335P    827
128,1,2,1,2,0,0,0,0,0,0.0458333333333332,0.0458333333333332,         337P    828
0.166666666666667,0.166666666666667,-1.73148697974681,               337P    829
-1.73148697974681,-1.73148697974681,-1.41010567384299,               337P    830
-1.41010567384299,-1.41010567384299,1.,1.,0.987117014340245,         337P    831
0.987117014340245,1.,1.,41.9686969774916,4.31349370727518,7.615,     337P    832
41.9686969774916,4.31349370727518,6.89,40.9686969774916,             337P    833
4.15140552758055,7.615,40.9686969774916,4.15140552758055,6.89,       337P    834
39.9686969774916,4.31349370727517,7.615,39.9686969774916,            337P    835
4.31349370727517,6.89,0.0458333333333332,0.166666666666667,          337P    836
-1.73148697974681,-1.41010567384299;                                 337P    837
128,1,1,1,1,0,0,1,0,0,0.0999510466574035,0.0999510466574035,         339P    838
0.190456248523269,0.190456248523269,-0.001,-0.001,0.051,0.051,       339P    839
1.,1.,1.,1.,46.9116374273869,9.73297504690171,7.88,                  339P    840
47.8166894460456,9.73297504690171,7.88,46.9116374273869,             339P    841
9.73297504690171,8.4,47.8166894460456,9.73297504690171,8.4,          339P    842
0.0999510466574035,0.190456248523269,-0.001,0.051;                   339P    843
128,1,2,1,2,0,0,0,0,0,0.,0.,0.1,0.1,3.01626482242173,                341P    844
3.01626482242173,3.01626482242173,3.26692048475786,                  341P    845
3.26692048475786,3.26692048475786,1.,1.,0.992156741649222,           341P    846
0.992156741649222,1.,1.,46.9216374273869,9.73297504690171,7.89,      341P    847
46.9216374273869,9.73297504690171,8.39,47.0161285456392,             341P    848
10.4829750469017,7.89,47.0161285456392,10.4829750469017,8.39,        341P    849
46.9216374273869,11.2329750469017,7.89,46.9216374273869,             341P    850
11.2329750469017,8.39,0.,0.1,3.01626482242173,3.26692048475786;      341P    851
128,1,1,1,1,0,0,1,0,0,-0.0895052018658659,-0.0895052018658659,       343P    852
0.001,0.001,-0.001,-0.001,0.051,0.051,1.,1.,1.,1.,                   343P    853
47.8166894460456,11.2329750469017,7.88,46.9116374273869,             343P    854
11.2329750469017,7.88,47.8166894460456,11.2329750469017,8.4,         343P    855
46.9116374273869,11.2329750469017,8.4,-0.0895052018658659,0.001,     343P    856
-0.001,0.051;                                                        343P    857
128,1,4,1,2,0,0,0,0,0,0.,0.,0.0833333333333333,                      345P    858
0.0833333333333333,0.109244640011358,0.109244640011358,              345P    859
0.109244640011358,1.5707963267949,1.5707963267949,                   345P    860
3.03234801357844,3.03234801357844,3.03234801357844,1.,1.,            345P    861
0.744656791724778,0.744656791724778,1.,1.,0.744656791724778,         345P    862
0.744656791724778,1.,1.,34.1307045089376,9.73297504690172,7.89,      345P    863
34.1307045089376,9.73297504690172,8.39,34.8029412832744,             345P    864
3.6039750469017,7.89,34.8029412832744,3.6039750469017,8.39,          345P    865
40.9686969774916,3.60397504690171,7.89,40.9686969774916,             345P    866
3.60397504690171,8.39,47.1344526717087,3.60397504690171,7.89,        345P    867
47.1344526717087,3.60397504690171,8.39,47.8066894460455,             345P    868
9.73297504690173,7.89,47.8066894460455,9.73297504690173,8.39,0.,     345P    869
0.0833333333333333,0.109244640011358,3.03234801357844;               345P    870
128,1,4,1,2,0,0,0,0,0,0.,0.,0.0833333333333333,                      347P    871
0.0833333333333333,-3.03234801357844,-3.03234801357844,              347P    872
-3.03234801357844,-1.5707963267949,-1.5707963267949,                 347P    873
-0.109244640011359,-0.109244640011359,-0.109244640011359,1.,1.,      347P    874
0.744656791724778,0.744656791724778,1.,1.,0.744656791724778,         347P    875
0.744656791724778,1.,1.,47.8066894460455,11.2329750469017,7.89,      347P    876
47.8066894460455,11.2329750469017,8.39,47.1344526717087,             347P    877
17.3619750469017,7.89,47.1344526717087,17.3619750469017,8.39,        347P    878
40.9686969774916,17.3619750469017,7.89,40.9686969774916,             347P    879
17.3619750469017,8.39,34.8029412832744,17.3619750469017,7.89,        347P    880
34.8029412832744,17.3619750469017,8.39,34.1307045089376,             347P    881
11.2329750469017,7.89,34.1307045089376,11.2329750469017,8.39,0.,     347P    882
0.0833333333333333,-3.03234801357844,-0.109244640011359;             347P    883
128,1,8,1,2,0,1,0,0,1,-0.153846153846154,-0.153846153846154,         349P    884
0.076923076923077,0.076923076923077,-3.14159265358979,               349P    885
-3.14159265358979,-3.14159265358979,-1.5707963267949,                349P    886
-1.5707963267949,0.,0.,1.5707963267949,1.5707963267949,              349P    887
3.14159265358979,3.14159265358979,3.14159265358979,1.,1.,            349P    888
0.707106781186548,0.707106781186548,1.,1.,0.707106781186548,         349P    889
0.707106781186548,1.,1.,0.707106781186548,0.707106781186548,1.,      349P    890
1.,0.707106781186548,0.707106781186548,1.,1.,48.4686969774916,       349P    891
10.4829750469017,8.39,48.4686969774916,10.4829750469017,6.89,        349P    892
48.4686969774916,17.9829750469017,8.39,48.4686969774916,             349P    893
17.9829750469017,6.89,40.9686969774916,17.9829750469017,8.39,        349P    894
40.9686969774916,17.9829750469017,6.89,33.4686969774916,             349P    895
17.9829750469017,8.39,33.4686969774916,17.9829750469017,6.89,        349P    896
33.4686969774916,10.4829750469017,8.39,33.4686969774916,             349P    897
10.4829750469017,6.89,33.4686969774916,2.98297504690171,8.39,        349P    898
33.4686969774916,2.98297504690171,6.89,40.9686969774916,             349P    899
2.98297504690171,8.39,40.9686969774916,2.98297504690171,6.89,        349P    900
48.4686969774916,2.98297504690171,8.39,48.4686969774916,             349P    901
2.98297504690171,6.89,48.4686969774916,10.4829750469017,8.39,        349P    902
48.4686969774916,10.4829750469017,6.89,-0.153846153846154,           349P    903
0.076923076923077,-3.14159265358979,3.14159265358979;                349P    904
128,1,1,1,1,0,0,1,0,0,0.0999510466574031,0.0999510466574031,         351P    905
0.190456248523268,0.190456248523268,-0.001,-0.001,0.051,0.051,       351P    906
1.,1.,1.,1.,35.0257565275962,11.2329750469017,7.88,                  351P    907
34.1207045089376,11.2329750469017,7.88,35.0257565275962,             351P    908
11.2329750469017,8.4,34.1207045089376,11.2329750469017,8.4,          351P    909
0.0999510466574031,0.190456248523268,-0.001,0.051;                   351P    910
128,1,2,1,2,0,0,0,0,0,0.,0.,0.1,0.1,-0.125327831168065,              353P    911
-0.125327831168065,-0.125327831168065,0.125327831168065,             353P    912
0.125327831168065,0.125327831168065,1.,1.,0.992156741649222,         353P    913
0.992156741649222,1.,1.,35.0157565275962,11.2329750469017,7.89,      353P    914
35.0157565275962,11.2329750469017,8.39,34.9212654093439,             353P    915
10.4829750469017,7.89,34.9212654093439,10.4829750469017,8.39,        353P    916
35.0157565275962,9.73297504690171,7.89,35.0157565275962,             353P    917
9.73297504690171,8.39,0.,0.1,-0.125327831168065,                     353P    918
0.125327831168065;                                                   353P    919
128,1,1,1,1,0,0,1,0,0,-0.0895052018658645,-0.0895052018658645,       355P    920
0.00100000000000044,0.00100000000000044,-0.001,-0.001,0.051,         355P    921
0.051,1.,1.,1.,1.,34.1207045089376,9.73297504690171,7.88,            355P    922
35.0257565275962,9.73297504690171,7.88,34.1207045089376,             355P    923
9.73297504690171,8.4,35.0257565275962,9.73297504690171,8.4,          355P    924
-0.0895052018658645,0.00100000000000044,-0.001,0.051;                355P    925
128,1,1,1,1,0,0,1,0,0,-0.751,-0.751,0.751,0.751,-0.751,-0.751,       357P    926
0.751,0.751,1.,1.,1.,1.,48.4786969774916,17.9929750469017,8.39,      357P    927
33.4586969774916,17.9929750469017,8.39,48.4786969774916,             357P    928
2.97297504690171,8.39,33.4586969774916,2.97297504690171,8.39,        357P    929
-0.751,0.751,-0.751,0.751;                                           357P    930
128,1,1,1,1,0,0,1,0,0,0.1365,0.1365,0.211,0.211,                     359P    931
0.572051866037294,0.572051866037294,0.777932208953543,               359P    932
0.777932208953543,1.,1.,1.,1.,39.9686969774916,4.30349370727465,     359P    933
7.625,39.9686969774916,4.30349370727465,6.88,39.9686969774916,       359P    934
6.36229713643713,7.625,39.9686969774916,6.36229713643713,6.88,       359P    935
0.1365,0.211,0.572051866037294,0.777932208953543;                    359P    936
128,1,1,1,1,0,0,1,0,0,-0.011,-0.011,0.0635000000000001,              361P    937
0.0635000000000001,0.572051866037294,0.572051866037294,              361P    938
0.777932208953543,0.777932208953543,1.,1.,1.,1.,                     361P    939
41.9686969774916,4.30349370727465,6.88,41.9686969774916,             361P    940
4.30349370727465,7.625,41.9686969774916,6.36229713643713,6.88,       361P    941
41.9686969774916,6.36229713643713,7.625,-0.011,                      361P    942
0.0635000000000001,0.572051866037294,0.777932208953543;              361P    943
128,1,1,1,1,0,0,1,0,0,-0.011,-0.011,0.0635000000000001,              363P    944
0.0635000000000001,1.60206779104646,1.60206779104646,                363P    945
1.80794813396271,1.80794813396271,1.,1.,1.,1.,41.9686969774916,      363P    946
14.6036529573663,6.88,41.9686969774916,14.6036529573663,7.625,       363P    947
41.9686969774916,16.6624563865288,6.88,41.9686969774916,             363P    948
16.6624563865288,7.625,-0.011,0.0635000000000001,                    363P    949
1.60206779104646,1.80794813396271;                                   363P    950
128,1,1,1,1,0,0,1,0,0,-0.000999999999999595,                         365P    951
-0.000999999999999595,0.201000000000001,0.201000000000001,           365P    952
0.555843048067887,0.555843048067887,0.777932208953543,               365P    953
0.777932208953543,1.,1.,1.,1.,41.9786969774916,4.14140552758058,     365P    954
7.615,39.9586969774916,4.14140552758058,7.615,41.9786969774916,      365P    955
6.36229713643714,7.615,39.9586969774916,6.36229713643713,7.615,      365P    956
-0.000999999999999595,0.201000000000001,0.555843048067887,           365P    957
0.777932208953543;                                                   365P    958
128,1,1,1,1,0,0,1,0,0,-0.000999999999999556,                         367P    959
-0.000999999999999556,0.201000000000001,0.201000000000001,           367P    960
1.60206779104646,1.60206779104646,1.82415695193211,                  367P    961
1.82415695193211,1.,1.,1.,1.,41.9786969774916,14.6036529573663,      367P    962
7.615,39.9586969774916,14.6036529573663,7.615,41.9786969774916,      367P    963
16.8245445662228,7.615,39.9586969774916,16.8245445662228,7.615,      367P    964
-0.000999999999999556,0.201000000000001,1.60206779104646,            367P    965
1.82415695193211;                                                    367P    966
128,1,1,1,1,0,0,1,0,0,0.1365,0.1365,0.211,0.211,                     369P    967
1.60206779104646,1.60206779104646,1.80794813396271,                  369P    968
1.80794813396271,1.,1.,1.,1.,39.9686969774916,14.6036529573663,      369P    969
7.625,39.9686969774916,14.6036529573663,6.88,39.9686969774916,       369P    970
16.6624563865288,7.625,39.9686969774916,16.6624563865288,6.88,       369P    971
0.1365,0.211,1.60206779104646,1.80794813396271;                      369P    972
128,2,8,2,2,0,1,0,0,1,-1.57079632679491,-1.57079632679491,           371P    973
-1.57079632679491,0.,0.,0.,-3.14159265358979,-3.14159265358979,      371P    974
-3.14159265358979,-1.5707963267949,-1.5707963267949,0.,0.,           371P    975
1.5707963267949,1.5707963267949,3.14159265358979,                    371P    976
3.14159265358979,3.14159265358979,1.,0.707106781186548,1.,           371P    977
0.707106781186548,0.5,0.707106781186548,1.,0.707106781186548,1.,     371P    978
0.707106781186548,0.5,0.707106781186548,1.,0.707106781186548,1.,     371P    979
0.707106781186548,0.5,0.707106781186548,1.,0.707106781186548,1.,     371P    980
0.707106781186548,0.5,0.707106781186548,1.,0.707106781186548,1.,     371P    981
40.9686969774916,13.9829750469017,10.99,40.9686969774916,            371P    982
13.9829750469017,11.24,40.9686969774916,13.7329750469017,11.24,      371P    983
44.4686969774916,13.9829750469017,10.99,44.4686969774916,            371P    984
13.9829750469017,11.24,44.2186969774916,13.7329750469017,11.24,      371P    985
44.4686969774916,10.4829750469017,10.99,44.4686969774916,            371P    986
10.4829750469017,11.24,44.2186969774916,10.4829750469017,11.24,      371P    987
44.4686969774916,6.98297504690171,10.99,44.4686969774916,            371P    988
6.98297504690171,11.24,44.2186969774916,7.23297504690172,11.24,      371P    989
40.9686969774916,6.98297504690171,10.99,40.9686969774916,            371P    990
6.98297504690171,11.24,40.9686969774916,7.23297504690172,11.24,      371P    991
37.4686969774916,6.98297504690171,10.99,37.4686969774916,            371P    992
6.98297504690171,11.24,37.7186969774916,7.23297504690172,11.24,      371P    993
37.4686969774916,10.4829750469017,10.99,37.4686969774916,            371P    994
10.4829750469017,11.24,37.7186969774916,10.4829750469017,11.24,      371P    995
37.4686969774916,13.9829750469017,10.99,37.4686969774916,            371P    996
13.9829750469017,11.24,37.7186969774916,13.7329750469017,11.24,      371P    997
40.9686969774916,13.9829750469017,10.99,40.9686969774916,            371P    998
13.9829750469017,11.24,40.9686969774916,13.7329750469017,11.24,      371P    999
-1.57079632679491,0.,-3.14159265358979,3.14159265358979;             371P   1000
128,1,1,1,1,0,0,1,0,0,-3.44777564606653,-3.44777564606653,           373P   1001
-2.79577564606653,-2.79577564606653,-2.47195508636438,               373P   1002
-2.47195508636438,-1.81995508636438,-1.81995508636438,1.,1.,1.,      373P   1003
1.,37.7086969774916,13.7429750469017,11.24,37.7086969774916,         373P   1004
7.22297504690171,11.24,44.2286969774916,13.7429750469017,11.24,      373P   1005
44.2286969774916,7.22297504690171,11.24,-3.44777564606653,           373P   1006
-2.79577564606653,-2.47195508636438,-1.81995508636438;               373P   1007
128,1,1,1,1,0,0,1,0,0,-3.87277564606653,-3.87277564606653,           375P   1008
-2.37077564606653,-2.37077564606653,-2.89695508636438,               375P   1009
-2.89695508636438,-1.39495508636438,-1.39495508636438,1.,1.,1.,      375P   1010
1.,33.4586969774916,2.97297504690171,6.89,33.4586969774916,          375P   1011
17.9929750469017,6.89,48.4786969774916,2.97297504690171,6.89,        375P   1012
48.4786969774916,17.9929750469017,6.89,-3.87277564606653,            375P   1013
-2.37077564606653,-2.89695508636438,-1.39495508636438;               375P   1014
128,1,1,1,1,0,0,1,0,0,-3.39777564606653,-3.39777564606653,           377P   1015
-2.84577564606653,-2.84577564606653,-2.42195508636438,               377P   1016
-2.42195508636438,-1.86995508636438,-1.86995508636438,1.,1.,1.,      377P   1017
1.,38.2086969774916,7.7229750469017,7.89,38.2086969774916,           377P   1018
13.2429750469017,7.89,43.7286969774916,7.72297504690171,7.89,        377P   1019
43.7286969774916,13.2429750469017,7.89,-3.39777564606653,            377P   1020
-2.84577564606653,-2.42195508636438,-1.86995508636438;               377P   1021
128,1,8,1,2,0,1,0,0,1,0.,0.,0.363636455535887,0.363636455535887,     379P   1022
-3.14159265358979,-3.14159265358979,-3.14159265358979,               379P   1023
-1.5707963267949,-1.5707963267949,0.,0.,1.5707963267949,             379P   1024
1.5707963267949,3.14159265358979,3.14159265358979,                   379P   1025
3.14159265358979,1.,1.,0.707106781186548,0.707106781186548,1.,       379P   1026
1.,0.707106781186548,0.707106781186548,1.,1.,0.707106781186548,      379P   1027
0.707106781186548,1.,1.,0.707106781186548,0.707106781186548,1.,      379P   1028
1.,40.9686969774916,13.2329750469017,8.89000025272369,               379P   1029
40.9686969774916,13.2329750469017,7.89,38.2186969774916,             379P   1030
13.2329750469017,8.89000025272369,38.2186969774916,                  379P   1031
13.2329750469017,7.89,38.2186969774916,10.4829750469017,             379P   1032
8.89000025272369,38.2186969774916,10.4829750469017,7.89,             379P   1033
38.2186969774916,7.7329750469017,8.89000025272369,                   379P   1034
38.2186969774916,7.7329750469017,7.89,40.9686969774916,              379P   1035
7.7329750469017,8.89000025272369,40.9686969774916,                   379P   1036
7.7329750469017,7.89,43.7186969774916,7.7329750469017,               379P   1037
8.89000025272369,43.7186969774916,7.7329750469017,7.89,              379P   1038
43.7186969774916,10.4829750469017,8.89000025272369,                  379P   1039
43.7186969774916,10.4829750469017,7.89,43.7186969774916,             379P   1040
13.2329750469017,8.89000025272369,43.7186969774916,                  379P   1041
13.2329750469017,7.89,40.9686969774916,13.2329750469017,             379P   1042
8.89000025272369,40.9686969774916,13.2329750469017,7.89,0.,          379P   1043
0.363636455535887,-3.14159265358979,3.14159265358979;                379P   1044
128,1,1,1,1,0,0,1,0,0,-3.39777564606653,-3.39777564606653,           381P   1045
-2.84577564606653,-2.84577564606653,-2.42195508636438,               381P   1046
-2.42195508636438,-1.86995508636438,-1.86995508636438,1.,1.,1.,      381P   1047
1.,38.2086969774916,13.2429750469017,8.89000025272369,               381P   1048
38.2086969774916,7.7229750469017,8.89000025272369,                   381P   1049
43.7286969774916,13.2429750469017,8.89000025272369,                  381P   1050
43.7286969774916,7.72297504690171,8.89000025272369,                  381P   1051
-3.39777564606653,-2.84577564606653,-2.42195508636438,               381P   1052
-1.86995508636438;                                                   381P   1053
502,53,36.4726395445855,10.4829750469017,8.17776880375642,           383P   1054
45.4647544103976,10.4829750469017,8.17776880375641,                  383P   1055
46.0553831611533,10.4829750469017,7.89,35.8820107938298,             383P   1056
10.4829750469017,7.89,40.9686969774916,14.142346296146,              383P   1057
9.24686781621306,37.3093257282473,10.4829750469017,                  383P   1058
9.24686781621306,46.9216374273869,11.2329750469017,7.89,             383P   1059
47.8066894460456,11.2329750469017,7.89,34.1307045089376,             383P   1060
11.2329750469017,7.89,35.0157565275962,11.2329750469017,7.89,        383P   1061
35.0157565275962,9.73297504690171,7.89,34.1307045089376,             383P   1062
9.73297504690172,7.89,47.8066894460456,9.73297504690172,7.89,        383P   1063
46.9216374273869,9.73297504690171,7.89,37.4686969774916,             383P   1064
10.4829750469017,9.70909901245664,40.9686969774916,                  383P   1065
13.9829750469017,9.70909901245664,40.9686969774916,                  383P   1066
13.9829750469017,10.99,40.9686969774916,14.6829750469017,7.865,      383P   1067
36.7686969774916,10.4829750469017,7.865,36.7186969774916,            383P   1068
10.4829750469017,7.715,40.9686969774916,14.7329750469017,7.715,      383P   1069
37.4624469774916,10.4829750469017,8.79,44.4749469774916,             383P   1070
10.4829750469017,8.79,40.9686969774916,14.7329750469017,7.615,       383P   1071
41.9686969774916,14.6136529573663,7.615,41.9686969774916,            383P   1072
14.6136529573663,6.89,41.9686969774916,6.35229713643713,6.89,        383P   1073
41.9686969774916,6.35229713643713,7.615,39.9686969774916,            383P   1074
6.35229713643713,7.615,39.9686969774916,6.35229713643713,6.89,       383P   1075
39.9686969774916,14.6136529573663,6.89,39.9686969774916,             383P   1076
14.6136529573663,7.615,44.2749469774916,10.4829750469017,8.89,       383P   1077
37.6624469774916,10.4829750469017,8.89,39.9686969774916,             383P   1078
16.6524563865288,7.615,39.9686969774916,16.6524563865288,6.89,       383P   1079
41.9686969774915,16.6524563865288,6.89,41.9686969774915,             383P   1080
16.6524563865288,7.615,39.9686969774916,4.31349370727465,6.89,       383P   1081
39.9686969774916,4.31349370727465,7.615,41.9686969774915,            383P   1082
4.31349370727465,7.615,41.9686969774915,4.31349370727465,6.89,       383P   1083
47.8066894460455,9.73297504690171,8.39,46.9216374273869,             383P   1084
9.73297504690171,8.39,46.9216374273869,11.2329750469017,8.39,        383P   1085
47.8066894460455,11.2329750469017,8.39,34.1307045089376,             383P   1086
9.73297504690171,8.39,34.1307045089376,11.2329750469017,8.39,        383P   1087
48.4686969774916,10.4829750469017,8.39,48.4686969774916,             383P   1088
10.4829750469017,6.89,35.0157565275962,11.2329750469017,8.39,        383P   1089
35.0157565275962,9.73297504690171,8.39,40.9686969774916,             383P   1090
13.7329750469017,11.24;                                              383P   1091
502,2,40.9686969774916,13.2329750469017,7.89,40.9686969774916,       385P   1092
13.2329750469017,8.89000025272369;                                   385P   1093
504,79,151,383,1,383,2,153,383,2,383,3,155,383,3,383,4,157,383,      387P   1094
4,383,3,159,383,2,383,1,161,383,5,383,6,163,383,6,383,5,165,383,     387P   1095
6,383,1,167,383,7,383,8,169,383,8,383,9,171,383,9,383,10,173,        387P   1096
383,10,383,11,175,383,11,383,12,177,383,12,383,13,179,383,13,        387P   1097
383,14,181,383,14,383,7,183,383,6,383,15,185,383,15,383,16,187,      387P   1098
383,16,383,15,189,383,17,383,17,191,383,17,383,16,193,383,18,        387P   1099
383,19,195,383,19,383,20,197,383,20,383,21,199,383,21,383,20,        387P   1100
201,383,19,383,18,203,383,22,383,23,205,383,22,383,19,207,383,       387P   1101
23,383,22,209,383,21,383,24,211,383,24,383,25,213,383,25,383,26,     387P   1102
215,383,27,383,26,217,383,27,383,28,219,383,28,383,29,221,383,       387P   1103
29,383,30,223,383,31,383,30,225,383,31,383,32,227,383,32,383,24,     387P   1104
229,383,23,383,33,231,383,33,383,34,233,383,34,383,33,235,383,       387P   1105
35,383,36,237,383,37,383,36,239,383,37,383,38,241,383,38,383,35,     387P   1106
243,383,39,383,40,245,383,40,383,41,247,383,41,383,42,249,383,       387P   1107
39,383,42,251,383,43,383,13,253,383,44,383,43,255,383,14,383,44,     387P   1108
257,383,45,383,44,259,383,7,383,45,261,383,46,383,45,263,383,8,      387P   1109
383,46,265,383,12,383,47,267,383,43,383,47,269,383,48,383,46,        387P   1110
271,383,9,383,48,273,383,49,383,49,275,383,49,383,50,277,383,50,     387P   1111
383,50,279,383,51,383,48,281,383,10,383,51,283,383,52,383,51,        387P   1112
285,383,11,383,52,287,383,47,383,52,289,383,29,383,40,291,383,       387P   1113
30,383,39,293,383,42,383,27,295,383,41,383,28,297,383,25,383,38,     387P   1114
299,383,26,383,37,301,383,35,383,32,303,383,36,383,31,305,383,       387P   1115
17,383,53,307,383,53,383,53;                                         387P   1116
504,3,309,385,1,385,1,311,385,2,385,2,313,385,2,385,1;               389P   1117
406,1,8HSilicone;                                                    391P   1118
406,1,16HMembraneGraphite;                                           393P   1119
314,87.843137254902,87.843137254902,87.843137254902,16HSilicone      395P   1120
(White);                                                             395P   1121
314,64.7058823529412,64.7058823529412,64.7058823529412,21HCoatin     397P   1122
g - Black Oxide;                                                     397P   1123
314,62.7450980392157,62.7450980392157,62.7450980392157,13HSteel      399P   1124
- Satin;                                                             399P   1125
S      1G      3D    400P   1125                                        T      1
