ISO-10303-21;
HEADER;
/* Generated by software containing ST-Developer
 * from STEP Tools, Inc. (www.steptools.com) 
 */

FILE_DESCRIPTION(
/* description */ (''),
/* implementation_level */ '2;1');

FILE_NAME(
/* name */ 'Silicone DPad.step',
/* time_stamp */ '2026-09-22T00:48:33-07:00',
/* author */ (''),
/* organization */ (''),
/* preprocessor_version */ 'ST-DEVELOPER v20.2',
/* originating_system */ 'Autodesk Translation Framework v15.15.0.0',
/* authorisation */ '');

FILE_SCHEMA (('AUTOMOTIVE_DESIGN { 1 0 10303 214 3 1 1 }'));
ENDSEC;

DATA;
#10=MECHANICAL_DESIGN_GEOMETRIC_PRESENTATION_REPRESENTATION('',(#13),#5698);
#11=SHAPE_REPRESENTATION_RELATIONSHIP('SRR','None',#5705,#12);
#12=ADVANCED_BREP_SHAPE_REPRESENTATION('',(#14),#5697);
#13=STYLED_ITEM('',(#5714),#14);
#14=MANIFOLD_SOLID_BREP('Silicone DPad Body',#2588);
#15=B_SPLINE_SURFACE_WITH_KNOTS('',3,3,((#4573,#4574,#4575,#4576),(#4577,
#4578,#4579,#4580),(#4581,#4582,#4583,#4584),(#4585,#4586,#4587,#4588)),
 .UNSPECIFIED.,.F.,.F.,.F.,(4,4),(4,4),(0.,1.),(-0.000356865577857374,0.100034954633977),
 .UNSPECIFIED.);
#16=B_SPLINE_SURFACE_WITH_KNOTS('',3,3,((#4597,#4598,#4599,#4600),(#4601,
#4602,#4603,#4604),(#4605,#4606,#4607,#4608),(#4609,#4610,#4611,#4612)),
 .UNSPECIFIED.,.F.,.F.,.F.,(4,4),(4,4),(0.313251207135426,1.),(0.0505113777476329,
0.150903197959466),.UNSPECIFIED.);
#17=B_SPLINE_SURFACE_WITH_KNOTS('',3,3,((#4943,#4944,#4945,#4946),(#4947,
#4948,#4949,#4950),(#4951,#4952,#4953,#4954),(#4955,#4956,#4957,#4958),
(#4959,#4960,#4961,#4962),(#4963,#4964,#4965,#4966),(#4967,#4968,#4969,
#4970)),.UNSPECIFIED.,.F.,.F.,.F.,(4,1,1,1,4),(4,4),(0.,0.285714285714286,
0.5,0.785714285714286,1.),(4.64795952506331E-12,0.100719080743988),
 .UNSPECIFIED.);
#18=B_SPLINE_SURFACE_WITH_KNOTS('',3,3,((#4979,#4980,#4981,#4982),(#4983,
#4984,#4985,#4986),(#4987,#4988,#4989,#4990),(#4991,#4992,#4993,#4994)),
 .UNSPECIFIED.,.F.,.F.,.F.,(4,4),(4,4),(0.718317258617931,0.785245870149865),
(-4.64771771651859E-12,0.100015218021145),.UNSPECIFIED.);
#19=B_SPLINE_SURFACE_WITH_KNOTS('',3,3,((#4996,#4997,#4998,#4999),(#5000,
#5001,#5002,#5003),(#5004,#5005,#5006,#5007),(#5008,#5009,#5010,#5011),
(#5012,#5013,#5014,#5015),(#5016,#5017,#5018,#5019),(#5020,#5021,#5022,
#5023)),.UNSPECIFIED.,.F.,.F.,.F.,(4,1,1,1,4),(4,4),(0.,0.285714285714286,
0.571428571428571,0.857142857142857,1.),(0.119333607107583,0.220050023271509),
 .UNSPECIFIED.);
#20=B_SPLINE_SURFACE_WITH_KNOTS('',3,3,((#5188,#5189,#5190,#5191),(#5192,
#5193,#5194,#5195),(#5196,#5197,#5198,#5199),(#5200,#5201,#5202,#5203),
(#5204,#5205,#5206,#5207),(#5208,#5209,#5210,#5211),(#5212,#5213,#5214,
#5215)),.UNSPECIFIED.,.F.,.F.,.F.,(4,1,1,1,4),(4,4),(0.,0.285714285714286,
0.571428571428571,0.857142857142857,1.),(0.119331014935162,0.220045240603368),
 .UNSPECIFIED.);
#21=B_SPLINE_SURFACE_WITH_KNOTS('',3,3,((#5226,#5227,#5228,#5229),(#5230,
#5231,#5232,#5233),(#5234,#5235,#5236,#5237),(#5238,#5239,#5240,#5241),
(#5242,#5243,#5244,#5245),(#5246,#5247,#5248,#5249),(#5250,#5251,#5252,
#5253)),.UNSPECIFIED.,.F.,.F.,.F.,(4,1,1,1,4),(4,4),(0.,0.285714285714286,
0.571428571428571,0.857142857142857,1.),(-2.64546128616854E-17,0.10071523801369),
 .UNSPECIFIED.);
#22=B_SPLINE_SURFACE_WITH_KNOTS('',3,3,((#5271,#5272,#5273,#5274),(#5275,
#5276,#5277,#5278),(#5279,#5280,#5281,#5282),(#5283,#5284,#5285,#5286)),
 .UNSPECIFIED.,.F.,.F.,.F.,(4,4),(4,4),(0.,1.),(0.0500224730001157,0.150095077253875),
 .UNSPECIFIED.);
#23=B_SPLINE_SURFACE_WITH_KNOTS('',3,3,((#5300,#5301,#5302,#5303),(#5304,
#5305,#5306,#5307),(#5308,#5309,#5310,#5311),(#5312,#5313,#5314,#5315)),
 .UNSPECIFIED.,.F.,.F.,.F.,(4,4),(4,4),(0.,1.),(0.0499389287296067,0.150037155980664),
 .UNSPECIFIED.);
#24=B_SPLINE_SURFACE_WITH_KNOTS('',3,3,((#5333,#5334,#5335,#5336),(#5337,
#5338,#5339,#5340),(#5341,#5342,#5343,#5344),(#5345,#5346,#5347,#5348)),
 .UNSPECIFIED.,.F.,.F.,.F.,(4,4),(4,4),(0.,1.),(0.0500092477953471,0.250137804945692),
 .UNSPECIFIED.);
#25=B_SPLINE_SURFACE_WITH_KNOTS('',3,3,((#5358,#5359,#5360,#5361),(#5362,
#5363,#5364,#5365),(#5366,#5367,#5368,#5369),(#5370,#5371,#5372,#5373)),
 .UNSPECIFIED.,.F.,.F.,.F.,(4,4),(4,4),(0.,1.),(0.0500181458799374,0.250080486697224),
 .UNSPECIFIED.);
#26=B_SPLINE_SURFACE_WITH_KNOTS('',3,3,((#5374,#5375,#5376,#5377),(#5378,
#5379,#5380,#5381),(#5382,#5383,#5384,#5385),(#5386,#5387,#5388,#5389)),
 .UNSPECIFIED.,.F.,.F.,.F.,(4,4),(4,4),(0.,1.),(2.82972232779375E-17,0.200158379360621),
 .UNSPECIFIED.);
#27=B_SPLINE_SURFACE_WITH_KNOTS('',3,3,((#5394,#5395,#5396,#5397),(#5398,
#5399,#5400,#5401),(#5402,#5403,#5404,#5405),(#5406,#5407,#5408,#5409),
(#5410,#5411,#5412,#5413)),.UNSPECIFIED.,.F.,.F.,.F.,(4,1,4),(4,4),(0.,
0.571428571428571,1.),(0.0498235143555945,0.250055396170649),
 .UNSPECIFIED.);
#28=B_SPLINE_SURFACE_WITH_KNOTS('',3,3,((#5433,#5434,#5435,#5436),(#5437,
#5438,#5439,#5440),(#5441,#5442,#5443,#5444),(#5445,#5446,#5447,#5448)),
 .UNSPECIFIED.,.F.,.F.,.F.,(4,4),(4,4),(-0.785245870149867,-0.179663058707765),
(-1.2600601455009E-18,0.100015218021145),.UNSPECIFIED.);
#29=B_SPLINE_SURFACE_WITH_KNOTS('',3,3,((#5452,#5453,#5454,#5455),(#5456,
#5457,#5458,#5459),(#5460,#5461,#5462,#5463),(#5464,#5465,#5466,#5467),
(#5468,#5469,#5470,#5471)),.UNSPECIFIED.,.F.,.F.,.F.,(4,1,4),(4,4),(-0.785245870149868,
-0.112177981449981,0.785245870149868),(-2.07022969764647E-17,0.100015218021145),
 .UNSPECIFIED.);
#30=B_SPLINE_SURFACE_WITH_KNOTS('',3,3,((#5474,#5475,#5476,#5477),(#5478,
#5479,#5480,#5481),(#5482,#5483,#5484,#5485),(#5486,#5487,#5488,#5489),
(#5490,#5491,#5492,#5493)),.UNSPECIFIED.,.F.,.F.,.F.,(4,1,4),(4,4),(-0.785245870149868,
0.112177981449982,0.78524587014987),(-9.30565919850638E-18,0.100015218021145),
 .UNSPECIFIED.);
#31=B_SPLINE_SURFACE_WITH_KNOTS('',3,3,((#5497,#5498,#5499,#5500),(#5501,
#5502,#5503,#5504),(#5505,#5506,#5507,#5508),(#5509,#5510,#5511,#5512),
(#5513,#5514,#5515,#5516)),.UNSPECIFIED.,.F.,.F.,.F.,(4,1,4),(4,4),(-0.785245870149862,
-0.112177981449977,0.785245870149869),(8.20458408807994E-18,0.100015218021145),
 .UNSPECIFIED.);
#32=B_SPLINE_SURFACE_WITH_KNOTS('',3,3,((#5519,#5520,#5521,#5522),(#5523,
#5524,#5525,#5526),(#5527,#5528,#5529,#5530),(#5531,#5532,#5533,#5534),
(#5535,#5536,#5537,#5538)),.UNSPECIFIED.,.F.,.F.,.F.,(4,1,4),(4,4),(-0.78524587014987,
-0.112177981449983,0.785245870149866),(1.49914362022327E-17,0.100015218021145),
 .UNSPECIFIED.);
#33=B_SPLINE_SURFACE_WITH_KNOTS('',3,3,((#5543,#5544,#5545,#5546),(#5547,
#5548,#5549,#5550),(#5551,#5552,#5553,#5554),(#5555,#5556,#5557,#5558),
(#5559,#5560,#5561,#5562)),.UNSPECIFIED.,.F.,.F.,.F.,(4,1,4),(4,4),(-0.785245870149869,
0.112177981449979,0.785245870149866),(1.99789424044112E-17,0.100015218021145),
 .UNSPECIFIED.);
#34=B_SPLINE_SURFACE_WITH_KNOTS('',3,3,((#5566,#5567,#5568,#5569),(#5570,
#5571,#5572,#5573),(#5574,#5575,#5576,#5577),(#5578,#5579,#5580,#5581)),
 .UNSPECIFIED.,.F.,.F.,.F.,(4,4),(4,4),(-0.785245870149867,-0.454436463511013),
(-0.200030434609646,3.83119690077858E-18),.UNSPECIFIED.);
#35=B_SPLINE_SURFACE_WITH_KNOTS('',3,3,((#5585,#5586,#5587,#5588),(#5589,
#5590,#5591,#5592),(#5593,#5594,#5595,#5596),(#5597,#5598,#5599,#5600),
(#5601,#5602,#5603,#5604)),.UNSPECIFIED.,.F.,.F.,.F.,(4,1,4),(4,4),(-0.785245870149868,
-0.112177981449981,0.785245870149868),(-0.200030434609646,3.84245616480029E-18),
 .UNSPECIFIED.);
#36=B_SPLINE_SURFACE_WITH_KNOTS('',3,3,((#5607,#5608,#5609,#5610),(#5611,
#5612,#5613,#5614),(#5615,#5616,#5617,#5618),(#5619,#5620,#5621,#5622),
(#5623,#5624,#5625,#5626)),.UNSPECIFIED.,.F.,.F.,.F.,(4,1,4),(4,4),(-0.785245870149868,
0.112177981449982,0.78524587014987),(-0.200030434609646,-3.39350157077727E-18),
 .UNSPECIFIED.);
#37=B_SPLINE_SURFACE_WITH_KNOTS('',3,3,((#5630,#5631,#5632,#5633),(#5634,
#5635,#5636,#5637),(#5638,#5639,#5640,#5641),(#5642,#5643,#5644,#5645),
(#5646,#5647,#5648,#5649)),.UNSPECIFIED.,.F.,.F.,.F.,(4,1,4),(4,4),(-0.785245870149862,
-0.112177981449977,0.785245870149869),(-0.200030434609646,1.31107270465598E-18),
 .UNSPECIFIED.);
#38=B_SPLINE_SURFACE_WITH_KNOTS('',3,3,((#5652,#5653,#5654,#5655),(#5656,
#5657,#5658,#5659),(#5660,#5661,#5662,#5663),(#5664,#5665,#5666,#5667),
(#5668,#5669,#5670,#5671)),.UNSPECIFIED.,.F.,.F.,.F.,(4,1,4),(4,4),(-0.78524587014987,
-0.112177981449983,0.785245870149866),(-0.200030434609646,-3.30258484642023E-23),
 .UNSPECIFIED.);
#39=B_SPLINE_SURFACE_WITH_KNOTS('',3,3,((#5675,#5676,#5677,#5678),(#5679,
#5680,#5681,#5682),(#5683,#5684,#5685,#5686),(#5687,#5688,#5689,#5690),
(#5691,#5692,#5693,#5694)),.UNSPECIFIED.,.F.,.F.,.F.,(4,1,4),(4,4),(-0.785245870149869,
0.112177981449979,0.785245870149866),(-0.200030434609646,1.61023620454374E-19),
 .UNSPECIFIED.);
#40=B_SPLINE_CURVE_WITH_KNOTS('',3,(#3861,#3862,#3863,#3864,#3865,#3866,
#3867,#3868,#3869,#3870,#3871,#3872,#3873,#3874,#3875,#3876,#3877,#3878,
#3879),.UNSPECIFIED.,.F.,.F.,(4,3,3,3,3,3,4),(0.,0.00780940518437467,0.0157976933186054,
0.0195342262774116,0.0275188994534076,0.0353620147447512,0.0393615615176477),
 .UNSPECIFIED.);
#41=B_SPLINE_CURVE_WITH_KNOTS('',3,(#3891,#3892,#3893,#3894,#3895),
 .UNSPECIFIED.,.F.,.F.,(4,1,4),(-0.78524587014987,-0.112177981449983,0.785245870149866),
 .UNSPECIFIED.);
#42=B_SPLINE_CURVE_WITH_KNOTS('',3,(#3903,#3904,#3905,#3906,#3907),
 .UNSPECIFIED.,.F.,.F.,(4,1,4),(-0.785245870149862,-0.112177981449977,0.785245870149869),
 .UNSPECIFIED.);
#43=B_SPLINE_CURVE_WITH_KNOTS('',3,(#3911,#3912,#3913,#3914,#3915),
 .UNSPECIFIED.,.F.,.F.,(4,1,4),(-0.785245870149868,0.112177981449982,0.78524587014987),
 .UNSPECIFIED.);
#44=B_SPLINE_CURVE_WITH_KNOTS('',3,(#3923,#3924,#3925,#3926,#3927),
 .UNSPECIFIED.,.F.,.F.,(4,1,4),(-0.785245870149868,-0.112177981449981,0.785245870149868),
 .UNSPECIFIED.);
#45=B_SPLINE_CURVE_WITH_KNOTS('',3,(#3931,#3932,#3933,#3934),
 .UNSPECIFIED.,.F.,.F.,(4,4),(-0.785245870149867,-0.461259260094328),
 .UNSPECIFIED.);
#46=B_SPLINE_CURVE_WITH_KNOTS('',3,(#3936,#3937,#3938,#3939,#3940,#3941,
#3942,#3943,#3944,#3945,#3946,#3947,#3948,#3949,#3950,#3951,#3952,#3953,
#3954,#3955,#3956,#3957),.UNSPECIFIED.,.F.,.F.,(4,3,3,3,3,3,3,4),(3.46944695195361E-18,
0.00775792171508027,0.0157643732767471,0.0195305017736525,0.0275331001113306,
0.0343052181309068,0.0421972480846056,0.0490803889860798),.UNSPECIFIED.);
#47=B_SPLINE_CURVE_WITH_KNOTS('',3,(#3961,#3962,#3963,#3964,#3965,#3966,
#3967,#3968,#3969,#3970,#3971,#3972,#3973),.UNSPECIFIED.,.F.,.F.,(4,3,3,
3,4),(0.,0.00792608617168165,0.0128885967218228,0.0208146775651011,0.0257771912589487),
 .UNSPECIFIED.);
#48=B_SPLINE_CURVE_WITH_KNOTS('',3,(#3981,#3982,#3983,#3984,#3985,#3986,
#3987,#3988,#3989,#3990,#3991,#3992,#3993,#3994,#3995,#3996,#3997,#3998,
#3999,#4000,#4001,#4002),.UNSPECIFIED.,.F.,.F.,(4,3,3,3,3,3,3,4),(0.,0.00778746041880612,
0.0157849093349242,0.0195302385266769,0.0275058087268116,0.0314829410786535,
0.0393691129730347,0.0434358305421675),.UNSPECIFIED.);
#49=B_SPLINE_CURVE_WITH_KNOTS('',3,(#4006,#4007,#4008,#4009,#4010,#4011,
#4012,#4013,#4014,#4015,#4016,#4017,#4018,#4019,#4020,#4021,#4022,#4023,
#4024,#4025,#4026,#4027),.UNSPECIFIED.,.F.,.F.,(4,3,3,3,3,3,3,4),(0.,0.00779928214279341,
0.0157916527013329,0.0195300911026989,0.027495029756064,0.0303115379585692,
0.0381958958994222,0.0410931472100565),.UNSPECIFIED.);
#50=B_SPLINE_CURVE_WITH_KNOTS('',3,(#4031,#4032,#4033,#4034,#4035,#4036,
#4037,#4038,#4039,#4040,#4041,#4042,#4043,#4044,#4045,#4046,#4047,#4048,
#4049),.UNSPECIFIED.,.F.,.F.,(4,3,3,3,3,3,4),(0.,0.00782758496474938,0.0157972107257683,
0.017394996523484,0.0253625019467464,0.0332026758237312,0.0347900124484285),
 .UNSPECIFIED.);
#51=B_SPLINE_CURVE_WITH_KNOTS('',3,(#4053,#4054,#4055,#4056,#4057,#4058,
#4059,#4060,#4061,#4062,#4063,#4064,#4065,#4066,#4067,#4068,#4069,#4070,
#4071,#4072,#4073,#4074,#4075,#4076,#4077,#4078,#4079,#4080,#4081,#4082,
#4083),.UNSPECIFIED.,.F.,.F.,(4,3,3,3,3,3,3,3,3,3,4),(0.,0.00782597285451061,
0.0158038571914673,0.0195314211472821,0.0275009043977541,0.0340062534621187,
0.0390598537856458,0.0469883595250087,0.0492570303875379,0.0571738513338134,
0.0594544896269223),.UNSPECIFIED.);
#52=B_SPLINE_CURVE_WITH_KNOTS('',3,(#4087,#4088,#4089,#4090,#4091),
 .UNSPECIFIED.,.F.,.F.,(4,1,4),(-0.785245870149869,0.112177981449979,0.785245870149866),
 .UNSPECIFIED.);
#53=B_SPLINE_CURVE_WITH_KNOTS('',3,(#4102,#4103,#4104,#4105,#4106,#4107,
#4108,#4109,#4110,#4111,#4112,#4113,#4114,#4115,#4116,#4117,#4118,#4119,
#4120,#4121,#4122,#4123),.UNSPECIFIED.,.F.,.F.,(4,3,3,3,3,3,3,4),(0.0179563885656475,
0.0195281101283595,0.0273577882284343,0.0353450374439715,0.0390548670326839,
0.0470376519841689,0.0548670491726925,0.0573048050262179),.UNSPECIFIED.);
#54=B_SPLINE_CURVE_WITH_KNOTS('',3,(#4171,#4172,#4173,#4174,#4175,#4176,
#4177,#4178,#4179,#4180,#4181,#4182,#4183,#4184,#4185,#4186,#4187,#4188,
#4189),.UNSPECIFIED.,.F.,.F.,(4,3,3,3,3,3,4),(0.,0.00780722617183417,0.0157952600453611,
0.019526652631974,0.0275111614726846,0.0353562672755211,0.0393613087765026),
 .UNSPECIFIED.);
#55=B_SPLINE_CURVE_WITH_KNOTS('',3,(#4191,#4192,#4193,#4194,#4195,#4196,
#4197,#4198,#4199,#4200,#4201,#4202,#4203,#4204,#4205,#4206,#4207,#4208,
#4209,#4210,#4211,#4212),.UNSPECIFIED.,.F.,.F.,(4,3,3,3,3,3,3,4),(0.,0.00780940519633404,
0.0157976934158334,0.0195342504546272,0.0275181440878916,0.0353622959724463,
0.0390628455260229,0.039358766683379),.UNSPECIFIED.);
#56=B_SPLINE_CURVE_WITH_KNOTS('',3,(#4224,#4225,#4226,#4227,#4228,#4229,
#4230),.UNSPECIFIED.,.F.,.F.,(4,3,4),(0.,0.148464870748342,0.34641803174613),
 .UNSPECIFIED.);
#57=B_SPLINE_CURVE_WITH_KNOTS('',3,(#4234,#4235,#4236,#4237),
 .UNSPECIFIED.,.F.,.F.,(4,4),(0.,0.0171455082425215),.UNSPECIFIED.);
#58=B_SPLINE_CURVE_WITH_KNOTS('',3,(#4239,#4240,#4241,#4242,#4243,#4244,
#4245,#4246,#4247,#4248,#4249,#4250,#4251,#4252,#4253,#4254,#4255,#4256,
#4257,#4258,#4259,#4260,#4261,#4262,#4263,#4264,#4265,#4266,#4267,#4268,
#4269,#4270,#4271,#4272,#4273,#4274,#4275,#4276,#4277,#4278),
 .UNSPECIFIED.,.F.,.F.,(4,3,3,3,3,3,3,3,3,3,3,3,3,4),(0.,0.00400073033517589,
0.00781286293453761,0.0117437254163428,0.0156275033603628,0.0196255231778764,
0.0205536266580054,0.0234433739538148,0.0274514008797372,0.0312592265108491,
0.0322941491518613,0.0361726514864269,0.0401619237709302,0.0410858589996205),
 .UNSPECIFIED.);
#59=B_SPLINE_CURVE_WITH_KNOTS('',3,(#4282,#4283,#4284,#4285,#4286,#4287,
#4288,#4289,#4290,#4291,#4292,#4293,#4294,#4295,#4296,#4297,#4298,#4299,
#4300),.UNSPECIFIED.,.F.,.F.,(4,3,3,3,3,3,4),(0.,0.00782751849723176,0.0157972323604224,
0.0174051065644672,0.025372675377841,0.0332128401571967,0.0348102101967049),
 .UNSPECIFIED.);
#60=B_SPLINE_CURVE_WITH_KNOTS('',3,(#4304,#4305,#4306,#4307,#4308,#4309,
#4310,#4311,#4312,#4313,#4314,#4315,#4316,#4317,#4318,#4319,#4320,#4321,
#4322,#4323,#4324,#4325),.UNSPECIFIED.,.F.,.F.,(4,3,3,3,3,3,3,4),(0.,0.00779919904799639,
0.0157916282902889,0.0195300777985524,0.0274951015125403,0.0303218030778187,
0.0382061547138809,0.0411136822041564),.UNSPECIFIED.);
#61=B_SPLINE_CURVE_WITH_KNOTS('',3,(#4329,#4330,#4331,#4332,#4333,#4334,
#4335,#4336,#4337,#4338,#4339,#4340,#4341,#4342,#4343,#4344,#4345,#4346,
#4347,#4348,#4349,#4350,#4351,#4352,#4353,#4354,#4355,#4356,#4357,#4358,
#4359,#4360,#4361,#4362,#4363,#4364,#4365,#4366,#4367,#4368,#4369,#4370,
#4371,#4372,#4373,#4374),.UNSPECIFIED.,.F.,.F.,(4,3,3,3,3,3,3,3,3,3,3,3,
3,3,3,4),(0.,0.00400082888333945,0.00781239672114786,0.0118183907613208,
0.0132428096246605,0.0156262931539806,0.0196387916006421,0.0234415076674232,
0.0264813222232623,0.0304877075907545,0.0312571018040028,0.0352645344957242,
0.0390719177850194,0.0397224698775974,0.0437194180132212,0.0463412550386297),
 .UNSPECIFIED.);
#62=B_SPLINE_CURVE_WITH_KNOTS('',3,(#4382,#4383,#4384,#4385,#4386,#4387,
#4388,#4389,#4390,#4391,#4392,#4393,#4394,#4395,#4396,#4397,#4398,#4399,
#4400,#4401,#4402,#4403,#4404,#4405,#4406,#4407,#4408,#4409,#4410,#4411,
#4412,#4413,#4414,#4415,#4416,#4417,#4418,#4419,#4420,#4421,#4422,#4423,
#4424,#4425,#4426,#4427,#4428,#4429,#4430,#4431,#4432,#4433),
 .UNSPECIFIED.,.F.,.F.,(4,3,3,3,3,3,3,3,3,3,3,3,3,3,3,3,3,4),(0.,0.00399677573247253,
0.00781198189311596,0.0118132858912473,0.0154288974934011,0.0156250692073363,
0.0196292925903743,0.0234394954887947,0.0274393427930751,0.0308590171080888,
0.0312547224905307,0.0352565951197712,0.0390697542130654,0.0430734294396219,
0.0462885204531823,0.0468837029491059,0.0508807838821043,0.0539972254605676),
 .UNSPECIFIED.);
#63=B_SPLINE_CURVE_WITH_KNOTS('',3,(#4437,#4438,#4439,#4440,#4441,#4442,
#4443,#4444,#4445,#4446,#4447,#4448,#4449,#4450,#4451,#4452,#4453,#4454,
#4455,#4456,#4457,#4458,#4459,#4460,#4461,#4462,#4463,#4464,#4465,#4466,
#4467,#4468,#4469,#4470,#4471,#4472,#4473,#4474,#4475,#4476,#4477,#4478,
#4479,#4480,#4481,#4482,#4483,#4484,#4485),.UNSPECIFIED.,.F.,.F.,(4,3,3,
3,3,3,3,3,3,3,3,3,3,3,3,3,4),(0.,0.00399969345350812,0.0078121760699691,
0.0118166919496058,0.0142053858210606,0.0156256752836465,0.0196375357698223,
0.023440514426502,0.027447093704033,0.0284087577359842,0.0312559391250129,
0.0352709697162959,0.0390708598012551,0.0426054822855876,0.0443826526506432,
0.0483762276666334,0.0496942499371188),.UNSPECIFIED.);
#64=B_SPLINE_CURVE_WITH_KNOTS('',3,(#4487,#4488,#4489,#4490),
 .UNSPECIFIED.,.F.,.F.,(4,4),(0.0761440447897626,0.209043384888716),
 .UNSPECIFIED.);
#65=B_SPLINE_CURVE_WITH_KNOTS('',3,(#4494,#4495,#4496,#4497,#4498,#4499,
#4500),.UNSPECIFIED.,.F.,.F.,(4,3,4),(0.,0.197953160997796,0.346418031746142),
 .UNSPECIFIED.);
#66=B_SPLINE_CURVE_WITH_KNOTS('',3,(#4508,#4509,#4510,#4511,#4512,#4513,
#4514),.UNSPECIFIED.,.F.,.F.,(4,3,4),(0.,0.148464870748341,0.346418031746128),
 .UNSPECIFIED.);
#67=B_SPLINE_CURVE_WITH_KNOTS('',3,(#4518,#4519,#4520,#4521,#4522,#4523,
#4524),.UNSPECIFIED.,.F.,.F.,(4,3,4),(0.,0.19795316099779,0.346418031746133),
 .UNSPECIFIED.);
#68=B_SPLINE_CURVE_WITH_KNOTS('',3,(#4532,#4533,#4534,#4535,#4536,#4537,
#4538),.UNSPECIFIED.,.F.,.F.,(4,3,4),(0.,0.197953160997788,0.346418031746129),
 .UNSPECIFIED.);
#69=B_SPLINE_CURVE_WITH_KNOTS('',3,(#4589,#4590,#4591,#4592),
 .UNSPECIFIED.,.F.,.F.,(4,4),(-0.0996735814946191,0.000356865577857374),
 .UNSPECIFIED.);
#70=B_SPLINE_CURVE_WITH_KNOTS('',3,(#4593,#4594,#4595,#4596),
 .UNSPECIFIED.,.F.,.F.,(4,4),(4.50756150109557E-6,0.100034954633977),
 .UNSPECIFIED.);
#71=B_SPLINE_CURVE_WITH_KNOTS('',3,(#4613,#4614,#4615,#4616),
 .UNSPECIFIED.,.F.,.F.,(4,4),(0.0508727508869957,0.150903197959466),
 .UNSPECIFIED.);
#72=B_SPLINE_CURVE_WITH_KNOTS('',3,(#4651,#4652,#4653,#4654,#4655,#4656,
#4657),.UNSPECIFIED.,.F.,.F.,(4,3,4),(0.,0.199523931624592,0.349166880343036),
 .UNSPECIFIED.);
#73=B_SPLINE_CURVE_WITH_KNOTS('',3,(#4665,#4666,#4667,#4668,#4669,#4670,
#4671),.UNSPECIFIED.,.F.,.F.,(4,3,4),(0.,0.199523931624591,0.349166880343034),
 .UNSPECIFIED.);
#74=B_SPLINE_CURVE_WITH_KNOTS('',3,(#4675,#4676,#4677,#4678,#4679,#4680,
#4681),.UNSPECIFIED.,.F.,.F.,(4,3,4),(0.,0.149642948718443,0.349166880343035),
 .UNSPECIFIED.);
#75=B_SPLINE_CURVE_WITH_KNOTS('',3,(#4689,#4690,#4691,#4692,#4693,#4694,
#4695),.UNSPECIFIED.,.F.,.F.,(4,3,4),(0.,0.199523931624602,0.349166880343054),
 .UNSPECIFIED.);
#76=B_SPLINE_CURVE_WITH_KNOTS('',3,(#4699,#4700,#4701,#4702),
 .UNSPECIFIED.,.F.,.F.,(4,4),(0.0909733071779099,0.225549649424988),
 .UNSPECIFIED.);
#77=B_SPLINE_CURVE_WITH_KNOTS('',3,(#4704,#4705,#4706,#4707,#4708,#4709,
#4710,#4711,#4712,#4713,#4714,#4715,#4716,#4717,#4718,#4719,#4720,#4721,
#4722,#4723,#4724,#4725,#4726,#4727,#4728,#4729,#4730,#4731,#4732,#4733,
#4734,#4735,#4736,#4737,#4738,#4739,#4740,#4741,#4742,#4743,#4744,#4745,
#4746,#4747,#4748,#4749,#4750,#4751,#4752),.UNSPECIFIED.,.F.,.F.,(4,3,3,
3,3,3,3,3,3,3,3,3,3,3,3,3,4),(0.,0.00399967679594542,0.00781217372339573,
0.0118166599900604,0.0142178876773629,0.0156256684053463,0.0196374850587317,
0.0234405031818566,0.0274470561997107,0.0284338027866823,0.0312559259231412,
0.0352709557515269,0.0390708479207246,0.0426430032675645,0.0444045630217264,
0.0483981714655033,0.0497380811873137),.UNSPECIFIED.);
#78=B_SPLINE_CURVE_WITH_KNOTS('',3,(#4756,#4757,#4758,#4759,#4760,#4761,
#4762,#4763,#4764,#4765,#4766,#4767,#4768,#4769,#4770,#4771,#4772,#4773,
#4774,#4775,#4776,#4777),.UNSPECIFIED.,.F.,.F.,(4,3,3,3,3,3,3,4),(3.46944695195361E-18,
0.00775971039202858,0.0157659615408246,0.0195303482433587,0.027531447553745,
0.0341575949192632,0.0420490508682668,0.0487851249895536),.UNSPECIFIED.);
#79=B_SPLINE_CURVE_WITH_KNOTS('',3,(#4779,#4780,#4781,#4782),
 .UNSPECIFIED.,.F.,.F.,(4,4),(0.,0.107138865804713),.UNSPECIFIED.);
#80=B_SPLINE_CURVE_WITH_KNOTS('',3,(#4786,#4787,#4788,#4789,#4790,#4791,
#4792),.UNSPECIFIED.,.F.,.F.,(4,3,4),(0.,0.218313078226308,0.509397182528051),
 .UNSPECIFIED.);
#81=B_SPLINE_CURVE_WITH_KNOTS('',3,(#4795,#4796,#4797,#4798,#4799,#4800,
#4801),.UNSPECIFIED.,.F.,.F.,(4,3,4),(0.,0.291084104301774,0.509397182528104),
 .UNSPECIFIED.);
#82=B_SPLINE_CURVE_WITH_KNOTS('',3,(#4805,#4806,#4807,#4808,#4809,#4810,
#4811),.UNSPECIFIED.,.F.,.F.,(4,3,4),(0.,0.218313078226314,0.509397182528065),
 .UNSPECIFIED.);
#83=B_SPLINE_CURVE_WITH_KNOTS('',3,(#4814,#4815,#4816,#4817,#4818,#4819,
#4820),.UNSPECIFIED.,.F.,.F.,(4,3,4),(0.,0.21831307822632,0.509397182528079),
 .UNSPECIFIED.);
#84=B_SPLINE_CURVE_WITH_KNOTS('',3,(#4839,#4840,#4841,#4842,#4843,#4844,
#4845),.UNSPECIFIED.,.F.,.F.,(4,3,4),(0.,0.291084104301757,0.509397182528075),
 .UNSPECIFIED.);
#85=B_SPLINE_CURVE_WITH_KNOTS('',3,(#4849,#4850,#4851,#4852,#4853,#4854,
#4855,#4856,#4857,#4858,#4859,#4860,#4861,#4862,#4863,#4864,#4865,#4866,
#4867,#4868,#4869,#4870,#4871,#4872,#4873,#4874,#4875,#4876,#4877,#4878,
#4879),.UNSPECIFIED.,.F.,.F.,(4,3,3,3,3,3,3,3,3,3,4),(-3.46944695195361E-18,
0.00787354543964163,0.0158021938735216,0.0195314556007019,0.0255276275844739,
0.0334977992167174,0.0390599172199831,0.0470160147203459,0.0492945582030956,
0.057190767472232,0.05952949928891),.UNSPECIFIED.);
#86=B_SPLINE_CURVE_WITH_KNOTS('',3,(#4883,#4884,#4885,#4886,#4887,#4888,
#4889,#4890,#4891,#4892,#4893,#4894,#4895,#4896,#4897,#4898,#4899,#4900,
#4901,#4902,#4903,#4904,#4905,#4906,#4907,#4908,#4909,#4910,#4911,#4912,
#4913,#4914,#4915,#4916,#4917,#4918,#4919,#4920,#4921,#4922),
 .UNSPECIFIED.,.F.,.F.,(4,3,3,3,3,3,3,3,3,3,3,3,3,4),(0.,0.00400071939378301,
0.00781285644416206,0.0117606464270286,0.0156274872222466,0.0196255420989141,
0.0205832294495127,0.0234433496605857,0.0274515273897207,0.0312591992855231,
0.0323405279160428,0.0362022222934649,0.0401916166649005,0.0411450256687346),
 .UNSPECIFIED.);
#87=B_SPLINE_CURVE_WITH_KNOTS('',3,(#4924,#4925,#4926,#4927),
 .UNSPECIFIED.,.F.,.F.,(4,4),(0.,0.0182476944595768),.UNSPECIFIED.);
#88=B_SPLINE_CURVE_WITH_KNOTS('',3,(#4931,#4932,#4933,#4934,#4935,#4936,
#4937),.UNSPECIFIED.,.F.,.F.,(4,3,4),(0.,0.149642948718447,0.349166880343044),
 .UNSPECIFIED.);
#89=B_SPLINE_CURVE_WITH_KNOTS('',3,(#4971,#4972,#4973,#4974),
 .UNSPECIFIED.,.F.,.F.,(4,4),(-0.100719080743988,-0.000698241971648305),
 .UNSPECIFIED.);
#90=B_SPLINE_CURVE_WITH_KNOTS('',3,(#4975,#4976,#4977,#4978),
 .UNSPECIFIED.,.F.,.F.,(4,4),(4.64795952506331E-12,0.10002083903768),
 .UNSPECIFIED.);
#91=B_SPLINE_CURVE_WITH_KNOTS('',3,(#5026,#5027,#5028,#5029,#5030,#5031,
#5032,#5033,#5034,#5035,#5036,#5037,#5038,#5039,#5040,#5041,#5042,#5043,
#5044,#5045,#5046,#5047,#5048,#5049,#5050,#5051,#5052,#5053,#5054,#5055,
#5056,#5057,#5058,#5059,#5060,#5061,#5062,#5063,#5064,#5065,#5066,#5067,
#5068,#5069,#5070,#5071),.UNSPECIFIED.,.F.,.F.,(4,3,3,3,3,3,3,3,3,3,3,3,
3,3,3,4),(-3.46944695195361E-18,0.00400083093165285,0.00781239730599321,
0.0118183929857095,0.0132405076163919,0.0156262947349744,0.0196387882352156,
0.0234415101576905,0.0264767157496281,0.0304830981019079,0.0312571046720561,
0.0352645012565346,0.0390719203559891,0.0397155814754504,0.0437124686751329,
0.0463331643384081),.UNSPECIFIED.);
#92=B_SPLINE_CURVE_WITH_KNOTS('',3,(#5072,#5073,#5074,#5075),
 .UNSPECIFIED.,.F.,.F.,(4,4),(-0.219351799896282,-0.119333607107583),
 .UNSPECIFIED.);
#93=B_SPLINE_CURVE_WITH_KNOTS('',3,(#5076,#5077,#5078,#5079),
 .UNSPECIFIED.,.F.,.F.,(4,4),(0.120031830461226,0.220050023271509),
 .UNSPECIFIED.);
#94=B_SPLINE_CURVE_WITH_KNOTS('',3,(#5088,#5089,#5090,#5091,#5092,#5093,
#5094,#5095,#5096,#5097,#5098,#5099,#5100,#5101,#5102,#5103,#5104,#5105,
#5106,#5107,#5108,#5109),.UNSPECIFIED.,.F.,.F.,(4,3,3,3,3,3,3,4),(0.,0.00778726921748608,
0.015784814209234,0.0195302263118078,0.0275059821973674,0.0315037101872007,
0.0393898954588266,0.0434773704886802),.UNSPECIFIED.);
#95=B_SPLINE_CURVE_WITH_KNOTS('',3,(#5117,#5118,#5119,#5120,#5121,#5122,
#5123,#5124,#5125,#5126,#5127,#5128,#5129),.UNSPECIFIED.,.F.,.F.,(4,3,3,
3,4),(1.73472347597681E-18,0.0079261151383601,0.0129004132692491,0.020826533767805,
0.0258008313951358),.UNSPECIFIED.);
#96=B_SPLINE_CURVE_WITH_KNOTS('',3,(#5133,#5134,#5135,#5136,#5137,#5138,
#5139,#5140,#5141,#5142,#5143,#5144,#5145,#5146,#5147,#5148,#5149,#5150,
#5151,#5152,#5153,#5154,#5155,#5156,#5157,#5158,#5159,#5160,#5161,#5162,
#5163,#5164,#5165,#5166,#5167,#5168,#5169,#5170,#5171,#5172,#5173,#5174,
#5175,#5176,#5177,#5178,#5179,#5180,#5181,#5182,#5183,#5184),
 .UNSPECIFIED.,.F.,.F.,(4,3,3,3,3,3,3,3,3,3,3,3,3,3,3,3,3,4),(0.,0.00399677820319345,
0.00781198205138746,0.0118132910456042,0.0154277082796699,0.0156250697401894,
0.0196293052011022,0.0234394964142238,0.027439352849154,0.0308566374610163,
0.0312547236190067,0.0352566207046579,0.0390697552546872,0.0430734410377911,
0.0462849494787784,0.0468837036818751,0.0508807815551663,0.0539930323160623),
 .UNSPECIFIED.);
#97=B_SPLINE_CURVE_WITH_KNOTS('',3,(#5216,#5217,#5218,#5219),
 .UNSPECIFIED.,.F.,.F.,(4,4),(-0.220045240603368,-0.120029223111646),
 .UNSPECIFIED.);
#98=B_SPLINE_CURVE_WITH_KNOTS('',3,(#5220,#5221,#5222,#5223),
 .UNSPECIFIED.,.F.,.F.,(4,4),(0.119331014935162,0.219347032422508),
 .UNSPECIFIED.);
#99=B_SPLINE_CURVE_WITH_KNOTS('',3,(#5254,#5255,#5256,#5257),
 .UNSPECIFIED.,.F.,.F.,(4,4),(-0.100017022861889,2.64546128616854E-17),
 .UNSPECIFIED.);
#100=B_SPLINE_CURVE_WITH_KNOTS('',3,(#5258,#5259,#5260,#5261),
 .UNSPECIFIED.,.F.,.F.,(4,4),(0.000698215241143885,0.10071523801369),
 .UNSPECIFIED.);
#101=B_SPLINE_CURVE_WITH_KNOTS('',3,(#5263,#5264,#5265,#5266),
 .UNSPECIFIED.,.F.,.F.,(4,4),(0.0500181458799374,0.250050694408308),
 .UNSPECIFIED.);
#102=B_SPLINE_CURVE_WITH_KNOTS('',3,(#5267,#5268,#5269,#5270),
 .UNSPECIFIED.,.F.,.F.,(4,4),(-0.200039028749383,-2.82972232779375E-17),
 .UNSPECIFIED.);
#103=B_SPLINE_CURVE_WITH_KNOTS('',3,(#5287,#5288,#5289,#5290),
 .UNSPECIFIED.,.F.,.F.,(4,4),(-0.150039683820509,-0.0500224730001157),
 .UNSPECIFIED.);
#104=B_SPLINE_CURVE_WITH_KNOTS('',3,(#5291,#5292,#5293,#5294),
 .UNSPECIFIED.,.F.,.F.,(4,4),(0.0500224730001157,0.150039683820509),
 .UNSPECIFIED.);
#105=B_SPLINE_CURVE_WITH_KNOTS('',3,(#5296,#5297,#5298,#5299),
 .UNSPECIFIED.,.F.,.F.,(4,4),(-0.250055396170649,-0.0500110910391305),
 .UNSPECIFIED.);
#106=B_SPLINE_CURVE_WITH_KNOTS('',3,(#5316,#5317,#5318,#5319),
 .UNSPECIFIED.,.F.,.F.,(4,4),(-0.150037155980664,-0.0500190578000188),
 .UNSPECIFIED.);
#107=B_SPLINE_CURVE_WITH_KNOTS('',3,(#5320,#5321,#5322,#5323),
 .UNSPECIFIED.,.F.,.F.,(4,4),(0.0500190578000201,0.150037155980664),
 .UNSPECIFIED.);
#108=B_SPLINE_CURVE_WITH_KNOTS('',3,(#5329,#5330,#5331,#5332),
 .UNSPECIFIED.,.F.,.F.,(4,4),(-0.250050694408308,-0.0500181458799374),
 .UNSPECIFIED.);
#109=B_SPLINE_CURVE_WITH_KNOTS('',3,(#5349,#5350,#5351,#5352),
 .UNSPECIFIED.,.F.,.F.,(4,4),(-0.250046216833698,-0.0500092477953471),
 .UNSPECIFIED.);
#110=B_SPLINE_CURVE_WITH_KNOTS('',3,(#5353,#5354,#5355,#5356),
 .UNSPECIFIED.,.F.,.F.,(4,4),(0.0500092477953471,0.250046216833698),
 .UNSPECIFIED.);
#111=B_SPLINE_CURVE_WITH_KNOTS('',3,(#5390,#5391,#5392,#5393),
 .UNSPECIFIED.,.F.,.F.,(4,4),(2.82972232779375E-17,0.200039028749382),
 .UNSPECIFIED.);
#112=B_SPLINE_CURVE_WITH_KNOTS('',3,(#5414,#5415,#5416,#5417),
 .UNSPECIFIED.,.F.,.F.,(4,4),(0.0500110910391306,0.250055396170649),
 .UNSPECIFIED.);
#113=CONICAL_SURFACE('',#2745,3.34613014797307,0.561921562256815);
#114=CONICAL_SURFACE('',#2746,3.6,0.561921562256815);
#115=CONICAL_SURFACE('',#2763,3.34613014797307,0.561921562256815);
#116=CONICAL_SURFACE('',#2764,3.6,0.561921562256815);
#117=CONICAL_SURFACE('',#2769,3.34613014797307,0.561921562256815);
#118=CONICAL_SURFACE('',#2770,3.6,0.561921562256815);
#119=CONICAL_SURFACE('',#2777,3.34613014797307,0.561921562256815);
#120=CONICAL_SURFACE('',#2778,3.6,0.561921562256815);
#121=CONICAL_SURFACE('',#2833,19.0455094645338,0.0174532925199433);
#122=CONICAL_SURFACE('',#2834,15.2591021625016,0.0174532925199433);
#123=CONICAL_SURFACE('',#2838,19.0455094645338,0.0174532925199433);
#124=FACE_BOUND('',#445,.T.);
#125=FACE_BOUND('',#450,.T.);
#126=FACE_BOUND('',#453,.T.);
#127=FACE_BOUND('',#458,.T.);
#128=FACE_BOUND('',#465,.T.);
#129=FACE_BOUND('',#472,.T.);
#130=FACE_BOUND('',#473,.T.);
#131=FACE_BOUND('',#474,.T.);
#132=FACE_BOUND('',#475,.T.);
#133=TOROIDAL_SURFACE('',#2651,1.9,0.35);
#134=TOROIDAL_SURFACE('',#2658,1.9,0.35);
#135=TOROIDAL_SURFACE('',#2665,1.9,0.35);
#136=TOROIDAL_SURFACE('',#2672,1.9,0.35);
#137=TOROIDAL_SURFACE('',#2679,2.4,0.35);
#138=TOROIDAL_SURFACE('',#2687,2.4,0.35);
#139=TOROIDAL_SURFACE('',#2695,2.4,0.35);
#140=TOROIDAL_SURFACE('',#2703,2.4,0.35);
#141=CYLINDRICAL_SURFACE('',#2631,3.4);
#142=CYLINDRICAL_SURFACE('',#2655,2.25);
#143=CYLINDRICAL_SURFACE('',#2662,2.25);
#144=CYLINDRICAL_SURFACE('',#2669,2.25);
#145=CYLINDRICAL_SURFACE('',#2676,2.25);
#146=CYLINDRICAL_SURFACE('',#2683,2.75);
#147=CYLINDRICAL_SURFACE('',#2691,2.75);
#148=CYLINDRICAL_SURFACE('',#2699,2.75);
#149=CYLINDRICAL_SURFACE('',#2707,2.75);
#150=CYLINDRICAL_SURFACE('',#2711,3.4);
#151=CYLINDRICAL_SURFACE('',#2722,3.4);
#152=CYLINDRICAL_SURFACE('',#2733,3.4);
#153=CYLINDRICAL_SURFACE('',#2797,0.5);
#154=CYLINDRICAL_SURFACE('',#2800,0.5);
#155=CYLINDRICAL_SURFACE('',#2803,0.5);
#156=CYLINDRICAL_SURFACE('',#2806,0.5);
#157=CYLINDRICAL_SURFACE('',#2809,0.5);
#158=CYLINDRICAL_SURFACE('',#2817,0.5);
#159=CYLINDRICAL_SURFACE('',#2819,0.25);
#160=CYLINDRICAL_SURFACE('',#2825,0.25);
#161=CYLINDRICAL_SURFACE('',#2836,0.5);
#162=CYLINDRICAL_SURFACE('',#2839,0.5);
#163=CYLINDRICAL_SURFACE('',#2840,0.5);
#164=CYLINDRICAL_SURFACE('',#2841,0.5);
#165=CYLINDRICAL_SURFACE('',#2843,0.5);
#166=CIRCLE('',#2608,3.4);
#167=CIRCLE('',#2609,3.4);
#168=CIRCLE('',#2616,3.4);
#169=CIRCLE('',#2620,3.4);
#170=CIRCLE('',#2630,3.4);
#171=CIRCLE('',#2632,3.4);
#172=CIRCLE('',#2633,3.4);
#173=CIRCLE('',#2634,3.4);
#174=CIRCLE('',#2636,3.4);
#175=CIRCLE('',#2638,3.4);
#176=CIRCLE('',#2639,3.4);
#177=CIRCLE('',#2641,3.4);
#178=CIRCLE('',#2643,3.4);
#179=CIRCLE('',#2645,3.4);
#180=CIRCLE('',#2646,3.4);
#181=CIRCLE('',#2647,3.4);
#182=CIRCLE('',#2648,3.4);
#183=CIRCLE('',#2649,3.4);
#184=CIRCLE('',#2650,3.4);
#185=CIRCLE('',#2652,2.25);
#186=CIRCLE('',#2653,0.35);
#187=CIRCLE('',#2654,1.9);
#188=CIRCLE('',#2656,2.25);
#189=CIRCLE('',#2659,2.25);
#190=CIRCLE('',#2660,0.35);
#191=CIRCLE('',#2661,1.9);
#192=CIRCLE('',#2663,2.25);
#193=CIRCLE('',#2666,2.25);
#194=CIRCLE('',#2667,0.35);
#195=CIRCLE('',#2668,1.9);
#196=CIRCLE('',#2670,2.25);
#197=CIRCLE('',#2673,2.25);
#198=CIRCLE('',#2674,0.35);
#199=CIRCLE('',#2675,1.9);
#200=CIRCLE('',#2677,2.25);
#201=CIRCLE('',#2680,2.4);
#202=CIRCLE('',#2681,0.35);
#203=CIRCLE('',#2682,2.75);
#204=CIRCLE('',#2684,2.75);
#205=CIRCLE('',#2685,2.75);
#206=CIRCLE('',#2688,2.4);
#207=CIRCLE('',#2689,0.35);
#208=CIRCLE('',#2690,2.75);
#209=CIRCLE('',#2692,2.75);
#210=CIRCLE('',#2693,2.75);
#211=CIRCLE('',#2696,2.4);
#212=CIRCLE('',#2697,0.35);
#213=CIRCLE('',#2698,2.75);
#214=CIRCLE('',#2700,2.75);
#215=CIRCLE('',#2701,2.75);
#216=CIRCLE('',#2704,2.4);
#217=CIRCLE('',#2705,0.35);
#218=CIRCLE('',#2706,2.75);
#219=CIRCLE('',#2708,2.75);
#220=CIRCLE('',#2709,2.75);
#221=CIRCLE('',#2712,3.4);
#222=CIRCLE('',#2713,3.4);
#223=CIRCLE('',#2714,3.4);
#224=CIRCLE('',#2716,3.4);
#225=CIRCLE('',#2719,3.4);
#226=CIRCLE('',#2721,3.4);
#227=CIRCLE('',#2723,3.4);
#228=CIRCLE('',#2724,3.4);
#229=CIRCLE('',#2725,3.4);
#230=CIRCLE('',#2727,3.4);
#231=CIRCLE('',#2730,3.4);
#232=CIRCLE('',#2732,3.4);
#233=CIRCLE('',#2734,3.4);
#234=CIRCLE('',#2735,3.4);
#235=CIRCLE('',#2737,3.4);
#236=CIRCLE('',#2739,3.4);
#237=CIRCLE('',#2741,3.4);
#238=CIRCLE('',#2744,2.52141356740273);
#239=CIRCLE('',#2747,3.56851866945955);
#240=CIRCLE('',#2754,19.0455094645338);
#241=CIRCLE('',#2756,19.0455094645338);
#242=CIRCLE('',#2757,15.2591021625016);
#243=CIRCLE('',#2762,2.52141356740273);
#244=CIRCLE('',#2765,3.56851866945955);
#245=CIRCLE('',#2768,2.52141356740273);
#246=CIRCLE('',#2771,3.56851866945955);
#247=CIRCLE('',#2776,2.52141356740273);
#248=CIRCLE('',#2779,3.56851866945955);
#249=CIRCLE('',#2786,15.2416471004026);
#250=CIRCLE('',#2787,19.0280544024348);
#251=CIRCLE('',#2789,19.0280544024348);
#252=CIRCLE('',#2815,19.0105993400867);
#253=CIRCLE('',#2823,15.2241920380546);
#254=CIRCLE('',#2828,19.0105993400867);
#255=CIRCLE('',#2830,19.0105993400867);
#256=FACE_OUTER_BOUND('',#399,.T.);
#257=FACE_OUTER_BOUND('',#400,.T.);
#258=FACE_OUTER_BOUND('',#401,.T.);
#259=FACE_OUTER_BOUND('',#402,.T.);
#260=FACE_OUTER_BOUND('',#403,.T.);
#261=FACE_OUTER_BOUND('',#404,.T.);
#262=FACE_OUTER_BOUND('',#405,.T.);
#263=FACE_OUTER_BOUND('',#406,.T.);
#264=FACE_OUTER_BOUND('',#407,.T.);
#265=FACE_OUTER_BOUND('',#408,.T.);
#266=FACE_OUTER_BOUND('',#409,.T.);
#267=FACE_OUTER_BOUND('',#410,.T.);
#268=FACE_OUTER_BOUND('',#411,.T.);
#269=FACE_OUTER_BOUND('',#412,.T.);
#270=FACE_OUTER_BOUND('',#413,.T.);
#271=FACE_OUTER_BOUND('',#414,.T.);
#272=FACE_OUTER_BOUND('',#415,.T.);
#273=FACE_OUTER_BOUND('',#416,.T.);
#274=FACE_OUTER_BOUND('',#417,.T.);
#275=FACE_OUTER_BOUND('',#418,.T.);
#276=FACE_OUTER_BOUND('',#419,.T.);
#277=FACE_OUTER_BOUND('',#420,.T.);
#278=FACE_OUTER_BOUND('',#421,.T.);
#279=FACE_OUTER_BOUND('',#422,.T.);
#280=FACE_OUTER_BOUND('',#423,.T.);
#281=FACE_OUTER_BOUND('',#424,.T.);
#282=FACE_OUTER_BOUND('',#425,.T.);
#283=FACE_OUTER_BOUND('',#426,.T.);
#284=FACE_OUTER_BOUND('',#427,.T.);
#285=FACE_OUTER_BOUND('',#428,.T.);
#286=FACE_OUTER_BOUND('',#429,.T.);
#287=FACE_OUTER_BOUND('',#430,.T.);
#288=FACE_OUTER_BOUND('',#431,.T.);
#289=FACE_OUTER_BOUND('',#432,.T.);
#290=FACE_OUTER_BOUND('',#433,.T.);
#291=FACE_OUTER_BOUND('',#434,.T.);
#292=FACE_OUTER_BOUND('',#435,.T.);
#293=FACE_OUTER_BOUND('',#436,.T.);
#294=FACE_OUTER_BOUND('',#437,.T.);
#295=FACE_OUTER_BOUND('',#438,.T.);
#296=FACE_OUTER_BOUND('',#439,.T.);
#297=FACE_OUTER_BOUND('',#440,.T.);
#298=FACE_OUTER_BOUND('',#441,.T.);
#299=FACE_OUTER_BOUND('',#442,.T.);
#300=FACE_OUTER_BOUND('',#443,.T.);
#301=FACE_OUTER_BOUND('',#444,.T.);
#302=FACE_OUTER_BOUND('',#446,.T.);
#303=FACE_OUTER_BOUND('',#447,.T.);
#304=FACE_OUTER_BOUND('',#448,.T.);
#305=FACE_OUTER_BOUND('',#449,.T.);
#306=FACE_OUTER_BOUND('',#451,.T.);
#307=FACE_OUTER_BOUND('',#452,.T.);
#308=FACE_OUTER_BOUND('',#454,.T.);
#309=FACE_OUTER_BOUND('',#455,.T.);
#310=FACE_OUTER_BOUND('',#456,.T.);
#311=FACE_OUTER_BOUND('',#457,.T.);
#312=FACE_OUTER_BOUND('',#459,.T.);
#313=FACE_OUTER_BOUND('',#460,.T.);
#314=FACE_OUTER_BOUND('',#461,.T.);
#315=FACE_OUTER_BOUND('',#462,.T.);
#316=FACE_OUTER_BOUND('',#463,.T.);
#317=FACE_OUTER_BOUND('',#464,.T.);
#318=FACE_OUTER_BOUND('',#466,.T.);
#319=FACE_OUTER_BOUND('',#467,.T.);
#320=FACE_OUTER_BOUND('',#468,.T.);
#321=FACE_OUTER_BOUND('',#469,.T.);
#322=FACE_OUTER_BOUND('',#470,.T.);
#323=FACE_OUTER_BOUND('',#471,.T.);
#324=FACE_OUTER_BOUND('',#476,.T.);
#325=FACE_OUTER_BOUND('',#477,.T.);
#326=FACE_OUTER_BOUND('',#478,.T.);
#327=FACE_OUTER_BOUND('',#479,.T.);
#328=FACE_OUTER_BOUND('',#480,.T.);
#329=FACE_OUTER_BOUND('',#481,.T.);
#330=FACE_OUTER_BOUND('',#482,.T.);
#331=FACE_OUTER_BOUND('',#483,.T.);
#332=FACE_OUTER_BOUND('',#484,.T.);
#333=FACE_OUTER_BOUND('',#485,.T.);
#334=FACE_OUTER_BOUND('',#486,.T.);
#335=FACE_OUTER_BOUND('',#487,.T.);
#336=FACE_OUTER_BOUND('',#488,.T.);
#337=FACE_OUTER_BOUND('',#489,.T.);
#338=FACE_OUTER_BOUND('',#490,.T.);
#339=FACE_OUTER_BOUND('',#491,.T.);
#340=FACE_OUTER_BOUND('',#492,.T.);
#341=FACE_OUTER_BOUND('',#493,.T.);
#342=FACE_OUTER_BOUND('',#494,.T.);
#343=FACE_OUTER_BOUND('',#495,.T.);
#344=FACE_OUTER_BOUND('',#496,.T.);
#345=FACE_OUTER_BOUND('',#497,.T.);
#346=FACE_OUTER_BOUND('',#498,.T.);
#347=FACE_OUTER_BOUND('',#499,.T.);
#348=FACE_OUTER_BOUND('',#500,.T.);
#349=FACE_OUTER_BOUND('',#501,.T.);
#350=FACE_OUTER_BOUND('',#502,.T.);
#351=FACE_OUTER_BOUND('',#503,.T.);
#352=FACE_OUTER_BOUND('',#504,.T.);
#353=FACE_OUTER_BOUND('',#505,.T.);
#354=FACE_OUTER_BOUND('',#506,.T.);
#355=FACE_OUTER_BOUND('',#507,.T.);
#356=FACE_OUTER_BOUND('',#508,.T.);
#357=FACE_OUTER_BOUND('',#509,.T.);
#358=FACE_OUTER_BOUND('',#510,.T.);
#359=FACE_OUTER_BOUND('',#511,.T.);
#360=FACE_OUTER_BOUND('',#512,.T.);
#361=FACE_OUTER_BOUND('',#513,.T.);
#362=FACE_OUTER_BOUND('',#514,.T.);
#363=FACE_OUTER_BOUND('',#515,.T.);
#364=FACE_OUTER_BOUND('',#516,.T.);
#365=FACE_OUTER_BOUND('',#517,.T.);
#366=FACE_OUTER_BOUND('',#518,.T.);
#367=FACE_OUTER_BOUND('',#519,.T.);
#368=FACE_OUTER_BOUND('',#520,.T.);
#369=FACE_OUTER_BOUND('',#521,.T.);
#370=FACE_OUTER_BOUND('',#522,.T.);
#371=FACE_OUTER_BOUND('',#523,.T.);
#372=FACE_OUTER_BOUND('',#524,.T.);
#373=FACE_OUTER_BOUND('',#525,.T.);
#374=FACE_OUTER_BOUND('',#526,.T.);
#375=FACE_OUTER_BOUND('',#527,.T.);
#376=FACE_OUTER_BOUND('',#528,.T.);
#377=FACE_OUTER_BOUND('',#529,.T.);
#378=FACE_OUTER_BOUND('',#530,.T.);
#379=FACE_OUTER_BOUND('',#531,.T.);
#380=FACE_OUTER_BOUND('',#532,.T.);
#381=FACE_OUTER_BOUND('',#533,.T.);
#382=FACE_OUTER_BOUND('',#534,.T.);
#383=FACE_OUTER_BOUND('',#535,.T.);
#384=FACE_OUTER_BOUND('',#536,.T.);
#385=FACE_OUTER_BOUND('',#537,.T.);
#386=FACE_OUTER_BOUND('',#538,.T.);
#387=FACE_OUTER_BOUND('',#539,.T.);
#388=FACE_OUTER_BOUND('',#540,.T.);
#389=FACE_OUTER_BOUND('',#541,.T.);
#390=FACE_OUTER_BOUND('',#542,.T.);
#391=FACE_OUTER_BOUND('',#543,.T.);
#392=FACE_OUTER_BOUND('',#544,.T.);
#393=FACE_OUTER_BOUND('',#545,.T.);
#394=FACE_OUTER_BOUND('',#546,.T.);
#395=FACE_OUTER_BOUND('',#547,.T.);
#396=FACE_OUTER_BOUND('',#548,.T.);
#397=FACE_OUTER_BOUND('',#549,.T.);
#398=FACE_OUTER_BOUND('',#550,.T.);
#399=EDGE_LOOP('',(#1595,#1596,#1597,#1598));
#400=EDGE_LOOP('',(#1599,#1600,#1601,#1602));
#401=EDGE_LOOP('',(#1603,#1604,#1605,#1606));
#402=EDGE_LOOP('',(#1607,#1608,#1609,#1610,#1611));
#403=EDGE_LOOP('',(#1612,#1613,#1614,#1615));
#404=EDGE_LOOP('',(#1616,#1617,#1618,#1619));
#405=EDGE_LOOP('',(#1620,#1621,#1622,#1623));
#406=EDGE_LOOP('',(#1624,#1625,#1626,#1627));
#407=EDGE_LOOP('',(#1628,#1629,#1630,#1631));
#408=EDGE_LOOP('',(#1632,#1633,#1634,#1635));
#409=EDGE_LOOP('',(#1636,#1637,#1638,#1639));
#410=EDGE_LOOP('',(#1640,#1641,#1642,#1643));
#411=EDGE_LOOP('',(#1644,#1645,#1646,#1647));
#412=EDGE_LOOP('',(#1648,#1649,#1650,#1651));
#413=EDGE_LOOP('',(#1652,#1653,#1654,#1655));
#414=EDGE_LOOP('',(#1656,#1657,#1658,#1659));
#415=EDGE_LOOP('',(#1660,#1661,#1662,#1663,#1664,#1665,#1666,#1667,#1668,
#1669,#1670,#1671,#1672,#1673,#1674,#1675,#1676));
#416=EDGE_LOOP('',(#1677,#1678,#1679,#1680,#1681,#1682,#1683,#1684,#1685,
#1686,#1687,#1688,#1689,#1690,#1691,#1692,#1693,#1694,#1695,#1696,#1697,
#1698,#1699,#1700));
#417=EDGE_LOOP('',(#1701,#1702,#1703,#1704));
#418=EDGE_LOOP('',(#1705,#1706,#1707,#1708));
#419=EDGE_LOOP('',(#1709));
#420=EDGE_LOOP('',(#1710,#1711,#1712,#1713));
#421=EDGE_LOOP('',(#1714,#1715,#1716,#1717));
#422=EDGE_LOOP('',(#1718));
#423=EDGE_LOOP('',(#1719,#1720,#1721,#1722));
#424=EDGE_LOOP('',(#1723,#1724,#1725,#1726));
#425=EDGE_LOOP('',(#1727));
#426=EDGE_LOOP('',(#1728,#1729,#1730,#1731));
#427=EDGE_LOOP('',(#1732,#1733,#1734,#1735));
#428=EDGE_LOOP('',(#1736));
#429=EDGE_LOOP('',(#1737,#1738,#1739,#1740));
#430=EDGE_LOOP('',(#1741,#1742,#1743,#1744,#1745));
#431=EDGE_LOOP('',(#1746));
#432=EDGE_LOOP('',(#1747,#1748,#1749,#1750));
#433=EDGE_LOOP('',(#1751,#1752,#1753,#1754,#1755));
#434=EDGE_LOOP('',(#1756));
#435=EDGE_LOOP('',(#1757,#1758,#1759,#1760));
#436=EDGE_LOOP('',(#1761,#1762,#1763,#1764,#1765));
#437=EDGE_LOOP('',(#1766));
#438=EDGE_LOOP('',(#1767,#1768,#1769,#1770));
#439=EDGE_LOOP('',(#1771,#1772,#1773,#1774,#1775));
#440=EDGE_LOOP('',(#1776));
#441=EDGE_LOOP('',(#1777,#1778,#1779,#1780,#1781,#1782,#1783,#1784,#1785,
#1786,#1787,#1788,#1789,#1790,#1791,#1792,#1793));
#442=EDGE_LOOP('',(#1794,#1795,#1796,#1797,#1798,#1799,#1800,#1801,#1802,
#1803,#1804,#1805,#1806,#1807,#1808,#1809,#1810));
#443=EDGE_LOOP('',(#1811,#1812,#1813,#1814,#1815,#1816,#1817,#1818,#1819,
#1820,#1821,#1822,#1823,#1824,#1825,#1826,#1827));
#444=EDGE_LOOP('',(#1828));
#445=EDGE_LOOP('',(#1829));
#446=EDGE_LOOP('',(#1830,#1831,#1832,#1833,#1834));
#447=EDGE_LOOP('',(#1835,#1836,#1837,#1838,#1839));
#448=EDGE_LOOP('',(#1840,#1841,#1842,#1843));
#449=EDGE_LOOP('',(#1844,#1845,#1846,#1847,#1848,#1849,#1850,#1851,#1852,
#1853,#1854,#1855,#1856,#1857,#1858,#1859,#1860,#1861,#1862,#1863,#1864,
#1865,#1866,#1867,#1868,#1869,#1870,#1871,#1872,#1873,#1874,#1875,#1876,
#1877,#1878,#1879,#1880,#1881,#1882,#1883));
#450=EDGE_LOOP('',(#1884,#1885,#1886,#1887,#1888,#1889,#1890,#1891,#1892,
#1893,#1894));
#451=EDGE_LOOP('',(#1895,#1896,#1897,#1898));
#452=EDGE_LOOP('',(#1899));
#453=EDGE_LOOP('',(#1900));
#454=EDGE_LOOP('',(#1901,#1902,#1903,#1904,#1905));
#455=EDGE_LOOP('',(#1906,#1907,#1908,#1909,#1910));
#456=EDGE_LOOP('',(#1911,#1912,#1913,#1914));
#457=EDGE_LOOP('',(#1915));
#458=EDGE_LOOP('',(#1916));
#459=EDGE_LOOP('',(#1917,#1918,#1919,#1920,#1921));
#460=EDGE_LOOP('',(#1922,#1923,#1924,#1925,#1926));
#461=EDGE_LOOP('',(#1927,#1928,#1929,#1930));
#462=EDGE_LOOP('',(#1931,#1932,#1933,#1934));
#463=EDGE_LOOP('',(#1935,#1936,#1937,#1938));
#464=EDGE_LOOP('',(#1939));
#465=EDGE_LOOP('',(#1940));
#466=EDGE_LOOP('',(#1941,#1942,#1943,#1944,#1945));
#467=EDGE_LOOP('',(#1946,#1947,#1948,#1949,#1950));
#468=EDGE_LOOP('',(#1951,#1952,#1953,#1954));
#469=EDGE_LOOP('',(#1955,#1956,#1957,#1958));
#470=EDGE_LOOP('',(#1959,#1960,#1961,#1962));
#471=EDGE_LOOP('',(#1963,#1964,#1965,#1966,#1967,#1968,#1969,#1970,#1971,
#1972,#1973,#1974,#1975,#1976,#1977,#1978,#1979,#1980,#1981,#1982,#1983,
#1984,#1985,#1986,#1987,#1988,#1989,#1990,#1991,#1992,#1993,#1994,#1995,
#1996,#1997,#1998,#1999,#2000,#2001,#2002,#2003));
#472=EDGE_LOOP('',(#2004));
#473=EDGE_LOOP('',(#2005));
#474=EDGE_LOOP('',(#2006));
#475=EDGE_LOOP('',(#2007));
#476=EDGE_LOOP('',(#2008,#2009,#2010,#2011));
#477=EDGE_LOOP('',(#2012,#2013,#2014,#2015));
#478=EDGE_LOOP('',(#2016,#2017,#2018,#2019));
#479=EDGE_LOOP('',(#2020,#2021,#2022,#2023));
#480=EDGE_LOOP('',(#2024,#2025,#2026,#2027));
#481=EDGE_LOOP('',(#2028,#2029,#2030,#2031));
#482=EDGE_LOOP('',(#2032,#2033,#2034,#2035));
#483=EDGE_LOOP('',(#2036,#2037,#2038,#2039));
#484=EDGE_LOOP('',(#2040,#2041,#2042,#2043));
#485=EDGE_LOOP('',(#2044,#2045,#2046,#2047));
#486=EDGE_LOOP('',(#2048,#2049,#2050,#2051));
#487=EDGE_LOOP('',(#2052,#2053,#2054,#2055));
#488=EDGE_LOOP('',(#2056,#2057,#2058,#2059,#2060,#2061));
#489=EDGE_LOOP('',(#2062,#2063,#2064,#2065));
#490=EDGE_LOOP('',(#2066,#2067,#2068,#2069,#2070,#2071,#2072,#2073,#2074,
#2075,#2076,#2077,#2078,#2079,#2080,#2081,#2082,#2083,#2084,#2085,#2086,
#2087,#2088,#2089,#2090,#2091,#2092,#2093,#2094,#2095,#2096,#2097,#2098,
#2099));
#491=EDGE_LOOP('',(#2100,#2101,#2102,#2103,#2104,#2105));
#492=EDGE_LOOP('',(#2106,#2107,#2108,#2109));
#493=EDGE_LOOP('',(#2110,#2111,#2112,#2113));
#494=EDGE_LOOP('',(#2114,#2115,#2116,#2117));
#495=EDGE_LOOP('',(#2118,#2119,#2120,#2121));
#496=EDGE_LOOP('',(#2122,#2123,#2124,#2125,#2126,#2127,#2128,#2129,#2130,
#2131,#2132,#2133,#2134,#2135,#2136,#2137,#2138));
#497=EDGE_LOOP('',(#2139,#2140,#2141,#2142));
#498=EDGE_LOOP('',(#2143,#2144,#2145,#2146));
#499=EDGE_LOOP('',(#2147,#2148,#2149,#2150));
#500=EDGE_LOOP('',(#2151,#2152,#2153,#2154));
#501=EDGE_LOOP('',(#2155,#2156,#2157,#2158));
#502=EDGE_LOOP('',(#2159,#2160,#2161,#2162,#2163,#2164,#2165,#2166,#2167,
#2168,#2169,#2170));
#503=EDGE_LOOP('',(#2171,#2172,#2173,#2174));
#504=EDGE_LOOP('',(#2175,#2176,#2177,#2178));
#505=EDGE_LOOP('',(#2179,#2180,#2181,#2182));
#506=EDGE_LOOP('',(#2183,#2184,#2185,#2186,#2187,#2188,#2189,#2190));
#507=EDGE_LOOP('',(#2191,#2192,#2193,#2194));
#508=EDGE_LOOP('',(#2195,#2196,#2197,#2198,#2199,#2200));
#509=EDGE_LOOP('',(#2201,#2202,#2203,#2204));
#510=EDGE_LOOP('',(#2205,#2206,#2207,#2208));
#511=EDGE_LOOP('',(#2209,#2210,#2211,#2212));
#512=EDGE_LOOP('',(#2213,#2214,#2215,#2216));
#513=EDGE_LOOP('',(#2217,#2218,#2219,#2220));
#514=EDGE_LOOP('',(#2221,#2222,#2223,#2224,#2225,#2226));
#515=EDGE_LOOP('',(#2227,#2228,#2229,#2230));
#516=EDGE_LOOP('',(#2231,#2232,#2233,#2234));
#517=EDGE_LOOP('',(#2235,#2236,#2237,#2238));
#518=EDGE_LOOP('',(#2239,#2240,#2241,#2242));
#519=EDGE_LOOP('',(#2243,#2244,#2245,#2246));
#520=EDGE_LOOP('',(#2247,#2248,#2249,#2250));
#521=EDGE_LOOP('',(#2251,#2252,#2253,#2254));
#522=EDGE_LOOP('',(#2255,#2256,#2257,#2258));
#523=EDGE_LOOP('',(#2259,#2260,#2261,#2262));
#524=EDGE_LOOP('',(#2263,#2264,#2265,#2266));
#525=EDGE_LOOP('',(#2267,#2268,#2269,#2270));
#526=EDGE_LOOP('',(#2271,#2272,#2273,#2274));
#527=EDGE_LOOP('',(#2275,#2276,#2277,#2278));
#528=EDGE_LOOP('',(#2279,#2280,#2281,#2282));
#529=EDGE_LOOP('',(#2283,#2284,#2285,#2286));
#530=EDGE_LOOP('',(#2287,#2288,#2289,#2290));
#531=EDGE_LOOP('',(#2291,#2292,#2293,#2294));
#532=EDGE_LOOP('',(#2295,#2296,#2297,#2298));
#533=EDGE_LOOP('',(#2299,#2300,#2301,#2302));
#534=EDGE_LOOP('',(#2303,#2304,#2305,#2306));
#535=EDGE_LOOP('',(#2307,#2308,#2309,#2310));
#536=EDGE_LOOP('',(#2311,#2312,#2313,#2314));
#537=EDGE_LOOP('',(#2315,#2316,#2317,#2318));
#538=EDGE_LOOP('',(#2319,#2320,#2321,#2322));
#539=EDGE_LOOP('',(#2323,#2324,#2325,#2326));
#540=EDGE_LOOP('',(#2327,#2328,#2329,#2330));
#541=EDGE_LOOP('',(#2331,#2332,#2333,#2334));
#542=EDGE_LOOP('',(#2335,#2336,#2337,#2338));
#543=EDGE_LOOP('',(#2339,#2340,#2341,#2342));
#544=EDGE_LOOP('',(#2343,#2344,#2345,#2346));
#545=EDGE_LOOP('',(#2347,#2348,#2349,#2350));
#546=EDGE_LOOP('',(#2351,#2352,#2353,#2354));
#547=EDGE_LOOP('',(#2355,#2356,#2357,#2358));
#548=EDGE_LOOP('',(#2359,#2360,#2361,#2362));
#549=EDGE_LOOP('',(#2363,#2364,#2365,#2366));
#550=EDGE_LOOP('',(#2367,#2368,#2369,#2370));
#551=LINE('',#3559,#726);
#552=LINE('',#3561,#727);
#553=LINE('',#3562,#728);
#554=LINE('',#3568,#729);
#555=LINE('',#3570,#730);
#556=LINE('',#3571,#731);
#557=LINE('',#3573,#732);
#558=LINE('',#3574,#733);
#559=LINE('',#3582,#734);
#560=LINE('',#3584,#735);
#561=LINE('',#3586,#736);
#562=LINE('',#3587,#737);
#563=LINE('',#3592,#738);
#564=LINE('',#3593,#739);
#565=LINE('',#3598,#740);
#566=LINE('',#3599,#741);
#567=LINE('',#3607,#742);
#568=LINE('',#3609,#743);
#569=LINE('',#3610,#744);
#570=LINE('',#3615,#745);
#571=LINE('',#3616,#746);
#572=LINE('',#3619,#747);
#573=LINE('',#3620,#748);
#574=LINE('',#3624,#749);
#575=LINE('',#3630,#750);
#576=LINE('',#3632,#751);
#577=LINE('',#3633,#752);
#578=LINE('',#3639,#753);
#579=LINE('',#3641,#754);
#580=LINE('',#3642,#755);
#581=LINE('',#3644,#756);
#582=LINE('',#3645,#757);
#583=LINE('',#3654,#758);
#584=LINE('',#3677,#759);
#585=LINE('',#3682,#760);
#586=LINE('',#3686,#761);
#587=LINE('',#3688,#762);
#588=LINE('',#3699,#763);
#589=LINE('',#3710,#764);
#590=LINE('',#3721,#765);
#591=LINE('',#3732,#766);
#592=LINE('',#3745,#767);
#593=LINE('',#3758,#768);
#594=LINE('',#3771,#769);
#595=LINE('',#3784,#770);
#596=LINE('',#3792,#771);
#597=LINE('',#3813,#772);
#598=LINE('',#3833,#773);
#599=LINE('',#3851,#774);
#600=LINE('',#3854,#775);
#601=LINE('',#3857,#776);
#602=LINE('',#3881,#777);
#603=LINE('',#3885,#778);
#604=LINE('',#3889,#779);
#605=LINE('',#3897,#780);
#606=LINE('',#3901,#781);
#607=LINE('',#3909,#782);
#608=LINE('',#3917,#783);
#609=LINE('',#3921,#784);
#610=LINE('',#3929,#785);
#611=LINE('',#3975,#786);
#612=LINE('',#3979,#787);
#613=LINE('',#4029,#788);
#614=LINE('',#4085,#789);
#615=LINE('',#4093,#790);
#616=LINE('',#4097,#791);
#617=LINE('',#4101,#792);
#618=LINE('',#4124,#793);
#619=LINE('',#4125,#794);
#620=LINE('',#4126,#795);
#621=LINE('',#4127,#796);
#622=LINE('',#4129,#797);
#623=LINE('',#4134,#798);
#624=LINE('',#4137,#799);
#625=LINE('',#4144,#800);
#626=LINE('',#4147,#801);
#627=LINE('',#4150,#802);
#628=LINE('',#4152,#803);
#629=LINE('',#4158,#804);
#630=LINE('',#4161,#805);
#631=LINE('',#4164,#806);
#632=LINE('',#4166,#807);
#633=LINE('',#4214,#808);
#634=LINE('',#4218,#809);
#635=LINE('',#4222,#810);
#636=LINE('',#4232,#811);
#637=LINE('',#4302,#812);
#638=LINE('',#4376,#813);
#639=LINE('',#4380,#814);
#640=LINE('',#4492,#815);
#641=LINE('',#4502,#816);
#642=LINE('',#4506,#817);
#643=LINE('',#4516,#818);
#644=LINE('',#4526,#819);
#645=LINE('',#4530,#820);
#646=LINE('',#4540,#821);
#647=LINE('',#4544,#822);
#648=LINE('',#4547,#823);
#649=LINE('',#4549,#824);
#650=LINE('',#4551,#825);
#651=LINE('',#4555,#826);
#652=LINE('',#4558,#827);
#653=LINE('',#4561,#828);
#654=LINE('',#4562,#829);
#655=LINE('',#4565,#830);
#656=LINE('',#4568,#831);
#657=LINE('',#4571,#832);
#658=LINE('',#4572,#833);
#659=LINE('',#4619,#834);
#660=LINE('',#4622,#835);
#661=LINE('',#4625,#836);
#662=LINE('',#4626,#837);
#663=LINE('',#4631,#838);
#664=LINE('',#4632,#839);
#665=LINE('',#4635,#840);
#666=LINE('',#4636,#841);
#667=LINE('',#4641,#842);
#668=LINE('',#4642,#843);
#669=LINE('',#4645,#844);
#670=LINE('',#4649,#845);
#671=LINE('',#4659,#846);
#672=LINE('',#4663,#847);
#673=LINE('',#4673,#848);
#674=LINE('',#4683,#849);
#675=LINE('',#4687,#850);
#676=LINE('',#4697,#851);
#677=LINE('',#4784,#852);
#678=LINE('',#4793,#853);
#679=LINE('',#4803,#854);
#680=LINE('',#4812,#855);
#681=LINE('',#4821,#856);
#682=LINE('',#4823,#857);
#683=LINE('',#4824,#858);
#684=LINE('',#4826,#859);
#685=LINE('',#4831,#860);
#686=LINE('',#4834,#861);
#687=LINE('',#4835,#862);
#688=LINE('',#4837,#863);
#689=LINE('',#4847,#864);
#690=LINE('',#4929,#865);
#691=LINE('',#4939,#866);
#692=LINE('',#4942,#867);
#693=LINE('',#4995,#868);
#694=LINE('',#5082,#869);
#695=LINE('',#5083,#870);
#696=LINE('',#5111,#871);
#697=LINE('',#5115,#872);
#698=LINE('',#5186,#873);
#699=LINE('',#5225,#874);
#700=LINE('',#5326,#875);
#701=LINE('',#5327,#876);
#702=LINE('',#5419,#877);
#703=LINE('',#5422,#878);
#704=LINE('',#5423,#879);
#705=LINE('',#5425,#880);
#706=LINE('',#5427,#881);
#707=LINE('',#5428,#882);
#708=LINE('',#5430,#883);
#709=LINE('',#5432,#884);
#710=LINE('',#5449,#885);
#711=LINE('',#5451,#886);
#712=LINE('',#5472,#887);
#713=LINE('',#5494,#888);
#714=LINE('',#5496,#889);
#715=LINE('',#5518,#890);
#716=LINE('',#5539,#891);
#717=LINE('',#5542,#892);
#718=LINE('',#5563,#893);
#719=LINE('',#5582,#894);
#720=LINE('',#5584,#895);
#721=LINE('',#5605,#896);
#722=LINE('',#5627,#897);
#723=LINE('',#5629,#898);
#724=LINE('',#5650,#899);
#725=LINE('',#5672,#900);
#726=VECTOR('',#2866,10.);
#727=VECTOR('',#2867,10.);
#728=VECTOR('',#2868,10.);
#729=VECTOR('',#2873,10.);
#730=VECTOR('',#2874,10.);
#731=VECTOR('',#2875,10.);
#732=VECTOR('',#2878,10.);
#733=VECTOR('',#2879,10.);
#734=VECTOR('',#2888,10.);
#735=VECTOR('',#2889,10.);
#736=VECTOR('',#2890,10.);
#737=VECTOR('',#2891,10.);
#738=VECTOR('',#2896,10.);
#739=VECTOR('',#2897,10.);
#740=VECTOR('',#2902,10.);
#741=VECTOR('',#2903,10.);
#742=VECTOR('',#2912,10.);
#743=VECTOR('',#2913,10.);
#744=VECTOR('',#2914,10.);
#745=VECTOR('',#2919,10.);
#746=VECTOR('',#2920,10.);
#747=VECTOR('',#2923,10.);
#748=VECTOR('',#2924,10.);
#749=VECTOR('',#2929,10.);
#750=VECTOR('',#2934,10.);
#751=VECTOR('',#2935,10.);
#752=VECTOR('',#2936,10.);
#753=VECTOR('',#2941,10.);
#754=VECTOR('',#2942,10.);
#755=VECTOR('',#2943,10.);
#756=VECTOR('',#2946,10.);
#757=VECTOR('',#2947,10.);
#758=VECTOR('',#2958,3.4);
#759=VECTOR('',#2983,10.);
#760=VECTOR('',#2988,10.);
#761=VECTOR('',#2993,10.);
#762=VECTOR('',#2994,10.);
#763=VECTOR('',#3009,2.25);
#764=VECTOR('',#3024,2.25);
#765=VECTOR('',#3039,2.25);
#766=VECTOR('',#3054,2.25);
#767=VECTOR('',#3071,2.75);
#768=VECTOR('',#3088,2.75);
#769=VECTOR('',#3105,2.75);
#770=VECTOR('',#3122,2.75);
#771=VECTOR('',#3131,3.4);
#772=VECTOR('',#3154,3.4);
#773=VECTOR('',#3177,3.4);
#774=VECTOR('',#3198,3.6);
#775=VECTOR('',#3201,3.6);
#776=VECTOR('',#3206,10.);
#777=VECTOR('',#3209,10.);
#778=VECTOR('',#3212,10.);
#779=VECTOR('',#3215,10.);
#780=VECTOR('',#3216,10.);
#781=VECTOR('',#3219,10.);
#782=VECTOR('',#3220,10.);
#783=VECTOR('',#3221,10.);
#784=VECTOR('',#3224,10.);
#785=VECTOR('',#3225,10.);
#786=VECTOR('',#3228,10.);
#787=VECTOR('',#3231,10.);
#788=VECTOR('',#3234,10.);
#789=VECTOR('',#3237,10.);
#790=VECTOR('',#3238,10.);
#791=VECTOR('',#3241,10.);
#792=VECTOR('',#3244,10.);
#793=VECTOR('',#3245,10.);
#794=VECTOR('',#3246,10.);
#795=VECTOR('',#3247,10.);
#796=VECTOR('',#3248,10.);
#797=VECTOR('',#3251,10.);
#798=VECTOR('',#3258,3.6);
#799=VECTOR('',#3261,3.6);
#800=VECTOR('',#3272,3.6);
#801=VECTOR('',#3275,3.6);
#802=VECTOR('',#3280,10.);
#803=VECTOR('',#3283,10.);
#804=VECTOR('',#3292,3.6);
#805=VECTOR('',#3295,3.6);
#806=VECTOR('',#3300,10.);
#807=VECTOR('',#3303,10.);
#808=VECTOR('',#3308,10.);
#809=VECTOR('',#3311,10.);
#810=VECTOR('',#3314,10.);
#811=VECTOR('',#3315,10.);
#812=VECTOR('',#3318,10.);
#813=VECTOR('',#3321,10.);
#814=VECTOR('',#3324,10.);
#815=VECTOR('',#3327,10.);
#816=VECTOR('',#3328,10.);
#817=VECTOR('',#3331,10.);
#818=VECTOR('',#3332,10.);
#819=VECTOR('',#3333,10.);
#820=VECTOR('',#3336,10.);
#821=VECTOR('',#3337,10.);
#822=VECTOR('',#3340,10.);
#823=VECTOR('',#3343,10.);
#824=VECTOR('',#3346,10.);
#825=VECTOR('',#3349,10.);
#826=VECTOR('',#3354,10.);
#827=VECTOR('',#3357,10.);
#828=VECTOR('',#3360,10.);
#829=VECTOR('',#3361,10.);
#830=VECTOR('',#3364,10.);
#831=VECTOR('',#3367,10.);
#832=VECTOR('',#3370,10.);
#833=VECTOR('',#3371,10.);
#834=VECTOR('',#3374,10.);
#835=VECTOR('',#3377,10.);
#836=VECTOR('',#3380,10.);
#837=VECTOR('',#3381,10.);
#838=VECTOR('',#3386,10.);
#839=VECTOR('',#3387,10.);
#840=VECTOR('',#3390,10.);
#841=VECTOR('',#3391,10.);
#842=VECTOR('',#3396,10.);
#843=VECTOR('',#3397,10.);
#844=VECTOR('',#3400,10.);
#845=VECTOR('',#3403,10.);
#846=VECTOR('',#3404,10.);
#847=VECTOR('',#3407,10.);
#848=VECTOR('',#3408,10.);
#849=VECTOR('',#3409,10.);
#850=VECTOR('',#3412,10.);
#851=VECTOR('',#3413,10.);
#852=VECTOR('',#3416,10.);
#853=VECTOR('',#3417,10.);
#854=VECTOR('',#3418,10.);
#855=VECTOR('',#3419,10.);
#856=VECTOR('',#3420,10.);
#857=VECTOR('',#3423,10.);
#858=VECTOR('',#3424,10.);
#859=VECTOR('',#3427,10.);
#860=VECTOR('',#3434,10.);
#861=VECTOR('',#3437,10.);
#862=VECTOR('',#3438,10.);
#863=VECTOR('',#3441,10.);
#864=VECTOR('',#3442,10.);
#865=VECTOR('',#3445,10.);
#866=VECTOR('',#3446,10.);
#867=VECTOR('',#3451,10.);
#868=VECTOR('',#3452,10.);
#869=VECTOR('',#3455,10.);
#870=VECTOR('',#3456,10.);
#871=VECTOR('',#3461,10.);
#872=VECTOR('',#3464,10.);
#873=VECTOR('',#3467,10.);
#874=VECTOR('',#3472,10.);
#875=VECTOR('',#3481,10.);
#876=VECTOR('',#3482,10.);
#877=VECTOR('',#3489,10.);
#878=VECTOR('',#3494,10.);
#879=VECTOR('',#3495,10.);
#880=VECTOR('',#3498,10.);
#881=VECTOR('',#3501,10.);
#882=VECTOR('',#3502,10.);
#883=VECTOR('',#3505,10.);
#884=VECTOR('',#3508,10.);
#885=VECTOR('',#3509,10.);
#886=VECTOR('',#3512,10.);
#887=VECTOR('',#3513,10.);
#888=VECTOR('',#3516,10.);
#889=VECTOR('',#3519,10.);
#890=VECTOR('',#3522,10.);
#891=VECTOR('',#3523,10.);
#892=VECTOR('',#3528,10.);
#893=VECTOR('',#3529,10.);
#894=VECTOR('',#3534,10.);
#895=VECTOR('',#3537,10.);
#896=VECTOR('',#3538,10.);
#897=VECTOR('',#3541,10.);
#898=VECTOR('',#3544,10.);
#899=VECTOR('',#3545,10.);
#900=VECTOR('',#3548,10.);
#901=ELLIPSE('',#2603,194.81554089508,3.4);
#902=ELLIPSE('',#2605,194.815540895078,3.4);
#903=ELLIPSE('',#2612,194.815540895078,3.4);
#904=ELLIPSE('',#2614,194.815540895079,3.4);
#905=ELLIPSE('',#2618,194.815540895078,3.4);
#906=ELLIPSE('',#2623,194.815540895003,3.4);
#907=ELLIPSE('',#2625,194.815540895078,3.4);
#908=ELLIPSE('',#2627,194.815540895003,3.4);
#909=ELLIPSE('',#2635,194.81554089501,3.4);
#910=ELLIPSE('',#2637,194.81554089501,3.4);
#911=ELLIPSE('',#2640,194.81554089501,3.4);
#912=ELLIPSE('',#2642,194.815540894871,3.4);
#913=ELLIPSE('',#2715,194.815540895011,3.4);
#914=ELLIPSE('',#2717,194.815540895011,3.4);
#915=ELLIPSE('',#2718,194.815540895082,3.4);
#916=ELLIPSE('',#2720,194.81554089501,3.4);
#917=ELLIPSE('',#2726,194.815540894871,3.4);
#918=ELLIPSE('',#2728,194.81554089501,3.4);
#919=ELLIPSE('',#2729,194.815540895011,3.4);
#920=ELLIPSE('',#2731,194.815540895011,3.4);
#921=ELLIPSE('',#2736,194.81554089501,3.4);
#922=ELLIPSE('',#2738,194.81554089501,3.4);
#923=ELLIPSE('',#2740,194.81554089501,3.4);
#924=ELLIPSE('',#2742,194.815540895082,3.4);
#925=ELLIPSE('',#2750,0.500152316445524,0.5);
#926=ELLIPSE('',#2751,0.500152316445525,0.5);
#927=ELLIPSE('',#2752,0.500152316445525,0.5);
#928=ELLIPSE('',#2753,0.500152316445525,0.5);
#929=ELLIPSE('',#2755,0.500152316445525,0.5);
#930=ELLIPSE('',#2758,0.500152316445525,0.5);
#931=ELLIPSE('',#2759,0.500152316445525,0.5);
#932=ELLIPSE('',#2784,0.250076158222762,0.25);
#933=ELLIPSE('',#2785,0.500152316445524,0.5);
#934=ELLIPSE('',#2788,0.500152316445525,0.5);
#935=ELLIPSE('',#2790,0.500152316445525,0.5);
#936=ELLIPSE('',#2791,0.500152316445525,0.5);
#937=ELLIPSE('',#2792,0.250076158222762,0.25);
#938=ELLIPSE('',#2793,0.500152316445524,0.5);
#939=ELLIPSE('',#2798,0.500152316445525,0.5);
#940=ELLIPSE('',#2801,0.500152316445525,0.5);
#941=ELLIPSE('',#2804,0.500152316445525,0.5);
#942=ELLIPSE('',#2807,0.500152316445525,0.5);
#943=ELLIPSE('',#2810,0.500152316445525,0.5);
#944=ELLIPSE('',#2812,0.250076158222762,0.25);
#945=ELLIPSE('',#2813,0.500152316445525,0.5);
#946=ELLIPSE('',#2814,0.500152316445525,0.5);
#947=ELLIPSE('',#2820,0.250076158222762,0.25);
#948=ELLIPSE('',#2824,0.500152316445524,0.5);
#949=ELLIPSE('',#2829,0.500152316445525,0.5);
#950=ELLIPSE('',#2831,0.500152316445525,0.5);
#951=VERTEX_POINT('',#3555);
#952=VERTEX_POINT('',#3556);
#953=VERTEX_POINT('',#3558);
#954=VERTEX_POINT('',#3560);
#955=VERTEX_POINT('',#3564);
#956=VERTEX_POINT('',#3565);
#957=VERTEX_POINT('',#3567);
#958=VERTEX_POINT('',#3569);
#959=VERTEX_POINT('',#3576);
#960=VERTEX_POINT('',#3580);
#961=VERTEX_POINT('',#3581);
#962=VERTEX_POINT('',#3583);
#963=VERTEX_POINT('',#3585);
#964=VERTEX_POINT('',#3589);
#965=VERTEX_POINT('',#3590);
#966=VERTEX_POINT('',#3595);
#967=VERTEX_POINT('',#3596);
#968=VERTEX_POINT('',#3603);
#969=VERTEX_POINT('',#3604);
#970=VERTEX_POINT('',#3606);
#971=VERTEX_POINT('',#3608);
#972=VERTEX_POINT('',#3612);
#973=VERTEX_POINT('',#3614);
#974=VERTEX_POINT('',#3618);
#975=VERTEX_POINT('',#3622);
#976=VERTEX_POINT('',#3626);
#977=VERTEX_POINT('',#3627);
#978=VERTEX_POINT('',#3629);
#979=VERTEX_POINT('',#3631);
#980=VERTEX_POINT('',#3635);
#981=VERTEX_POINT('',#3636);
#982=VERTEX_POINT('',#3638);
#983=VERTEX_POINT('',#3640);
#984=VERTEX_POINT('',#3649);
#985=VERTEX_POINT('',#3650);
#986=VERTEX_POINT('',#3653);
#987=VERTEX_POINT('',#3655);
#988=VERTEX_POINT('',#3657);
#989=VERTEX_POINT('',#3659);
#990=VERTEX_POINT('',#3661);
#991=VERTEX_POINT('',#3664);
#992=VERTEX_POINT('',#3666);
#993=VERTEX_POINT('',#3668);
#994=VERTEX_POINT('',#3670);
#995=VERTEX_POINT('',#3674);
#996=VERTEX_POINT('',#3676);
#997=VERTEX_POINT('',#3679);
#998=VERTEX_POINT('',#3681);
#999=VERTEX_POINT('',#3684);
#1000=VERTEX_POINT('',#3687);
#1001=VERTEX_POINT('',#3691);
#1002=VERTEX_POINT('',#3693);
#1003=VERTEX_POINT('',#3697);
#1004=VERTEX_POINT('',#3702);
#1005=VERTEX_POINT('',#3704);
#1006=VERTEX_POINT('',#3708);
#1007=VERTEX_POINT('',#3713);
#1008=VERTEX_POINT('',#3715);
#1009=VERTEX_POINT('',#3719);
#1010=VERTEX_POINT('',#3724);
#1011=VERTEX_POINT('',#3726);
#1012=VERTEX_POINT('',#3730);
#1013=VERTEX_POINT('',#3735);
#1014=VERTEX_POINT('',#3737);
#1015=VERTEX_POINT('',#3741);
#1016=VERTEX_POINT('',#3742);
#1017=VERTEX_POINT('',#3748);
#1018=VERTEX_POINT('',#3750);
#1019=VERTEX_POINT('',#3754);
#1020=VERTEX_POINT('',#3755);
#1021=VERTEX_POINT('',#3761);
#1022=VERTEX_POINT('',#3763);
#1023=VERTEX_POINT('',#3767);
#1024=VERTEX_POINT('',#3768);
#1025=VERTEX_POINT('',#3774);
#1026=VERTEX_POINT('',#3776);
#1027=VERTEX_POINT('',#3780);
#1028=VERTEX_POINT('',#3781);
#1029=VERTEX_POINT('',#3787);
#1030=VERTEX_POINT('',#3788);
#1031=VERTEX_POINT('',#3791);
#1032=VERTEX_POINT('',#3793);
#1033=VERTEX_POINT('',#3795);
#1034=VERTEX_POINT('',#3797);
#1035=VERTEX_POINT('',#3800);
#1036=VERTEX_POINT('',#3802);
#1037=VERTEX_POINT('',#3804);
#1038=VERTEX_POINT('',#3808);
#1039=VERTEX_POINT('',#3809);
#1040=VERTEX_POINT('',#3812);
#1041=VERTEX_POINT('',#3814);
#1042=VERTEX_POINT('',#3816);
#1043=VERTEX_POINT('',#3818);
#1044=VERTEX_POINT('',#3821);
#1045=VERTEX_POINT('',#3823);
#1046=VERTEX_POINT('',#3825);
#1047=VERTEX_POINT('',#3829);
#1048=VERTEX_POINT('',#3830);
#1049=VERTEX_POINT('',#3834);
#1050=VERTEX_POINT('',#3836);
#1051=VERTEX_POINT('',#3838);
#1052=VERTEX_POINT('',#3840);
#1053=VERTEX_POINT('',#3842);
#1054=VERTEX_POINT('',#3844);
#1055=VERTEX_POINT('',#3848);
#1056=VERTEX_POINT('',#3853);
#1057=VERTEX_POINT('',#3859);
#1058=VERTEX_POINT('',#3860);
#1059=VERTEX_POINT('',#3880);
#1060=VERTEX_POINT('',#3882);
#1061=VERTEX_POINT('',#3884);
#1062=VERTEX_POINT('',#3886);
#1063=VERTEX_POINT('',#3888);
#1064=VERTEX_POINT('',#3890);
#1065=VERTEX_POINT('',#3896);
#1066=VERTEX_POINT('',#3898);
#1067=VERTEX_POINT('',#3900);
#1068=VERTEX_POINT('',#3902);
#1069=VERTEX_POINT('',#3908);
#1070=VERTEX_POINT('',#3910);
#1071=VERTEX_POINT('',#3916);
#1072=VERTEX_POINT('',#3918);
#1073=VERTEX_POINT('',#3920);
#1074=VERTEX_POINT('',#3922);
#1075=VERTEX_POINT('',#3928);
#1076=VERTEX_POINT('',#3930);
#1077=VERTEX_POINT('',#3935);
#1078=VERTEX_POINT('',#3958);
#1079=VERTEX_POINT('',#3960);
#1080=VERTEX_POINT('',#3974);
#1081=VERTEX_POINT('',#3976);
#1082=VERTEX_POINT('',#3978);
#1083=VERTEX_POINT('',#3980);
#1084=VERTEX_POINT('',#4003);
#1085=VERTEX_POINT('',#4005);
#1086=VERTEX_POINT('',#4028);
#1087=VERTEX_POINT('',#4030);
#1088=VERTEX_POINT('',#4050);
#1089=VERTEX_POINT('',#4052);
#1090=VERTEX_POINT('',#4084);
#1091=VERTEX_POINT('',#4086);
#1092=VERTEX_POINT('',#4092);
#1093=VERTEX_POINT('',#4094);
#1094=VERTEX_POINT('',#4096);
#1095=VERTEX_POINT('',#4098);
#1096=VERTEX_POINT('',#4100);
#1097=VERTEX_POINT('',#4131);
#1098=VERTEX_POINT('',#4136);
#1099=VERTEX_POINT('',#4141);
#1100=VERTEX_POINT('',#4146);
#1101=VERTEX_POINT('',#4155);
#1102=VERTEX_POINT('',#4160);
#1103=VERTEX_POINT('',#4169);
#1104=VERTEX_POINT('',#4170);
#1105=VERTEX_POINT('',#4190);
#1106=VERTEX_POINT('',#4213);
#1107=VERTEX_POINT('',#4215);
#1108=VERTEX_POINT('',#4217);
#1109=VERTEX_POINT('',#4219);
#1110=VERTEX_POINT('',#4221);
#1111=VERTEX_POINT('',#4223);
#1112=VERTEX_POINT('',#4231);
#1113=VERTEX_POINT('',#4233);
#1114=VERTEX_POINT('',#4238);
#1115=VERTEX_POINT('',#4279);
#1116=VERTEX_POINT('',#4281);
#1117=VERTEX_POINT('',#4301);
#1118=VERTEX_POINT('',#4303);
#1119=VERTEX_POINT('',#4326);
#1120=VERTEX_POINT('',#4328);
#1121=VERTEX_POINT('',#4375);
#1122=VERTEX_POINT('',#4377);
#1123=VERTEX_POINT('',#4379);
#1124=VERTEX_POINT('',#4381);
#1125=VERTEX_POINT('',#4434);
#1126=VERTEX_POINT('',#4436);
#1127=VERTEX_POINT('',#4486);
#1128=VERTEX_POINT('',#4491);
#1129=VERTEX_POINT('',#4493);
#1130=VERTEX_POINT('',#4501);
#1131=VERTEX_POINT('',#4503);
#1132=VERTEX_POINT('',#4505);
#1133=VERTEX_POINT('',#4507);
#1134=VERTEX_POINT('',#4515);
#1135=VERTEX_POINT('',#4517);
#1136=VERTEX_POINT('',#4525);
#1137=VERTEX_POINT('',#4527);
#1138=VERTEX_POINT('',#4529);
#1139=VERTEX_POINT('',#4531);
#1140=VERTEX_POINT('',#4539);
#1141=VERTEX_POINT('',#4541);
#1142=VERTEX_POINT('',#4543);
#1143=VERTEX_POINT('',#4545);
#1144=VERTEX_POINT('',#4554);
#1145=VERTEX_POINT('',#4556);
#1146=VERTEX_POINT('',#4560);
#1147=VERTEX_POINT('',#4564);
#1148=VERTEX_POINT('',#4566);
#1149=VERTEX_POINT('',#4570);
#1150=VERTEX_POINT('',#4618);
#1151=VERTEX_POINT('',#4620);
#1152=VERTEX_POINT('',#4624);
#1153=VERTEX_POINT('',#4628);
#1154=VERTEX_POINT('',#4629);
#1155=VERTEX_POINT('',#4634);
#1156=VERTEX_POINT('',#4638);
#1157=VERTEX_POINT('',#4639);
#1158=VERTEX_POINT('',#4644);
#1159=VERTEX_POINT('',#4646);
#1160=VERTEX_POINT('',#4648);
#1161=VERTEX_POINT('',#4650);
#1162=VERTEX_POINT('',#4658);
#1163=VERTEX_POINT('',#4660);
#1164=VERTEX_POINT('',#4662);
#1165=VERTEX_POINT('',#4664);
#1166=VERTEX_POINT('',#4672);
#1167=VERTEX_POINT('',#4674);
#1168=VERTEX_POINT('',#4682);
#1169=VERTEX_POINT('',#4684);
#1170=VERTEX_POINT('',#4686);
#1171=VERTEX_POINT('',#4688);
#1172=VERTEX_POINT('',#4696);
#1173=VERTEX_POINT('',#4698);
#1174=VERTEX_POINT('',#4703);
#1175=VERTEX_POINT('',#4753);
#1176=VERTEX_POINT('',#4755);
#1177=VERTEX_POINT('',#4778);
#1178=VERTEX_POINT('',#4783);
#1179=VERTEX_POINT('',#4785);
#1180=VERTEX_POINT('',#4794);
#1181=VERTEX_POINT('',#4802);
#1182=VERTEX_POINT('',#4804);
#1183=VERTEX_POINT('',#4813);
#1184=VERTEX_POINT('',#4829);
#1185=VERTEX_POINT('',#4833);
#1186=VERTEX_POINT('',#4838);
#1187=VERTEX_POINT('',#4846);
#1188=VERTEX_POINT('',#4848);
#1189=VERTEX_POINT('',#4880);
#1190=VERTEX_POINT('',#4882);
#1191=VERTEX_POINT('',#4923);
#1192=VERTEX_POINT('',#4928);
#1193=VERTEX_POINT('',#4930);
#1194=VERTEX_POINT('',#4938);
#1195=VERTEX_POINT('',#5024);
#1196=VERTEX_POINT('',#5025);
#1197=VERTEX_POINT('',#5081);
#1198=VERTEX_POINT('',#5085);
#1199=VERTEX_POINT('',#5087);
#1200=VERTEX_POINT('',#5110);
#1201=VERTEX_POINT('',#5112);
#1202=VERTEX_POINT('',#5114);
#1203=VERTEX_POINT('',#5116);
#1204=VERTEX_POINT('',#5130);
#1205=VERTEX_POINT('',#5132);
#1206=VERTEX_POINT('',#5185);
#1207=EDGE_CURVE('',#951,#952,#901,.T.);
#1208=EDGE_CURVE('',#953,#951,#551,.T.);
#1209=EDGE_CURVE('',#954,#953,#552,.T.);
#1210=EDGE_CURVE('',#952,#954,#553,.T.);
#1211=EDGE_CURVE('',#955,#956,#902,.T.);
#1212=EDGE_CURVE('',#957,#955,#554,.T.);
#1213=EDGE_CURVE('',#957,#958,#555,.T.);
#1214=EDGE_CURVE('',#956,#958,#556,.T.);
#1215=EDGE_CURVE('',#958,#953,#557,.T.);
#1216=EDGE_CURVE('',#954,#957,#558,.T.);
#1217=EDGE_CURVE('',#956,#959,#166,.T.);
#1218=EDGE_CURVE('',#959,#951,#167,.T.);
#1219=EDGE_CURVE('',#960,#961,#559,.T.);
#1220=EDGE_CURVE('',#962,#960,#560,.T.);
#1221=EDGE_CURVE('',#963,#962,#561,.T.);
#1222=EDGE_CURVE('',#963,#961,#562,.T.);
#1223=EDGE_CURVE('',#964,#965,#903,.T.);
#1224=EDGE_CURVE('',#961,#964,#563,.T.);
#1225=EDGE_CURVE('',#965,#963,#564,.T.);
#1226=EDGE_CURVE('',#966,#967,#904,.T.);
#1227=EDGE_CURVE('',#962,#966,#565,.T.);
#1228=EDGE_CURVE('',#967,#960,#566,.T.);
#1229=EDGE_CURVE('',#967,#964,#168,.T.);
#1230=EDGE_CURVE('',#968,#969,#905,.T.);
#1231=EDGE_CURVE('',#970,#968,#567,.T.);
#1232=EDGE_CURVE('',#970,#971,#568,.T.);
#1233=EDGE_CURVE('',#969,#971,#569,.T.);
#1234=EDGE_CURVE('',#969,#972,#169,.T.);
#1235=EDGE_CURVE('',#971,#973,#570,.T.);
#1236=EDGE_CURVE('',#973,#972,#571,.T.);
#1237=EDGE_CURVE('',#974,#970,#572,.T.);
#1238=EDGE_CURVE('',#974,#973,#573,.T.);
#1239=EDGE_CURVE('',#972,#975,#906,.T.);
#1240=EDGE_CURVE('',#975,#974,#574,.T.);
#1241=EDGE_CURVE('',#976,#977,#907,.T.);
#1242=EDGE_CURVE('',#978,#976,#575,.T.);
#1243=EDGE_CURVE('',#979,#978,#576,.T.);
#1244=EDGE_CURVE('',#977,#979,#577,.T.);
#1245=EDGE_CURVE('',#980,#981,#908,.T.);
#1246=EDGE_CURVE('',#982,#980,#578,.T.);
#1247=EDGE_CURVE('',#982,#983,#579,.T.);
#1248=EDGE_CURVE('',#981,#983,#580,.T.);
#1249=EDGE_CURVE('',#983,#978,#581,.T.);
#1250=EDGE_CURVE('',#979,#982,#582,.T.);
#1251=EDGE_CURVE('',#981,#976,#170,.T.);
#1252=EDGE_CURVE('',#984,#985,#171,.T.);
#1253=EDGE_CURVE('',#985,#984,#172,.T.);
#1254=EDGE_CURVE('',#984,#986,#583,.T.);
#1255=EDGE_CURVE('',#986,#987,#173,.T.);
#1256=EDGE_CURVE('',#988,#987,#909,.T.);
#1257=EDGE_CURVE('',#989,#988,#174,.T.);
#1258=EDGE_CURVE('',#990,#989,#910,.T.);
#1259=EDGE_CURVE('',#990,#968,#175,.T.);
#1260=EDGE_CURVE('',#975,#991,#176,.T.);
#1261=EDGE_CURVE('',#992,#991,#911,.T.);
#1262=EDGE_CURVE('',#993,#992,#177,.T.);
#1263=EDGE_CURVE('',#994,#993,#912,.T.);
#1264=EDGE_CURVE('',#994,#986,#178,.T.);
#1265=EDGE_CURVE('',#995,#955,#179,.T.);
#1266=EDGE_CURVE('',#995,#996,#584,.T.);
#1267=EDGE_CURVE('',#977,#996,#180,.T.);
#1268=EDGE_CURVE('',#997,#980,#181,.T.);
#1269=EDGE_CURVE('',#997,#998,#585,.T.);
#1270=EDGE_CURVE('',#965,#998,#182,.T.);
#1271=EDGE_CURVE('',#999,#966,#183,.T.);
#1272=EDGE_CURVE('',#999,#991,#586,.T.);
#1273=EDGE_CURVE('',#990,#1000,#587,.T.);
#1274=EDGE_CURVE('',#952,#1000,#184,.T.);
#1275=EDGE_CURVE('',#1001,#1001,#185,.T.);
#1276=EDGE_CURVE('',#1001,#1002,#186,.T.);
#1277=EDGE_CURVE('',#1002,#1002,#187,.T.);
#1278=EDGE_CURVE('',#1003,#1003,#188,.T.);
#1279=EDGE_CURVE('',#1003,#1001,#588,.T.);
#1280=EDGE_CURVE('',#1004,#1004,#189,.T.);
#1281=EDGE_CURVE('',#1004,#1005,#190,.T.);
#1282=EDGE_CURVE('',#1005,#1005,#191,.T.);
#1283=EDGE_CURVE('',#1006,#1006,#192,.T.);
#1284=EDGE_CURVE('',#1006,#1004,#589,.T.);
#1285=EDGE_CURVE('',#1007,#1007,#193,.T.);
#1286=EDGE_CURVE('',#1007,#1008,#194,.T.);
#1287=EDGE_CURVE('',#1008,#1008,#195,.T.);
#1288=EDGE_CURVE('',#1009,#1009,#196,.T.);
#1289=EDGE_CURVE('',#1009,#1007,#590,.T.);
#1290=EDGE_CURVE('',#1010,#1010,#197,.T.);
#1291=EDGE_CURVE('',#1010,#1011,#198,.T.);
#1292=EDGE_CURVE('',#1011,#1011,#199,.T.);
#1293=EDGE_CURVE('',#1012,#1012,#200,.T.);
#1294=EDGE_CURVE('',#1012,#1010,#591,.T.);
#1295=EDGE_CURVE('',#1013,#1013,#201,.T.);
#1296=EDGE_CURVE('',#1013,#1014,#202,.T.);
#1297=EDGE_CURVE('',#1014,#1014,#203,.T.);
#1298=EDGE_CURVE('',#1015,#1016,#204,.T.);
#1299=EDGE_CURVE('',#1016,#1015,#205,.T.);
#1300=EDGE_CURVE('',#1016,#1014,#592,.T.);
#1301=EDGE_CURVE('',#1017,#1017,#206,.T.);
#1302=EDGE_CURVE('',#1017,#1018,#207,.T.);
#1303=EDGE_CURVE('',#1018,#1018,#208,.T.);
#1304=EDGE_CURVE('',#1019,#1020,#209,.T.);
#1305=EDGE_CURVE('',#1020,#1019,#210,.T.);
#1306=EDGE_CURVE('',#1020,#1018,#593,.T.);
#1307=EDGE_CURVE('',#1021,#1021,#211,.T.);
#1308=EDGE_CURVE('',#1021,#1022,#212,.T.);
#1309=EDGE_CURVE('',#1022,#1022,#213,.T.);
#1310=EDGE_CURVE('',#1023,#1024,#214,.T.);
#1311=EDGE_CURVE('',#1024,#1023,#215,.T.);
#1312=EDGE_CURVE('',#1024,#1022,#594,.T.);
#1313=EDGE_CURVE('',#1025,#1025,#216,.T.);
#1314=EDGE_CURVE('',#1025,#1026,#217,.T.);
#1315=EDGE_CURVE('',#1026,#1026,#218,.T.);
#1316=EDGE_CURVE('',#1027,#1028,#219,.T.);
#1317=EDGE_CURVE('',#1028,#1027,#220,.T.);
#1318=EDGE_CURVE('',#1028,#1026,#595,.T.);
#1319=EDGE_CURVE('',#1029,#1030,#221,.T.);
#1320=EDGE_CURVE('',#1030,#1029,#222,.T.);
#1321=EDGE_CURVE('',#1029,#1031,#596,.T.);
#1322=EDGE_CURVE('',#1031,#1032,#223,.T.);
#1323=EDGE_CURVE('',#1033,#1032,#913,.T.);
#1324=EDGE_CURVE('',#1034,#1033,#224,.T.);
#1325=EDGE_CURVE('',#997,#1034,#914,.T.);
#1326=EDGE_CURVE('',#1035,#996,#915,.T.);
#1327=EDGE_CURVE('',#1036,#1035,#225,.T.);
#1328=EDGE_CURVE('',#1037,#1036,#916,.T.);
#1329=EDGE_CURVE('',#1037,#1031,#226,.T.);
#1330=EDGE_CURVE('',#1038,#1039,#227,.T.);
#1331=EDGE_CURVE('',#1039,#1038,#228,.T.);
#1332=EDGE_CURVE('',#1038,#1040,#597,.T.);
#1333=EDGE_CURVE('',#1040,#1041,#229,.T.);
#1334=EDGE_CURVE('',#1042,#1041,#917,.T.);
#1335=EDGE_CURVE('',#1043,#1042,#230,.T.);
#1336=EDGE_CURVE('',#999,#1043,#918,.T.);
#1337=EDGE_CURVE('',#1044,#998,#919,.T.);
#1338=EDGE_CURVE('',#1045,#1044,#231,.T.);
#1339=EDGE_CURVE('',#1046,#1045,#920,.T.);
#1340=EDGE_CURVE('',#1046,#1040,#232,.T.);
#1341=EDGE_CURVE('',#1047,#1048,#233,.T.);
#1342=EDGE_CURVE('',#1048,#1047,#234,.T.);
#1343=EDGE_CURVE('',#1047,#959,#598,.T.);
#1344=EDGE_CURVE('',#1049,#1000,#921,.T.);
#1345=EDGE_CURVE('',#1050,#1049,#235,.T.);
#1346=EDGE_CURVE('',#1051,#1050,#922,.T.);
#1347=EDGE_CURVE('',#1051,#1052,#236,.T.);
#1348=EDGE_CURVE('',#1053,#1052,#923,.T.);
#1349=EDGE_CURVE('',#1054,#1053,#237,.T.);
#1350=EDGE_CURVE('',#995,#1054,#924,.T.);
#1351=EDGE_CURVE('',#1055,#1055,#238,.T.);
#1352=EDGE_CURVE('',#1048,#1055,#599,.T.);
#1353=EDGE_CURVE('',#1019,#1056,#600,.T.);
#1354=EDGE_CURVE('',#1056,#1056,#239,.F.);
#1355=EDGE_CURVE('',#1054,#1035,#601,.T.);
#1356=EDGE_CURVE('',#1057,#1058,#40,.T.);
#1357=EDGE_CURVE('',#1059,#1057,#602,.T.);
#1358=EDGE_CURVE('',#1060,#1059,#925,.T.);
#1359=EDGE_CURVE('',#1061,#1060,#603,.T.);
#1360=EDGE_CURVE('',#1062,#1061,#926,.T.);
#1361=EDGE_CURVE('',#1062,#1063,#604,.T.);
#1362=EDGE_CURVE('',#1063,#1064,#41,.T.);
#1363=EDGE_CURVE('',#1064,#1065,#605,.T.);
#1364=EDGE_CURVE('',#1066,#1065,#927,.T.);
#1365=EDGE_CURVE('',#1066,#1067,#606,.T.);
#1366=EDGE_CURVE('',#1067,#1068,#42,.T.);
#1367=EDGE_CURVE('',#1068,#1069,#607,.T.);
#1368=EDGE_CURVE('',#1069,#1070,#43,.T.);
#1369=EDGE_CURVE('',#1070,#1071,#608,.T.);
#1370=EDGE_CURVE('',#1072,#1071,#928,.T.);
#1371=EDGE_CURVE('',#1072,#1073,#609,.T.);
#1372=EDGE_CURVE('',#1073,#1074,#44,.T.);
#1373=EDGE_CURVE('',#1074,#1075,#610,.T.);
#1374=EDGE_CURVE('',#1075,#1076,#45,.T.);
#1375=EDGE_CURVE('',#1077,#1076,#46,.T.);
#1376=EDGE_CURVE('',#1078,#1077,#240,.T.);
#1377=EDGE_CURVE('',#1079,#1078,#47,.T.);
#1378=EDGE_CURVE('',#1079,#1080,#611,.T.);
#1379=EDGE_CURVE('',#1081,#1080,#929,.T.);
#1380=EDGE_CURVE('',#1081,#1082,#612,.T.);
#1381=EDGE_CURVE('',#1083,#1082,#48,.T.);
#1382=EDGE_CURVE('',#1084,#1083,#241,.T.);
#1383=EDGE_CURVE('',#1085,#1084,#49,.T.);
#1384=EDGE_CURVE('',#1085,#1086,#613,.T.);
#1385=EDGE_CURVE('',#1087,#1086,#50,.T.);
#1386=EDGE_CURVE('',#1088,#1087,#242,.T.);
#1387=EDGE_CURVE('',#1089,#1088,#51,.T.);
#1388=EDGE_CURVE('',#1089,#1090,#614,.T.);
#1389=EDGE_CURVE('',#1090,#1091,#52,.T.);
#1390=EDGE_CURVE('',#1091,#1092,#615,.T.);
#1391=EDGE_CURVE('',#1093,#1092,#930,.T.);
#1392=EDGE_CURVE('',#1093,#1094,#616,.T.);
#1393=EDGE_CURVE('',#1095,#1094,#931,.T.);
#1394=EDGE_CURVE('',#1096,#1095,#617,.T.);
#1395=EDGE_CURVE('',#1058,#1096,#53,.T.);
#1396=EDGE_CURVE('',#1046,#1032,#618,.T.);
#1397=EDGE_CURVE('',#1037,#1052,#619,.T.);
#1398=EDGE_CURVE('',#1051,#987,#620,.T.);
#1399=EDGE_CURVE('',#994,#1041,#621,.T.);
#1400=EDGE_CURVE('',#1053,#1036,#622,.T.);
#1401=EDGE_CURVE('',#1097,#1097,#243,.T.);
#1402=EDGE_CURVE('',#1030,#1097,#623,.T.);
#1403=EDGE_CURVE('',#1023,#1098,#624,.T.);
#1404=EDGE_CURVE('',#1098,#1098,#244,.F.);
#1405=EDGE_CURVE('',#1099,#1099,#245,.T.);
#1406=EDGE_CURVE('',#985,#1099,#625,.T.);
#1407=EDGE_CURVE('',#1015,#1100,#626,.T.);
#1408=EDGE_CURVE('',#1100,#1100,#246,.F.);
#1409=EDGE_CURVE('',#989,#1049,#627,.T.);
#1410=EDGE_CURVE('',#988,#1050,#628,.T.);
#1411=EDGE_CURVE('',#1101,#1101,#247,.T.);
#1412=EDGE_CURVE('',#1039,#1101,#629,.T.);
#1413=EDGE_CURVE('',#1027,#1102,#630,.T.);
#1414=EDGE_CURVE('',#1102,#1102,#248,.F.);
#1415=EDGE_CURVE('',#1033,#1045,#631,.T.);
#1416=EDGE_CURVE('',#1034,#1044,#632,.T.);
#1417=EDGE_CURVE('',#1103,#1104,#54,.T.);
#1418=EDGE_CURVE('',#1105,#1103,#55,.T.);
#1419=EDGE_CURVE('',#1105,#1106,#633,.F.);
#1420=EDGE_CURVE('',#1107,#1106,#932,.F.);
#1421=EDGE_CURVE('',#1107,#1108,#634,.T.);
#1422=EDGE_CURVE('',#1109,#1108,#933,.F.);
#1423=EDGE_CURVE('',#1109,#1110,#635,.T.);
#1424=EDGE_CURVE('',#1110,#1111,#56,.T.);
#1425=EDGE_CURVE('',#1111,#1112,#636,.T.);
#1426=EDGE_CURVE('',#1112,#1113,#57,.T.);
#1427=EDGE_CURVE('',#1114,#1113,#58,.F.);
#1428=EDGE_CURVE('',#1114,#1115,#249,.F.);
#1429=EDGE_CURVE('',#1116,#1115,#59,.T.);
#1430=EDGE_CURVE('',#1116,#1117,#637,.F.);
#1431=EDGE_CURVE('',#1118,#1117,#60,.T.);
#1432=EDGE_CURVE('',#1118,#1119,#250,.T.);
#1433=EDGE_CURVE('',#1119,#1120,#61,.T.);
#1434=EDGE_CURVE('',#1120,#1121,#638,.T.);
#1435=EDGE_CURVE('',#1122,#1121,#934,.F.);
#1436=EDGE_CURVE('',#1122,#1123,#639,.T.);
#1437=EDGE_CURVE('',#1124,#1123,#62,.F.);
#1438=EDGE_CURVE('',#1124,#1125,#251,.F.);
#1439=EDGE_CURVE('',#1126,#1125,#63,.F.);
#1440=EDGE_CURVE('',#1126,#1127,#64,.T.);
#1441=EDGE_CURVE('',#1127,#1128,#640,.T.);
#1442=EDGE_CURVE('',#1128,#1129,#65,.T.);
#1443=EDGE_CURVE('',#1129,#1130,#641,.T.);
#1444=EDGE_CURVE('',#1131,#1130,#935,.F.);
#1445=EDGE_CURVE('',#1131,#1132,#642,.T.);
#1446=EDGE_CURVE('',#1132,#1133,#66,.T.);
#1447=EDGE_CURVE('',#1133,#1134,#643,.T.);
#1448=EDGE_CURVE('',#1134,#1135,#67,.T.);
#1449=EDGE_CURVE('',#1135,#1136,#644,.T.);
#1450=EDGE_CURVE('',#1137,#1136,#936,.F.);
#1451=EDGE_CURVE('',#1137,#1138,#645,.T.);
#1452=EDGE_CURVE('',#1138,#1139,#68,.T.);
#1453=EDGE_CURVE('',#1139,#1140,#646,.T.);
#1454=EDGE_CURVE('',#1141,#1140,#937,.F.);
#1455=EDGE_CURVE('',#1141,#1142,#647,.F.);
#1456=EDGE_CURVE('',#1143,#1142,#938,.T.);
#1457=EDGE_CURVE('',#1143,#1104,#648,.F.);
#1458=EDGE_CURVE('',#1043,#992,#649,.T.);
#1459=EDGE_CURVE('',#1042,#993,#650,.T.);
#1460=EDGE_CURVE('',#1071,#1144,#651,.T.);
#1461=EDGE_CURVE('',#1144,#1145,#939,.T.);
#1462=EDGE_CURVE('',#1145,#1072,#652,.T.);
#1463=EDGE_CURVE('',#1070,#1146,#653,.T.);
#1464=EDGE_CURVE('',#1144,#1146,#654,.T.);
#1465=EDGE_CURVE('',#1065,#1147,#655,.T.);
#1466=EDGE_CURVE('',#1147,#1148,#940,.T.);
#1467=EDGE_CURVE('',#1148,#1066,#656,.T.);
#1468=EDGE_CURVE('',#1064,#1149,#657,.T.);
#1469=EDGE_CURVE('',#1147,#1149,#658,.T.);
#1470=EDGE_CURVE('',#1104,#1057,#69,.T.);
#1471=EDGE_CURVE('',#1058,#1103,#70,.T.);
#1472=EDGE_CURVE('',#1096,#1105,#71,.T.);
#1473=EDGE_CURVE('',#1092,#1150,#659,.T.);
#1474=EDGE_CURVE('',#1150,#1151,#941,.T.);
#1475=EDGE_CURVE('',#1151,#1093,#660,.T.);
#1476=EDGE_CURVE('',#1091,#1152,#661,.T.);
#1477=EDGE_CURVE('',#1150,#1152,#662,.T.);
#1478=EDGE_CURVE('',#1153,#1154,#942,.T.);
#1479=EDGE_CURVE('',#1154,#1095,#663,.T.);
#1480=EDGE_CURVE('',#1094,#1153,#664,.T.);
#1481=EDGE_CURVE('',#1155,#1154,#665,.T.);
#1482=EDGE_CURVE('',#1106,#1155,#666,.T.);
#1483=EDGE_CURVE('',#1156,#1157,#943,.T.);
#1484=EDGE_CURVE('',#1157,#1062,#667,.T.);
#1485=EDGE_CURVE('',#1061,#1156,#668,.T.);
#1486=EDGE_CURVE('',#1156,#1158,#669,.T.);
#1487=EDGE_CURVE('',#1159,#1158,#944,.T.);
#1488=EDGE_CURVE('',#1159,#1160,#670,.T.);
#1489=EDGE_CURVE('',#1160,#1161,#72,.F.);
#1490=EDGE_CURVE('',#1161,#1162,#671,.T.);
#1491=EDGE_CURVE('',#1163,#1162,#945,.T.);
#1492=EDGE_CURVE('',#1163,#1164,#672,.T.);
#1493=EDGE_CURVE('',#1164,#1165,#73,.F.);
#1494=EDGE_CURVE('',#1165,#1166,#673,.T.);
#1495=EDGE_CURVE('',#1166,#1167,#74,.F.);
#1496=EDGE_CURVE('',#1167,#1168,#674,.T.);
#1497=EDGE_CURVE('',#1169,#1168,#946,.T.);
#1498=EDGE_CURVE('',#1169,#1170,#675,.T.);
#1499=EDGE_CURVE('',#1170,#1171,#75,.F.);
#1500=EDGE_CURVE('',#1171,#1172,#676,.T.);
#1501=EDGE_CURVE('',#1172,#1173,#76,.F.);
#1502=EDGE_CURVE('',#1174,#1173,#77,.T.);
#1503=EDGE_CURVE('',#1174,#1175,#252,.T.);
#1504=EDGE_CURVE('',#1176,#1175,#78,.T.);
#1505=EDGE_CURVE('',#1176,#1177,#79,.F.);
#1506=EDGE_CURVE('',#1177,#1178,#677,.T.);
#1507=EDGE_CURVE('',#1178,#1179,#80,.F.);
#1508=EDGE_CURVE('',#1179,#1145,#678,.T.);
#1509=EDGE_CURVE('',#1146,#1180,#81,.F.);
#1510=EDGE_CURVE('',#1180,#1181,#679,.T.);
#1511=EDGE_CURVE('',#1181,#1182,#82,.F.);
#1512=EDGE_CURVE('',#1182,#1148,#680,.T.);
#1513=EDGE_CURVE('',#1149,#1183,#83,.F.);
#1514=EDGE_CURVE('',#1183,#1157,#681,.T.);
#1515=EDGE_CURVE('',#1142,#1060,#682,.T.);
#1516=EDGE_CURVE('',#1158,#1141,#683,.T.);
#1517=EDGE_CURVE('',#1059,#1143,#684,.T.);
#1518=EDGE_CURVE('',#1155,#1184,#947,.T.);
#1519=EDGE_CURVE('',#1184,#1107,#685,.T.);
#1520=EDGE_CURVE('',#1185,#1184,#686,.T.);
#1521=EDGE_CURVE('',#1108,#1185,#687,.T.);
#1522=EDGE_CURVE('',#1153,#1151,#688,.T.);
#1523=EDGE_CURVE('',#1152,#1186,#84,.F.);
#1524=EDGE_CURVE('',#1186,#1187,#689,.T.);
#1525=EDGE_CURVE('',#1188,#1187,#85,.T.);
#1526=EDGE_CURVE('',#1188,#1189,#253,.T.);
#1527=EDGE_CURVE('',#1190,#1189,#86,.T.);
#1528=EDGE_CURVE('',#1190,#1191,#87,.F.);
#1529=EDGE_CURVE('',#1191,#1192,#690,.T.);
#1530=EDGE_CURVE('',#1192,#1193,#88,.F.);
#1531=EDGE_CURVE('',#1193,#1194,#691,.T.);
#1532=EDGE_CURVE('',#1185,#1194,#948,.T.);
#1533=EDGE_CURVE('',#1140,#1159,#692,.T.);
#1534=EDGE_CURVE('',#1189,#1114,#89,.T.);
#1535=EDGE_CURVE('',#1113,#1190,#90,.T.);
#1536=EDGE_CURVE('',#1112,#1191,#693,.T.);
#1537=EDGE_CURVE('',#1195,#1196,#91,.T.);
#1538=EDGE_CURVE('',#1196,#1120,#92,.T.);
#1539=EDGE_CURVE('',#1119,#1195,#93,.T.);
#1540=EDGE_CURVE('',#1197,#1196,#694,.T.);
#1541=EDGE_CURVE('',#1121,#1197,#695,.T.);
#1542=EDGE_CURVE('',#1195,#1198,#254,.T.);
#1543=EDGE_CURVE('',#1199,#1198,#94,.T.);
#1544=EDGE_CURVE('',#1199,#1200,#696,.T.);
#1545=EDGE_CURVE('',#1201,#1200,#949,.T.);
#1546=EDGE_CURVE('',#1201,#1202,#697,.T.);
#1547=EDGE_CURVE('',#1203,#1202,#95,.T.);
#1548=EDGE_CURVE('',#1203,#1204,#255,.T.);
#1549=EDGE_CURVE('',#1205,#1204,#96,.T.);
#1550=EDGE_CURVE('',#1205,#1206,#698,.T.);
#1551=EDGE_CURVE('',#1197,#1206,#950,.T.);
#1552=EDGE_CURVE('',#1204,#1124,#97,.T.);
#1553=EDGE_CURVE('',#1123,#1205,#98,.T.);
#1554=EDGE_CURVE('',#1206,#1122,#699,.T.);
#1555=EDGE_CURVE('',#1173,#1126,#99,.T.);
#1556=EDGE_CURVE('',#1125,#1174,#100,.T.);
#1557=EDGE_CURVE('',#1078,#1203,#101,.T.);
#1558=EDGE_CURVE('',#1175,#1077,#102,.T.);
#1559=EDGE_CURVE('',#1115,#1087,#103,.T.);
#1560=EDGE_CURVE('',#1086,#1116,#104,.T.);
#1561=EDGE_CURVE('',#1088,#1188,#105,.T.);
#1562=EDGE_CURVE('',#1117,#1085,#106,.T.);
#1563=EDGE_CURVE('',#1084,#1118,#107,.T.);
#1564=EDGE_CURVE('',#1080,#1201,#700,.T.);
#1565=EDGE_CURVE('',#1200,#1081,#701,.T.);
#1566=EDGE_CURVE('',#1202,#1079,#108,.T.);
#1567=EDGE_CURVE('',#1198,#1083,#109,.T.);
#1568=EDGE_CURVE('',#1082,#1199,#110,.T.);
#1569=EDGE_CURVE('',#1076,#1176,#111,.T.);
#1570=EDGE_CURVE('',#1187,#1089,#112,.T.);
#1571=EDGE_CURVE('',#1194,#1109,#702,.T.);
#1572=EDGE_CURVE('',#1168,#1131,#703,.T.);
#1573=EDGE_CURVE('',#1130,#1169,#704,.T.);
#1574=EDGE_CURVE('',#1132,#1167,#705,.T.);
#1575=EDGE_CURVE('',#1162,#1137,#706,.T.);
#1576=EDGE_CURVE('',#1136,#1163,#707,.T.);
#1577=EDGE_CURVE('',#1135,#1164,#708,.T.);
#1578=EDGE_CURVE('',#1090,#1186,#709,.T.);
#1579=EDGE_CURVE('',#1127,#1172,#710,.T.);
#1580=EDGE_CURVE('',#1128,#1171,#711,.T.);
#1581=EDGE_CURVE('',#1129,#1170,#712,.T.);
#1582=EDGE_CURVE('',#1133,#1166,#713,.T.);
#1583=EDGE_CURVE('',#1134,#1165,#714,.T.);
#1584=EDGE_CURVE('',#1138,#1161,#715,.T.);
#1585=EDGE_CURVE('',#1139,#1160,#716,.T.);
#1586=EDGE_CURVE('',#1110,#1193,#717,.T.);
#1587=EDGE_CURVE('',#1111,#1192,#718,.T.);
#1588=EDGE_CURVE('',#1075,#1177,#719,.T.);
#1589=EDGE_CURVE('',#1074,#1178,#720,.T.);
#1590=EDGE_CURVE('',#1073,#1179,#721,.T.);
#1591=EDGE_CURVE('',#1069,#1180,#722,.T.);
#1592=EDGE_CURVE('',#1068,#1181,#723,.T.);
#1593=EDGE_CURVE('',#1067,#1182,#724,.T.);
#1594=EDGE_CURVE('',#1063,#1183,#725,.F.);
#1595=ORIENTED_EDGE('',*,*,#1207,.F.);
#1596=ORIENTED_EDGE('',*,*,#1208,.F.);
#1597=ORIENTED_EDGE('',*,*,#1209,.F.);
#1598=ORIENTED_EDGE('',*,*,#1210,.F.);
#1599=ORIENTED_EDGE('',*,*,#1211,.F.);
#1600=ORIENTED_EDGE('',*,*,#1212,.F.);
#1601=ORIENTED_EDGE('',*,*,#1213,.T.);
#1602=ORIENTED_EDGE('',*,*,#1214,.F.);
#1603=ORIENTED_EDGE('',*,*,#1215,.F.);
#1604=ORIENTED_EDGE('',*,*,#1213,.F.);
#1605=ORIENTED_EDGE('',*,*,#1216,.F.);
#1606=ORIENTED_EDGE('',*,*,#1209,.T.);
#1607=ORIENTED_EDGE('',*,*,#1217,.F.);
#1608=ORIENTED_EDGE('',*,*,#1214,.T.);
#1609=ORIENTED_EDGE('',*,*,#1215,.T.);
#1610=ORIENTED_EDGE('',*,*,#1208,.T.);
#1611=ORIENTED_EDGE('',*,*,#1218,.F.);
#1612=ORIENTED_EDGE('',*,*,#1219,.F.);
#1613=ORIENTED_EDGE('',*,*,#1220,.F.);
#1614=ORIENTED_EDGE('',*,*,#1221,.F.);
#1615=ORIENTED_EDGE('',*,*,#1222,.T.);
#1616=ORIENTED_EDGE('',*,*,#1223,.F.);
#1617=ORIENTED_EDGE('',*,*,#1224,.F.);
#1618=ORIENTED_EDGE('',*,*,#1222,.F.);
#1619=ORIENTED_EDGE('',*,*,#1225,.F.);
#1620=ORIENTED_EDGE('',*,*,#1226,.F.);
#1621=ORIENTED_EDGE('',*,*,#1227,.F.);
#1622=ORIENTED_EDGE('',*,*,#1220,.T.);
#1623=ORIENTED_EDGE('',*,*,#1228,.F.);
#1624=ORIENTED_EDGE('',*,*,#1229,.F.);
#1625=ORIENTED_EDGE('',*,*,#1228,.T.);
#1626=ORIENTED_EDGE('',*,*,#1219,.T.);
#1627=ORIENTED_EDGE('',*,*,#1224,.T.);
#1628=ORIENTED_EDGE('',*,*,#1230,.F.);
#1629=ORIENTED_EDGE('',*,*,#1231,.F.);
#1630=ORIENTED_EDGE('',*,*,#1232,.T.);
#1631=ORIENTED_EDGE('',*,*,#1233,.F.);
#1632=ORIENTED_EDGE('',*,*,#1234,.F.);
#1633=ORIENTED_EDGE('',*,*,#1233,.T.);
#1634=ORIENTED_EDGE('',*,*,#1235,.T.);
#1635=ORIENTED_EDGE('',*,*,#1236,.T.);
#1636=ORIENTED_EDGE('',*,*,#1235,.F.);
#1637=ORIENTED_EDGE('',*,*,#1232,.F.);
#1638=ORIENTED_EDGE('',*,*,#1237,.F.);
#1639=ORIENTED_EDGE('',*,*,#1238,.T.);
#1640=ORIENTED_EDGE('',*,*,#1239,.F.);
#1641=ORIENTED_EDGE('',*,*,#1236,.F.);
#1642=ORIENTED_EDGE('',*,*,#1238,.F.);
#1643=ORIENTED_EDGE('',*,*,#1240,.F.);
#1644=ORIENTED_EDGE('',*,*,#1241,.F.);
#1645=ORIENTED_EDGE('',*,*,#1242,.F.);
#1646=ORIENTED_EDGE('',*,*,#1243,.F.);
#1647=ORIENTED_EDGE('',*,*,#1244,.F.);
#1648=ORIENTED_EDGE('',*,*,#1245,.F.);
#1649=ORIENTED_EDGE('',*,*,#1246,.F.);
#1650=ORIENTED_EDGE('',*,*,#1247,.T.);
#1651=ORIENTED_EDGE('',*,*,#1248,.F.);
#1652=ORIENTED_EDGE('',*,*,#1249,.F.);
#1653=ORIENTED_EDGE('',*,*,#1247,.F.);
#1654=ORIENTED_EDGE('',*,*,#1250,.F.);
#1655=ORIENTED_EDGE('',*,*,#1243,.T.);
#1656=ORIENTED_EDGE('',*,*,#1251,.F.);
#1657=ORIENTED_EDGE('',*,*,#1248,.T.);
#1658=ORIENTED_EDGE('',*,*,#1249,.T.);
#1659=ORIENTED_EDGE('',*,*,#1242,.T.);
#1660=ORIENTED_EDGE('',*,*,#1252,.T.);
#1661=ORIENTED_EDGE('',*,*,#1253,.T.);
#1662=ORIENTED_EDGE('',*,*,#1254,.T.);
#1663=ORIENTED_EDGE('',*,*,#1255,.T.);
#1664=ORIENTED_EDGE('',*,*,#1256,.F.);
#1665=ORIENTED_EDGE('',*,*,#1257,.F.);
#1666=ORIENTED_EDGE('',*,*,#1258,.F.);
#1667=ORIENTED_EDGE('',*,*,#1259,.T.);
#1668=ORIENTED_EDGE('',*,*,#1230,.T.);
#1669=ORIENTED_EDGE('',*,*,#1234,.T.);
#1670=ORIENTED_EDGE('',*,*,#1239,.T.);
#1671=ORIENTED_EDGE('',*,*,#1260,.T.);
#1672=ORIENTED_EDGE('',*,*,#1261,.F.);
#1673=ORIENTED_EDGE('',*,*,#1262,.F.);
#1674=ORIENTED_EDGE('',*,*,#1263,.F.);
#1675=ORIENTED_EDGE('',*,*,#1264,.T.);
#1676=ORIENTED_EDGE('',*,*,#1254,.F.);
#1677=ORIENTED_EDGE('',*,*,#1210,.T.);
#1678=ORIENTED_EDGE('',*,*,#1216,.T.);
#1679=ORIENTED_EDGE('',*,*,#1212,.T.);
#1680=ORIENTED_EDGE('',*,*,#1265,.F.);
#1681=ORIENTED_EDGE('',*,*,#1266,.T.);
#1682=ORIENTED_EDGE('',*,*,#1267,.F.);
#1683=ORIENTED_EDGE('',*,*,#1244,.T.);
#1684=ORIENTED_EDGE('',*,*,#1250,.T.);
#1685=ORIENTED_EDGE('',*,*,#1246,.T.);
#1686=ORIENTED_EDGE('',*,*,#1268,.F.);
#1687=ORIENTED_EDGE('',*,*,#1269,.T.);
#1688=ORIENTED_EDGE('',*,*,#1270,.F.);
#1689=ORIENTED_EDGE('',*,*,#1225,.T.);
#1690=ORIENTED_EDGE('',*,*,#1221,.T.);
#1691=ORIENTED_EDGE('',*,*,#1227,.T.);
#1692=ORIENTED_EDGE('',*,*,#1271,.F.);
#1693=ORIENTED_EDGE('',*,*,#1272,.T.);
#1694=ORIENTED_EDGE('',*,*,#1260,.F.);
#1695=ORIENTED_EDGE('',*,*,#1240,.T.);
#1696=ORIENTED_EDGE('',*,*,#1237,.T.);
#1697=ORIENTED_EDGE('',*,*,#1231,.T.);
#1698=ORIENTED_EDGE('',*,*,#1259,.F.);
#1699=ORIENTED_EDGE('',*,*,#1273,.T.);
#1700=ORIENTED_EDGE('',*,*,#1274,.F.);
#1701=ORIENTED_EDGE('',*,*,#1275,.T.);
#1702=ORIENTED_EDGE('',*,*,#1276,.T.);
#1703=ORIENTED_EDGE('',*,*,#1277,.T.);
#1704=ORIENTED_EDGE('',*,*,#1276,.F.);
#1705=ORIENTED_EDGE('',*,*,#1278,.F.);
#1706=ORIENTED_EDGE('',*,*,#1279,.T.);
#1707=ORIENTED_EDGE('',*,*,#1275,.F.);
#1708=ORIENTED_EDGE('',*,*,#1279,.F.);
#1709=ORIENTED_EDGE('',*,*,#1277,.F.);
#1710=ORIENTED_EDGE('',*,*,#1280,.T.);
#1711=ORIENTED_EDGE('',*,*,#1281,.T.);
#1712=ORIENTED_EDGE('',*,*,#1282,.T.);
#1713=ORIENTED_EDGE('',*,*,#1281,.F.);
#1714=ORIENTED_EDGE('',*,*,#1283,.F.);
#1715=ORIENTED_EDGE('',*,*,#1284,.T.);
#1716=ORIENTED_EDGE('',*,*,#1280,.F.);
#1717=ORIENTED_EDGE('',*,*,#1284,.F.);
#1718=ORIENTED_EDGE('',*,*,#1282,.F.);
#1719=ORIENTED_EDGE('',*,*,#1285,.T.);
#1720=ORIENTED_EDGE('',*,*,#1286,.T.);
#1721=ORIENTED_EDGE('',*,*,#1287,.T.);
#1722=ORIENTED_EDGE('',*,*,#1286,.F.);
#1723=ORIENTED_EDGE('',*,*,#1288,.F.);
#1724=ORIENTED_EDGE('',*,*,#1289,.T.);
#1725=ORIENTED_EDGE('',*,*,#1285,.F.);
#1726=ORIENTED_EDGE('',*,*,#1289,.F.);
#1727=ORIENTED_EDGE('',*,*,#1287,.F.);
#1728=ORIENTED_EDGE('',*,*,#1290,.T.);
#1729=ORIENTED_EDGE('',*,*,#1291,.T.);
#1730=ORIENTED_EDGE('',*,*,#1292,.T.);
#1731=ORIENTED_EDGE('',*,*,#1291,.F.);
#1732=ORIENTED_EDGE('',*,*,#1293,.F.);
#1733=ORIENTED_EDGE('',*,*,#1294,.T.);
#1734=ORIENTED_EDGE('',*,*,#1290,.F.);
#1735=ORIENTED_EDGE('',*,*,#1294,.F.);
#1736=ORIENTED_EDGE('',*,*,#1292,.F.);
#1737=ORIENTED_EDGE('',*,*,#1295,.T.);
#1738=ORIENTED_EDGE('',*,*,#1296,.T.);
#1739=ORIENTED_EDGE('',*,*,#1297,.T.);
#1740=ORIENTED_EDGE('',*,*,#1296,.F.);
#1741=ORIENTED_EDGE('',*,*,#1298,.F.);
#1742=ORIENTED_EDGE('',*,*,#1299,.F.);
#1743=ORIENTED_EDGE('',*,*,#1300,.T.);
#1744=ORIENTED_EDGE('',*,*,#1297,.F.);
#1745=ORIENTED_EDGE('',*,*,#1300,.F.);
#1746=ORIENTED_EDGE('',*,*,#1295,.F.);
#1747=ORIENTED_EDGE('',*,*,#1301,.T.);
#1748=ORIENTED_EDGE('',*,*,#1302,.T.);
#1749=ORIENTED_EDGE('',*,*,#1303,.T.);
#1750=ORIENTED_EDGE('',*,*,#1302,.F.);
#1751=ORIENTED_EDGE('',*,*,#1304,.F.);
#1752=ORIENTED_EDGE('',*,*,#1305,.F.);
#1753=ORIENTED_EDGE('',*,*,#1306,.T.);
#1754=ORIENTED_EDGE('',*,*,#1303,.F.);
#1755=ORIENTED_EDGE('',*,*,#1306,.F.);
#1756=ORIENTED_EDGE('',*,*,#1301,.F.);
#1757=ORIENTED_EDGE('',*,*,#1307,.T.);
#1758=ORIENTED_EDGE('',*,*,#1308,.T.);
#1759=ORIENTED_EDGE('',*,*,#1309,.T.);
#1760=ORIENTED_EDGE('',*,*,#1308,.F.);
#1761=ORIENTED_EDGE('',*,*,#1310,.F.);
#1762=ORIENTED_EDGE('',*,*,#1311,.F.);
#1763=ORIENTED_EDGE('',*,*,#1312,.T.);
#1764=ORIENTED_EDGE('',*,*,#1309,.F.);
#1765=ORIENTED_EDGE('',*,*,#1312,.F.);
#1766=ORIENTED_EDGE('',*,*,#1307,.F.);
#1767=ORIENTED_EDGE('',*,*,#1313,.T.);
#1768=ORIENTED_EDGE('',*,*,#1314,.T.);
#1769=ORIENTED_EDGE('',*,*,#1315,.T.);
#1770=ORIENTED_EDGE('',*,*,#1314,.F.);
#1771=ORIENTED_EDGE('',*,*,#1316,.F.);
#1772=ORIENTED_EDGE('',*,*,#1317,.F.);
#1773=ORIENTED_EDGE('',*,*,#1318,.T.);
#1774=ORIENTED_EDGE('',*,*,#1315,.F.);
#1775=ORIENTED_EDGE('',*,*,#1318,.F.);
#1776=ORIENTED_EDGE('',*,*,#1313,.F.);
#1777=ORIENTED_EDGE('',*,*,#1319,.T.);
#1778=ORIENTED_EDGE('',*,*,#1320,.T.);
#1779=ORIENTED_EDGE('',*,*,#1321,.T.);
#1780=ORIENTED_EDGE('',*,*,#1322,.T.);
#1781=ORIENTED_EDGE('',*,*,#1323,.F.);
#1782=ORIENTED_EDGE('',*,*,#1324,.F.);
#1783=ORIENTED_EDGE('',*,*,#1325,.F.);
#1784=ORIENTED_EDGE('',*,*,#1268,.T.);
#1785=ORIENTED_EDGE('',*,*,#1245,.T.);
#1786=ORIENTED_EDGE('',*,*,#1251,.T.);
#1787=ORIENTED_EDGE('',*,*,#1241,.T.);
#1788=ORIENTED_EDGE('',*,*,#1267,.T.);
#1789=ORIENTED_EDGE('',*,*,#1326,.F.);
#1790=ORIENTED_EDGE('',*,*,#1327,.F.);
#1791=ORIENTED_EDGE('',*,*,#1328,.F.);
#1792=ORIENTED_EDGE('',*,*,#1329,.T.);
#1793=ORIENTED_EDGE('',*,*,#1321,.F.);
#1794=ORIENTED_EDGE('',*,*,#1330,.T.);
#1795=ORIENTED_EDGE('',*,*,#1331,.T.);
#1796=ORIENTED_EDGE('',*,*,#1332,.T.);
#1797=ORIENTED_EDGE('',*,*,#1333,.T.);
#1798=ORIENTED_EDGE('',*,*,#1334,.F.);
#1799=ORIENTED_EDGE('',*,*,#1335,.F.);
#1800=ORIENTED_EDGE('',*,*,#1336,.F.);
#1801=ORIENTED_EDGE('',*,*,#1271,.T.);
#1802=ORIENTED_EDGE('',*,*,#1226,.T.);
#1803=ORIENTED_EDGE('',*,*,#1229,.T.);
#1804=ORIENTED_EDGE('',*,*,#1223,.T.);
#1805=ORIENTED_EDGE('',*,*,#1270,.T.);
#1806=ORIENTED_EDGE('',*,*,#1337,.F.);
#1807=ORIENTED_EDGE('',*,*,#1338,.F.);
#1808=ORIENTED_EDGE('',*,*,#1339,.F.);
#1809=ORIENTED_EDGE('',*,*,#1340,.T.);
#1810=ORIENTED_EDGE('',*,*,#1332,.F.);
#1811=ORIENTED_EDGE('',*,*,#1341,.T.);
#1812=ORIENTED_EDGE('',*,*,#1342,.T.);
#1813=ORIENTED_EDGE('',*,*,#1343,.T.);
#1814=ORIENTED_EDGE('',*,*,#1218,.T.);
#1815=ORIENTED_EDGE('',*,*,#1207,.T.);
#1816=ORIENTED_EDGE('',*,*,#1274,.T.);
#1817=ORIENTED_EDGE('',*,*,#1344,.F.);
#1818=ORIENTED_EDGE('',*,*,#1345,.F.);
#1819=ORIENTED_EDGE('',*,*,#1346,.F.);
#1820=ORIENTED_EDGE('',*,*,#1347,.T.);
#1821=ORIENTED_EDGE('',*,*,#1348,.F.);
#1822=ORIENTED_EDGE('',*,*,#1349,.F.);
#1823=ORIENTED_EDGE('',*,*,#1350,.F.);
#1824=ORIENTED_EDGE('',*,*,#1265,.T.);
#1825=ORIENTED_EDGE('',*,*,#1211,.T.);
#1826=ORIENTED_EDGE('',*,*,#1217,.T.);
#1827=ORIENTED_EDGE('',*,*,#1343,.F.);
#1828=ORIENTED_EDGE('',*,*,#1351,.F.);
#1829=ORIENTED_EDGE('',*,*,#1293,.T.);
#1830=ORIENTED_EDGE('',*,*,#1341,.F.);
#1831=ORIENTED_EDGE('',*,*,#1342,.F.);
#1832=ORIENTED_EDGE('',*,*,#1352,.T.);
#1833=ORIENTED_EDGE('',*,*,#1351,.T.);
#1834=ORIENTED_EDGE('',*,*,#1352,.F.);
#1835=ORIENTED_EDGE('',*,*,#1304,.T.);
#1836=ORIENTED_EDGE('',*,*,#1305,.T.);
#1837=ORIENTED_EDGE('',*,*,#1353,.T.);
#1838=ORIENTED_EDGE('',*,*,#1354,.F.);
#1839=ORIENTED_EDGE('',*,*,#1353,.F.);
#1840=ORIENTED_EDGE('',*,*,#1350,.T.);
#1841=ORIENTED_EDGE('',*,*,#1355,.T.);
#1842=ORIENTED_EDGE('',*,*,#1326,.T.);
#1843=ORIENTED_EDGE('',*,*,#1266,.F.);
#1844=ORIENTED_EDGE('',*,*,#1356,.F.);
#1845=ORIENTED_EDGE('',*,*,#1357,.F.);
#1846=ORIENTED_EDGE('',*,*,#1358,.F.);
#1847=ORIENTED_EDGE('',*,*,#1359,.F.);
#1848=ORIENTED_EDGE('',*,*,#1360,.F.);
#1849=ORIENTED_EDGE('',*,*,#1361,.T.);
#1850=ORIENTED_EDGE('',*,*,#1362,.T.);
#1851=ORIENTED_EDGE('',*,*,#1363,.T.);
#1852=ORIENTED_EDGE('',*,*,#1364,.F.);
#1853=ORIENTED_EDGE('',*,*,#1365,.T.);
#1854=ORIENTED_EDGE('',*,*,#1366,.T.);
#1855=ORIENTED_EDGE('',*,*,#1367,.T.);
#1856=ORIENTED_EDGE('',*,*,#1368,.T.);
#1857=ORIENTED_EDGE('',*,*,#1369,.T.);
#1858=ORIENTED_EDGE('',*,*,#1370,.F.);
#1859=ORIENTED_EDGE('',*,*,#1371,.T.);
#1860=ORIENTED_EDGE('',*,*,#1372,.T.);
#1861=ORIENTED_EDGE('',*,*,#1373,.T.);
#1862=ORIENTED_EDGE('',*,*,#1374,.T.);
#1863=ORIENTED_EDGE('',*,*,#1375,.F.);
#1864=ORIENTED_EDGE('',*,*,#1376,.F.);
#1865=ORIENTED_EDGE('',*,*,#1377,.F.);
#1866=ORIENTED_EDGE('',*,*,#1378,.T.);
#1867=ORIENTED_EDGE('',*,*,#1379,.F.);
#1868=ORIENTED_EDGE('',*,*,#1380,.T.);
#1869=ORIENTED_EDGE('',*,*,#1381,.F.);
#1870=ORIENTED_EDGE('',*,*,#1382,.F.);
#1871=ORIENTED_EDGE('',*,*,#1383,.F.);
#1872=ORIENTED_EDGE('',*,*,#1384,.T.);
#1873=ORIENTED_EDGE('',*,*,#1385,.F.);
#1874=ORIENTED_EDGE('',*,*,#1386,.F.);
#1875=ORIENTED_EDGE('',*,*,#1387,.F.);
#1876=ORIENTED_EDGE('',*,*,#1388,.T.);
#1877=ORIENTED_EDGE('',*,*,#1389,.T.);
#1878=ORIENTED_EDGE('',*,*,#1390,.T.);
#1879=ORIENTED_EDGE('',*,*,#1391,.F.);
#1880=ORIENTED_EDGE('',*,*,#1392,.T.);
#1881=ORIENTED_EDGE('',*,*,#1393,.F.);
#1882=ORIENTED_EDGE('',*,*,#1394,.F.);
#1883=ORIENTED_EDGE('',*,*,#1395,.F.);
#1884=ORIENTED_EDGE('',*,*,#1340,.F.);
#1885=ORIENTED_EDGE('',*,*,#1396,.T.);
#1886=ORIENTED_EDGE('',*,*,#1322,.F.);
#1887=ORIENTED_EDGE('',*,*,#1329,.F.);
#1888=ORIENTED_EDGE('',*,*,#1397,.T.);
#1889=ORIENTED_EDGE('',*,*,#1347,.F.);
#1890=ORIENTED_EDGE('',*,*,#1398,.T.);
#1891=ORIENTED_EDGE('',*,*,#1255,.F.);
#1892=ORIENTED_EDGE('',*,*,#1264,.F.);
#1893=ORIENTED_EDGE('',*,*,#1399,.T.);
#1894=ORIENTED_EDGE('',*,*,#1333,.F.);
#1895=ORIENTED_EDGE('',*,*,#1349,.T.);
#1896=ORIENTED_EDGE('',*,*,#1400,.T.);
#1897=ORIENTED_EDGE('',*,*,#1327,.T.);
#1898=ORIENTED_EDGE('',*,*,#1355,.F.);
#1899=ORIENTED_EDGE('',*,*,#1401,.F.);
#1900=ORIENTED_EDGE('',*,*,#1283,.T.);
#1901=ORIENTED_EDGE('',*,*,#1319,.F.);
#1902=ORIENTED_EDGE('',*,*,#1320,.F.);
#1903=ORIENTED_EDGE('',*,*,#1402,.T.);
#1904=ORIENTED_EDGE('',*,*,#1401,.T.);
#1905=ORIENTED_EDGE('',*,*,#1402,.F.);
#1906=ORIENTED_EDGE('',*,*,#1310,.T.);
#1907=ORIENTED_EDGE('',*,*,#1311,.T.);
#1908=ORIENTED_EDGE('',*,*,#1403,.T.);
#1909=ORIENTED_EDGE('',*,*,#1404,.F.);
#1910=ORIENTED_EDGE('',*,*,#1403,.F.);
#1911=ORIENTED_EDGE('',*,*,#1348,.T.);
#1912=ORIENTED_EDGE('',*,*,#1397,.F.);
#1913=ORIENTED_EDGE('',*,*,#1328,.T.);
#1914=ORIENTED_EDGE('',*,*,#1400,.F.);
#1915=ORIENTED_EDGE('',*,*,#1405,.F.);
#1916=ORIENTED_EDGE('',*,*,#1288,.T.);
#1917=ORIENTED_EDGE('',*,*,#1252,.F.);
#1918=ORIENTED_EDGE('',*,*,#1253,.F.);
#1919=ORIENTED_EDGE('',*,*,#1406,.T.);
#1920=ORIENTED_EDGE('',*,*,#1405,.T.);
#1921=ORIENTED_EDGE('',*,*,#1406,.F.);
#1922=ORIENTED_EDGE('',*,*,#1298,.T.);
#1923=ORIENTED_EDGE('',*,*,#1299,.T.);
#1924=ORIENTED_EDGE('',*,*,#1407,.T.);
#1925=ORIENTED_EDGE('',*,*,#1408,.F.);
#1926=ORIENTED_EDGE('',*,*,#1407,.F.);
#1927=ORIENTED_EDGE('',*,*,#1344,.T.);
#1928=ORIENTED_EDGE('',*,*,#1273,.F.);
#1929=ORIENTED_EDGE('',*,*,#1258,.T.);
#1930=ORIENTED_EDGE('',*,*,#1409,.T.);
#1931=ORIENTED_EDGE('',*,*,#1345,.T.);
#1932=ORIENTED_EDGE('',*,*,#1409,.F.);
#1933=ORIENTED_EDGE('',*,*,#1257,.T.);
#1934=ORIENTED_EDGE('',*,*,#1410,.T.);
#1935=ORIENTED_EDGE('',*,*,#1346,.T.);
#1936=ORIENTED_EDGE('',*,*,#1410,.F.);
#1937=ORIENTED_EDGE('',*,*,#1256,.T.);
#1938=ORIENTED_EDGE('',*,*,#1398,.F.);
#1939=ORIENTED_EDGE('',*,*,#1411,.F.);
#1940=ORIENTED_EDGE('',*,*,#1278,.T.);
#1941=ORIENTED_EDGE('',*,*,#1330,.F.);
#1942=ORIENTED_EDGE('',*,*,#1331,.F.);
#1943=ORIENTED_EDGE('',*,*,#1412,.T.);
#1944=ORIENTED_EDGE('',*,*,#1411,.T.);
#1945=ORIENTED_EDGE('',*,*,#1412,.F.);
#1946=ORIENTED_EDGE('',*,*,#1316,.T.);
#1947=ORIENTED_EDGE('',*,*,#1317,.T.);
#1948=ORIENTED_EDGE('',*,*,#1413,.T.);
#1949=ORIENTED_EDGE('',*,*,#1414,.F.);
#1950=ORIENTED_EDGE('',*,*,#1413,.F.);
#1951=ORIENTED_EDGE('',*,*,#1323,.T.);
#1952=ORIENTED_EDGE('',*,*,#1396,.F.);
#1953=ORIENTED_EDGE('',*,*,#1339,.T.);
#1954=ORIENTED_EDGE('',*,*,#1415,.F.);
#1955=ORIENTED_EDGE('',*,*,#1324,.T.);
#1956=ORIENTED_EDGE('',*,*,#1415,.T.);
#1957=ORIENTED_EDGE('',*,*,#1338,.T.);
#1958=ORIENTED_EDGE('',*,*,#1416,.F.);
#1959=ORIENTED_EDGE('',*,*,#1325,.T.);
#1960=ORIENTED_EDGE('',*,*,#1416,.T.);
#1961=ORIENTED_EDGE('',*,*,#1337,.T.);
#1962=ORIENTED_EDGE('',*,*,#1269,.F.);
#1963=ORIENTED_EDGE('',*,*,#1417,.F.);
#1964=ORIENTED_EDGE('',*,*,#1418,.F.);
#1965=ORIENTED_EDGE('',*,*,#1419,.T.);
#1966=ORIENTED_EDGE('',*,*,#1420,.F.);
#1967=ORIENTED_EDGE('',*,*,#1421,.T.);
#1968=ORIENTED_EDGE('',*,*,#1422,.F.);
#1969=ORIENTED_EDGE('',*,*,#1423,.T.);
#1970=ORIENTED_EDGE('',*,*,#1424,.T.);
#1971=ORIENTED_EDGE('',*,*,#1425,.T.);
#1972=ORIENTED_EDGE('',*,*,#1426,.T.);
#1973=ORIENTED_EDGE('',*,*,#1427,.F.);
#1974=ORIENTED_EDGE('',*,*,#1428,.T.);
#1975=ORIENTED_EDGE('',*,*,#1429,.F.);
#1976=ORIENTED_EDGE('',*,*,#1430,.T.);
#1977=ORIENTED_EDGE('',*,*,#1431,.F.);
#1978=ORIENTED_EDGE('',*,*,#1432,.T.);
#1979=ORIENTED_EDGE('',*,*,#1433,.T.);
#1980=ORIENTED_EDGE('',*,*,#1434,.T.);
#1981=ORIENTED_EDGE('',*,*,#1435,.F.);
#1982=ORIENTED_EDGE('',*,*,#1436,.T.);
#1983=ORIENTED_EDGE('',*,*,#1437,.F.);
#1984=ORIENTED_EDGE('',*,*,#1438,.T.);
#1985=ORIENTED_EDGE('',*,*,#1439,.F.);
#1986=ORIENTED_EDGE('',*,*,#1440,.T.);
#1987=ORIENTED_EDGE('',*,*,#1441,.T.);
#1988=ORIENTED_EDGE('',*,*,#1442,.T.);
#1989=ORIENTED_EDGE('',*,*,#1443,.T.);
#1990=ORIENTED_EDGE('',*,*,#1444,.F.);
#1991=ORIENTED_EDGE('',*,*,#1445,.T.);
#1992=ORIENTED_EDGE('',*,*,#1446,.T.);
#1993=ORIENTED_EDGE('',*,*,#1447,.T.);
#1994=ORIENTED_EDGE('',*,*,#1448,.T.);
#1995=ORIENTED_EDGE('',*,*,#1449,.T.);
#1996=ORIENTED_EDGE('',*,*,#1450,.F.);
#1997=ORIENTED_EDGE('',*,*,#1451,.T.);
#1998=ORIENTED_EDGE('',*,*,#1452,.T.);
#1999=ORIENTED_EDGE('',*,*,#1453,.T.);
#2000=ORIENTED_EDGE('',*,*,#1454,.F.);
#2001=ORIENTED_EDGE('',*,*,#1455,.T.);
#2002=ORIENTED_EDGE('',*,*,#1456,.F.);
#2003=ORIENTED_EDGE('',*,*,#1457,.T.);
#2004=ORIENTED_EDGE('',*,*,#1354,.T.);
#2005=ORIENTED_EDGE('',*,*,#1404,.T.);
#2006=ORIENTED_EDGE('',*,*,#1408,.T.);
#2007=ORIENTED_EDGE('',*,*,#1414,.T.);
#2008=ORIENTED_EDGE('',*,*,#1261,.T.);
#2009=ORIENTED_EDGE('',*,*,#1272,.F.);
#2010=ORIENTED_EDGE('',*,*,#1336,.T.);
#2011=ORIENTED_EDGE('',*,*,#1458,.T.);
#2012=ORIENTED_EDGE('',*,*,#1262,.T.);
#2013=ORIENTED_EDGE('',*,*,#1458,.F.);
#2014=ORIENTED_EDGE('',*,*,#1335,.T.);
#2015=ORIENTED_EDGE('',*,*,#1459,.T.);
#2016=ORIENTED_EDGE('',*,*,#1263,.T.);
#2017=ORIENTED_EDGE('',*,*,#1459,.F.);
#2018=ORIENTED_EDGE('',*,*,#1334,.T.);
#2019=ORIENTED_EDGE('',*,*,#1399,.F.);
#2020=ORIENTED_EDGE('',*,*,#1370,.T.);
#2021=ORIENTED_EDGE('',*,*,#1460,.T.);
#2022=ORIENTED_EDGE('',*,*,#1461,.T.);
#2023=ORIENTED_EDGE('',*,*,#1462,.T.);
#2024=ORIENTED_EDGE('',*,*,#1460,.F.);
#2025=ORIENTED_EDGE('',*,*,#1369,.F.);
#2026=ORIENTED_EDGE('',*,*,#1463,.T.);
#2027=ORIENTED_EDGE('',*,*,#1464,.F.);
#2028=ORIENTED_EDGE('',*,*,#1364,.T.);
#2029=ORIENTED_EDGE('',*,*,#1465,.T.);
#2030=ORIENTED_EDGE('',*,*,#1466,.T.);
#2031=ORIENTED_EDGE('',*,*,#1467,.T.);
#2032=ORIENTED_EDGE('',*,*,#1465,.F.);
#2033=ORIENTED_EDGE('',*,*,#1363,.F.);
#2034=ORIENTED_EDGE('',*,*,#1468,.T.);
#2035=ORIENTED_EDGE('',*,*,#1469,.F.);
#2036=ORIENTED_EDGE('',*,*,#1417,.T.);
#2037=ORIENTED_EDGE('',*,*,#1470,.T.);
#2038=ORIENTED_EDGE('',*,*,#1356,.T.);
#2039=ORIENTED_EDGE('',*,*,#1471,.T.);
#2040=ORIENTED_EDGE('',*,*,#1471,.F.);
#2041=ORIENTED_EDGE('',*,*,#1395,.T.);
#2042=ORIENTED_EDGE('',*,*,#1472,.T.);
#2043=ORIENTED_EDGE('',*,*,#1418,.T.);
#2044=ORIENTED_EDGE('',*,*,#1391,.T.);
#2045=ORIENTED_EDGE('',*,*,#1473,.T.);
#2046=ORIENTED_EDGE('',*,*,#1474,.T.);
#2047=ORIENTED_EDGE('',*,*,#1475,.T.);
#2048=ORIENTED_EDGE('',*,*,#1473,.F.);
#2049=ORIENTED_EDGE('',*,*,#1390,.F.);
#2050=ORIENTED_EDGE('',*,*,#1476,.T.);
#2051=ORIENTED_EDGE('',*,*,#1477,.F.);
#2052=ORIENTED_EDGE('',*,*,#1478,.T.);
#2053=ORIENTED_EDGE('',*,*,#1479,.T.);
#2054=ORIENTED_EDGE('',*,*,#1393,.T.);
#2055=ORIENTED_EDGE('',*,*,#1480,.T.);
#2056=ORIENTED_EDGE('',*,*,#1479,.F.);
#2057=ORIENTED_EDGE('',*,*,#1481,.F.);
#2058=ORIENTED_EDGE('',*,*,#1482,.F.);
#2059=ORIENTED_EDGE('',*,*,#1419,.F.);
#2060=ORIENTED_EDGE('',*,*,#1472,.F.);
#2061=ORIENTED_EDGE('',*,*,#1394,.T.);
#2062=ORIENTED_EDGE('',*,*,#1483,.T.);
#2063=ORIENTED_EDGE('',*,*,#1484,.T.);
#2064=ORIENTED_EDGE('',*,*,#1360,.T.);
#2065=ORIENTED_EDGE('',*,*,#1485,.T.);
#2066=ORIENTED_EDGE('',*,*,#1483,.F.);
#2067=ORIENTED_EDGE('',*,*,#1486,.T.);
#2068=ORIENTED_EDGE('',*,*,#1487,.F.);
#2069=ORIENTED_EDGE('',*,*,#1488,.T.);
#2070=ORIENTED_EDGE('',*,*,#1489,.T.);
#2071=ORIENTED_EDGE('',*,*,#1490,.T.);
#2072=ORIENTED_EDGE('',*,*,#1491,.F.);
#2073=ORIENTED_EDGE('',*,*,#1492,.T.);
#2074=ORIENTED_EDGE('',*,*,#1493,.T.);
#2075=ORIENTED_EDGE('',*,*,#1494,.T.);
#2076=ORIENTED_EDGE('',*,*,#1495,.T.);
#2077=ORIENTED_EDGE('',*,*,#1496,.T.);
#2078=ORIENTED_EDGE('',*,*,#1497,.F.);
#2079=ORIENTED_EDGE('',*,*,#1498,.T.);
#2080=ORIENTED_EDGE('',*,*,#1499,.T.);
#2081=ORIENTED_EDGE('',*,*,#1500,.T.);
#2082=ORIENTED_EDGE('',*,*,#1501,.T.);
#2083=ORIENTED_EDGE('',*,*,#1502,.F.);
#2084=ORIENTED_EDGE('',*,*,#1503,.T.);
#2085=ORIENTED_EDGE('',*,*,#1504,.F.);
#2086=ORIENTED_EDGE('',*,*,#1505,.T.);
#2087=ORIENTED_EDGE('',*,*,#1506,.T.);
#2088=ORIENTED_EDGE('',*,*,#1507,.T.);
#2089=ORIENTED_EDGE('',*,*,#1508,.T.);
#2090=ORIENTED_EDGE('',*,*,#1461,.F.);
#2091=ORIENTED_EDGE('',*,*,#1464,.T.);
#2092=ORIENTED_EDGE('',*,*,#1509,.T.);
#2093=ORIENTED_EDGE('',*,*,#1510,.T.);
#2094=ORIENTED_EDGE('',*,*,#1511,.T.);
#2095=ORIENTED_EDGE('',*,*,#1512,.T.);
#2096=ORIENTED_EDGE('',*,*,#1466,.F.);
#2097=ORIENTED_EDGE('',*,*,#1469,.T.);
#2098=ORIENTED_EDGE('',*,*,#1513,.T.);
#2099=ORIENTED_EDGE('',*,*,#1514,.T.);
#2100=ORIENTED_EDGE('',*,*,#1485,.F.);
#2101=ORIENTED_EDGE('',*,*,#1359,.T.);
#2102=ORIENTED_EDGE('',*,*,#1515,.F.);
#2103=ORIENTED_EDGE('',*,*,#1455,.F.);
#2104=ORIENTED_EDGE('',*,*,#1516,.F.);
#2105=ORIENTED_EDGE('',*,*,#1486,.F.);
#2106=ORIENTED_EDGE('',*,*,#1358,.T.);
#2107=ORIENTED_EDGE('',*,*,#1517,.T.);
#2108=ORIENTED_EDGE('',*,*,#1456,.T.);
#2109=ORIENTED_EDGE('',*,*,#1515,.T.);
#2110=ORIENTED_EDGE('',*,*,#1470,.F.);
#2111=ORIENTED_EDGE('',*,*,#1457,.F.);
#2112=ORIENTED_EDGE('',*,*,#1517,.F.);
#2113=ORIENTED_EDGE('',*,*,#1357,.T.);
#2114=ORIENTED_EDGE('',*,*,#1518,.T.);
#2115=ORIENTED_EDGE('',*,*,#1519,.T.);
#2116=ORIENTED_EDGE('',*,*,#1420,.T.);
#2117=ORIENTED_EDGE('',*,*,#1482,.T.);
#2118=ORIENTED_EDGE('',*,*,#1519,.F.);
#2119=ORIENTED_EDGE('',*,*,#1520,.F.);
#2120=ORIENTED_EDGE('',*,*,#1521,.F.);
#2121=ORIENTED_EDGE('',*,*,#1421,.F.);
#2122=ORIENTED_EDGE('',*,*,#1478,.F.);
#2123=ORIENTED_EDGE('',*,*,#1522,.T.);
#2124=ORIENTED_EDGE('',*,*,#1474,.F.);
#2125=ORIENTED_EDGE('',*,*,#1477,.T.);
#2126=ORIENTED_EDGE('',*,*,#1523,.T.);
#2127=ORIENTED_EDGE('',*,*,#1524,.T.);
#2128=ORIENTED_EDGE('',*,*,#1525,.F.);
#2129=ORIENTED_EDGE('',*,*,#1526,.T.);
#2130=ORIENTED_EDGE('',*,*,#1527,.F.);
#2131=ORIENTED_EDGE('',*,*,#1528,.T.);
#2132=ORIENTED_EDGE('',*,*,#1529,.T.);
#2133=ORIENTED_EDGE('',*,*,#1530,.T.);
#2134=ORIENTED_EDGE('',*,*,#1531,.T.);
#2135=ORIENTED_EDGE('',*,*,#1532,.F.);
#2136=ORIENTED_EDGE('',*,*,#1520,.T.);
#2137=ORIENTED_EDGE('',*,*,#1518,.F.);
#2138=ORIENTED_EDGE('',*,*,#1481,.T.);
#2139=ORIENTED_EDGE('',*,*,#1487,.T.);
#2140=ORIENTED_EDGE('',*,*,#1516,.T.);
#2141=ORIENTED_EDGE('',*,*,#1454,.T.);
#2142=ORIENTED_EDGE('',*,*,#1533,.T.);
#2143=ORIENTED_EDGE('',*,*,#1527,.T.);
#2144=ORIENTED_EDGE('',*,*,#1534,.T.);
#2145=ORIENTED_EDGE('',*,*,#1427,.T.);
#2146=ORIENTED_EDGE('',*,*,#1535,.T.);
#2147=ORIENTED_EDGE('',*,*,#1535,.F.);
#2148=ORIENTED_EDGE('',*,*,#1426,.F.);
#2149=ORIENTED_EDGE('',*,*,#1536,.T.);
#2150=ORIENTED_EDGE('',*,*,#1528,.F.);
#2151=ORIENTED_EDGE('',*,*,#1537,.T.);
#2152=ORIENTED_EDGE('',*,*,#1538,.T.);
#2153=ORIENTED_EDGE('',*,*,#1433,.F.);
#2154=ORIENTED_EDGE('',*,*,#1539,.T.);
#2155=ORIENTED_EDGE('',*,*,#1538,.F.);
#2156=ORIENTED_EDGE('',*,*,#1540,.F.);
#2157=ORIENTED_EDGE('',*,*,#1541,.F.);
#2158=ORIENTED_EDGE('',*,*,#1434,.F.);
#2159=ORIENTED_EDGE('',*,*,#1537,.F.);
#2160=ORIENTED_EDGE('',*,*,#1542,.T.);
#2161=ORIENTED_EDGE('',*,*,#1543,.F.);
#2162=ORIENTED_EDGE('',*,*,#1544,.T.);
#2163=ORIENTED_EDGE('',*,*,#1545,.F.);
#2164=ORIENTED_EDGE('',*,*,#1546,.T.);
#2165=ORIENTED_EDGE('',*,*,#1547,.F.);
#2166=ORIENTED_EDGE('',*,*,#1548,.T.);
#2167=ORIENTED_EDGE('',*,*,#1549,.F.);
#2168=ORIENTED_EDGE('',*,*,#1550,.T.);
#2169=ORIENTED_EDGE('',*,*,#1551,.F.);
#2170=ORIENTED_EDGE('',*,*,#1540,.T.);
#2171=ORIENTED_EDGE('',*,*,#1549,.T.);
#2172=ORIENTED_EDGE('',*,*,#1552,.T.);
#2173=ORIENTED_EDGE('',*,*,#1437,.T.);
#2174=ORIENTED_EDGE('',*,*,#1553,.T.);
#2175=ORIENTED_EDGE('',*,*,#1553,.F.);
#2176=ORIENTED_EDGE('',*,*,#1436,.F.);
#2177=ORIENTED_EDGE('',*,*,#1554,.F.);
#2178=ORIENTED_EDGE('',*,*,#1550,.F.);
#2179=ORIENTED_EDGE('',*,*,#1502,.T.);
#2180=ORIENTED_EDGE('',*,*,#1555,.T.);
#2181=ORIENTED_EDGE('',*,*,#1439,.T.);
#2182=ORIENTED_EDGE('',*,*,#1556,.T.);
#2183=ORIENTED_EDGE('',*,*,#1552,.F.);
#2184=ORIENTED_EDGE('',*,*,#1548,.F.);
#2185=ORIENTED_EDGE('',*,*,#1557,.F.);
#2186=ORIENTED_EDGE('',*,*,#1376,.T.);
#2187=ORIENTED_EDGE('',*,*,#1558,.F.);
#2188=ORIENTED_EDGE('',*,*,#1503,.F.);
#2189=ORIENTED_EDGE('',*,*,#1556,.F.);
#2190=ORIENTED_EDGE('',*,*,#1438,.F.);
#2191=ORIENTED_EDGE('',*,*,#1429,.T.);
#2192=ORIENTED_EDGE('',*,*,#1559,.T.);
#2193=ORIENTED_EDGE('',*,*,#1385,.T.);
#2194=ORIENTED_EDGE('',*,*,#1560,.T.);
#2195=ORIENTED_EDGE('',*,*,#1534,.F.);
#2196=ORIENTED_EDGE('',*,*,#1526,.F.);
#2197=ORIENTED_EDGE('',*,*,#1561,.F.);
#2198=ORIENTED_EDGE('',*,*,#1386,.T.);
#2199=ORIENTED_EDGE('',*,*,#1559,.F.);
#2200=ORIENTED_EDGE('',*,*,#1428,.F.);
#2201=ORIENTED_EDGE('',*,*,#1431,.T.);
#2202=ORIENTED_EDGE('',*,*,#1562,.T.);
#2203=ORIENTED_EDGE('',*,*,#1383,.T.);
#2204=ORIENTED_EDGE('',*,*,#1563,.T.);
#2205=ORIENTED_EDGE('',*,*,#1560,.F.);
#2206=ORIENTED_EDGE('',*,*,#1384,.F.);
#2207=ORIENTED_EDGE('',*,*,#1562,.F.);
#2208=ORIENTED_EDGE('',*,*,#1430,.F.);
#2209=ORIENTED_EDGE('',*,*,#1379,.T.);
#2210=ORIENTED_EDGE('',*,*,#1564,.T.);
#2211=ORIENTED_EDGE('',*,*,#1545,.T.);
#2212=ORIENTED_EDGE('',*,*,#1565,.T.);
#2213=ORIENTED_EDGE('',*,*,#1564,.F.);
#2214=ORIENTED_EDGE('',*,*,#1378,.F.);
#2215=ORIENTED_EDGE('',*,*,#1566,.F.);
#2216=ORIENTED_EDGE('',*,*,#1546,.F.);
#2217=ORIENTED_EDGE('',*,*,#1543,.T.);
#2218=ORIENTED_EDGE('',*,*,#1567,.T.);
#2219=ORIENTED_EDGE('',*,*,#1381,.T.);
#2220=ORIENTED_EDGE('',*,*,#1568,.T.);
#2221=ORIENTED_EDGE('',*,*,#1432,.F.);
#2222=ORIENTED_EDGE('',*,*,#1563,.F.);
#2223=ORIENTED_EDGE('',*,*,#1382,.T.);
#2224=ORIENTED_EDGE('',*,*,#1567,.F.);
#2225=ORIENTED_EDGE('',*,*,#1542,.F.);
#2226=ORIENTED_EDGE('',*,*,#1539,.F.);
#2227=ORIENTED_EDGE('',*,*,#1547,.T.);
#2228=ORIENTED_EDGE('',*,*,#1566,.T.);
#2229=ORIENTED_EDGE('',*,*,#1377,.T.);
#2230=ORIENTED_EDGE('',*,*,#1557,.T.);
#2231=ORIENTED_EDGE('',*,*,#1504,.T.);
#2232=ORIENTED_EDGE('',*,*,#1558,.T.);
#2233=ORIENTED_EDGE('',*,*,#1375,.T.);
#2234=ORIENTED_EDGE('',*,*,#1569,.T.);
#2235=ORIENTED_EDGE('',*,*,#1387,.T.);
#2236=ORIENTED_EDGE('',*,*,#1561,.T.);
#2237=ORIENTED_EDGE('',*,*,#1525,.T.);
#2238=ORIENTED_EDGE('',*,*,#1570,.T.);
#2239=ORIENTED_EDGE('',*,*,#1532,.T.);
#2240=ORIENTED_EDGE('',*,*,#1571,.T.);
#2241=ORIENTED_EDGE('',*,*,#1422,.T.);
#2242=ORIENTED_EDGE('',*,*,#1521,.T.);
#2243=ORIENTED_EDGE('',*,*,#1551,.T.);
#2244=ORIENTED_EDGE('',*,*,#1554,.T.);
#2245=ORIENTED_EDGE('',*,*,#1435,.T.);
#2246=ORIENTED_EDGE('',*,*,#1541,.T.);
#2247=ORIENTED_EDGE('',*,*,#1497,.T.);
#2248=ORIENTED_EDGE('',*,*,#1572,.T.);
#2249=ORIENTED_EDGE('',*,*,#1444,.T.);
#2250=ORIENTED_EDGE('',*,*,#1573,.T.);
#2251=ORIENTED_EDGE('',*,*,#1572,.F.);
#2252=ORIENTED_EDGE('',*,*,#1496,.F.);
#2253=ORIENTED_EDGE('',*,*,#1574,.F.);
#2254=ORIENTED_EDGE('',*,*,#1445,.F.);
#2255=ORIENTED_EDGE('',*,*,#1491,.T.);
#2256=ORIENTED_EDGE('',*,*,#1575,.T.);
#2257=ORIENTED_EDGE('',*,*,#1450,.T.);
#2258=ORIENTED_EDGE('',*,*,#1576,.T.);
#2259=ORIENTED_EDGE('',*,*,#1576,.F.);
#2260=ORIENTED_EDGE('',*,*,#1449,.F.);
#2261=ORIENTED_EDGE('',*,*,#1577,.T.);
#2262=ORIENTED_EDGE('',*,*,#1492,.F.);
#2263=ORIENTED_EDGE('',*,*,#1570,.F.);
#2264=ORIENTED_EDGE('',*,*,#1524,.F.);
#2265=ORIENTED_EDGE('',*,*,#1578,.F.);
#2266=ORIENTED_EDGE('',*,*,#1388,.F.);
#2267=ORIENTED_EDGE('',*,*,#1555,.F.);
#2268=ORIENTED_EDGE('',*,*,#1501,.F.);
#2269=ORIENTED_EDGE('',*,*,#1579,.F.);
#2270=ORIENTED_EDGE('',*,*,#1440,.F.);
#2271=ORIENTED_EDGE('',*,*,#1441,.F.);
#2272=ORIENTED_EDGE('',*,*,#1579,.T.);
#2273=ORIENTED_EDGE('',*,*,#1500,.F.);
#2274=ORIENTED_EDGE('',*,*,#1580,.F.);
#2275=ORIENTED_EDGE('',*,*,#1442,.F.);
#2276=ORIENTED_EDGE('',*,*,#1580,.T.);
#2277=ORIENTED_EDGE('',*,*,#1499,.F.);
#2278=ORIENTED_EDGE('',*,*,#1581,.F.);
#2279=ORIENTED_EDGE('',*,*,#1573,.F.);
#2280=ORIENTED_EDGE('',*,*,#1443,.F.);
#2281=ORIENTED_EDGE('',*,*,#1581,.T.);
#2282=ORIENTED_EDGE('',*,*,#1498,.F.);
#2283=ORIENTED_EDGE('',*,*,#1446,.F.);
#2284=ORIENTED_EDGE('',*,*,#1574,.T.);
#2285=ORIENTED_EDGE('',*,*,#1495,.F.);
#2286=ORIENTED_EDGE('',*,*,#1582,.F.);
#2287=ORIENTED_EDGE('',*,*,#1447,.F.);
#2288=ORIENTED_EDGE('',*,*,#1582,.T.);
#2289=ORIENTED_EDGE('',*,*,#1494,.F.);
#2290=ORIENTED_EDGE('',*,*,#1583,.F.);
#2291=ORIENTED_EDGE('',*,*,#1448,.F.);
#2292=ORIENTED_EDGE('',*,*,#1583,.T.);
#2293=ORIENTED_EDGE('',*,*,#1493,.F.);
#2294=ORIENTED_EDGE('',*,*,#1577,.F.);
#2295=ORIENTED_EDGE('',*,*,#1575,.F.);
#2296=ORIENTED_EDGE('',*,*,#1490,.F.);
#2297=ORIENTED_EDGE('',*,*,#1584,.F.);
#2298=ORIENTED_EDGE('',*,*,#1451,.F.);
#2299=ORIENTED_EDGE('',*,*,#1452,.F.);
#2300=ORIENTED_EDGE('',*,*,#1584,.T.);
#2301=ORIENTED_EDGE('',*,*,#1489,.F.);
#2302=ORIENTED_EDGE('',*,*,#1585,.F.);
#2303=ORIENTED_EDGE('',*,*,#1533,.F.);
#2304=ORIENTED_EDGE('',*,*,#1453,.F.);
#2305=ORIENTED_EDGE('',*,*,#1585,.T.);
#2306=ORIENTED_EDGE('',*,*,#1488,.F.);
#2307=ORIENTED_EDGE('',*,*,#1571,.F.);
#2308=ORIENTED_EDGE('',*,*,#1531,.F.);
#2309=ORIENTED_EDGE('',*,*,#1586,.F.);
#2310=ORIENTED_EDGE('',*,*,#1423,.F.);
#2311=ORIENTED_EDGE('',*,*,#1424,.F.);
#2312=ORIENTED_EDGE('',*,*,#1586,.T.);
#2313=ORIENTED_EDGE('',*,*,#1530,.F.);
#2314=ORIENTED_EDGE('',*,*,#1587,.F.);
#2315=ORIENTED_EDGE('',*,*,#1425,.F.);
#2316=ORIENTED_EDGE('',*,*,#1587,.T.);
#2317=ORIENTED_EDGE('',*,*,#1529,.F.);
#2318=ORIENTED_EDGE('',*,*,#1536,.F.);
#2319=ORIENTED_EDGE('',*,*,#1565,.F.);
#2320=ORIENTED_EDGE('',*,*,#1544,.F.);
#2321=ORIENTED_EDGE('',*,*,#1568,.F.);
#2322=ORIENTED_EDGE('',*,*,#1380,.F.);
#2323=ORIENTED_EDGE('',*,*,#1569,.F.);
#2324=ORIENTED_EDGE('',*,*,#1374,.F.);
#2325=ORIENTED_EDGE('',*,*,#1588,.T.);
#2326=ORIENTED_EDGE('',*,*,#1505,.F.);
#2327=ORIENTED_EDGE('',*,*,#1373,.F.);
#2328=ORIENTED_EDGE('',*,*,#1589,.T.);
#2329=ORIENTED_EDGE('',*,*,#1506,.F.);
#2330=ORIENTED_EDGE('',*,*,#1588,.F.);
#2331=ORIENTED_EDGE('',*,*,#1372,.F.);
#2332=ORIENTED_EDGE('',*,*,#1590,.T.);
#2333=ORIENTED_EDGE('',*,*,#1507,.F.);
#2334=ORIENTED_EDGE('',*,*,#1589,.F.);
#2335=ORIENTED_EDGE('',*,*,#1462,.F.);
#2336=ORIENTED_EDGE('',*,*,#1508,.F.);
#2337=ORIENTED_EDGE('',*,*,#1590,.F.);
#2338=ORIENTED_EDGE('',*,*,#1371,.F.);
#2339=ORIENTED_EDGE('',*,*,#1368,.F.);
#2340=ORIENTED_EDGE('',*,*,#1591,.T.);
#2341=ORIENTED_EDGE('',*,*,#1509,.F.);
#2342=ORIENTED_EDGE('',*,*,#1463,.F.);
#2343=ORIENTED_EDGE('',*,*,#1367,.F.);
#2344=ORIENTED_EDGE('',*,*,#1592,.T.);
#2345=ORIENTED_EDGE('',*,*,#1510,.F.);
#2346=ORIENTED_EDGE('',*,*,#1591,.F.);
#2347=ORIENTED_EDGE('',*,*,#1366,.F.);
#2348=ORIENTED_EDGE('',*,*,#1593,.T.);
#2349=ORIENTED_EDGE('',*,*,#1511,.F.);
#2350=ORIENTED_EDGE('',*,*,#1592,.F.);
#2351=ORIENTED_EDGE('',*,*,#1467,.F.);
#2352=ORIENTED_EDGE('',*,*,#1512,.F.);
#2353=ORIENTED_EDGE('',*,*,#1593,.F.);
#2354=ORIENTED_EDGE('',*,*,#1365,.F.);
#2355=ORIENTED_EDGE('',*,*,#1362,.F.);
#2356=ORIENTED_EDGE('',*,*,#1594,.T.);
#2357=ORIENTED_EDGE('',*,*,#1513,.F.);
#2358=ORIENTED_EDGE('',*,*,#1468,.F.);
#2359=ORIENTED_EDGE('',*,*,#1484,.F.);
#2360=ORIENTED_EDGE('',*,*,#1514,.F.);
#2361=ORIENTED_EDGE('',*,*,#1594,.F.);
#2362=ORIENTED_EDGE('',*,*,#1361,.F.);
#2363=ORIENTED_EDGE('',*,*,#1475,.F.);
#2364=ORIENTED_EDGE('',*,*,#1522,.F.);
#2365=ORIENTED_EDGE('',*,*,#1480,.F.);
#2366=ORIENTED_EDGE('',*,*,#1392,.F.);
#2367=ORIENTED_EDGE('',*,*,#1389,.F.);
#2368=ORIENTED_EDGE('',*,*,#1578,.T.);
#2369=ORIENTED_EDGE('',*,*,#1523,.F.);
#2370=ORIENTED_EDGE('',*,*,#1476,.F.);
#2371=PLANE('',#2602);
#2372=PLANE('',#2604);
#2373=PLANE('',#2606);
#2374=PLANE('',#2607);
#2375=PLANE('',#2610);
#2376=PLANE('',#2611);
#2377=PLANE('',#2613);
#2378=PLANE('',#2615);
#2379=PLANE('',#2617);
#2380=PLANE('',#2619);
#2381=PLANE('',#2621);
#2382=PLANE('',#2622);
#2383=PLANE('',#2624);
#2384=PLANE('',#2626);
#2385=PLANE('',#2628);
#2386=PLANE('',#2629);
#2387=PLANE('',#2644);
#2388=PLANE('',#2657);
#2389=PLANE('',#2664);
#2390=PLANE('',#2671);
#2391=PLANE('',#2678);
#2392=PLANE('',#2686);
#2393=PLANE('',#2694);
#2394=PLANE('',#2702);
#2395=PLANE('',#2710);
#2396=PLANE('',#2743);
#2397=PLANE('',#2748);
#2398=PLANE('',#2749);
#2399=PLANE('',#2760);
#2400=PLANE('',#2761);
#2401=PLANE('',#2766);
#2402=PLANE('',#2767);
#2403=PLANE('',#2772);
#2404=PLANE('',#2773);
#2405=PLANE('',#2774);
#2406=PLANE('',#2775);
#2407=PLANE('',#2780);
#2408=PLANE('',#2781);
#2409=PLANE('',#2782);
#2410=PLANE('',#2783);
#2411=PLANE('',#2794);
#2412=PLANE('',#2795);
#2413=PLANE('',#2796);
#2414=PLANE('',#2799);
#2415=PLANE('',#2802);
#2416=PLANE('',#2805);
#2417=PLANE('',#2808);
#2418=PLANE('',#2811);
#2419=PLANE('',#2816);
#2420=PLANE('',#2818);
#2421=PLANE('',#2821);
#2422=PLANE('',#2822);
#2423=PLANE('',#2826);
#2424=PLANE('',#2827);
#2425=PLANE('',#2832);
#2426=PLANE('',#2835);
#2427=PLANE('',#2837);
#2428=PLANE('',#2842);
#2429=PLANE('',#2844);
#2430=PLANE('',#2845);
#2431=PLANE('',#2846);
#2432=PLANE('',#2847);
#2433=PLANE('',#2848);
#2434=PLANE('',#2849);
#2435=PLANE('',#2850);
#2436=PLANE('',#2851);
#2437=PLANE('',#2852);
#2438=PLANE('',#2853);
#2439=PLANE('',#2854);
#2440=PLANE('',#2855);
#2441=PLANE('',#2856);
#2442=PLANE('',#2857);
#2443=PLANE('',#2858);
#2444=PLANE('',#2859);
#2445=ADVANCED_FACE('',(#256),#2371,.F.);
#2446=ADVANCED_FACE('',(#257),#2372,.F.);
#2447=ADVANCED_FACE('',(#258),#2373,.F.);
#2448=ADVANCED_FACE('',(#259),#2374,.T.);
#2449=ADVANCED_FACE('',(#260),#2375,.F.);
#2450=ADVANCED_FACE('',(#261),#2376,.F.);
#2451=ADVANCED_FACE('',(#262),#2377,.F.);
#2452=ADVANCED_FACE('',(#263),#2378,.T.);
#2453=ADVANCED_FACE('',(#264),#2379,.F.);
#2454=ADVANCED_FACE('',(#265),#2380,.T.);
#2455=ADVANCED_FACE('',(#266),#2381,.F.);
#2456=ADVANCED_FACE('',(#267),#2382,.F.);
#2457=ADVANCED_FACE('',(#268),#2383,.F.);
#2458=ADVANCED_FACE('',(#269),#2384,.F.);
#2459=ADVANCED_FACE('',(#270),#2385,.F.);
#2460=ADVANCED_FACE('',(#271),#2386,.T.);
#2461=ADVANCED_FACE('',(#272),#141,.F.);
#2462=ADVANCED_FACE('',(#273),#2387,.T.);
#2463=ADVANCED_FACE('',(#274),#133,.T.);
#2464=ADVANCED_FACE('',(#275),#142,.T.);
#2465=ADVANCED_FACE('',(#276),#2388,.F.);
#2466=ADVANCED_FACE('',(#277),#134,.T.);
#2467=ADVANCED_FACE('',(#278),#143,.T.);
#2468=ADVANCED_FACE('',(#279),#2389,.F.);
#2469=ADVANCED_FACE('',(#280),#135,.T.);
#2470=ADVANCED_FACE('',(#281),#144,.T.);
#2471=ADVANCED_FACE('',(#282),#2390,.F.);
#2472=ADVANCED_FACE('',(#283),#136,.T.);
#2473=ADVANCED_FACE('',(#284),#145,.T.);
#2474=ADVANCED_FACE('',(#285),#2391,.F.);
#2475=ADVANCED_FACE('',(#286),#137,.T.);
#2476=ADVANCED_FACE('',(#287),#146,.T.);
#2477=ADVANCED_FACE('',(#288),#2392,.T.);
#2478=ADVANCED_FACE('',(#289),#138,.T.);
#2479=ADVANCED_FACE('',(#290),#147,.T.);
#2480=ADVANCED_FACE('',(#291),#2393,.T.);
#2481=ADVANCED_FACE('',(#292),#139,.T.);
#2482=ADVANCED_FACE('',(#293),#148,.T.);
#2483=ADVANCED_FACE('',(#294),#2394,.T.);
#2484=ADVANCED_FACE('',(#295),#140,.T.);
#2485=ADVANCED_FACE('',(#296),#149,.T.);
#2486=ADVANCED_FACE('',(#297),#2395,.T.);
#2487=ADVANCED_FACE('',(#298),#150,.F.);
#2488=ADVANCED_FACE('',(#299),#151,.F.);
#2489=ADVANCED_FACE('',(#300),#152,.F.);
#2490=ADVANCED_FACE('',(#301,#124),#2396,.F.);
#2491=ADVANCED_FACE('',(#302),#113,.F.);
#2492=ADVANCED_FACE('',(#303),#114,.T.);
#2493=ADVANCED_FACE('',(#304),#2397,.T.);
#2494=ADVANCED_FACE('',(#305,#125),#2398,.T.);
#2495=ADVANCED_FACE('',(#306),#2399,.F.);
#2496=ADVANCED_FACE('',(#307,#126),#2400,.F.);
#2497=ADVANCED_FACE('',(#308),#115,.F.);
#2498=ADVANCED_FACE('',(#309),#116,.T.);
#2499=ADVANCED_FACE('',(#310),#2401,.F.);
#2500=ADVANCED_FACE('',(#311,#127),#2402,.F.);
#2501=ADVANCED_FACE('',(#312),#117,.F.);
#2502=ADVANCED_FACE('',(#313),#118,.T.);
#2503=ADVANCED_FACE('',(#314),#2403,.T.);
#2504=ADVANCED_FACE('',(#315),#2404,.F.);
#2505=ADVANCED_FACE('',(#316),#2405,.F.);
#2506=ADVANCED_FACE('',(#317,#128),#2406,.F.);
#2507=ADVANCED_FACE('',(#318),#119,.F.);
#2508=ADVANCED_FACE('',(#319),#120,.T.);
#2509=ADVANCED_FACE('',(#320),#2407,.F.);
#2510=ADVANCED_FACE('',(#321),#2408,.F.);
#2511=ADVANCED_FACE('',(#322),#2409,.T.);
#2512=ADVANCED_FACE('',(#323,#129,#130,#131,#132),#2410,.F.);
#2513=ADVANCED_FACE('',(#324),#2411,.T.);
#2514=ADVANCED_FACE('',(#325),#2412,.F.);
#2515=ADVANCED_FACE('',(#326),#2413,.F.);
#2516=ADVANCED_FACE('',(#327),#153,.F.);
#2517=ADVANCED_FACE('',(#328),#2414,.T.);
#2518=ADVANCED_FACE('',(#329),#154,.F.);
#2519=ADVANCED_FACE('',(#330),#2415,.T.);
#2520=ADVANCED_FACE('',(#331),#15,.F.);
#2521=ADVANCED_FACE('',(#332),#16,.T.);
#2522=ADVANCED_FACE('',(#333),#155,.F.);
#2523=ADVANCED_FACE('',(#334),#2416,.T.);
#2524=ADVANCED_FACE('',(#335),#156,.T.);
#2525=ADVANCED_FACE('',(#336),#2417,.T.);
#2526=ADVANCED_FACE('',(#337),#157,.T.);
#2527=ADVANCED_FACE('',(#338),#2418,.F.);
#2528=ADVANCED_FACE('',(#339),#2419,.T.);
#2529=ADVANCED_FACE('',(#340),#158,.F.);
#2530=ADVANCED_FACE('',(#341),#2420,.T.);
#2531=ADVANCED_FACE('',(#342),#159,.T.);
#2532=ADVANCED_FACE('',(#343),#2421,.T.);
#2533=ADVANCED_FACE('',(#344),#2422,.F.);
#2534=ADVANCED_FACE('',(#345),#160,.T.);
#2535=ADVANCED_FACE('',(#346),#17,.F.);
#2536=ADVANCED_FACE('',(#347),#18,.T.);
#2537=ADVANCED_FACE('',(#348),#19,.F.);
#2538=ADVANCED_FACE('',(#349),#2423,.T.);
#2539=ADVANCED_FACE('',(#350),#2424,.F.);
#2540=ADVANCED_FACE('',(#351),#20,.F.);
#2541=ADVANCED_FACE('',(#352),#2425,.T.);
#2542=ADVANCED_FACE('',(#353),#21,.F.);
#2543=ADVANCED_FACE('',(#354),#121,.F.);
#2544=ADVANCED_FACE('',(#355),#22,.F.);
#2545=ADVANCED_FACE('',(#356),#122,.F.);
#2546=ADVANCED_FACE('',(#357),#23,.T.);
#2547=ADVANCED_FACE('',(#358),#2426,.T.);
#2548=ADVANCED_FACE('',(#359),#161,.F.);
#2549=ADVANCED_FACE('',(#360),#2427,.T.);
#2550=ADVANCED_FACE('',(#361),#24,.F.);
#2551=ADVANCED_FACE('',(#362),#123,.F.);
#2552=ADVANCED_FACE('',(#363),#25,.F.);
#2553=ADVANCED_FACE('',(#364),#26,.F.);
#2554=ADVANCED_FACE('',(#365),#27,.F.);
#2555=ADVANCED_FACE('',(#366),#162,.T.);
#2556=ADVANCED_FACE('',(#367),#163,.T.);
#2557=ADVANCED_FACE('',(#368),#164,.T.);
#2558=ADVANCED_FACE('',(#369),#2428,.T.);
#2559=ADVANCED_FACE('',(#370),#165,.T.);
#2560=ADVANCED_FACE('',(#371),#2429,.T.);
#2561=ADVANCED_FACE('',(#372),#2430,.T.);
#2562=ADVANCED_FACE('',(#373),#28,.T.);
#2563=ADVANCED_FACE('',(#374),#2431,.T.);
#2564=ADVANCED_FACE('',(#375),#29,.T.);
#2565=ADVANCED_FACE('',(#376),#2432,.T.);
#2566=ADVANCED_FACE('',(#377),#30,.T.);
#2567=ADVANCED_FACE('',(#378),#2433,.T.);
#2568=ADVANCED_FACE('',(#379),#31,.T.);
#2569=ADVANCED_FACE('',(#380),#2434,.T.);
#2570=ADVANCED_FACE('',(#381),#32,.T.);
#2571=ADVANCED_FACE('',(#382),#2435,.T.);
#2572=ADVANCED_FACE('',(#383),#2436,.T.);
#2573=ADVANCED_FACE('',(#384),#33,.T.);
#2574=ADVANCED_FACE('',(#385),#2437,.T.);
#2575=ADVANCED_FACE('',(#386),#2438,.T.);
#2576=ADVANCED_FACE('',(#387),#34,.T.);
#2577=ADVANCED_FACE('',(#388),#2439,.T.);
#2578=ADVANCED_FACE('',(#389),#35,.T.);
#2579=ADVANCED_FACE('',(#390),#2440,.T.);
#2580=ADVANCED_FACE('',(#391),#36,.T.);
#2581=ADVANCED_FACE('',(#392),#2441,.T.);
#2582=ADVANCED_FACE('',(#393),#37,.T.);
#2583=ADVANCED_FACE('',(#394),#2442,.T.);
#2584=ADVANCED_FACE('',(#395),#38,.T.);
#2585=ADVANCED_FACE('',(#396),#2443,.T.);
#2586=ADVANCED_FACE('',(#397),#2444,.T.);
#2587=ADVANCED_FACE('',(#398),#39,.T.);
#2588=CLOSED_SHELL('',(#2445,#2446,#2447,#2448,#2449,#2450,#2451,#2452,
#2453,#2454,#2455,#2456,#2457,#2458,#2459,#2460,#2461,#2462,#2463,#2464,
#2465,#2466,#2467,#2468,#2469,#2470,#2471,#2472,#2473,#2474,#2475,#2476,
#2477,#2478,#2479,#2480,#2481,#2482,#2483,#2484,#2485,#2486,#2487,#2488,
#2489,#2490,#2491,#2492,#2493,#2494,#2495,#2496,#2497,#2498,#2499,#2500,
#2501,#2502,#2503,#2504,#2505,#2506,#2507,#2508,#2509,#2510,#2511,#2512,
#2513,#2514,#2515,#2516,#2517,#2518,#2519,#2520,#2521,#2522,#2523,#2524,
#2525,#2526,#2527,#2528,#2529,#2530,#2531,#2532,#2533,#2534,#2535,#2536,
#2537,#2538,#2539,#2540,#2541,#2542,#2543,#2544,#2545,#2546,#2547,#2548,
#2549,#2550,#2551,#2552,#2553,#2554,#2555,#2556,#2557,#2558,#2559,#2560,
#2561,#2562,#2563,#2564,#2565,#2566,#2567,#2568,#2569,#2570,#2571,#2572,
#2573,#2574,#2575,#2576,#2577,#2578,#2579,#2580,#2581,#2582,#2583,#2584,
#2585,#2586,#2587));
#2589=DERIVED_UNIT_ELEMENT(#2591,1.);
#2590=DERIVED_UNIT_ELEMENT(#5700,-3.);
#2591=(
MASS_UNIT()
NAMED_UNIT(*)
SI_UNIT(.KILO.,.GRAM.)
);
#2592=DERIVED_UNIT((#2589,#2590));
#2593=MEASURE_REPRESENTATION_ITEM('density measure',
POSITIVE_RATIO_MEASURE(7850.),#2592);
#2594=PROPERTY_DEFINITION_REPRESENTATION(#2599,#2596);
#2595=PROPERTY_DEFINITION_REPRESENTATION(#2600,#2597);
#2596=REPRESENTATION('material name',(#2598),#5697);
#2597=REPRESENTATION('density',(#2593),#5697);
#2598=DESCRIPTIVE_REPRESENTATION_ITEM('Steel','Steel');
#2599=PROPERTY_DEFINITION('material property','material name',#5707);
#2600=PROPERTY_DEFINITION('material property','density of part',#5707);
#2601=AXIS2_PLACEMENT_3D('',#3553,#2860,#2861);
#2602=AXIS2_PLACEMENT_3D('',#3554,#2862,#2863);
#2603=AXIS2_PLACEMENT_3D('',#3557,#2864,#2865);
#2604=AXIS2_PLACEMENT_3D('',#3563,#2869,#2870);
#2605=AXIS2_PLACEMENT_3D('',#3566,#2871,#2872);
#2606=AXIS2_PLACEMENT_3D('',#3572,#2876,#2877);
#2607=AXIS2_PLACEMENT_3D('',#3575,#2880,#2881);
#2608=AXIS2_PLACEMENT_3D('',#3577,#2882,#2883);
#2609=AXIS2_PLACEMENT_3D('',#3578,#2884,#2885);
#2610=AXIS2_PLACEMENT_3D('',#3579,#2886,#2887);
#2611=AXIS2_PLACEMENT_3D('',#3588,#2892,#2893);
#2612=AXIS2_PLACEMENT_3D('',#3591,#2894,#2895);
#2613=AXIS2_PLACEMENT_3D('',#3594,#2898,#2899);
#2614=AXIS2_PLACEMENT_3D('',#3597,#2900,#2901);
#2615=AXIS2_PLACEMENT_3D('',#3600,#2904,#2905);
#2616=AXIS2_PLACEMENT_3D('',#3601,#2906,#2907);
#2617=AXIS2_PLACEMENT_3D('',#3602,#2908,#2909);
#2618=AXIS2_PLACEMENT_3D('',#3605,#2910,#2911);
#2619=AXIS2_PLACEMENT_3D('',#3611,#2915,#2916);
#2620=AXIS2_PLACEMENT_3D('',#3613,#2917,#2918);
#2621=AXIS2_PLACEMENT_3D('',#3617,#2921,#2922);
#2622=AXIS2_PLACEMENT_3D('',#3621,#2925,#2926);
#2623=AXIS2_PLACEMENT_3D('',#3623,#2927,#2928);
#2624=AXIS2_PLACEMENT_3D('',#3625,#2930,#2931);
#2625=AXIS2_PLACEMENT_3D('',#3628,#2932,#2933);
#2626=AXIS2_PLACEMENT_3D('',#3634,#2937,#2938);
#2627=AXIS2_PLACEMENT_3D('',#3637,#2939,#2940);
#2628=AXIS2_PLACEMENT_3D('',#3643,#2944,#2945);
#2629=AXIS2_PLACEMENT_3D('',#3646,#2948,#2949);
#2630=AXIS2_PLACEMENT_3D('',#3647,#2950,#2951);
#2631=AXIS2_PLACEMENT_3D('',#3648,#2952,#2953);
#2632=AXIS2_PLACEMENT_3D('',#3651,#2954,#2955);
#2633=AXIS2_PLACEMENT_3D('',#3652,#2956,#2957);
#2634=AXIS2_PLACEMENT_3D('',#3656,#2959,#2960);
#2635=AXIS2_PLACEMENT_3D('',#3658,#2961,#2962);
#2636=AXIS2_PLACEMENT_3D('',#3660,#2963,#2964);
#2637=AXIS2_PLACEMENT_3D('',#3662,#2965,#2966);
#2638=AXIS2_PLACEMENT_3D('',#3663,#2967,#2968);
#2639=AXIS2_PLACEMENT_3D('',#3665,#2969,#2970);
#2640=AXIS2_PLACEMENT_3D('',#3667,#2971,#2972);
#2641=AXIS2_PLACEMENT_3D('',#3669,#2973,#2974);
#2642=AXIS2_PLACEMENT_3D('',#3671,#2975,#2976);
#2643=AXIS2_PLACEMENT_3D('',#3672,#2977,#2978);
#2644=AXIS2_PLACEMENT_3D('',#3673,#2979,#2980);
#2645=AXIS2_PLACEMENT_3D('',#3675,#2981,#2982);
#2646=AXIS2_PLACEMENT_3D('',#3678,#2984,#2985);
#2647=AXIS2_PLACEMENT_3D('',#3680,#2986,#2987);
#2648=AXIS2_PLACEMENT_3D('',#3683,#2989,#2990);
#2649=AXIS2_PLACEMENT_3D('',#3685,#2991,#2992);
#2650=AXIS2_PLACEMENT_3D('',#3689,#2995,#2996);
#2651=AXIS2_PLACEMENT_3D('',#3690,#2997,#2998);
#2652=AXIS2_PLACEMENT_3D('',#3692,#2999,#3000);
#2653=AXIS2_PLACEMENT_3D('',#3694,#3001,#3002);
#2654=AXIS2_PLACEMENT_3D('',#3695,#3003,#3004);
#2655=AXIS2_PLACEMENT_3D('',#3696,#3005,#3006);
#2656=AXIS2_PLACEMENT_3D('',#3698,#3007,#3008);
#2657=AXIS2_PLACEMENT_3D('',#3700,#3010,#3011);
#2658=AXIS2_PLACEMENT_3D('',#3701,#3012,#3013);
#2659=AXIS2_PLACEMENT_3D('',#3703,#3014,#3015);
#2660=AXIS2_PLACEMENT_3D('',#3705,#3016,#3017);
#2661=AXIS2_PLACEMENT_3D('',#3706,#3018,#3019);
#2662=AXIS2_PLACEMENT_3D('',#3707,#3020,#3021);
#2663=AXIS2_PLACEMENT_3D('',#3709,#3022,#3023);
#2664=AXIS2_PLACEMENT_3D('',#3711,#3025,#3026);
#2665=AXIS2_PLACEMENT_3D('',#3712,#3027,#3028);
#2666=AXIS2_PLACEMENT_3D('',#3714,#3029,#3030);
#2667=AXIS2_PLACEMENT_3D('',#3716,#3031,#3032);
#2668=AXIS2_PLACEMENT_3D('',#3717,#3033,#3034);
#2669=AXIS2_PLACEMENT_3D('',#3718,#3035,#3036);
#2670=AXIS2_PLACEMENT_3D('',#3720,#3037,#3038);
#2671=AXIS2_PLACEMENT_3D('',#3722,#3040,#3041);
#2672=AXIS2_PLACEMENT_3D('',#3723,#3042,#3043);
#2673=AXIS2_PLACEMENT_3D('',#3725,#3044,#3045);
#2674=AXIS2_PLACEMENT_3D('',#3727,#3046,#3047);
#2675=AXIS2_PLACEMENT_3D('',#3728,#3048,#3049);
#2676=AXIS2_PLACEMENT_3D('',#3729,#3050,#3051);
#2677=AXIS2_PLACEMENT_3D('',#3731,#3052,#3053);
#2678=AXIS2_PLACEMENT_3D('',#3733,#3055,#3056);
#2679=AXIS2_PLACEMENT_3D('',#3734,#3057,#3058);
#2680=AXIS2_PLACEMENT_3D('',#3736,#3059,#3060);
#2681=AXIS2_PLACEMENT_3D('',#3738,#3061,#3062);
#2682=AXIS2_PLACEMENT_3D('',#3739,#3063,#3064);
#2683=AXIS2_PLACEMENT_3D('',#3740,#3065,#3066);
#2684=AXIS2_PLACEMENT_3D('',#3743,#3067,#3068);
#2685=AXIS2_PLACEMENT_3D('',#3744,#3069,#3070);
#2686=AXIS2_PLACEMENT_3D('',#3746,#3072,#3073);
#2687=AXIS2_PLACEMENT_3D('',#3747,#3074,#3075);
#2688=AXIS2_PLACEMENT_3D('',#3749,#3076,#3077);
#2689=AXIS2_PLACEMENT_3D('',#3751,#3078,#3079);
#2690=AXIS2_PLACEMENT_3D('',#3752,#3080,#3081);
#2691=AXIS2_PLACEMENT_3D('',#3753,#3082,#3083);
#2692=AXIS2_PLACEMENT_3D('',#3756,#3084,#3085);
#2693=AXIS2_PLACEMENT_3D('',#3757,#3086,#3087);
#2694=AXIS2_PLACEMENT_3D('',#3759,#3089,#3090);
#2695=AXIS2_PLACEMENT_3D('',#3760,#3091,#3092);
#2696=AXIS2_PLACEMENT_3D('',#3762,#3093,#3094);
#2697=AXIS2_PLACEMENT_3D('',#3764,#3095,#3096);
#2698=AXIS2_PLACEMENT_3D('',#3765,#3097,#3098);
#2699=AXIS2_PLACEMENT_3D('',#3766,#3099,#3100);
#2700=AXIS2_PLACEMENT_3D('',#3769,#3101,#3102);
#2701=AXIS2_PLACEMENT_3D('',#3770,#3103,#3104);
#2702=AXIS2_PLACEMENT_3D('',#3772,#3106,#3107);
#2703=AXIS2_PLACEMENT_3D('',#3773,#3108,#3109);
#2704=AXIS2_PLACEMENT_3D('',#3775,#3110,#3111);
#2705=AXIS2_PLACEMENT_3D('',#3777,#3112,#3113);
#2706=AXIS2_PLACEMENT_3D('',#3778,#3114,#3115);
#2707=AXIS2_PLACEMENT_3D('',#3779,#3116,#3117);
#2708=AXIS2_PLACEMENT_3D('',#3782,#3118,#3119);
#2709=AXIS2_PLACEMENT_3D('',#3783,#3120,#3121);
#2710=AXIS2_PLACEMENT_3D('',#3785,#3123,#3124);
#2711=AXIS2_PLACEMENT_3D('',#3786,#3125,#3126);
#2712=AXIS2_PLACEMENT_3D('',#3789,#3127,#3128);
#2713=AXIS2_PLACEMENT_3D('',#3790,#3129,#3130);
#2714=AXIS2_PLACEMENT_3D('',#3794,#3132,#3133);
#2715=AXIS2_PLACEMENT_3D('',#3796,#3134,#3135);
#2716=AXIS2_PLACEMENT_3D('',#3798,#3136,#3137);
#2717=AXIS2_PLACEMENT_3D('',#3799,#3138,#3139);
#2718=AXIS2_PLACEMENT_3D('',#3801,#3140,#3141);
#2719=AXIS2_PLACEMENT_3D('',#3803,#3142,#3143);
#2720=AXIS2_PLACEMENT_3D('',#3805,#3144,#3145);
#2721=AXIS2_PLACEMENT_3D('',#3806,#3146,#3147);
#2722=AXIS2_PLACEMENT_3D('',#3807,#3148,#3149);
#2723=AXIS2_PLACEMENT_3D('',#3810,#3150,#3151);
#2724=AXIS2_PLACEMENT_3D('',#3811,#3152,#3153);
#2725=AXIS2_PLACEMENT_3D('',#3815,#3155,#3156);
#2726=AXIS2_PLACEMENT_3D('',#3817,#3157,#3158);
#2727=AXIS2_PLACEMENT_3D('',#3819,#3159,#3160);
#2728=AXIS2_PLACEMENT_3D('',#3820,#3161,#3162);
#2729=AXIS2_PLACEMENT_3D('',#3822,#3163,#3164);
#2730=AXIS2_PLACEMENT_3D('',#3824,#3165,#3166);
#2731=AXIS2_PLACEMENT_3D('',#3826,#3167,#3168);
#2732=AXIS2_PLACEMENT_3D('',#3827,#3169,#3170);
#2733=AXIS2_PLACEMENT_3D('',#3828,#3171,#3172);
#2734=AXIS2_PLACEMENT_3D('',#3831,#3173,#3174);
#2735=AXIS2_PLACEMENT_3D('',#3832,#3175,#3176);
#2736=AXIS2_PLACEMENT_3D('',#3835,#3178,#3179);
#2737=AXIS2_PLACEMENT_3D('',#3837,#3180,#3181);
#2738=AXIS2_PLACEMENT_3D('',#3839,#3182,#3183);
#2739=AXIS2_PLACEMENT_3D('',#3841,#3184,#3185);
#2740=AXIS2_PLACEMENT_3D('',#3843,#3186,#3187);
#2741=AXIS2_PLACEMENT_3D('',#3845,#3188,#3189);
#2742=AXIS2_PLACEMENT_3D('',#3846,#3190,#3191);
#2743=AXIS2_PLACEMENT_3D('',#3847,#3192,#3193);
#2744=AXIS2_PLACEMENT_3D('',#3849,#3194,#3195);
#2745=AXIS2_PLACEMENT_3D('',#3850,#3196,#3197);
#2746=AXIS2_PLACEMENT_3D('',#3852,#3199,#3200);
#2747=AXIS2_PLACEMENT_3D('',#3855,#3202,#3203);
#2748=AXIS2_PLACEMENT_3D('',#3856,#3204,#3205);
#2749=AXIS2_PLACEMENT_3D('',#3858,#3207,#3208);
#2750=AXIS2_PLACEMENT_3D('',#3883,#3210,#3211);
#2751=AXIS2_PLACEMENT_3D('',#3887,#3213,#3214);
#2752=AXIS2_PLACEMENT_3D('',#3899,#3217,#3218);
#2753=AXIS2_PLACEMENT_3D('',#3919,#3222,#3223);
#2754=AXIS2_PLACEMENT_3D('',#3959,#3226,#3227);
#2755=AXIS2_PLACEMENT_3D('',#3977,#3229,#3230);
#2756=AXIS2_PLACEMENT_3D('',#4004,#3232,#3233);
#2757=AXIS2_PLACEMENT_3D('',#4051,#3235,#3236);
#2758=AXIS2_PLACEMENT_3D('',#4095,#3239,#3240);
#2759=AXIS2_PLACEMENT_3D('',#4099,#3242,#3243);
#2760=AXIS2_PLACEMENT_3D('',#4128,#3249,#3250);
#2761=AXIS2_PLACEMENT_3D('',#4130,#3252,#3253);
#2762=AXIS2_PLACEMENT_3D('',#4132,#3254,#3255);
#2763=AXIS2_PLACEMENT_3D('',#4133,#3256,#3257);
#2764=AXIS2_PLACEMENT_3D('',#4135,#3259,#3260);
#2765=AXIS2_PLACEMENT_3D('',#4138,#3262,#3263);
#2766=AXIS2_PLACEMENT_3D('',#4139,#3264,#3265);
#2767=AXIS2_PLACEMENT_3D('',#4140,#3266,#3267);
#2768=AXIS2_PLACEMENT_3D('',#4142,#3268,#3269);
#2769=AXIS2_PLACEMENT_3D('',#4143,#3270,#3271);
#2770=AXIS2_PLACEMENT_3D('',#4145,#3273,#3274);
#2771=AXIS2_PLACEMENT_3D('',#4148,#3276,#3277);
#2772=AXIS2_PLACEMENT_3D('',#4149,#3278,#3279);
#2773=AXIS2_PLACEMENT_3D('',#4151,#3281,#3282);
#2774=AXIS2_PLACEMENT_3D('',#4153,#3284,#3285);
#2775=AXIS2_PLACEMENT_3D('',#4154,#3286,#3287);
#2776=AXIS2_PLACEMENT_3D('',#4156,#3288,#3289);
#2777=AXIS2_PLACEMENT_3D('',#4157,#3290,#3291);
#2778=AXIS2_PLACEMENT_3D('',#4159,#3293,#3294);
#2779=AXIS2_PLACEMENT_3D('',#4162,#3296,#3297);
#2780=AXIS2_PLACEMENT_3D('',#4163,#3298,#3299);
#2781=AXIS2_PLACEMENT_3D('',#4165,#3301,#3302);
#2782=AXIS2_PLACEMENT_3D('',#4167,#3304,#3305);
#2783=AXIS2_PLACEMENT_3D('',#4168,#3306,#3307);
#2784=AXIS2_PLACEMENT_3D('',#4216,#3309,#3310);
#2785=AXIS2_PLACEMENT_3D('',#4220,#3312,#3313);
#2786=AXIS2_PLACEMENT_3D('',#4280,#3316,#3317);
#2787=AXIS2_PLACEMENT_3D('',#4327,#3319,#3320);
#2788=AXIS2_PLACEMENT_3D('',#4378,#3322,#3323);
#2789=AXIS2_PLACEMENT_3D('',#4435,#3325,#3326);
#2790=AXIS2_PLACEMENT_3D('',#4504,#3329,#3330);
#2791=AXIS2_PLACEMENT_3D('',#4528,#3334,#3335);
#2792=AXIS2_PLACEMENT_3D('',#4542,#3338,#3339);
#2793=AXIS2_PLACEMENT_3D('',#4546,#3341,#3342);
#2794=AXIS2_PLACEMENT_3D('',#4548,#3344,#3345);
#2795=AXIS2_PLACEMENT_3D('',#4550,#3347,#3348);
#2796=AXIS2_PLACEMENT_3D('',#4552,#3350,#3351);
#2797=AXIS2_PLACEMENT_3D('',#4553,#3352,#3353);
#2798=AXIS2_PLACEMENT_3D('',#4557,#3355,#3356);
#2799=AXIS2_PLACEMENT_3D('',#4559,#3358,#3359);
#2800=AXIS2_PLACEMENT_3D('',#4563,#3362,#3363);
#2801=AXIS2_PLACEMENT_3D('',#4567,#3365,#3366);
#2802=AXIS2_PLACEMENT_3D('',#4569,#3368,#3369);
#2803=AXIS2_PLACEMENT_3D('',#4617,#3372,#3373);
#2804=AXIS2_PLACEMENT_3D('',#4621,#3375,#3376);
#2805=AXIS2_PLACEMENT_3D('',#4623,#3378,#3379);
#2806=AXIS2_PLACEMENT_3D('',#4627,#3382,#3383);
#2807=AXIS2_PLACEMENT_3D('',#4630,#3384,#3385);
#2808=AXIS2_PLACEMENT_3D('',#4633,#3388,#3389);
#2809=AXIS2_PLACEMENT_3D('',#4637,#3392,#3393);
#2810=AXIS2_PLACEMENT_3D('',#4640,#3394,#3395);
#2811=AXIS2_PLACEMENT_3D('',#4643,#3398,#3399);
#2812=AXIS2_PLACEMENT_3D('',#4647,#3401,#3402);
#2813=AXIS2_PLACEMENT_3D('',#4661,#3405,#3406);
#2814=AXIS2_PLACEMENT_3D('',#4685,#3410,#3411);
#2815=AXIS2_PLACEMENT_3D('',#4754,#3414,#3415);
#2816=AXIS2_PLACEMENT_3D('',#4822,#3421,#3422);
#2817=AXIS2_PLACEMENT_3D('',#4825,#3425,#3426);
#2818=AXIS2_PLACEMENT_3D('',#4827,#3428,#3429);
#2819=AXIS2_PLACEMENT_3D('',#4828,#3430,#3431);
#2820=AXIS2_PLACEMENT_3D('',#4830,#3432,#3433);
#2821=AXIS2_PLACEMENT_3D('',#4832,#3435,#3436);
#2822=AXIS2_PLACEMENT_3D('',#4836,#3439,#3440);
#2823=AXIS2_PLACEMENT_3D('',#4881,#3443,#3444);
#2824=AXIS2_PLACEMENT_3D('',#4940,#3447,#3448);
#2825=AXIS2_PLACEMENT_3D('',#4941,#3449,#3450);
#2826=AXIS2_PLACEMENT_3D('',#5080,#3453,#3454);
#2827=AXIS2_PLACEMENT_3D('',#5084,#3457,#3458);
#2828=AXIS2_PLACEMENT_3D('',#5086,#3459,#3460);
#2829=AXIS2_PLACEMENT_3D('',#5113,#3462,#3463);
#2830=AXIS2_PLACEMENT_3D('',#5131,#3465,#3466);
#2831=AXIS2_PLACEMENT_3D('',#5187,#3468,#3469);
#2832=AXIS2_PLACEMENT_3D('',#5224,#3470,#3471);
#2833=AXIS2_PLACEMENT_3D('',#5262,#3473,#3474);
#2834=AXIS2_PLACEMENT_3D('',#5295,#3475,#3476);
#2835=AXIS2_PLACEMENT_3D('',#5324,#3477,#3478);
#2836=AXIS2_PLACEMENT_3D('',#5325,#3479,#3480);
#2837=AXIS2_PLACEMENT_3D('',#5328,#3483,#3484);
#2838=AXIS2_PLACEMENT_3D('',#5357,#3485,#3486);
#2839=AXIS2_PLACEMENT_3D('',#5418,#3487,#3488);
#2840=AXIS2_PLACEMENT_3D('',#5420,#3490,#3491);
#2841=AXIS2_PLACEMENT_3D('',#5421,#3492,#3493);
#2842=AXIS2_PLACEMENT_3D('',#5424,#3496,#3497);
#2843=AXIS2_PLACEMENT_3D('',#5426,#3499,#3500);
#2844=AXIS2_PLACEMENT_3D('',#5429,#3503,#3504);
#2845=AXIS2_PLACEMENT_3D('',#5431,#3506,#3507);
#2846=AXIS2_PLACEMENT_3D('',#5450,#3510,#3511);
#2847=AXIS2_PLACEMENT_3D('',#5473,#3514,#3515);
#2848=AXIS2_PLACEMENT_3D('',#5495,#3517,#3518);
#2849=AXIS2_PLACEMENT_3D('',#5517,#3520,#3521);
#2850=AXIS2_PLACEMENT_3D('',#5540,#3524,#3525);
#2851=AXIS2_PLACEMENT_3D('',#5541,#3526,#3527);
#2852=AXIS2_PLACEMENT_3D('',#5564,#3530,#3531);
#2853=AXIS2_PLACEMENT_3D('',#5565,#3532,#3533);
#2854=AXIS2_PLACEMENT_3D('',#5583,#3535,#3536);
#2855=AXIS2_PLACEMENT_3D('',#5606,#3539,#3540);
#2856=AXIS2_PLACEMENT_3D('',#5628,#3542,#3543);
#2857=AXIS2_PLACEMENT_3D('',#5651,#3546,#3547);
#2858=AXIS2_PLACEMENT_3D('',#5673,#3549,#3550);
#2859=AXIS2_PLACEMENT_3D('',#5674,#3551,#3552);
#2860=DIRECTION('axis',(0.,0.,1.));
#2861=DIRECTION('refdir',(1.,0.,0.));
#2862=DIRECTION('center_axis',(3.66481631157495E-15,0.999847695156391,0.0174524064372827));
#2863=DIRECTION('ref_axis',(-1.,3.66373598126302E-15,9.38744495474307E-17));
#2864=DIRECTION('center_axis',(-3.66481631157495E-15,-0.999847695156391,
-0.0174524064372827));
#2865=DIRECTION('ref_axis',(-2.05355683440119E-16,0.0174524064372827,-0.999847695156391));
#2866=DIRECTION('',(1.,-3.66373598126302E-15,-9.38744495474307E-17));
#2867=DIRECTION('',(0.0174497491606822,-0.017449749160682,0.999695459881887));
#2868=DIRECTION('',(-1.,3.62443308355492E-15,2.34553595122214E-15));
#2869=DIRECTION('center_axis',(-1.88569057873915E-15,-0.999847695156391,
0.0174524064372828));
#2870=DIRECTION('ref_axis',(1.,-1.88737914186277E-15,-8.02815441881536E-17));
#2871=DIRECTION('center_axis',(1.88569057873915E-15,0.999847695156391,-0.0174524064372828));
#2872=DIRECTION('ref_axis',(2.09230896132476E-16,0.0174524064372828,0.999847695156391));
#2873=DIRECTION('',(1.,-1.92691930461647E-15,-2.34553595122214E-15));
#2874=DIRECTION('',(0.0174497491606822,0.017449749160682,0.999695459881887));
#2875=DIRECTION('',(-1.,1.88737914186277E-15,8.02815441881536E-17));
#2876=DIRECTION('center_axis',(-0.999847695156391,1.10696661664794E-16,
0.017452406437283));
#2877=DIRECTION('ref_axis',(-1.11022302462516E-16,-1.,-1.76899136756716E-17));
#2878=DIRECTION('',(1.11022302462516E-16,1.,1.76899136756716E-17));
#2879=DIRECTION('',(-1.11304811112978E-16,-1.,-3.38748234210061E-17));
#2880=DIRECTION('center_axis',(-1.02264828820853E-16,-1.28749007982655E-18,
-1.));
#2881=DIRECTION('ref_axis',(1.,-1.11022302462516E-16,-1.02264828820853E-16));
#2882=DIRECTION('center_axis',(-1.02264828820853E-16,-1.28749007982655E-18,
-1.));
#2883=DIRECTION('ref_axis',(1.,-1.11022302462516E-16,-2.07324866367646E-16));
#2884=DIRECTION('center_axis',(-1.02264828820853E-16,-1.28749007982655E-18,
-1.));
#2885=DIRECTION('ref_axis',(1.,-1.11022302462516E-16,-2.07324866367646E-16));
#2886=DIRECTION('center_axis',(0.999847695156391,-1.11076895882417E-16,
0.0174524064372826));
#2887=DIRECTION('ref_axis',(1.11022302462516E-16,1.,4.09700831639448E-18));
#2888=DIRECTION('',(-1.11022302462516E-16,-1.,-4.09700831639448E-18));
#2889=DIRECTION('',(-0.0174497491606818,-0.0174497491606818,0.999695459881887));
#2890=DIRECTION('',(1.10502528766445E-16,1.,3.38748234210061E-17));
#2891=DIRECTION('',(-0.0174497491606818,0.017449749160682,0.999695459881887));
#2892=DIRECTION('center_axis',(-1.88569057873915E-15,-0.999847695156391,
0.0174524064372828));
#2893=DIRECTION('ref_axis',(1.,-1.88737914186277E-15,-8.02815441881536E-17));
#2894=DIRECTION('center_axis',(1.88569057873915E-15,0.999847695156391,-0.0174524064372828));
#2895=DIRECTION('ref_axis',(2.09230896132476E-16,0.0174524064372828,0.999847695156391));
#2896=DIRECTION('',(-1.,1.88737914186277E-15,8.02815441881536E-17));
#2897=DIRECTION('',(1.,-1.92691930461647E-15,-2.34553595122214E-15));
#2898=DIRECTION('center_axis',(3.66481631157495E-15,0.999847695156391,0.0174524064372827));
#2899=DIRECTION('ref_axis',(-1.,3.66373598126302E-15,9.38744495474307E-17));
#2900=DIRECTION('center_axis',(-3.66481631157495E-15,-0.999847695156391,
-0.0174524064372827));
#2901=DIRECTION('ref_axis',(-2.05355683440119E-16,0.0174524064372827,-0.999847695156391));
#2902=DIRECTION('',(-1.,3.62443308355492E-15,2.34553595122214E-15));
#2903=DIRECTION('',(1.,-3.66373598126302E-15,-9.38744495474307E-17));
#2904=DIRECTION('center_axis',(-1.02264828820853E-16,-1.28749007982655E-18,
-1.));
#2905=DIRECTION('ref_axis',(1.,-1.11022302462516E-16,-1.02264828820853E-16));
#2906=DIRECTION('center_axis',(-1.02264828820853E-16,-1.28749007982655E-18,
-1.));
#2907=DIRECTION('ref_axis',(1.,-1.11022302462516E-16,-2.07324866367646E-16));
#2908=DIRECTION('center_axis',(0.999847695156391,-1.11076895882417E-16,
0.0174524064372826));
#2909=DIRECTION('ref_axis',(1.11022302462516E-16,1.,4.09700831639446E-18));
#2910=DIRECTION('center_axis',(-0.999847695156391,1.11076895882417E-16,
-0.0174524064372826));
#2911=DIRECTION('ref_axis',(0.0174524064372826,9.15551496673625E-18,-0.999847695156391));
#2912=DIRECTION('',(1.10502528766445E-16,1.,3.38748234210061E-17));
#2913=DIRECTION('',(-0.0174497491606818,0.017449749160682,0.999695459881887));
#2914=DIRECTION('',(-1.11022302462516E-16,-1.,-4.09700831639446E-18));
#2915=DIRECTION('center_axis',(-1.02264828820853E-16,-1.28749007982655E-18,
-1.));
#2916=DIRECTION('ref_axis',(1.,-1.11022302462516E-16,-1.02264828820853E-16));
#2917=DIRECTION('center_axis',(-1.02264828820853E-16,-1.28749007982655E-18,
-1.));
#2918=DIRECTION('ref_axis',(1.,-1.11022302462516E-16,-2.01062069818479E-16));
#2919=DIRECTION('',(-1.,-7.77156117237609E-16,8.02815441881536E-17));
#2920=DIRECTION('',(1.88737914186277E-15,1.,1.76899136756713E-17));
#2921=DIRECTION('center_axis',(7.78438858735298E-16,-0.999847695156391,
0.0174524064372828));
#2922=DIRECTION('ref_axis',(1.,7.77156117237609E-16,-8.02815441881536E-17));
#2923=DIRECTION('',(1.,7.37615954483901E-16,-2.34553595122214E-15));
#2924=DIRECTION('',(0.017449749160689,0.017449749160682,0.999695459881887));
#2925=DIRECTION('center_axis',(-0.999847695156391,1.88678295331442E-15,
0.0174524064372898));
#2926=DIRECTION('ref_axis',(-1.88737914186277E-15,-1.,-1.76899136756713E-17));
#2927=DIRECTION('center_axis',(0.999847695156391,-1.88678295331442E-15,
-0.0174524064372898));
#2928=DIRECTION('ref_axis',(0.0174524064372898,-1.30307276590946E-17,0.999847695156391));
#2929=DIRECTION('',(-1.88766165051323E-15,-1.,-3.3874823421002E-17));
#2930=DIRECTION('center_axis',(0.999847695156391,-1.11076895882417E-16,
0.0174524064372826));
#2931=DIRECTION('ref_axis',(1.11022302462516E-16,1.,4.09700831639448E-18));
#2932=DIRECTION('center_axis',(-0.999847695156391,1.11076895882417E-16,
-0.0174524064372826));
#2933=DIRECTION('ref_axis',(0.0174524064372826,1.40790684348939E-17,-0.999847695156391));
#2934=DIRECTION('',(-1.11022302462516E-16,-1.,-4.09700831639448E-18));
#2935=DIRECTION('',(-0.0174497491606818,-0.0174497491606819,0.999695459881887));
#2936=DIRECTION('',(1.10502528766445E-16,1.,3.38748234210061E-17));
#2937=DIRECTION('center_axis',(-0.999847695156391,1.88678295331443E-15,
0.0174524064372898));
#2938=DIRECTION('ref_axis',(-1.88737914186277E-15,-1.,-1.76899136756714E-17));
#2939=DIRECTION('center_axis',(0.999847695156391,-1.88678295331443E-15,
-0.0174524064372898));
#2940=DIRECTION('ref_axis',(0.0174524064372898,-1.89230843003417E-17,0.999847695156391));
#2941=DIRECTION('',(-1.88766165051323E-15,-1.,-3.3874823421002E-17));
#2942=DIRECTION('',(0.0174497491606889,-0.017449749160682,0.999695459881887));
#2943=DIRECTION('',(1.88737914186277E-15,1.,1.76899136756714E-17));
#2944=DIRECTION('center_axis',(1.88873001992532E-15,0.999847695156391,0.0174524064372828));
#2945=DIRECTION('ref_axis',(-1.,1.88737914186277E-15,9.38744495474307E-17));
#2946=DIRECTION('',(1.,-1.88737914186277E-15,-9.38744495474307E-17));
#2947=DIRECTION('',(-1.,1.84807624415467E-15,2.34553595122214E-15));
#2948=DIRECTION('center_axis',(-1.02264828820853E-16,-1.28749007982655E-18,
-1.));
#2949=DIRECTION('ref_axis',(1.,-1.11022302462516E-16,-1.02264828820853E-16));
#2950=DIRECTION('center_axis',(-1.02264828820853E-16,-1.28749007982655E-18,
-1.));
#2951=DIRECTION('ref_axis',(1.,-1.38777878078145E-16,-2.07324866367646E-16));
#2952=DIRECTION('center_axis',(2.01062069818479E-16,-1.10948111063855E-17,
1.));
#2953=DIRECTION('ref_axis',(1.,-1.11022302462516E-16,-2.01062069818479E-16));
#2954=DIRECTION('center_axis',(2.01062069818479E-16,-1.10948111063855E-17,
1.));
#2955=DIRECTION('ref_axis',(1.,-1.11022302462516E-16,-2.01062069818479E-16));
#2956=DIRECTION('center_axis',(2.01062069818479E-16,-1.10948111063855E-17,
1.));
#2957=DIRECTION('ref_axis',(1.,-1.11022302462516E-16,-2.01062069818479E-16));
#2958=DIRECTION('',(-2.01062069818479E-16,1.10948111063855E-17,-1.));
#2959=DIRECTION('center_axis',(-2.01062069818479E-16,1.10948111063855E-17,
-1.));
#2960=DIRECTION('ref_axis',(1.,-1.11022302462516E-16,-2.01062069818479E-16));
#2961=DIRECTION('center_axis',(0.706999085398824,0.706999085398824,0.0174524064372888));
#2962=DIRECTION('ref_axis',(0.0123407149398306,0.0123407149398308,-0.999847695156391));
#2963=DIRECTION('center_axis',(-4.13081932202164E-16,-2.12994423014039E-16,
1.));
#2964=DIRECTION('ref_axis',(1.,-1.11022302462516E-16,-2.01062069818479E-16));
#2965=DIRECTION('center_axis',(-0.706999085398824,-0.706999085398824,0.0174524064372891));
#2966=DIRECTION('ref_axis',(0.012340714939831,0.0123407149398307,0.999847695156391));
#2967=DIRECTION('center_axis',(-2.01062069818479E-16,1.10948111063855E-17,
-1.));
#2968=DIRECTION('ref_axis',(1.,-1.11022302462516E-16,-2.01062069818479E-16));
#2969=DIRECTION('center_axis',(-2.01062069818479E-16,1.10948111063855E-17,
-1.));
#2970=DIRECTION('ref_axis',(1.,-1.11022302462516E-16,-2.01062069818479E-16));
#2971=DIRECTION('center_axis',(0.706999085398822,-0.706999085398826,0.0174524064372888));
#2972=DIRECTION('ref_axis',(0.0123407149398305,-0.0123407149398308,-0.999847695156391));
#2973=DIRECTION('center_axis',(-4.13081932202164E-16,-2.12994423014039E-16,
1.));
#2974=DIRECTION('ref_axis',(1.,-1.11022302462516E-16,-2.01062069818479E-16));
#2975=DIRECTION('center_axis',(-0.706999085398821,0.706999085398827,0.0174524064373015));
#2976=DIRECTION('ref_axis',(0.0123407149398397,-0.0123407149398396,0.999847695156391));
#2977=DIRECTION('center_axis',(-2.01062069818479E-16,1.10948111063855E-17,
-1.));
#2978=DIRECTION('ref_axis',(1.,-1.11022302462516E-16,-2.01062069818479E-16));
#2979=DIRECTION('center_axis',(-2.34553595122214E-15,3.38748234210064E-17,
-1.));
#2980=DIRECTION('ref_axis',(-1.,1.66533453693774E-16,2.34553595122214E-15));
#2981=DIRECTION('center_axis',(-2.07324866367646E-16,1.65035899443028E-17,
-1.));
#2982=DIRECTION('ref_axis',(1.,-1.11022302462516E-16,-2.07324866367646E-16));
#2983=DIRECTION('',(-0.707106781186549,-0.707106781186547,1.63459125927353E-15));
#2984=DIRECTION('center_axis',(-2.07324866367646E-16,1.65035899443028E-17,
-1.));
#2985=DIRECTION('ref_axis',(1.,-1.38777878078145E-16,-2.07324866367646E-16));
#2986=DIRECTION('center_axis',(-2.07324866367646E-16,1.65035899443028E-17,
-1.));
#2987=DIRECTION('ref_axis',(1.,-1.38777878078145E-16,-2.07324866367646E-16));
#2988=DIRECTION('',(-0.707106781186546,0.707106781186549,1.6824974939785E-15));
#2989=DIRECTION('center_axis',(-2.07324866367646E-16,1.65035899443029E-17,
-1.));
#2990=DIRECTION('ref_axis',(1.,-1.11022302462516E-16,-2.07324866367646E-16));
#2991=DIRECTION('center_axis',(-2.07324866367646E-16,1.65035899443029E-17,
-1.));
#2992=DIRECTION('ref_axis',(1.,-1.11022302462516E-16,-2.07324866367646E-16));
#2993=DIRECTION('',(0.70710678118655,0.707106781186545,-1.63459125927353E-15));
#2994=DIRECTION('',(0.707106781186547,-0.707106781186548,-1.68249749397851E-15));
#2995=DIRECTION('center_axis',(-2.07324866367646E-16,1.65035899443028E-17,
-1.));
#2996=DIRECTION('ref_axis',(1.,-1.11022302462516E-16,-2.07324866367646E-16));
#2997=DIRECTION('center_axis',(2.07324866367646E-16,-1.65035899443029E-17,
1.));
#2998=DIRECTION('ref_axis',(1.,0.,-1.97372982155583E-16));
#2999=DIRECTION('center_axis',(-2.07324866367646E-16,1.65035899443029E-17,
-1.));
#3000=DIRECTION('ref_axis',(1.,-1.11022302462517E-16,-2.15876699232669E-16));
#3001=DIRECTION('center_axis',(1.22464679914735E-16,-1.,-1.65035899443029E-17));
#3002=DIRECTION('ref_axis',(-1.,-1.22464679914735E-16,2.46716227694479E-16));
#3003=DIRECTION('center_axis',(2.07324866367646E-16,-1.65035899443029E-17,
1.));
#3004=DIRECTION('ref_axis',(1.,-1.11022302462517E-16,-2.07324866367646E-16));
#3005=DIRECTION('center_axis',(2.07324866367646E-16,-1.65035899443029E-17,
1.));
#3006=DIRECTION('ref_axis',(1.,-1.11022302462516E-16,-2.07324866367646E-16));
#3007=DIRECTION('center_axis',(2.07324866367646E-16,-1.65035899443029E-17,
1.));
#3008=DIRECTION('ref_axis',(1.,-1.11022302462516E-16,-2.07324866367646E-16));
#3009=DIRECTION('',(-2.07324866367646E-16,1.65035899443029E-17,-1.));
#3010=DIRECTION('center_axis',(2.07324866367646E-16,-1.65035899443029E-17,
1.));
#3011=DIRECTION('ref_axis',(1.,-1.11022302462516E-16,-2.07324866367646E-16));
#3012=DIRECTION('center_axis',(2.07324866367646E-16,-1.65035899443028E-17,
1.));
#3013=DIRECTION('ref_axis',(1.,0.,-1.97372982155583E-16));
#3014=DIRECTION('center_axis',(-2.07324866367646E-16,1.65035899443028E-17,
-1.));
#3015=DIRECTION('ref_axis',(1.,-2.5672251024471E-18,-2.15876699232669E-16));
#3016=DIRECTION('center_axis',(-4.07170345447492E-33,-1.,-1.65035899443028E-17));
#3017=DIRECTION('ref_axis',(-1.,0.,2.46716227694479E-16));
#3018=DIRECTION('center_axis',(2.07324866367646E-16,-1.65035899443028E-17,
1.));
#3019=DIRECTION('ref_axis',(1.,-2.5672251024471E-18,-2.07324866367646E-16));
#3020=DIRECTION('center_axis',(2.07324866367646E-16,-1.65035899443028E-17,
1.));
#3021=DIRECTION('ref_axis',(1.,-1.38777878078145E-16,-2.07324866367646E-16));
#3022=DIRECTION('center_axis',(2.07324866367646E-16,-1.65035899443028E-17,
1.));
#3023=DIRECTION('ref_axis',(1.,-1.38777878078145E-16,-2.07324866367646E-16));
#3024=DIRECTION('',(-2.07324866367646E-16,1.65035899443028E-17,-1.));
#3025=DIRECTION('center_axis',(2.07324866367646E-16,-1.65035899443028E-17,
1.));
#3026=DIRECTION('ref_axis',(1.,-1.38777878078145E-16,-2.07324866367646E-16));
#3027=DIRECTION('center_axis',(2.01062069818479E-16,-1.10948111063855E-17,
1.));
#3028=DIRECTION('ref_axis',(1.,0.,-1.97372982155583E-16));
#3029=DIRECTION('center_axis',(-2.01062069818479E-16,1.10948111063855E-17,
-1.));
#3030=DIRECTION('ref_axis',(1.,-1.72585950543774E-18,-2.15876699232669E-16));
#3031=DIRECTION('center_axis',(-2.73726994315023E-33,-1.,-1.10948111063855E-17));
#3032=DIRECTION('ref_axis',(-1.,0.,2.46716227694479E-16));
#3033=DIRECTION('center_axis',(2.01062069818479E-16,-1.10948111063855E-17,
1.));
#3034=DIRECTION('ref_axis',(1.,-1.72585950543774E-18,-2.01062069818479E-16));
#3035=DIRECTION('center_axis',(2.01062069818479E-16,-1.10948111063855E-17,
1.));
#3036=DIRECTION('ref_axis',(1.,-1.11022302462516E-16,-2.01062069818479E-16));
#3037=DIRECTION('center_axis',(2.01062069818479E-16,-1.10948111063855E-17,
1.));
#3038=DIRECTION('ref_axis',(1.,-1.11022302462516E-16,-2.01062069818479E-16));
#3039=DIRECTION('',(-2.01062069818479E-16,1.10948111063855E-17,-1.));
#3040=DIRECTION('center_axis',(2.01062069818479E-16,-1.10948111063855E-17,
1.));
#3041=DIRECTION('ref_axis',(1.,-1.11022302462516E-16,-2.01062069818479E-16));
#3042=DIRECTION('center_axis',(2.07324866367646E-16,-1.65035899443028E-17,
1.));
#3043=DIRECTION('ref_axis',(1.,0.,-1.97372982155583E-16));
#3044=DIRECTION('center_axis',(-2.07324866367646E-16,1.65035899443028E-17,
-1.));
#3045=DIRECTION('ref_axis',(1.,-1.11022302462517E-16,-2.15876699232669E-16));
#3046=DIRECTION('center_axis',(1.22464679914734E-16,-1.,-1.65035899443028E-17));
#3047=DIRECTION('ref_axis',(-1.,-1.22464679914734E-16,2.46716227694479E-16));
#3048=DIRECTION('center_axis',(2.07324866367646E-16,-1.65035899443028E-17,
1.));
#3049=DIRECTION('ref_axis',(1.,-1.11022302462517E-16,-2.07324866367646E-16));
#3050=DIRECTION('center_axis',(2.07324866367646E-16,-1.65035899443028E-17,
1.));
#3051=DIRECTION('ref_axis',(1.,-1.11022302462516E-16,-2.07324866367646E-16));
#3052=DIRECTION('center_axis',(2.07324866367646E-16,-1.65035899443028E-17,
1.));
#3053=DIRECTION('ref_axis',(1.,-1.11022302462516E-16,-2.07324866367646E-16));
#3054=DIRECTION('',(-2.07324866367646E-16,1.65035899443028E-17,-1.));
#3055=DIRECTION('center_axis',(2.07324866367646E-16,-1.65035899443028E-17,
1.));
#3056=DIRECTION('ref_axis',(1.,-1.11022302462516E-16,-2.07324866367646E-16));
#3057=DIRECTION('center_axis',(2.01062069818479E-16,-1.10948111063855E-17,
1.));
#3058=DIRECTION('ref_axis',(1.,0.,-1.61486985400023E-16));
#3059=DIRECTION('center_axis',(-2.01062069818479E-16,1.10948111063855E-17,
-1.));
#3060=DIRECTION('ref_axis',(1.,1.41206686808542E-18,-2.01062069818479E-16));
#3061=DIRECTION('center_axis',(-2.2395844989411E-33,-1.,-1.10948111063855E-17));
#3062=DIRECTION('ref_axis',(-1.,0.,2.01858731750029E-16));
#3063=DIRECTION('center_axis',(2.01062069818479E-16,-1.10948111063855E-17,
1.));
#3064=DIRECTION('ref_axis',(1.,1.41206686808542E-18,-2.01858731750029E-16));
#3065=DIRECTION('center_axis',(-2.01062069818479E-16,1.10948111063855E-17,
-1.));
#3066=DIRECTION('ref_axis',(1.,-1.11022302462516E-16,-2.01062069818479E-16));
#3067=DIRECTION('center_axis',(-2.01062069818479E-16,1.10948111063855E-17,
-1.));
#3068=DIRECTION('ref_axis',(1.,-1.11022302462516E-16,-2.01062069818479E-16));
#3069=DIRECTION('center_axis',(-2.01062069818479E-16,1.10948111063855E-17,
-1.));
#3070=DIRECTION('ref_axis',(1.,-1.11022302462516E-16,-2.01062069818479E-16));
#3071=DIRECTION('',(2.01062069818479E-16,-1.10948111063855E-17,1.));
#3072=DIRECTION('center_axis',(2.01062069818479E-16,-1.10948111063855E-17,
1.));
#3073=DIRECTION('ref_axis',(1.,-1.11022302462516E-16,-2.01062069818479E-16));
#3074=DIRECTION('center_axis',(2.07324866367646E-16,-1.65035899443028E-17,
1.));
#3075=DIRECTION('ref_axis',(1.,0.,-1.61486985400023E-16));
#3076=DIRECTION('center_axis',(-2.07324866367646E-16,1.65035899443028E-17,
-1.));
#3077=DIRECTION('ref_axis',(1.,-1.11022302462516E-16,-2.07324866367646E-16));
#3078=DIRECTION('center_axis',(1.22464679914736E-16,-1.,-1.65035899443028E-17));
#3079=DIRECTION('ref_axis',(-1.,-1.22464679914736E-16,2.01858731750028E-16));
#3080=DIRECTION('center_axis',(2.07324866367646E-16,-1.65035899443028E-17,
1.));
#3081=DIRECTION('ref_axis',(1.,-1.11022302462516E-16,-2.01858731750029E-16));
#3082=DIRECTION('center_axis',(-2.07324866367646E-16,1.65035899443028E-17,
-1.));
#3083=DIRECTION('ref_axis',(1.,-1.11022302462516E-16,-2.07324866367646E-16));
#3084=DIRECTION('center_axis',(-2.07324866367646E-16,1.65035899443028E-17,
-1.));
#3085=DIRECTION('ref_axis',(1.,-1.11022302462516E-16,-2.07324866367646E-16));
#3086=DIRECTION('center_axis',(-2.07324866367646E-16,1.65035899443028E-17,
-1.));
#3087=DIRECTION('ref_axis',(1.,-1.11022302462516E-16,-2.07324866367646E-16));
#3088=DIRECTION('',(2.07324866367646E-16,-1.65035899443028E-17,1.));
#3089=DIRECTION('center_axis',(2.07324866367646E-16,-1.65035899443028E-17,
1.));
#3090=DIRECTION('ref_axis',(1.,-1.11022302462516E-16,-2.07324866367646E-16));
#3091=DIRECTION('center_axis',(2.07324866367646E-16,-1.65035899443028E-17,
1.));
#3092=DIRECTION('ref_axis',(1.,0.,-1.61486985400023E-16));
#3093=DIRECTION('center_axis',(-2.07324866367646E-16,1.65035899443028E-17,
-1.));
#3094=DIRECTION('ref_axis',(1.,2.10045690200217E-18,-2.07324866367646E-16));
#3095=DIRECTION('center_axis',(-3.33139373547948E-33,-1.,-1.65035899443028E-17));
#3096=DIRECTION('ref_axis',(-1.,0.,2.01858731750029E-16));
#3097=DIRECTION('center_axis',(2.07324866367646E-16,-1.65035899443028E-17,
1.));
#3098=DIRECTION('ref_axis',(1.,2.10045690200217E-18,-2.01858731750029E-16));
#3099=DIRECTION('center_axis',(-2.07324866367646E-16,1.65035899443028E-17,
-1.));
#3100=DIRECTION('ref_axis',(1.,-1.38777878078145E-16,-2.07324866367646E-16));
#3101=DIRECTION('center_axis',(-2.07324866367646E-16,1.65035899443028E-17,
-1.));
#3102=DIRECTION('ref_axis',(1.,-1.38777878078145E-16,-2.07324866367646E-16));
#3103=DIRECTION('center_axis',(-2.07324866367646E-16,1.65035899443028E-17,
-1.));
#3104=DIRECTION('ref_axis',(1.,-1.38777878078145E-16,-2.07324866367646E-16));
#3105=DIRECTION('',(2.07324866367646E-16,-1.65035899443028E-17,1.));
#3106=DIRECTION('center_axis',(2.07324866367646E-16,-1.65035899443028E-17,
1.));
#3107=DIRECTION('ref_axis',(1.,-1.38777878078145E-16,-2.07324866367646E-16));
#3108=DIRECTION('center_axis',(2.07324866367646E-16,-1.65035899443029E-17,
1.));
#3109=DIRECTION('ref_axis',(1.,0.,-1.61486985400023E-16));
#3110=DIRECTION('center_axis',(-2.07324866367646E-16,1.65035899443029E-17,
-1.));
#3111=DIRECTION('ref_axis',(1.,-1.11022302462516E-16,-2.07324866367646E-16));
#3112=DIRECTION('center_axis',(1.22464679914735E-16,-1.,-1.65035899443029E-17));
#3113=DIRECTION('ref_axis',(-1.,-1.22464679914735E-16,2.01858731750029E-16));
#3114=DIRECTION('center_axis',(2.07324866367646E-16,-1.65035899443029E-17,
1.));
#3115=DIRECTION('ref_axis',(1.,-1.11022302462516E-16,-2.01858731750029E-16));
#3116=DIRECTION('center_axis',(-2.07324866367646E-16,1.65035899443029E-17,
-1.));
#3117=DIRECTION('ref_axis',(1.,-1.11022302462516E-16,-2.07324866367646E-16));
#3118=DIRECTION('center_axis',(-2.07324866367646E-16,1.65035899443029E-17,
-1.));
#3119=DIRECTION('ref_axis',(1.,-1.11022302462516E-16,-2.07324866367646E-16));
#3120=DIRECTION('center_axis',(-2.07324866367646E-16,1.65035899443029E-17,
-1.));
#3121=DIRECTION('ref_axis',(1.,-1.11022302462516E-16,-2.07324866367646E-16));
#3122=DIRECTION('',(2.07324866367646E-16,-1.65035899443029E-17,1.));
#3123=DIRECTION('center_axis',(2.07324866367646E-16,-1.65035899443029E-17,
1.));
#3124=DIRECTION('ref_axis',(1.,-1.11022302462516E-16,-2.07324866367646E-16));
#3125=DIRECTION('center_axis',(2.07324866367646E-16,-1.65035899443028E-17,
1.));
#3126=DIRECTION('ref_axis',(1.,-1.38777878078145E-16,-2.07324866367646E-16));
#3127=DIRECTION('center_axis',(2.07324866367646E-16,-1.65035899443028E-17,
1.));
#3128=DIRECTION('ref_axis',(1.,-1.38777878078145E-16,-2.07324866367646E-16));
#3129=DIRECTION('center_axis',(2.07324866367646E-16,-1.65035899443028E-17,
1.));
#3130=DIRECTION('ref_axis',(1.,-1.38777878078145E-16,-2.07324866367646E-16));
#3131=DIRECTION('',(-2.07324866367646E-16,1.65035899443028E-17,-1.));
#3132=DIRECTION('center_axis',(-2.07324866367646E-16,1.65035899443028E-17,
-1.));
#3133=DIRECTION('ref_axis',(1.,-1.38777878078145E-16,-2.07324866367646E-16));
#3134=DIRECTION('center_axis',(-0.706999085398826,-0.706999085398823,0.017452406437289));
#3135=DIRECTION('ref_axis',(0.012340714939831,0.0123407149398307,0.999847695156391));
#3136=DIRECTION('center_axis',(-4.13081932202164E-16,-2.12994423014039E-16,
1.));
#3137=DIRECTION('ref_axis',(1.,-1.38777878078145E-16,-2.07324866367646E-16));
#3138=DIRECTION('center_axis',(0.706999085398826,0.706999085398822,0.0174524064372887));
#3139=DIRECTION('ref_axis',(0.0123407149398305,0.0123407149398307,-0.999847695156391));
#3140=DIRECTION('center_axis',(-0.706999085398823,0.706999085398825,0.0174524064372827));
#3141=DIRECTION('ref_axis',(0.0123407149398264,-0.0123407149398263,0.999847695156391));
#3142=DIRECTION('center_axis',(-4.13081932202164E-16,-2.12994423014039E-16,
1.));
#3143=DIRECTION('ref_axis',(1.,-1.38777878078145E-16,-2.07324866367646E-16));
#3144=DIRECTION('center_axis',(0.706999085398823,-0.706999085398825,0.0174524064372888));
#3145=DIRECTION('ref_axis',(0.0123407149398305,-0.0123407149398308,-0.999847695156391));
#3146=DIRECTION('center_axis',(-2.07324866367646E-16,1.65035899443028E-17,
-1.));
#3147=DIRECTION('ref_axis',(1.,-1.38777878078145E-16,-2.07324866367646E-16));
#3148=DIRECTION('center_axis',(2.07324866367646E-16,-1.65035899443029E-17,
1.));
#3149=DIRECTION('ref_axis',(1.,-1.11022302462516E-16,-2.07324866367646E-16));
#3150=DIRECTION('center_axis',(2.07324866367646E-16,-1.65035899443029E-17,
1.));
#3151=DIRECTION('ref_axis',(1.,-1.11022302462516E-16,-2.07324866367646E-16));
#3152=DIRECTION('center_axis',(2.07324866367646E-16,-1.65035899443029E-17,
1.));
#3153=DIRECTION('ref_axis',(1.,-1.11022302462516E-16,-2.07324866367646E-16));
#3154=DIRECTION('',(-2.07324866367646E-16,1.65035899443029E-17,-1.));
#3155=DIRECTION('center_axis',(-2.07324866367646E-16,1.65035899443029E-17,
-1.));
#3156=DIRECTION('ref_axis',(1.,-1.11022302462516E-16,-2.07324866367646E-16));
#3157=DIRECTION('center_axis',(-0.706999085398821,0.706999085398827,0.0174524064373015));
#3158=DIRECTION('ref_axis',(0.0123407149398397,-0.0123407149398396,0.999847695156391));
#3159=DIRECTION('center_axis',(-4.13081932202164E-16,-2.12994423014039E-16,
1.));
#3160=DIRECTION('ref_axis',(1.,-1.11022302462516E-16,-2.07324866367646E-16));
#3161=DIRECTION('center_axis',(0.706999085398822,-0.706999085398826,0.0174524064372888));
#3162=DIRECTION('ref_axis',(0.0123407149398305,-0.0123407149398308,-0.999847695156391));
#3163=DIRECTION('center_axis',(0.706999085398826,0.706999085398822,0.0174524064372887));
#3164=DIRECTION('ref_axis',(0.0123407149398305,0.0123407149398307,-0.999847695156391));
#3165=DIRECTION('center_axis',(-4.13081932202164E-16,-2.12994423014039E-16,
1.));
#3166=DIRECTION('ref_axis',(1.,-1.11022302462516E-16,-2.07324866367646E-16));
#3167=DIRECTION('center_axis',(-0.706999085398826,-0.706999085398823,0.017452406437289));
#3168=DIRECTION('ref_axis',(0.012340714939831,0.0123407149398307,0.999847695156391));
#3169=DIRECTION('center_axis',(-2.07324866367646E-16,1.65035899443029E-17,
-1.));
#3170=DIRECTION('ref_axis',(1.,-1.11022302462516E-16,-2.07324866367646E-16));
#3171=DIRECTION('center_axis',(2.07324866367646E-16,-1.65035899443028E-17,
1.));
#3172=DIRECTION('ref_axis',(1.,-1.11022302462516E-16,-2.07324866367646E-16));
#3173=DIRECTION('center_axis',(2.07324866367646E-16,-1.65035899443028E-17,
1.));
#3174=DIRECTION('ref_axis',(1.,-1.11022302462516E-16,-2.07324866367646E-16));
#3175=DIRECTION('center_axis',(2.07324866367646E-16,-1.65035899443028E-17,
1.));
#3176=DIRECTION('ref_axis',(1.,-1.11022302462516E-16,-2.07324866367646E-16));
#3177=DIRECTION('',(-2.07324866367646E-16,1.65035899443028E-17,-1.));
#3178=DIRECTION('center_axis',(-0.706999085398824,-0.706999085398824,0.0174524064372891));
#3179=DIRECTION('ref_axis',(0.012340714939831,0.0123407149398307,0.999847695156391));
#3180=DIRECTION('center_axis',(-4.13081932202164E-16,-2.12994423014039E-16,
1.));
#3181=DIRECTION('ref_axis',(1.,-1.11022302462516E-16,-2.07324866367646E-16));
#3182=DIRECTION('center_axis',(0.706999085398824,0.706999085398824,0.0174524064372888));
#3183=DIRECTION('ref_axis',(0.0123407149398306,0.0123407149398308,-0.999847695156391));
#3184=DIRECTION('center_axis',(-2.07324866367646E-16,1.65035899443028E-17,
-1.));
#3185=DIRECTION('ref_axis',(1.,-1.11022302462516E-16,-2.07324866367646E-16));
#3186=DIRECTION('center_axis',(0.706999085398823,-0.706999085398825,0.0174524064372888));
#3187=DIRECTION('ref_axis',(0.0123407149398305,-0.0123407149398308,-0.999847695156391));
#3188=DIRECTION('center_axis',(-4.13081932202164E-16,-2.12994423014039E-16,
1.));
#3189=DIRECTION('ref_axis',(1.,-1.11022302462516E-16,-2.07324866367646E-16));
#3190=DIRECTION('center_axis',(-0.706999085398823,0.706999085398825,0.0174524064372827));
#3191=DIRECTION('ref_axis',(0.0123407149398264,-0.0123407149398263,0.999847695156391));
#3192=DIRECTION('center_axis',(2.07324866367646E-16,-1.65035899443028E-17,
1.));
#3193=DIRECTION('ref_axis',(-1.,1.11022302462516E-16,2.07324866367646E-16));
#3194=DIRECTION('center_axis',(2.07324866367646E-16,-1.65035899443028E-17,
1.));
#3195=DIRECTION('ref_axis',(-1.,1.11022302462516E-16,2.07324866367646E-16));
#3196=DIRECTION('center_axis',(-2.07324866367646E-16,1.65035899443028E-17,
-1.));
#3197=DIRECTION('ref_axis',(-1.,1.11022302462516E-16,2.07324866367646E-16));
#3198=DIRECTION('',(-0.532813269686139,-2.00625303335438E-17,0.846232840089751));
#3199=DIRECTION('center_axis',(-2.07324866367646E-16,1.65035899443028E-17,
-1.));
#3200=DIRECTION('ref_axis',(-1.,1.11022302462516E-16,2.07324866367646E-16));
#3201=DIRECTION('',(0.532813269686139,2.00625303335438E-17,-0.846232840089751));
#3202=DIRECTION('center_axis',(2.07324866367646E-16,-1.65035899443028E-17,
1.));
#3203=DIRECTION('ref_axis',(-1.,1.11022302462516E-16,2.07324866367646E-16));
#3204=DIRECTION('center_axis',(0.706999085398823,-0.706999085398825,-0.0174524064372827));
#3205=DIRECTION('ref_axis',(0.707106781186548,0.707106781186546,4.61622663627796E-16));
#3206=DIRECTION('',(-0.707106781186549,-0.707106781186547,-4.42702836313935E-16));
#3207=DIRECTION('center_axis',(-2.34553595122214E-15,3.38748234210064E-17,
-1.));
#3208=DIRECTION('ref_axis',(-1.,1.66533453693774E-16,2.34553595122214E-15));
#3209=DIRECTION('',(-4.62399800248657E-8,0.999999999999999,-1.1251978651463E-17));
#3210=DIRECTION('center_axis',(-2.34553595122214E-15,3.38748234210064E-17,
-1.));
#3211=DIRECTION('ref_axis',(-0.707106748489942,-0.707106813883151,1.63447896005718E-15));
#3212=DIRECTION('',(-0.999999999999999,-4.6239980037976E-8,1.5181371565668E-16));
#3213=DIRECTION('center_axis',(2.34553595122214E-15,-3.38748234210064E-17,
1.));
#3214=DIRECTION('ref_axis',(0.707106748489942,0.707106813883152,-1.63447896005718E-15));
#3215=DIRECTION('',(4.6239982205473E-8,-0.999999999999999,1.12519786514626E-17));
#3216=DIRECTION('',(-1.,1.11022302462516E-16,1.51813715136388E-16));
#3217=DIRECTION('center_axis',(-2.34553595122214E-15,3.38748234210064E-17,
-1.));
#3218=DIRECTION('ref_axis',(-0.707106781186547,0.707106781186548,1.682169327592E-15));
#3219=DIRECTION('',(-6.12783479397013E-16,-1.,-2.39628602795922E-16));
#3220=DIRECTION('',(-1.,1.11022302462516E-16,2.71530495933869E-16));
#3221=DIRECTION('',(1.11022302462516E-16,1.,-1.12519856713261E-17));
#3222=DIRECTION('center_axis',(-2.34553595122214E-15,3.38748234210064E-17,
-1.));
#3223=DIRECTION('ref_axis',(0.707106781186549,0.707106781186546,-1.63447896005718E-15));
#3224=DIRECTION('',(-1.,1.11022302462516E-16,1.51813715136388E-16));
#3225=DIRECTION('',(5.8988942565244E-16,1.,-1.12519856713262E-17));
#3226=DIRECTION('center_axis',(-1.51813715136388E-16,-1.12519856713261E-17,
-1.));
#3227=DIRECTION('ref_axis',(1.,-1.11022302462516E-16,-1.51813715136388E-16));
#3228=DIRECTION('',(1.,3.9073887447198E-16,-1.51813715136388E-16));
#3229=DIRECTION('center_axis',(-2.34553595122214E-15,3.38748234210064E-17,
-1.));
#3230=DIRECTION('ref_axis',(0.707106781186549,-0.707106781186546,-1.682169327592E-15));
#3231=DIRECTION('',(-9.6682486909681E-16,1.,-1.1251985671326E-17));
#3232=DIRECTION('center_axis',(-1.51813715136388E-16,-1.12519856713261E-17,
-1.));
#3233=DIRECTION('ref_axis',(1.,-1.11022302462516E-16,-1.51813715136388E-16));
#3234=DIRECTION('',(-1.75370332267756E-15,1.,-1.12519856713259E-17));
#3235=DIRECTION('center_axis',(-1.51813715136388E-16,-1.12519856713261E-17,
-1.));
#3236=DIRECTION('ref_axis',(0.935600624826892,-0.353060151848845,-1.38064378969177E-16));
#3237=DIRECTION('',(1.,-2.37675894446289E-16,-2.7846730712016E-16));
#3238=DIRECTION('',(3.90738874471981E-16,-1.,2.158899008665E-16));
#3239=DIRECTION('center_axis',(-2.34553595122214E-15,3.38748234210064E-17,
-1.));
#3240=DIRECTION('ref_axis',(-0.707106781186547,-0.707106781186548,1.63447896005718E-15));
#3241=DIRECTION('',(1.,-8.339502729851E-16,-1.18500932604705E-16));
#3242=DIRECTION('center_axis',(2.34553595122214E-15,-3.38748234210064E-17,
1.));
#3243=DIRECTION('ref_axis',(0.707106781186549,0.707106781186546,-1.63447896005718E-15));
#3244=DIRECTION('',(1.22124532708767E-15,1.,-1.12519856713263E-17));
#3245=DIRECTION('',(0.707106781186546,-0.707106781186549,-1.6824974939785E-15));
#3246=DIRECTION('',(0.707106781186548,0.707106781186547,-1.63459125927353E-15));
#3247=DIRECTION('',(-0.707106781186548,0.707106781186548,1.68249749397851E-15));
#3248=DIRECTION('',(-0.70710678118655,-0.707106781186545,1.63459125927353E-15));
#3249=DIRECTION('center_axis',(-4.13081932202164E-16,-2.12994423014039E-16,
1.));
#3250=DIRECTION('ref_axis',(1.,-1.11022302462516E-16,4.13081932202164E-16));
#3251=DIRECTION('',(-0.707106781186548,-0.707106781186547,-3.39868252303793E-16));
#3252=DIRECTION('center_axis',(2.07324866367646E-16,-1.65035899443028E-17,
1.));
#3253=DIRECTION('ref_axis',(-1.,1.38777878078145E-16,2.07324866367646E-16));
#3254=DIRECTION('center_axis',(2.07324866367646E-16,-1.65035899443028E-17,
1.));
#3255=DIRECTION('ref_axis',(-1.,1.38777878078145E-16,2.07324866367646E-16));
#3256=DIRECTION('center_axis',(-2.07324866367646E-16,1.65035899443028E-17,
-1.));
#3257=DIRECTION('ref_axis',(-1.,1.38777878078145E-16,2.07324866367646E-16));
#3258=DIRECTION('',(-0.532813269686139,-5.27399133775964E-18,0.846232840089751));
#3259=DIRECTION('center_axis',(-2.07324866367646E-16,1.65035899443028E-17,
-1.));
#3260=DIRECTION('ref_axis',(-1.,1.38777878078145E-16,2.07324866367646E-16));
#3261=DIRECTION('',(0.532813269686139,5.27399133775966E-18,-0.846232840089751));
#3262=DIRECTION('center_axis',(2.07324866367646E-16,-1.65035899443028E-17,
1.));
#3263=DIRECTION('ref_axis',(-1.,1.38777878078145E-16,2.07324866367646E-16));
#3264=DIRECTION('center_axis',(0.706999085398823,-0.706999085398825,0.0174524064372888));
#3265=DIRECTION('ref_axis',(0.707106781186548,0.707106781186547,3.39868252303793E-16));
#3266=DIRECTION('center_axis',(2.01062069818479E-16,-1.10948111063855E-17,
1.));
#3267=DIRECTION('ref_axis',(-1.,1.11022302462516E-16,2.01062069818479E-16));
#3268=DIRECTION('center_axis',(2.01062069818479E-16,-1.10948111063855E-17,
1.));
#3269=DIRECTION('ref_axis',(-1.,1.11022302462516E-16,2.01062069818479E-16));
#3270=DIRECTION('center_axis',(-2.01062069818479E-16,1.10948111063855E-17,
-1.));
#3271=DIRECTION('ref_axis',(-1.,1.11022302462516E-16,2.01062069818479E-16));
#3272=DIRECTION('',(-0.532813269686139,-1.54854440561156E-17,0.846232840089751));
#3273=DIRECTION('center_axis',(-2.01062069818479E-16,1.10948111063855E-17,
-1.));
#3274=DIRECTION('ref_axis',(-1.,1.11022302462516E-16,2.01062069818479E-16));
#3275=DIRECTION('',(0.532813269686139,1.54854440561157E-17,-0.846232840089751));
#3276=DIRECTION('center_axis',(2.01062069818479E-16,-1.10948111063855E-17,
1.));
#3277=DIRECTION('ref_axis',(-1.,1.11022302462516E-16,2.01062069818479E-16));
#3278=DIRECTION('center_axis',(0.706999085398824,0.706999085398824,-0.0174524064372891));
#3279=DIRECTION('ref_axis',(-0.707106781186547,0.707106781186548,-5.27854886217948E-17));
#3280=DIRECTION('',(0.707106781186547,-0.707106781186548,1.41483234577649E-16));
#3281=DIRECTION('center_axis',(-4.13081932202164E-16,-2.12994423014039E-16,
1.));
#3282=DIRECTION('ref_axis',(1.,-1.11022302462516E-16,4.13081932202164E-16));
#3283=DIRECTION('',(0.707106781186548,-0.707106781186548,2.17848599149724E-17));
#3284=DIRECTION('center_axis',(0.706999085398824,0.706999085398824,0.0174524064372888));
#3285=DIRECTION('ref_axis',(-0.707106781186548,0.707106781186548,-2.17848599149724E-17));
#3286=DIRECTION('center_axis',(2.07324866367646E-16,-1.65035899443029E-17,
1.));
#3287=DIRECTION('ref_axis',(-1.,1.11022302462516E-16,2.07324866367646E-16));
#3288=DIRECTION('center_axis',(2.07324866367646E-16,-1.65035899443029E-17,
1.));
#3289=DIRECTION('ref_axis',(-1.,1.11022302462516E-16,2.07324866367646E-16));
#3290=DIRECTION('center_axis',(-2.07324866367646E-16,1.65035899443029E-17,
-1.));
#3291=DIRECTION('ref_axis',(-1.,1.11022302462516E-16,2.07324866367646E-16));
#3292=DIRECTION('',(-0.532813269686139,-2.00625303335438E-17,0.846232840089751));
#3293=DIRECTION('center_axis',(-2.07324866367646E-16,1.65035899443029E-17,
-1.));
#3294=DIRECTION('ref_axis',(-1.,1.11022302462516E-16,2.07324866367646E-16));
#3295=DIRECTION('',(0.532813269686139,2.00625303335439E-17,-0.846232840089751));
#3296=DIRECTION('center_axis',(2.07324866367646E-16,-1.65035899443029E-17,
1.));
#3297=DIRECTION('ref_axis',(-1.,1.11022302462516E-16,2.07324866367646E-16));
#3298=DIRECTION('center_axis',(-0.706999085398826,-0.706999085398823,0.017452406437289));
#3299=DIRECTION('ref_axis',(0.707106781186546,-0.707106781186549,2.12099097331188E-16));
#3300=DIRECTION('',(-0.707106781186546,0.707106781186549,-2.12099097331188E-16));
#3301=DIRECTION('center_axis',(-4.13081932202164E-16,-2.12994423014039E-16,
1.));
#3302=DIRECTION('ref_axis',(1.,-1.11022302462516E-16,4.13081932202164E-16));
#3303=DIRECTION('',(-0.707106781186546,0.707106781186549,-1.41483234577647E-16));
#3304=DIRECTION('center_axis',(-0.706999085398826,-0.706999085398822,-0.0174524064372887));
#3305=DIRECTION('ref_axis',(0.707106781186546,-0.707106781186549,1.90315163054997E-16));
#3306=DIRECTION('center_axis',(-1.51813715136388E-16,-1.12519856713261E-17,
-1.));
#3307=DIRECTION('ref_axis',(1.,-1.11022302462516E-16,-1.51813715136388E-16));
#3308=DIRECTION('',(-1.22045763570496E-15,-1.,1.12519856713263E-17));
#3309=DIRECTION('center_axis',(-1.51813715136388E-16,-1.12519856713261E-17,
-1.));
#3310=DIRECTION('ref_axis',(0.707106781186548,0.707106781186548,-1.17058174858206E-16));
#3311=DIRECTION('',(-1.,1.0436008206426E-15,1.51813715136388E-16));
#3312=DIRECTION('center_axis',(-1.51813715136388E-16,-1.12519856713261E-17,
-1.));
#3313=DIRECTION('ref_axis',(-0.707106781186549,-0.707106781186546,1.17058174858206E-16));
#3314=DIRECTION('',(-1.11680518870853E-15,1.,-1.1251985671326E-17));
#3315=DIRECTION('',(-1.,1.11022302462516E-16,1.51813715136388E-16));
#3316=DIRECTION('center_axis',(1.51813715136388E-16,1.12519856713261E-17,
1.));
#3317=DIRECTION('ref_axis',(0.935600624826892,-0.353060151848845,-1.6403251285759E-16));
#3318=DIRECTION('',(-1.75291563129485E-15,1.,-1.12519856713259E-17));
#3319=DIRECTION('center_axis',(-1.51813715136388E-16,-1.12519856713261E-17,
-1.));
#3320=DIRECTION('ref_axis',(1.,-1.11022302462516E-16,-1.79569290752017E-16));
#3321=DIRECTION('',(1.75370332267756E-15,-1.,1.12519856713259E-17));
#3322=DIRECTION('center_axis',(-1.51813715136388E-16,-1.12519856713261E-17,
-1.));
#3323=DIRECTION('ref_axis',(0.707106781186551,-0.707106781186544,-9.97162230273611E-17));
#3324=DIRECTION('',(-1.,-2.9825352792783E-16,1.51813715136388E-16));
#3325=DIRECTION('center_axis',(1.51813715136388E-16,1.12519856713261E-17,
1.));
#3326=DIRECTION('ref_axis',(1.,-1.11022302462516E-16,-1.79569290752017E-16));
#3327=DIRECTION('',(-5.8988942565244E-16,-1.,1.12519856713262E-17));
#3328=DIRECTION('',(1.,-1.11022302462516E-16,-1.51813715136388E-16));
#3329=DIRECTION('center_axis',(-1.51813715136388E-16,-1.12519856713261E-17,
-1.));
#3330=DIRECTION('ref_axis',(0.707106781186549,0.707106781186546,-1.17058174858206E-16));
#3331=DIRECTION('',(-1.11022302462516E-16,-1.,1.12519856713261E-17));
#3332=DIRECTION('',(1.,-1.11022302462516E-16,-1.51813715136388E-16));
#3333=DIRECTION('',(5.20298132852863E-16,1.,-1.12519856713262E-17));
#3334=DIRECTION('center_axis',(-1.51813715136388E-16,-1.12519856713261E-17,
-1.));
#3335=DIRECTION('ref_axis',(-0.707106781186547,0.707106781186548,9.97162230273611E-17));
#3336=DIRECTION('',(1.,-1.11022302462516E-16,-1.51813715136388E-16));
#3337=DIRECTION('',(-4.62399820173737E-8,0.999999999999999,-1.12519786514627E-17));
#3338=DIRECTION('center_axis',(-1.51813715136388E-16,-1.12519856713261E-17,
-1.));
#3339=DIRECTION('ref_axis',(-0.707106748489944,-0.70710681388315,1.17058174858206E-16));
#3340=DIRECTION('',(0.999999999999999,4.62399800762676E-8,-1.5181371565668E-16));
#3341=DIRECTION('center_axis',(1.51813715136388E-16,1.12519856713261E-17,
1.));
#3342=DIRECTION('ref_axis',(-0.707106748489942,-0.707106813883151,1.17058174858206E-16));
#3343=DIRECTION('',(4.62399800256534E-8,-0.999999999999999,1.1251978651463E-17));
#3344=DIRECTION('center_axis',(-0.706999085398822,0.706999085398826,-0.0174524064372888));
#3345=DIRECTION('ref_axis',(-0.70710678118655,-0.707106781186545,-5.99152338061E-16));
#3346=DIRECTION('',(0.70710678118655,0.707106781186545,4.42702836313935E-16));
#3347=DIRECTION('center_axis',(-4.13081932202164E-16,-2.12994423014039E-16,
1.));
#3348=DIRECTION('ref_axis',(1.,-1.11022302462516E-16,4.13081932202164E-16));
#3349=DIRECTION('',(0.70710678118655,0.707106781186545,5.3018248972001E-16));
#3350=DIRECTION('center_axis',(-0.706999085398821,0.706999085398827,0.0174524064373015));
#3351=DIRECTION('ref_axis',(-0.70710678118655,-0.707106781186545,-5.3018248972001E-16));
#3352=DIRECTION('center_axis',(-0.0174497491606825,-0.0174497491606827,
0.999695459881888));
#3353=DIRECTION('ref_axis',(0.706891438803888,0.706891438803885,0.0246776719230458));
#3354=DIRECTION('',(-0.0174497491606825,-0.0174497491606827,0.999695459881887));
#3355=DIRECTION('center_axis',(1.51813715136388E-16,1.12519856713261E-17,
1.));
#3356=DIRECTION('ref_axis',(0.707106781186549,0.707106781186546,-1.17058174858206E-16));
#3357=DIRECTION('',(0.0174497491606825,0.0174497491606827,-0.999695459881887));
#3358=DIRECTION('center_axis',(-0.999847695156391,1.11596590414437E-16,
-0.0174524064372833));
#3359=DIRECTION('ref_axis',(-1.11809873876013E-16,-1.,1.12451126397248E-17));
#3360=DIRECTION('',(-0.0174524064372833,6.09007469186112E-17,0.999847695156391));
#3361=DIRECTION('',(-1.11809993845226E-16,-1.,1.12519856713261E-17));
#3362=DIRECTION('center_axis',(0.0174497491606829,-0.0174497491606827,0.999695459881888));
#3363=DIRECTION('ref_axis',(-0.706891438803886,0.706891438803887,0.0246776719230461));
#3364=DIRECTION('',(0.0174497491606829,-0.0174497491606827,0.999695459881887));
#3365=DIRECTION('center_axis',(1.51813715136388E-16,1.12519856713261E-17,
1.));
#3366=DIRECTION('ref_axis',(-0.707106781186547,0.707106781186548,9.97162230273611E-17));
#3367=DIRECTION('',(-0.0174497491606829,0.0174497491606827,-0.999695459881887));
#3368=DIRECTION('center_axis',(-1.51940639962092E-16,-0.999847695156391,
-0.0174524064372835));
#3369=DIRECTION('ref_axis',(1.,-1.49308034537191E-16,-1.52147829658476E-16));
#3370=DIRECTION('',(1.81633693385183E-16,-0.0174524064372835,0.999847695156391));
#3371=DIRECTION('',(1.,-1.49313866527868E-16,-1.51813715136388E-16));
#3372=DIRECTION('center_axis',(0.0174497491606829,0.0174497491606827,0.999695459881888));
#3373=DIRECTION('ref_axis',(-0.706891438803886,-0.706891438803887,0.0246776719230461));
#3374=DIRECTION('',(0.0174497491606829,0.0174497491606827,0.999695459881887));
#3375=DIRECTION('center_axis',(1.51813715136388E-16,1.12519856713261E-17,
1.));
#3376=DIRECTION('ref_axis',(-0.707106781186547,-0.707106781186548,1.17058174858206E-16));
#3377=DIRECTION('',(-0.0174497491606829,-0.0174497491606827,-0.999695459881888));
#3378=DIRECTION('center_axis',(0.999847695156391,3.91270560235148E-16,-0.0174524064372837));
#3379=DIRECTION('ref_axis',(-3.95097869953943E-16,1.,-2.15851860489228E-16));
#3380=DIRECTION('',(0.0174524064372837,2.8208618806776E-17,0.999847695156391));
#3381=DIRECTION('',(-3.91526565854691E-16,1.,-1.12519856713261E-17));
#3382=DIRECTION('center_axis',(0.0174497491606829,0.0174497491606827,0.999695459881888));
#3383=DIRECTION('ref_axis',(0.706891438803888,0.706891438803885,-0.0246776719230461));
#3384=DIRECTION('center_axis',(-1.51813715136388E-16,-1.12519856713261E-17,
-1.));
#3385=DIRECTION('ref_axis',(0.707106781186549,0.707106781186546,-1.17058174858206E-16));
#3386=DIRECTION('',(-0.0174497491606829,-0.0174497491606827,-0.999695459881887));
#3387=DIRECTION('',(0.0174497491606829,0.0174497491606827,0.999695459881887));
#3388=DIRECTION('center_axis',(0.999847695156391,-1.22046812832279E-15,
-0.0174524064372837));
#3389=DIRECTION('ref_axis',(1.22045775567417E-15,1.,-1.12451126397249E-17));
#3390=DIRECTION('',(1.22045763570496E-15,1.,-1.12519856713263E-17));
#3391=DIRECTION('',(0.0174497491606829,0.0174497491606827,0.999695459881887));
#3392=DIRECTION('center_axis',(0.0174497483538068,0.0174497499675587,0.999695459881888));
#3393=DIRECTION('ref_axis',(0.706891406117239,0.706891471490534,-0.0246776719230461));
#3394=DIRECTION('center_axis',(-1.51813715136388E-16,-1.12519856713261E-17,
-1.));
#3395=DIRECTION('ref_axis',(0.707106748489942,0.707106813883152,-1.17058174858206E-16));
#3396=DIRECTION('',(-0.0174497483538068,-0.0174497499675587,-0.999695459881887));
#3397=DIRECTION('',(0.0174497483538068,0.0174497499675587,0.999695459881887));
#3398=DIRECTION('center_axis',(-1.51813715136388E-16,-1.12519856713261E-17,
-1.));
#3399=DIRECTION('ref_axis',(1.,-1.11022302462516E-16,-1.51813715136388E-16));
#3400=DIRECTION('',(-0.999999999999999,-4.62399800762676E-8,1.5181371565668E-16));
#3401=DIRECTION('center_axis',(-1.51813715136388E-16,-1.12519856713261E-17,
-1.));
#3402=DIRECTION('ref_axis',(-0.707106748489944,-0.70710681388315,1.17058174858206E-16));
#3403=DIRECTION('',(4.62399820173737E-8,-0.999999999999999,1.12519786514626E-17));
#3404=DIRECTION('',(-1.,1.11022302462516E-16,1.51813715136388E-16));
#3405=DIRECTION('center_axis',(-1.51813715136388E-16,-1.12519856713261E-17,
-1.));
#3406=DIRECTION('ref_axis',(-0.707106781186547,0.707106781186548,9.97162230273611E-17));
#3407=DIRECTION('',(-5.20298132852863E-16,-1.,1.12519856713262E-17));
#3408=DIRECTION('',(-1.,1.11022302462516E-16,1.51813715136388E-16));
#3409=DIRECTION('',(1.11022302462516E-16,1.,-1.12519856713261E-17));
#3410=DIRECTION('center_axis',(-1.51813715136388E-16,-1.12519856713261E-17,
-1.));
#3411=DIRECTION('ref_axis',(0.707106781186549,0.707106781186546,-1.17058174858206E-16));
#3412=DIRECTION('',(-1.,1.11022302462516E-16,1.51813715136388E-16));
#3413=DIRECTION('',(5.8988942565244E-16,1.,-1.12519856713262E-17));
#3414=DIRECTION('center_axis',(-1.51813715136388E-16,-1.12519856713261E-17,
-1.));
#3415=DIRECTION('ref_axis',(1.,-1.11022302462516E-16,-1.79569290752017E-16));
#3416=DIRECTION('',(-5.90677117035149E-16,-1.,1.12519856713262E-17));
#3417=DIRECTION('',(1.,-1.49313866527868E-16,-1.51813715136388E-16));
#3418=DIRECTION('',(1.,-1.49313866527868E-16,-1.51813715136388E-16));
#3419=DIRECTION('',(6.11995788014304E-16,1.,-1.12519856713262E-17));
#3420=DIRECTION('',(-4.62399822062607E-8,0.999999999999999,-1.12519786514626E-17));
#3421=DIRECTION('center_axis',(-4.62329375059831E-8,0.99984769515639,-0.0174524064372835));
#3422=DIRECTION('ref_axis',(-0.999999999999999,-4.62399800762618E-8,1.52147830148156E-16));
#3423=DIRECTION('',(-0.0174497483538068,-0.0174497499675587,-0.999695459881887));
#3424=DIRECTION('',(-0.0174497483538068,-0.0174497499675587,-0.999695459881887));
#3425=DIRECTION('center_axis',(0.0174497483538068,0.0174497499675587,0.999695459881888));
#3426=DIRECTION('ref_axis',(-0.706891406117239,-0.706891471490533,0.0246776719230462));
#3427=DIRECTION('',(0.0174497483538068,0.0174497499675587,0.999695459881888));
#3428=DIRECTION('center_axis',(0.99984769515639,4.62329374525308E-8,-0.0174524064372837));
#3429=DIRECTION('ref_axis',(-4.62399800256533E-8,0.999999999999999,-1.12451054849409E-17));
#3430=DIRECTION('center_axis',(0.0174497491606829,0.0174497491606827,0.999695459881888));
#3431=DIRECTION('ref_axis',(0.707106781186548,-0.707106781186548,-1.47218590105947E-16));
#3432=DIRECTION('center_axis',(-1.51813715136388E-16,-1.12519856713261E-17,
-1.));
#3433=DIRECTION('ref_axis',(0.707106781186548,0.707106781186548,-1.17058174858206E-16));
#3434=DIRECTION('',(-0.0174497491606829,-0.0174497491606827,-0.999695459881887));
#3435=DIRECTION('center_axis',(-1.04079236052351E-15,-0.999847695156391,
0.0174524064372835));
#3436=DIRECTION('ref_axis',(1.,-1.0436008206426E-15,-1.51813715136388E-16));
#3437=DIRECTION('',(1.,-1.0436008206426E-15,-1.51813715136388E-16));
#3438=DIRECTION('',(0.0174497491606828,0.0174497491606827,0.999695459881887));
#3439=DIRECTION('center_axis',(-1.51813715136388E-16,-1.12519856713261E-17,
-1.));
#3440=DIRECTION('ref_axis',(1.,-1.11022302462516E-16,-1.51813715136388E-16));
#3441=DIRECTION('',(-1.,7.95658708919749E-16,1.51813715136388E-16));
#3442=DIRECTION('',(-1.,1.99384330380937E-16,1.51813715136388E-16));
#3443=DIRECTION('center_axis',(-1.51813715136388E-16,-1.12519856713261E-17,
-1.));
#3444=DIRECTION('ref_axis',(0.935600624826892,-0.353060151848845,-1.6403251285759E-16));
#3445=DIRECTION('',(1.,-1.11022302462516E-16,-1.51813715136388E-16));
#3446=DIRECTION('',(1.11680518870853E-15,-1.,1.1251985671326E-17));
#3447=DIRECTION('center_axis',(-1.51813715136388E-16,-1.12519856713261E-17,
-1.));
#3448=DIRECTION('ref_axis',(-0.707106781186549,-0.707106781186546,1.17058174858206E-16));
#3449=DIRECTION('center_axis',(0.0174497483538068,0.0174497499675587,0.999695459881888));
#3450=DIRECTION('ref_axis',(-0.70710681388315,0.707106748489944,8.58775108951355E-17));
#3451=DIRECTION('',(0.0174497483538068,0.0174497499675587,0.999695459881887));
#3452=DIRECTION('',(1.81483775134054E-16,0.0174524064372835,0.999847695156391));
#3453=DIRECTION('center_axis',(0.999847695156391,1.75363259939442E-15,0.0174524064372833));
#3454=DIRECTION('ref_axis',(-1.75370332267756E-15,1.,-1.12519856713259E-17));
#3455=DIRECTION('',(-1.75370332267756E-15,1.,-1.12519856713259E-17));
#3456=DIRECTION('',(-0.0174497491606825,0.0174497491606827,0.999695459881887));
#3457=DIRECTION('center_axis',(-1.51813715136388E-16,-1.12519856713261E-17,
-1.));
#3458=DIRECTION('ref_axis',(1.,-1.11022302462516E-16,-1.51813715136388E-16));
#3459=DIRECTION('center_axis',(-1.51813715136388E-16,-1.12519856713261E-17,
-1.));
#3460=DIRECTION('ref_axis',(1.,-1.11022302462516E-16,-1.79569290752017E-16));
#3461=DIRECTION('',(9.66037177714101E-16,-1.,1.1251985671326E-17));
#3462=DIRECTION('center_axis',(1.51813715136388E-16,1.12519856713261E-17,
1.));
#3463=DIRECTION('ref_axis',(0.707106781186549,-0.707106781186546,-9.97162230273611E-17));
#3464=DIRECTION('',(-1.,-4.29030438537332E-16,1.51813715136388E-16));
#3465=DIRECTION('center_axis',(-1.51813715136388E-16,-1.12519856713261E-17,
-1.));
#3466=DIRECTION('ref_axis',(1.,-1.11022302462516E-16,-1.79569290752017E-16));
#3467=DIRECTION('',(1.,2.9825352792783E-16,-1.51813715136388E-16));
#3468=DIRECTION('center_axis',(-1.51813715136388E-16,-1.12519856713261E-17,
-1.));
#3469=DIRECTION('ref_axis',(0.707106781186551,-0.707106781186544,-9.97162230273611E-17));
#3470=DIRECTION('center_axis',(3.00857617130218E-16,-0.999847695156391,
0.0174524064372835));
#3471=DIRECTION('ref_axis',(1.,2.9825352792783E-16,-1.51813715136388E-16));
#3472=DIRECTION('',(0.0174497491606825,-0.0174497491606827,-0.999695459881888));
#3473=DIRECTION('center_axis',(-1.79569290752017E-16,-1.12519856713261E-17,
-1.));
#3474=DIRECTION('ref_axis',(1.,-1.11022302462516E-16,-1.79569290752017E-16));
#3475=DIRECTION('center_axis',(-1.79569290752017E-16,-1.12519856713261E-17,
-1.));
#3476=DIRECTION('ref_axis',(0.935600624826892,-0.353060151848845,-1.6403251285759E-16));
#3477=DIRECTION('center_axis',(-0.999847695156391,-1.75284502798093E-15,
-0.0174524064372833));
#3478=DIRECTION('ref_axis',(1.75291575126406E-15,-1.,1.12451126397245E-17));
#3479=DIRECTION('center_axis',(-0.0174497491606825,0.0174497491606827,0.999695459881888));
#3480=DIRECTION('ref_axis',(0.706891438803888,-0.706891438803885,0.0246776719230458));
#3481=DIRECTION('',(-0.0174497491606825,0.0174497491606827,0.999695459881887));
#3482=DIRECTION('',(0.0174497491606825,-0.0174497491606827,-0.999695459881887));
#3483=DIRECTION('center_axis',(-4.31614609782801E-16,0.999847695156391,
-0.0174524064372835));
#3484=DIRECTION('ref_axis',(-1.,-4.29024606546655E-16,1.52147829658476E-16));
#3485=DIRECTION('center_axis',(-1.79569290752017E-16,-1.12519856713261E-17,
-1.));
#3486=DIRECTION('ref_axis',(1.,-1.11022302462516E-16,-1.79569290752017E-16));
#3487=DIRECTION('center_axis',(0.0174497491606828,0.0174497491606827,0.999695459881888));
#3488=DIRECTION('ref_axis',(-0.706891438803888,-0.706891438803885,0.0246776719230461));
#3489=DIRECTION('',(-0.0174497491606828,-0.0174497491606827,-0.999695459881887));
#3490=DIRECTION('center_axis',(-0.0174497491606825,0.0174497491606827,0.999695459881888));
#3491=DIRECTION('ref_axis',(0.70689143880389,-0.706891438803884,0.0246776719230458));
#3492=DIRECTION('center_axis',(-0.0174497491606825,-0.0174497491606827,
0.999695459881888));
#3493=DIRECTION('ref_axis',(0.706891438803888,0.706891438803885,0.0246776719230458));
#3494=DIRECTION('',(0.0174497491606825,0.0174497491606827,-0.999695459881887));
#3495=DIRECTION('',(-0.0174497491606825,-0.0174497491606827,0.999695459881888));
#3496=DIRECTION('center_axis',(0.999847695156391,-1.1080901900094E-16,0.0174524064372833));
#3497=DIRECTION('ref_axis',(1.11022302462516E-16,1.,-1.12519856713261E-17));
#3498=DIRECTION('',(-0.0174524064372833,5.84722353898538E-17,0.999847695156391));
#3499=DIRECTION('center_axis',(0.0174497491606829,-0.0174497491606827,0.999695459881888));
#3500=DIRECTION('ref_axis',(-0.706891438803886,0.706891438803888,0.0246776719230461));
#3501=DIRECTION('',(-0.0174497491606829,0.0174497491606827,-0.999695459881887));
#3502=DIRECTION('',(0.0174497491606829,-0.0174497491606827,0.999695459881887));
#3503=DIRECTION('center_axis',(-0.999847695156391,5.20415263154272E-16,
0.0174524064372837));
#3504=DIRECTION('ref_axis',(-5.23869556921328E-16,-1.,-1.93354762178177E-16));
#3505=DIRECTION('',(0.0174524064372837,-4.92907068432145E-17,0.999847695156391));
#3506=DIRECTION('center_axis',(1.96704448522366E-16,0.999847695156391,-0.0174524064372835));
#3507=DIRECTION('ref_axis',(-1.,2.01600572335656E-16,2.78782131686729E-16));
#3508=DIRECTION('',(1.83360070576009E-16,0.0174524064372835,0.999847695156391));
#3509=DIRECTION('',(-0.0174524064372833,2.21476481202802E-17,0.999847695156391));
#3510=DIRECTION('center_axis',(0.999847695156391,-5.89603208408557E-16,
0.0174524064372833));
#3511=DIRECTION('ref_axis',(5.8988942565244E-16,1.,-1.12519856713262E-17));
#3512=DIRECTION('',(-0.0174524064372833,2.15452619489503E-17,0.999847695156391));
#3513=DIRECTION('',(1.83178627514833E-16,-0.0174524064372835,0.999847695156391));
#3514=DIRECTION('center_axis',(1.13654907887417E-16,0.999847695156391,0.0174524064372835));
#3515=DIRECTION('ref_axis',(-1.,1.11022302462516E-16,1.51813715136388E-16));
#3516=DIRECTION('',(1.77608562441697E-16,-0.0174524064372835,0.999847695156391));
#3517=DIRECTION('center_axis',(1.13654907887417E-16,0.999847695156391,0.0174524064372835));
#3518=DIRECTION('ref_axis',(-1.,1.08932956546675E-16,2.71512262488292E-16));
#3519=DIRECTION('',(1.83178627514833E-16,-0.0174524064372835,0.999847695156391));
#3520=DIRECTION('center_axis',(1.13654907887417E-16,0.999847695156391,0.0174524064372835));
#3521=DIRECTION('ref_axis',(-1.,1.11022302462516E-16,1.51813715136388E-16));
#3522=DIRECTION('',(1.8196780793918E-16,-0.0174524064372835,0.999847695156391));
#3523=DIRECTION('',(0.0174524064372837,3.18342047254999E-17,0.999847695156391));
#3524=DIRECTION('center_axis',(-0.99984769515639,-4.62329394439477E-8,0.0174524064372837));
#3525=DIRECTION('ref_axis',(4.62399820173737E-8,-0.999999999999999,1.12519786320479E-17));
#3526=DIRECTION('center_axis',(-0.999847695156391,-1.11643871964176E-15,
0.0174524064372837));
#3527=DIRECTION('ref_axis',(1.12037661277699E-15,-1.,2.15858733520829E-16));
#3528=DIRECTION('',(0.0174524064372837,3.07412100040165E-17,0.999847695156391));
#3529=DIRECTION('',(1.57751416426131E-16,0.0174524064372835,0.999847695156391));
#3530=DIRECTION('center_axis',(-1.08355878568788E-16,-0.999847695156391,
0.0174524064372835));
#3531=DIRECTION('ref_axis',(1.,-1.13232712426559E-16,-2.78448017164641E-16));
#3532=DIRECTION('center_axis',(-0.999847695156391,-9.66086419799991E-16,
-0.0174524064372833));
#3533=DIRECTION('ref_axis',(9.66037297683313E-16,-1.,1.12451126397246E-17));
#3534=DIRECTION('',(-0.0174524064372833,2.15521349805516E-17,0.999847695156391));
#3535=DIRECTION('center_axis',(-0.999847695156391,5.90390779822054E-16,
-0.0174524064372833));
#3536=DIRECTION('ref_axis',(-5.90676997065937E-16,-1.,1.12451126397248E-17));
#3537=DIRECTION('',(-0.0174524064372833,1.73112427694975E-17,0.999847695156391));
#3538=DIRECTION('',(1.77274447919609E-16,-0.0174524064372835,0.999847695156391));
#3539=DIRECTION('center_axis',(-1.51940639962092E-16,-0.999847695156391,
-0.0174524064372835));
#3540=DIRECTION('ref_axis',(1.,-1.49308034537191E-16,-1.52147829658476E-16));
#3541=DIRECTION('',(1.8284451294488E-16,-0.0174524064372835,0.999847695156391));
#3542=DIRECTION('center_axis',(-1.51940639962092E-16,-0.999847695156391,
-0.0174524064372835));
#3543=DIRECTION('ref_axis',(1.,-1.4721868862135E-16,-2.7184637701038E-16));
#3544=DIRECTION('',(1.77274447919609E-16,-0.0174524064372835,0.999847695156391));
#3545=DIRECTION('',(0.0174524064372837,-4.92838330138705E-17,0.999847695156391));
#3546=DIRECTION('center_axis',(0.999847695156391,-6.12098952318683E-16,
-0.0174524064372837));
#3547=DIRECTION('ref_axis',(6.16374377980672E-16,1.,2.39597265498733E-16));
#3548=DIRECTION('',(-0.0174524064372859,1.32857316064638E-17,-0.999847695156391));
#3549=DIRECTION('center_axis',(0.99984769515639,4.62329396328059E-8,-0.0174524064372837));
#3550=DIRECTION('ref_axis',(-4.62399822062606E-8,0.999999999999999,-1.12451055883382E-17));
#3551=DIRECTION('center_axis',(7.92888011585207E-16,0.999847695156391,-0.0174524064372835));
#3552=DIRECTION('ref_axis',(-1.,7.95083152690126E-16,1.18840120824927E-16));
#3553=CARTESIAN_POINT('',(0.,0.,0.));
#3554=CARTESIAN_POINT('Origin',(-4.79999950062851,1.25000053585523,0.00050111103055972));
#3555=CARTESIAN_POINT('',(-3.16634400854678,1.23865476204621,0.65050005722046));
#3556=CARTESIAN_POINT('',(-3.16188213891054,1.25000053585522,0.000501111030567057));
#3557=CARTESIAN_POINT('Origin',(3.0390170758576E-14,-2.78272156409982E-14,
71.6129838486092));
#3558=CARTESIAN_POINT('',(-4.7886537268195,1.23865476204621,0.650500057220459));
#3559=CARTESIAN_POINT('',(-2.29999950062851,1.2386547620462,0.65050005722046));
#3560=CARTESIAN_POINT('',(-4.79999950062851,1.25000053585523,0.00050111103055972));
#3561=CARTESIAN_POINT('',(-4.7996188834463,1.24961991867302,0.0223066547955741));
#3562=CARTESIAN_POINT('',(-10.6499997503142,1.25000053585525,0.000501111030556036));
#3563=CARTESIAN_POINT('Origin',(-2.29999950062851,-1.24999946414478,0.00050111103056083));
#3564=CARTESIAN_POINT('',(-3.16188256259428,-1.24999946414478,0.000501111030567016));
#3565=CARTESIAN_POINT('',(-3.16634442779328,-1.23865369033576,0.650500057220459));
#3566=CARTESIAN_POINT('Origin',(3.03901580291914E-14,-2.78272146277066E-14,
71.6129224503562));
#3567=CARTESIAN_POINT('',(-4.79999950062851,-1.24999946414477,0.00050111103055972));
#3568=CARTESIAN_POINT('',(-9.39999975031423,-1.24999946414476,0.000501111030553017));
#3569=CARTESIAN_POINT('',(-4.7886537268195,-1.23865369033576,0.650500057220459));
#3570=CARTESIAN_POINT('',(-4.7996188834463,-1.24961884696256,0.0223066547955753));
#3571=CARTESIAN_POINT('',(-4.79999950062851,-1.23865369033576,0.650500057220459));
#3572=CARTESIAN_POINT('Origin',(-4.79999950062851,-1.24999946414477,0.00050111103055972));
#3573=CARTESIAN_POINT('',(-4.7886537268195,1.25000053585523,0.650500057220459));
#3574=CARTESIAN_POINT('',(-4.79999950062851,-0.624999732072369,0.000501111030542234));
#3575=CARTESIAN_POINT('Origin',(22.4511680387178,10.7218970569597,0.650500057220457));
#3576=CARTESIAN_POINT('',(-3.39999999999998,-2.66949839904134E-14,0.650500057220462));
#3577=CARTESIAN_POINT('Origin',(1.56778832894101E-14,-2.66560799070759E-14,
0.650500057220461));
#3578=CARTESIAN_POINT('Origin',(1.56778832894101E-14,-2.66560799070759E-14,
0.650500057220461));
#3579=CARTESIAN_POINT('Origin',(-11.6999975006285,1.25000053585522,0.00050111103056083));
#3580=CARTESIAN_POINT('',(-11.7113432744375,1.2386547620462,0.65050005722046));
#3581=CARTESIAN_POINT('',(-11.7113432744375,-1.23865369033575,0.65050005722046));
#3582=CARTESIAN_POINT('',(-11.7113432744375,-1.24999946414477,0.65050005722046));
#3583=CARTESIAN_POINT('',(-11.6999975006285,1.25000053585522,0.00050111103056083));
#3584=CARTESIAN_POINT('',(-11.7003781178107,1.24961991867301,0.0223066547955753));
#3585=CARTESIAN_POINT('',(-11.6999975006285,-1.24999946414477,0.00050111103056083));
#3586=CARTESIAN_POINT('',(-11.6999975006285,0.625000267927628,0.00050111103055848));
#3587=CARTESIAN_POINT('',(-11.7003781178107,-1.24961884696256,0.0223066547955753));
#3588=CARTESIAN_POINT('Origin',(-11.6999975006285,-1.24999946414477,0.00050111103056083));
#3589=CARTESIAN_POINT('',(-13.3336555722066,-1.23865369033575,0.650500057220461));
#3590=CARTESIAN_POINT('',(-13.3381174374056,-1.24999946414477,0.000501111030561871));
#3591=CARTESIAN_POINT('Origin',(-16.4999999999999,1.65817063572996E-14,
71.6129224503578));
#3592=CARTESIAN_POINT('',(-14.1999975006285,-1.23865369033575,0.650500057220461));
#3593=CARTESIAN_POINT('',(-14.0999987503142,-1.24999946414477,0.000501111030564039));
#3594=CARTESIAN_POINT('Origin',(-14.1999975006285,1.25000053585523,0.00050111103056194));
#3595=CARTESIAN_POINT('',(-13.3381178610894,1.25000053585523,0.000501111030560984));
#3596=CARTESIAN_POINT('',(-13.3336559914531,1.23865476204621,0.65050005722046));
#3597=CARTESIAN_POINT('Origin',(-16.4999999999999,1.65817053440081E-14,
71.6129838486081));
#3598=CARTESIAN_POINT('',(-15.3499987503142,1.25000053585523,0.000501111030567058));
#3599=CARTESIAN_POINT('',(-11.6999975006285,1.2386547620462,0.65050005722046));
#3600=CARTESIAN_POINT('Origin',(22.4511680387178,10.7218970569597,0.650500057220457));
#3601=CARTESIAN_POINT('Origin',(-16.4999999999999,1.77528410779304E-14,
0.650500057220465));
#3602=CARTESIAN_POINT('Origin',(-6.99999950062852,5.95000053585523,0.00050111103056083));
#3603=CARTESIAN_POINT('',(-6.99999950062852,5.08811784666607,0.000501111030560837));
#3604=CARTESIAN_POINT('',(-7.01134527443754,5.08365597718089,0.65050005722046));
#3605=CARTESIAN_POINT('Origin',(-8.24999999999992,8.24999999999994,71.6129817584519));
#3606=CARTESIAN_POINT('',(-6.99999950062852,3.45000053585523,0.00050111103056083));
#3607=CARTESIAN_POINT('',(-6.99999950062852,2.97500026792763,0.000501111030547542));
#3608=CARTESIAN_POINT('',(-7.01134527443754,3.46134630966425,0.65050005722046));
#3609=CARTESIAN_POINT('',(-7.00038011781073,3.45038115303744,0.0223066547955753));
#3610=CARTESIAN_POINT('',(-7.01134527443754,3.45000053585523,0.65050005722046));
#3611=CARTESIAN_POINT('Origin',(22.4511680387178,10.7218970569597,0.650500057220457));
#3612=CARTESIAN_POINT('',(-9.48865372681949,5.08365558647888,0.65050005722046));
#3613=CARTESIAN_POINT('Origin',(-8.24999999999994,8.24999999999994,0.650500057220463));
#3614=CARTESIAN_POINT('',(-9.4886537268195,3.46134630966425,0.65050005722046));
#3615=CARTESIAN_POINT('',(-9.49999950062852,3.46134630966425,0.65050005722046));
#3616=CARTESIAN_POINT('',(-9.48865372681949,5.95000053585523,0.65050005722046));
#3617=CARTESIAN_POINT('Origin',(-6.99999950062852,3.45000053585523,0.00050111103056083));
#3618=CARTESIAN_POINT('',(-9.49999950062852,3.45000053585523,0.00050111103056083));
#3619=CARTESIAN_POINT('',(-11.7499997503142,3.45000053585523,0.000501111030558683));
#3620=CARTESIAN_POINT('',(-9.49961888344631,3.45038115303744,0.0223066547955841));
#3621=CARTESIAN_POINT('Origin',(-9.49999950062852,3.45000053585523,0.00050111103056083));
#3622=CARTESIAN_POINT('',(-9.49999950062851,5.08811745182894,0.000501111030560815));
#3623=CARTESIAN_POINT('Origin',(-8.24999999999992,8.24999999999994,71.6129245404851));
#3624=CARTESIAN_POINT('',(-9.49999950062852,1.72500026792763,0.000501111030553345));
#3625=CARTESIAN_POINT('Origin',(-6.99999950062852,-3.44999946414477,0.00050111103056083));
#3626=CARTESIAN_POINT('',(-7.01134527443754,-5.08365597718094,0.65050005722046));
#3627=CARTESIAN_POINT('',(-6.99999950062852,-5.08811784666612,0.000501111030560834));
#3628=CARTESIAN_POINT('Origin',(-8.24999999999996,-8.24999999999998,71.6129817584538));
#3629=CARTESIAN_POINT('',(-7.01134527443754,-3.46134523795378,0.65050005722046));
#3630=CARTESIAN_POINT('',(-7.01134527443754,-5.94999946414476,0.65050005722046));
#3631=CARTESIAN_POINT('',(-6.99999950062852,-3.44999946414477,0.00050111103056083));
#3632=CARTESIAN_POINT('',(-7.00038011781074,-3.45038008132698,0.0223066547955753));
#3633=CARTESIAN_POINT('',(-6.99999950062852,-1.72499973207237,0.000501111030547369));
#3634=CARTESIAN_POINT('Origin',(-9.49999950062852,-5.94999946414476,0.00050111103056083));
#3635=CARTESIAN_POINT('',(-9.49999950062852,-5.08811745182897,0.000501111030560801));
#3636=CARTESIAN_POINT('',(-9.4886537268195,-5.0836555864789,0.65050005722046));
#3637=CARTESIAN_POINT('Origin',(-8.24999999999996,-8.24999999999998,71.6129245404839));
#3638=CARTESIAN_POINT('',(-9.49999950062852,-3.44999946414476,0.00050111103056083));
#3639=CARTESIAN_POINT('',(-9.49999950062852,-2.97499973207237,0.000501111030553189));
#3640=CARTESIAN_POINT('',(-9.4886537268195,-3.46134523795378,0.65050005722046));
#3641=CARTESIAN_POINT('',(-9.49961888344631,-3.45038008132698,0.0223066547955753));
#3642=CARTESIAN_POINT('',(-9.4886537268195,-3.44999946414476,0.65050005722046));
#3643=CARTESIAN_POINT('Origin',(-9.49999950062852,-3.44999946414476,0.00050111103056083));
#3644=CARTESIAN_POINT('',(-6.99999950062852,-3.46134523795378,0.65050005722046));
#3645=CARTESIAN_POINT('',(-12.9999997503142,-3.44999946414476,0.000501111030561385));
#3646=CARTESIAN_POINT('Origin',(22.4511680387178,10.7218970569597,0.650500057220457));
#3647=CARTESIAN_POINT('Origin',(-8.24999999999998,-8.24999999999998,0.650500057220463));
#3648=CARTESIAN_POINT('Origin',(-8.24999999999994,8.24999999999994,0.000501111030567492));
#3649=CARTESIAN_POINT('',(-11.6499999999999,8.24999999999994,0.705099129846668));
#3650=CARTESIAN_POINT('',(-4.84999999999993,8.24999999999994,0.705099129846667));
#3651=CARTESIAN_POINT('Origin',(-8.24999999999994,8.24999999999994,0.705099129846668));
#3652=CARTESIAN_POINT('Origin',(-8.24999999999994,8.24999999999994,0.705099129846668));
#3653=CARTESIAN_POINT('',(-11.6499999999999,8.24999999999994,0.000501111030538596));
#3654=CARTESIAN_POINT('',(-11.6499999999999,8.24999999999994,0.000501111030568175));
#3655=CARTESIAN_POINT('',(-5.37472855023756,6.43538872201741,0.00050111103054383));
#3656=CARTESIAN_POINT('Origin',(-8.24999999999994,8.24999999999994,0.000501111030567492));
#3657=CARTESIAN_POINT('',(-5.37711847904576,6.43160736732677,0.250500548362749));
#3658=CARTESIAN_POINT('Origin',(-8.24999999999993,8.24999999999994,42.9679723340876));
#3659=CARTESIAN_POINT('',(-6.43160736732674,5.37711847904579,0.250500548362748));
#3660=CARTESIAN_POINT('Origin',(-8.24999999999994,8.24999999999994,0.250500548362745));
#3661=CARTESIAN_POINT('',(-6.43538872201738,5.37472855023758,0.000501111030546271));
#3662=CARTESIAN_POINT('Origin',(-8.24999999999993,8.24999999999994,42.9679723340859));
#3663=CARTESIAN_POINT('Origin',(-8.24999999999994,8.24999999999994,0.000501111030567492));
#3664=CARTESIAN_POINT('',(-10.0646112779825,5.3747285502376,0.0005011110305548));
#3665=CARTESIAN_POINT('Origin',(-8.24999999999994,8.24999999999994,0.000501111030567492));
#3666=CARTESIAN_POINT('',(-10.0683926326731,5.3771184790458,0.250500548362745));
#3667=CARTESIAN_POINT('Origin',(-8.24999999999993,8.24999999999994,42.9679723340853));
#3668=CARTESIAN_POINT('',(-11.1228815209541,6.4316073673268,0.250500548362746));
#3669=CARTESIAN_POINT('Origin',(-8.24999999999994,8.24999999999994,0.250500548362745));
#3670=CARTESIAN_POINT('',(-11.1252714497623,6.43538872201744,0.000501111030557323));
#3671=CARTESIAN_POINT('Origin',(-8.24999999999993,8.24999999999994,42.967972334058));
#3672=CARTESIAN_POINT('Origin',(-8.24999999999994,8.24999999999994,0.000501111030567492));
#3673=CARTESIAN_POINT('Origin',(-16.4999999999999,3.55271198320176E-14,
0.000501111030569712));
#3674=CARTESIAN_POINT('',(-2.87527144976236,-1.81461127798255,0.000501111030537697));
#3675=CARTESIAN_POINT('Origin',(1.55431223447522E-14,-2.66453525910038E-14,
0.000501111030566381));
#3676=CARTESIAN_POINT('',(-6.43538872201744,-5.37472855023761,0.000501111030545927));
#3677=CARTESIAN_POINT('',(-4.92049512883484,-3.85983495705502,0.000501111030542425));
#3678=CARTESIAN_POINT('Origin',(-8.24999999999998,-8.24999999999998,0.000501111030569712));
#3679=CARTESIAN_POINT('',(-10.0646112779825,-5.3747285502376,0.000501111030554436));
#3680=CARTESIAN_POINT('Origin',(-8.24999999999998,-8.24999999999998,0.000501111030569712));
#3681=CARTESIAN_POINT('',(-13.6247285502376,-1.81461127798252,0.000501111030562907));
#3682=CARTESIAN_POINT('',(-12.109834957055,-3.32950487116509,0.000501111030559303));
#3683=CARTESIAN_POINT('Origin',(-16.4999999999999,1.77635683940025E-14,
0.000501111030567492));
#3684=CARTESIAN_POINT('',(-13.6247285502376,1.81461127798257,0.00050111103056303));
#3685=CARTESIAN_POINT('Origin',(-16.4999999999999,1.77635683940025E-14,
0.000501111030567492));
#3686=CARTESIAN_POINT('',(-15.7045048711651,-0.265165042944925,0.000501111030567837));
#3687=CARTESIAN_POINT('',(-2.87527144976233,1.81461127798254,0.0005011110305378));
#3688=CARTESIAN_POINT('',(-8.51516504294491,7.45450487116512,0.00050111103055122));
#3689=CARTESIAN_POINT('Origin',(1.55431223447522E-14,-2.66453525910038E-14,
0.000501111030566381));
#3690=CARTESIAN_POINT('Origin',(-16.4999999999999,1.7757792137522E-14,1.55050111103057));
#3691=CARTESIAN_POINT('',(-18.7499999999999,1.82831378478708E-14,1.55050111103057));
#3692=CARTESIAN_POINT('Origin',(-16.4999999999999,1.7757792137522E-14,1.55050111103057));
#3693=CARTESIAN_POINT('',(-18.3999999999999,1.77418278768433E-14,1.20050111103057));
#3694=CARTESIAN_POINT('Origin',(-18.3999999999999,1.7525109245684E-14,1.55050111103057));
#3695=CARTESIAN_POINT('Origin',(-16.4999999999999,1.77635683940025E-14,
1.20050111103057));
#3696=CARTESIAN_POINT('Origin',(-16.4999999999999,1.77635683940025E-14,
1.20050111103057));
#3697=CARTESIAN_POINT('',(-18.7499999999999,1.77635683940025E-14,2.10050111103057));
#3698=CARTESIAN_POINT('Origin',(-16.4999999999999,1.77635683940025E-14,
2.10050111103057));
#3699=CARTESIAN_POINT('',(-18.7499999999999,1.7737823044735E-14,1.20050111103057));
#3700=CARTESIAN_POINT('Origin',(-16.4999999999999,1.77635683940025E-14,
1.20050111103057));
#3701=CARTESIAN_POINT('Origin',(-8.24999999999998,-8.24999999999998,1.55050111103057));
#3702=CARTESIAN_POINT('',(-10.5,-8.24999999999998,1.55050111103057));
#3703=CARTESIAN_POINT('Origin',(-8.24999999999998,-8.24999999999998,1.55050111103057));
#3704=CARTESIAN_POINT('',(-10.15,-8.24999999999998,1.20050111103057));
#3705=CARTESIAN_POINT('Origin',(-10.15,-8.24999999999998,1.55050111103057));
#3706=CARTESIAN_POINT('Origin',(-8.24999999999998,-8.24999999999998,1.20050111103057));
#3707=CARTESIAN_POINT('Origin',(-8.24999999999998,-8.24999999999998,1.20050111103057));
#3708=CARTESIAN_POINT('',(-10.5,-8.24999999999998,2.10050111103057));
#3709=CARTESIAN_POINT('Origin',(-8.24999999999998,-8.24999999999998,2.10050111103057));
#3710=CARTESIAN_POINT('',(-10.5,-8.24999999999998,1.20050111103057));
#3711=CARTESIAN_POINT('Origin',(-8.24999999999998,-8.24999999999998,1.20050111103057));
#3712=CARTESIAN_POINT('Origin',(-8.24999999999994,8.24999999999994,1.55050111103057));
#3713=CARTESIAN_POINT('',(-10.4999999999999,8.24999999999994,1.55050111103057));
#3714=CARTESIAN_POINT('Origin',(-8.24999999999994,8.24999999999994,1.55050111103057));
#3715=CARTESIAN_POINT('',(-10.1499999999999,8.24999999999994,1.20050111103057));
#3716=CARTESIAN_POINT('Origin',(-10.1499999999999,8.24999999999994,1.55050111103057));
#3717=CARTESIAN_POINT('Origin',(-8.24999999999994,8.24999999999994,1.20050111103057));
#3718=CARTESIAN_POINT('Origin',(-8.24999999999994,8.24999999999994,1.20050111103057));
#3719=CARTESIAN_POINT('',(-10.4999999999999,8.24999999999994,2.10050111103057));
#3720=CARTESIAN_POINT('Origin',(-8.24999999999994,8.24999999999994,2.10050111103057));
#3721=CARTESIAN_POINT('',(-10.4999999999999,8.24999999999994,1.20050111103057));
#3722=CARTESIAN_POINT('Origin',(-8.24999999999994,8.24999999999994,1.20050111103057));
#3723=CARTESIAN_POINT('Origin',(1.56156860479809E-14,-2.66511288474843E-14,
1.55050111103057));
#3724=CARTESIAN_POINT('',(-2.24999999999998,-2.61257831371354E-14,1.55050111103057));
#3725=CARTESIAN_POINT('Origin',(1.56156860479809E-14,-2.66511288474843E-14,
1.55050111103057));
#3726=CARTESIAN_POINT('',(-1.89999999999998,-2.6667093108163E-14,1.20050111103057));
#3727=CARTESIAN_POINT('Origin',(-1.89999999999998,-2.68838117393223E-14,
1.55050111103057));
#3728=CARTESIAN_POINT('Origin',(1.55431223447522E-14,-2.66453525910038E-14,
1.20050111103057));
#3729=CARTESIAN_POINT('Origin',(1.55431223447522E-14,-2.66453525910038E-14,
1.20050111103057));
#3730=CARTESIAN_POINT('',(-2.24999999999998,-2.66453525910038E-14,2.10050111103057));
#3731=CARTESIAN_POINT('Origin',(1.55431223447522E-14,-2.66453525910038E-14,
2.10050111103057));
#3732=CARTESIAN_POINT('',(-2.24999999999998,-2.66710979402713E-14,1.20050111103057));
#3733=CARTESIAN_POINT('Origin',(1.55431223447522E-14,-2.66453525910038E-14,
1.20050111103057));
#3734=CARTESIAN_POINT('Origin',(-8.24999999999994,8.24999999999994,3.45050100612636));
#3735=CARTESIAN_POINT('',(-10.6499999999999,8.24999999999994,3.80050100612636));
#3736=CARTESIAN_POINT('Origin',(-8.24999999999994,8.24999999999994,3.80050100612636));
#3737=CARTESIAN_POINT('',(-10.9999999999999,8.24999999999994,3.45050100612636));
#3738=CARTESIAN_POINT('Origin',(-10.6499999999999,8.24999999999994,3.45050100612636));
#3739=CARTESIAN_POINT('Origin',(-8.24999999999994,8.24999999999994,3.45050100612636));
#3740=CARTESIAN_POINT('Origin',(-8.24999999999994,8.24999999999994,3.60050111103057));
#3741=CARTESIAN_POINT('',(-5.49999999999994,8.24999999999994,2.30050111103057));
#3742=CARTESIAN_POINT('',(-10.9999999999999,8.24999999999994,2.30050111103057));
#3743=CARTESIAN_POINT('Origin',(-8.24999999999994,8.24999999999994,2.30050111103057));
#3744=CARTESIAN_POINT('Origin',(-8.24999999999994,8.24999999999994,2.30050111103057));
#3745=CARTESIAN_POINT('',(-10.9999999999999,8.24999999999994,3.60050111103057));
#3746=CARTESIAN_POINT('Origin',(-8.24999999999994,8.24999999999994,3.80050100612636));
#3747=CARTESIAN_POINT('Origin',(1.55120235930478E-14,-2.66428770507808E-14,
3.45050100612635));
#3748=CARTESIAN_POINT('',(-2.39999999999998,-2.60882845495559E-14,3.80050100612635));
#3749=CARTESIAN_POINT('Origin',(1.55845872962765E-14,-2.66486533072613E-14,
3.80050100612635));
#3750=CARTESIAN_POINT('',(-2.74999999999998,-2.66743435887744E-14,3.45050100612635));
#3751=CARTESIAN_POINT('Origin',(-2.39999999999998,-2.69367922825762E-14,
3.45050100612635));
#3752=CARTESIAN_POINT('Origin',(1.55120235930478E-14,-2.66428770507808E-14,
3.45050100612635));
#3753=CARTESIAN_POINT('Origin',(1.55431223447522E-14,-2.66453525910038E-14,
3.60050111103057));
#3754=CARTESIAN_POINT('',(2.75000000000001,-2.66453525910038E-14,2.30050111103057));
#3755=CARTESIAN_POINT('',(-2.74999999999998,-2.59818087225387E-14,2.30050111103057));
#3756=CARTESIAN_POINT('Origin',(1.55431223447522E-14,-2.66453525910038E-14,
2.30050111103057));
#3757=CARTESIAN_POINT('Origin',(1.55431223447522E-14,-2.66453525910038E-14,
2.30050111103057));
#3758=CARTESIAN_POINT('',(-2.74999999999998,-2.60032633894663E-14,3.60050111103057));
#3759=CARTESIAN_POINT('Origin',(1.55845872962765E-14,-2.66486533072613E-14,
3.80050100612635));
#3760=CARTESIAN_POINT('Origin',(-8.24999999999998,-8.24999999999998,3.45050100612636));
#3761=CARTESIAN_POINT('',(-10.65,-8.24999999999998,3.80050100612636));
#3762=CARTESIAN_POINT('Origin',(-8.24999999999998,-8.24999999999998,3.80050100612636));
#3763=CARTESIAN_POINT('',(-11.,-8.24999999999998,3.45050100612636));
#3764=CARTESIAN_POINT('Origin',(-10.65,-8.24999999999998,3.45050100612636));
#3765=CARTESIAN_POINT('Origin',(-8.24999999999998,-8.24999999999998,3.45050100612636));
#3766=CARTESIAN_POINT('Origin',(-8.24999999999998,-8.24999999999998,3.60050111103057));
#3767=CARTESIAN_POINT('',(-5.49999999999997,-8.24999999999998,2.30050111103057));
#3768=CARTESIAN_POINT('',(-11.,-8.24999999999997,2.30050111103057));
#3769=CARTESIAN_POINT('Origin',(-8.24999999999998,-8.24999999999998,2.30050111103057));
#3770=CARTESIAN_POINT('Origin',(-8.24999999999998,-8.24999999999998,2.30050111103057));
#3771=CARTESIAN_POINT('',(-11.,-8.24999999999997,3.60050111103057));
#3772=CARTESIAN_POINT('Origin',(-8.24999999999998,-8.24999999999998,3.80050100612636));
#3773=CARTESIAN_POINT('Origin',(-16.4999999999999,1.77660439342254E-14,
3.45050100612636));
#3774=CARTESIAN_POINT('',(-18.8999999999999,1.83206364354503E-14,3.80050100612636));
#3775=CARTESIAN_POINT('Origin',(-16.4999999999999,1.77602676777449E-14,
3.80050100612636));
#3776=CARTESIAN_POINT('',(-19.2499999999999,1.77345773962318E-14,3.45050100612636));
#3777=CARTESIAN_POINT('Origin',(-18.8999999999999,1.74721287024301E-14,
3.45050100612636));
#3778=CARTESIAN_POINT('Origin',(-16.4999999999999,1.77660439342254E-14,
3.45050100612636));
#3779=CARTESIAN_POINT('Origin',(-16.4999999999999,1.77635683940025E-14,
3.60050111103057));
#3780=CARTESIAN_POINT('',(-13.7499999999999,1.77635683940025E-14,2.30050111103057));
#3781=CARTESIAN_POINT('',(-19.2499999999999,1.84271122624675E-14,2.30050111103057));
#3782=CARTESIAN_POINT('Origin',(-16.4999999999999,1.77635683940025E-14,
2.30050111103057));
#3783=CARTESIAN_POINT('Origin',(-16.4999999999999,1.77635683940025E-14,
2.30050111103057));
#3784=CARTESIAN_POINT('',(-19.2499999999999,1.84056575955399E-14,3.60050111103057));
#3785=CARTESIAN_POINT('Origin',(-16.4999999999999,1.77602676777449E-14,
3.80050100612636));
#3786=CARTESIAN_POINT('Origin',(-8.24999999999998,-8.24999999999998,0.000501111030569712));
#3787=CARTESIAN_POINT('',(-11.65,-8.24999999999998,0.705099129846671));
#3788=CARTESIAN_POINT('',(-4.84999999999997,-8.24999999999998,0.705099129846669));
#3789=CARTESIAN_POINT('Origin',(-8.24999999999998,-8.24999999999998,0.70509912984667));
#3790=CARTESIAN_POINT('Origin',(-8.24999999999998,-8.24999999999998,0.70509912984667));
#3791=CARTESIAN_POINT('',(-11.65,-8.24999999999998,0.000501111030529667));
#3792=CARTESIAN_POINT('',(-11.65,-8.24999999999998,0.000501111030570417));
#3793=CARTESIAN_POINT('',(-11.1252714497623,-6.43538872201741,0.000501111030556888));
#3794=CARTESIAN_POINT('Origin',(-8.24999999999998,-8.24999999999998,0.000501111030569712));
#3795=CARTESIAN_POINT('',(-11.1228815209541,-6.43160736732677,0.250500548362743));
#3796=CARTESIAN_POINT('Origin',(-8.24999999999997,-8.24999999999998,42.9679723340858));
#3797=CARTESIAN_POINT('',(-10.0683926326731,-5.3771184790458,0.250500548362743));
#3798=CARTESIAN_POINT('Origin',(-8.24999999999998,-8.24999999999998,0.250500548362745));
#3799=CARTESIAN_POINT('Origin',(-8.24999999999997,-8.24999999999998,42.9679723340876));
#3800=CARTESIAN_POINT('',(-6.4316073673268,-5.37711847904581,0.250500548362745));
#3801=CARTESIAN_POINT('Origin',(-8.24999999999997,-8.24999999999998,42.9679723341031));
#3802=CARTESIAN_POINT('',(-5.37711847904581,-6.43160736732679,0.250500548362746));
#3803=CARTESIAN_POINT('Origin',(-8.24999999999998,-8.24999999999998,0.250500548362745));
#3804=CARTESIAN_POINT('',(-5.37472855023761,-6.43538872201743,0.000501111030543423));
#3805=CARTESIAN_POINT('Origin',(-8.24999999999997,-8.24999999999998,42.9679723340862));
#3806=CARTESIAN_POINT('Origin',(-8.24999999999998,-8.24999999999998,0.000501111030569712));
#3807=CARTESIAN_POINT('Origin',(-16.4999999999999,1.77635683940025E-14,
0.000501111030567492));
#3808=CARTESIAN_POINT('',(-19.8999999999999,1.77635683940025E-14,0.705099129846669));
#3809=CARTESIAN_POINT('',(-13.0999999999999,1.78038844914931E-14,0.705099129846667));
#3810=CARTESIAN_POINT('Origin',(-16.4999999999999,1.77635683940025E-14,
0.705099129846668));
#3811=CARTESIAN_POINT('Origin',(-16.4999999999999,1.77635683940025E-14,
0.705099129846668));
#3812=CARTESIAN_POINT('',(-19.8999999999999,1.7724664310665E-14,0.000501111030521133));
#3813=CARTESIAN_POINT('',(-19.8999999999999,1.7724664310665E-14,0.000501111030568196));
#3814=CARTESIAN_POINT('',(-14.6853887220174,2.87527144976239,0.000501111030565553));
#3815=CARTESIAN_POINT('Origin',(-16.4999999999999,1.77635683940025E-14,
0.000501111030567492));
#3816=CARTESIAN_POINT('',(-14.6816073673268,2.87288152095419,0.250500548362743));
#3817=CARTESIAN_POINT('Origin',(-16.4999999999999,1.7054450867994E-14,42.9679723340579));
#3818=CARTESIAN_POINT('',(-13.6271184790458,1.8183926326732,0.250500548362743));
#3819=CARTESIAN_POINT('Origin',(-16.4999999999999,1.77594425058025E-14,
0.250500548362747));
#3820=CARTESIAN_POINT('Origin',(-16.4999999999999,1.70544508679936E-14,
42.9679723340859));
#3821=CARTESIAN_POINT('',(-13.6271184790458,-1.81839263267316,0.250500548362742));
#3822=CARTESIAN_POINT('Origin',(-16.4999999999999,1.70544508679935E-14,
42.9679723340876));
#3823=CARTESIAN_POINT('',(-14.6816073673267,-2.87288152095414,0.250500548362742));
#3824=CARTESIAN_POINT('Origin',(-16.4999999999999,1.77594425058025E-14,
0.250500548362747));
#3825=CARTESIAN_POINT('',(-14.6853887220174,-2.87527144976234,0.000501111030565359));
#3826=CARTESIAN_POINT('Origin',(-16.4999999999999,1.70544508679936E-14,
42.9679723340863));
#3827=CARTESIAN_POINT('Origin',(-16.4999999999999,1.77635683940025E-14,
0.000501111030567492));
#3828=CARTESIAN_POINT('Origin',(1.55431223447522E-14,-2.66453525910038E-14,
0.000501111030566381));
#3829=CARTESIAN_POINT('',(-3.39999999999999,-2.66453525910038E-14,0.705099129846667));
#3830=CARTESIAN_POINT('',(3.40000000000002,-2.66050364935132E-14,0.705099129846666));
#3831=CARTESIAN_POINT('Origin',(1.55431223447522E-14,-2.66453525910038E-14,
0.705099129846667));
#3832=CARTESIAN_POINT('Origin',(1.55431223447522E-14,-2.66453525910038E-14,
0.705099129846667));
#3833=CARTESIAN_POINT('',(-3.39999999999998,-2.66842566743413E-14,0.000501111030567086));
#3834=CARTESIAN_POINT('',(-2.87288152095413,1.81839263267317,0.250500548362748));
#3835=CARTESIAN_POINT('Origin',(2.44513475742277E-14,-2.73544701170127E-14,
42.9679723340854));
#3836=CARTESIAN_POINT('',(-1.81839263267314,2.87288152095415,0.250500548362749));
#3837=CARTESIAN_POINT('Origin',(1.55949534446891E-14,-2.66494784792038E-14,
0.250500548362744));
#3838=CARTESIAN_POINT('',(-1.8146112779825,2.87527144976235,0.000501111030535359));
#3839=CARTESIAN_POINT('Origin',(2.44513475742283E-14,-2.73544701170127E-14,
42.9679723340883));
#3840=CARTESIAN_POINT('',(-1.81461127798255,-2.87527144976238,0.000501111030535193));
#3841=CARTESIAN_POINT('Origin',(1.55431223447522E-14,-2.66453525910038E-14,
0.000501111030566381));
#3842=CARTESIAN_POINT('',(-1.81839263267319,-2.87288152095417,0.250500548362747));
#3843=CARTESIAN_POINT('Origin',(2.44513475742277E-14,-2.73544701170127E-14,
42.9679723340854));
#3844=CARTESIAN_POINT('',(-2.87288152095416,-1.81839263267318,0.250500548362748));
#3845=CARTESIAN_POINT('Origin',(1.55949534446891E-14,-2.66494784792038E-14,
0.250500548362744));
#3846=CARTESIAN_POINT('Origin',(2.44513475742315E-14,-2.7354470117013E-14,
42.9679723341039));
#3847=CARTESIAN_POINT('Origin',(1.55431223447522E-14,-2.66453525910038E-14,
2.10050111103057));
#3848=CARTESIAN_POINT('',(2.52141356740275,-2.66453525910038E-14,2.10050111103057));
#3849=CARTESIAN_POINT('Origin',(1.55431223447522E-14,-2.66453525910038E-14,
2.10050111103057));
#3850=CARTESIAN_POINT('Origin',(1.55431223447522E-14,-2.66453525910038E-14,
0.790657130124724));
#3851=CARTESIAN_POINT('',(3.34613014797309,-2.66070649068464E-14,0.790657130124724));
#3852=CARTESIAN_POINT('Origin',(1.55431223447522E-14,-2.66453525910038E-14,
0.950501111030566));
#3853=CARTESIAN_POINT('',(3.56851866945957,-2.66453525910038E-14,1.00050087130068));
#3854=CARTESIAN_POINT('',(3.60000000000002,-2.66041600321758E-14,0.950501111030565));
#3855=CARTESIAN_POINT('Origin',(1.55431223447522E-14,-2.66453525910038E-14,
1.00050087130069));
#3856=CARTESIAN_POINT('Origin',(-1.0606601717798,8.88178419700125E-15,0.000501111030576373));
#3857=CARTESIAN_POINT('',(-2.85490948708543,-1.80042059880445,0.250500548362748));
#3858=CARTESIAN_POINT('Origin',(-16.4999999999999,3.55271198320176E-14,
0.000501111030569712));
#3859=CARTESIAN_POINT('',(5.85866273807271,6.07618824472585,0.000501111030561654));
#3860=CARTESIAN_POINT('',(5.71245044016391,6.42949411182698,0.000501111030517942));
#3861=CARTESIAN_POINT('Ctrl Pts',(5.85866273807271,6.07618824472585,0.000501111030517409));
#3862=CARTESIAN_POINT('Ctrl Pts',(5.85866273686902,6.10221959534043,0.000501111030517407));
#3863=CARTESIAN_POINT('Ctrl Pts',(5.85653669098381,6.12812062738568,0.000503279137826887));
#3864=CARTESIAN_POINT('Ctrl Pts',(5.85242462457586,6.15368510800279,0.000505516142587767));
#3865=CARTESIAN_POINT('Ctrl Pts',(5.84821836679844,6.17983517095252,0.000507804388384427));
#3866=CARTESIAN_POINT('Ctrl Pts',(5.84193373286967,6.20563435383471,0.000510148378304103));
#3867=CARTESIAN_POINT('Ctrl Pts',(5.83366725029395,6.23085622724287,0.000511331838680472));
#3868=CARTESIAN_POINT('Ctrl Pts',(5.82980059149565,6.24265379384148,0.000511885403928425));
#3869=CARTESIAN_POINT('Ctrl Pts',(5.82549960300225,6.25432485052976,0.000512201077125081));
#3870=CARTESIAN_POINT('Ctrl Pts',(5.82077060615592,6.26584457779749,0.0005122452212119));
#3871=CARTESIAN_POINT('Ctrl Pts',(5.81066511673978,6.29046131698419,0.000512339553607676));
#3872=CARTESIAN_POINT('Ctrl Pts',(5.79868710425322,6.31419633791024,0.000511092565931393));
#3873=CARTESIAN_POINT('Ctrl Pts',(5.78495141998819,6.33683111061231,0.000509082877555509));
#3874=CARTESIAN_POINT('Ctrl Pts',(5.77145925156482,6.35906459819316,0.00050710881834428));
#3875=CARTESIAN_POINT('Ctrl Pts',(5.75627054005654,6.38023763603778,0.000504390291208304));
#3876=CARTESIAN_POINT('Ctrl Pts',(5.73945089038237,6.4001200343781,0.000502633360166927));
#3877=CARTESIAN_POINT('Ctrl Pts',(5.73087381697765,6.41025893699084,0.000501737424353706));
#3878=CARTESIAN_POINT('Ctrl Pts',(5.72187199041335,6.42006174199214,0.000501111030518013));
#3879=CARTESIAN_POINT('Ctrl Pts',(5.71245044016391,6.42949411182698,0.000501111030518007));
#3880=CARTESIAN_POINT('',(5.85866292766897,1.97590581113979,0.000501111030574147));
#3881=CARTESIAN_POINT('',(5.85866295078544,1.47598196356088,0.000501111030574153));
#3882=CARTESIAN_POINT('',(6.35858679836435,1.47598198667735,0.000501111030574131));
#3883=CARTESIAN_POINT('Origin',(6.3587390916846,1.97605815070706,0.000501111030516163));
#3884=CARTESIAN_POINT('',(6.71164429170018,1.47598200300272,0.000501111030574077));
#3885=CARTESIAN_POINT('',(6.21156813927766,1.47598197987921,0.000501111030574153));
#3886=CARTESIAN_POINT('',(7.21156816239413,0.976058178541709,0.000501111030573051));
#3887=CARTESIAN_POINT('Origin',(6.71149199837993,0.975905838974437,0.000501111030515302));
#3888=CARTESIAN_POINT('',(7.21156842193596,-4.63687303162315,0.000501111030573043));
#3889=CARTESIAN_POINT('',(7.21156812877854,1.70303905517271,0.000501111030573043));
#3890=CARTESIAN_POINT('',(4.01187303162318,-7.83656842193594,0.000501111030574153));
#3891=CARTESIAN_POINT('Ctrl Pts',(7.21156842193596,-4.63687303162315,0.000501111030573667));
#3892=CARTESIAN_POINT('Ctrl Pts',(7.21156842193597,-5.35488045598413,0.000501111030573675));
#3893=CARTESIAN_POINT('Ctrl Pts',(6.62892797064482,-7.03610214087937,0.000501111030573782));
#3894=CARTESIAN_POINT('Ctrl Pts',(4.96921626410449,-7.83656842193594,0.000501111030574043));
#3895=CARTESIAN_POINT('Ctrl Pts',(4.01187303162318,-7.83656842193594,0.000501111030574189));
#3896=CARTESIAN_POINT('',(0.0864922695148729,-7.83656842193594,0.000501111030574749));
#3897=CARTESIAN_POINT('',(4.01187303162318,-7.83656842193594,0.000501111030574153));
#3898=CARTESIAN_POINT('',(-0.413431578064034,-8.33649226951485,0.000501111030575143));
#3899=CARTESIAN_POINT('Origin',(0.0866445859586309,-8.33664458595861,0.000501111030530525));
#3900=CARTESIAN_POINT('',(-0.413431578064036,-12.2618730316232,0.000501111030574153));
#3901=CARTESIAN_POINT('',(-0.413431578064034,-7.83656842193594,0.000501111030575263));
#3902=CARTESIAN_POINT('',(-3.61312696837682,-15.4615684219359,0.000501111030574153));
#3903=CARTESIAN_POINT('Ctrl Pts',(-0.413431578064038,-12.2618730316232,
0.000501111030573654));
#3904=CARTESIAN_POINT('Ctrl Pts',(-0.413431578064041,-12.9798804559841,
0.000501111030573662));
#3905=CARTESIAN_POINT('Ctrl Pts',(-0.996332334751406,-14.6607560410671,
0.000501111030573769));
#3906=CARTESIAN_POINT('Ctrl Pts',(-2.65578373589552,-15.4615684219359,0.00050111103057403));
#3907=CARTESIAN_POINT('Ctrl Pts',(-3.61312696837682,-15.4615684219359,0.000501111030574176));
#3908=CARTESIAN_POINT('',(-12.8868730316231,-15.4615684219359,0.000501111030576373));
#3909=CARTESIAN_POINT('',(-3.61312696837682,-15.4615684219359,0.000501111030574153));
#3910=CARTESIAN_POINT('',(-16.0865684219359,-12.2618730316231,0.000501111030576373));
#3911=CARTESIAN_POINT('Ctrl Pts',(-12.8868730316231,-15.4615684219359,0.000501111030576443));
#3912=CARTESIAN_POINT('Ctrl Pts',(-13.8442162641044,-15.4615684219359,0.000501111030576589));
#3913=CARTESIAN_POINT('Ctrl Pts',(-15.5033116328598,-14.6602826634702,0.000501111030576832));
#3914=CARTESIAN_POINT('Ctrl Pts',(-16.0865684219359,-12.9798804559841,0.000501111030576901));
#3915=CARTESIAN_POINT('Ctrl Pts',(-16.0865684219359,-12.2618730316231,0.000501111030576893));
#3916=CARTESIAN_POINT('',(-16.0865684219359,-8.33649226951485,0.000501111030576329));
#3917=CARTESIAN_POINT('',(-16.0865684219359,-12.2618730316231,0.000501111030576373));
#3918=CARTESIAN_POINT('',(-16.5864922695148,-7.83656842193594,0.000501111030576449));
#3919=CARTESIAN_POINT('Origin',(-16.5866445859586,-8.3366445859586,0.000501111030569634));
#3920=CARTESIAN_POINT('',(-20.5118730316231,-7.83656842193594,0.000501111030577484));
#3921=CARTESIAN_POINT('',(-16.0865684219359,-7.83656842193594,0.000501111030576373));
#3922=CARTESIAN_POINT('',(-23.7115684219359,-4.63687303162315,0.000501111030577484));
#3923=CARTESIAN_POINT('Ctrl Pts',(-20.5118730316231,-7.83656842193593,0.000501111030577481));
#3924=CARTESIAN_POINT('Ctrl Pts',(-21.2298804559841,-7.83656842193593,0.00050111103057759));
#3925=CARTESIAN_POINT('Ctrl Pts',(-22.9102826634702,-7.25331163285989,0.000501111030577839));
#3926=CARTESIAN_POINT('Ctrl Pts',(-23.7115684219359,-5.59421626410446,0.000501111030577942));
#3927=CARTESIAN_POINT('Ctrl Pts',(-23.7115684219359,-4.63687303162315,0.000501111030577931));
#3928=CARTESIAN_POINT('',(-23.7115684219359,4.63687303162314,0.000501111030577484));
#3929=CARTESIAN_POINT('',(-23.7115684219359,-4.63687303162315,0.000501111030577484));
#3930=CARTESIAN_POINT('',(-23.5450570095779,5.65568792858639,0.000501111030577916));
#3931=CARTESIAN_POINT('Ctrl Pts',(-23.7115684219359,4.63687303162314,0.000501111030577931));
#3932=CARTESIAN_POINT('Ctrl Pts',(-23.7115684219359,4.98249164650427,0.000501111030577927));
#3933=CARTESIAN_POINT('Ctrl Pts',(-23.6550750601393,5.32804613762161,0.000501111030577915));
#3934=CARTESIAN_POINT('Ctrl Pts',(-23.5450563711962,5.65568780233208,0.000501111030577894));
#3935=CARTESIAN_POINT('',(-23.2032011720086,5.97869100210245,0.00050111103057717));
#3936=CARTESIAN_POINT('Ctrl Pts',(-23.2032011720086,5.97869100210245,0.000501111030585491));
#3937=CARTESIAN_POINT('Ctrl Pts',(-23.2281424277586,5.97186019941454,0.000501111030585549));
#3938=CARTESIAN_POINT('Ctrl Pts',(-23.2523649331649,5.96300003381936,0.000504116945031453));
#3939=CARTESIAN_POINT('Ctrl Pts',(-23.2757314432999,5.95231762407158,0.000507680537754396));
#3940=CARTESIAN_POINT('Ctrl Pts',(-23.2998465141181,5.94129299668442,0.000511358292386321));
#3941=CARTESIAN_POINT('Ctrl Pts',(-23.3230509369826,5.92832683573631,0.000515625058224741));
#3942=CARTESIAN_POINT('Ctrl Pts',(-23.3451735559266,5.91359585190719,0.000518797985244359));
#3943=CARTESIAN_POINT('Ctrl Pts',(-23.3555797421115,5.90666659272677,0.000520290487981076));
#3944=CARTESIAN_POINT('Ctrl Pts',(-23.3657461765236,5.89934618781546,0.000521555643355868));
#3945=CARTESIAN_POINT('Ctrl Pts',(-23.3756524919478,5.89164998033156,0.000522496820679126));
#3946=CARTESIAN_POINT('Ctrl Pts',(-23.3967022950577,5.875296407354,0.0005244967163515));
#3947=CARTESIAN_POINT('Ctrl Pts',(-23.4164361742246,5.85736028697784,0.000524948717236715));
#3948=CARTESIAN_POINT('Ctrl Pts',(-23.4346866957956,5.83802484909047,0.000523731543162544));
#3949=CARTESIAN_POINT('Ctrl Pts',(-23.4501310153507,5.82166243006002,0.000522701521895345));
#3950=CARTESIAN_POINT('Ctrl Pts',(-23.4645130030863,5.8042967803979,0.000520493590303392));
#3951=CARTESIAN_POINT('Ctrl Pts',(-23.4777099230626,5.78601898747281,0.000517610075357229));
#3952=CARTESIAN_POINT('Ctrl Pts',(-23.4930892309022,5.76471857764011,0.000514249710658729));
#3953=CARTESIAN_POINT('Ctrl Pts',(-23.5067704911442,5.74230384783723,0.000509975104510603));
#3954=CARTESIAN_POINT('Ctrl Pts',(-23.5185789930358,5.71893283654088,0.000506514217909006));
#3955=CARTESIAN_POINT('Ctrl Pts',(-23.5288779380262,5.69854949224207,0.000503495758746716));
#3956=CARTESIAN_POINT('Ctrl Pts',(-23.5377522228606,5.67743781182938,0.000501111030586411));
#3957=CARTESIAN_POINT('Ctrl Pts',(-23.5450570095779,5.65568792858639,0.000501111030586428));
#3958=CARTESIAN_POINT('',(-18.8549263080592,7.77174643387752,0.000501111030577368));
#3959=CARTESIAN_POINT('Origin',(-28.2340376004034,24.3477442056389,0.000501111030578594));
#3960=CARTESIAN_POINT('',(-18.6087348678741,7.83656842193664,0.000501111030564687));
#3961=CARTESIAN_POINT('Ctrl Pts',(-18.6087348678741,7.83656842193664,0.000501111030574728));
#3962=CARTESIAN_POINT('Ctrl Pts',(-18.635155155113,7.83656842193664,0.000501111030574771));
#3963=CARTESIAN_POINT('Ctrl Pts',(-18.6614987289664,7.83443351374396,0.000501860395209578));
#3964=CARTESIAN_POINT('Ctrl Pts',(-18.6875311141563,7.83025297110078,0.000502302658924241));
#3965=CARTESIAN_POINT('Ctrl Pts',(-18.7038299511046,7.82763553968221,0.0005025795595663));
#3966=CARTESIAN_POINT('Ctrl Pts',(-18.7200069187369,7.82421512970854,0.000502754589697609));
#3967=CARTESIAN_POINT('Ctrl Pts',(-18.7360028345936,7.82000341886218,0.000502754589741007));
#3968=CARTESIAN_POINT('Ctrl Pts',(-18.7615513792188,7.81327650910159,0.000502754589810324));
#3969=CARTESIAN_POINT('Ctrl Pts',(-18.786508490293,7.80456779692309,0.000502260810331075));
#3970=CARTESIAN_POINT('Ctrl Pts',(-18.8106384072863,7.79394527522915,0.000501745775471047));
#3971=CARTESIAN_POINT('Ctrl Pts',(-18.8257461315045,7.78729452179733,0.00050142331250401));
#3972=CARTESIAN_POINT('Ctrl Pts',(-18.840529455775,7.77989253052236,0.000501111030575429));
#3973=CARTESIAN_POINT('Ctrl Pts',(-18.8549263080592,7.77174643387752,0.00050111103057547));
#3974=CARTESIAN_POINT('',(-16.5864922695148,7.83656842193592,0.000501111030576888));
#3975=CARTESIAN_POINT('',(-20.5118730316231,7.83656842193592,0.000501111030577484));
#3976=CARTESIAN_POINT('',(-16.0865684219359,8.33649226951483,0.000501111030576368));
#3977=CARTESIAN_POINT('Origin',(-16.5866445859586,8.33664458595859,0.000501111030570197));
#3978=CARTESIAN_POINT('',(-16.0865684219366,9.44581771934407,0.000501111030563912));
#3979=CARTESIAN_POINT('',(-16.0865684219359,7.83656842193592,0.000501111030576373));
#3980=CARTESIAN_POINT('',(-15.9101336105158,9.82697214587396,0.000501111030576821));
#3981=CARTESIAN_POINT('Ctrl Pts',(-15.9101336105158,9.82697214587396,0.000501111030568649));
#3982=CARTESIAN_POINT('Ctrl Pts',(-15.9299247915423,9.81017520051787,0.000501111030568686));
#3983=CARTESIAN_POINT('Ctrl Pts',(-15.9482278445926,9.79184171620286,0.000503412878119518));
#3984=CARTESIAN_POINT('Ctrl Pts',(-15.9649888035536,9.77221478342138,0.000505926302113855));
#3985=CARTESIAN_POINT('Ctrl Pts',(-15.9822017209705,9.75205861133722,0.000508507500465852));
#3986=CARTESIAN_POINT('Ctrl Pts',(-15.9977889851609,9.73053722881477,0.000511307760057886));
#3987=CARTESIAN_POINT('Ctrl Pts',(-16.011652862825,9.70787662530742,0.000513050176234024));
#3988=CARTESIAN_POINT('Ctrl Pts',(-16.0181455314585,9.69726431371793,0.000513866176715818));
#3989=CARTESIAN_POINT('Ctrl Pts',(-16.0242596075556,9.68640172613213,0.000514464417027431));
#3990=CARTESIAN_POINT('Ctrl Pts',(-16.0299814910003,9.67531041648114,0.000514789310440814));
#3991=CARTESIAN_POINT('Ctrl Pts',(-16.0421660763207,9.65169179333643,0.000515481161568805));
#3992=CARTESIAN_POINT('Ctrl Pts',(-16.0524992386238,9.62718484553467,0.00051486244565976));
#3993=CARTESIAN_POINT('Ctrl Pts',(-16.0608836733831,9.60201608294171,0.000513168106730855));
#3994=CARTESIAN_POINT('Ctrl Pts',(-16.0650646919055,9.58946531886435,0.000512323200347984));
#3995=CARTESIAN_POINT('Ctrl Pts',(-16.0687604160749,9.57674959709083,0.000511226373498631));
#3996=CARTESIAN_POINT('Ctrl Pts',(-16.0719541624169,9.56389548770311,0.000509999620062695));
#3997=CARTESIAN_POINT('Ctrl Pts',(-16.0782869747076,9.53840734518914,0.000507567116537072));
#3998=CARTESIAN_POINT('Ctrl Pts',(-16.0826193363211,9.51249572406909,0.000504578481389429));
#3999=CARTESIAN_POINT('Ctrl Pts',(-16.0848402043482,9.48637237489158,0.000502716394881995));
#4000=CARTESIAN_POINT('Ctrl Pts',(-16.0859854549395,9.47290116420944,0.000501756159673272));
#4001=CARTESIAN_POINT('Ctrl Pts',(-16.0865684219366,9.45937343324692,0.000501111030568849));
#4002=CARTESIAN_POINT('Ctrl Pts',(-16.0865684219366,9.44581771934407,0.000501111030568844));
#4003=CARTESIAN_POINT('',(-15.2455588714097,10.4182484836073,0.000501111030576826));
#4004=CARTESIAN_POINT('Origin',(-28.2340376004034,24.3477442056389,0.000501111030578594));
#4005=CARTESIAN_POINT('',(-15.0865684219366,10.7838825512678,0.000501111030563787));
#4006=CARTESIAN_POINT('Ctrl Pts',(-15.0865684219366,10.7838825512678,0.000501111030566842));
#4007=CARTESIAN_POINT('Ctrl Pts',(-15.0865684217529,10.7578849440404,0.000501111034562238));
#4008=CARTESIAN_POINT('Ctrl Pts',(-15.0886978995658,10.7320217434795,0.000499070532376827));
#4009=CARTESIAN_POINT('Ctrl Pts',(-15.0928121811225,10.7064958483174,0.000496934466900817));
#4010=CARTESIAN_POINT('Ctrl Pts',(-15.0970283207853,10.6803380033724,0.000494745518416968));
#4011=CARTESIAN_POINT('Ctrl Pts',(-15.1033290915815,10.6545331150359,0.000492459918778794));
#4012=CARTESIAN_POINT('Ctrl Pts',(-15.1116123852562,10.6293052391979,0.00049119208958475));
#4013=CARTESIAN_POINT('Ctrl Pts',(-15.1154869032026,10.6175048779499,0.000490599061357308));
#4014=CARTESIAN_POINT('Ctrl Pts',(-15.1197958994211,10.6058309607782,0.000490214628275239));
#4015=CARTESIAN_POINT('Ctrl Pts',(-15.1245324813236,10.5943080575093,0.000490078301813));
#4016=CARTESIAN_POINT('Ctrl Pts',(-15.1346240169408,10.5697579090804,0.000489787851150983));
#4017=CARTESIAN_POINT('Ctrl Pts',(-15.1465928506403,10.5460391264865,0.000490690445822205));
#4018=CARTESIAN_POINT('Ctrl Pts',(-15.1603388279616,10.5233767123827,0.000492409030011989));
#4019=CARTESIAN_POINT('Ctrl Pts',(-15.1651995882966,10.5153629814565,0.00049301674423025));
#4020=CARTESIAN_POINT('Ctrl Pts',(-15.1702829958755,10.5074815411455,0.00049371748677731));
#4021=CARTESIAN_POINT('Ctrl Pts',(-15.1755859603286,10.4997431590655,0.000494465013846062));
#4022=CARTESIAN_POINT('Ctrl Pts',(-15.1904307492977,10.4780808134179,0.000496557594643565));
#4023=CARTESIAN_POINT('Ctrl Pts',(-15.2069300509726,10.4576293148029,0.000499074967264429));
#4024=CARTESIAN_POINT('Ctrl Pts',(-15.2250015095834,10.4386147652003,0.000500350508375618));
#4025=CARTESIAN_POINT('Ctrl Pts',(-15.2316421970735,10.4316275217024,0.000500819229251038));
#4026=CARTESIAN_POINT('Ctrl Pts',(-15.2384955762097,10.4248346127748,0.000501111032051316));
#4027=CARTESIAN_POINT('Ctrl Pts',(-15.2455588714097,10.4182484836073,0.000501111030567145));
#4028=CARTESIAN_POINT('',(-15.0865684219366,10.7886914001327,0.000501111030563798));
#4029=CARTESIAN_POINT('',(-15.0865684219359,6.83656842193592,0.000501111030576373));
#4030=CARTESIAN_POINT('',(-14.9708796381006,11.1085152097036,0.000501111030576814));
#4031=CARTESIAN_POINT('Ctrl Pts',(-14.9708796381006,11.1085152097036,0.000501111030566562));
#4032=CARTESIAN_POINT('Ctrl Pts',(-14.987571834024,11.0884612713392,0.000501111030566593));
#4033=CARTESIAN_POINT('Ctrl Pts',(-15.0025667380516,11.0671385041975,0.000502532465179398));
#4034=CARTESIAN_POINT('Ctrl Pts',(-15.0158219072858,11.0447906165888,0.000503812191953509));
#4035=CARTESIAN_POINT('Ctrl Pts',(-15.0293176072586,11.0220372001018,0.000505115140885007));
#4036=CARTESIAN_POINT('Ctrl Pts',(-15.0410104488457,10.9982199293767,0.000506268449548686));
#4037=CARTESIAN_POINT('Ctrl Pts',(-15.0508109330817,10.9735679924733,0.000506579596793154));
#4038=CARTESIAN_POINT('Ctrl Pts',(-15.0527757774787,10.9686256632032,0.000506641976967972));
#4039=CARTESIAN_POINT('Ctrl Pts',(-15.0546644022176,10.9636497305859,0.000506673615236304));
#4040=CARTESIAN_POINT('Ctrl Pts',(-15.0564758413866,10.9586419760681,0.000506673615397564));
#4041=CARTESIAN_POINT('Ctrl Pts',(-15.0655087489412,10.9336703488723,0.00050667361620172));
#4042=CARTESIAN_POINT('Ctrl Pts',(-15.0725640659435,10.9080808264159,0.000505809515372076));
#4043=CARTESIAN_POINT('Ctrl Pts',(-15.0775737627248,10.8821103993064,0.000504579424297333));
#4044=CARTESIAN_POINT('Ctrl Pts',(-15.0825033977549,10.8565550148566,0.000503368991746843));
#4045=CARTESIAN_POINT('Ctrl Pts',(-15.0854525837995,10.8306295399766,0.000501806736230141));
#4046=CARTESIAN_POINT('Ctrl Pts',(-15.0863080270166,10.8045493527046,0.000501279243130061));
#4047=CARTESIAN_POINT('Ctrl Pts',(-15.0864812216893,10.7992691080206,0.000501172445866356));
#4048=CARTESIAN_POINT('Ctrl Pts',(-15.0865684219366,10.793982522215,0.000501111030566865));
#4049=CARTESIAN_POINT('Ctrl Pts',(-15.0865684219366,10.7886914001327,0.000501111030566864));
#4050=CARTESIAN_POINT('',(-12.5529390827653,15.1490897200901,0.00050111103057632));
#4051=CARTESIAN_POINT('Origin',(-26.6988300458658,20.8704503681975,0.000501111030578594));
#4052=CARTESIAN_POINT('',(-12.0894866356696,15.4615684219366,0.000501111030562444));
#4053=CARTESIAN_POINT('Ctrl Pts',(-12.0894866356696,15.4615684219366,0.00050111103055972));
#4054=CARTESIAN_POINT('Ctrl Pts',(-12.1155732118513,15.4615684219366,0.000501111030559771));
#4055=CARTESIAN_POINT('Ctrl Pts',(-12.1415399627836,15.4594496181211,0.000502692398687506));
#4056=CARTESIAN_POINT('Ctrl Pts',(-12.1671720274005,15.4553430525575,0.000504150033144845));
#4057=CARTESIAN_POINT('Ctrl Pts',(-12.193301641013,15.4511567736503,0.000505635962028372));
#4058=CARTESIAN_POINT('Ctrl Pts',(-12.2190847409212,15.44490449672,0.000506983645736699));
#4059=CARTESIAN_POINT('Ctrl Pts',(-12.2442882068019,15.4366721421733,0.000507374920405254));
#4060=CARTESIAN_POINT('Ctrl Pts',(-12.2560642024181,15.4328256802815,0.000507557738467002));
#4061=CARTESIAN_POINT('Ctrl Pts',(-12.2677134588558,15.4285462328237,0.000507546561892802));
#4062=CARTESIAN_POINT('Ctrl Pts',(-12.2792105481804,15.4238390160122,0.000507339271934475));
#4063=CARTESIAN_POINT('Ctrl Pts',(-12.3037911756055,15.4137750476994,0.000506896088699956));
#4064=CARTESIAN_POINT('Ctrl Pts',(-12.327487657414,15.401836594127,0.000505480446970658));
#4065=CARTESIAN_POINT('Ctrl Pts',(-12.3500749365946,15.3881272002525,0.000503885586369796));
#4066=CARTESIAN_POINT('Ctrl Pts',(-12.3685125354786,15.3769364630602,0.000502583729700859));
#4067=CARTESIAN_POINT('Ctrl Pts',(-12.3862112596977,15.3645646102428,0.000501179373798574));
#4068=CARTESIAN_POINT('Ctrl Pts',(-12.4030369088173,15.351045045732,0.000500642700643637));
#4069=CARTESIAN_POINT('Ctrl Pts',(-12.41610770717,15.3405425385015,0.000500225792710915));
#4070=CARTESIAN_POINT('Ctrl Pts',(-12.428651417219,15.3293468992339,0.000500343939478673));
#4071=CARTESIAN_POINT('Ctrl Pts',(-12.4406266440945,15.3175087122548,0.000500589100498438));
#4072=CARTESIAN_POINT('Ctrl Pts',(-12.4594143694654,15.2989359863962,0.00050097372936264));
#4073=CARTESIAN_POINT('Ctrl Pts',(-12.476694659436,15.2788924041553,0.00050161889099239));
#4074=CARTESIAN_POINT('Ctrl Pts',(-12.4923281225338,15.2575970972024,0.00050182727877873));
#4075=CARTESIAN_POINT('Ctrl Pts',(-12.4968014978931,15.2515036359651,0.000501886907076232));
#4076=CARTESIAN_POINT('Ctrl Pts',(-12.501139792799,15.2453074689217,0.000501917459716282));
#4077=CARTESIAN_POINT('Ctrl Pts',(-12.5053391118637,15.2390132645465,0.000501918133949283));
#4078=CARTESIAN_POINT('Ctrl Pts',(-12.5199931798823,15.2170488227845,0.000501920486772664));
#4079=CARTESIAN_POINT('Ctrl Pts',(-12.5328991270055,15.1939811988603,0.000501485413065811));
#4080=CARTESIAN_POINT('Ctrl Pts',(-12.5439053756133,15.1700180677692,0.000501234255053827));
#4081=CARTESIAN_POINT('Ctrl Pts',(-12.5470760008186,15.1631148884804,0.000501161902706384));
#4082=CARTESIAN_POINT('Ctrl Pts',(-12.5500886900969,15.1561372296547,0.000501111030560858));
#4083=CARTESIAN_POINT('Ctrl Pts',(-12.5529390827653,15.1490897200901,0.000501111030560873));
#4084=CARTESIAN_POINT('',(-3.61312696837683,15.4615684219359,0.000501111030574153));
#4085=CARTESIAN_POINT('',(-12.3789504024837,15.4615684219359,0.000501111030575263));
#4086=CARTESIAN_POINT('',(-0.413431578064041,12.2618730316231,0.000501111030574153));
#4087=CARTESIAN_POINT('Ctrl Pts',(-3.61312696837683,15.4615684219359,0.000501111030574115));
#4088=CARTESIAN_POINT('Ctrl Pts',(-2.65578373589552,15.4615684219359,0.00050111103057397));
#4089=CARTESIAN_POINT('Ctrl Pts',(-0.996332334751408,14.660756041067,0.000501111030573727));
#4090=CARTESIAN_POINT('Ctrl Pts',(-0.413431578064044,12.9798804559841,0.000501111030573657));
#4091=CARTESIAN_POINT('Ctrl Pts',(-0.413431578064043,12.2618730316231,0.000501111030573665));
#4092=CARTESIAN_POINT('',(-0.413431578064039,8.33649226951484,0.000501111030575));
#4093=CARTESIAN_POINT('',(-0.413431578064041,12.2618730316231,0.000501111030574153));
#4094=CARTESIAN_POINT('',(0.0864922695148677,7.83656842193593,0.000501111030574094));
#4095=CARTESIAN_POINT('Origin',(0.0866445859586258,8.33664458595859,0.000501111030531088));
#4096=CARTESIAN_POINT('',(5.06631429467983,7.83656842193592,0.000501111030573504));
#4097=CARTESIAN_POINT('',(-0.413431578064041,7.83656842193593,0.000501111030574153));
#4098=CARTESIAN_POINT('',(5.56623814225731,7.33664457435844,0.000501111030574147));
#4099=CARTESIAN_POINT('Origin',(5.06616197823607,7.33649225791468,0.000501111030519376));
#4100=CARTESIAN_POINT('',(5.56623814225802,6.78280000204165,0.0005011110305617));
#4101=CARTESIAN_POINT('',(5.56623814225731,6.83656842193592,0.000501111030574153));
#4102=CARTESIAN_POINT('Ctrl Pts',(5.71245044016391,6.42949411182698,0.000501111030517843));
#4103=CARTESIAN_POINT('Ctrl Pts',(5.70875318996515,6.43319560789696,0.000501110953268718));
#4104=CARTESIAN_POINT('Ctrl Pts',(5.70511539569108,6.43695939661028,0.000501013522325416));
#4105=CARTESIAN_POINT('Ctrl Pts',(5.70153784789314,6.44078383411792,0.000500841126736672));
#4106=CARTESIAN_POINT('Ctrl Pts',(5.68371581001592,6.45983578645224,0.000499982314811141));
#4107=CARTESIAN_POINT('Ctrl Pts',(5.66752090590178,6.48024539699007,0.0004973770646272));
#4108=CARTESIAN_POINT('Ctrl Pts',(5.65300158509974,6.50176800780759,0.000495125302078349));
#4109=CARTESIAN_POINT('Ctrl Pts',(5.63819006511079,6.52372375798932,0.000492828223140747));
#4110=CARTESIAN_POINT('Ctrl Pts',(5.62512160188555,6.54683890984098,0.000490890174483821));
#4111=CARTESIAN_POINT('Ctrl Pts',(5.61389003027767,6.5708859927401,0.000490237261997073));
#4112=CARTESIAN_POINT('Ctrl Pts',(5.608673313539,6.58205511708492,0.000489934004392757));
#4113=CARTESIAN_POINT('Ctrl Pts',(5.60385352347379,6.59342562925188,0.000489890668951185));
#4114=CARTESIAN_POINT('Ctrl Pts',(5.59944370069875,6.60497594710529,0.000490115414827693));
#4115=CARTESIAN_POINT('Ctrl Pts',(5.58995467538223,6.62982983899983,0.000490599021407994));
#4116=CARTESIAN_POINT('Ctrl Pts',(5.58243176452415,6.65532897431347,0.000492374659895291));
#4117=CARTESIAN_POINT('Ctrl Pts',(5.57695354119659,6.68124017391303,0.000494595582918337));
#4118=CARTESIAN_POINT('Ctrl Pts',(5.57158058093528,6.70665349451843,0.000496773831308873));
#4119=CARTESIAN_POINT('Ctrl Pts',(5.56817415176076,6.7324644401167,0.000499364544840694));
#4120=CARTESIAN_POINT('Ctrl Pts',(5.56685609239378,6.75846481599689,0.000500530137889298));
#4121=CARTESIAN_POINT('Ctrl Pts',(5.56644570231396,6.76656027557949,0.000500893056158565));
#4122=CARTESIAN_POINT('Ctrl Pts',(5.56623814225802,6.7746741144059,0.000501111030518182));
#4123=CARTESIAN_POINT('Ctrl Pts',(5.56623814225802,6.78280000204165,0.000501111030518197));
#4124=CARTESIAN_POINT('',(-12.6401650429449,-4.92049512883482,0.000501111030560493));
#4125=CARTESIAN_POINT('',(-3.32950487116511,-4.39016504294493,0.000501111030538695));
#4126=CARTESIAN_POINT('',(-7.98483495705501,9.04549512883485,0.00050111103055004));
#4127=CARTESIAN_POINT('',(-17.2954951288348,0.265165042944999,0.000501111030571587));
#4128=CARTESIAN_POINT('Origin',(-8.24999999999996,1.33226762955019E-14,
0.250500548362745));
#4129=CARTESIAN_POINT('',(1.05757453003042,0.00308564174942738,0.250500548362749));
#4130=CARTESIAN_POINT('Origin',(-8.24999999999998,-8.24999999999998,2.10050111103057));
#4131=CARTESIAN_POINT('',(-5.72858643259725,-8.24999999999998,2.10050111103057));
#4132=CARTESIAN_POINT('Origin',(-8.24999999999998,-8.24999999999998,2.10050111103057));
#4133=CARTESIAN_POINT('Origin',(-8.24999999999998,-8.24999999999998,0.790657130124728));
#4134=CARTESIAN_POINT('',(-4.9038698520269,-8.24999999999998,0.790657130124727));
#4135=CARTESIAN_POINT('Origin',(-8.24999999999998,-8.24999999999998,0.950501111030569));
#4136=CARTESIAN_POINT('',(-4.68148133054042,-8.24999999999998,1.00050087130069));
#4137=CARTESIAN_POINT('',(-4.64999999999998,-8.24999999999998,0.950501111030569));
#4138=CARTESIAN_POINT('Origin',(-8.24999999999998,-8.24999999999998,1.00050087130069));
#4139=CARTESIAN_POINT('Origin',(1.06066017177984,8.88178419700125E-15,0.000501111030576373));
#4140=CARTESIAN_POINT('Origin',(-8.24999999999994,8.24999999999994,2.10050111103057));
#4141=CARTESIAN_POINT('',(-5.72858643259721,8.24999999999994,2.10050111103057));
#4142=CARTESIAN_POINT('Origin',(-8.24999999999994,8.24999999999994,2.10050111103057));
#4143=CARTESIAN_POINT('Origin',(-8.24999999999994,8.24999999999994,0.790657130124726));
#4144=CARTESIAN_POINT('',(-4.90386985202686,8.24999999999994,0.790657130124725));
#4145=CARTESIAN_POINT('Origin',(-8.24999999999994,8.24999999999994,0.950501111030567));
#4146=CARTESIAN_POINT('',(-4.68148133054038,8.24999999999994,1.00050087130069));
#4147=CARTESIAN_POINT('',(-4.64999999999994,8.24999999999994,0.950501111030567));
#4148=CARTESIAN_POINT('Origin',(-8.24999999999994,8.24999999999994,1.00050087130069));
#4149=CARTESIAN_POINT('Origin',(-8.24999999999994,7.18933982822015,0.000501111030576373));
#4150=CARTESIAN_POINT('',(-6.4495794011955,5.39509051291454,0.250500548362748));
#4151=CARTESIAN_POINT('Origin',(-8.24999999999996,1.33226762955019E-14,
0.250500548362745));
#4152=CARTESIAN_POINT('',(-8.25308564174936,9.30757453003037,0.250500548362749));
#4153=CARTESIAN_POINT('Origin',(-8.24999999999994,9.31066017177979,0.000501111030576373));
#4154=CARTESIAN_POINT('Origin',(-16.4999999999999,1.77635683940025E-14,
2.10050111103057));
#4155=CARTESIAN_POINT('',(-13.9785864325972,1.77635683940025E-14,2.10050111103057));
#4156=CARTESIAN_POINT('Origin',(-16.4999999999999,1.77635683940025E-14,
2.10050111103057));
#4157=CARTESIAN_POINT('Origin',(-16.4999999999999,1.77635683940025E-14,
0.790657130124726));
#4158=CARTESIAN_POINT('',(-13.1538698520268,1.78018560781599E-14,0.790657130124725));
#4159=CARTESIAN_POINT('Origin',(-16.4999999999999,1.77635683940025E-14,
0.950501111030567));
#4160=CARTESIAN_POINT('',(-12.9314813305404,1.77635683940025E-14,1.00050087130069));
#4161=CARTESIAN_POINT('',(-12.8999999999999,1.78047609528305E-14,0.950501111030567));
#4162=CARTESIAN_POINT('Origin',(-16.4999999999999,1.77635683940025E-14,
1.00050087130069));
#4163=CARTESIAN_POINT('Origin',(-8.24999999999998,-9.31066017177977,0.000501111030571932));
#4164=CARTESIAN_POINT('',(-8.24691435825056,-9.30757453003035,0.250500548362744));
#4165=CARTESIAN_POINT('Origin',(-8.24999999999996,1.33226762955019E-14,
0.250500548362745));
#4166=CARTESIAN_POINT('',(-10.0504205988044,-5.39509051291451,0.250500548362743));
#4167=CARTESIAN_POINT('Origin',(-8.24999999999998,-7.18933982822013,0.000501111030571932));
#4168=CARTESIAN_POINT('Origin',(-20.0297231033716,13.9615764059893,1.00050094890595));
#4169=CARTESIAN_POINT('',(5.72990550185867,6.44694917476828,1.00050094890595));
#4170=CARTESIAN_POINT('',(5.87611779936391,6.09364330807117,1.00050094890595));
#4171=CARTESIAN_POINT('Ctrl Pts',(5.72990550185867,6.44694917476828,1.00050094890595));
#4172=CARTESIAN_POINT('Ctrl Pts',(5.74829674723566,6.42853680908296,1.00050094890595));
#4173=CARTESIAN_POINT('Ctrl Pts',(5.7650918312639,6.40871436264252,1.00050325495275));
#4174=CARTESIAN_POINT('Ctrl Pts',(5.78024436692185,6.38772680977211,1.00050553473962));
#4175=CARTESIAN_POINT('Ctrl Pts',(5.79574782044574,6.36625320575945,1.00050786732413));
#4176=CARTESIAN_POINT('Ctrl Pts',(5.80953242800647,6.34355877809133,1.00051018051566));
#4177=CARTESIAN_POINT('Ctrl Pts',(5.82150678721021,6.31987215352527,1.0005112937307));
#4178=CARTESIAN_POINT('Ctrl Pts',(5.8271002831655,6.30880759161842,1.0005118137388));
#4179=CARTESIAN_POINT('Ctrl Pts',(5.83229812878876,6.29752616166102,1.00051208961548));
#4180=CARTESIAN_POINT('Ctrl Pts',(5.83708734681283,6.28604981618861,1.00051208850629));
#4181=CARTESIAN_POINT('Ctrl Pts',(5.84733541178205,6.26149250152484,1.00051208613282));
#4182=CARTESIAN_POINT('Ctrl Pts',(5.85563565474992,6.23623552314724,1.00051076094895));
#4183=CARTESIAN_POINT('Ctrl Pts',(5.8619152907597,6.21051477847409,1.00050872845708));
#4184=CARTESIAN_POINT('Ctrl Pts',(5.86808528942622,6.18524309710782,1.00050673145087));
#4185=CARTESIAN_POINT('Ctrl Pts',(5.87230497051249,6.15952244714939,1.00050406743167));
#4186=CARTESIAN_POINT('Ctrl Pts',(5.87445839645617,6.13356223023334,1.00050238940239));
#4187=CARTESIAN_POINT('Ctrl Pts',(5.87555775196398,6.12030915898914,1.00050153274384));
#4188=CARTESIAN_POINT('Ctrl Pts',(5.8761177987466,6.10699353322533,1.00050094890595));
#4189=CARTESIAN_POINT('Ctrl Pts',(5.87611779936391,6.09364330807117,1.00050094890595));
#4190=CARTESIAN_POINT('',(5.58369320435634,6.80025506457893,1.00050094890595));
#4191=CARTESIAN_POINT('Ctrl Pts',(5.58369320435634,6.80025506457893,1.00050094890595));
#4192=CARTESIAN_POINT('Ctrl Pts',(5.58369320435634,6.77422371392449,1.00050094890595));
#4193=CARTESIAN_POINT('Ctrl Pts',(5.58581924906045,6.74832268186659,1.00049878079843));
#4194=CARTESIAN_POINT('Ctrl Pts',(5.58993131425706,6.72275820126191,1.0004965437933));
#4195=CARTESIAN_POINT('Ctrl Pts',(5.59413757083386,6.69660813808579,1.0004942555471));
#4196=CARTESIAN_POINT('Ctrl Pts',(5.6004222035683,6.67080895500997,1.00049191155661));
#4197=CARTESIAN_POINT('Ctrl Pts',(5.60868868490301,6.64558708142494,1.00049072809574));
#4198=CARTESIAN_POINT('Ctrl Pts',(5.61255536799813,6.63378943884043,1.00049017452671));
#4199=CARTESIAN_POINT('Ctrl Pts',(5.61685638636478,6.62211830779594,1.00048985885287));
#4200=CARTESIAN_POINT('Ctrl Pts',(5.6215854185407,6.61059850828233,1.00048981471179));
#4201=CARTESIAN_POINT('Ctrl Pts',(5.63168993172994,6.58598417668284,1.00048972039564));
#4202=CARTESIAN_POINT('Ctrl Pts',(5.64366718976621,6.56224995916796,1.00049096663597));
#4203=CARTESIAN_POINT('Ctrl Pts',(5.65740300806369,6.53961467117842,1.00049297622969));
#4204=CARTESIAN_POINT('Ctrl Pts',(5.67089840892113,6.51737556766621,1.00049495064957));
#4205=CARTESIAN_POINT('Ctrl Pts',(5.68609198788965,6.49619612717919,1.00049767057523));
#4206=CARTESIAN_POINT('Ctrl Pts',(5.70291865096854,6.47630717731745,1.00049942780181));
#4207=CARTESIAN_POINT('Ctrl Pts',(5.71085678136953,6.46692438544712,1.00050025678934));
#4208=CARTESIAN_POINT('Ctrl Pts',(5.71915893585537,6.45782924400131,1.00050085382792));
#4209=CARTESIAN_POINT('Ctrl Pts',(5.72782111552999,6.44904893417055,1.00050093865295));
#4210=CARTESIAN_POINT('Ctrl Pts',(5.72851380127007,6.44834680195421,1.00050094543612));
#4211=CARTESIAN_POINT('Ctrl Pts',(5.72920859845758,6.44764687848572,1.00050094890545));
#4212=CARTESIAN_POINT('Ctrl Pts',(5.72990550185867,6.44694917476828,1.00050094890595));
#4213=CARTESIAN_POINT('',(5.58369320435634,7.08668266271811,1.00050094890595));
#4214=CARTESIAN_POINT('',(5.58369320435634,10.1447701126307,1.00050094890595));
#4215=CARTESIAN_POINT('',(5.33357896412332,6.83656842193592,1.00050094890595));
#4216=CARTESIAN_POINT('Origin',(5.33365512234537,7.08660650449623,1.00050094890595));
#4217=CARTESIAN_POINT('',(-0.913507729936678,6.83656842193593,1.00050094890595));
#4218=CARTESIAN_POINT('',(-10.7215773407178,6.83656842193594,1.00050094890595));
#4219=CARTESIAN_POINT('',(-1.41343157806404,7.33649227006329,1.00050094890595));
#4220=CARTESIAN_POINT('Origin',(-0.913355413492751,7.33664458650721,1.00050094890595));
#4221=CARTESIAN_POINT('',(-1.41343157806404,12.2618730316231,1.00050094890595));
#4222=CARTESIAN_POINT('',(-1.41343157806404,13.1117247188063,1.00050094890595));
#4223=CARTESIAN_POINT('',(-3.61312696837683,14.4615684219359,1.00050094890595));
#4224=CARTESIAN_POINT('Ctrl Pts',(-1.41343157806404,12.2618730316231,1.00050094890595));
#4225=CARTESIAN_POINT('Ctrl Pts',(-1.41343157806404,12.7555244826771,1.00050094890595));
#4226=CARTESIAN_POINT('Ctrl Pts',(-1.58519446479672,13.250689654812,1.00050094890595));
#4227=CARTESIAN_POINT('Ctrl Pts',(-1.89286347106808,13.6347825457972,1.00050094890595));
#4228=CARTESIAN_POINT('Ctrl Pts',(-2.30308881276322,14.1469064004441,1.00050094890595));
#4229=CARTESIAN_POINT('Ctrl Pts',(-2.95492503363825,14.4615684219359,1.00050094890595));
#4230=CARTESIAN_POINT('Ctrl Pts',(-3.61312696837683,14.4615684219359,1.00050094890595));
#4231=CARTESIAN_POINT('',(-12.3789504024837,14.4615684219359,1.00050094890595));
#4232=CARTESIAN_POINT('',(-16.2043367529276,14.4615684219359,1.00050094890595));
#4233=CARTESIAN_POINT('',(-12.5502576033932,14.4561452404512,1.00050094890595));
#4234=CARTESIAN_POINT('Ctrl Pts',(-12.3789504024837,14.4615684219359,1.00050094890595));
#4235=CARTESIAN_POINT('Ctrl Pts',(-12.4361020966254,14.4615684219359,1.00050094890595));
#4236=CARTESIAN_POINT('Ctrl Pts',(-12.4932330873218,14.4597594179067,1.00050094890595));
#4237=CARTESIAN_POINT('Ctrl Pts',(-12.5502576033932,14.4561452404512,1.00050094890595));
#4238=CARTESIAN_POINT('',(-12.7460475826157,14.7363108306232,1.00050094890595));
#4239=CARTESIAN_POINT('Ctrl Pts',(-12.5502576033932,14.4561452404512,1.00050094890595));
#4240=CARTESIAN_POINT('Ctrl Pts',(-12.5635666670887,14.4553017204833,1.00050094890595));
#4241=CARTESIAN_POINT('Ctrl Pts',(-12.5768848191745,14.4558343516369,1.00050038340281));
#4242=CARTESIAN_POINT('Ctrl Pts',(-12.5900264032294,14.4576599611572,1.00050007508393));
#4243=CARTESIAN_POINT('Ctrl Pts',(-12.6025484821464,14.4593995099354,1.00049978129946));
#4244=CARTESIAN_POINT('Ctrl Pts',(-12.6149116048982,14.462313736525,1.00049969290891));
#4245=CARTESIAN_POINT('Ctrl Pts',(-12.626949228529,14.4663742539813,1.0004998613303));
#4246=CARTESIAN_POINT('Ctrl Pts',(-12.6393617671455,14.4705612373323,1.00050003499723));
#4247=CARTESIAN_POINT('Ctrl Pts',(-12.6513099877631,14.4759269485025,1.00050046373169));
#4248=CARTESIAN_POINT('Ctrl Pts',(-12.6626191283418,14.4824171673208,1.00050061730766));
#4249=CARTESIAN_POINT('Ctrl Pts',(-12.6737928061158,14.4888296451968,1.00050076904407));
#4250=CARTESIAN_POINT('Ctrl Pts',(-12.6843438984759,14.4963406523349,1.00050062384971));
#4251=CARTESIAN_POINT('Ctrl Pts',(-12.6941241966909,14.5048328841378,1.0005005209833));
#4252=CARTESIAN_POINT('Ctrl Pts',(-12.7041921837511,14.5135749161315,1.00050041509106));
#4253=CARTESIAN_POINT('Ctrl Pts',(-12.713346001833,14.5232718712535,1.00050033414568));
#4254=CARTESIAN_POINT('Ctrl Pts',(-12.7214403087083,14.5337769702197,1.00050039262113));
#4255=CARTESIAN_POINT('Ctrl Pts',(-12.7233193275033,14.5362156321961,1.00050040619567));
#4256=CARTESIAN_POINT('Ctrl Pts',(-12.7251411060193,14.5386980128737,1.00050042614819));
#4257=CARTESIAN_POINT('Ctrl Pts',(-12.7269035346359,14.5412225538088,1.0005004526695));
#4258=CARTESIAN_POINT('Ctrl Pts',(-12.7323910405423,14.5490829761609,1.00050053524638));
#4259=CARTESIAN_POINT('Ctrl Pts',(-12.7373041584083,14.5573517434649,1.00050067636578));
#4260=CARTESIAN_POINT('Ctrl Pts',(-12.7416160573356,14.5659608215723,1.00050080208916));
#4261=CARTESIAN_POINT('Ctrl Pts',(-12.747596582701,14.5779014562816,1.0005009764652));
#4262=CARTESIAN_POINT('Ctrl Pts',(-12.7523644788019,14.5903799059421,1.00050108814348));
#4263=CARTESIAN_POINT('Ctrl Pts',(-12.7558763946776,14.6032007058303,1.00050106882745));
#4264=CARTESIAN_POINT('Ctrl Pts',(-12.7592128900488,14.6153811056451,1.00050105047625));
#4265=CARTESIAN_POINT('Ctrl Pts',(-12.761415842683,14.6278719965763,1.00050088782274));
#4266=CARTESIAN_POINT('Ctrl Pts',(-12.7624060347858,14.6405171635014,1.00050082346339));
#4267=CARTESIAN_POINT('Ctrl Pts',(-12.7626751574625,14.6439539725409,1.00050080597127));
#4268=CARTESIAN_POINT('Ctrl Pts',(-12.7628538885487,14.6473951720696,1.00050079748646));
#4269=CARTESIAN_POINT('Ctrl Pts',(-12.762941165337,14.6508375468966,1.00050080835532));
#4270=CARTESIAN_POINT('Ctrl Pts',(-12.7632682460423,14.6637382780951,1.00050084908777));
#4271=CARTESIAN_POINT('Ctrl Pts',(-12.7623145316111,14.6766557929499,1.00050111425085));
#4272=CARTESIAN_POINT('Ctrl Pts',(-12.7601288816131,14.6894054780469,1.00050117947655));
#4273=CARTESIAN_POINT('Ctrl Pts',(-12.7578808094943,14.7025192938979,1.00050124656508));
#4274=CARTESIAN_POINT('Ctrl Pts',(-12.754343336763,14.7153757956859,1.00050108967229));
#4275=CARTESIAN_POINT('Ctrl Pts',(-12.7495664624501,14.7277734359746,1.00050098903315));
#4276=CARTESIAN_POINT('Ctrl Pts',(-12.748460114689,14.7306447908981,1.00050096572463));
#4277=CARTESIAN_POINT('Ctrl Pts',(-12.7472870723963,14.7334914728001,1.0005009489075));
#4278=CARTESIAN_POINT('Ctrl Pts',(-12.7460475826157,14.7363108306233,1.00050094890595));
#4279=CARTESIAN_POINT('',(-14.9882064185355,11.1149852028544,1.00050094890595));
#4280=CARTESIAN_POINT('Origin',(-26.6988300458658,20.8704503681975,1.00050094890595));
#4281=CARTESIAN_POINT('',(-15.1040234840349,10.7950073390286,1.00050094890595));
#4282=CARTESIAN_POINT('Ctrl Pts',(-15.1040234840349,10.7950073390286,1.00050094890595));
#4283=CARTESIAN_POINT('Ctrl Pts',(-15.1040234839424,10.8210990673173,1.00050094890784));
#4284=CARTESIAN_POINT('Ctrl Pts',(-15.1019071908892,10.8470800804193,1.00050237212689));
#4285=CARTESIAN_POINT('Ctrl Pts',(-15.0977979732283,10.8727359484649,1.00050365421727));
#4286=CARTESIAN_POINT('Ctrl Pts',(-15.0936141071703,10.8988578831889,1.00050495959821));
#4287=CARTESIAN_POINT('Ctrl Pts',(-15.087363940994,10.924644044924,1.00050611593082));
#4288=CARTESIAN_POINT('Ctrl Pts',(-15.0791253947568,10.9498610556245,1.00050642939379));
#4289=CARTESIAN_POINT('Ctrl Pts',(-15.0774632841465,10.954948538275,1.00050649263433));
#4290=CARTESIAN_POINT('Ctrl Pts',(-15.0757200833712,10.9600127953747,1.00050652471395));
#4291=CARTESIAN_POINT('Ctrl Pts',(-15.0738961977374,10.9650518021083,1.00050652471411));
#4292=CARTESIAN_POINT('Ctrl Pts',(-15.0648582181129,10.9900218108312,1.00050652471492));
#4293=CARTESIAN_POINT('Ctrl Pts',(-15.0539051838395,11.0142011423114,1.00050565963615));
#4294=CARTESIAN_POINT('Ctrl Pts',(-15.0411364893685,11.037364156733,1.00050442765284));
#4295=CARTESIAN_POINT('Ctrl Pts',(-15.0285719705027,11.0601567869702,1.00050321536935));
#4296=CARTESIAN_POINT('Ctrl Pts',(-15.0142488230942,11.0819665119106,1.00050165038607));
#4297=CARTESIAN_POINT('Ctrl Pts',(-14.9982178233523,11.1025553487057,1.00050111936569));
#4298=CARTESIAN_POINT('Ctrl Pts',(-14.9949516370652,11.1067501573571,1.00050101117459));
#4299=CARTESIAN_POINT('Ctrl Pts',(-14.9916144245934,11.1108941753235,1.00050094890633));
#4300=CARTESIAN_POINT('Ctrl Pts',(-14.9882064185355,11.1149852028544,1.00050094890595));
#4301=CARTESIAN_POINT('',(-15.1040234840349,10.7914747460856,1.00050094890595));
#4302=CARTESIAN_POINT('',(-15.1040234840349,12.4663775726353,1.00050094890595));
#4303=CARTESIAN_POINT('',(-15.2631637159246,10.4257010719979,1.00050094890595));
#4304=CARTESIAN_POINT('Ctrl Pts',(-15.2631637159246,10.4257010719979,1.00050094890595));
#4305=CARTESIAN_POINT('Ctrl Pts',(-15.2441425409693,10.443422699428,1.00050094890595));
#4306=CARTESIAN_POINT('Ctrl Pts',(-15.2266713816119,10.4626107616256,1.00049890617682));
#4307=CARTESIAN_POINT('Ctrl Pts',(-15.2108000082006,10.4830210833893,1.00049676694016));
#4308=CARTESIAN_POINT('Ctrl Pts',(-15.1945354112608,10.5039370840587,1.00049457470253));
#4309=CARTESIAN_POINT('Ctrl Pts',(-15.1799501621469,10.5261377606781,1.00049228482178));
#4310=CARTESIAN_POINT('Ctrl Pts',(-15.167138527302,10.549395645634,1.00049101312783));
#4311=CARTESIAN_POINT('Ctrl Pts',(-15.1611458999626,10.5602744943471,1.00049041829446));
#4312=CARTESIAN_POINT('Ctrl Pts',(-15.1555419565096,10.5713850399811,1.00049003214417));
#4313=CARTESIAN_POINT('Ctrl Pts',(-15.1503399686587,10.5827054885145,1.00048989432524));
#4314=CARTESIAN_POINT('Ctrl Pts',(-15.1392567758804,10.6068244824509,1.00048960069253));
#4315=CARTESIAN_POINT('Ctrl Pts',(-15.1300615746954,10.6317502522233,1.00049050118106));
#4316=CARTESIAN_POINT('Ctrl Pts',(-15.1228506332005,10.6572561048438,1.00049221997358));
#4317=CARTESIAN_POINT('Ctrl Pts',(-15.1202915473343,10.6663078586257,1.00049282995462));
#4318=CARTESIAN_POINT('Ctrl Pts',(-15.1179828131013,10.6754328507362,1.00049353393662));
#4319=CARTESIAN_POINT('Ctrl Pts',(-15.115930262439,10.6846213745617,1.00049428519775));
#4320=CARTESIAN_POINT('Ctrl Pts',(-15.1102052041694,10.710250381085,1.00049638064602));
#4321=CARTESIAN_POINT('Ctrl Pts',(-15.1064939387723,10.7362640456002,1.00049890199914));
#4322=CARTESIAN_POINT('Ctrl Pts',(-15.1049056840252,10.7624479652686,1.00050018250691));
#4323=CARTESIAN_POINT('Ctrl Pts',(-15.1043199802727,10.7721038595961,1.00050065472222));
#4324=CARTESIAN_POINT('Ctrl Pts',(-15.1040234840349,10.7817829958118,1.00050094890595));
#4325=CARTESIAN_POINT('Ctrl Pts',(-15.1040234840349,10.7914747460856,1.00050094890595));
#4326=CARTESIAN_POINT('',(-15.4213112575529,10.2800188029578,1.00050094890595));
#4327=CARTESIAN_POINT('Origin',(-28.2340376004034,24.3477442056389,1.00050094890595));
#4328=CARTESIAN_POINT('',(-15.0865684224851,10.1321244934974,1.00050094889636));
#4329=CARTESIAN_POINT('Ctrl Pts',(-15.4213112575529,10.2800188029578,1.00050094890595));
#4330=CARTESIAN_POINT('Ctrl Pts',(-15.4114516816969,10.288998793688,1.00050094891023));
#4331=CARTESIAN_POINT('Ctrl Pts',(-15.4007161021794,10.2969108627919,1.00050169402588));
#4332=CARTESIAN_POINT('Ctrl Pts',(-15.3893083431371,10.3037045980041,1.00050219145454));
#4333=CARTESIAN_POINT('Ctrl Pts',(-15.378440233369,10.3101769524559,1.00050266535211));
#4334=CARTESIAN_POINT('Ctrl Pts',(-15.3669604807404,10.3156345502913,1.00050293947117));
#4335=CARTESIAN_POINT('Ctrl Pts',(-15.3550226789133,10.3199961495528,1.00050284108334));
#4336=CARTESIAN_POINT('Ctrl Pts',(-15.3424759356814,10.3245802318492,1.00050273767679));
#4337=CARTESIAN_POINT('Ctrl Pts',(-15.3295452610802,10.3279094520295,1.00050223494471));
#4338=CARTESIAN_POINT('Ctrl Pts',(-15.3164175362236,10.3299132864506,1.0005018185785));
#4339=CARTESIAN_POINT('Ctrl Pts',(-15.3117496863139,10.3306257936386,1.00050167053037));
#4340=CARTESIAN_POINT('Ctrl Pts',(-15.3070567461426,10.3311702870462,1.00050153990968));
#4341=CARTESIAN_POINT('Ctrl Pts',(-15.3023467438455,10.3315420396642,1.00050146706901));
#4342=CARTESIAN_POINT('Ctrl Pts',(-15.2944654856094,10.3321640942192,1.00050134518453));
#4343=CARTESIAN_POINT('Ctrl Pts',(-15.286536364833,10.3323028173334,1.00050138407981));
#4344=CARTESIAN_POINT('Ctrl Pts',(-15.2786008642596,10.3319667042613,1.00050146895801));
#4345=CARTESIAN_POINT('Ctrl Pts',(-15.2652417689135,10.3314008714527,1.00050161184704));
#4346=CARTESIAN_POINT('Ctrl Pts',(-15.2519942512515,10.3294978485795,1.00050188521586));
#4347=CARTESIAN_POINT('Ctrl Pts',(-15.239054430889,10.3263333046076,1.00050204373149));
#4348=CARTESIAN_POINT('Ctrl Pts',(-15.2267911332335,10.3233342100619,1.00050219395957));
#4349=CARTESIAN_POINT('Ctrl Pts',(-15.2148028389395,10.3192013052194,1.00050227057614));
#4350=CARTESIAN_POINT('Ctrl Pts',(-15.2032667307393,10.3139570572437,1.00050220940883));
#4351=CARTESIAN_POINT('Ctrl Pts',(-15.1940449984277,10.3097649111431,1.00050216051292));
#4352=CARTESIAN_POINT('Ctrl Pts',(-15.1851804819966,10.3048926482303,1.00050203678627));
#4353=CARTESIAN_POINT('Ctrl Pts',(-15.1767578734454,10.2993644418905,1.00050180041066));
#4354=CARTESIAN_POINT('Ctrl Pts',(-15.1656571253452,10.2920784300034,1.00050148887462));
#4355=CARTESIAN_POINT('Ctrl Pts',(-15.1553220229177,10.2836540130494,1.00050100832114));
#4356=CARTESIAN_POINT('Ctrl Pts',(-15.1458714643859,10.2742536182441,1.0005007553602));
#4357=CARTESIAN_POINT('Ctrl Pts',(-15.1440565603316,10.2724483477317,1.00050070678108));
#4358=CARTESIAN_POINT('Ctrl Pts',(-15.142274389313,10.2706069757539,1.00050066548638));
#4359=CARTESIAN_POINT('Ctrl Pts',(-15.1405259640694,10.2687305151308,1.00050063236757));
#4360=CARTESIAN_POINT('Ctrl Pts',(-15.1314191936265,10.2589568652688,1.00050045986642));
#4361=CARTESIAN_POINT('Ctrl Pts',(-15.12331303383,10.2483288621699,1.00050056895973));
#4362=CARTESIAN_POINT('Ctrl Pts',(-15.1163162406616,10.2370186579879,1.00050088458401));
#4363=CARTESIAN_POINT('Ctrl Pts',(-15.1096687245491,10.226273054577,1.00050118445245));
#4364=CARTESIAN_POINT('Ctrl Pts',(-15.1040220008517,10.2149102785188,1.00050169153603));
#4365=CARTESIAN_POINT('Ctrl Pts',(-15.0995064923571,10.2030551998014,1.00050186850375));
#4366=CARTESIAN_POINT('Ctrl Pts',(-15.0987349457917,10.2010295707324,1.00050189874151));
#4367=CARTESIAN_POINT('Ctrl Pts',(-15.0979976988064,10.198992609673,1.00050191831479));
#4368=CARTESIAN_POINT('Ctrl Pts',(-15.0972952233223,10.196945018874,1.00050192275478));
#4369=CARTESIAN_POINT('Ctrl Pts',(-15.0929792613744,10.1843647592453,1.00050195003375));
#4370=CARTESIAN_POINT('Ctrl Pts',(-15.0899716804273,10.1713847649419,1.00050146716696));
#4371=CARTESIAN_POINT('Ctrl Pts',(-15.0882583112234,10.1582182210623,1.00050120744355));
#4372=CARTESIAN_POINT('Ctrl Pts',(-15.0871344100206,10.1495814984758,1.00050103707545));
#4373=CARTESIAN_POINT('Ctrl Pts',(-15.0865684224852,10.140863953119,1.00050094890595));
#4374=CARTESIAN_POINT('Ctrl Pts',(-15.0865684224852,10.1321244934975,1.00050094890595));
#4375=CARTESIAN_POINT('',(-15.0865684219359,7.33649227006328,1.00050094890595));
#4376=CARTESIAN_POINT('',(-15.0865684219359,10.3990724139626,1.00050094890595));
#4377=CARTESIAN_POINT('',(-15.5864922700633,6.83656842193592,1.00050094890595));
#4378=CARTESIAN_POINT('Origin',(-15.5866445865072,7.33664458650721,1.00050094890595));
#4379=CARTESIAN_POINT('',(-19.8648244311347,6.83656842248509,1.00050094889636));
#4380=CARTESIAN_POINT('',(-20.2707980674973,6.83656842193592,1.00050094890595));
#4381=CARTESIAN_POINT('',(-19.9518910365949,7.21669337279126,1.00050094890595));
#4382=CARTESIAN_POINT('Ctrl Pts',(-19.8648244311348,6.83656842248525,1.00050094890595));
#4383=CARTESIAN_POINT('Ctrl Pts',(-19.8781470169097,6.83656842248525,1.00050094890595));
#4384=CARTESIAN_POINT('Ctrl Pts',(-19.8913932087481,6.83796545703075,1.00049984728746));
#4385=CARTESIAN_POINT('Ctrl Pts',(-19.9043841021802,6.84064438573237,1.00049892166469));
#4386=CARTESIAN_POINT('Ctrl Pts',(-19.9167848321616,6.84320161335045,1.00049803809204));
#4387=CARTESIAN_POINT('Ctrl Pts',(-19.9289542426337,6.8469278296631,1.00049729360365));
#4388=CARTESIAN_POINT('Ctrl Pts',(-19.9407280881918,6.85176626422144,1.00049707679681));
#4389=CARTESIAN_POINT('Ctrl Pts',(-19.9530762374979,6.85684070757465,1.00049684941457));
#4390=CARTESIAN_POINT('Ctrl Pts',(-19.964869542898,6.86308888394843,1.00049719841853));
#4391=CARTESIAN_POINT('Ctrl Pts',(-19.9759281064359,6.87042217944367,1.00049781245902));
#4392=CARTESIAN_POINT('Ctrl Pts',(-19.9859207165074,6.87704860630026,1.00049836731112));
#4393=CARTESIAN_POINT('Ctrl Pts',(-19.9953141894298,6.8845620634563,1.00049911759092));
#4394=CARTESIAN_POINT('Ctrl Pts',(-20.0039554843154,6.89292766989478,1.00049938243585));
#4395=CARTESIAN_POINT('Ctrl Pts',(-20.0044243337979,6.89338156138915,1.0004993968055));
#4396=CARTESIAN_POINT('Ctrl Pts',(-20.0048909620051,6.89383796760161,1.0004994096667));
#4397=CARTESIAN_POINT('Ctrl Pts',(-20.0053553578878,6.89429686785713,1.00049942112079));
#4398=CARTESIAN_POINT('Ctrl Pts',(-20.0148345270065,6.90366386117525,1.00049965491961));
#4399=CARTESIAN_POINT('Ctrl Pts',(-20.0232952001411,6.91397595921412,1.00049932208035));
#4400=CARTESIAN_POINT('Ctrl Pts',(-20.0306810428319,6.9250236314093,1.00049898234818));
#4401=CARTESIAN_POINT('Ctrl Pts',(-20.0377090121872,6.9355360001241,1.00049865907738));
#4402=CARTESIAN_POINT('Ctrl Pts',(-20.0437641083942,6.94671597546927,1.00049830055458));
#4403=CARTESIAN_POINT('Ctrl Pts',(-20.0487616919126,6.95840774314172,1.00049810205981));
#4404=CARTESIAN_POINT('Ctrl Pts',(-20.0540080190759,6.97068144264112,1.0004978936854));
#4405=CARTESIAN_POINT('Ctrl Pts',(-20.0580384341824,6.98340003108208,1.00049784494209));
#4406=CARTESIAN_POINT('Ctrl Pts',(-20.0607779334141,6.99637354499982,1.00049801732214));
#4407=CARTESIAN_POINT('Ctrl Pts',(-20.0631200716124,7.00746526649441,1.00049816469868));
#4408=CARTESIAN_POINT('Ctrl Pts',(-20.0645182190428,7.01874445211975,1.00049845563136));
#4409=CARTESIAN_POINT('Ctrl Pts',(-20.0648958794161,7.03009868238945,1.00049893715607));
#4410=CARTESIAN_POINT('Ctrl Pts',(-20.0649395801398,7.03141252973786,1.00049899287538));
#4411=CARTESIAN_POINT('Ctrl Pts',(-20.0649695828962,7.03272738038496,1.00049905130877));
#4412=CARTESIAN_POINT('Ctrl Pts',(-20.0649859447242,7.03404305295781,1.00049911195273));
#4413=CARTESIAN_POINT('Ctrl Pts',(-20.0651514161943,7.04734879579572,1.00049972526102));
#4414=CARTESIAN_POINT('Ctrl Pts',(-20.0639248261003,7.06060992085394,1.00050051364845));
#4415=CARTESIAN_POINT('Ctrl Pts',(-20.0614144342738,7.07364098904128,1.00050101074752));
#4416=CARTESIAN_POINT('Ctrl Pts',(-20.059022423256,7.08605756017121,1.00050148440523));
#4417=CARTESIAN_POINT('Ctrl Pts',(-20.0554639465014,7.09826660377722,1.00050167369509));
#4418=CARTESIAN_POINT('Ctrl Pts',(-20.0507893998733,7.11009989082231,1.00050148437238));
#4419=CARTESIAN_POINT('Ctrl Pts',(-20.0458812997725,7.12252440210863,1.00050128559058));
#4420=CARTESIAN_POINT('Ctrl Pts',(-20.0397908337338,7.13441417573332,1.00050065053201));
#4421=CARTESIAN_POINT('Ctrl Pts',(-20.0325995896704,7.14558361325011,1.00049999728235));
#4422=CARTESIAN_POINT('Ctrl Pts',(-20.0268247695722,7.1545530616081,1.00049947270007));
#4423=CARTESIAN_POINT('Ctrl Pts',(-20.0203389507723,7.16305824941659,1.00049893644447));
#4424=CARTESIAN_POINT('Ctrl Pts',(-20.0131636849897,7.17099012787682,1.00049891358596));
#4425=CARTESIAN_POINT('Ctrl Pts',(-20.0118353889696,7.17245848917652,1.00049890935436));
#4426=CARTESIAN_POINT('Ctrl Pts',(-20.010483420057,7.17390715590353,1.00049892372425));
#4427=CARTESIAN_POINT('Ctrl Pts',(-20.0091083556458,7.17533576533203,1.00049895252061));
#4428=CARTESIAN_POINT('Ctrl Pts',(-19.9998738035924,7.1849299109033,1.00049914590897));
#4429=CARTESIAN_POINT('Ctrl Pts',(-19.9896862456132,7.19353391992491,1.0004999064285));
#4430=CARTESIAN_POINT('Ctrl Pts',(-19.9787510953592,7.20107001541459,1.00050037730714));
#4431=CARTESIAN_POINT('Ctrl Pts',(-19.9702251842032,7.20694575366382,1.0005007444415));
#4432=CARTESIAN_POINT('Ctrl Pts',(-19.9612435314659,7.21217183293067,1.00050094890276));
#4433=CARTESIAN_POINT('Ctrl Pts',(-19.9518910365949,7.21669337279126,1.00050094890595));
#4434=CARTESIAN_POINT('',(-22.5479112701242,6.18914234045884,1.00050094890595));
#4435=CARTESIAN_POINT('Origin',(-28.2340376004034,24.3477442056389,1.00050094890595));
#4436=CARTESIAN_POINT('',(-22.3233967850899,5.88476970235245,1.00050094890595));
#4437=CARTESIAN_POINT('Ctrl Pts',(-22.5479112701243,6.18914234045884,1.00050094890595));
#4438=CARTESIAN_POINT('Ctrl Pts',(-22.535188155433,6.19312641740597,1.00050094887858));
#4439=CARTESIAN_POINT('Ctrl Pts',(-22.5221202809803,6.1957656804564,1.00050183038462));
#4440=CARTESIAN_POINT('Ctrl Pts',(-22.5089137492191,6.19710696838574,1.00050248304346));
#4441=CARTESIAN_POINT('Ctrl Pts',(-22.4963253662972,6.19838547559478,1.00050310515376));
#4442=CARTESIAN_POINT('Ctrl Pts',(-22.4836094758956,6.19848422961648,1.00050354262524));
#4443=CARTESIAN_POINT('Ctrl Pts',(-22.4709398851039,6.19740003095978,1.00050353546087));
#4444=CARTESIAN_POINT('Ctrl Pts',(-22.457632131963,6.1962612216394,1.00050352793564));
#4445=CARTESIAN_POINT('Ctrl Pts',(-22.4445047167064,6.19382872984764,1.00050303883038));
#4446=CARTESIAN_POINT('Ctrl Pts',(-22.4317567991457,6.19012392683103,1.00050248700447));
#4447=CARTESIAN_POINT('Ctrl Pts',(-22.4241526658457,6.18791401169354,1.00050215784029));
#4448=CARTESIAN_POINT('Ctrl Pts',(-22.4166834782427,6.18525039952442,1.00050182203773));
#4449=CARTESIAN_POINT('Ctrl Pts',(-22.4093935922341,6.1821289922719,1.00050167391973));
#4450=CARTESIAN_POINT('Ctrl Pts',(-22.4050591112003,6.18027303999516,1.00050158585049));
#4451=CARTESIAN_POINT('Ctrl Pts',(-22.4007880710746,6.17825510786399,1.00050156554856));
#4452=CARTESIAN_POINT('Ctrl Pts',(-22.3965872980966,6.17608096101022,1.00050158277391));
#4453=CARTESIAN_POINT('Ctrl Pts',(-22.3847214668234,6.16993969608956,1.00050163142997));
#4454=CARTESIAN_POINT('Ctrl Pts',(-22.3735295549989,6.16261526294698,1.00050196910514));
#4455=CARTESIAN_POINT('Ctrl Pts',(-22.3631450883944,6.15427428723704,1.00050222574578));
#4456=CARTESIAN_POINT('Ctrl Pts',(-22.3533013002083,6.14636759339509,1.00050246902415));
#4457=CARTESIAN_POINT('Ctrl Pts',(-22.3441822137674,6.13754611730497,1.00050266870917));
#4458=CARTESIAN_POINT('Ctrl Pts',(-22.3359284352852,6.12791797268701,1.00050271755391));
#4459=CARTESIAN_POINT('Ctrl Pts',(-22.3272327730653,6.11777436469183,1.00050276901366));
#4460=CARTESIAN_POINT('Ctrl Pts',(-22.3195817080782,6.10683409390178,1.00050267314877));
#4461=CARTESIAN_POINT('Ctrl Pts',(-22.3131203394167,6.09523988851621,1.00050237425908));
#4462=CARTESIAN_POINT('Ctrl Pts',(-22.3115694738507,6.09245703323593,1.00050230251921));
#4463=CARTESIAN_POINT('Ctrl Pts',(-22.3100873254014,6.08963635170225,1.00050221939951));
#4464=CARTESIAN_POINT('Ctrl Pts',(-22.3086762723759,6.08677955997261,1.00050212388007));
#4465=CARTESIAN_POINT('Ctrl Pts',(-22.3044985930827,6.07832150812213,1.00050184107739));
#4466=CARTESIAN_POINT('Ctrl Pts',(-22.3009431547247,6.06954713902119,1.00050145691381));
#4467=CARTESIAN_POINT('Ctrl Pts',(-22.29801887278,6.06052735918932,1.00050113185766));
#4468=CARTESIAN_POINT('Ctrl Pts',(-22.2938951167345,6.04780787033232,1.00050067347085));
#4469=CARTESIAN_POINT('Ctrl Pts',(-22.2910643238913,6.0347247951022,1.00050037238816));
#4470=CARTESIAN_POINT('Ctrl Pts',(-22.2895208726527,6.0214869316065,1.00050041759249));
#4471=CARTESIAN_POINT('Ctrl Pts',(-22.2880601253621,6.00895840284447,1.00050046037461));
#4472=CARTESIAN_POINT('Ctrl Pts',(-22.2877527108988,5.99628970259073,1.00050083320946));
#4473=CARTESIAN_POINT('Ctrl Pts',(-22.2886365293095,5.98365276820569,1.00050130391652));
#4474=CARTESIAN_POINT('Ctrl Pts',(-22.2894586489911,5.97189800914379,1.00050174176385));
#4475=CARTESIAN_POINT('Ctrl Pts',(-22.2913060238231,5.96025547610922,1.00050226460241));
#4476=CARTESIAN_POINT('Ctrl Pts',(-22.2941980817981,5.94886393001062,1.00050229198914));
#4477=CARTESIAN_POINT('Ctrl Pts',(-22.2956521776032,5.94313638252052,1.0005023057589));
#4478=CARTESIAN_POINT('Ctrl Pts',(-22.2973708852058,5.93747231327412,1.00050218815427));
#4479=CARTESIAN_POINT('Ctrl Pts',(-22.2993443126259,5.93188732451984,1.00050203111851));
#4480=CARTESIAN_POINT('Ctrl Pts',(-22.3037789074154,5.91933699620454,1.000501678235));
#4481=CARTESIAN_POINT('Ctrl Pts',(-22.3094671079034,5.90726765581659,1.0005011886181));
#4482=CARTESIAN_POINT('Ctrl Pts',(-22.3162826249223,5.8958517741704,1.00050102678605));
#4483=CARTESIAN_POINT('Ctrl Pts',(-22.3185319887579,5.89208412583861,1.0005009733757));
#4484=CARTESIAN_POINT('Ctrl Pts',(-22.3209045346146,5.88838782152647,1.00050094890595));
#4485=CARTESIAN_POINT('Ctrl Pts',(-22.3233967850899,5.88476970235245,1.00050094890595));
#4486=CARTESIAN_POINT('',(-22.7115684219359,4.63687303162314,1.00050094890595));
#4487=CARTESIAN_POINT('Ctrl Pts',(-22.3233965924502,5.88476962922783,1.00050094890595));
#4488=CARTESIAN_POINT('Ctrl Pts',(-22.5742577849035,5.52052581590819,1.00050094890595));
#4489=CARTESIAN_POINT('Ctrl Pts',(-22.7115684219359,5.07919909756633,1.00050094890595));
#4490=CARTESIAN_POINT('Ctrl Pts',(-22.7115684219359,4.63687303162314,1.00050094890595));
#4491=CARTESIAN_POINT('',(-22.7115684219359,-4.63687303162315,1.00050094890595));
#4492=CARTESIAN_POINT('',(-22.7115684219359,4.6623516871831,1.00050094890595));
#4493=CARTESIAN_POINT('',(-20.5118730316231,-6.83656842193593,1.00050094890595));
#4494=CARTESIAN_POINT('Ctrl Pts',(-22.7115684219359,-4.63687303162315,1.00050094890595));
#4495=CARTESIAN_POINT('Ctrl Pts',(-22.7115684219359,-5.29507496636173,1.00050094890595));
#4496=CARTESIAN_POINT('Ctrl Pts',(-22.3967323663691,-5.94676623192805,1.00050094890595));
#4497=CARTESIAN_POINT('Ctrl Pts',(-21.8846333737329,-6.35701228152443,1.00050094890595));
#4498=CARTESIAN_POINT('Ctrl Pts',(-21.5005591292558,-6.66469681872172,1.00050094890595));
#4499=CARTESIAN_POINT('Ctrl Pts',(-21.0055244826771,-6.83656842193593,1.00050094890595));
#4500=CARTESIAN_POINT('Ctrl Pts',(-20.5118730316231,-6.83656842193593,1.00050094890595));
#4501=CARTESIAN_POINT('',(-15.5864922700633,-6.83656842193593,1.00050094890595));
#4502=CARTESIAN_POINT('',(-17.5581457626537,-6.83656842193593,1.00050094890595));
#4503=CARTESIAN_POINT('',(-15.0865684219359,-7.33649227006329,1.00050094890595));
#4504=CARTESIAN_POINT('Origin',(-15.5866445865072,-7.33664458650722,1.00050094890595));
#4505=CARTESIAN_POINT('',(-15.0865684219359,-12.2618730316231,1.00050094890595));
#4506=CARTESIAN_POINT('',(-15.0865684219359,0.849851687183101,1.00050094890595));
#4507=CARTESIAN_POINT('',(-12.8868730316231,-14.4615684219359,1.00050094890595));
#4508=CARTESIAN_POINT('Ctrl Pts',(-15.0865684219359,-12.2618730316231,1.00050094890595));
#4509=CARTESIAN_POINT('Ctrl Pts',(-15.0865684219359,-12.7555244826771,1.00050094890595));
#4510=CARTESIAN_POINT('Ctrl Pts',(-14.9146968187217,-13.2505591292558,1.00050094890595));
#4511=CARTESIAN_POINT('Ctrl Pts',(-14.6070122815244,-13.634633373733,1.00050094890595));
#4512=CARTESIAN_POINT('Ctrl Pts',(-14.196766231928,-14.1467323663692,1.00050094890595));
#4513=CARTESIAN_POINT('Ctrl Pts',(-13.5450749663617,-14.4615684219359,1.00050094890595));
#4514=CARTESIAN_POINT('Ctrl Pts',(-12.8868730316231,-14.4615684219359,1.00050094890595));
#4515=CARTESIAN_POINT('',(-3.61312696837682,-14.4615684219359,1.00050094890595));
#4516=CARTESIAN_POINT('',(-11.8214250358742,-14.4615684219359,1.00050094890595));
#4517=CARTESIAN_POINT('',(-1.41343157806404,-12.2618730316232,1.00050094890595));
#4518=CARTESIAN_POINT('Ctrl Pts',(-3.61312696837682,-14.4615684219359,1.00050094890595));
#4519=CARTESIAN_POINT('Ctrl Pts',(-2.95492503363824,-14.4615684219359,1.00050094890595));
#4520=CARTESIAN_POINT('Ctrl Pts',(-2.30308881276322,-14.1469064004441,1.00050094890595));
#4521=CARTESIAN_POINT('Ctrl Pts',(-1.89286347106807,-13.6347825457972,1.00050094890595));
#4522=CARTESIAN_POINT('Ctrl Pts',(-1.58519446479672,-13.250689654812,1.00050094890595));
#4523=CARTESIAN_POINT('Ctrl Pts',(-1.41343157806404,-12.7555244826771,1.00050094890595));
#4524=CARTESIAN_POINT('Ctrl Pts',(-1.41343157806404,-12.2618730316232,1.00050094890595));
#4525=CARTESIAN_POINT('',(-1.41343157806403,-7.3364922700633,1.00050094890595));
#4526=CARTESIAN_POINT('',(-1.41343157806403,3.5625039920267,1.00050094890595));
#4527=CARTESIAN_POINT('',(-0.913507729936675,-6.83656842193593,1.00050094890595));
#4528=CARTESIAN_POINT('Origin',(-0.913355413492749,-7.33664458650722,1.00050094890595));
#4529=CARTESIAN_POINT('',(4.01187303162318,-6.83656842193594,1.00050094890595));
#4530=CARTESIAN_POINT('',(-8.0089250358742,-6.83656842193593,1.00050094890595));
#4531=CARTESIAN_POINT('',(6.21156842193596,-4.63687303162315,1.00050094890595));
#4532=CARTESIAN_POINT('Ctrl Pts',(4.01187303162318,-6.83656842193594,1.00050094890595));
#4533=CARTESIAN_POINT('Ctrl Pts',(4.67007496636177,-6.83656842193594,1.00050094890595));
#4534=CARTESIAN_POINT('Ctrl Pts',(5.32203612527514,-6.5220564016832,1.00050094890595));
#4535=CARTESIAN_POINT('Ctrl Pts',(5.73224361867909,-6.00991111828785,1.00050094890595));
#4536=CARTESIAN_POINT('Ctrl Pts',(6.03989923873206,-5.62580215574133,1.00050094890595));
#4537=CARTESIAN_POINT('Ctrl Pts',(6.21156842193597,-5.13052448267709,1.00050094890595));
#4538=CARTESIAN_POINT('Ctrl Pts',(6.21156842193597,-4.63687303162315,1.00050094890595));
#4539=CARTESIAN_POINT('',(6.21156815003581,1.24332280174522,1.00050094890595));
#4540=CARTESIAN_POINT('',(6.2115678506108,7.71877979963268,1.00050094890595));
#4541=CARTESIAN_POINT('',(6.46168237925272,1.49343705354352,1.00050094890595));
#4542=CARTESIAN_POINT('Origin',(6.4616062325926,1.24339897152902,1.00050094890595));
#4543=CARTESIAN_POINT('',(6.37604185965555,1.49343704958351,1.00050094890595));
#4544=CARTESIAN_POINT('',(-6.40907719418724,1.49343645839986,1.00050094890595));
#4545=CARTESIAN_POINT('',(5.87611798896089,1.99336087404523,1.00050094890595));
#4546=CARTESIAN_POINT('Origin',(6.3761941529758,1.9935132136125,1.00050094890595));
#4547=CARTESIAN_POINT('',(5.87611772421763,7.71877978412145,1.00050094890595));
#4548=CARTESIAN_POINT('Origin',(-15.4393398282201,3.5527136788005E-14,0.000501111030569712));
#4549=CARTESIAN_POINT('',(-13.6450905129145,1.80042059880449,0.250500548362743));
#4550=CARTESIAN_POINT('Origin',(-8.24999999999996,1.33226762955019E-14,
0.250500548362745));
#4551=CARTESIAN_POINT('',(-17.5575745300303,-0.00308564174936965,0.250500548362741));
#4552=CARTESIAN_POINT('Origin',(-17.5606601717798,4.88498130835069E-14,
0.000501111030568602));
#4553=CARTESIAN_POINT('Origin',(-16.5870137846182,-8.33701378461829,0.0216524880779068));
#4554=CARTESIAN_POINT('',(-16.1214785463829,-8.37140239396119,2.00050080108642));
#4555=CARTESIAN_POINT('',(-16.0870899370401,-8.33701378461829,0.0303786912965484));
#4556=CARTESIAN_POINT('',(-16.6214023939611,-7.87147854638299,2.00050080108642));
#4557=CARTESIAN_POINT('Origin',(-16.6215547104049,-8.37155471040495,2.00050080108643));
#4558=CARTESIAN_POINT('',(-16.5870137846182,-7.83708993704009,0.0303786912965485));
#4559=CARTESIAN_POINT('Origin',(-16.0865684219366,-7.83656842193594,0.000501111030570163));
#4560=CARTESIAN_POINT('',(-16.1214785463829,-12.2618730316231,2.00050080108643));
#4561=CARTESIAN_POINT('',(-16.0865684219359,-12.2618730316231,0.000501110989713766));
#4562=CARTESIAN_POINT('',(-16.1214785463829,3.0625039920267,2.00050080108642));
#4563=CARTESIAN_POINT('Origin',(0.087013784618314,-8.33701378461829,0.0216524880779047));
#4564=CARTESIAN_POINT('',(0.121402393961214,-7.871478546383,2.00050080108642));
#4565=CARTESIAN_POINT('',(0.0870137846183141,-7.8370899370401,0.0303786912965464));
#4566=CARTESIAN_POINT('',(-0.378521453616981,-8.37140239396119,2.00050080108642));
#4567=CARTESIAN_POINT('Origin',(0.121554710404972,-8.37155471040495,2.00050080108642));
#4568=CARTESIAN_POINT('',(-0.412910062959882,-8.33701378461829,0.0303786912965465));
#4569=CARTESIAN_POINT('Origin',(-0.413431578064034,-7.83656842193666,0.000501111030569053));
#4570=CARTESIAN_POINT('',(4.01187303162318,-7.871478546383,2.00050080108642));
#4571=CARTESIAN_POINT('',(4.01187303162318,-7.83656842193594,0.000501110989666775));
#4572=CARTESIAN_POINT('',(-10.2215773407178,-7.87147854638299,2.00050080108642));
#4573=CARTESIAN_POINT('Ctrl Pts',(5.71238738145901,6.42943105311758,-0.00311151983685358));
#4574=CARTESIAN_POINT('Ctrl Pts',(5.71822675492557,6.43527042700114,0.331425969744079));
#4575=CARTESIAN_POINT('Ctrl Pts',(5.72406612839212,6.44110980088471,0.665963459325012));
#4576=CARTESIAN_POINT('Ctrl Pts',(5.72990550185867,6.44694917476828,1.00050094890595));
#4577=CARTESIAN_POINT('Ctrl Pts',(5.80480882870859,6.33690353496346,-0.00310966817235028));
#4578=CARTESIAN_POINT('Ctrl Pts',(5.81064820209388,6.34274290885619,0.331427821409841));
#4579=CARTESIAN_POINT('Ctrl Pts',(5.81648757548193,6.34858228275068,0.665965310991954));
#4580=CARTESIAN_POINT('Ctrl Pts',(5.82232694886722,6.35442165664341,1.00050280057415));
#4581=CARTESIAN_POINT('Ctrl Pts',(5.85862290466845,6.20694702169193,-0.00178059677979142));
#4582=CARTESIAN_POINT('Ctrl Pts',(5.86446227799902,6.21278639564655,0.332756892802275));
#4583=CARTESIAN_POINT('Ctrl Pts',(5.87030165133258,6.21862576960248,0.667294382384266));
#4584=CARTESIAN_POINT('Ctrl Pts',(5.87614102466314,6.2244651435571,1.00183187196633));
#4585=CARTESIAN_POINT('Ctrl Pts',(5.85866273807271,6.07618824472585,0.000501111030517098));
#4586=CARTESIAN_POINT('Ctrl Pts',(5.86450211140425,6.08202761874458,0.335038600611447));
#4587=CARTESIAN_POINT('Ctrl Pts',(5.8703414847358,6.0878669927633,0.669576090192377));
#4588=CARTESIAN_POINT('Ctrl Pts',(5.87618085806734,6.09370636678203,1.00411357977331));
#4589=CARTESIAN_POINT('Ctrl Pts',(5.87611779936391,6.09364330807117,1.00050094890595));
#4590=CARTESIAN_POINT('Ctrl Pts',(5.87029944560018,6.08782495362273,0.667167669614136));
#4591=CARTESIAN_POINT('Ctrl Pts',(5.86448109183644,6.08200659917429,0.333834390322327));
#4592=CARTESIAN_POINT('Ctrl Pts',(5.85866273807271,6.07618824472585,0.000501111030517098));
#4593=CARTESIAN_POINT('Ctrl Pts',(5.71245044016391,6.42949411182698,0.000501111030517998));
#4594=CARTESIAN_POINT('Ctrl Pts',(5.71826879406216,6.43531246614074,0.333834390322327));
#4595=CARTESIAN_POINT('Ctrl Pts',(5.72408714796042,6.44113082045451,0.667167669614136));
#4596=CARTESIAN_POINT('Ctrl Pts',(5.72990550185867,6.44694917476828,1.00050094890595));
#4597=CARTESIAN_POINT('Ctrl Pts',(5.71245044019088,6.42949411179998,0.000501111030518384));
#4598=CARTESIAN_POINT('Ctrl Pts',(5.71828981364841,6.43533348569258,0.335038600611448));
#4599=CARTESIAN_POINT('Ctrl Pts',(5.72412918710594,6.44117285958517,0.669576090192378));
#4600=CARTESIAN_POINT('Ctrl Pts',(5.72996856056347,6.44701223347777,1.00411357977331));
#4601=CARTESIAN_POINT('Ctrl Pts',(5.62002898748407,6.52202163540944,0.000499259515410019));
#4602=CARTESIAN_POINT('Ctrl Pts',(5.6258683610283,6.52786100929226,0.335036749094997));
#4603=CARTESIAN_POINT('Ctrl Pts',(5.63170773456957,6.5337003831732,0.669574238674669));
#4604=CARTESIAN_POINT('Ctrl Pts',(5.6375471081138,6.53953975705602,1.00411172825426));
#4605=CARTESIAN_POINT('Ctrl Pts',(5.56621491091199,6.65197815865062,-0.000829811892037503));
#4606=CARTESIAN_POINT('Ctrl Pts',(5.57205428451459,6.65781753246741,0.333707677687684));
#4607=CARTESIAN_POINT('Ctrl Pts',(5.577893658114,6.66365690628281,0.668245167267484));
#4608=CARTESIAN_POINT('Ctrl Pts',(5.5837330317166,6.66949628009961,1.0027826568472));
#4609=CARTESIAN_POINT('Ctrl Pts',(5.56617508355167,6.78273694333372,-0.00311151983685269));
#4610=CARTESIAN_POINT('Ctrl Pts',(5.57201445715323,6.78857631708212,0.33142596974408));
#4611=CARTESIAN_POINT('Ctrl Pts',(5.57785383075478,6.79441569083053,0.665963459325013));
#4612=CARTESIAN_POINT('Ctrl Pts',(5.58369320435634,6.80025506457893,1.00050094890595));
#4613=CARTESIAN_POINT('Ctrl Pts',(5.56623814225802,6.78280000204165,0.000501111030561621));
#4614=CARTESIAN_POINT('Ctrl Pts',(5.57205649629079,6.78861835622075,0.333834390322356));
#4615=CARTESIAN_POINT('Ctrl Pts',(5.57787485032357,6.79443671039984,0.667167669614151));
#4616=CARTESIAN_POINT('Ctrl Pts',(5.58369320435634,6.80025506457893,1.00050094890595));
#4617=CARTESIAN_POINT('Origin',(0.0872504318457251,8.33725043184569,0.0352099986566028));
#4618=CARTESIAN_POINT('',(-0.378521453616987,8.37140239396117,2.00050080108642));
#4619=CARTESIAN_POINT('',(-0.41267341573247,8.33725043184569,0.0439362018752446));
#4620=CARTESIAN_POINT('',(0.121402393961207,7.87147854638298,2.00050080108642));
#4621=CARTESIAN_POINT('Origin',(0.121554710404967,8.37155471040493,2.00050080108642));
#4622=CARTESIAN_POINT('',(0.0872504318457247,7.8373265842675,0.0439362018752446));
#4623=CARTESIAN_POINT('Origin',(-0.413431578063327,7.83656842193593,0.000501111030569028));
#4624=CARTESIAN_POINT('',(-0.378521453616987,12.2618730316231,2.00050080108642));
#4625=CARTESIAN_POINT('',(-0.413431578064041,12.2618730316231,0.000501110989677835));
#4626=CARTESIAN_POINT('',(-0.378521453616988,10.8990724139626,2.00050080108642));
#4627=CARTESIAN_POINT('Origin',(5.0662368380316,7.33656711771021,0.00478982584423376));
#4628=CARTESIAN_POINT('',(5.10122441912617,7.87147854638297,2.00050080108642));
#4629=CARTESIAN_POINT('',(5.60114826670436,7.37155469880478,2.00050080108642));
#4630=CARTESIAN_POINT('Origin',(5.10107210268241,7.37140238236102,2.00050080108642));
#4631=CARTESIAN_POINT('',(5.5661606856098,7.33656711771021,-0.00393637737440807));
#4632=CARTESIAN_POINT('',(5.0662368380316,7.83649096528841,-0.00393637737440799));
#4633=CARTESIAN_POINT('Origin',(5.56623814225802,6.32796381927208,0.000501111030567925));
#4634=CARTESIAN_POINT('',(5.60114826670436,7.10413772506613,2.00050080108642));
#4635=CARTESIAN_POINT('',(5.60114826670437,10.1447701126307,2.00050080108642));
#4636=CARTESIAN_POINT('',(5.56502590400616,7.06801536236793,-0.0689479719059329));
#4637=CARTESIAN_POINT('Origin',(6.71086587547065,0.97527971600725,-0.0353694480770892));
#4638=CARTESIAN_POINT('',(6.74655441453227,1.51089212906402,2.00050080108642));
#4639=CARTESIAN_POINT('',(7.24647828522694,1.01096830460229,2.00050080108642));
#4640=CARTESIAN_POINT('Origin',(6.74640212121203,1.01081596503502,2.00050080108642));
#4641=CARTESIAN_POINT('',(7.21078972304884,0.97527973912372,-0.0440956512957311));
#4642=CARTESIAN_POINT('',(6.71086585235418,1.47520356358545,-0.044095651295731));
#4643=CARTESIAN_POINT('Origin',(-20.0297231033716,13.9615764059893,2.00050080108643));
#4644=CARTESIAN_POINT('',(6.47913744079362,1.51089211669866,2.00050080108642));
#4645=CARTESIAN_POINT('',(-6.40907719499436,1.51089152074787,2.00050080108642));
#4646=CARTESIAN_POINT('',(6.22902321212605,1.26077786490053,2.00050080108642));
#4647=CARTESIAN_POINT('Origin',(6.4790612941335,1.26085403468416,2.00050080108642));
#4648=CARTESIAN_POINT('',(6.22902348428398,-4.63687303162315,2.00050080108642));
#4649=CARTESIAN_POINT('',(6.22902291350815,7.7187798004398,2.00050080108642));
#4650=CARTESIAN_POINT('',(4.01187303162318,-6.85402348483329,2.00050080108642));
#4651=CARTESIAN_POINT('Ctrl Pts',(4.01187303162318,-6.85402348428395,2.00050080108642));
#4652=CARTESIAN_POINT('Ctrl Pts',(4.67529649636473,-6.85402348428395,2.00050080108642));
#4653=CARTESIAN_POINT('Ctrl Pts',(5.33243208288983,-6.53701567556728,2.00050080108642));
#4654=CARTESIAN_POINT('Ctrl Pts',(5.74589499515579,-6.02080606322733,2.00050080108642));
#4655=CARTESIAN_POINT('Ctrl Pts',(6.05599217935527,-5.63364885397237,2.00050080108642));
#4656=CARTESIAN_POINT('Ctrl Pts',(6.22902348428398,-5.13444063017932,2.00050080108642));
#4657=CARTESIAN_POINT('Ctrl Pts',(6.22902348428398,-4.63687303162315,2.00050080108642));
#4658=CARTESIAN_POINT('',(-0.896052667588488,-6.85402348483329,2.00050080108642));
#4659=CARTESIAN_POINT('',(-8.0089250358742,-6.85402348483328,2.00050080108642));
#4660=CARTESIAN_POINT('',(-1.39597651516668,-7.35394733241148,2.00050080108642));
#4661=CARTESIAN_POINT('Origin',(-0.89590035114473,-7.35409964885524,2.00050080108642));
#4662=CARTESIAN_POINT('',(-1.39597651516669,-12.2618730316232,2.00050080108642));
#4663=CARTESIAN_POINT('',(-1.39597651516668,3.5625039920267,2.00050080108642));
#4664=CARTESIAN_POINT('',(-3.61312696837682,-14.4790234848333,2.00050080108642));
#4665=CARTESIAN_POINT('Ctrl Pts',(-3.61312696837682,-14.479023484284,2.00050080108642));
#4666=CARTESIAN_POINT('Ctrl Pts',(-2.94970350363527,-14.479023484284,2.00050080108642));
#4667=CARTESIAN_POINT('Ctrl Pts',(-2.29269384660591,-14.1618644816052,2.00050080108642));
#4668=CARTESIAN_POINT('Ctrl Pts',(-1.87921294441198,-13.6456764684027,2.00050080108642));
#4669=CARTESIAN_POINT('Ctrl Pts',(-1.56910226776654,-13.2585354585008,2.00050080108642));
#4670=CARTESIAN_POINT('Ctrl Pts',(-1.39597651571602,-12.7594406301793,2.00050080108642));
#4671=CARTESIAN_POINT('Ctrl Pts',(-1.39597651571602,-12.2618730316232,2.00050080108642));
#4672=CARTESIAN_POINT('',(-12.8868730316231,-14.4790234848333,2.00050080108642));
#4673=CARTESIAN_POINT('',(-11.8214250358742,-14.4790234848333,2.00050080108642));
#4674=CARTESIAN_POINT('',(-15.1040234848332,-12.2618730316231,2.00050080108642));
#4675=CARTESIAN_POINT('Ctrl Pts',(-15.1040234842839,-12.2618730316231,2.00050080108642));
#4676=CARTESIAN_POINT('Ctrl Pts',(-15.1040234842839,-12.7594406301793,2.00050080108642));
#4677=CARTESIAN_POINT('Ctrl Pts',(-14.9307881530222,-13.258403895081,2.00050080108642));
#4678=CARTESIAN_POINT('Ctrl Pts',(-14.6206618222037,-13.6455261102087,2.00050080108642));
#4679=CARTESIAN_POINT('Ctrl Pts',(-14.207160047779,-14.1616890637122,2.00050080108642));
#4680=CARTESIAN_POINT('Ctrl Pts',(-13.5502964963647,-14.479023484284,2.00050080108642));
#4681=CARTESIAN_POINT('Ctrl Pts',(-12.8868730316231,-14.479023484284,2.00050080108642));
#4682=CARTESIAN_POINT('',(-15.1040234848332,-7.35394733241148,2.00050080108642));
#4683=CARTESIAN_POINT('',(-15.1040234848332,0.849851687183101,2.00050080108642));
#4684=CARTESIAN_POINT('',(-15.6039473324114,-6.85402348483328,2.00050080108643));
#4685=CARTESIAN_POINT('Origin',(-15.6040996488552,-7.35409964885524,2.00050080108642));
#4686=CARTESIAN_POINT('',(-20.5118730316231,-6.85402348483328,2.00050080108643));
#4687=CARTESIAN_POINT('',(-17.5581457626537,-6.85402348483328,2.00050080108643));
#4688=CARTESIAN_POINT('',(-22.7290234848333,-4.63687303162315,2.00050080108643));
#4689=CARTESIAN_POINT('Ctrl Pts',(-22.7290234842839,-4.63687303162315,2.00050080108643));
#4690=CARTESIAN_POINT('Ctrl Pts',(-22.7290234842839,-5.3002964963647,2.00050080108643));
#4691=CARTESIAN_POINT('Ctrl Pts',(-22.4116890637121,-5.95716004777907,2.00050080108643));
#4692=CARTESIAN_POINT('Ctrl Pts',(-21.8955261102086,-6.37066182220371,2.00050080108643));
#4693=CARTESIAN_POINT('Ctrl Pts',(-21.508403895081,-6.68078815302219,2.00050080108643));
#4694=CARTESIAN_POINT('Ctrl Pts',(-21.0094406301793,-6.85402348428395,2.00050080108643));
#4695=CARTESIAN_POINT('Ctrl Pts',(-20.5118730316231,-6.85402348428395,2.00050080108643));
#4696=CARTESIAN_POINT('',(-22.7290234848332,4.63687303162314,2.00050080108643));
#4697=CARTESIAN_POINT('',(-22.7290234848333,4.6623516871831,2.00050080108643));
#4698=CARTESIAN_POINT('',(-22.3346281088007,5.89922280586791,2.00050080108643));
#4699=CARTESIAN_POINT('Ctrl Pts',(-22.3346281088007,5.89922280586791,2.00050080108643));
#4700=CARTESIAN_POINT('Ctrl Pts',(-22.5894762252059,5.53121650454134,2.00050080108643));
#4701=CARTESIAN_POINT('Ctrl Pts',(-22.7290234842839,5.08455207006034,2.00050080108643));
#4702=CARTESIAN_POINT('Ctrl Pts',(-22.7290234842839,4.63687303162314,2.00050080108643));
#4703=CARTESIAN_POINT('',(-22.5587992091718,6.20402472831023,2.00050080108643));
#4704=CARTESIAN_POINT('Ctrl Pts',(-22.5587992091718,6.20402472831023,2.00050080108643));
#4705=CARTESIAN_POINT('Ctrl Pts',(-22.5460749016268,6.20800480961449,2.00050080108643));
#4706=CARTESIAN_POINT('Ctrl Pts',(-22.5330062463952,6.21063987629898,2.00050168444203));
#4707=CARTESIAN_POINT('Ctrl Pts',(-22.5197993301835,6.21197691670737,2.00050233923538));
#4708=CARTESIAN_POINT('Ctrl Pts',(-22.5072104811221,6.21325138529794,2.00050296338522));
#4709=CARTESIAN_POINT('Ctrl Pts',(-22.4944944828101,6.21334603464232,2.00050340313011));
#4710=CARTESIAN_POINT('Ctrl Pts',(-22.4818251462807,6.21225779316462,2.00050339732276));
#4711=CARTESIAN_POINT('Ctrl Pts',(-22.4685178085685,6.21111475013136,2.00050339122297));
#4712=CARTESIAN_POINT('Ctrl Pts',(-22.4553912023882,6.20867816317838,2.0005029025012));
#4713=CARTESIAN_POINT('Ctrl Pts',(-22.4426444777361,6.20496954970059,2.0005023491134));
#4714=CARTESIAN_POINT('Ctrl Pts',(-22.435001103251,6.20274573751311,2.00050201728304));
#4715=CARTESIAN_POINT('Ctrl Pts',(-22.4274942318578,6.20006355580546,2.0005016779961));
#4716=CARTESIAN_POINT('Ctrl Pts',(-22.4201689313041,6.19691885788157,2.00050152870404));
#4717=CARTESIAN_POINT('Ctrl Pts',(-22.4158742877762,6.19507519884166,2.00050144117777));
#4718=CARTESIAN_POINT('Ctrl Pts',(-22.4116421060012,6.19307243058936,2.00050142037038));
#4719=CARTESIAN_POINT('Ctrl Pts',(-22.4074790267586,6.19091617467799,2.00050143675419));
#4720=CARTESIAN_POINT('Ctrl Pts',(-22.3956153108384,6.18477139431392,2.00050148344387));
#4721=CARTESIAN_POINT('Ctrl Pts',(-22.3844260222935,6.17744341359506,2.00050182164084));
#4722=CARTESIAN_POINT('Ctrl Pts',(-22.3740444624146,6.16909909021296,2.0005020794876));
#4723=CARTESIAN_POINT('Ctrl Pts',(-22.3642032199608,6.16118905448874,2.00050232391449));
#4724=CARTESIAN_POINT('Ctrl Pts',(-22.3550869660976,6.15236437597492,2.00050252535705));
#4725=CARTESIAN_POINT('Ctrl Pts',(-22.3468361338963,6.1427333799066,2.00050257582448));
#4726=CARTESIAN_POINT('Ctrl Pts',(-22.3381437228729,6.1325869396023,2.0005026289929));
#4727=CARTESIAN_POINT('Ctrl Pts',(-22.3304959703319,6.12164428369879,2.00050253465679));
#4728=CARTESIAN_POINT('Ctrl Pts',(-22.3240377631795,6.11004837283066,2.00050223725893));
#4729=CARTESIAN_POINT('Ctrl Pts',(-22.322447215435,6.10719249511708,2.00050216401484));
#4730=CARTESIAN_POINT('Ctrl Pts',(-22.3209290072028,6.10429683335256,2.00050207879532));
#4731=CARTESIAN_POINT('Ctrl Pts',(-22.3194857070157,6.1013632440376,2.0005019805007));
#4732=CARTESIAN_POINT('Ctrl Pts',(-22.315357827675,6.09297309565712,2.00050169937533));
#4733=CARTESIAN_POINT('Ctrl Pts',(-22.3118417638315,6.08427290735121,2.00050131834858));
#4734=CARTESIAN_POINT('Ctrl Pts',(-22.3089460888716,6.07533173505483,2.00050099403611));
#4735=CARTESIAN_POINT('Ctrl Pts',(-22.3048264169879,6.06261114430281,2.0005005326373));
#4736=CARTESIAN_POINT('Ctrl Pts',(-22.3020002220456,6.0495272418721,2.00050022606099));
#4737=CARTESIAN_POINT('Ctrl Pts',(-22.3004613971676,6.03628887344371,2.00050026647137));
#4738=CARTESIAN_POINT('Ctrl Pts',(-22.299005027264,6.02375985755239,2.00050030471643));
#4739=CARTESIAN_POINT('Ctrl Pts',(-22.2987020201472,6.01109095841403,2.00050067363556));
#4740=CARTESIAN_POINT('Ctrl Pts',(-22.2995898654638,5.99845416471247,2.00050114469202));
#4741=CARTESIAN_POINT('Ctrl Pts',(-22.3004245000412,5.98657472493419,2.00050158751692));
#4742=CARTESIAN_POINT('Ctrl Pts',(-22.3023058452587,5.97481034296481,2.00050212169847));
#4743=CARTESIAN_POINT('Ctrl Pts',(-22.3052537128224,5.96330429460851,2.00050214950265));
#4744=CARTESIAN_POINT('Ctrl Pts',(-22.3067074135595,5.95763024358164,2.00050216321391));
#4745=CARTESIAN_POINT('Ctrl Pts',(-22.3084210017472,5.95201904822794,2.0005020475281));
#4746=CARTESIAN_POINT('Ctrl Pts',(-22.3103848175637,5.94648588445683,2.0005018922073));
#4747=CARTESIAN_POINT('Ctrl Pts',(-22.3148369580081,5.93394172323555,2.00050154008161));
#4748=CARTESIAN_POINT('Ctrl Pts',(-22.3205422845262,5.92188056473426,2.0005010469129));
#4749=CARTESIAN_POINT('Ctrl Pts',(-22.3273739078821,5.9104745213971,2.00050088186476));
#4750=CARTESIAN_POINT('Ctrl Pts',(-22.3296660100446,5.90664763937549,2.00050082648887));
#4751=CARTESIAN_POINT('Ctrl Pts',(-22.3320853011708,5.90289467480758,2.00050080109734));
#4752=CARTESIAN_POINT('Ctrl Pts',(-22.3346281088008,5.8992228058679,2.00050080108643));
#4753=CARTESIAN_POINT('',(-23.2298349422112,6.00760126658179,2.00050080108643));
#4754=CARTESIAN_POINT('Origin',(-28.2340376004034,24.3477442056389,2.00050080108643));
#4755=CARTESIAN_POINT('',(-23.5710514988748,5.68770327986837,2.00050080108643));
#4756=CARTESIAN_POINT('Ctrl Pts',(-23.5710514988748,5.68770327986837,2.00050080108643));
#4757=CARTESIAN_POINT('Ctrl Pts',(-23.5626493112535,5.71216626788772,2.00050080102426));
#4758=CARTESIAN_POINT('Ctrl Pts',(-23.5522677086017,5.73578423772511,2.00050376745666));
#4759=CARTESIAN_POINT('Ctrl Pts',(-23.5401216935466,5.75843255804438,2.00050727102889));
#4760=CARTESIAN_POINT('Ctrl Pts',(-23.5275897764935,5.78180045857334,2.00051088591627));
#4761=CARTESIAN_POINT('Ctrl Pts',(-23.5131788161447,5.80413714400526,2.00051506769275));
#4762=CARTESIAN_POINT('Ctrl Pts',(-23.4970754253011,5.82528226425159,2.00051815527193));
#4763=CARTESIAN_POINT('Ctrl Pts',(-23.4895039178338,5.83522429679584,2.00051960699282));
#4764=CARTESIAN_POINT('Ctrl Pts',(-23.4815576366253,5.84490248162825,2.00052083147281));
#4765=CARTESIAN_POINT('Ctrl Pts',(-23.4732531022572,5.8542974130498,2.00052173436967));
#4766=CARTESIAN_POINT('Ctrl Pts',(-23.4556020452708,5.87426607866734,2.00052365345186));
#4767=CARTESIAN_POINT('Ctrl Pts',(-23.4364549555088,5.89282181147422,2.00052403547724));
#4768=CARTESIAN_POINT('Ctrl Pts',(-23.4160043980725,5.9098082092771,2.00052277826485));
#4769=CARTESIAN_POINT('Ctrl Pts',(-23.3990681744333,5.92387557310861,2.0005217370986));
#4770=CARTESIAN_POINT('Ctrl Pts',(-23.381236847158,5.93686640712198,2.0005195901125));
#4771=CARTESIAN_POINT('Ctrl Pts',(-23.3626025610366,5.94867100039949,2.00051681279457));
#4772=CARTESIAN_POINT('Ctrl Pts',(-23.3404099293372,5.96272976225712,2.00051350512862));
#4773=CARTESIAN_POINT('Ctrl Pts',(-23.3172067694131,5.97502601180909,2.00050930347701));
#4774=CARTESIAN_POINT('Ctrl Pts',(-23.2931612795204,5.98539457067574,2.00050593312504));
#4775=CARTESIAN_POINT('Ctrl Pts',(-23.2726362707963,5.99424507703452,2.00050305622364));
#4776=CARTESIAN_POINT('Ctrl Pts',(-23.2514966267728,6.00169076644694,2.00050080103246));
#4777=CARTESIAN_POINT('Ctrl Pts',(-23.2298349422112,6.00760126658179,2.00050080108643));
#4778=CARTESIAN_POINT('',(-23.746478546383,4.63687303162314,2.00050080108643));
#4779=CARTESIAN_POINT('Ctrl Pts',(-23.7464785463822,4.63687303162314,2.00050080108643));
#4780=CARTESIAN_POINT('Ctrl Pts',(-23.7464785463822,4.99361952167404,2.00050080108643));
#4781=CARTESIAN_POINT('Ctrl Pts',(-23.6869382691465,5.35029881424683,2.00050080108643));
#4782=CARTESIAN_POINT('Ctrl Pts',(-23.5710514988748,5.68770327986836,2.00050080108643));
#4783=CARTESIAN_POINT('',(-23.746478546383,-4.63687303162315,2.00050080108643));
#4784=CARTESIAN_POINT('',(-23.7464785463829,9.29922471880624,2.00050080108643));
#4785=CARTESIAN_POINT('',(-20.5118730316231,-7.87147854638299,2.00050080108643));
#4786=CARTESIAN_POINT('Ctrl Pts',(-20.5118730316231,-7.87147854638227,2.00050080108643));
#4787=CARTESIAN_POINT('Ctrl Pts',(-21.2377127509325,-7.87147854638227,2.00050080108643));
#4788=CARTESIAN_POINT('Ctrl Pts',(-21.9657430963758,-7.61878424562798,2.00050080108643));
#4789=CARTESIAN_POINT('Ctrl Pts',(-22.5305411489707,-7.16633050876268,2.00050080108643));
#4790=CARTESIAN_POINT('Ctrl Pts',(-23.2836052190973,-6.56305885960896,2.00050080108643));
#4791=CARTESIAN_POINT('Ctrl Pts',(-23.7464785463822,-5.60465932403569,2.00050080108643));
#4792=CARTESIAN_POINT('Ctrl Pts',(-23.7464785463822,-4.63687303162315,2.00050080108643));
#4793=CARTESIAN_POINT('',(-20.2707980674974,-7.87147854638299,2.00050080108643));
#4794=CARTESIAN_POINT('',(-12.8868730316231,-15.496478546383,2.00050080108642));
#4795=CARTESIAN_POINT('Ctrl Pts',(-12.8868730316231,-15.4964785463823,2.00050080108643));
#4796=CARTESIAN_POINT('Ctrl Pts',(-13.8546593240357,-15.4964785463823,2.00050080108643));
#4797=CARTESIAN_POINT('Ctrl Pts',(-14.8130588596089,-15.0336052190973,2.00050080108643));
#4798=CARTESIAN_POINT('Ctrl Pts',(-15.4163305087626,-14.2805411489708,2.00050080108643));
#4799=CARTESIAN_POINT('Ctrl Pts',(-15.8687842456279,-13.7157430963759,2.00050080108643));
#4800=CARTESIAN_POINT('Ctrl Pts',(-16.1214785463822,-12.9877127509326,2.00050080108643));
#4801=CARTESIAN_POINT('Ctrl Pts',(-16.1214785463822,-12.2618730316231,2.00050080108643));
#4802=CARTESIAN_POINT('',(-3.61312696837682,-15.496478546383,2.00050080108642));
#4803=CARTESIAN_POINT('',(-16.4582980674973,-15.496478546383,2.00050080108643));
#4804=CARTESIAN_POINT('',(-0.378521453616982,-12.2618730316232,2.00050080108642));
#4805=CARTESIAN_POINT('Ctrl Pts',(-0.378521453617694,-12.2618730316232,
2.00050080108642));
#4806=CARTESIAN_POINT('Ctrl Pts',(-0.378521453617696,-12.9877127509326,
2.00050080108642));
#4807=CARTESIAN_POINT('Ctrl Pts',(-0.631061504475191,-13.7159481906795,
2.00050080108642));
#4808=CARTESIAN_POINT('Ctrl Pts',(-1.08349320564094,-14.2807755424606,2.00050080108642));
#4809=CARTESIAN_POINT('Ctrl Pts',(-1.68673547386194,-15.0338786781688,2.00050080108642));
#4810=CARTESIAN_POINT('Ctrl Pts',(-2.64534067596427,-15.4964785463823,2.00050080108642));
#4811=CARTESIAN_POINT('Ctrl Pts',(-3.61312696837682,-15.4964785463823,2.00050080108642));
#4812=CARTESIAN_POINT('',(-0.378521453616976,0.849851687183088,2.00050080108642));
#4813=CARTESIAN_POINT('',(7.24647854638231,-4.63687303162315,2.00050080108642));
#4814=CARTESIAN_POINT('Ctrl Pts',(7.24647854638231,-4.63687303162315,2.00050080108642));
#4815=CARTESIAN_POINT('Ctrl Pts',(7.24647854638231,-5.36271275093256,2.00050080108642));
#4816=CARTESIAN_POINT('Ctrl Pts',(6.99405127200746,-6.09109814095264,2.00050080108642));
#4817=CARTESIAN_POINT('Ctrl Pts',(6.54163568176781,-6.65594691420138,2.00050080108642));
#4818=CARTESIAN_POINT('Ctrl Pts',(5.9384148947816,-7.40907861186636,2.00050080108642));
#4819=CARTESIAN_POINT('Ctrl Pts',(4.97965932403573,-7.87147854638228,2.00050080108642));
#4820=CARTESIAN_POINT('Ctrl Pts',(4.01187303162319,-7.87147854638228,2.00050080108642));
#4821=CARTESIAN_POINT('',(7.246478116387,4.66235231861574,2.00050080108642));
#4822=CARTESIAN_POINT('Origin',(7.21156813927766,1.4759820261199,0.000501111030566802));
#4823=CARTESIAN_POINT('',(6.35864055026117,1.47603573857986,0.00358055527955531));
#4824=CARTESIAN_POINT('',(6.44430739292783,1.47606206561179,0.00508860298979036));
#4825=CARTESIAN_POINT('Origin',(6.35864052714471,1.97595958615805,-0.00514564793908646));
#4826=CARTESIAN_POINT('',(5.85871667956651,1.97595956304158,0.0035805552795554));
#4827=CARTESIAN_POINT('Origin',(5.85866295078616,1.47598196356088,0.000501111030567908));
#4828=CARTESIAN_POINT('Origin',(5.31506398021706,7.06801536236793,-0.0645848702966119));
#4829=CARTESIAN_POINT('',(5.3510340264715,6.85402348483327,2.00050080108642));
#4830=CARTESIAN_POINT('Origin',(5.35111018469339,7.10406156684425,2.00050080108642));
#4831=CARTESIAN_POINT('',(5.31506398021706,6.81805343857883,-0.0602217686872911));
#4832=CARTESIAN_POINT('Origin',(-1.41343157806404,6.81911601887736,0.000653415844698354));
#4833=CARTESIAN_POINT('',(-0.896052667588493,6.85402348483328,2.00050080108642));
#4834=CARTESIAN_POINT('',(-10.7215773407178,6.85402348483329,2.00050080108642));
#4835=CARTESIAN_POINT('',(-0.930281057420506,6.81979509500127,0.0395576609276529));
#4836=CARTESIAN_POINT('Origin',(-20.0297231033716,13.9615764059893,2.00050080108643));
#4837=CARTESIAN_POINT('',(-7.23174248055714,7.87147854638298,2.00050080108642));
#4838=CARTESIAN_POINT('',(-3.61312696837683,15.496478546383,2.00050080108642));
#4839=CARTESIAN_POINT('Ctrl Pts',(-3.61312696837683,15.4964785463823,2.00050080108642));
#4840=CARTESIAN_POINT('Ctrl Pts',(-2.64534067596428,15.4964785463823,2.00050080108642));
#4841=CARTESIAN_POINT('Ctrl Pts',(-1.68673547386194,15.0338786781687,2.00050080108642));
#4842=CARTESIAN_POINT('Ctrl Pts',(-1.08349320564094,14.2807755424606,2.00050080108642));
#4843=CARTESIAN_POINT('Ctrl Pts',(-0.631061504475194,13.7159481906794,2.00050080108642));
#4844=CARTESIAN_POINT('Ctrl Pts',(-0.378521453617699,12.9877127509326,2.00050080108642));
#4845=CARTESIAN_POINT('Ctrl Pts',(-0.378521453617698,12.2618730316231,2.00050080108642));
#4846=CARTESIAN_POINT('',(-12.1130434695478,15.496478546383,2.00050080108642));
#4847=CARTESIAN_POINT('',(-11.8214250358742,15.496478546383,2.00050080108642));
#4848=CARTESIAN_POINT('',(-12.5767759043774,15.1833060904044,2.00050080108642));
#4849=CARTESIAN_POINT('Ctrl Pts',(-12.5767759043774,15.1833060904044,2.00050080108642));
#4850=CARTESIAN_POINT('Ctrl Pts',(-12.5669717738433,15.2076512543619,2.00050080108791));
#4851=CARTESIAN_POINT('Ctrl Pts',(-12.5552535193482,15.2311239953718,2.0005013293039));
#4852=CARTESIAN_POINT('Ctrl Pts',(-12.5418026876807,15.2535375324136,2.00050151930286));
#4853=CARTESIAN_POINT('Ctrl Pts',(-12.5282577203909,15.276107930556,2.00050171063153));
#4854=CARTESIAN_POINT('Ctrl Pts',(-12.5129550774802,15.2976054030153,2.00050154780797));
#4855=CARTESIAN_POINT('Ctrl Pts',(-12.4960343931258,15.3178152668405,2.00050110345889));
#4856=CARTESIAN_POINT('Ctrl Pts',(-12.488075702425,15.3273210322056,2.00050089445807));
#4857=CARTESIAN_POINT('Ctrl Pts',(-12.479758466781,15.3365414873024,2.00050063790653));
#4858=CARTESIAN_POINT('Ctrl Pts',(-12.4710944815209,15.3454513450041,2.00050042504967));
#4859=CARTESIAN_POINT('Ctrl Pts',(-12.4571639104091,15.3597772472974,2.0005000828033));
#4860=CARTESIAN_POINT('Ctrl Pts',(-12.4424183922277,15.3732175483008,2.00049983253906));
#4861=CARTESIAN_POINT('Ctrl Pts',(-12.4269265326487,15.3856871151365,2.00050032937485));
#4862=CARTESIAN_POINT('Ctrl Pts',(-12.4063345983144,15.4022617877992,2.00050098977394));
#4863=CARTESIAN_POINT('Ctrl Pts',(-12.3844247155605,15.4171234570532,2.0005029255896));
#4864=CARTESIAN_POINT('Ctrl Pts',(-12.3614381938605,15.4302026625226,2.00050445264972));
#4865=CARTESIAN_POINT('Ctrl Pts',(-12.3453966640065,15.4393302055124,2.00050551833424));
#4866=CARTESIAN_POINT('Ctrl Pts',(-12.328829951227,15.447588824257,2.00050640937937));
#4867=CARTESIAN_POINT('Ctrl Pts',(-12.3118137802706,15.4549412877738,2.00050686531513));
#4868=CARTESIAN_POINT('Ctrl Pts',(-12.2874737150054,15.4654583096302,2.00050751748924));
#4869=CARTESIAN_POINT('Ctrl Pts',(-12.2623582120822,15.4740614333284,2.0005072344093));
#4870=CARTESIAN_POINT('Ctrl Pts',(-12.2367023758636,15.4806672809484,2.00050620163083));
#4871=CARTESIAN_POINT('Ctrl Pts',(-12.2293548115071,15.4825591269246,2.00050590585383));
#4872=CARTESIAN_POINT('Ctrl Pts',(-12.2219628194578,15.4842868509334,2.00050555525063));
#4873=CARTESIAN_POINT('Ctrl Pts',(-12.2145317260416,15.4858477283483,2.00050516986466));
#4874=CARTESIAN_POINT('Ctrl Pts',(-12.1887795430541,15.4912568920553,2.00050383432362));
#4875=CARTESIAN_POINT('Ctrl Pts',(-12.1626624089863,15.4946443282327,2.00050201388283));
#4876=CARTESIAN_POINT('Ctrl Pts',(-12.1364053795374,15.495913139821,2.00050119308348));
#4877=CARTESIAN_POINT('Ctrl Pts',(-12.1286284642999,15.4962889416684,2.00050094997574));
#4878=CARTESIAN_POINT('Ctrl Pts',(-12.1208392276603,15.4964785462113,2.00050080109038));
#4879=CARTESIAN_POINT('Ctrl Pts',(-12.1130434695478,15.496478546383,2.00050080108642));
#4880=CARTESIAN_POINT('',(-12.7578201151124,14.7529128470866,2.00050080108642));
#4881=CARTESIAN_POINT('Origin',(-26.6988300458658,20.8704503681975,2.00050080108643));
#4882=CARTESIAN_POINT('',(-12.5612493011626,14.4729206324755,2.00050080108642));
#4883=CARTESIAN_POINT('Ctrl Pts',(-12.5612493011626,14.4729206324755,2.00050080108642));
#4884=CARTESIAN_POINT('Ctrl Pts',(-12.5745551746271,14.472028740985,2.00050080105768));
#4885=CARTESIAN_POINT('Ctrl Pts',(-12.5878750941723,14.47251307103,2.00050023360819));
#4886=CARTESIAN_POINT('Ctrl Pts',(-12.6010231418268,14.4742910158152,2.00049992334209));
#4887=CARTESIAN_POINT('Ctrl Pts',(-12.613551428535,14.4759851534246,2.00049962770104));
#4888=CARTESIAN_POINT('Ctrl Pts',(-12.6259250241144,14.4788545514514,2.00049953749362));
#4889=CARTESIAN_POINT('Ctrl Pts',(-12.637977315546,14.4828713334654,2.00049970549454));
#4890=CARTESIAN_POINT('Ctrl Pts',(-12.6504584815576,14.4870310505976,2.00049987947368));
#4891=CARTESIAN_POINT('Ctrl Pts',(-12.6624756863982,14.4923812383706,2.00050031268968));
#4892=CARTESIAN_POINT('Ctrl Pts',(-12.6738517043082,14.4988676128484,2.00050046758509));
#4893=CARTESIAN_POINT('Ctrl Pts',(-12.6849944576797,14.5052209846216,2.00050061930437));
#4894=CARTESIAN_POINT('Ctrl Pts',(-12.6955232840772,14.5126652723934,2.00050047537768));
#4895=CARTESIAN_POINT('Ctrl Pts',(-12.7052915894844,14.5210850818993,2.00050037231267));
#4896=CARTESIAN_POINT('Ctrl Pts',(-12.7153913642458,14.5297906020483,2.00050026575033));
#4897=CARTESIAN_POINT('Ctrl Pts',(-12.7245804807053,14.5394544201086,2.00050018318611));
#4898=CARTESIAN_POINT('Ctrl Pts',(-12.7327132465445,14.5499300318875,2.0005002402344));
#4899=CARTESIAN_POINT('Ctrl Pts',(-12.7346613556149,14.5524393423396,2.00050025389965));
#4900=CARTESIAN_POINT('Ctrl Pts',(-12.7365487009356,14.5549954117223,2.00050027436017));
#4901=CARTESIAN_POINT('Ctrl Pts',(-12.7383729587505,14.5575965342356,2.00050030183103));
#4902=CARTESIAN_POINT('Ctrl Pts',(-12.7438210798346,14.565364751146,2.00050038387238));
#4903=CARTESIAN_POINT('Ctrl Pts',(-12.7487074496137,14.5735344421314,2.00050052350563));
#4904=CARTESIAN_POINT('Ctrl Pts',(-12.7530059197049,14.5820397097898,2.00050064896841));
#4905=CARTESIAN_POINT('Ctrl Pts',(-12.7590298036041,14.5939590075439,2.00050082479218));
#4906=CARTESIAN_POINT('Ctrl Pts',(-12.7638426603656,14.6064206830075,2.00050093956253));
#4907=CARTESIAN_POINT('Ctrl Pts',(-12.7674008971989,14.6192292510238,2.00050092241703));
#4908=CARTESIAN_POINT('Ctrl Pts',(-12.7707811361264,14.6313970808349,2.00050090612921));
#4909=CARTESIAN_POINT('Ctrl Pts',(-12.7730292390218,14.6438794533246,2.000500744748));
#4910=CARTESIAN_POINT('Ctrl Pts',(-12.7740658430679,14.6565203249372,2.00050067708972));
#4911=CARTESIAN_POINT('Ctrl Pts',(-12.7743602249538,14.6601101658593,2.00050065787567));
#4912=CARTESIAN_POINT('Ctrl Pts',(-12.7745559936346,14.6637051266429,2.00050064809569));
#4913=CARTESIAN_POINT('Ctrl Pts',(-12.7746519298952,14.6673015421956,2.00050065950222));
#4914=CARTESIAN_POINT('Ctrl Pts',(-12.7749945422221,14.6801452395943,2.00050070023776));
#4915=CARTESIAN_POINT('Ctrl Pts',(-12.7740674710312,14.6930077690641,2.00050096476166));
#4916=CARTESIAN_POINT('Ctrl Pts',(-12.7719186029603,14.7057068426728,2.00050103174924));
#4917=CARTESIAN_POINT('Ctrl Pts',(-12.769698675294,14.7188258541289,2.00050110095199));
#4918=CARTESIAN_POINT('Ctrl Pts',(-12.7661886651075,14.7316901409014,2.00050094641772));
#4919=CARTESIAN_POINT('Ctrl Pts',(-12.7614385955945,14.744098127811,2.00050084360135));
#4920=CARTESIAN_POINT('Ctrl Pts',(-12.7603033959575,14.7470634617283,2.00050081902968));
#4921=CARTESIAN_POINT('Ctrl Pts',(-12.7590971461303,14.7500026725203,2.00050080108642));
#4922=CARTESIAN_POINT('Ctrl Pts',(-12.7578201151124,14.7529128470866,2.00050080108642));
#4923=CARTESIAN_POINT('',(-12.3789504024837,14.4790234848333,2.00050080108642));
#4924=CARTESIAN_POINT('Ctrl Pts',(-12.3789504024837,14.4790234842839,2.00050080108642));
#4925=CARTESIAN_POINT('Ctrl Pts',(-12.4397760506823,14.4790234842839,2.00050080108642));
#4926=CARTESIAN_POINT('Ctrl Pts',(-12.5005763676713,14.4769875450761,2.00050080108642));
#4927=CARTESIAN_POINT('Ctrl Pts',(-12.5612493011626,14.4729206324755,2.00050080108642));
#4928=CARTESIAN_POINT('',(-3.61312696837683,14.4790234848333,2.00050080108642));
#4929=CARTESIAN_POINT('',(-16.2043367529276,14.4790234848333,2.00050080108642));
#4930=CARTESIAN_POINT('',(-1.39597651516669,12.2618730316231,2.00050080108642));
#4931=CARTESIAN_POINT('Ctrl Pts',(-1.39597651571602,12.2618730316231,2.00050080108642));
#4932=CARTESIAN_POINT('Ctrl Pts',(-1.39597651571603,12.7594406301793,2.00050080108642));
#4933=CARTESIAN_POINT('Ctrl Pts',(-1.56910226776654,13.2585354585008,2.00050080108642));
#4934=CARTESIAN_POINT('Ctrl Pts',(-1.87921294441199,13.6456764684027,2.00050080108642));
#4935=CARTESIAN_POINT('Ctrl Pts',(-2.29269384660592,14.1618644816052,2.00050080108642));
#4936=CARTESIAN_POINT('Ctrl Pts',(-2.94970350363528,14.4790234842839,2.00050080108642));
#4937=CARTESIAN_POINT('Ctrl Pts',(-3.61312696837683,14.4790234842839,2.00050080108642));
#4938=CARTESIAN_POINT('',(-1.39597651516669,7.35394733241147,2.00050080108642));
#4939=CARTESIAN_POINT('',(-1.39597651516669,13.1117247188063,2.00050080108642));
#4940=CARTESIAN_POINT('Origin',(-0.895900351144733,7.35409964885523,2.00050080108642));
#4941=CARTESIAN_POINT('Origin',(6.44430740448606,1.22610014182269,0.00945170459911125));
#4942=CARTESIAN_POINT('',(6.19434548069696,1.22610013026445,0.0138148062084322));
#4943=CARTESIAN_POINT('Ctrl Pts',(-12.5502576033932,14.4561452404512,1.00050094890595));
#4944=CARTESIAN_POINT('Ctrl Pts',(-12.5539416013916,14.4617824775214,1.33616115722309));
#4945=CARTESIAN_POINT('Ctrl Pts',(-12.5576311368496,14.4674132474464,1.67182142914861));
#4946=CARTESIAN_POINT('Ctrl Pts',(-12.5613261481047,14.4730376071394,2.00748176366134));
#4947=CARTESIAN_POINT('Ctrl Pts',(-12.5891955356936,14.4536701332475,1.00008666333564));
#4948=CARTESIAN_POINT('Ctrl Pts',(-12.592895341081,14.4592580852211,1.33574713871209));
#4949=CARTESIAN_POINT('Ctrl Pts',(-12.5966007231608,14.4648408040285,1.67140766403628));
#4950=CARTESIAN_POINT('Ctrl Pts',(-12.6003111791263,14.470416213697,2.0070682631979));
#4951=CARTESIAN_POINT('Ctrl Pts',(-12.6584438230627,14.4699598813501,0.999003338695124));
#4952=CARTESIAN_POINT('Ctrl Pts',(-12.6621976539574,14.4754818225439,1.33466391176849));
#4953=CARTESIAN_POINT('Ctrl Pts',(-12.6659563721404,14.4809976877142,1.67032454756658));
#4954=CARTESIAN_POINT('Ctrl Pts',(-12.6697201212955,14.4865073867294,2.00598524363627));
#4955=CARTESIAN_POINT('Ctrl Pts',(-12.7396533237418,14.544170525604,0.996809941629383));
#4956=CARTESIAN_POINT('Ctrl Pts',(-12.743510599907,14.549662465763,1.33247011242321));
#4957=CARTESIAN_POINT('Ctrl Pts',(-12.7473726331749,14.5551483060905,1.66813034236688));
#4958=CARTESIAN_POINT('Ctrl Pts',(-12.7512388700901,14.5606278185046,2.0037906396825));
#4959=CARTESIAN_POINT('Ctrl Pts',(-12.7714249712293,14.6407332266471,0.99482081913724));
#4960=CARTESIAN_POINT('Ctrl Pts',(-12.7753557685444,14.6462572218618,1.33048063022428));
#4961=CARTESIAN_POINT('Ctrl Pts',(-12.7792905838729,14.6517747686319,1.66614050956914));
#4962=CARTESIAN_POINT('Ctrl Pts',(-12.783229880363,14.657285778737,2.00180045034694));
#4963=CARTESIAN_POINT('Ctrl Pts',(-12.7577474965912,14.7094091293496,0.993830700508766));
#4964=CARTESIAN_POINT('Ctrl Pts',(-12.761694078312,14.7149730516966,1.32949071237635));
#4965=CARTESIAN_POINT('Ctrl Pts',(-12.7656455010883,14.7205296733585,1.66515078658626));
#4966=CARTESIAN_POINT('Ctrl Pts',(-12.7696006197913,14.7260802008346,2.000810926434));
#4967=CARTESIAN_POINT('Ctrl Pts',(-12.7459654886,14.7361947915014,0.993519986331034));
#4968=CARTESIAN_POINT('Ctrl Pts',(-12.7499127215107,14.741774257757,1.32918019464818));
#4969=CARTESIAN_POINT('Ctrl Pts',(-12.7538642780388,14.7473469204325,1.6648404665737));
#4970=CARTESIAN_POINT('Ctrl Pts',(-12.7578201151124,14.7529128470866,2.00050080108643));
#4971=CARTESIAN_POINT('Ctrl Pts',(-12.7578201151124,14.7529128470866,2.00050080108643));
#4972=CARTESIAN_POINT('Ctrl Pts',(-12.7538917021519,14.7473855066025,1.66716745497047));
#4973=CARTESIAN_POINT('Ctrl Pts',(-12.7499675105922,14.7418515231692,1.33383417057695));
#4974=CARTESIAN_POINT('Ctrl Pts',(-12.7460475826157,14.7363108306233,1.00050094890595));
#4975=CARTESIAN_POINT('Ctrl Pts',(-12.5502576033932,14.4561452404512,1.00050094890595));
#4976=CARTESIAN_POINT('Ctrl Pts',(-12.5539160618311,14.4617433970016,1.33383417056997));
#4977=CARTESIAN_POINT('Ctrl Pts',(-12.5575799812173,14.4673351757638,1.66716745496349));
#4978=CARTESIAN_POINT('Ctrl Pts',(-12.5612493011626,14.4729206324755,2.00050080108642));
#4979=CARTESIAN_POINT('Ctrl Pts',(-12.5600819062782,14.4555046515733,1.00050094885948));
#4980=CARTESIAN_POINT('Ctrl Pts',(-12.5604710379064,14.4613099785408,1.33383423293832));
#4981=CARTESIAN_POINT('Ctrl Pts',(-12.5608601695346,14.4671153055082,1.66716751701717));
#4982=CARTESIAN_POINT('Ctrl Pts',(-12.5612493011627,14.4729206324757,2.00050080109601));
#4983=CARTESIAN_POINT('Ctrl Pts',(-12.499795397758,14.4595456620708,1.00050094885948));
#4984=CARTESIAN_POINT('Ctrl Pts',(-12.5000550099689,14.4653596710859,1.33383423293832));
#4985=CARTESIAN_POINT('Ctrl Pts',(-12.5003146221457,14.4711736790574,1.66716751701717));
#4986=CARTESIAN_POINT('Ctrl Pts',(-12.5005742343567,14.4769876880726,2.00050080109601));
#4987=CARTESIAN_POINT('Ctrl Pts',(-12.4393731498783,14.4615684219351,1.00050094885948));
#4988=CARTESIAN_POINT('Ctrl Pts',(-12.4395029546795,14.4673867763994,1.33383423293832));
#4989=CARTESIAN_POINT('Ctrl Pts',(-12.4396327594576,14.4732051298198,1.66716751701717));
#4990=CARTESIAN_POINT('Ctrl Pts',(-12.4397625642588,14.4790234842841,2.00050080109601));
#4991=CARTESIAN_POINT('Ctrl Pts',(-12.3789504024837,14.4615684219351,1.00050094885948));
#4992=CARTESIAN_POINT('Ctrl Pts',(-12.3789504024837,14.4673867760514,1.33383423293832));
#4993=CARTESIAN_POINT('Ctrl Pts',(-12.3789504024837,14.4732051301678,1.66716751701717));
#4994=CARTESIAN_POINT('Ctrl Pts',(-12.3789504024837,14.4790234842841,2.00050080109601));
#4995=CARTESIAN_POINT('',(-12.3789504024837,14.4615684219359,1.00050091743469));
#4996=CARTESIAN_POINT('Ctrl Pts',(-15.4211898183335,10.2799645895339,0.993519986321449));
#4997=CARTESIAN_POINT('Ctrl Pts',(-15.4270288874357,10.2825712871051,1.32918026336438));
#4998=CARTESIAN_POINT('Ctrl Pts',(-15.4328679382494,10.2851787008935,1.66484053495669));
#4999=CARTESIAN_POINT('Ctrl Pts',(-15.4387069707246,10.2877868320724,2.00050080108643));
#5000=CARTESIAN_POINT('Ctrl Pts',(-15.388669536354,10.3095918713596,0.993859148052159));
#5001=CARTESIAN_POINT('Ctrl Pts',(-15.3945064672423,10.3121924653257,1.32951946777886));
#5002=CARTESIAN_POINT('Ctrl Pts',(-15.4003435176634,10.3147937695388,1.66517977999938));
#5003=CARTESIAN_POINT('Ctrl Pts',(-15.4061804119984,10.3173957880864,2.00084008886431));
#5004=CARTESIAN_POINT('Ctrl Pts',(-15.3034576710171,10.3464812466105,0.99506204043268));
#5005=CARTESIAN_POINT('Ctrl Pts',(-15.3092958959315,10.3490696205656,1.33072238004425));
#5006=CARTESIAN_POINT('Ctrl Pts',(-15.315134099812,10.3516587386965,1.66638271424226));
#5007=CARTESIAN_POINT('Ctrl Pts',(-15.3209722948019,10.3542485218587,2.00204304301315));
#5008=CARTESIAN_POINT('Ctrl Pts',(-15.168420752933,10.3119345533458,0.997685538395805));
#5009=CARTESIAN_POINT('Ctrl Pts',(-15.1742703460827,10.314514782483,1.33334579094993));
#5010=CARTESIAN_POINT('Ctrl Pts',(-15.1801200053889,10.3170957016086,1.66900603690843));
#5011=CARTESIAN_POINT('Ctrl Pts',(-15.1859695861514,10.319677332564,2.0046662785212));
#5012=CARTESIAN_POINT('Ctrl Pts',(-15.0973260620985,10.2201849290611,0.999634062501078));
#5013=CARTESIAN_POINT('Ctrl Pts',(-15.10318380772,10.2227683429273,1.33529427703992));
#5014=CARTESIAN_POINT('Ctrl Pts',(-15.1090415042934,10.2253524720895,1.67095448687719));
#5015=CARTESIAN_POINT('Ctrl Pts',(-15.1148992481293,10.2279372935996,2.00661469042923));
#5016=CARTESIAN_POINT('Ctrl Pts',(-15.08656546244,10.1541207689398,1.00033136803101));
#5017=CARTESIAN_POINT('Ctrl Pts',(-15.0924244090989,10.1567080657294,1.33599162448002));
#5018=CARTESIAN_POINT('Ctrl Pts',(-15.098283430397,10.1592960425016,1.67165187426165));
#5019=CARTESIAN_POINT('Ctrl Pts',(-15.1041423768432,10.1618847525811,2.0073121197724));
#5020=CARTESIAN_POINT('Ctrl Pts',(-15.0865684224851,10.1321244934974,1.00050094889636));
#5021=CARTESIAN_POINT('Ctrl Pts',(-15.0924273944147,10.1347130636949,1.3361612259393));
#5022=CARTESIAN_POINT('Ctrl Pts',(-15.0982863662491,10.1373023408924,1.6718214975316));
#5023=CARTESIAN_POINT('Ctrl Pts',(-15.1041453379883,10.1398923262499,2.00748176366134));
#5024=CARTESIAN_POINT('',(-15.4387069707246,10.2877868320724,2.00050080108643));
#5025=CARTESIAN_POINT('',(-15.1040234848333,10.1398384606054,2.00050080108642));
#5026=CARTESIAN_POINT('Ctrl Pts',(-15.4387069707246,10.2877868320724,2.00050080108642));
#5027=CARTESIAN_POINT('Ctrl Pts',(-15.4288437866219,10.2967628693606,2.00050080108642));
#5028=CARTESIAN_POINT('Ctrl Pts',(-15.4181050359463,10.304670647636,2.00050154589454));
#5029=CARTESIAN_POINT('Ctrl Pts',(-15.4066945563004,10.3114598223774,2.00050204298563));
#5030=CARTESIAN_POINT('Ctrl Pts',(-15.3958238643676,10.3179278262985,2.00050251656117));
#5031=CARTESIAN_POINT('Ctrl Pts',(-15.38434193953,10.3233808301359,2.00050279033572));
#5032=CARTESIAN_POINT('Ctrl Pts',(-15.3724024018266,10.3277376416278,2.00050269178108));
#5033=CARTESIAN_POINT('Ctrl Pts',(-15.3598538242184,10.3323166955652,2.00050258819913));
#5034=CARTESIAN_POINT('Ctrl Pts',(-15.346921814077,10.3356407203033,2.00050208549457));
#5035=CARTESIAN_POINT('Ctrl Pts',(-15.3337932740967,10.3376392533331,2.00050166950564));
#5036=CARTESIAN_POINT('Ctrl Pts',(-15.3291326877461,10.3383487256562,2.000501521831));
#5037=CARTESIAN_POINT('Ctrl Pts',(-15.3244471580141,10.3388907138121,2.00050139157289));
#5038=CARTESIAN_POINT('Ctrl Pts',(-15.3197446757359,10.3392605169719,2.00050131888604));
#5039=CARTESIAN_POINT('Ctrl Pts',(-15.3118556340212,10.3398809111342,2.00050119694415));
#5040=CARTESIAN_POINT('Ctrl Pts',(-15.30391879017,10.3400170334475,2.00050123602019));
#5041=CARTESIAN_POINT('Ctrl Pts',(-15.2959757454365,10.339677414195,2.00050132104831));
#5042=CARTESIAN_POINT('Ctrl Pts',(-15.2826168773645,10.3391062316142,2.00050146405134));
#5043=CARTESIAN_POINT('Ctrl Pts',(-15.2693701248083,10.3371979475222,2.00050173722287));
#5044=CARTESIAN_POINT('Ctrl Pts',(-15.2564315857943,10.3340282633555,2.00050189549681));
#5045=CARTESIAN_POINT('Ctrl Pts',(-15.2441694684972,10.3310242890269,2.00050204549625));
#5046=CARTESIAN_POINT('Ctrl Pts',(-15.2321828200124,10.3268866065415,2.00050212184477));
#5047=CARTESIAN_POINT('Ctrl Pts',(-15.2206488233298,10.3216377149802,2.00050206044116));
#5048=CARTESIAN_POINT('Ctrl Pts',(-15.2114427725214,10.3174482250982,2.00050201143085));
#5049=CARTESIAN_POINT('Ctrl Pts',(-15.2025931404288,10.3125807899742,2.0005018878402));
#5050=CARTESIAN_POINT('Ctrl Pts',(-15.1941842241198,10.3070594997233,2.00050165197194));
#5051=CARTESIAN_POINT('Ctrl Pts',(-15.1830847012435,10.2997715585433,2.00050134063277));
#5052=CARTESIAN_POINT('Ctrl Pts',(-15.172751076636,10.2913453973288,2.00050086030346));
#5053=CARTESIAN_POINT('Ctrl Pts',(-15.1633022012925,10.28194348701,2.00050060756515));
#5054=CARTESIAN_POINT('Ctrl Pts',(-15.1614767410759,10.2801271001256,2.00050055873778));
#5055=CARTESIAN_POINT('Ctrl Pts',(-15.1596844151616,10.2782741861318,2.00050051728414));
#5056=CARTESIAN_POINT('Ctrl Pts',(-15.1579262544406,10.2763857763553,2.00050048411035));
#5057=CARTESIAN_POINT('Ctrl Pts',(-15.1488234282634,10.2666085894676,2.00050031235399));
#5058=CARTESIAN_POINT('Ctrl Pts',(-15.1407215228263,10.2559774947683,2.0005004223246));
#5059=CARTESIAN_POINT('Ctrl Pts',(-15.1337292819401,10.2446646359435,2.00050073828051));
#5060=CARTESIAN_POINT('Ctrl Pts',(-15.1270859685228,10.2339163124743,2.00050103846955));
#5061=CARTESIAN_POINT('Ctrl Pts',(-15.1214437534383,10.2225511881838,2.00050154539141));
#5062=CARTESIAN_POINT('Ctrl Pts',(-15.1169330658485,10.2106941475304,2.00050172091697));
#5063=CARTESIAN_POINT('Ctrl Pts',(-15.1161705140653,10.2086896621136,2.00050175059035));
#5064=CARTESIAN_POINT('Ctrl Pts',(-15.1154415456332,10.2066740936971,2.0005017697858));
#5065=CARTESIAN_POINT('Ctrl Pts',(-15.1147466176073,10.2046481224834,2.00050177417332));
#5066=CARTESIAN_POINT('Ctrl Pts',(-15.1104313826994,10.1920676229529,2.0005018014181));
#5067=CARTESIAN_POINT('Ctrl Pts',(-15.1074245500163,10.1790875165228,2.000501318795));
#5068=CARTESIAN_POINT('Ctrl Pts',(-15.1057119243901,10.16592098669,2.00050105928636));
#5069=CARTESIAN_POINT('Ctrl Pts',(-15.1045889828791,10.1572879015142,2.00050088913065));
#5070=CARTESIAN_POINT('Ctrl Pts',(-15.1040234850349,10.1485741156537,2.00050080108318));
#5071=CARTESIAN_POINT('Ctrl Pts',(-15.1040234848332,10.1398384606054,2.00050080108642));
#5072=CARTESIAN_POINT('Ctrl Pts',(-15.1040234848332,10.1398384606054,2.00050080108642));
#5073=CARTESIAN_POINT('Ctrl Pts',(-15.0982051308111,10.1372664402473,1.66716752240618));
#5074=CARTESIAN_POINT('Ctrl Pts',(-15.092386776695,10.1346951182567,1.33383423833893));
#5075=CARTESIAN_POINT('Ctrl Pts',(-15.0865684224851,10.1321244934974,1.00050094889636));
#5076=CARTESIAN_POINT('Ctrl Pts',(-15.4213112575529,10.2800188029578,1.00050094890595));
#5077=CARTESIAN_POINT('Ctrl Pts',(-15.4271098466626,10.2826074392838,1.33383423834541));
#5078=CARTESIAN_POINT('Ctrl Pts',(-15.4329084177362,10.2851967819389,1.66716752240946));
#5079=CARTESIAN_POINT('Ctrl Pts',(-15.4387069707246,10.2877868320724,2.00050080108643));
#5080=CARTESIAN_POINT('Origin',(-15.0691160188773,6.83656842193592,0.000653415844699481));
#5081=CARTESIAN_POINT('',(-15.1040234848332,7.35394733241147,2.00050080108642));
#5082=CARTESIAN_POINT('',(-15.1040234848333,10.3990724139626,2.00050080108642));
#5083=CARTESIAN_POINT('',(-15.0697950950012,7.31971894257946,0.0395576609276549));
#5084=CARTESIAN_POINT('Origin',(-20.0297231033716,13.9615764059893,2.00050080108643));
#5085=CARTESIAN_POINT('',(-15.9447280406487,9.84340837755543,2.00050080108643));
#5086=CARTESIAN_POINT('Origin',(-28.2340376004034,24.3477442056389,2.00050080108643));
#5087=CARTESIAN_POINT('',(-16.1214785463829,9.46198624330153,2.00050080108642));
#5088=CARTESIAN_POINT('Ctrl Pts',(-16.1214785463829,9.46198624330153,2.00050080108643));
#5089=CARTESIAN_POINT('Ctrl Pts',(-16.1214785461481,9.48794380724437,2.00050080109167));
#5090=CARTESIAN_POINT('Ctrl Pts',(-16.1193440166552,9.51376093266965,2.00050310774597));
#5091=CARTESIAN_POINT('Ctrl Pts',(-16.1152254768024,9.53923925490962,2.00050562817202));
#5092=CARTESIAN_POINT('Ctrl Pts',(-16.1109957260575,9.56540555566764,2.00050821665589));
#5093=CARTESIAN_POINT('Ctrl Pts',(-16.104673029513,9.59121575303787,2.00051102652618));
#5094=CARTESIAN_POINT('Ctrl Pts',(-16.0963665686028,9.61644916002313,2.00051277796734));
#5095=CARTESIAN_POINT('Ctrl Pts',(-16.0924764849265,9.62826647496282,2.00051359820267));
#5096=CARTESIAN_POINT('Ctrl Pts',(-16.0881505906099,9.63995708651656,2.00051420054746));
#5097=CARTESIAN_POINT('Ctrl Pts',(-16.0833965314275,9.65149668403208,2.00051452912829));
#5098=CARTESIAN_POINT('Ctrl Pts',(-16.0732728882968,9.67606995134708,2.00051522883246));
#5099=CARTESIAN_POINT('Ctrl Pts',(-16.0612739820155,9.69980636491968,2.00051461598731));
#5100=CARTESIAN_POINT('Ctrl Pts',(-16.0475097150621,9.72248524543901,2.00051292298251));
#5101=CARTESIAN_POINT('Ctrl Pts',(-16.0406105827355,9.73385269408352,2.00051207438926));
#5102=CARTESIAN_POINT('Ctrl Pts',(-16.0332671660526,9.74495415847716,2.00051097008108));
#5103=CARTESIAN_POINT('Ctrl Pts',(-16.0254890885535,9.75575926621989,2.00050973380745));
#5104=CARTESIAN_POINT('Ctrl Pts',(-16.0101455333214,9.77707414350912,2.0005072950515));
#5105=CARTESIAN_POINT('Ctrl Pts',(-15.9931853413726,9.7971371531155,2.00050429774345));
#5106=CARTESIAN_POINT('Ctrl Pts',(-15.9746982291122,9.81572669628809,2.00050242485487));
#5107=CARTESIAN_POINT('Ctrl Pts',(-15.9651162059749,9.82536181021417,2.00050145412123));
#5108=CARTESIAN_POINT('Ctrl Pts',(-15.9551233047663,9.8346006236012,2.00050080108918));
#5109=CARTESIAN_POINT('Ctrl Pts',(-15.9447280406487,9.84340837755543,2.00050080108642));
#5110=CARTESIAN_POINT('',(-16.1214785463829,8.37140239396117,2.00050080108642));
#5111=CARTESIAN_POINT('',(-16.1214785463829,11.82031603857,2.00050080108642));
#5112=CARTESIAN_POINT('',(-16.6214023939611,7.87147854638298,2.00050080108642));
#5113=CARTESIAN_POINT('Origin',(-16.6215547104049,8.37155471040493,2.00050080108642));
#5114=CARTESIAN_POINT('',(-18.6179310658197,7.87147854638298,2.00050080108642));
#5115=CARTESIAN_POINT('',(-18.0581457626537,7.87147854638298,2.00050080108642));
#5116=CARTESIAN_POINT('',(-18.8643273787863,7.80654057252234,2.00050080108643));
#5117=CARTESIAN_POINT('Ctrl Pts',(-18.8643273787863,7.80654057252234,2.00050080108643));
#5118=CARTESIAN_POINT('Ctrl Pts',(-18.8413388900641,7.81956232609041,2.00050080108675));
#5119=CARTESIAN_POINT('Ctrl Pts',(-18.8173649520828,7.83068855116069,2.0005015520054));
#5120=CARTESIAN_POINT('Ctrl Pts',(-18.7926536123296,7.83988146201607,2.00050199592814));
#5121=CARTESIAN_POINT('Ctrl Pts',(-18.7771451861965,7.84565078008515,2.00050227452668));
#5122=CARTESIAN_POINT('Ctrl Pts',(-18.7613456844788,7.85065774801933,2.0005024507561));
#5123=CARTESIAN_POINT('Ctrl Pts',(-18.7453127698668,7.85488323817055,2.00050245075615));
#5124=CARTESIAN_POINT('Ctrl Pts',(-18.7197656856725,7.86161619691625,2.00050245075622));
#5125=CARTESIAN_POINT('Ctrl Pts',(-18.6937569842063,7.86633317832761,2.00050195618438));
#5126=CARTESIAN_POINT('Ctrl Pts',(-18.6675253300687,7.86897722954773,2.00050143960398));
#5127=CARTESIAN_POINT('Ctrl Pts',(-18.6510627926949,7.87063659085989,2.00050111540696));
#5128=CARTESIAN_POINT('Ctrl Pts',(-18.6345120579078,7.87147854637237,2.00050080108663));
#5129=CARTESIAN_POINT('Ctrl Pts',(-18.6179310658197,7.87147854638298,2.00050080108642));
#5130=CARTESIAN_POINT('',(-19.9559274854527,7.23413032095474,2.00050080108643));
#5131=CARTESIAN_POINT('Origin',(-28.2340376004034,24.3477442056389,2.00050080108643));
#5132=CARTESIAN_POINT('',(-19.8688234086497,6.85402348483327,2.00050080108643));
#5133=CARTESIAN_POINT('Ctrl Pts',(-19.8688234086497,6.85402348483327,2.00050080108643));
#5134=CARTESIAN_POINT('Ctrl Pts',(-19.8821460025876,6.85402348464157,2.00050080108971));
#5135=CARTESIAN_POINT('Ctrl Pts',(-19.8953922051111,6.855420509734,2.00049969967568));
#5136=CARTESIAN_POINT('Ctrl Pts',(-19.9083831087807,6.85809942739932,2.00049877430389));
#5137=CARTESIAN_POINT('Ctrl Pts',(-19.9207838333524,6.86065664135168,2.0004978909719));
#5138=CARTESIAN_POINT('Ctrl Pts',(-19.9329532385882,6.86438283965905,2.00049714676424));
#5139=CARTESIAN_POINT('Ctrl Pts',(-19.9447270770888,6.86922125873513,2.00049693015923));
#5140=CARTESIAN_POINT('Ctrl Pts',(-19.9570752418956,6.87429569526257,2.00049670298826));
#5141=CARTESIAN_POINT('Ctrl Pts',(-19.9688685589015,6.88054387214525,2.00049705211435));
#5142=CARTESIAN_POINT('Ctrl Pts',(-19.9799271268686,6.88787718289473,2.00049766608904));
#5143=CARTESIAN_POINT('Ctrl Pts',(-19.9899164275456,6.89450142630956,2.00049822069772));
#5144=CARTESIAN_POINT('Ctrl Pts',(-19.9993069809134,6.90201212526513,2.00049897043213));
#5145=CARTESIAN_POINT('Ctrl Pts',(-20.0079459003396,6.91037443520211,2.00049923511922));
#5146=CARTESIAN_POINT('Ctrl Pts',(-20.0084176194702,6.91083105036179,2.00049924957218));
#5147=CARTESIAN_POINT('Ctrl Pts',(-20.0088870904471,6.9112902109042,2.00049926249859));
#5148=CARTESIAN_POINT('Ctrl Pts',(-20.009354302017,6.91175189577663,2.00049927400162));
#5149=CARTESIAN_POINT('Ctrl Pts',(-20.0188334836729,6.92111894714067,2.00049950738487));
#5150=CARTESIAN_POINT('Ctrl Pts',(-20.0272941948223,6.93143108549051,2.00049917447305));
#5151=CARTESIAN_POINT('Ctrl Pts',(-20.0346800785559,6.9424787896526,2.00049883480108));
#5152=CARTESIAN_POINT('Ctrl Pts',(-20.0417080442131,6.9529911248373,2.00049851158954));
#5153=CARTESIAN_POINT('Ctrl Pts',(-20.0477631513872,6.96417105094609,2.00049815324619));
#5154=CARTESIAN_POINT('Ctrl Pts',(-20.052760742731,6.9758627643934,2.00049795493916));
#5155=CARTESIAN_POINT('Ctrl Pts',(-20.0580071061751,6.98813647262791,2.00049774676073));
#5156=CARTESIAN_POINT('Ctrl Pts',(-20.0620375411497,7.00085507001377,2.00049769822078));
#5157=CARTESIAN_POINT('Ctrl Pts',(-20.0647770220364,7.0138286025586,2.00049787077423));
#5158=CARTESIAN_POINT('Ctrl Pts',(-20.0671175025088,7.02491256365775,2.00049801819559));
#5159=CARTESIAN_POINT('Ctrl Pts',(-20.0685152839845,7.03618373299252,2.00049830896827));
#5160=CARTESIAN_POINT('Ctrl Pts',(-20.0688940271049,7.04752993398631,2.00049879001098));
#5161=CARTESIAN_POINT('Ctrl Pts',(-20.0689381476306,7.04885167509787,2.00049884604858));
#5162=CARTESIAN_POINT('Ctrl Pts',(-20.0689684052304,7.05017443287307,2.00049890483194));
#5163=CARTESIAN_POINT('Ctrl Pts',(-20.0689848579578,7.0514980226364,2.00049896584847));
#5164=CARTESIAN_POINT('Ctrl Pts',(-20.0691502546198,7.06480386085798,2.00049957923799));
#5165=CARTESIAN_POINT('Ctrl Pts',(-20.0679236426452,7.07806509480375,2.00050036729281));
#5166=CARTESIAN_POINT('Ctrl Pts',(-20.0654132451243,7.09109626865816,2.00050086388572));
#5167=CARTESIAN_POINT('Ctrl Pts',(-20.0630212586947,7.10351278467249,2.0005013370552));
#5168=CARTESIAN_POINT('Ctrl Pts',(-20.0594628506123,7.11572177552088,2.00050152570634));
#5169=CARTESIAN_POINT('Ctrl Pts',(-20.0547883833439,7.12755500385407,2.00050133589043));
#5170=CARTESIAN_POINT('Ctrl Pts',(-20.0498803220363,7.13997956622506,2.00050113658897));
#5171=CARTESIAN_POINT('Ctrl Pts',(-20.0437898839633,7.15186937600503,2.00050050116895));
#5172=CARTESIAN_POINT('Ctrl Pts',(-20.0365986203296,7.16303882016283,2.00049984814713));
#5173=CARTESIAN_POINT('Ctrl Pts',(-20.0308302346189,7.17199825557739,2.00049932433352));
#5174=CARTESIAN_POINT('Ctrl Pts',(-20.0243524040505,7.18049444480541,2.00049878932103));
#5175=CARTESIAN_POINT('Ctrl Pts',(-20.0171865974553,7.18841870547208,2.00049876649541));
#5176=CARTESIAN_POINT('Ctrl Pts',(-20.0158506032032,7.18989610603564,2.0004987622398));
#5177=CARTESIAN_POINT('Ctrl Pts',(-20.0144906489436,7.19135357869758,2.00049877680437));
#5178=CARTESIAN_POINT('Ctrl Pts',(-20.0131073224731,7.19279075406854,2.00049880593991));
#5179=CARTESIAN_POINT('Ctrl Pts',(-20.0038727090074,7.20238484434069,2.00049900043881));
#5180=CARTESIAN_POINT('Ctrl Pts',(-19.9936851253522,7.21098888849464,2.00049976078805));
#5181=CARTESIAN_POINT('Ctrl Pts',(-19.9827499424366,7.21852504417611,2.00050023109562));
#5182=CARTESIAN_POINT('Ctrl Pts',(-19.9742354645033,7.22439293241782,2.00050059729192));
#5183=CARTESIAN_POINT('Ctrl Pts',(-19.9652664638211,7.22961291792019,2.00050080108642));
#5184=CARTESIAN_POINT('Ctrl Pts',(-19.9559274854527,7.23413032095474,2.00050080108642));
#5185=CARTESIAN_POINT('',(-15.6039473324114,6.85402348483327,2.00050080108642));
#5186=CARTESIAN_POINT('',(-20.2707980674973,6.85402348483327,2.00050080108643));
#5187=CARTESIAN_POINT('Origin',(-15.6040996488552,7.35409964885523,2.00050080108642));
#5188=CARTESIAN_POINT('Ctrl Pts',(-19.8648244311347,6.83656842248509,1.00050094889636));
#5189=CARTESIAN_POINT('Ctrl Pts',(-19.8661664085286,6.84242739434202,1.33616122177562));
#5190=CARTESIAN_POINT('Ctrl Pts',(-19.8675087086901,6.84828636617643,1.67182149336473));
#5191=CARTESIAN_POINT('Ctrl Pts',(-19.8688513320856,6.85414533798828,2.00748176366134));
#5192=CARTESIAN_POINT('Ctrl Pts',(-19.9160875850568,6.83656484613729,1.00029606006817));
#5193=CARTESIAN_POINT('Ctrl Pts',(-19.917428246893,6.84242385368923,1.33595630478677));
#5194=CARTESIAN_POINT('Ctrl Pts',(-19.9187691893706,6.84828275265167,1.67161655005927));
#5195=CARTESIAN_POINT('Ctrl Pts',(-19.9201104953667,6.85414176019741,2.0072767921596));
#5196=CARTESIAN_POINT('Ctrl Pts',(-20.0182636030836,6.87805664077567,0.999163316058256));
#5197=CARTESIAN_POINT('Ctrl Pts',(-20.0196016254366,6.88391335010137,1.33482354581471));
#5198=CARTESIAN_POINT('Ctrl Pts',(-20.0209400008731,6.88977005495782,1.67048377436141));
#5199=CARTESIAN_POINT('Ctrl Pts',(-20.0222786636926,6.89562676129132,2.00614400148182));
#5200=CARTESIAN_POINT('Ctrl Pts',(-20.0856421040844,7.02935951409682,0.996252933803427));
#5201=CARTESIAN_POINT('Ctrl Pts',(-20.0869826557822,7.03520973258932,1.33191322369943));
#5202=CARTESIAN_POINT('Ctrl Pts',(-20.0883234897617,7.04105987030531,1.66757351351943));
#5203=CARTESIAN_POINT('Ctrl Pts',(-20.0896646845304,7.04691007682613,2.00323380085378));
#5204=CARTESIAN_POINT('Ctrl Pts',(-20.0379762973607,7.15877723746746,0.994184508016913));
#5205=CARTESIAN_POINT('Ctrl Pts',(-20.0393247117527,7.16462594496526,1.32984482327614));
#5206=CARTESIAN_POINT('Ctrl Pts',(-20.0406734623238,7.17047469347171,1.66550513652474));
#5207=CARTESIAN_POINT('Ctrl Pts',(-20.0420225299258,7.17632338562785,2.00116544925425));
#5208=CARTESIAN_POINT('Ctrl Pts',(-19.9749398943142,7.20541689510635,0.993622430735547));
#5209=CARTESIAN_POINT('Ctrl Pts',(-19.976293067051,7.21126849653036,1.32928271699903));
#5210=CARTESIAN_POINT('Ctrl Pts',(-19.9776465481145,7.21712001581044,1.66494300313942));
#5211=CARTESIAN_POINT('Ctrl Pts',(-19.9790003810015,7.22297160466391,2.0006032868373));
#5212=CARTESIAN_POINT('Ctrl Pts',(-19.9518628651777,7.21657164597495,0.99351998632145));
#5213=CARTESIAN_POINT('Ctrl Pts',(-19.9532174075447,7.22242454321543,1.3291802592007));
#5214=CARTESIAN_POINT('Ctrl Pts',(-19.9545722808084,7.22827743488045,1.66484053078981));
#5215=CARTESIAN_POINT('Ctrl Pts',(-19.9559274854527,7.23413032095474,2.00050080108643));
#5216=CARTESIAN_POINT('Ctrl Pts',(-19.9559274854527,7.23413032095474,2.00050080108643));
#5217=CARTESIAN_POINT('Ctrl Pts',(-19.9545816758562,7.22831801040875,1.66716751830014));
#5218=CARTESIAN_POINT('Ctrl Pts',(-19.9532361930615,7.22250569434926,1.33383423423921));
#5219=CARTESIAN_POINT('Ctrl Pts',(-19.9518910365949,7.21669337279126,1.00050094890595));
#5220=CARTESIAN_POINT('Ctrl Pts',(-19.8648244311347,6.83656842248509,1.00050094889636));
#5221=CARTESIAN_POINT('Ctrl Pts',(-19.8661571051796,6.84238677662337,1.3338342342328));
#5222=CARTESIAN_POINT('Ctrl Pts',(-19.8674900975324,6.84820513073945,1.66716751829693));
#5223=CARTESIAN_POINT('Ctrl Pts',(-19.8688234086497,6.85402348483327,2.00050080108643));
#5224=CARTESIAN_POINT('Origin',(-20.5118730316231,6.81911601887735,0.000653415844700609));
#5225=CARTESIAN_POINT('',(-15.5697189425794,6.81979509500126,0.039557660927655));
#5226=CARTESIAN_POINT('Ctrl Pts',(-22.5478351744032,6.18903848126697,0.993519986331036));
#5227=CARTESIAN_POINT('Ctrl Pts',(-22.5514940556238,6.19403225139806,1.32918023623172));
#5228=CARTESIAN_POINT('Ctrl Pts',(-22.5551487189444,6.19902767293405,1.66484050793486));
#5229=CARTESIAN_POINT('Ctrl Pts',(-22.5587992091718,6.20402472831023,2.00050080108643));
#5230=CARTESIAN_POINT('Ctrl Pts',(-22.5028023114871,6.20314522949448,0.993803950866887));
#5231=CARTESIAN_POINT('Ctrl Pts',(-22.5064464795837,6.2081386898009,1.32946394096089));
#5232=CARTESIAN_POINT('Ctrl Pts',(-22.5100860159678,6.21313308493594,1.66512396844937));
#5233=CARTESIAN_POINT('Ctrl Pts',(-22.5137219546308,6.21812978221722,2.00078400455023));
#5234=CARTESIAN_POINT('Ctrl Pts',(-22.4025184719778,6.1980402243732,0.994978944632216));
#5235=CARTESIAN_POINT('Ctrl Pts',(-22.406129948442,6.20301062181931,1.33063880613496));
#5236=CARTESIAN_POINT('Ctrl Pts',(-22.4097377628213,6.2079826243436,1.66629869170198));
#5237=CARTESIAN_POINT('Ctrl Pts',(-22.4133414108798,6.21295639382143,2.00195860047342));
#5238=CARTESIAN_POINT('Ctrl Pts',(-22.2929965296972,6.09443985230939,0.997718708515935));
#5239=CARTESIAN_POINT('Ctrl Pts',(-22.2966150931392,6.09932958671523,1.33337911100392));
#5240=CARTESIAN_POINT('Ctrl Pts',(-22.300229476863,6.10422101604123,1.66903954247663));
#5241=CARTESIAN_POINT('Ctrl Pts',(-22.3038403613481,6.10911493431987,2.00469998664466));
#5242=CARTESIAN_POINT('Ctrl Pts',(-22.279973270423,5.96959770819292,0.999716445166565));
#5243=CARTESIAN_POINT('Ctrl Pts',(-22.2836661706632,5.97443725756784,1.33537707998526));
#5244=CARTESIAN_POINT('Ctrl Pts',(-22.2873551523638,5.97927956757417,1.67103772910657));
#5245=CARTESIAN_POINT('Ctrl Pts',(-22.2910397752286,5.98412400631584,2.00669840315344));
#5246=CARTESIAN_POINT('Ctrl Pts',(-22.3100098314602,5.90419981415118,1.00035896663802));
#5247=CARTESIAN_POINT('Ctrl Pts',(-22.3137640853278,5.90904329677081,1.3360193412061));
#5248=CARTESIAN_POINT('Ctrl Pts',(-22.3175134355008,5.91388886207336,1.67167974544207));
#5249=CARTESIAN_POINT('Ctrl Pts',(-22.3212587812489,5.91873738097805,2.00734016192944));
#5250=CARTESIAN_POINT('Ctrl Pts',(-22.3233967850899,5.88476970235245,1.00050094890595));
#5251=CARTESIAN_POINT('Ctrl Pts',(-22.3271712365734,5.88961852481215,1.33616119880663));
#5252=CARTESIAN_POINT('Ctrl Pts',(-22.3309410983748,5.89446988737821,1.67182147050977));
#5253=CARTESIAN_POINT('Ctrl Pts',(-22.3347064194798,5.89932375479227,2.00748176366134));
#5254=CARTESIAN_POINT('Ctrl Pts',(-22.3346281088007,5.8992228058679,2.00050080108643));
#5255=CARTESIAN_POINT('Ctrl Pts',(-22.330888828514,5.89440262270666,1.6671674957562));
#5256=CARTESIAN_POINT('Ctrl Pts',(-22.3271450699349,5.88958491002479,1.33383421158047));
#5257=CARTESIAN_POINT('Ctrl Pts',(-22.3233967850899,5.88476970235245,1.00050094890595));
#5258=CARTESIAN_POINT('Ctrl Pts',(-22.5479112701243,6.18914234045883,1.00050094890595));
#5259=CARTESIAN_POINT('Ctrl Pts',(-22.5515447278275,6.19410151367605,1.33383421158289));
#5260=CARTESIAN_POINT('Ctrl Pts',(-22.5551740262163,6.19906231536049,1.66716749575862));
#5261=CARTESIAN_POINT('Ctrl Pts',(-22.5587992091718,6.20402472831023,2.00050080108643));
#5262=CARTESIAN_POINT('Origin',(-28.2340376004034,24.3477442056389,0.0005011109897176));
#5263=CARTESIAN_POINT('Ctrl Pts',(-18.8549263080592,7.77174643387752,0.000501111030564716));
#5264=CARTESIAN_POINT('Ctrl Pts',(-18.8580584494431,7.78334454926367,0.667167681112576));
#5265=CARTESIAN_POINT('Ctrl Pts',(-18.8611921381698,7.79494259560232,1.33383424447311));
#5266=CARTESIAN_POINT('Ctrl Pts',(-18.8643273787863,7.80654057252234,2.00050080108643));
#5267=CARTESIAN_POINT('Ctrl Pts',(-23.2298349422112,6.00760126658179,2.00050080108643));
#5268=CARTESIAN_POINT('Ctrl Pts',(-23.2209822337096,5.99795466151164,1.33383403576285));
#5269=CARTESIAN_POINT('Ctrl Pts',(-23.2121044884126,5.98831783680374,0.667167470210529));
#5270=CARTESIAN_POINT('Ctrl Pts',(-23.2032011720086,5.97869100210245,0.000501111030576616));
#5271=CARTESIAN_POINT('Ctrl Pts',(-15.0865684219366,10.7886914001327,0.000501111030563742));
#5272=CARTESIAN_POINT('Ctrl Pts',(-15.0923899984736,10.7907972193038,0.334019007462448));
#5273=CARTESIAN_POINT('Ctrl Pts',(-15.0982115749378,10.7929036982251,0.667536899729965));
#5274=CARTESIAN_POINT('Ctrl Pts',(-15.1040331513292,10.7950108381389,1.00105478782266));
#5275=CARTESIAN_POINT('Ctrl Pts',(-15.0865556773452,10.9043651501259,-0.000229026120453874));
#5276=CARTESIAN_POINT('Ctrl Pts',(-15.0923774954555,10.9064933294768,0.33328857222972));
#5277=CARTESIAN_POINT('Ctrl Pts',(-15.0981985725863,10.9086219043579,0.666806181177244));
#5278=CARTESIAN_POINT('Ctrl Pts',(-15.1040203913737,10.9107514435118,1.00032377046235));
#5279=CARTESIAN_POINT('Ctrl Pts',(-15.0448715523701,11.0196016942931,-0.000229026120453883));
#5280=CARTESIAN_POINT('Ctrl Pts',(-15.0506767457749,11.021751755624,0.33328857222972));
#5281=CARTESIAN_POINT('Ctrl Pts',(-15.0564812223995,11.0239021314983,0.666806181177243));
#5282=CARTESIAN_POINT('Ctrl Pts',(-15.0622863767037,11.0260535897687,1.00032377046235));
#5283=CARTESIAN_POINT('Ctrl Pts',(-14.9708796381006,11.1085152097036,0.000501111030563717));
#5284=CARTESIAN_POINT('Ctrl Pts',(-14.9766584777888,11.1106723727562,0.334019007462448));
#5285=CARTESIAN_POINT('Ctrl Pts',(-14.9824372700425,11.1128302315294,0.667536899729965));
#5286=CARTESIAN_POINT('Ctrl Pts',(-14.9882160147035,11.1149887873458,1.00105478782266));
#5287=CARTESIAN_POINT('Ctrl Pts',(-14.9882064185355,11.1149852028544,1.00050094890595));
#5288=CARTESIAN_POINT('Ctrl Pts',(-14.9824308725444,11.1128278426399,0.667167673780872));
#5289=CARTESIAN_POINT('Ctrl Pts',(-14.9766552790136,11.1106711786964,0.333834394485597));
#5290=CARTESIAN_POINT('Ctrl Pts',(-14.9708796381006,11.1085152097036,0.000501111030563717));
#5291=CARTESIAN_POINT('Ctrl Pts',(-15.0865684219366,10.7886914001327,0.000501111030563742));
#5292=CARTESIAN_POINT('Ctrl Pts',(-15.0923867760421,10.7907960536645,0.333834394485597));
#5293=CARTESIAN_POINT('Ctrl Pts',(-15.0982051300749,10.7929013662165,0.667167673780873));
#5294=CARTESIAN_POINT('Ctrl Pts',(-15.1040234840349,10.7950073390286,1.00050094890595));
#5295=CARTESIAN_POINT('Origin',(-26.6988300458658,20.8704503681975,0.000501110989717363));
#5296=CARTESIAN_POINT('Ctrl Pts',(-12.5529390827653,15.1490897200901,0.00050111103055993));
#5297=CARTESIAN_POINT('Ctrl Pts',(-12.5608783542361,15.1604956904151,0.667167748895125));
#5298=CARTESIAN_POINT('Ctrl Pts',(-12.568823951531,15.1719011483265,1.33383431240756));
#5299=CARTESIAN_POINT('Ctrl Pts',(-12.5767759043774,15.1833060904044,2.00050080108642));
#5300=CARTESIAN_POINT('Ctrl Pts',(-15.0865544378882,10.783876470517,-0.000300034563802449));
#5301=CARTESIAN_POINT('Ctrl Pts',(-15.0923774533644,10.786408519674,0.333300298642948));
#5302=CARTESIAN_POINT('Ctrl Pts',(-15.0982004687467,10.7889412777994,0.666900626470222));
#5303=CARTESIAN_POINT('Ctrl Pts',(-15.1040234840349,10.7914747460856,1.00050094890595));
#5304=CARTESIAN_POINT('Ctrl Pts',(-15.0865725427846,10.6471787672779,0.00073719425380382));
#5305=CARTESIAN_POINT('Ctrl Pts',(-15.0923951614111,10.6496878816712,0.334337902469056));
#5306=CARTESIAN_POINT('Ctrl Pts',(-15.0982189908452,10.6521982461249,0.667938579357955));
#5307=CARTESIAN_POINT('Ctrl Pts',(-15.1040416081299,10.6547087447963,1.00153927760868));
#5308=CARTESIAN_POINT('Ctrl Pts',(-15.1455792433867,10.5114796123664,0.00073719425380383));
#5309=CARTESIAN_POINT('Ctrl Pts',(-15.1514224465186,10.5139667346579,0.334337902469056));
#5310=CARTESIAN_POINT('Ctrl Pts',(-15.1572667796865,10.5164552818012,0.667938579357954));
#5311=CARTESIAN_POINT('Ctrl Pts',(-15.1631100244882,10.5189437567893,1.00153927760868));
#5312=CARTESIAN_POINT('Ctrl Pts',(-15.2455447674768,10.4182425146422,-0.000300034563802423));
#5313=CARTESIAN_POINT('Ctrl Pts',(-15.2514177033207,10.420728015807,0.333300298642948));
#5314=CARTESIAN_POINT('Ctrl Pts',(-15.2572906860923,10.4232142012073,0.666900626470222));
#5315=CARTESIAN_POINT('Ctrl Pts',(-15.2631637159246,10.4257010719979,1.00050094890595));
#5316=CARTESIAN_POINT('Ctrl Pts',(-15.1040234840349,10.7914747460856,1.00050094890595));
#5317=CARTESIAN_POINT('Ctrl Pts',(-15.0982051300961,10.7889433058518,0.667167674993058));
#5318=CARTESIAN_POINT('Ctrl Pts',(-15.0923867760632,10.7864125746425,0.33383439569725));
#5319=CARTESIAN_POINT('Ctrl Pts',(-15.0865684219366,10.7838825512678,0.000501111030563512));
#5320=CARTESIAN_POINT('Ctrl Pts',(-15.2455588714097,10.4182484836073,0.000501111030576789));
#5321=CARTESIAN_POINT('Ctrl Pts',(-15.2514271060177,10.4207319962121,0.333834395697259));
#5322=CARTESIAN_POINT('Ctrl Pts',(-15.2572953874784,10.4232161919583,0.667167674993063));
#5323=CARTESIAN_POINT('Ctrl Pts',(-15.2631637159246,10.4257010719979,1.00050094890595));
#5324=CARTESIAN_POINT('Origin',(-15.0865684219366,10.9711787392812,0.000501111030570128));
#5325=CARTESIAN_POINT('Origin',(-16.5866205587519,8.33662055875191,-0.000875406718422829));
#5326=CARTESIAN_POINT('',(-16.5866205587519,7.83669671117371,0.00785079650021893));
#5327=CARTESIAN_POINT('',(-16.0866967111737,8.33662055875191,0.00785079650021885));
#5328=CARTESIAN_POINT('Origin',(-16.0865684219359,7.83656842193664,0.000501111030570163));
#5329=CARTESIAN_POINT('Ctrl Pts',(-18.6179310658197,7.87147854638298,2.00050080108642));
#5330=CARTESIAN_POINT('Ctrl Pts',(-18.6148642007645,7.85984183835182,1.33383424447311));
#5331=CARTESIAN_POINT('Ctrl Pts',(-18.6117988028497,7.84820513020289,0.667167681112575));
#5332=CARTESIAN_POINT('Ctrl Pts',(-18.6087348678741,7.83656842193664,0.000501111030564668));
#5333=CARTESIAN_POINT('Ctrl Pts',(-16.0865684219366,9.44581771934407,0.000501111030563987));
#5334=CARTESIAN_POINT('Ctrl Pts',(-16.0982104584337,9.45120677000426,0.667472935254757));
#5335=CARTESIAN_POINT('Ctrl Pts',(-16.1098524945187,9.45659874376928,1.33444473586783));
#5336=CARTESIAN_POINT('Ctrl Pts',(-16.1214945301898,9.46199365017803,2.00141651276701));
#5337=CARTESIAN_POINT('Ctrl Pts',(-16.0865480513623,9.59029824967702,-0.000665918391271744));
#5338=CARTESIAN_POINT('Ctrl Pts',(-16.0981910231073,9.59573370616943,0.666305091519827));
#5339=CARTESIAN_POINT('Ctrl Pts',(-16.109831141901,9.60117075050237,1.33327613992568));
#5340=CARTESIAN_POINT('Ctrl Pts',(-16.1214741179988,9.60661219806145,2.00024709913009));
#5341=CARTESIAN_POINT('Ctrl Pts',(-16.020275993787,9.73346664086165,-0.000665918391271766));
#5342=CARTESIAN_POINT('Ctrl Pts',(-16.0318745956668,9.73894613812037,0.666305091519829));
#5343=CARTESIAN_POINT('Ctrl Pts',(-16.0434705270559,9.74442680986209,1.33327613992568));
#5344=CARTESIAN_POINT('Ctrl Pts',(-16.0550689552103,9.74991241781534,2.00024709913009));
#5345=CARTESIAN_POINT('Ctrl Pts',(-15.9101336105158,9.82697214587396,0.000501111030563931));
#5346=CARTESIAN_POINT('Ctrl Pts',(-15.9216705554306,9.83245038866287,0.667472935254756));
#5347=CARTESIAN_POINT('Ctrl Pts',(-15.9332073121475,9.83793163916178,1.33444473586783));
#5348=CARTESIAN_POINT('Ctrl Pts',(-15.9447438796543,9.84341590711986,2.00141651276701));
#5349=CARTESIAN_POINT('Ctrl Pts',(-15.9447280406487,9.84340837755543,2.00050080108642));
#5350=CARTESIAN_POINT('Ctrl Pts',(-15.9331967526373,9.83792662221338,1.33383426139241));
#5351=CARTESIAN_POINT('Ctrl Pts',(-15.9216652755894,9.83244788156482,0.667167698006242));
#5352=CARTESIAN_POINT('Ctrl Pts',(-15.9101336105158,9.82697214587396,0.000501111030563931));
#5353=CARTESIAN_POINT('Ctrl Pts',(-16.0865684219366,9.44581771934407,0.000501111030563987));
#5354=CARTESIAN_POINT('Ctrl Pts',(-16.0982051304977,9.45120430372467,0.667167698006242));
#5355=CARTESIAN_POINT('Ctrl Pts',(-16.1098418386471,9.45659380853522,1.33383426139241));
#5356=CARTESIAN_POINT('Ctrl Pts',(-16.1214785463829,9.46198624330153,2.00050080108642));
#5357=CARTESIAN_POINT('Origin',(-28.2340376004034,24.3477442056389,0.0005011109897176));
#5358=CARTESIAN_POINT('Ctrl Pts',(-18.8549263080592,7.77174643387752,0.000501111030564716));
#5359=CARTESIAN_POINT('Ctrl Pts',(-18.8580589159355,7.78334627665458,0.667266972568955));
#5360=CARTESIAN_POINT('Ctrl Pts',(-18.8611930716155,7.79494605036356,1.33403282738387));
#5361=CARTESIAN_POINT('Ctrl Pts',(-18.8643287796484,7.80654575463317,2.00079867544954));
#5362=CARTESIAN_POINT('Ctrl Pts',(-18.7802443058703,7.8139954593802,0.000106882794821956));
#5363=CARTESIAN_POINT('Ctrl Pts',(-18.7833608439649,7.82561999132162,0.666872496466546));
#5364=CARTESIAN_POINT('Ctrl Pts',(-18.7864787774582,7.83724414125337,1.33363810993991));
#5365=CARTESIAN_POINT('Ctrl Pts',(-18.7895983894073,7.84886862117688,2.0004037092054));
#5366=CARTESIAN_POINT('Ctrl Pts',(-18.6945391892076,7.83656154065718,0.00010688279482194));
#5367=CARTESIAN_POINT('Ctrl Pts',(-18.6976297398904,7.84820010007313,0.666872496466546));
#5368=CARTESIAN_POINT('Ctrl Pts',(-18.7007216875868,7.85983829180976,1.33363810993991));
#5369=CARTESIAN_POINT('Ctrl Pts',(-18.703815241223,7.87147685163789,2.0004037092054));
#5370=CARTESIAN_POINT('Ctrl Pts',(-18.6087348678741,7.83656842193664,0.000501111030564668));
#5371=CARTESIAN_POINT('Ctrl Pts',(-18.6117992591836,7.84820686334171,0.667266972568955));
#5372=CARTESIAN_POINT('Ctrl Pts',(-18.6148651138682,7.85984530462942,1.33403282738387));
#5373=CARTESIAN_POINT('Ctrl Pts',(-18.6179324361307,7.87148374579932,2.00079867544954));
#5374=CARTESIAN_POINT('Ctrl Pts',(-23.5450570095779,5.65568792858639,0.000501111030577692));
#5375=CARTESIAN_POINT('Ctrl Pts',(-23.5537528502087,5.66636802698718,0.667565227777927));
#5376=CARTESIAN_POINT('Ctrl Pts',(-23.5624226180911,5.67704610733536,1.33462955114398));
#5377=CARTESIAN_POINT('Ctrl Pts',(-23.571066962273,5.68772237803803,2.0016940745158));
#5378=CARTESIAN_POINT('Ctrl Pts',(-23.4930698346708,5.81039566498895,-0.0010169632905933));
#5379=CARTESIAN_POINT('Ctrl Pts',(-23.50150585851,5.82063753567592,0.66605407476747));
#5380=CARTESIAN_POINT('Ctrl Pts',(-23.5099484976886,5.83089888571864,1.33312454248888));
#5381=CARTESIAN_POINT('Ctrl Pts',(-23.5183431044586,5.84114542752439,2.000195776559));
#5382=CARTESIAN_POINT('Ctrl Pts',(-23.3606062500053,5.93555410978879,-0.00101696329059371));
#5383=CARTESIAN_POINT('Ctrl Pts',(-23.3692021913989,5.94531651360057,0.666054074767471));
#5384=CARTESIAN_POINT('Ctrl Pts',(-23.3777997186227,5.95510964446028,1.33312454248888));
#5385=CARTESIAN_POINT('Ctrl Pts',(-23.3863520750815,5.96488933522043,2.000195776559));
#5386=CARTESIAN_POINT('Ctrl Pts',(-23.2032011720086,5.97869100210245,0.000501111030576616));
#5387=CARTESIAN_POINT('Ctrl Pts',(-23.2121098004573,5.98832358052592,0.667565227777926));
#5388=CARTESIAN_POINT('Ctrl Pts',(-23.2209928272765,5.99796616088036,1.33462955114398));
#5389=CARTESIAN_POINT('Ctrl Pts',(-23.2298507877349,6.00761853314595,2.0016940745158));
#5390=CARTESIAN_POINT('Ctrl Pts',(-23.5450570095779,5.65568792858639,0.000501111030577692));
#5391=CARTESIAN_POINT('Ctrl Pts',(-23.5537476650453,5.66636165864889,0.667167470210528));
#5392=CARTESIAN_POINT('Ctrl Pts',(-23.5624122788485,5.6770333730647,1.33383403576285));
#5393=CARTESIAN_POINT('Ctrl Pts',(-23.5710514988748,5.68770327986837,2.00050080108643));
#5394=CARTESIAN_POINT('Ctrl Pts',(-12.1130655760699,15.4965112807546,2.00237615198245));
#5395=CARTESIAN_POINT('Ctrl Pts',(-12.1051995773087,15.4848636624545,1.33508454647865));
#5396=CARTESIAN_POINT('Ctrl Pts',(-12.0973399407585,15.4732160428457,0.667792866000421));
#5397=CARTESIAN_POINT('Ctrl Pts',(-12.0894866356696,15.4615684219366,0.000501111030559928));
#5398=CARTESIAN_POINT('Ctrl Pts',(-12.2261766218611,15.4964880141828,2.00104321097347));
#5399=CARTESIAN_POINT('Ctrl Pts',(-12.2182626651938,15.4848395294893,1.33375290599985));
#5400=CARTESIAN_POINT('Ctrl Pts',(-12.2103561708625,15.4731937030158,0.666462460973877));
#5401=CARTESIAN_POINT('Ctrl Pts',(-12.2024550930645,15.4615452221988,-0.000828001060205945));
#5402=CARTESIAN_POINT('Ctrl Pts',(-12.4234335311746,15.4265830436134,1.99993815257959));
#5403=CARTESIAN_POINT('Ctrl Pts',(-12.415438177646,15.4149967962929,1.33264897324405));
#5404=CARTESIAN_POINT('Ctrl Pts',(-12.4074489683263,15.4034095714604,0.665359732724038));
#5405=CARTESIAN_POINT('Ctrl Pts',(-12.3994667954363,15.3918229983037,-0.00192961061326595));
#5406=CARTESIAN_POINT('Ctrl Pts',(-12.54509190302,15.2620235749606,2.00137644622571));
#5407=CARTESIAN_POINT('Ctrl Pts',(-12.5371062463525,15.250559056353,1.33408580245186));
#5408=CARTESIAN_POINT('Ctrl Pts',(-12.5291277580961,15.2390938022393,0.666795075784867));
#5409=CARTESIAN_POINT('Ctrl Pts',(-12.5211550304981,15.2276284209337,-0.000495723037514476));
#5410=CARTESIAN_POINT('Ctrl Pts',(-12.576798273453,15.1833381728141,2.00237615198245));
#5411=CARTESIAN_POINT('Ctrl Pts',(-12.5688388523235,15.1719225375675,1.33508454647865));
#5412=CARTESIAN_POINT('Ctrl Pts',(-12.5608857986981,15.1605063855163,0.667792866000421));
#5413=CARTESIAN_POINT('Ctrl Pts',(-12.5529390827653,15.1490897200901,0.00050111103055993));
#5414=CARTESIAN_POINT('Ctrl Pts',(-12.1130434695478,15.496478546383,2.00050080108642));
#5415=CARTESIAN_POINT('Ctrl Pts',(-12.1051848515419,15.4848418395376,1.33383431240756));
#5416=CARTESIAN_POINT('Ctrl Pts',(-12.0973325838036,15.473205131386,0.667167748895125));
#5417=CARTESIAN_POINT('Ctrl Pts',(-12.0894866356696,15.4615684219366,0.000501111030559928));
#5418=CARTESIAN_POINT('Origin',(-0.930281057420506,7.31971894257946,0.0308314577090112));
#5419=CARTESIAN_POINT('',(-1.4302049049987,7.31971894257946,0.039557660927653));
#5420=CARTESIAN_POINT('Origin',(-15.5697189425794,7.31971894257945,0.0308314577090132));
#5421=CARTESIAN_POINT('Origin',(-15.5697189425794,-7.31971894257946,0.0308314577090131));
#5422=CARTESIAN_POINT('',(-15.0697950950012,-7.31971894257946,0.0395576609276547));
#5423=CARTESIAN_POINT('',(-15.5697189425794,-6.81979509500127,0.0395576609276548));
#5424=CARTESIAN_POINT('Origin',(-15.0691160188773,-12.2618730316231,0.000653415844699516));
#5425=CARTESIAN_POINT('',(-15.0865684219359,-12.2618730316231,1.00050091743469));
#5426=CARTESIAN_POINT('Origin',(-0.930281057420503,-7.31971894257947,0.0308314577090118));
#5427=CARTESIAN_POINT('',(-0.930281057420503,-6.81979509500127,0.0395576609276535));
#5428=CARTESIAN_POINT('',(-1.4302049049987,-7.31971894257947,0.0395576609276536));
#5429=CARTESIAN_POINT('Origin',(-1.4308839811226,-6.83656842193594,0.000653415844698436));
#5430=CARTESIAN_POINT('',(-1.41343157806404,-12.2618730316232,1.00050091743469));
#5431=CARTESIAN_POINT('Origin',(-3.61312696837683,15.4615684219366,0.000501111030566832));
#5432=CARTESIAN_POINT('',(-3.61312696837683,15.4615684219359,0.000501110989685449));
#5433=CARTESIAN_POINT('Ctrl Pts',(-22.7115684219359,4.63687303162314,1.00050094890595));
#5434=CARTESIAN_POINT('Ctrl Pts',(-22.717386776052,4.63687303162314,1.3338342329693));
#5435=CARTESIAN_POINT('Ctrl Pts',(-22.723205130168,4.63687303162314,1.66716751703266));
#5436=CARTESIAN_POINT('Ctrl Pts',(-22.7290234842841,4.63687303162314,2.00050080109601));
#5437=CARTESIAN_POINT('Ctrl Pts',(-22.7115684219359,5.08102857465338,1.00050094890595));
#5438=CARTESIAN_POINT('Ctrl Pts',(-22.7173890301382,5.08220364846886,1.3338342329693));
#5439=CARTESIAN_POINT('Ctrl Pts',(-22.7232028760818,5.08337699624491,1.66716751703266));
#5440=CARTESIAN_POINT('Ctrl Pts',(-22.7290234842841,5.08455207006039,2.00050080109601));
#5441=CARTESIAN_POINT('Ctrl Pts',(-22.5731195921371,5.52417648630882,1.00050094890595));
#5442=CARTESIAN_POINT('Ctrl Pts',(-22.5785739934992,5.52652394918176,1.3338342329693));
#5443=CARTESIAN_POINT('Ctrl Pts',(-22.584021823844,5.52886904166851,1.66716751703266));
#5444=CARTESIAN_POINT('Ctrl Pts',(-22.5894762252061,5.53121650454145,2.00050080109601));
#5445=CARTESIAN_POINT('Ctrl Pts',(-22.3202780529575,5.88928524586212,1.00050094890595));
#5446=CARTESIAN_POINT('Ctrl Pts',(-22.3250614049053,5.8925977658641,1.3338342329693));
#5447=CARTESIAN_POINT('Ctrl Pts',(-22.3298447568531,5.89591028586607,1.66716751703266));
#5448=CARTESIAN_POINT('Ctrl Pts',(-22.3346281088008,5.89922280586805,2.00050080109601));
#5449=CARTESIAN_POINT('',(-22.7115684219359,4.63687303162314,1.00050091743469));
#5450=CARTESIAN_POINT('Origin',(-22.6941160188773,-4.63687303162315,0.000653415844700592));
#5451=CARTESIAN_POINT('',(-22.7115684219359,-4.63687303162315,1.00050091743469));
#5452=CARTESIAN_POINT('Ctrl Pts',(-20.5118730316231,-6.83656842193593,1.00050094890595));
#5453=CARTESIAN_POINT('Ctrl Pts',(-20.5118730316231,-6.842386776052,1.3338342329693));
#5454=CARTESIAN_POINT('Ctrl Pts',(-20.5118730316231,-6.84820513016806,1.66716751703266));
#5455=CARTESIAN_POINT('Ctrl Pts',(-20.5118730316231,-6.85402348428412,2.00050080109601));
#5456=CARTESIAN_POINT('Ctrl Pts',(-21.0055244826771,-6.83656842193593,1.00050094890595));
#5457=CARTESIAN_POINT('Ctrl Pts',(-21.0068265518038,-6.84239128184334,1.3338342329693));
#5458=CARTESIAN_POINT('Ctrl Pts',(-21.0081385610526,-6.84820062437671,1.66716751703266));
#5459=CARTESIAN_POINT('Ctrl Pts',(-21.0094406301793,-6.85402348428412,2.00050080109601));
#5460=CARTESIAN_POINT('Ctrl Pts',(-22.1606053246941,-6.43553468110278,1.00050094890595));
#5461=CARTESIAN_POINT('Ctrl Pts',(-22.1649580418612,-6.44028685734664,1.3338342329693));
#5462=CARTESIAN_POINT('Ctrl Pts',(-22.1693355311163,-6.44505553509613,1.66716751703266));
#5463=CARTESIAN_POINT('Ctrl Pts',(-22.1736882482834,-6.44980771133999,2.00050080109601));
#5464=CARTESIAN_POINT('Ctrl Pts',(-22.7115684219359,-5.29507496636173,1.00050094890595));
#5465=CARTESIAN_POINT('Ctrl Pts',(-22.7174058013827,-5.29682320380257,1.3338342329693));
#5466=CARTESIAN_POINT('Ctrl Pts',(-22.7231861048373,-5.29854825892391,1.66716751703266));
#5467=CARTESIAN_POINT('Ctrl Pts',(-22.7290234842841,-5.30029649636475,2.00050080109601));
#5468=CARTESIAN_POINT('Ctrl Pts',(-22.7115684219359,-4.63687303162315,1.00050094890595));
#5469=CARTESIAN_POINT('Ctrl Pts',(-22.717386776052,-4.63687303162315,1.3338342329693));
#5470=CARTESIAN_POINT('Ctrl Pts',(-22.723205130168,-4.63687303162315,1.66716751703266));
#5471=CARTESIAN_POINT('Ctrl Pts',(-22.7290234842841,-4.63687303162315,2.00050080109601));
#5472=CARTESIAN_POINT('',(-20.5118730316231,-6.83656842193593,1.00050091743469));
#5473=CARTESIAN_POINT('Origin',(-15.0865684219359,-6.81911601887736,0.000653415844699499));
#5474=CARTESIAN_POINT('Ctrl Pts',(-12.8868730316231,-14.4615684219359,1.00050094890595));
#5475=CARTESIAN_POINT('Ctrl Pts',(-12.8868730316231,-14.467386776052,1.3338342329693));
#5476=CARTESIAN_POINT('Ctrl Pts',(-12.8868730316231,-14.4732051301681,1.66716751703266));
#5477=CARTESIAN_POINT('Ctrl Pts',(-12.8868730316231,-14.4790234842841,2.00050080109601));
#5478=CARTESIAN_POINT('Ctrl Pts',(-13.5450749663617,-14.4615684219359,1.00050094890595));
#5479=CARTESIAN_POINT('Ctrl Pts',(-13.5468232038025,-14.4674058013827,1.3338342329693));
#5480=CARTESIAN_POINT('Ctrl Pts',(-13.5485482589239,-14.4731861048373,1.66716751703266));
#5481=CARTESIAN_POINT('Ctrl Pts',(-13.5502964963647,-14.4790234842841,2.00050080109601));
#5482=CARTESIAN_POINT('Ctrl Pts',(-14.6855346811027,-13.9106053246941,1.00050094890595));
#5483=CARTESIAN_POINT('Ctrl Pts',(-14.6902868573466,-13.9149580418612,1.3338342329693));
#5484=CARTESIAN_POINT('Ctrl Pts',(-14.6950555350961,-13.9193355311163,1.66716751703265));
#5485=CARTESIAN_POINT('Ctrl Pts',(-14.6998077113399,-13.9236882482835,2.00050080109601));
#5486=CARTESIAN_POINT('Ctrl Pts',(-15.0865684219359,-12.7555244826771,1.00050094890595));
#5487=CARTESIAN_POINT('Ctrl Pts',(-15.0923912818433,-12.7568265518038,1.3338342329693));
#5488=CARTESIAN_POINT('Ctrl Pts',(-15.0982006243767,-12.7581385610526,1.66716751703266));
#5489=CARTESIAN_POINT('Ctrl Pts',(-15.1040234842841,-12.7594406301793,2.00050080109601));
#5490=CARTESIAN_POINT('Ctrl Pts',(-15.0865684219359,-12.2618730316231,1.00050094890595));
#5491=CARTESIAN_POINT('Ctrl Pts',(-15.092386776052,-12.2618730316231,1.3338342329693));
#5492=CARTESIAN_POINT('Ctrl Pts',(-15.098205130168,-12.2618730316231,1.66716751703266));
#5493=CARTESIAN_POINT('Ctrl Pts',(-15.1040234842841,-12.2618730316231,2.00050080109601));
#5494=CARTESIAN_POINT('',(-12.8868730316231,-14.4615684219359,1.00050091743469));
#5495=CARTESIAN_POINT('Origin',(-3.61312696837682,-14.4441160188774,0.000653415844697296));
#5496=CARTESIAN_POINT('',(-3.61312696837682,-14.4615684219359,1.00050091743469));
#5497=CARTESIAN_POINT('Ctrl Pts',(-1.41343157806404,-12.2618730316232,1.00050094890595));
#5498=CARTESIAN_POINT('Ctrl Pts',(-1.40761322394798,-12.2618730316232,1.3338342329693));
#5499=CARTESIAN_POINT('Ctrl Pts',(-1.40179486983191,-12.2618730316232,1.66716751703265));
#5500=CARTESIAN_POINT('Ctrl Pts',(-1.39597651571585,-12.2618730316232,2.00050080109601));
#5501=CARTESIAN_POINT('Ctrl Pts',(-1.41343157806404,-12.7555244826771,1.00050094890595));
#5502=CARTESIAN_POINT('Ctrl Pts',(-1.40760871815664,-12.7568265518038,1.3338342329693));
#5503=CARTESIAN_POINT('Ctrl Pts',(-1.40179937562326,-12.7581385610526,1.66716751703265));
#5504=CARTESIAN_POINT('Ctrl Pts',(-1.39597651571585,-12.7594406301794,2.00050080109601));
#5505=CARTESIAN_POINT('Ctrl Pts',(-1.81421164710695,-13.9109098843252,1.00050094890595));
#5506=CARTESIAN_POINT('Ctrl Pts',(-1.80945947086309,-13.9152626014923,1.3338342329693));
#5507=CARTESIAN_POINT('Ctrl Pts',(-1.80468878007761,-13.9196425124292,1.66716751703266));
#5508=CARTESIAN_POINT('Ctrl Pts',(-1.79993660383375,-13.9239952295963,2.00050080109601));
#5509=CARTESIAN_POINT('Ctrl Pts',(-2.95492503363824,-14.4615684219359,1.00050094890595));
#5510=CARTESIAN_POINT('Ctrl Pts',(-2.9531767961974,-14.4674058013827,1.3338342329693));
#5511=CARTESIAN_POINT('Ctrl Pts',(-2.95145174107606,-14.4731861048373,1.66716751703266));
#5512=CARTESIAN_POINT('Ctrl Pts',(-2.94970350363522,-14.4790234842841,2.00050080109601));
#5513=CARTESIAN_POINT('Ctrl Pts',(-3.61312696837682,-14.4615684219359,1.00050094890595));
#5514=CARTESIAN_POINT('Ctrl Pts',(-3.61312696837682,-14.467386776052,1.3338342329693));
#5515=CARTESIAN_POINT('Ctrl Pts',(-3.61312696837682,-14.4732051301681,1.66716751703266));
#5516=CARTESIAN_POINT('Ctrl Pts',(-3.61312696837682,-14.4790234842841,2.00050080109601));
#5517=CARTESIAN_POINT('Origin',(4.01187303162318,-6.81911601887737,0.000653415844697244));
#5518=CARTESIAN_POINT('',(4.01187303162318,-6.83656842193594,1.00050091743469));
#5519=CARTESIAN_POINT('Ctrl Pts',(6.21156842193597,-4.63687303162315,1.00050094890595));
#5520=CARTESIAN_POINT('Ctrl Pts',(6.21738677605203,-4.63687303162315,1.3338342329693));
#5521=CARTESIAN_POINT('Ctrl Pts',(6.22320513016809,-4.63687303162315,1.66716751703265));
#5522=CARTESIAN_POINT('Ctrl Pts',(6.22902348428415,-4.63687303162315,2.00050080109601));
#5523=CARTESIAN_POINT('Ctrl Pts',(6.21156842193597,-5.13052448267709,1.00050094890595));
#5524=CARTESIAN_POINT('Ctrl Pts',(6.21739128184337,-5.13182655180383,1.3338342329693));
#5525=CARTESIAN_POINT('Ctrl Pts',(6.22320062437675,-5.13313856105261,1.66716751703265));
#5526=CARTESIAN_POINT('Ctrl Pts',(6.22902348428415,-5.13444063017935,2.00050080109601));
#5527=CARTESIAN_POINT('Ctrl Pts',(5.81100699446018,-6.28617238649365,1.00050094890595));
#5528=CARTESIAN_POINT('Ctrl Pts',(5.81575917070404,-6.29052510366075,1.3338342329693));
#5529=CARTESIAN_POINT('Ctrl Pts',(5.82053159653992,-6.29490710186279,1.66716751703265));
#5530=CARTESIAN_POINT('Ctrl Pts',(5.82528377278378,-6.29925981902989,2.00050080109601));
#5531=CARTESIAN_POINT('Ctrl Pts',(4.67007496636177,-6.83656842193594,1.00050094890595));
#5532=CARTESIAN_POINT('Ctrl Pts',(4.6718232038026,-6.84240580138272,1.3338342329693));
#5533=CARTESIAN_POINT('Ctrl Pts',(4.67354825892395,-6.84818610483735,1.66716751703265));
#5534=CARTESIAN_POINT('Ctrl Pts',(4.67529649636478,-6.85402348428412,2.00050080109601));
#5535=CARTESIAN_POINT('Ctrl Pts',(4.01187303162318,-6.83656842193594,1.00050094890595));
#5536=CARTESIAN_POINT('Ctrl Pts',(4.01187303162318,-6.842386776052,1.3338342329693));
#5537=CARTESIAN_POINT('Ctrl Pts',(4.01187303162318,-6.84820513016806,1.66716751703265));
#5538=CARTESIAN_POINT('Ctrl Pts',(4.01187303162318,-6.85402348428412,2.00050080109601));
#5539=CARTESIAN_POINT('',(6.21156842193597,-4.63687303162315,1.00050094890595));
#5540=CARTESIAN_POINT('Origin',(6.19411573621909,1.47598197907221,0.000653415844697192));
#5541=CARTESIAN_POINT('Origin',(-1.43088398112261,12.2618730316231,0.000653415844697304));
#5542=CARTESIAN_POINT('',(-1.41343157806404,12.2618730316231,1.00050091743469));
#5543=CARTESIAN_POINT('Ctrl Pts',(-3.61312696837683,14.4615684219359,1.00050094890595));
#5544=CARTESIAN_POINT('Ctrl Pts',(-3.61312696837683,14.467386776052,1.3338342329693));
#5545=CARTESIAN_POINT('Ctrl Pts',(-3.61312696837683,14.473205130168,1.66716751703265));
#5546=CARTESIAN_POINT('Ctrl Pts',(-3.61312696837683,14.4790234842841,2.00050080109601));
#5547=CARTESIAN_POINT('Ctrl Pts',(-2.95492503363825,14.4615684219359,1.00050094890595));
#5548=CARTESIAN_POINT('Ctrl Pts',(-2.95317679619741,14.4674058013827,1.3338342329693));
#5549=CARTESIAN_POINT('Ctrl Pts',(-2.95145174107607,14.4731861048373,1.66716751703265));
#5550=CARTESIAN_POINT('Ctrl Pts',(-2.94970350363523,14.4790234842841,2.00050080109601));
#5551=CARTESIAN_POINT('Ctrl Pts',(-1.81421164710695,13.9109098843252,1.00050094890595));
#5552=CARTESIAN_POINT('Ctrl Pts',(-1.80945947086309,13.9152626014923,1.3338342329693));
#5553=CARTESIAN_POINT('Ctrl Pts',(-1.80468878007761,13.9196425124291,1.66716751703265));
#5554=CARTESIAN_POINT('Ctrl Pts',(-1.79993660383375,13.9239952295962,2.00050080109601));
#5555=CARTESIAN_POINT('Ctrl Pts',(-1.41343157806404,12.7555244826771,1.00050094890595));
#5556=CARTESIAN_POINT('Ctrl Pts',(-1.40760871815664,12.7568265518038,1.3338342329693));
#5557=CARTESIAN_POINT('Ctrl Pts',(-1.40179937562326,12.7581385610526,1.66716751703265));
#5558=CARTESIAN_POINT('Ctrl Pts',(-1.39597651571586,12.7594406301793,2.00050080109601));
#5559=CARTESIAN_POINT('Ctrl Pts',(-1.41343157806404,12.2618730316231,1.00050094890595));
#5560=CARTESIAN_POINT('Ctrl Pts',(-1.40761322394798,12.2618730316231,1.3338342329693));
#5561=CARTESIAN_POINT('Ctrl Pts',(-1.40179486983192,12.2618730316231,1.66716751703265));
#5562=CARTESIAN_POINT('Ctrl Pts',(-1.39597651571586,12.2618730316231,2.00050080109601));
#5563=CARTESIAN_POINT('',(-3.61312696837683,14.4615684219359,1.00050091743469));
#5564=CARTESIAN_POINT('Origin',(-12.3789504024837,14.4441160188774,0.000653415844698441));
#5565=CARTESIAN_POINT('Origin',(-16.0865684219366,9.67905567115068,0.000501111030570163));
#5566=CARTESIAN_POINT('Ctrl Pts',(-23.7464785463822,4.63687303162314,2.00050080108644));
#5567=CARTESIAN_POINT('Ctrl Pts',(-23.7348418382335,4.63687303162314,1.33383423773449));
#5568=CARTESIAN_POINT('Ctrl Pts',(-23.7232051300847,4.63687303162314,0.667167674382532));
#5569=CARTESIAN_POINT('Ctrl Pts',(-23.7115684219359,4.63687303162314,0.000501111030577931));
#5570=CARTESIAN_POINT('Ctrl Pts',(-23.7464785463822,4.99361952167404,2.00050080108644));
#5571=CARTESIAN_POINT('Ctrl Pts',(-23.7348414265676,4.99233628881074,1.33383423773449));
#5572=CARTESIAN_POINT('Ctrl Pts',(-23.7232055417505,4.99105322184085,0.667167674382531));
#5573=CARTESIAN_POINT('Ctrl Pts',(-23.7115684219359,4.98976998897755,0.000501111030577927));
#5574=CARTESIAN_POINT('Ctrl Pts',(-23.6869382691465,5.35029881424684,2.00050080108644));
#5575=CARTESIAN_POINT('Ctrl Pts',(-23.6755153150858,5.34773249711774,1.33383423773449));
#5576=CARTESIAN_POINT('Ctrl Pts',(-23.6640935863591,5.34516641051,0.667167674382532));
#5577=CARTESIAN_POINT('Ctrl Pts',(-23.6526706322984,5.34260009338091,0.000501111030577914));
#5578=CARTESIAN_POINT('Ctrl Pts',(-23.5710514988748,5.68770327986837,2.00050080108644));
#5579=CARTESIAN_POINT('Ctrl Pts',(-23.5600458574666,5.68392322249653,1.33383423773449));
#5580=CARTESIAN_POINT('Ctrl Pts',(-23.5490402160585,5.6801431651247,0.667167674382532));
#5581=CARTESIAN_POINT('Ctrl Pts',(-23.5380345746503,5.67636310775286,0.000501111030577893));
#5582=CARTESIAN_POINT('',(-23.7115684219359,4.63687303162314,0.000501110989732224));
#5583=CARTESIAN_POINT('Origin',(-23.7115684219366,4.63687303162314,0.000501111030571239));
#5584=CARTESIAN_POINT('',(-23.7115684219359,-4.63687303162315,0.000501110989731909));
#5585=CARTESIAN_POINT('Ctrl Pts',(-20.5118730316231,-7.87147854638227,2.00050080108644));
#5586=CARTESIAN_POINT('Ctrl Pts',(-20.5118730316231,-7.85984183823349,1.33383423773449));
#5587=CARTESIAN_POINT('Ctrl Pts',(-20.5118730316231,-7.84820513008471,0.667167674382531));
#5588=CARTESIAN_POINT('Ctrl Pts',(-20.5118730316231,-7.83656842193593,0.000501111030577481));
#5589=CARTESIAN_POINT('Ctrl Pts',(-21.2377127509325,-7.87147854638227,2.00050080108644));
#5590=CARTESIAN_POINT('Ctrl Pts',(-21.235110838857,-7.85983365197819,1.33383423773449));
#5591=CARTESIAN_POINT('Ctrl Pts',(-21.2324823680596,-7.84821331634002,0.667167674382531));
#5592=CARTESIAN_POINT('Ctrl Pts',(-21.2298804559841,-7.83656842193593,0.00050111103057759));
#5593=CARTESIAN_POINT('Ctrl Pts',(-22.9364502236336,-7.28185851128891,2.00050080108644));
#5594=CARTESIAN_POINT('Ctrl Pts',(-22.9277402701474,-7.27235248167463,1.33383423773448));
#5595=CARTESIAN_POINT('Ctrl Pts',(-22.9189926169564,-7.26281766247417,0.667167674382533));
#5596=CARTESIAN_POINT('Ctrl Pts',(-22.9102826634702,-7.25331163285989,0.000501111030577839));
#5597=CARTESIAN_POINT('Ctrl Pts',(-23.7464785463822,-5.60465932403569,2.00050080108644));
#5598=CARTESIAN_POINT('Ctrl Pts',(-23.7348075640006,-5.60116439285637,1.33383423773449));
#5599=CARTESIAN_POINT('Ctrl Pts',(-23.7232394043175,-5.59771119528379,0.667167674382531));
#5600=CARTESIAN_POINT('Ctrl Pts',(-23.7115684219359,-5.59421626410446,0.000501111030577942));
#5601=CARTESIAN_POINT('Ctrl Pts',(-23.7464785463822,-4.63687303162315,2.00050080108644));
#5602=CARTESIAN_POINT('Ctrl Pts',(-23.7348418382335,-4.63687303162315,1.33383423773449));
#5603=CARTESIAN_POINT('Ctrl Pts',(-23.7232051300847,-4.63687303162315,0.667167674382532));
#5604=CARTESIAN_POINT('Ctrl Pts',(-23.7115684219359,-4.63687303162315,0.000501111030577931));
#5605=CARTESIAN_POINT('',(-20.5118730316231,-7.83656842193594,0.000501110989724296));
#5606=CARTESIAN_POINT('Origin',(-20.5118730316231,-7.83656842193665,0.000501111030571256));
#5607=CARTESIAN_POINT('Ctrl Pts',(-12.8868730316231,-15.4964785463823,2.00050080108644));
#5608=CARTESIAN_POINT('Ctrl Pts',(-12.8868730316231,-15.4848418382335,1.33383423773448));
#5609=CARTESIAN_POINT('Ctrl Pts',(-12.8868730316231,-15.4732051300847,0.66716767438253));
#5610=CARTESIAN_POINT('Ctrl Pts',(-12.8868730316231,-15.4615684219359,0.000501111030576443));
#5611=CARTESIAN_POINT('Ctrl Pts',(-13.8546593240357,-15.4964785463823,2.00050080108644));
#5612=CARTESIAN_POINT('Ctrl Pts',(-13.8511643928563,-15.4848075640007,1.33383423773449));
#5613=CARTESIAN_POINT('Ctrl Pts',(-13.8477111952837,-15.4732394043175,0.667167674382529));
#5614=CARTESIAN_POINT('Ctrl Pts',(-13.8442162641044,-15.4615684219359,0.000501111030576589));
#5615=CARTESIAN_POINT('Ctrl Pts',(-15.5318585112889,-14.6864502236336,2.00050080108644));
#5616=CARTESIAN_POINT('Ctrl Pts',(-15.5223524816746,-14.6777402701474,1.33383423773448));
#5617=CARTESIAN_POINT('Ctrl Pts',(-15.5128176624741,-14.6689926169564,0.667167674382532));
#5618=CARTESIAN_POINT('Ctrl Pts',(-15.5033116328598,-14.6602826634702,0.000501111030576832));
#5619=CARTESIAN_POINT('Ctrl Pts',(-16.1214785463822,-12.9877127509326,2.00050080108644));
#5620=CARTESIAN_POINT('Ctrl Pts',(-16.1098336519781,-12.985110838857,1.33383423773449));
#5621=CARTESIAN_POINT('Ctrl Pts',(-16.09821331634,-12.9824823680597,0.66716767438253));
#5622=CARTESIAN_POINT('Ctrl Pts',(-16.0865684219359,-12.9798804559841,0.000501111030576901));
#5623=CARTESIAN_POINT('Ctrl Pts',(-16.1214785463822,-12.2618730316231,2.00050080108644));
#5624=CARTESIAN_POINT('Ctrl Pts',(-16.1098418382335,-12.2618730316231,1.33383423773448));
#5625=CARTESIAN_POINT('Ctrl Pts',(-16.0982051300847,-12.2618730316231,0.667167674382531));
#5626=CARTESIAN_POINT('Ctrl Pts',(-16.0865684219359,-12.2618730316231,0.000501111030576893));
#5627=CARTESIAN_POINT('',(-12.8868730316231,-15.4615684219359,0.000501110989706153));
#5628=CARTESIAN_POINT('Origin',(-12.8868730316231,-15.4615684219367,0.000501111030571239));
#5629=CARTESIAN_POINT('',(-3.61312696837682,-15.4615684219359,0.000501110989684401));
#5630=CARTESIAN_POINT('Ctrl Pts',(-0.378521453617694,-12.2618730316232,
2.00050080108644));
#5631=CARTESIAN_POINT('Ctrl Pts',(-0.390158161766475,-12.2618730316232,
1.33383423773448));
#5632=CARTESIAN_POINT('Ctrl Pts',(-0.401794869915257,-12.2618730316232,
0.667167674382527));
#5633=CARTESIAN_POINT('Ctrl Pts',(-0.413431578064038,-12.2618730316232,
0.000501111030573654));
#5634=CARTESIAN_POINT('Ctrl Pts',(-0.378521453617696,-12.9877127509326,
2.00050080108644));
#5635=CARTESIAN_POINT('Ctrl Pts',(-0.390166348021785,-12.985110838857,1.33383423773448));
#5636=CARTESIAN_POINT('Ctrl Pts',(-0.401786683659952,-12.9824823680597,
0.667167674382527));
#5637=CARTESIAN_POINT('Ctrl Pts',(-0.413431578064041,-12.9798804559841,
0.000501111030573662));
#5638=CARTESIAN_POINT('Ctrl Pts',(-0.967781572285185,-14.6869287770086,
2.00050080108644));
#5639=CARTESIAN_POINT('Ctrl Pts',(-0.977287601899466,-14.6782188235224,
1.33383423773448));
#5640=CARTESIAN_POINT('Ctrl Pts',(-0.986826305137125,-14.6694659945533,
0.667167674382528));
#5641=CARTESIAN_POINT('Ctrl Pts',(-0.996332334751406,-14.6607560410671,
0.000501111030573769));
#5642=CARTESIAN_POINT('Ctrl Pts',(-2.64534067596427,-15.4964785463823,2.00050080108644));
#5643=CARTESIAN_POINT('Ctrl Pts',(-2.6488356071436,-15.4848075640007,1.33383423773448));
#5644=CARTESIAN_POINT('Ctrl Pts',(-2.65228880471619,-15.4732394043175,0.667167674382528));
#5645=CARTESIAN_POINT('Ctrl Pts',(-2.65578373589552,-15.4615684219359,0.00050111103057403));
#5646=CARTESIAN_POINT('Ctrl Pts',(-3.61312696837682,-15.4964785463823,2.00050080108644));
#5647=CARTESIAN_POINT('Ctrl Pts',(-3.61312696837682,-15.4848418382335,1.33383423773448));
#5648=CARTESIAN_POINT('Ctrl Pts',(-3.61312696837682,-15.4732051300847,0.667167674382528));
#5649=CARTESIAN_POINT('Ctrl Pts',(-3.61312696837682,-15.4615684219359,0.000501111030574176));
#5650=CARTESIAN_POINT('',(-0.413431578064036,-12.2618730316232,0.000501110989677005));
#5651=CARTESIAN_POINT('Origin',(-0.413431578063325,-12.2618730316232,0.000501111030567923));
#5652=CARTESIAN_POINT('Ctrl Pts',(7.24647854638231,-4.63687303162315,2.00050080108643));
#5653=CARTESIAN_POINT('Ctrl Pts',(7.23484183823353,-4.63687303162315,1.33383423773448));
#5654=CARTESIAN_POINT('Ctrl Pts',(7.22320513008475,-4.63687303162315,0.667167674382527));
#5655=CARTESIAN_POINT('Ctrl Pts',(7.21156842193596,-4.63687303162315,0.000501111030573667));
#5656=CARTESIAN_POINT('Ctrl Pts',(7.24647854638231,-5.36271275093256,2.00050080108643));
#5657=CARTESIAN_POINT('Ctrl Pts',(7.23483365197822,-5.36011083885703,1.33383423773448));
#5658=CARTESIAN_POINT('Ctrl Pts',(7.22321331634005,-5.35748236805966,0.667167674382527));
#5659=CARTESIAN_POINT('Ctrl Pts',(7.21156842193597,-5.35488045598413,0.000501111030573675));
#5660=CARTESIAN_POINT('Ctrl Pts',(6.657481572841,-7.06227866097942,2.00050080108644));
#5661=CARTESIAN_POINT('Ctrl Pts',(6.64797554322672,-7.0535687074932,1.33383423773448));
#5662=CARTESIAN_POINT('Ctrl Pts',(6.6384340002591,-7.04481209436559,0.667167674382528));
#5663=CARTESIAN_POINT('Ctrl Pts',(6.62892797064482,-7.03610214087937,0.000501111030573782));
#5664=CARTESIAN_POINT('Ctrl Pts',(4.97965932403573,-7.87147854638228,2.00050080108644));
#5665=CARTESIAN_POINT('Ctrl Pts',(4.9761643928564,-7.85980756400067,1.33383423773448));
#5666=CARTESIAN_POINT('Ctrl Pts',(4.97271119528382,-7.84823940431754,0.667167674382527));
#5667=CARTESIAN_POINT('Ctrl Pts',(4.96921626410449,-7.83656842193594,0.000501111030574043));
#5668=CARTESIAN_POINT('Ctrl Pts',(4.01187303162319,-7.87147854638228,2.00050080108644));
#5669=CARTESIAN_POINT('Ctrl Pts',(4.01187303162319,-7.8598418382335,1.33383423773448));
#5670=CARTESIAN_POINT('Ctrl Pts',(4.01187303162318,-7.84820513008472,0.667167674382528));
#5671=CARTESIAN_POINT('Ctrl Pts',(4.01187303162318,-7.83656842193594,0.000501111030574189));
#5672=CARTESIAN_POINT('',(7.21156842193596,-4.63687303162315,0.000501111030573043));
#5673=CARTESIAN_POINT('Origin',(7.21156842193668,-4.63687303162316,0.000501111030566815));
#5674=CARTESIAN_POINT('Origin',(5.56623814225731,7.83656842193663,0.000501111030566798));
#5675=CARTESIAN_POINT('Ctrl Pts',(-3.61312696837683,15.4964785463823,2.00050080108644));
#5676=CARTESIAN_POINT('Ctrl Pts',(-3.61312696837683,15.4848418382335,1.33383423773448));
#5677=CARTESIAN_POINT('Ctrl Pts',(-3.61312696837683,15.4732051300847,0.667167674382528));
#5678=CARTESIAN_POINT('Ctrl Pts',(-3.61312696837683,15.4615684219359,0.000501111030574115));
#5679=CARTESIAN_POINT('Ctrl Pts',(-2.64534067596428,15.4964785463823,2.00050080108644));
#5680=CARTESIAN_POINT('Ctrl Pts',(-2.64883560714361,15.4848075640007,1.33383423773448));
#5681=CARTESIAN_POINT('Ctrl Pts',(-2.65228880471619,15.4732394043175,0.667167674382528));
#5682=CARTESIAN_POINT('Ctrl Pts',(-2.65578373589552,15.4615684219359,0.00050111103057397));
#5683=CARTESIAN_POINT('Ctrl Pts',(-0.967781572285187,14.6869287770086,2.00050080108644));
#5684=CARTESIAN_POINT('Ctrl Pts',(-0.977287601899468,14.6782188235224,1.33383423773448));
#5685=CARTESIAN_POINT('Ctrl Pts',(-0.986826305137126,14.6694659945533,0.667167674382527));
#5686=CARTESIAN_POINT('Ctrl Pts',(-0.996332334751408,14.660756041067,0.000501111030573727));
#5687=CARTESIAN_POINT('Ctrl Pts',(-0.378521453617699,12.9877127509326,2.00050080108644));
#5688=CARTESIAN_POINT('Ctrl Pts',(-0.390166348021788,12.985110838857,1.33383423773448));
#5689=CARTESIAN_POINT('Ctrl Pts',(-0.401786683659955,12.9824823680597,0.667167674382527));
#5690=CARTESIAN_POINT('Ctrl Pts',(-0.413431578064044,12.9798804559841,0.000501111030573657));
#5691=CARTESIAN_POINT('Ctrl Pts',(-0.378521453617698,12.2618730316231,2.00050080108644));
#5692=CARTESIAN_POINT('Ctrl Pts',(-0.39015816176648,12.2618730316231,1.33383423773448));
#5693=CARTESIAN_POINT('Ctrl Pts',(-0.401794869915262,12.2618730316231,0.667167674382527));
#5694=CARTESIAN_POINT('Ctrl Pts',(-0.413431578064043,12.2618730316231,0.000501111030573665));
#5695=UNCERTAINTY_MEASURE_WITH_UNIT(LENGTH_MEASURE(0.01),#5699,
'DISTANCE_ACCURACY_VALUE',
'Maximum model space distance between geometric entities at asserted c
onnectivities');
#5696=UNCERTAINTY_MEASURE_WITH_UNIT(LENGTH_MEASURE(0.01),#5699,
'DISTANCE_ACCURACY_VALUE',
'Maximum model space distance between geometric entities at asserted c
onnectivities');
#5697=(
GEOMETRIC_REPRESENTATION_CONTEXT(3)
GLOBAL_UNCERTAINTY_ASSIGNED_CONTEXT((#5695))
GLOBAL_UNIT_ASSIGNED_CONTEXT((#5699,#5701,#5702))
REPRESENTATION_CONTEXT('','3D')
);
#5698=(
GEOMETRIC_REPRESENTATION_CONTEXT(3)
GLOBAL_UNCERTAINTY_ASSIGNED_CONTEXT((#5696))
GLOBAL_UNIT_ASSIGNED_CONTEXT((#5699,#5701,#5702))
REPRESENTATION_CONTEXT('','3D')
);
#5699=(
LENGTH_UNIT()
NAMED_UNIT(*)
SI_UNIT(.MILLI.,.METRE.)
);
#5700=(
LENGTH_UNIT()
NAMED_UNIT(*)
SI_UNIT($,.METRE.)
);
#5701=(
NAMED_UNIT(*)
PLANE_ANGLE_UNIT()
SI_UNIT($,.RADIAN.)
);
#5702=(
NAMED_UNIT(*)
SI_UNIT($,.STERADIAN.)
SOLID_ANGLE_UNIT()
);
#5703=SHAPE_DEFINITION_REPRESENTATION(#5704,#5705);
#5704=PRODUCT_DEFINITION_SHAPE('',$,#5707);
#5705=SHAPE_REPRESENTATION('',(#2601),#5697);
#5706=PRODUCT_DEFINITION_CONTEXT('part definition',#5711,'design');
#5707=PRODUCT_DEFINITION('2026-09-22-00-48-33-259','Silicone DPad',#5708,
#5706);
#5708=PRODUCT_DEFINITION_FORMATION('',$,#5713);
#5709=PRODUCT_RELATED_PRODUCT_CATEGORY('Silicone DPad','Silicone DPad',
(#5713));
#5710=APPLICATION_PROTOCOL_DEFINITION('international standard',
'automotive_design',2009,#5711);
#5711=APPLICATION_CONTEXT(
'Core Data for Automotive Mechanical Design Process');
#5712=PRODUCT_CONTEXT('part definition',#5711,'mechanical');
#5713=PRODUCT('2026-09-22-00-48-33-259','Silicone DPad',$,(#5712));
#5714=PRESENTATION_STYLE_ASSIGNMENT((#5715));
#5715=SURFACE_STYLE_USAGE(.BOTH.,#5716);
#5716=SURFACE_SIDE_STYLE('',(#5717));
#5717=SURFACE_STYLE_FILL_AREA(#5718);
#5718=FILL_AREA_STYLE('Steel - Satin',(#5719));
#5719=FILL_AREA_STYLE_COLOUR('Steel - Satin',#5720);
#5720=COLOUR_RGB('Steel - Satin',0.627450980392157,0.627450980392157,0.627450980392157);
ENDSEC;
END-ISO-10303-21;
