ISO-10303-21;
HEADER;
/* Generated by software containing ST-Developer
 * from STEP Tools, Inc. (www.steptools.com) 
 */

FILE_DESCRIPTION(
/* description */ (''),
/* implementation_level */ '2;1');

FILE_NAME(
/* name */ 'Silicone SEWN.step',
/* time_stamp */ '2026-09-22T00:48:45-07:00',
/* author */ (''),
/* organization */ (''),
/* preprocessor_version */ 'ST-DEVELOPER v20.2',
/* originating_system */ 'Autodesk Translation Framework v15.15.0.0',
/* authorisation */ '');

FILE_SCHEMA (('AUTOMOTIVE_DESIGN { 1 0 10303 214 3 1 1 }'));
ENDSEC;

DATA;
#10=MECHANICAL_DESIGN_GEOMETRIC_PRESENTATION_REPRESENTATION('',(#13),#6815);
#11=SHAPE_REPRESENTATION_RELATIONSHIP('SRR','None',#6822,#12);
#12=ADVANCED_BREP_SHAPE_REPRESENTATION('',(#14),#6814);
#13=STYLED_ITEM('',(#6831),#14);
#14=MANIFOLD_SOLID_BREP('Silicone SEWN Body',#3608);
#15=TOROIDAL_SURFACE('',#3790,2.35,0.35);
#16=TOROIDAL_SURFACE('',#3797,2.35,0.35);
#17=TOROIDAL_SURFACE('',#3804,2.35,0.35);
#18=TOROIDAL_SURFACE('',#3811,2.35,0.35);
#19=TOROIDAL_SURFACE('',#3818,3.15,0.35);
#20=TOROIDAL_SURFACE('',#3825,3.15,0.35);
#21=TOROIDAL_SURFACE('',#3832,3.15,0.35);
#22=TOROIDAL_SURFACE('',#3839,3.15,0.35);
#23=(
BOUNDED_CURVE()
B_SPLINE_CURVE(2,(#5778,#5779,#5780),.UNSPECIFIED.,.F.,.F.)
B_SPLINE_CURVE_WITH_KNOTS((3,3),(9517.76470489353,9518.75133803124),
 .UNSPECIFIED.)
CURVE()
GEOMETRIC_REPRESENTATION_ITEM()
RATIONAL_B_SPLINE_CURVE((1.,1.,1.))
REPRESENTATION_ITEM('')
);
#24=(
BOUNDED_CURVE()
B_SPLINE_CURVE(2,(#5784,#5785,#5786),.UNSPECIFIED.,.F.,.F.)
B_SPLINE_CURVE_WITH_KNOTS((3,3),(0.74493526650055,0.796050820807175),
 .UNSPECIFIED.)
CURVE()
GEOMETRIC_REPRESENTATION_ITEM()
RATIONAL_B_SPLINE_CURVE((1.,1.,1.))
REPRESENTATION_ITEM('')
);
#25=(
BOUNDED_CURVE()
B_SPLINE_CURVE(2,(#5830,#5831,#5832),.UNSPECIFIED.,.F.,.F.)
B_SPLINE_CURVE_WITH_KNOTS((3,3),(9517.7647051416,9518.75133827984),
 .UNSPECIFIED.)
CURVE()
GEOMETRIC_REPRESENTATION_ITEM()
RATIONAL_B_SPLINE_CURVE((1.,1.,1.))
REPRESENTATION_ITEM('')
);
#26=(
BOUNDED_CURVE()
B_SPLINE_CURVE(2,(#5880,#5881,#5882),.UNSPECIFIED.,.F.,.F.)
B_SPLINE_CURVE_WITH_KNOTS((3,3),(0.101809698255056,0.202044784320975),
 .UNSPECIFIED.)
CURVE()
GEOMETRIC_REPRESENTATION_ITEM()
RATIONAL_B_SPLINE_CURVE((1.,1.,1.))
REPRESENTATION_ITEM('')
);
#27=(
BOUNDED_CURVE()
B_SPLINE_CURVE(2,(#6139,#6140,#6141),.UNSPECIFIED.,.F.,.F.)
B_SPLINE_CURVE_WITH_KNOTS((3,3),(0.123663347895371,0.224723502596099),
 .UNSPECIFIED.)
CURVE()
GEOMETRIC_REPRESENTATION_ITEM()
RATIONAL_B_SPLINE_CURVE((1.00002458341087,1.00002867378357,1.00002303163194))
REPRESENTATION_ITEM('')
);
#28=(
BOUNDED_CURVE()
B_SPLINE_CURVE(2,(#6296,#6297,#6298),.UNSPECIFIED.,.F.,.F.)
B_SPLINE_CURVE_WITH_KNOTS((3,3),(9517.76470489353,9518.75133803124),
 .UNSPECIFIED.)
CURVE()
GEOMETRIC_REPRESENTATION_ITEM()
RATIONAL_B_SPLINE_CURVE((1.,1.,1.))
REPRESENTATION_ITEM('')
);
#29=(
BOUNDED_CURVE()
B_SPLINE_CURVE(2,(#6301,#6302,#6303),.UNSPECIFIED.,.F.,.F.)
B_SPLINE_CURVE_WITH_KNOTS((3,3),(0.555928678678624,0.656103026207059),
 .UNSPECIFIED.)
CURVE()
GEOMETRIC_REPRESENTATION_ITEM()
RATIONAL_B_SPLINE_CURVE((1.,1.,1.))
REPRESENTATION_ITEM('')
);
#30=(
BOUNDED_CURVE()
B_SPLINE_CURVE(2,(#6309,#6310,#6311),.UNSPECIFIED.,.F.,.F.)
B_SPLINE_CURVE_WITH_KNOTS((3,3),(0.555928678300117,0.656103025814518),
 .UNSPECIFIED.)
CURVE()
GEOMETRIC_REPRESENTATION_ITEM()
RATIONAL_B_SPLINE_CURVE((1.,1.,1.))
REPRESENTATION_ITEM('')
);
#31=(
BOUNDED_CURVE()
B_SPLINE_CURVE(2,(#6323,#6324,#6325),.UNSPECIFIED.,.F.,.F.)
B_SPLINE_CURVE_WITH_KNOTS((3,3),(0.695876472475504,0.796050820031061),
 .UNSPECIFIED.)
CURVE()
GEOMETRIC_REPRESENTATION_ITEM()
RATIONAL_B_SPLINE_CURVE((1.,1.,1.))
REPRESENTATION_ITEM('')
);
#32=(
BOUNDED_CURVE()
B_SPLINE_CURVE(2,(#6329,#6330,#6331),.UNSPECIFIED.,.F.,.F.)
B_SPLINE_CURVE_WITH_KNOTS((3,3),(9517.7647051416,9518.75133827984),
 .UNSPECIFIED.)
CURVE()
GEOMETRIC_REPRESENTATION_ITEM()
RATIONAL_B_SPLINE_CURVE((1.,1.,1.))
REPRESENTATION_ITEM('')
);
#33=(
BOUNDED_CURVE()
B_SPLINE_CURVE(2,(#6336,#6337,#6338),.UNSPECIFIED.,.F.,.F.)
B_SPLINE_CURVE_WITH_KNOTS((3,3),(0.556710824328568,0.656911405555462),
 .UNSPECIFIED.)
CURVE()
GEOMETRIC_REPRESENTATION_ITEM()
RATIONAL_B_SPLINE_CURVE((1.,1.,1.))
REPRESENTATION_ITEM('')
);
#34=(
BOUNDED_CURVE()
B_SPLINE_CURVE(2,(#6341,#6342,#6343),.UNSPECIFIED.,.F.,.F.)
B_SPLINE_CURVE_WITH_KNOTS((3,3),(0.69587647343435,0.79605082095531),
 .UNSPECIFIED.)
CURVE()
GEOMETRIC_REPRESENTATION_ITEM()
RATIONAL_B_SPLINE_CURVE((1.,1.,1.))
REPRESENTATION_ITEM('')
);
#35=(
BOUNDED_CURVE()
B_SPLINE_CURVE(2,(#6346,#6347,#6348),.UNSPECIFIED.,.F.,.F.)
B_SPLINE_CURVE_WITH_KNOTS((3,3),(10534.1491606759,10535.1357938142),
 .UNSPECIFIED.)
CURVE()
GEOMETRIC_REPRESENTATION_ITEM()
RATIONAL_B_SPLINE_CURVE((1.,1.,1.))
REPRESENTATION_ITEM('')
);
#36=(
BOUNDED_CURVE()
B_SPLINE_CURVE(2,(#6352,#6353,#6354),.UNSPECIFIED.,.F.,.F.)
B_SPLINE_CURVE_WITH_KNOTS((3,3),(0.695883903978596,0.796057989957027),
 .UNSPECIFIED.)
CURVE()
GEOMETRIC_REPRESENTATION_ITEM()
RATIONAL_B_SPLINE_CURVE((1.,1.,1.))
REPRESENTATION_ITEM('')
);
#37=(
BOUNDED_CURVE()
B_SPLINE_CURVE(2,(#6374,#6375,#6376),.UNSPECIFIED.,.F.,.F.)
B_SPLINE_CURVE_WITH_KNOTS((3,3),(9517.76472061437,9518.75135378543),
 .UNSPECIFIED.)
CURVE()
GEOMETRIC_REPRESENTATION_ITEM()
RATIONAL_B_SPLINE_CURVE((0.999999999557261,0.999999999557258,0.999999999557256))
REPRESENTATION_ITEM('')
);
#38=(
BOUNDED_CURVE()
B_SPLINE_CURVE(2,(#6379,#6380,#6381),.UNSPECIFIED.,.F.,.F.)
B_SPLINE_CURVE_WITH_KNOTS((3,3),(0.555920961108143,0.656095047086588),
 .UNSPECIFIED.)
CURVE()
GEOMETRIC_REPRESENTATION_ITEM()
RATIONAL_B_SPLINE_CURVE((1.,1.,1.))
REPRESENTATION_ITEM('')
);
#39=(
BOUNDED_CURVE()
B_SPLINE_CURVE(2,(#6383,#6384,#6385),.UNSPECIFIED.,.F.,.F.)
B_SPLINE_CURVE_WITH_KNOTS((3,3),(9517.76472061437,9518.75135378543),
 .UNSPECIFIED.)
CURVE()
GEOMETRIC_REPRESENTATION_ITEM()
RATIONAL_B_SPLINE_CURVE((0.999999999557261,0.999999999557258,0.999999999557256))
REPRESENTATION_ITEM('')
);
#40=(
BOUNDED_CURVE()
B_SPLINE_CURVE(2,(#6398,#6399,#6400),.UNSPECIFIED.,.F.,.F.)
B_SPLINE_CURVE_WITH_KNOTS((3,3),(9517.7647051416,9518.75133827984),
 .UNSPECIFIED.)
CURVE()
GEOMETRIC_REPRESENTATION_ITEM()
RATIONAL_B_SPLINE_CURVE((1.,1.,1.))
REPRESENTATION_ITEM('')
);
#41=(
BOUNDED_CURVE()
B_SPLINE_CURVE(2,(#6403,#6404,#6405),.UNSPECIFIED.,.F.,.F.)
B_SPLINE_CURVE_WITH_KNOTS((3,3),(0.695876473278743,0.796050820807175),
 .UNSPECIFIED.)
CURVE()
GEOMETRIC_REPRESENTATION_ITEM()
RATIONAL_B_SPLINE_CURVE((1.,1.,1.))
REPRESENTATION_ITEM('')
);
#42=(
BOUNDED_CURVE()
B_SPLINE_CURVE(2,(#6430,#6431,#6432),.UNSPECIFIED.,.F.,.F.)
B_SPLINE_CURVE_WITH_KNOTS((3,3),(9517.76470501757,9518.75133815555),
 .UNSPECIFIED.)
CURVE()
GEOMETRIC_REPRESENTATION_ITEM()
RATIONAL_B_SPLINE_CURVE((1.,1.,1.))
REPRESENTATION_ITEM('')
);
#43=(
BOUNDED_CURVE()
B_SPLINE_CURVE(2,(#6435,#6436,#6437),.UNSPECIFIED.,.F.,.F.)
B_SPLINE_CURVE_WITH_KNOTS((3,3),(0.695876473278104,0.796050820806554),
 .UNSPECIFIED.)
CURVE()
GEOMETRIC_REPRESENTATION_ITEM()
RATIONAL_B_SPLINE_CURVE((1.,1.,1.))
REPRESENTATION_ITEM('')
);
#44=(
BOUNDED_CURVE()
B_SPLINE_CURVE(2,(#6441,#6442,#6443),.UNSPECIFIED.,.F.,.F.)
B_SPLINE_CURVE_WITH_KNOTS((3,3),(0.555928678679163,0.656103026207614),
 .UNSPECIFIED.)
CURVE()
GEOMETRIC_REPRESENTATION_ITEM()
RATIONAL_B_SPLINE_CURVE((1.,1.,1.))
REPRESENTATION_ITEM('')
);
#45=(
BOUNDED_CURVE()
B_SPLINE_CURVE(2,(#6445,#6446,#6447),.UNSPECIFIED.,.F.,.F.)
B_SPLINE_CURVE_WITH_KNOTS((3,3),(9517.76470501757,9518.75133815555),
 .UNSPECIFIED.)
CURVE()
GEOMETRIC_REPRESENTATION_ITEM()
RATIONAL_B_SPLINE_CURVE((1.,1.,1.))
REPRESENTATION_ITEM('')
);
#46=(
BOUNDED_CURVE()
B_SPLINE_CURVE(2,(#6451,#6452,#6453),.UNSPECIFIED.,.F.,.F.)
B_SPLINE_CURVE_WITH_KNOTS((3,3),(0.695876473278743,0.796050820807175),
 .UNSPECIFIED.)
CURVE()
GEOMETRIC_REPRESENTATION_ITEM()
RATIONAL_B_SPLINE_CURVE((1.,1.,1.))
REPRESENTATION_ITEM('')
);
#47=(
BOUNDED_CURVE()
B_SPLINE_CURVE(2,(#6456,#6457,#6458),.UNSPECIFIED.,.F.,.F.)
B_SPLINE_CURVE_WITH_KNOTS((3,3),(9517.76470501757,9518.75133815555),
 .UNSPECIFIED.)
CURVE()
GEOMETRIC_REPRESENTATION_ITEM()
RATIONAL_B_SPLINE_CURVE((1.,1.,1.))
REPRESENTATION_ITEM('')
);
#48=(
BOUNDED_CURVE()
B_SPLINE_CURVE(2,(#6461,#6462,#6463),.UNSPECIFIED.,.F.,.F.)
B_SPLINE_CURVE_WITH_KNOTS((3,3),(0.555928678678527,0.656103026206959),
 .UNSPECIFIED.)
CURVE()
GEOMETRIC_REPRESENTATION_ITEM()
RATIONAL_B_SPLINE_CURVE((1.,1.,1.))
REPRESENTATION_ITEM('')
);
#49=(
BOUNDED_CURVE()
B_SPLINE_CURVE(2,(#6465,#6466,#6467),.UNSPECIFIED.,.F.,.F.)
B_SPLINE_CURVE_WITH_KNOTS((3,3),(9517.76470501757,9518.75133815555),
 .UNSPECIFIED.)
CURVE()
GEOMETRIC_REPRESENTATION_ITEM()
RATIONAL_B_SPLINE_CURVE((1.,1.,1.))
REPRESENTATION_ITEM('')
);
#50=(
BOUNDED_CURVE()
B_SPLINE_CURVE(2,(#6499,#6500,#6501),.UNSPECIFIED.,.F.,.F.)
B_SPLINE_CURVE_WITH_KNOTS((3,3),(0.695876473269475,0.796050820799056),
 .UNSPECIFIED.)
CURVE()
GEOMETRIC_REPRESENTATION_ITEM()
RATIONAL_B_SPLINE_CURVE((1.,1.,1.))
REPRESENTATION_ITEM('')
);
#51=(
BOUNDED_CURVE()
B_SPLINE_CURVE(2,(#6507,#6508,#6509),.UNSPECIFIED.,.F.,.F.)
B_SPLINE_CURVE_WITH_KNOTS((3,3),(0.555928678678764,0.656103026207204),
 .UNSPECIFIED.)
CURVE()
GEOMETRIC_REPRESENTATION_ITEM()
RATIONAL_B_SPLINE_CURVE((1.,1.,1.))
REPRESENTATION_ITEM('')
);
#52=(
BOUNDED_CURVE()
B_SPLINE_CURVE(2,(#6511,#6512,#6513),.UNSPECIFIED.,.F.,.F.)
B_SPLINE_CURVE_WITH_KNOTS((3,3),(0.696445690170925,0.796599854720802),
 .UNSPECIFIED.)
CURVE()
GEOMETRIC_REPRESENTATION_ITEM()
RATIONAL_B_SPLINE_CURVE((1.,1.,1.))
REPRESENTATION_ITEM('')
);
#53=(
BOUNDED_CURVE()
B_SPLINE_CURVE(2,(#6515,#6516,#6517),.UNSPECIFIED.,.F.,.F.)
B_SPLINE_CURVE_WITH_KNOTS((3,3),(0.555928678877556,0.656103026413961),
 .UNSPECIFIED.)
CURVE()
GEOMETRIC_REPRESENTATION_ITEM()
RATIONAL_B_SPLINE_CURVE((1.,1.,1.))
REPRESENTATION_ITEM('')
);
#54=(
BOUNDED_CURVE()
B_SPLINE_CURVE(2,(#6698,#6699,#6700),.UNSPECIFIED.,.F.,.F.)
B_SPLINE_CURVE_WITH_KNOTS((3,3),(15953.3458478587,15962.8114228507),
 .UNSPECIFIED.)
CURVE()
GEOMETRIC_REPRESENTATION_ITEM()
RATIONAL_B_SPLINE_CURVE((172.584925523356,172.437220483827,172.289279764536))
REPRESENTATION_ITEM('')
);
#55=CONICAL_SURFACE('',#3740,6.89996953903128,0.0174532925199433);
#56=CONICAL_SURFACE('',#3874,6.89996953903128,0.0174532925199433);
#57=CONICAL_SURFACE('',#3876,4.4,0.70862627212767);
#58=CONICAL_SURFACE('',#3877,6.89996953903128,0.0174532925199433);
#59=CONICAL_SURFACE('',#3882,6.89996953903128,0.0174532925199433);
#60=CONICAL_SURFACE('',#3884,4.4,0.70862627212767);
#61=CONICAL_SURFACE('',#3886,6.89996953903128,0.0174532925199433);
#62=CONICAL_SURFACE('',#3888,6.89996953903128,0.0174532925199433);
#63=CONICAL_SURFACE('',#3891,6.89996953903128,0.0174532925199433);
#64=CONICAL_SURFACE('',#3896,6.89996953903128,0.0174532925199433);
#65=CONICAL_SURFACE('',#3904,6.89996953903128,0.0174532925199433);
#66=CONICAL_SURFACE('',#3906,6.89996953903128,0.0174532925199433);
#67=CONICAL_SURFACE('',#3908,6.89996953903128,0.0174532925199433);
#68=CONICAL_SURFACE('',#3910,6.89996953903128,0.0174532925199433);
#69=CONICAL_SURFACE('',#3920,6.89996953903128,0.0174532925199433);
#70=CONICAL_SURFACE('',#3924,6.89996953903128,0.0174532925199433);
#71=CONICAL_SURFACE('',#3926,6.89996953903128,0.0174532925199433);
#72=CONICAL_SURFACE('',#3930,4.4,0.70862627212767);
#73=CONICAL_SURFACE('',#3931,4.4,0.70862627212767);
#74=CONICAL_SURFACE('',#3987,6.89996953903128,0.0174532925199433);
#75=CONICAL_SURFACE('',#3988,6.7,0.0174532925199433);
#76=CONICAL_SURFACE('',#3989,4.,0.70862627212767);
#77=CONICAL_SURFACE('',#3991,4.,0.70862627212767);
#78=CONICAL_SURFACE('',#3992,1.2288739734212,0.798488132787384);
#79=CONICAL_SURFACE('',#3995,4.,0.70862627212767);
#80=CONICAL_SURFACE('',#4027,1.09993146499511,0.0261799387799149);
#81=CONICAL_SURFACE('',#4037,4.,0.70862627212767);
#82=B_SPLINE_SURFACE_WITH_KNOTS('',3,3,((#5545,#5546,#5547,#5548),(#5549,
#5550,#5551,#5552),(#5553,#5554,#5555,#5556),(#5557,#5558,#5559,#5560)),
 .UNSPECIFIED.,.F.,.F.,.F.,(4,4),(4,4),(0.,1.),(-0.926890832273272,-0.923954739010794),
 .UNSPECIFIED.);
#83=B_SPLINE_SURFACE_WITH_KNOTS('',3,3,((#5634,#5635,#5636,#5637),(#5638,
#5639,#5640,#5641),(#5642,#5643,#5644,#5645),(#5646,#5647,#5648,#5649),
(#5650,#5651,#5652,#5653),(#5654,#5655,#5656,#5657)),.UNSPECIFIED.,.F.,
 .F.,.F.,(4,1,1,4),(4,4),(0.,0.285714285714286,0.571428571428571,1.),(-0.550515354679946,
-0.547824485428133),.UNSPECIFIED.);
#84=B_SPLINE_SURFACE_WITH_KNOTS('',3,3,((#5834,#5835,#5836,#5837),(#5838,
#5839,#5840,#5841),(#5842,#5843,#5844,#5845),(#5846,#5847,#5848,#5849)),
 .UNSPECIFIED.,.F.,.F.,.F.,(4,4),(4,4),(0.,1.),(0.818914962330698,0.822551463550011),
 .UNSPECIFIED.);
#85=B_SPLINE_SURFACE_WITH_KNOTS('',3,3,((#6056,#6057,#6058,#6059),(#6060,
#6061,#6062,#6063),(#6064,#6065,#6066,#6067),(#6068,#6069,#6070,#6071)),
 .UNSPECIFIED.,.F.,.F.,.F.,(4,4),(4,4),(0.,1.),(0.601330466470526,0.610593239158632),
 .UNSPECIFIED.);
#86=B_SPLINE_SURFACE_WITH_KNOTS('',3,3,((#6097,#6098,#6099,#6100),(#6101,
#6102,#6103,#6104),(#6105,#6106,#6107,#6108),(#6109,#6110,#6111,#6112)),
 .UNSPECIFIED.,.F.,.F.,.F.,(4,4),(4,4),(0.,1.),(-0.627950265535221,-0.621198702462935),
 .UNSPECIFIED.);
#87=B_SPLINE_SURFACE_WITH_KNOTS('',3,3,((#6626,#6627,#6628,#6629),(#6630,
#6631,#6632,#6633),(#6634,#6635,#6636,#6637),(#6638,#6639,#6640,#6641)),
 .UNSPECIFIED.,.F.,.F.,.F.,(4,4),(4,4),(0.300183587615134,0.360760025936009),
(0.784572567895252,0.992029846674579),.UNSPECIFIED.);
#88=B_SPLINE_SURFACE_WITH_KNOTS('',3,3,((#6753,#6754,#6755,#6756),(#6757,
#6758,#6759,#6760),(#6761,#6762,#6763,#6764),(#6765,#6766,#6767,#6768),
(#6769,#6770,#6771,#6772),(#6773,#6774,#6775,#6776)),.UNSPECIFIED.,.F.,
 .F.,.F.,(4,1,1,4),(4,4),(0.,0.285714285714286,0.571428571428571,1.),(-1.28545385274686,
-1.28171798871941),.UNSPECIFIED.);
#89=B_SPLINE_CURVE_WITH_KNOTS('',3,(#5414,#5415,#5416,#5417,#5418,#5419,
#5420,#5421,#5422,#5423,#5424,#5425,#5426,#5427,#5428,#5429,#5430,#5431,
#5432,#5433,#5434,#5435),.UNSPECIFIED.,.F.,.F.,(4,3,3,3,3,3,3,4),(0.,0.0131163141698066,
0.0265571686362198,0.039072109521603,0.0524709390049947,0.0605824480477183,
0.0738459779653375,0.0820943031416136),.UNSPECIFIED.);
#90=B_SPLINE_CURVE_WITH_KNOTS('',3,(#5441,#5442,#5443,#5444,#5445,#5446,
#5447,#5448,#5449,#5450,#5451,#5452,#5453,#5454,#5455,#5456,#5457,#5458,
#5459),.UNSPECIFIED.,.F.,.F.,(4,3,3,3,3,3,4),(0.,0.0132026134434835,0.0265866126792469,
0.0301539485873245,0.0435343667686591,0.0567533474678827,0.060301731985219),
 .UNSPECIFIED.);
#91=B_SPLINE_CURVE_WITH_KNOTS('',3,(#5463,#5464,#5465,#5466,#5467,#5468,
#5469,#5470,#5471,#5472,#5473,#5474,#5475,#5476,#5477,#5478,#5479,#5480,
#5481),.UNSPECIFIED.,.F.,.F.,(4,3,3,3,3,3,4),(0.,0.0131894790040668,0.0265757315491148,
0.0311353882506004,0.0445182608742889,0.0577394853888217,0.0622745317793658),
 .UNSPECIFIED.);
#92=B_SPLINE_CURVE_WITH_KNOTS('',3,(#5495,#5496,#5497,#5498,#5499,#5500,
#5501,#5502,#5503,#5504,#5505,#5506,#5507,#5508,#5509,#5510,#5511,#5512,
#5513,#5514,#5515,#5516,#5517,#5518,#5519,#5520,#5521,#5522,#5523,#5524,
#5525,#5526,#5527,#5528,#5529,#5530,#5531,#5532,#5533,#5534,#5535,#5536,
#5537,#5538,#5539,#5540),.UNSPECIFIED.,.F.,.F.,(4,3,3,3,3,3,3,3,3,3,3,3,
3,3,3,4),(0.,0.00596034195573847,0.0120790263677386,0.0136749969458275,
0.0197875016437155,0.0258007671573394,0.0273493295229492,0.027930141589597,
0.0339309944653494,0.0400099255413868,0.0410223462802621,0.0465474526729098,
0.0526327319212673,0.0530886794951025,0.0591675677974807,0.0651549676616424),
 .UNSPECIFIED.);
#93=B_SPLINE_CURVE_WITH_KNOTS('',3,(#5563,#5564,#5565,#5566,#5567,#5568,
#5569,#5570,#5571,#5572,#5573,#5574,#5575,#5576,#5577,#5578,#5579,#5580,
#5581,#5582,#5583,#5584),.UNSPECIFIED.,.F.,.F.,(4,3,3,3,3,3,3,4),(0.,0.00462584675849756,
0.00939026663435662,0.00978388226609831,0.0145371950738021,0.0165185090153683,
0.0212086870819254,0.0232513730531766),.UNSPECIFIED.);
#94=B_SPLINE_CURVE_WITH_KNOTS('',3,(#5588,#5589,#5590,#5591,#5592,#5593,
#5594,#5595,#5596,#5597,#5598,#5599,#5600,#5601,#5602,#5603,#5604,#5605,
#5606,#5607,#5608,#5609),.UNSPECIFIED.,.F.,.F.,(4,3,3,3,3,3,3,4),(0.,0.00462632431885896,
0.00939056101825778,0.00978395880044614,0.0145368734190069,0.016482379724937,
0.0211724808191506,0.0231790484601778),.UNSPECIFIED.);
#95=B_SPLINE_CURVE_WITH_KNOTS('',3,(#5660,#5661,#5662,#5663,#5664,#5665,
#5666,#5667,#5668,#5669,#5670,#5671,#5672,#5673,#5674,#5675,#5676,#5677,
#5678,#5679,#5680,#5681,#5682,#5683,#5684,#5685,#5686,#5687,#5688,#5689,
#5690,#5691,#5692,#5693,#5694,#5695,#5696,#5697,#5698,#5699,#5700,#5701,
#5702,#5703,#5704,#5705,#5706,#5707,#5708,#5709,#5710,#5711),
 .UNSPECIFIED.,.F.,.F.,(4,3,3,3,3,3,3,3,3,3,3,3,3,3,3,3,3,4),(0.,0.00528649611878336,
0.0107526150076742,0.0117373536131652,0.0171879597229839,0.0225906722676045,
0.0234516799749466,0.0287832515641077,0.0342044250684074,0.035152153347759,
0.0405518956917212,0.0459304849949588,0.046855885707907,0.0479659601602805,
0.0533848125425316,0.0570021913859122,0.0624231160933539,0.0671527592773672),
 .UNSPECIFIED.);
#96=B_SPLINE_CURVE_WITH_KNOTS('',3,(#5713,#5714,#5715,#5716),
 .UNSPECIFIED.,.F.,.F.,(4,4),(-0.550515354679946,-0.547894461021264),
 .UNSPECIFIED.);
#97=B_SPLINE_CURVE_WITH_KNOTS('',3,(#5718,#5719,#5720,#5721,#5722,#5723,
#5724,#5725,#5726,#5727,#5728,#5729,#5730,#5731,#5732,#5733,#5734,#5735,
#5736,#5737,#5738,#5739,#5740,#5741,#5742,#5743,#5744,#5745,#5746,#5747,
#5748,#5749,#5750,#5751,#5752,#5753,#5754,#5755,#5756,#5757,#5758,#5759,
#5760,#5761,#5762,#5763,#5764,#5765,#5766,#5767,#5768,#5769),
 .UNSPECIFIED.,.F.,.F.,(4,3,3,3,3,3,3,3,3,3,3,3,3,3,3,3,3,4),(0.,0.00528622718274027,
0.0107525028276113,0.0117376684120216,0.0171883372999142,0.0225915816417956,
0.0234521071496595,0.0288345096822259,0.0342557115720924,0.0351524768466107,
0.0405515904506215,0.0459311249916799,0.0468560006686202,0.0480510163426053,
0.0534703312716099,0.0570621364779064,0.0624834677871267,0.0672726087666841),
 .UNSPECIFIED.);
#98=B_SPLINE_CURVE_WITH_KNOTS('',3,(#5852,#5853,#5854,#5855,#5856,#5857,
#5858,#5859,#5860,#5861,#5862,#5863,#5864,#5865,#5866,#5867,#5868,#5869,
#5870,#5871,#5872,#5873),.UNSPECIFIED.,.F.,.F.,(4,3,3,3,3,3,3,4),(0.,0.0131198353072749,
0.0265629009149671,0.039084301124065,0.0524831227557779,0.0607696252750343,
0.0740293531701585,0.0824529222570278),.UNSPECIFIED.);
#99=B_SPLINE_CURVE_WITH_KNOTS('',3,(#5968,#5969,#5970,#5971,#5972,#5973,
#5974,#5975,#5976,#5977,#5978,#5979,#5980,#5981,#5982,#5983,#5984,#5985,
#5986,#5987,#5988,#5989,#5990,#5991,#5992,#5993,#5994,#5995,#5996,#5997,
#5998,#5999,#6000,#6001,#6002,#6003,#6004,#6005,#6006,#6007,#6008,#6009,
#6010),.UNSPECIFIED.,.F.,.F.,(4,3,3,3,3,3,3,3,3,3,3,3,3,3,4),(-9.03198451852405E-5,
0.00598253348740272,0.00721109777550956,0.0106668035981603,0.0167776851488546,
0.0185822518176694,0.0243820105373618,0.0304763507822371,0.0365059707976595,
0.0372807410264656,0.0380984494331196,0.0410153686392729,0.04712327447568,
0.0531177712169826,0.0588174397949384),.UNSPECIFIED.);
#100=B_SPLINE_CURVE_WITH_KNOTS('',3,(#6074,#6075,#6076,#6077,#6078,#6079,
#6080,#6081,#6082,#6083,#6084,#6085,#6086,#6087,#6088,#6089,#6090,#6091,
#6092),.UNSPECIFIED.,.F.,.F.,(4,3,3,3,3,3,4),(0.,0.0131938579178743,0.0265795231026499,
0.0306087305449901,0.0439916080816436,0.0572159370460097,0.0612241473439603),
 .UNSPECIFIED.);
#101=B_SPLINE_CURVE_WITH_KNOTS('',3,(#6116,#6117,#6118,#6119,#6120,#6121,
#6122,#6123,#6124,#6125,#6126,#6127,#6128,#6129,#6130,#6131,#6132,#6133,
#6134),.UNSPECIFIED.,.F.,.F.,(4,3,3,3,3,3,4),(0.,0.0131903568743267,0.0265790045776082,
0.0314763097650789,0.0448606867193846,0.0580791233326969,0.0629491822875349),
 .UNSPECIFIED.);
#102=B_SPLINE_CURVE_WITH_KNOTS('',3,(#6358,#6359,#6360,#6361,#6362,#6363,
#6364,#6365,#6366,#6367,#6368,#6369,#6370,#6371),.UNSPECIFIED.,.F.,.F.,
(4,2,2,2,2,2,4),(0.040799457014201,0.173742274319142,0.24518251007408,0.295712355642206,
0.348898988641821,0.431696689199308,0.484554499241484),.UNSPECIFIED.);
#103=B_SPLINE_CURVE_WITH_KNOTS('',3,(#6619,#6620,#6621,#6622,#6623,#6624,
#6625),.UNSPECIFIED.,.F.,.F.,(4,3,4),(0.115817157753761,0.298817956770633,
0.31728800475092),.UNSPECIFIED.);
#104=B_SPLINE_CURVE_WITH_KNOTS('',3,(#6643,#6644,#6645,#6646,#6647,#6648,
#6649,#6650,#6651,#6652,#6653,#6654,#6655,#6656,#6657,#6658,#6659,#6660),
 .UNSPECIFIED.,.F.,.F.,(4,2,2,2,2,2,2,2,4),(0.0913958174941,0.243441450639486,
0.622300658110384,0.753028276193367,0.840724912839632,0.928377323011679,
1.05906601403935,1.33479965307437,1.53936952309147),.UNSPECIFIED.);
#105=B_SPLINE_CURVE_WITH_KNOTS('',3,(#6661,#6662,#6663,#6664,#6665,#6666,
#6667,#6668),.UNSPECIFIED.,.F.,.F.,(4,2,2,4),(0.747210898256899,0.797050850726099,
0.930982576894046,0.947807182744356),.UNSPECIFIED.);
#106=B_SPLINE_CURVE_WITH_KNOTS('',3,(#6678,#6679,#6680,#6681),
 .UNSPECIFIED.,.F.,.F.,(4,4),(-0.0652861514544477,-0.0592583828564701),
 .UNSPECIFIED.);
#107=B_SPLINE_CURVE_WITH_KNOTS('',3,(#6685,#6686,#6687,#6688),
 .UNSPECIFIED.,.F.,.F.,(4,4),(-0.200410687788673,-0.100400492899895),
 .UNSPECIFIED.);
#108=CYLINDRICAL_SURFACE('',#3687,4.);
#109=CYLINDRICAL_SURFACE('',#3698,4.);
#110=CYLINDRICAL_SURFACE('',#3727,7.675);
#111=CYLINDRICAL_SURFACE('',#3795,2.7);
#112=CYLINDRICAL_SURFACE('',#3802,2.7);
#113=CYLINDRICAL_SURFACE('',#3809,2.7);
#114=CYLINDRICAL_SURFACE('',#3816,2.7);
#115=CYLINDRICAL_SURFACE('',#3823,3.5);
#116=CYLINDRICAL_SURFACE('',#3830,3.5);
#117=CYLINDRICAL_SURFACE('',#3837,3.5);
#118=CYLINDRICAL_SURFACE('',#3844,3.5);
#119=CYLINDRICAL_SURFACE('',#3846,4.);
#120=CYLINDRICAL_SURFACE('',#3860,4.);
#121=CYLINDRICAL_SURFACE('',#3996,7.675);
#122=CYLINDRICAL_SURFACE('',#3997,0.3);
#123=CYLINDRICAL_SURFACE('',#3999,0.3);
#124=CYLINDRICAL_SURFACE('',#4000,7.675);
#125=CYLINDRICAL_SURFACE('',#4001,5.3);
#126=CYLINDRICAL_SURFACE('',#4004,15.25);
#127=CYLINDRICAL_SURFACE('',#4006,7.675);
#128=CYLINDRICAL_SURFACE('',#4013,7.675);
#129=CYLINDRICAL_SURFACE('',#4020,0.35);
#130=CYLINDRICAL_SURFACE('',#4022,7.675);
#131=FACE_BOUND('',#532,.T.);
#132=FACE_BOUND('',#544,.T.);
#133=FACE_BOUND('',#549,.T.);
#134=FACE_BOUND('',#550,.T.);
#135=FACE_BOUND('',#551,.T.);
#136=FACE_BOUND('',#552,.T.);
#137=FACE_BOUND('',#553,.T.);
#138=FACE_BOUND('',#630,.T.);
#139=FACE_BOUND('',#632,.T.);
#140=FACE_BOUND('',#634,.T.);
#141=FACE_BOUND('',#698,.T.);
#142=CIRCLE('',#3628,4.);
#143=CIRCLE('',#3632,4.);
#144=CIRCLE('',#3639,4.);
#145=CIRCLE('',#3649,4.);
#146=CIRCLE('',#3656,4.);
#147=CIRCLE('',#3663,4.);
#148=CIRCLE('',#3667,4.);
#149=CIRCLE('',#3674,4.);
#150=CIRCLE('',#3679,4.);
#151=CIRCLE('',#3680,4.);
#152=CIRCLE('',#3681,4.);
#153=CIRCLE('',#3682,4.);
#154=CIRCLE('',#3683,4.);
#155=CIRCLE('',#3684,4.);
#156=CIRCLE('',#3685,4.);
#157=CIRCLE('',#3686,1.105305740065);
#158=CIRCLE('',#3688,4.);
#159=CIRCLE('',#3689,4.);
#160=CIRCLE('',#3690,4.);
#161=CIRCLE('',#3692,4.);
#162=CIRCLE('',#3695,4.);
#163=CIRCLE('',#3697,4.);
#164=CIRCLE('',#3699,4.);
#165=CIRCLE('',#3701,4.);
#166=CIRCLE('',#3703,4.);
#167=CIRCLE('',#3704,4.);
#168=CIRCLE('',#3706,4.);
#169=CIRCLE('',#3708,4.);
#170=CIRCLE('',#3709,4.);
#171=CIRCLE('',#3711,4.);
#172=CIRCLE('',#3714,4.);
#173=CIRCLE('',#3715,4.);
#174=CIRCLE('',#3716,7.675);
#175=CIRCLE('',#3717,5.3);
#176=CIRCLE('',#3718,7.675);
#177=CIRCLE('',#3719,0.3);
#178=CIRCLE('',#3720,0.3);
#179=CIRCLE('',#3721,7.675);
#180=CIRCLE('',#3722,7.675);
#181=CIRCLE('',#3724,7.675);
#182=CIRCLE('',#3728,7.675);
#183=CIRCLE('',#3730,7.675);
#184=CIRCLE('',#3732,7.675);
#185=CIRCLE('',#3734,7.675);
#186=CIRCLE('',#3736,7.675);
#187=CIRCLE('',#3737,7.675);
#188=CIRCLE('',#3741,6.87908439360441);
#189=CIRCLE('',#3742,6.86162932867619);
#190=CIRCLE('',#3743,6.87053140737827);
#191=CIRCLE('',#3747,15.25);
#192=CIRCLE('',#3748,6.86162932867619);
#193=CIRCLE('',#3749,6.86162932867619);
#194=CIRCLE('',#3750,0.3);
#195=CIRCLE('',#3751,7.675);
#196=CIRCLE('',#3752,6.86162932867619);
#197=CIRCLE('',#3753,4.44285692623683);
#198=CIRCLE('',#3759,7.675);
#199=CIRCLE('',#3760,6.86162932867619);
#200=CIRCLE('',#3761,6.86162932867619);
#201=CIRCLE('',#3762,15.25);
#202=CIRCLE('',#3763,6.86162932867619);
#203=CIRCLE('',#3764,7.675);
#204=CIRCLE('',#3765,6.86162932867619);
#205=CIRCLE('',#3766,6.86162932867619);
#206=CIRCLE('',#3767,6.86162932867619);
#207=CIRCLE('',#3768,6.86162932867619);
#208=CIRCLE('',#3769,7.675);
#209=CIRCLE('',#3770,6.86162932867619);
#210=CIRCLE('',#3772,6.86162932867619);
#211=CIRCLE('',#3773,6.86162932867619);
#212=CIRCLE('',#3774,6.66159886306741);
#213=CIRCLE('',#3775,4.44285692623683);
#214=CIRCLE('',#3776,1.33149166825198);
#215=CIRCLE('',#3777,6.86162932867619);
#216=CIRCLE('',#3778,6.86162932867619);
#217=CIRCLE('',#3779,4.44285692623683);
#218=CIRCLE('',#3780,4.44285692623683);
#219=CIRCLE('',#3788,6.67905392799563);
#220=CIRCLE('',#3789,7.675);
#221=CIRCLE('',#3791,2.7);
#222=CIRCLE('',#3792,0.35);
#223=CIRCLE('',#3793,2.35);
#224=CIRCLE('',#3796,2.7);
#225=CIRCLE('',#3798,2.7);
#226=CIRCLE('',#3799,0.35);
#227=CIRCLE('',#3800,2.35);
#228=CIRCLE('',#3803,2.7);
#229=CIRCLE('',#3805,2.7);
#230=CIRCLE('',#3806,0.35);
#231=CIRCLE('',#3807,2.35);
#232=CIRCLE('',#3810,2.7);
#233=CIRCLE('',#3812,2.7);
#234=CIRCLE('',#3813,0.35);
#235=CIRCLE('',#3814,2.35);
#236=CIRCLE('',#3817,2.7);
#237=CIRCLE('',#3819,3.15);
#238=CIRCLE('',#3820,0.35);
#239=CIRCLE('',#3821,3.5);
#240=CIRCLE('',#3824,3.5);
#241=CIRCLE('',#3826,3.15);
#242=CIRCLE('',#3827,0.35);
#243=CIRCLE('',#3828,3.5);
#244=CIRCLE('',#3831,3.5);
#245=CIRCLE('',#3833,3.15);
#246=CIRCLE('',#3834,0.35);
#247=CIRCLE('',#3835,3.5);
#248=CIRCLE('',#3838,3.5);
#249=CIRCLE('',#3840,3.15);
#250=CIRCLE('',#3841,0.35);
#251=CIRCLE('',#3842,3.5);
#252=CIRCLE('',#3845,3.5);
#253=CIRCLE('',#3847,4.);
#254=CIRCLE('',#3848,4.);
#255=CIRCLE('',#3851,4.);
#256=CIRCLE('',#3854,4.);
#257=CIRCLE('',#3856,4.);
#258=CIRCLE('',#3857,4.);
#259=CIRCLE('',#3859,4.);
#260=CIRCLE('',#3861,4.);
#261=CIRCLE('',#3862,4.);
#262=CIRCLE('',#3864,4.);
#263=CIRCLE('',#3867,4.);
#264=CIRCLE('',#3869,4.);
#265=CIRCLE('',#3870,4.);
#266=CIRCLE('',#3872,6.87908439360441);
#267=CIRCLE('',#3873,6.87908439360441);
#268=CIRCLE('',#3875,6.87908439360441);
#269=CIRCLE('',#3878,6.87908439360441);
#270=CIRCLE('',#3883,6.87908439360441);
#271=CIRCLE('',#3887,6.87908439360441);
#272=CIRCLE('',#3889,6.87908439360441);
#273=CIRCLE('',#3890,6.87908439360441);
#274=CIRCLE('',#3892,6.87908439360441);
#275=CIRCLE('',#3897,6.87908439360441);
#276=CIRCLE('',#3905,6.87908439360441);
#277=CIRCLE('',#3907,6.87908439360441);
#278=CIRCLE('',#3909,6.87908439360441);
#279=CIRCLE('',#3911,6.87908439360441);
#280=CIRCLE('',#3921,6.87908439360441);
#281=CIRCLE('',#3933,3.1);
#282=CIRCLE('',#3935,3.1);
#283=CIRCLE('',#3937,3.1);
#284=CIRCLE('',#3945,7.675);
#285=CIRCLE('',#3946,5.3);
#286=CIRCLE('',#3953,15.25);
#287=CIRCLE('',#3959,15.25);
#288=CIRCLE('',#3960,7.67500000000024);
#289=CIRCLE('',#3961,0.299999999999999);
#290=CIRCLE('',#3963,15.25);
#291=CIRCLE('',#3964,7.67499999999988);
#292=CIRCLE('',#3973,7.67499999999988);
#293=CIRCLE('',#3978,7.675);
#294=CIRCLE('',#3980,7.675);
#295=CIRCLE('',#3982,7.675);
#296=CIRCLE('',#3986,6.87908439360441);
#297=CIRCLE('',#3993,1.12625627859042);
#298=CIRCLE('',#4005,15.25);
#299=CIRCLE('',#4007,7.675);
#300=CIRCLE('',#4014,7.675);
#301=CIRCLE('',#4029,3.1);
#302=FACE_OUTER_BOUND('',#499,.T.);
#303=FACE_OUTER_BOUND('',#500,.T.);
#304=FACE_OUTER_BOUND('',#501,.T.);
#305=FACE_OUTER_BOUND('',#502,.T.);
#306=FACE_OUTER_BOUND('',#503,.T.);
#307=FACE_OUTER_BOUND('',#504,.T.);
#308=FACE_OUTER_BOUND('',#505,.T.);
#309=FACE_OUTER_BOUND('',#506,.T.);
#310=FACE_OUTER_BOUND('',#507,.T.);
#311=FACE_OUTER_BOUND('',#508,.T.);
#312=FACE_OUTER_BOUND('',#509,.T.);
#313=FACE_OUTER_BOUND('',#510,.T.);
#314=FACE_OUTER_BOUND('',#511,.T.);
#315=FACE_OUTER_BOUND('',#512,.T.);
#316=FACE_OUTER_BOUND('',#513,.T.);
#317=FACE_OUTER_BOUND('',#514,.T.);
#318=FACE_OUTER_BOUND('',#515,.T.);
#319=FACE_OUTER_BOUND('',#516,.T.);
#320=FACE_OUTER_BOUND('',#517,.T.);
#321=FACE_OUTER_BOUND('',#518,.T.);
#322=FACE_OUTER_BOUND('',#519,.T.);
#323=FACE_OUTER_BOUND('',#520,.T.);
#324=FACE_OUTER_BOUND('',#521,.T.);
#325=FACE_OUTER_BOUND('',#522,.T.);
#326=FACE_OUTER_BOUND('',#523,.T.);
#327=FACE_OUTER_BOUND('',#524,.T.);
#328=FACE_OUTER_BOUND('',#525,.T.);
#329=FACE_OUTER_BOUND('',#526,.T.);
#330=FACE_OUTER_BOUND('',#527,.T.);
#331=FACE_OUTER_BOUND('',#528,.T.);
#332=FACE_OUTER_BOUND('',#529,.T.);
#333=FACE_OUTER_BOUND('',#530,.T.);
#334=FACE_OUTER_BOUND('',#531,.T.);
#335=FACE_OUTER_BOUND('',#533,.T.);
#336=FACE_OUTER_BOUND('',#534,.T.);
#337=FACE_OUTER_BOUND('',#535,.T.);
#338=FACE_OUTER_BOUND('',#536,.T.);
#339=FACE_OUTER_BOUND('',#537,.T.);
#340=FACE_OUTER_BOUND('',#538,.T.);
#341=FACE_OUTER_BOUND('',#539,.T.);
#342=FACE_OUTER_BOUND('',#540,.T.);
#343=FACE_OUTER_BOUND('',#541,.T.);
#344=FACE_OUTER_BOUND('',#542,.T.);
#345=FACE_OUTER_BOUND('',#543,.T.);
#346=FACE_OUTER_BOUND('',#545,.T.);
#347=FACE_OUTER_BOUND('',#546,.T.);
#348=FACE_OUTER_BOUND('',#547,.T.);
#349=FACE_OUTER_BOUND('',#548,.T.);
#350=FACE_OUTER_BOUND('',#554,.T.);
#351=FACE_OUTER_BOUND('',#555,.T.);
#352=FACE_OUTER_BOUND('',#556,.T.);
#353=FACE_OUTER_BOUND('',#557,.T.);
#354=FACE_OUTER_BOUND('',#558,.T.);
#355=FACE_OUTER_BOUND('',#559,.T.);
#356=FACE_OUTER_BOUND('',#560,.T.);
#357=FACE_OUTER_BOUND('',#561,.T.);
#358=FACE_OUTER_BOUND('',#562,.T.);
#359=FACE_OUTER_BOUND('',#563,.T.);
#360=FACE_OUTER_BOUND('',#564,.T.);
#361=FACE_OUTER_BOUND('',#565,.T.);
#362=FACE_OUTER_BOUND('',#566,.T.);
#363=FACE_OUTER_BOUND('',#567,.T.);
#364=FACE_OUTER_BOUND('',#568,.T.);
#365=FACE_OUTER_BOUND('',#569,.T.);
#366=FACE_OUTER_BOUND('',#570,.T.);
#367=FACE_OUTER_BOUND('',#571,.T.);
#368=FACE_OUTER_BOUND('',#572,.T.);
#369=FACE_OUTER_BOUND('',#573,.T.);
#370=FACE_OUTER_BOUND('',#574,.T.);
#371=FACE_OUTER_BOUND('',#575,.T.);
#372=FACE_OUTER_BOUND('',#576,.T.);
#373=FACE_OUTER_BOUND('',#577,.T.);
#374=FACE_OUTER_BOUND('',#578,.T.);
#375=FACE_OUTER_BOUND('',#579,.T.);
#376=FACE_OUTER_BOUND('',#580,.T.);
#377=FACE_OUTER_BOUND('',#581,.T.);
#378=FACE_OUTER_BOUND('',#582,.T.);
#379=FACE_OUTER_BOUND('',#583,.T.);
#380=FACE_OUTER_BOUND('',#584,.T.);
#381=FACE_OUTER_BOUND('',#585,.T.);
#382=FACE_OUTER_BOUND('',#586,.T.);
#383=FACE_OUTER_BOUND('',#587,.T.);
#384=FACE_OUTER_BOUND('',#588,.T.);
#385=FACE_OUTER_BOUND('',#589,.T.);
#386=FACE_OUTER_BOUND('',#590,.T.);
#387=FACE_OUTER_BOUND('',#591,.T.);
#388=FACE_OUTER_BOUND('',#592,.T.);
#389=FACE_OUTER_BOUND('',#593,.T.);
#390=FACE_OUTER_BOUND('',#594,.T.);
#391=FACE_OUTER_BOUND('',#595,.T.);
#392=FACE_OUTER_BOUND('',#596,.T.);
#393=FACE_OUTER_BOUND('',#597,.T.);
#394=FACE_OUTER_BOUND('',#598,.T.);
#395=FACE_OUTER_BOUND('',#599,.T.);
#396=FACE_OUTER_BOUND('',#600,.T.);
#397=FACE_OUTER_BOUND('',#601,.T.);
#398=FACE_OUTER_BOUND('',#602,.T.);
#399=FACE_OUTER_BOUND('',#603,.T.);
#400=FACE_OUTER_BOUND('',#604,.T.);
#401=FACE_OUTER_BOUND('',#605,.T.);
#402=FACE_OUTER_BOUND('',#606,.T.);
#403=FACE_OUTER_BOUND('',#607,.T.);
#404=FACE_OUTER_BOUND('',#608,.T.);
#405=FACE_OUTER_BOUND('',#609,.T.);
#406=FACE_OUTER_BOUND('',#610,.T.);
#407=FACE_OUTER_BOUND('',#611,.T.);
#408=FACE_OUTER_BOUND('',#612,.T.);
#409=FACE_OUTER_BOUND('',#613,.T.);
#410=FACE_OUTER_BOUND('',#614,.T.);
#411=FACE_OUTER_BOUND('',#615,.T.);
#412=FACE_OUTER_BOUND('',#616,.T.);
#413=FACE_OUTER_BOUND('',#617,.T.);
#414=FACE_OUTER_BOUND('',#618,.T.);
#415=FACE_OUTER_BOUND('',#619,.T.);
#416=FACE_OUTER_BOUND('',#620,.T.);
#417=FACE_OUTER_BOUND('',#621,.T.);
#418=FACE_OUTER_BOUND('',#622,.T.);
#419=FACE_OUTER_BOUND('',#623,.T.);
#420=FACE_OUTER_BOUND('',#624,.T.);
#421=FACE_OUTER_BOUND('',#625,.T.);
#422=FACE_OUTER_BOUND('',#626,.T.);
#423=FACE_OUTER_BOUND('',#627,.T.);
#424=FACE_OUTER_BOUND('',#628,.T.);
#425=FACE_OUTER_BOUND('',#629,.T.);
#426=FACE_OUTER_BOUND('',#631,.T.);
#427=FACE_OUTER_BOUND('',#633,.T.);
#428=FACE_OUTER_BOUND('',#635,.T.);
#429=FACE_OUTER_BOUND('',#636,.T.);
#430=FACE_OUTER_BOUND('',#637,.T.);
#431=FACE_OUTER_BOUND('',#638,.T.);
#432=FACE_OUTER_BOUND('',#639,.T.);
#433=FACE_OUTER_BOUND('',#640,.T.);
#434=FACE_OUTER_BOUND('',#641,.T.);
#435=FACE_OUTER_BOUND('',#642,.T.);
#436=FACE_OUTER_BOUND('',#643,.T.);
#437=FACE_OUTER_BOUND('',#644,.T.);
#438=FACE_OUTER_BOUND('',#645,.T.);
#439=FACE_OUTER_BOUND('',#646,.T.);
#440=FACE_OUTER_BOUND('',#647,.T.);
#441=FACE_OUTER_BOUND('',#648,.T.);
#442=FACE_OUTER_BOUND('',#649,.T.);
#443=FACE_OUTER_BOUND('',#650,.T.);
#444=FACE_OUTER_BOUND('',#651,.T.);
#445=FACE_OUTER_BOUND('',#652,.T.);
#446=FACE_OUTER_BOUND('',#653,.T.);
#447=FACE_OUTER_BOUND('',#654,.T.);
#448=FACE_OUTER_BOUND('',#655,.T.);
#449=FACE_OUTER_BOUND('',#656,.T.);
#450=FACE_OUTER_BOUND('',#657,.T.);
#451=FACE_OUTER_BOUND('',#658,.T.);
#452=FACE_OUTER_BOUND('',#659,.T.);
#453=FACE_OUTER_BOUND('',#660,.T.);
#454=FACE_OUTER_BOUND('',#661,.T.);
#455=FACE_OUTER_BOUND('',#662,.T.);
#456=FACE_OUTER_BOUND('',#663,.T.);
#457=FACE_OUTER_BOUND('',#664,.T.);
#458=FACE_OUTER_BOUND('',#665,.T.);
#459=FACE_OUTER_BOUND('',#666,.T.);
#460=FACE_OUTER_BOUND('',#667,.T.);
#461=FACE_OUTER_BOUND('',#668,.T.);
#462=FACE_OUTER_BOUND('',#669,.T.);
#463=FACE_OUTER_BOUND('',#670,.T.);
#464=FACE_OUTER_BOUND('',#671,.T.);
#465=FACE_OUTER_BOUND('',#672,.T.);
#466=FACE_OUTER_BOUND('',#673,.T.);
#467=FACE_OUTER_BOUND('',#674,.T.);
#468=FACE_OUTER_BOUND('',#675,.T.);
#469=FACE_OUTER_BOUND('',#676,.T.);
#470=FACE_OUTER_BOUND('',#677,.T.);
#471=FACE_OUTER_BOUND('',#678,.T.);
#472=FACE_OUTER_BOUND('',#679,.T.);
#473=FACE_OUTER_BOUND('',#680,.T.);
#474=FACE_OUTER_BOUND('',#681,.T.);
#475=FACE_OUTER_BOUND('',#682,.T.);
#476=FACE_OUTER_BOUND('',#683,.T.);
#477=FACE_OUTER_BOUND('',#684,.T.);
#478=FACE_OUTER_BOUND('',#685,.T.);
#479=FACE_OUTER_BOUND('',#686,.T.);
#480=FACE_OUTER_BOUND('',#687,.T.);
#481=FACE_OUTER_BOUND('',#688,.T.);
#482=FACE_OUTER_BOUND('',#689,.T.);
#483=FACE_OUTER_BOUND('',#690,.T.);
#484=FACE_OUTER_BOUND('',#691,.T.);
#485=FACE_OUTER_BOUND('',#692,.T.);
#486=FACE_OUTER_BOUND('',#693,.T.);
#487=FACE_OUTER_BOUND('',#694,.T.);
#488=FACE_OUTER_BOUND('',#695,.T.);
#489=FACE_OUTER_BOUND('',#696,.T.);
#490=FACE_OUTER_BOUND('',#697,.T.);
#491=FACE_OUTER_BOUND('',#699,.T.);
#492=FACE_OUTER_BOUND('',#700,.T.);
#493=FACE_OUTER_BOUND('',#701,.T.);
#494=FACE_OUTER_BOUND('',#702,.T.);
#495=FACE_OUTER_BOUND('',#703,.T.);
#496=FACE_OUTER_BOUND('',#704,.T.);
#497=FACE_OUTER_BOUND('',#705,.T.);
#498=FACE_OUTER_BOUND('',#706,.T.);
#499=EDGE_LOOP('',(#2197,#2198,#2199,#2200));
#500=EDGE_LOOP('',(#2201,#2202,#2203,#2204));
#501=EDGE_LOOP('',(#2205,#2206,#2207,#2208));
#502=EDGE_LOOP('',(#2209,#2210,#2211,#2212));
#503=EDGE_LOOP('',(#2213,#2214,#2215,#2216));
#504=EDGE_LOOP('',(#2217,#2218,#2219,#2220));
#505=EDGE_LOOP('',(#2221,#2222,#2223,#2224));
#506=EDGE_LOOP('',(#2225,#2226,#2227,#2228));
#507=EDGE_LOOP('',(#2229,#2230,#2231,#2232));
#508=EDGE_LOOP('',(#2233,#2234,#2235,#2236));
#509=EDGE_LOOP('',(#2237,#2238,#2239,#2240));
#510=EDGE_LOOP('',(#2241,#2242,#2243,#2244));
#511=EDGE_LOOP('',(#2245,#2246,#2247,#2248));
#512=EDGE_LOOP('',(#2249,#2250,#2251,#2252));
#513=EDGE_LOOP('',(#2253,#2254,#2255,#2256));
#514=EDGE_LOOP('',(#2257,#2258,#2259,#2260));
#515=EDGE_LOOP('',(#2261,#2262,#2263,#2264));
#516=EDGE_LOOP('',(#2265,#2266,#2267,#2268));
#517=EDGE_LOOP('',(#2269,#2270,#2271,#2272));
#518=EDGE_LOOP('',(#2273,#2274,#2275,#2276));
#519=EDGE_LOOP('',(#2277,#2278,#2279,#2280));
#520=EDGE_LOOP('',(#2281,#2282,#2283,#2284));
#521=EDGE_LOOP('',(#2285,#2286,#2287,#2288));
#522=EDGE_LOOP('',(#2289,#2290,#2291,#2292));
#523=EDGE_LOOP('',(#2293,#2294,#2295,#2296));
#524=EDGE_LOOP('',(#2297,#2298,#2299,#2300));
#525=EDGE_LOOP('',(#2301,#2302,#2303,#2304));
#526=EDGE_LOOP('',(#2305,#2306,#2307,#2308));
#527=EDGE_LOOP('',(#2309,#2310,#2311,#2312));
#528=EDGE_LOOP('',(#2313,#2314,#2315,#2316));
#529=EDGE_LOOP('',(#2317,#2318,#2319,#2320));
#530=EDGE_LOOP('',(#2321,#2322,#2323,#2324));
#531=EDGE_LOOP('',(#2325,#2326,#2327,#2328,#2329,#2330,#2331,#2332,#2333,
#2334,#2335,#2336,#2337,#2338,#2339,#2340,#2341));
#532=EDGE_LOOP('',(#2342));
#533=EDGE_LOOP('',(#2343,#2344,#2345,#2346,#2347,#2348,#2349,#2350,#2351,
#2352,#2353,#2354,#2355,#2356,#2357,#2358,#2359,#2360,#2361,#2362));
#534=EDGE_LOOP('',(#2363,#2364,#2365,#2366,#2367,#2368,#2369,#2370,#2371,
#2372,#2373,#2374,#2375,#2376,#2377,#2378,#2379,#2380,#2381,#2382,#2383,
#2384,#2385,#2386));
#535=EDGE_LOOP('',(#2387,#2388,#2389,#2390,#2391,#2392,#2393,#2394,#2395,
#2396,#2397,#2398,#2399,#2400,#2401,#2402,#2403,#2404,#2405,#2406,#2407,
#2408,#2409,#2410,#2411,#2412,#2413,#2414,#2415,#2416,#2417,#2418,#2419,
#2420,#2421,#2422,#2423,#2424,#2425,#2426,#2427));
#536=EDGE_LOOP('',(#2428,#2429,#2430,#2431));
#537=EDGE_LOOP('',(#2432,#2433,#2434,#2435,#2436,#2437,#2438,#2439,#2440,
#2441,#2442,#2443,#2444,#2445));
#538=EDGE_LOOP('',(#2446,#2447,#2448,#2449));
#539=EDGE_LOOP('',(#2450,#2451,#2452,#2453));
#540=EDGE_LOOP('',(#2454,#2455,#2456,#2457,#2458,#2459));
#541=EDGE_LOOP('',(#2460,#2461,#2462,#2463,#2464,#2465));
#542=EDGE_LOOP('',(#2466,#2467,#2468,#2469));
#543=EDGE_LOOP('',(#2470,#2471,#2472,#2473,#2474,#2475,#2476,#2477,#2478,
#2479,#2480,#2481,#2482,#2483,#2484,#2485,#2486,#2487,#2488));
#544=EDGE_LOOP('',(#2489));
#545=EDGE_LOOP('',(#2490,#2491,#2492,#2493));
#546=EDGE_LOOP('',(#2494,#2495,#2496,#2497));
#547=EDGE_LOOP('',(#2498,#2499,#2500,#2501,#2502,#2503));
#548=EDGE_LOOP('',(#2504,#2505,#2506,#2507,#2508,#2509,#2510,#2511,#2512,
#2513,#2514,#2515,#2516,#2517,#2518,#2519,#2520,#2521,#2522,#2523,#2524,
#2525,#2526,#2527,#2528,#2529,#2530,#2531,#2532,#2533,#2534,#2535,#2536,
#2537,#2538,#2539,#2540,#2541,#2542,#2543,#2544,#2545,#2546,#2547,#2548,
#2549,#2550,#2551,#2552,#2553,#2554,#2555,#2556,#2557,#2558));
#549=EDGE_LOOP('',(#2559));
#550=EDGE_LOOP('',(#2560));
#551=EDGE_LOOP('',(#2561,#2562,#2563,#2564,#2565,#2566,#2567));
#552=EDGE_LOOP('',(#2568));
#553=EDGE_LOOP('',(#2569));
#554=EDGE_LOOP('',(#2570,#2571,#2572,#2573));
#555=EDGE_LOOP('',(#2574,#2575,#2576,#2577));
#556=EDGE_LOOP('',(#2578,#2579,#2580,#2581));
#557=EDGE_LOOP('',(#2582,#2583,#2584,#2585,#2586,#2587));
#558=EDGE_LOOP('',(#2588,#2589,#2590,#2591,#2592,#2593,#2594));
#559=EDGE_LOOP('',(#2595,#2596,#2597,#2598));
#560=EDGE_LOOP('',(#2599));
#561=EDGE_LOOP('',(#2600,#2601,#2602,#2603));
#562=EDGE_LOOP('',(#2604,#2605,#2606,#2607));
#563=EDGE_LOOP('',(#2608));
#564=EDGE_LOOP('',(#2609,#2610,#2611,#2612));
#565=EDGE_LOOP('',(#2613,#2614,#2615,#2616));
#566=EDGE_LOOP('',(#2617));
#567=EDGE_LOOP('',(#2618,#2619,#2620,#2621));
#568=EDGE_LOOP('',(#2622,#2623,#2624,#2625));
#569=EDGE_LOOP('',(#2626));
#570=EDGE_LOOP('',(#2627,#2628,#2629,#2630));
#571=EDGE_LOOP('',(#2631,#2632,#2633,#2634));
#572=EDGE_LOOP('',(#2635));
#573=EDGE_LOOP('',(#2636,#2637,#2638,#2639));
#574=EDGE_LOOP('',(#2640,#2641,#2642,#2643));
#575=EDGE_LOOP('',(#2644));
#576=EDGE_LOOP('',(#2645,#2646,#2647,#2648));
#577=EDGE_LOOP('',(#2649,#2650,#2651,#2652));
#578=EDGE_LOOP('',(#2653));
#579=EDGE_LOOP('',(#2654,#2655,#2656,#2657));
#580=EDGE_LOOP('',(#2658,#2659,#2660,#2661));
#581=EDGE_LOOP('',(#2662));
#582=EDGE_LOOP('',(#2663,#2664,#2665,#2666));
#583=EDGE_LOOP('',(#2667,#2668,#2669,#2670,#2671,#2672,#2673,#2674,#2675,
#2676,#2677,#2678,#2679,#2680,#2681,#2682,#2683,#2684,#2685,#2686,#2687,
#2688,#2689,#2690));
#584=EDGE_LOOP('',(#2691,#2692,#2693,#2694,#2695,#2696,#2697,#2698,#2699,
#2700,#2701,#2702,#2703,#2704,#2705,#2706,#2707,#2708,#2709,#2710));
#585=EDGE_LOOP('',(#2711,#2712,#2713,#2714,#2715,#2716,#2717));
#586=EDGE_LOOP('',(#2718,#2719,#2720,#2721));
#587=EDGE_LOOP('',(#2722,#2723,#2724,#2725));
#588=EDGE_LOOP('',(#2726,#2727,#2728,#2729));
#589=EDGE_LOOP('',(#2730,#2731,#2732,#2733));
#590=EDGE_LOOP('',(#2734,#2735,#2736,#2737));
#591=EDGE_LOOP('',(#2738,#2739,#2740,#2741));
#592=EDGE_LOOP('',(#2742,#2743,#2744,#2745));
#593=EDGE_LOOP('',(#2746,#2747,#2748,#2749));
#594=EDGE_LOOP('',(#2750,#2751,#2752,#2753));
#595=EDGE_LOOP('',(#2754,#2755,#2756,#2757));
#596=EDGE_LOOP('',(#2758,#2759,#2760,#2761,#2762,#2763));
#597=EDGE_LOOP('',(#2764,#2765,#2766,#2767));
#598=EDGE_LOOP('',(#2768,#2769,#2770,#2771));
#599=EDGE_LOOP('',(#2772,#2773,#2774,#2775));
#600=EDGE_LOOP('',(#2776,#2777,#2778,#2779));
#601=EDGE_LOOP('',(#2780,#2781,#2782,#2783));
#602=EDGE_LOOP('',(#2784,#2785,#2786,#2787));
#603=EDGE_LOOP('',(#2788,#2789,#2790,#2791));
#604=EDGE_LOOP('',(#2792,#2793,#2794,#2795));
#605=EDGE_LOOP('',(#2796,#2797,#2798,#2799));
#606=EDGE_LOOP('',(#2800,#2801,#2802,#2803));
#607=EDGE_LOOP('',(#2804,#2805,#2806,#2807));
#608=EDGE_LOOP('',(#2808,#2809,#2810,#2811));
#609=EDGE_LOOP('',(#2812,#2813,#2814,#2815));
#610=EDGE_LOOP('',(#2816,#2817,#2818,#2819));
#611=EDGE_LOOP('',(#2820,#2821,#2822,#2823));
#612=EDGE_LOOP('',(#2824,#2825,#2826,#2827));
#613=EDGE_LOOP('',(#2828,#2829,#2830,#2831));
#614=EDGE_LOOP('',(#2832,#2833,#2834,#2835));
#615=EDGE_LOOP('',(#2836,#2837,#2838,#2839));
#616=EDGE_LOOP('',(#2840,#2841,#2842,#2843));
#617=EDGE_LOOP('',(#2844,#2845,#2846,#2847));
#618=EDGE_LOOP('',(#2848,#2849,#2850,#2851));
#619=EDGE_LOOP('',(#2852,#2853,#2854,#2855));
#620=EDGE_LOOP('',(#2856,#2857,#2858,#2859));
#621=EDGE_LOOP('',(#2860,#2861,#2862,#2863));
#622=EDGE_LOOP('',(#2864,#2865,#2866,#2867));
#623=EDGE_LOOP('',(#2868,#2869,#2870,#2871));
#624=EDGE_LOOP('',(#2872,#2873,#2874,#2875));
#625=EDGE_LOOP('',(#2876,#2877,#2878,#2879));
#626=EDGE_LOOP('',(#2880,#2881,#2882,#2883));
#627=EDGE_LOOP('',(#2884,#2885,#2886,#2887));
#628=EDGE_LOOP('',(#2888,#2889,#2890,#2891));
#629=EDGE_LOOP('',(#2892));
#630=EDGE_LOOP('',(#2893));
#631=EDGE_LOOP('',(#2894));
#632=EDGE_LOOP('',(#2895));
#633=EDGE_LOOP('',(#2896));
#634=EDGE_LOOP('',(#2897));
#635=EDGE_LOOP('',(#2898,#2899,#2900,#2901));
#636=EDGE_LOOP('',(#2902,#2903,#2904,#2905));
#637=EDGE_LOOP('',(#2906,#2907,#2908,#2909));
#638=EDGE_LOOP('',(#2910,#2911,#2912,#2913,#2914));
#639=EDGE_LOOP('',(#2915,#2916,#2917,#2918,#2919,#2920));
#640=EDGE_LOOP('',(#2921,#2922,#2923,#2924));
#641=EDGE_LOOP('',(#2925,#2926,#2927,#2928));
#642=EDGE_LOOP('',(#2929,#2930,#2931,#2932));
#643=EDGE_LOOP('',(#2933,#2934,#2935,#2936,#2937,#2938,#2939));
#644=EDGE_LOOP('',(#2940,#2941,#2942,#2943));
#645=EDGE_LOOP('',(#2944,#2945,#2946,#2947));
#646=EDGE_LOOP('',(#2948,#2949,#2950,#2951,#2952,#2953,#2954,#2955,#2956,
#2957,#2958,#2959,#2960,#2961,#2962,#2963,#2964,#2965,#2966,#2967,#2968,
#2969,#2970));
#647=EDGE_LOOP('',(#2971,#2972,#2973,#2974,#2975));
#648=EDGE_LOOP('',(#2976,#2977,#2978,#2979));
#649=EDGE_LOOP('',(#2980,#2981,#2982,#2983));
#650=EDGE_LOOP('',(#2984,#2985,#2986,#2987));
#651=EDGE_LOOP('',(#2988,#2989,#2990,#2991,#2992,#2993,#2994,#2995,#2996,
#2997,#2998,#2999,#3000,#3001,#3002));
#652=EDGE_LOOP('',(#3003,#3004,#3005,#3006));
#653=EDGE_LOOP('',(#3007,#3008,#3009,#3010,#3011));
#654=EDGE_LOOP('',(#3012,#3013,#3014,#3015));
#655=EDGE_LOOP('',(#3016,#3017,#3018,#3019));
#656=EDGE_LOOP('',(#3020,#3021,#3022,#3023));
#657=EDGE_LOOP('',(#3024,#3025,#3026,#3027));
#658=EDGE_LOOP('',(#3028,#3029,#3030,#3031));
#659=EDGE_LOOP('',(#3032,#3033,#3034,#3035,#3036));
#660=EDGE_LOOP('',(#3037,#3038,#3039,#3040));
#661=EDGE_LOOP('',(#3041,#3042,#3043,#3044));
#662=EDGE_LOOP('',(#3045,#3046,#3047,#3048,#3049));
#663=EDGE_LOOP('',(#3050,#3051,#3052,#3053));
#664=EDGE_LOOP('',(#3054,#3055,#3056,#3057));
#665=EDGE_LOOP('',(#3058,#3059,#3060,#3061));
#666=EDGE_LOOP('',(#3062,#3063,#3064,#3065));
#667=EDGE_LOOP('',(#3066,#3067,#3068,#3069));
#668=EDGE_LOOP('',(#3070,#3071,#3072,#3073));
#669=EDGE_LOOP('',(#3074,#3075,#3076,#3077));
#670=EDGE_LOOP('',(#3078,#3079,#3080,#3081));
#671=EDGE_LOOP('',(#3082,#3083,#3084,#3085,#3086,#3087));
#672=EDGE_LOOP('',(#3088,#3089,#3090,#3091));
#673=EDGE_LOOP('',(#3092,#3093,#3094,#3095,#3096,#3097));
#674=EDGE_LOOP('',(#3098,#3099,#3100,#3101));
#675=EDGE_LOOP('',(#3102,#3103,#3104,#3105,#3106,#3107));
#676=EDGE_LOOP('',(#3108,#3109,#3110,#3111));
#677=EDGE_LOOP('',(#3112,#3113,#3114,#3115));
#678=EDGE_LOOP('',(#3116,#3117,#3118,#3119));
#679=EDGE_LOOP('',(#3120,#3121,#3122,#3123,#3124,#3125,#3126,#3127,#3128,
#3129,#3130,#3131));
#680=EDGE_LOOP('',(#3132,#3133,#3134,#3135,#3136,#3137,#3138,#3139));
#681=EDGE_LOOP('',(#3140,#3141,#3142,#3143,#3144,#3145,#3146,#3147,#3148,
#3149));
#682=EDGE_LOOP('',(#3150,#3151,#3152,#3153));
#683=EDGE_LOOP('',(#3154,#3155,#3156,#3157));
#684=EDGE_LOOP('',(#3158,#3159,#3160,#3161,#3162,#3163,#3164,#3165,#3166,
#3167,#3168,#3169));
#685=EDGE_LOOP('',(#3170,#3171,#3172,#3173,#3174,#3175));
#686=EDGE_LOOP('',(#3176,#3177,#3178,#3179));
#687=EDGE_LOOP('',(#3180,#3181,#3182,#3183));
#688=EDGE_LOOP('',(#3184,#3185,#3186,#3187));
#689=EDGE_LOOP('',(#3188,#3189,#3190,#3191));
#690=EDGE_LOOP('',(#3192,#3193,#3194,#3195,#3196,#3197,#3198,#3199));
#691=EDGE_LOOP('',(#3200,#3201,#3202,#3203));
#692=EDGE_LOOP('',(#3204,#3205,#3206,#3207));
#693=EDGE_LOOP('',(#3208,#3209,#3210,#3211));
#694=EDGE_LOOP('',(#3212,#3213,#3214,#3215));
#695=EDGE_LOOP('',(#3216,#3217,#3218,#3219));
#696=EDGE_LOOP('',(#3220,#3221,#3222,#3223));
#697=EDGE_LOOP('',(#3224));
#698=EDGE_LOOP('',(#3225));
#699=EDGE_LOOP('',(#3226,#3227,#3228,#3229));
#700=EDGE_LOOP('',(#3230,#3231,#3232,#3233,#3234,#3235,#3236,#3237,#3238,
#3239,#3240,#3241,#3242,#3243,#3244,#3245,#3246,#3247,#3248,#3249,#3250,
#3251,#3252,#3253,#3254));
#701=EDGE_LOOP('',(#3255,#3256,#3257,#3258));
#702=EDGE_LOOP('',(#3259,#3260,#3261,#3262));
#703=EDGE_LOOP('',(#3263,#3264,#3265,#3266));
#704=EDGE_LOOP('',(#3267,#3268,#3269,#3270));
#705=EDGE_LOOP('',(#3271,#3272,#3273,#3274));
#706=EDGE_LOOP('',(#3275,#3276,#3277,#3278));
#707=LINE('',#5142,#971);
#708=LINE('',#5144,#972);
#709=LINE('',#5145,#973);
#710=LINE('',#5151,#974);
#711=LINE('',#5153,#975);
#712=LINE('',#5154,#976);
#713=LINE('',#5156,#977);
#714=LINE('',#5157,#978);
#715=LINE('',#5165,#979);
#716=LINE('',#5167,#980);
#717=LINE('',#5168,#981);
#718=LINE('',#5173,#982);
#719=LINE('',#5174,#983);
#720=LINE('',#5177,#984);
#721=LINE('',#5178,#985);
#722=LINE('',#5182,#986);
#723=LINE('',#5188,#987);
#724=LINE('',#5190,#988);
#725=LINE('',#5191,#989);
#726=LINE('',#5196,#990);
#727=LINE('',#5197,#991);
#728=LINE('',#5200,#992);
#729=LINE('',#5201,#993);
#730=LINE('',#5205,#994);
#731=LINE('',#5211,#995);
#732=LINE('',#5213,#996);
#733=LINE('',#5214,#997);
#734=LINE('',#5220,#998);
#735=LINE('',#5222,#999);
#736=LINE('',#5223,#1000);
#737=LINE('',#5225,#1001);
#738=LINE('',#5226,#1002);
#739=LINE('',#5234,#1003);
#740=LINE('',#5236,#1004);
#741=LINE('',#5237,#1005);
#742=LINE('',#5243,#1006);
#743=LINE('',#5245,#1007);
#744=LINE('',#5246,#1008);
#745=LINE('',#5248,#1009);
#746=LINE('',#5249,#1010);
#747=LINE('',#5257,#1011);
#748=LINE('',#5259,#1012);
#749=LINE('',#5260,#1013);
#750=LINE('',#5266,#1014);
#751=LINE('',#5268,#1015);
#752=LINE('',#5269,#1016);
#753=LINE('',#5271,#1017);
#754=LINE('',#5272,#1018);
#755=LINE('',#5280,#1019);
#756=LINE('',#5282,#1020);
#757=LINE('',#5283,#1021);
#758=LINE('',#5288,#1022);
#759=LINE('',#5289,#1023);
#760=LINE('',#5292,#1024);
#761=LINE('',#5293,#1025);
#762=LINE('',#5297,#1026);
#763=LINE('',#5303,#1027);
#764=LINE('',#5305,#1028);
#765=LINE('',#5306,#1029);
#766=LINE('',#5311,#1030);
#767=LINE('',#5312,#1031);
#768=LINE('',#5315,#1032);
#769=LINE('',#5316,#1033);
#770=LINE('',#5320,#1034);
#771=LINE('',#5325,#1035);
#772=LINE('',#5329,#1036);
#773=LINE('',#5334,#1037);
#774=LINE('',#5340,#1038);
#775=LINE('',#5348,#1039);
#776=LINE('',#5367,#1040);
#777=LINE('',#5393,#1041);
#778=LINE('',#5398,#1042);
#779=LINE('',#5408,#1043);
#780=LINE('',#5437,#1044);
#781=LINE('',#5439,#1045);
#782=LINE('',#5483,#1046);
#783=LINE('',#5485,#1047);
#784=LINE('',#5489,#1048);
#785=LINE('',#5491,#1049);
#786=LINE('',#5493,#1050);
#787=LINE('',#5543,#1051);
#788=LINE('',#5544,#1052);
#789=LINE('',#5622,#1053);
#790=LINE('',#5632,#1054);
#791=LINE('',#5772,#1055);
#792=LINE('',#5773,#1056);
#793=LINE('',#5789,#1057);
#794=LINE('',#5791,#1058);
#795=LINE('',#5794,#1059);
#796=LINE('',#5798,#1060);
#797=LINE('',#5800,#1061);
#798=LINE('',#5804,#1062);
#799=LINE('',#5806,#1063);
#800=LINE('',#5808,#1064);
#801=LINE('',#5812,#1065);
#802=LINE('',#5814,#1066);
#803=LINE('',#5820,#1067);
#804=LINE('',#5823,#1068);
#805=LINE('',#5829,#1069);
#806=LINE('',#5833,#1070);
#807=LINE('',#5878,#1071);
#808=LINE('',#5884,#1072);
#809=LINE('',#5885,#1073);
#810=LINE('',#5890,#1074);
#811=LINE('',#5894,#1075);
#812=LINE('',#5896,#1076);
#813=LINE('',#5898,#1077);
#814=LINE('',#5900,#1078);
#815=LINE('',#5902,#1079);
#816=LINE('',#5904,#1080);
#817=LINE('',#5906,#1081);
#818=LINE('',#5910,#1082);
#819=LINE('',#5914,#1083);
#820=LINE('',#5918,#1084);
#821=LINE('',#5922,#1085);
#822=LINE('',#5926,#1086);
#823=LINE('',#5928,#1087);
#824=LINE('',#5930,#1088);
#825=LINE('',#5934,#1089);
#826=LINE('',#5936,#1090);
#827=LINE('',#5938,#1091);
#828=LINE('',#5940,#1092);
#829=LINE('',#5942,#1093);
#830=LINE('',#5944,#1094);
#831=LINE('',#5948,#1095);
#832=LINE('',#5950,#1096);
#833=LINE('',#5952,#1097);
#834=LINE('',#5956,#1098);
#835=LINE('',#5958,#1099);
#836=LINE('',#5962,#1100);
#837=LINE('',#5966,#1101);
#838=LINE('',#6012,#1102);
#839=LINE('',#6014,#1103);
#840=LINE('',#6016,#1104);
#841=LINE('',#6020,#1105);
#842=LINE('',#6022,#1106);
#843=LINE('',#6026,#1107);
#844=LINE('',#6030,#1108);
#845=LINE('',#6032,#1109);
#846=LINE('',#6040,#1110);
#847=LINE('',#6042,#1111);
#848=LINE('',#6046,#1112);
#849=LINE('',#6050,#1113);
#850=LINE('',#6051,#1114);
#851=LINE('',#6096,#1115);
#852=LINE('',#6138,#1116);
#853=LINE('',#6142,#1117);
#854=LINE('',#6156,#1118);
#855=LINE('',#6167,#1119);
#856=LINE('',#6178,#1120);
#857=LINE('',#6189,#1121);
#858=LINE('',#6200,#1122);
#859=LINE('',#6211,#1123);
#860=LINE('',#6222,#1124);
#861=LINE('',#6233,#1125);
#862=LINE('',#6238,#1126);
#863=LINE('',#6263,#1127);
#864=LINE('',#6282,#1128);
#865=LINE('',#6284,#1129);
#866=LINE('',#6286,#1130);
#867=LINE('',#6290,#1131);
#868=LINE('',#6293,#1132);
#869=LINE('',#6305,#1133);
#870=LINE('',#6314,#1134);
#871=LINE('',#6315,#1135);
#872=LINE('',#6318,#1136);
#873=LINE('',#6319,#1137);
#874=LINE('',#6322,#1138);
#875=LINE('',#6333,#1139);
#876=LINE('',#6340,#1140);
#877=LINE('',#6389,#1141);
#878=LINE('',#6390,#1142);
#879=LINE('',#6393,#1143);
#880=LINE('',#6394,#1144);
#881=LINE('',#6397,#1145);
#882=LINE('',#6409,#1146);
#883=LINE('',#6410,#1147);
#884=LINE('',#6413,#1148);
#885=LINE('',#6414,#1149);
#886=LINE('',#6417,#1150);
#887=LINE('',#6418,#1151);
#888=LINE('',#6421,#1152);
#889=LINE('',#6422,#1153);
#890=LINE('',#6425,#1154);
#891=LINE('',#6426,#1155);
#892=LINE('',#6429,#1156);
#893=LINE('',#6471,#1157);
#894=LINE('',#6472,#1158);
#895=LINE('',#6475,#1159);
#896=LINE('',#6476,#1160);
#897=LINE('',#6479,#1161);
#898=LINE('',#6480,#1162);
#899=LINE('',#6483,#1163);
#900=LINE('',#6484,#1164);
#901=LINE('',#6487,#1165);
#902=LINE('',#6488,#1166);
#903=LINE('',#6491,#1167);
#904=LINE('',#6492,#1168);
#905=LINE('',#6496,#1169);
#906=LINE('',#6504,#1170);
#907=LINE('',#6505,#1171);
#908=LINE('',#6521,#1172);
#909=LINE('',#6524,#1173);
#910=LINE('',#6526,#1174);
#911=LINE('',#6539,#1175);
#912=LINE('',#6542,#1176);
#913=LINE('',#6543,#1177);
#914=LINE('',#6547,#1178);
#915=LINE('',#6549,#1179);
#916=LINE('',#6550,#1180);
#917=LINE('',#6552,#1181);
#918=LINE('',#6560,#1182);
#919=LINE('',#6564,#1183);
#920=LINE('',#6568,#1184);
#921=LINE('',#6573,#1185);
#922=LINE('',#6581,#1186);
#923=LINE('',#6587,#1187);
#924=LINE('',#6592,#1188);
#925=LINE('',#6596,#1189);
#926=LINE('',#6597,#1190);
#927=LINE('',#6600,#1191);
#928=LINE('',#6601,#1192);
#929=LINE('',#6603,#1193);
#930=LINE('',#6607,#1194);
#931=LINE('',#6608,#1195);
#932=LINE('',#6611,#1196);
#933=LINE('',#6615,#1197);
#934=LINE('',#6671,#1198);
#935=LINE('',#6674,#1199);
#936=LINE('',#6682,#1200);
#937=LINE('',#6691,#1201);
#938=LINE('',#6692,#1202);
#939=LINE('',#6695,#1203);
#940=LINE('',#6703,#1204);
#941=LINE('',#6705,#1205);
#942=LINE('',#6706,#1206);
#943=LINE('',#6708,#1207);
#944=LINE('',#6711,#1208);
#945=LINE('',#6714,#1209);
#946=LINE('',#6715,#1210);
#947=LINE('',#6717,#1211);
#948=LINE('',#6719,#1212);
#949=LINE('',#6721,#1213);
#950=LINE('',#6723,#1214);
#951=LINE('',#6725,#1215);
#952=LINE('',#6727,#1216);
#953=LINE('',#6731,#1217);
#954=LINE('',#6735,#1218);
#955=LINE('',#6739,#1219);
#956=LINE('',#6742,#1220);
#957=LINE('',#6743,#1221);
#958=LINE('',#6747,#1222);
#959=LINE('',#6779,#1223);
#960=LINE('',#6781,#1224);
#961=LINE('',#6783,#1225);
#962=LINE('',#6785,#1226);
#963=LINE('',#6793,#1227);
#964=LINE('',#6798,#1228);
#965=LINE('',#6799,#1229);
#966=LINE('',#6801,#1230);
#967=LINE('',#6803,#1231);
#968=LINE('',#6805,#1232);
#969=LINE('',#6808,#1233);
#970=LINE('',#6811,#1234);
#971=VECTOR('',#4044,10.);
#972=VECTOR('',#4045,10.);
#973=VECTOR('',#4046,10.);
#974=VECTOR('',#4051,10.);
#975=VECTOR('',#4052,10.);
#976=VECTOR('',#4053,10.);
#977=VECTOR('',#4056,10.);
#978=VECTOR('',#4057,10.);
#979=VECTOR('',#4066,10.);
#980=VECTOR('',#4067,10.);
#981=VECTOR('',#4068,10.);
#982=VECTOR('',#4073,10.);
#983=VECTOR('',#4074,10.);
#984=VECTOR('',#4077,10.);
#985=VECTOR('',#4078,10.);
#986=VECTOR('',#4083,10.);
#987=VECTOR('',#4088,10.);
#988=VECTOR('',#4089,10.);
#989=VECTOR('',#4090,10.);
#990=VECTOR('',#4095,10.);
#991=VECTOR('',#4096,10.);
#992=VECTOR('',#4099,10.);
#993=VECTOR('',#4100,10.);
#994=VECTOR('',#4105,10.);
#995=VECTOR('',#4110,10.);
#996=VECTOR('',#4111,10.);
#997=VECTOR('',#4112,10.);
#998=VECTOR('',#4117,10.);
#999=VECTOR('',#4118,10.);
#1000=VECTOR('',#4119,10.);
#1001=VECTOR('',#4122,10.);
#1002=VECTOR('',#4123,10.);
#1003=VECTOR('',#4132,10.);
#1004=VECTOR('',#4133,10.);
#1005=VECTOR('',#4134,10.);
#1006=VECTOR('',#4139,10.);
#1007=VECTOR('',#4140,10.);
#1008=VECTOR('',#4141,10.);
#1009=VECTOR('',#4144,10.);
#1010=VECTOR('',#4145,10.);
#1011=VECTOR('',#4154,10.);
#1012=VECTOR('',#4155,10.);
#1013=VECTOR('',#4156,10.);
#1014=VECTOR('',#4161,10.);
#1015=VECTOR('',#4162,10.);
#1016=VECTOR('',#4163,10.);
#1017=VECTOR('',#4166,10.);
#1018=VECTOR('',#4167,10.);
#1019=VECTOR('',#4176,10.);
#1020=VECTOR('',#4177,10.);
#1021=VECTOR('',#4178,10.);
#1022=VECTOR('',#4183,10.);
#1023=VECTOR('',#4184,10.);
#1024=VECTOR('',#4187,10.);
#1025=VECTOR('',#4188,10.);
#1026=VECTOR('',#4193,10.);
#1027=VECTOR('',#4198,10.);
#1028=VECTOR('',#4199,10.);
#1029=VECTOR('',#4200,10.);
#1030=VECTOR('',#4205,10.);
#1031=VECTOR('',#4206,10.);
#1032=VECTOR('',#4209,10.);
#1033=VECTOR('',#4210,10.);
#1034=VECTOR('',#4215,10.);
#1035=VECTOR('',#4220,10.);
#1036=VECTOR('',#4223,10.);
#1037=VECTOR('',#4228,10.);
#1038=VECTOR('',#4233,10.);
#1039=VECTOR('',#4242,4.);
#1040=VECTOR('',#4265,4.);
#1041=VECTOR('',#4294,10.);
#1042=VECTOR('',#4299,10.);
#1043=VECTOR('',#4308,10.);
#1044=VECTOR('',#4313,10.);
#1045=VECTOR('',#4314,10.);
#1046=VECTOR('',#4317,10.);
#1047=VECTOR('',#4318,10.);
#1048=VECTOR('',#4321,10.);
#1049=VECTOR('',#4322,10.);
#1050=VECTOR('',#4323,10.);
#1051=VECTOR('',#4326,10.);
#1052=VECTOR('',#4327,10.);
#1053=VECTOR('',#4344,10.);
#1054=VECTOR('',#4353,10.);
#1055=VECTOR('',#4360,10.);
#1056=VECTOR('',#4361,10.);
#1057=VECTOR('',#4372,10.);
#1058=VECTOR('',#4375,10.);
#1059=VECTOR('',#4378,10.);
#1060=VECTOR('',#4381,10.);
#1061=VECTOR('',#4382,10.);
#1062=VECTOR('',#4385,10.);
#1063=VECTOR('',#4386,10.);
#1064=VECTOR('',#4387,10.);
#1065=VECTOR('',#4390,10.);
#1066=VECTOR('',#4391,10.);
#1067=VECTOR('',#4396,10.);
#1068=VECTOR('',#4399,10.);
#1069=VECTOR('',#4404,10.);
#1070=VECTOR('',#4405,10.);
#1071=VECTOR('',#4412,10.);
#1072=VECTOR('',#4413,10.);
#1073=VECTOR('',#4414,10.);
#1074=VECTOR('',#4419,10.);
#1075=VECTOR('',#4422,10.);
#1076=VECTOR('',#4423,10.);
#1077=VECTOR('',#4424,10.);
#1078=VECTOR('',#4425,10.);
#1079=VECTOR('',#4426,10.);
#1080=VECTOR('',#4427,10.);
#1081=VECTOR('',#4428,10.);
#1082=VECTOR('',#4431,10.);
#1083=VECTOR('',#4434,10.);
#1084=VECTOR('',#4437,10.);
#1085=VECTOR('',#4440,10.);
#1086=VECTOR('',#4443,10.);
#1087=VECTOR('',#4444,10.);
#1088=VECTOR('',#4445,10.);
#1089=VECTOR('',#4448,10.);
#1090=VECTOR('',#4449,10.);
#1091=VECTOR('',#4450,10.);
#1092=VECTOR('',#4451,10.);
#1093=VECTOR('',#4452,10.);
#1094=VECTOR('',#4453,10.);
#1095=VECTOR('',#4456,10.);
#1096=VECTOR('',#4457,10.);
#1097=VECTOR('',#4458,10.);
#1098=VECTOR('',#4461,10.);
#1099=VECTOR('',#4462,10.);
#1100=VECTOR('',#4465,10.);
#1101=VECTOR('',#4468,10.);
#1102=VECTOR('',#4469,10.);
#1103=VECTOR('',#4470,10.);
#1104=VECTOR('',#4471,10.);
#1105=VECTOR('',#4474,10.);
#1106=VECTOR('',#4475,10.);
#1107=VECTOR('',#4478,10.);
#1108=VECTOR('',#4481,10.);
#1109=VECTOR('',#4482,10.);
#1110=VECTOR('',#4489,10.);
#1111=VECTOR('',#4490,10.);
#1112=VECTOR('',#4493,10.);
#1113=VECTOR('',#4496,10.);
#1114=VECTOR('',#4497,10.);
#1115=VECTOR('',#4508,10.);
#1116=VECTOR('',#4515,10.);
#1117=VECTOR('',#4516,10.);
#1118=VECTOR('',#4537,2.7);
#1119=VECTOR('',#4552,2.7);
#1120=VECTOR('',#4567,2.7);
#1121=VECTOR('',#4582,2.7);
#1122=VECTOR('',#4597,3.5);
#1123=VECTOR('',#4612,3.5);
#1124=VECTOR('',#4627,3.5);
#1125=VECTOR('',#4642,3.5);
#1126=VECTOR('',#4647,4.);
#1127=VECTOR('',#4676,4.);
#1128=VECTOR('',#4697,10.);
#1129=VECTOR('',#4698,10.);
#1130=VECTOR('',#4699,10.);
#1131=VECTOR('',#4702,10.);
#1132=VECTOR('',#4705,10.);
#1133=VECTOR('',#4712,4.4);
#1134=VECTOR('',#4719,10.);
#1135=VECTOR('',#4720,10.);
#1136=VECTOR('',#4723,10.);
#1137=VECTOR('',#4724,10.);
#1138=VECTOR('',#4727,10.);
#1139=VECTOR('',#4734,4.4);
#1140=VECTOR('',#4737,10.);
#1141=VECTOR('',#4754,10.);
#1142=VECTOR('',#4755,10.);
#1143=VECTOR('',#4758,10.);
#1144=VECTOR('',#4759,10.);
#1145=VECTOR('',#4762,10.);
#1146=VECTOR('',#4769,10.);
#1147=VECTOR('',#4770,10.);
#1148=VECTOR('',#4773,10.);
#1149=VECTOR('',#4774,10.);
#1150=VECTOR('',#4777,10.);
#1151=VECTOR('',#4778,10.);
#1152=VECTOR('',#4781,10.);
#1153=VECTOR('',#4782,10.);
#1154=VECTOR('',#4785,10.);
#1155=VECTOR('',#4786,10.);
#1156=VECTOR('',#4789,10.);
#1157=VECTOR('',#4808,10.);
#1158=VECTOR('',#4809,10.);
#1159=VECTOR('',#4812,10.);
#1160=VECTOR('',#4813,10.);
#1161=VECTOR('',#4816,10.);
#1162=VECTOR('',#4817,10.);
#1163=VECTOR('',#4820,10.);
#1164=VECTOR('',#4821,10.);
#1165=VECTOR('',#4824,10.);
#1166=VECTOR('',#4825,10.);
#1167=VECTOR('',#4828,10.);
#1168=VECTOR('',#4829,10.);
#1169=VECTOR('',#4834,10.);
#1170=VECTOR('',#4841,10.);
#1171=VECTOR('',#4842,10.);
#1172=VECTOR('',#4855,10.);
#1173=VECTOR('',#4860,4.4);
#1174=VECTOR('',#4863,4.4);
#1175=VECTOR('',#4880,10.);
#1176=VECTOR('',#4883,10.);
#1177=VECTOR('',#4884,10.);
#1178=VECTOR('',#4889,10.);
#1179=VECTOR('',#4892,10.);
#1180=VECTOR('',#4893,10.);
#1181=VECTOR('',#4896,10.);
#1182=VECTOR('',#4907,10.);
#1183=VECTOR('',#4912,10.);
#1184=VECTOR('',#4917,10.);
#1185=VECTOR('',#4924,10.);
#1186=VECTOR('',#4935,10.);
#1187=VECTOR('',#4942,10.);
#1188=VECTOR('',#4949,10.);
#1189=VECTOR('',#4954,10.);
#1190=VECTOR('',#4955,10.);
#1191=VECTOR('',#4958,10.);
#1192=VECTOR('',#4959,10.);
#1193=VECTOR('',#4962,10.);
#1194=VECTOR('',#4965,10.);
#1195=VECTOR('',#4966,10.);
#1196=VECTOR('',#4971,10.);
#1197=VECTOR('',#4976,10.);
#1198=VECTOR('',#4983,10.);
#1199=VECTOR('',#4986,10.);
#1200=VECTOR('',#4989,10.);
#1201=VECTOR('',#4996,10.);
#1202=VECTOR('',#4997,10.);
#1203=VECTOR('',#5000,10.);
#1204=VECTOR('',#5009,4.);
#1205=VECTOR('',#5012,10.);
#1206=VECTOR('',#5013,10.);
#1207=VECTOR('',#5016,4.);
#1208=VECTOR('',#5019,1.2288739734212);
#1209=VECTOR('',#5024,10.);
#1210=VECTOR('',#5025,10.);
#1211=VECTOR('',#5028,4.);
#1212=VECTOR('',#5031,10.);
#1213=VECTOR('',#5034,10.);
#1214=VECTOR('',#5037,10.);
#1215=VECTOR('',#5040,10.);
#1216=VECTOR('',#5043,10.);
#1217=VECTOR('',#5050,10.);
#1218=VECTOR('',#5055,10.);
#1219=VECTOR('',#5060,10.);
#1220=VECTOR('',#5063,10.);
#1221=VECTOR('',#5064,10.);
#1222=VECTOR('',#5069,10.);
#1223=VECTOR('',#5084,10.);
#1224=VECTOR('',#5087,10.);
#1225=VECTOR('',#5090,10.);
#1226=VECTOR('',#5093,10.);
#1227=VECTOR('',#5108,0.9);
#1228=VECTOR('',#5115,10.);
#1229=VECTOR('',#5116,10.);
#1230=VECTOR('',#5119,10.);
#1231=VECTOR('',#5122,10.);
#1232=VECTOR('',#5125,10.);
#1233=VECTOR('',#5130,10.);
#1234=VECTOR('',#5135,4.);
#1235=ELLIPSE('',#3623,229.194753994163,4.);
#1236=ELLIPSE('',#3625,229.194753994162,4.);
#1237=ELLIPSE('',#3630,229.194753994163,4.);
#1238=ELLIPSE('',#3635,229.194753994163,4.);
#1239=ELLIPSE('',#3637,229.194753994163,4.);
#1240=ELLIPSE('',#3642,229.194753994162,4.);
#1241=ELLIPSE('',#3644,229.194753994163,4.);
#1242=ELLIPSE('',#3646,229.194753994162,4.);
#1243=ELLIPSE('',#3651,229.194753994163,4.);
#1244=ELLIPSE('',#3653,229.194753994073,4.);
#1245=ELLIPSE('',#3658,229.194753994163,4.);
#1246=ELLIPSE('',#3660,229.194753994163,4.);
#1247=ELLIPSE('',#3665,229.194753994163,4.);
#1248=ELLIPSE('',#3670,229.194753994162,4.);
#1249=ELLIPSE('',#3672,229.194753994163,4.);
#1250=ELLIPSE('',#3677,229.194753994073,4.);
#1251=ELLIPSE('',#3691,229.194753994296,4.);
#1252=ELLIPSE('',#3693,229.194753994295,4.);
#1253=ELLIPSE('',#3694,229.194753994178,4.);
#1254=ELLIPSE('',#3696,229.194753994262,4.);
#1255=ELLIPSE('',#3700,229.194753994296,4.);
#1256=ELLIPSE('',#3702,229.194753994296,4.);
#1257=ELLIPSE('',#3705,229.194753994191,4.);
#1258=ELLIPSE('',#3707,229.194753994176,4.);
#1259=ELLIPSE('',#3710,229.194753994262,4.);
#1260=ELLIPSE('',#3712,229.194753994091,4.);
#1261=ELLIPSE('',#3723,0.350040862883366,0.35);
#1262=ELLIPSE('',#3725,212.75378448274,7.425);
#1263=ELLIPSE('',#3726,212.762656055353,7.675);
#1264=ELLIPSE('',#3729,439.767434226373,7.675);
#1265=ELLIPSE('',#3731,439.767434226373,7.675);
#1266=ELLIPSE('',#3733,439.767434226365,7.675);
#1267=ELLIPSE('',#3735,439.767434226345,7.675);
#1268=ELLIPSE('',#3738,358.37151998453,10.8324671313153);
#1269=ELLIPSE('',#3755,382.468745727822,6.675);
#1270=ELLIPSE('',#3756,382.487504970572,7.675);
#1271=ELLIPSE('',#3771,0.350040862883366,0.35);
#1272=ELLIPSE('',#3781,382.487504970573,7.67500000000001);
#1273=ELLIPSE('',#3782,382.468745727823,6.675);
#1274=ELLIPSE('',#3784,509.961070444019,7.675);
#1275=ELLIPSE('',#3785,509.947000548498,6.675);
#1276=ELLIPSE('',#3849,229.194753994197,4.);
#1277=ELLIPSE('',#3850,229.194753994262,4.);
#1278=ELLIPSE('',#3852,229.194753994177,4.);
#1279=ELLIPSE('',#3853,229.194753994264,4.);
#1280=ELLIPSE('',#3855,229.194753994295,4.);
#1281=ELLIPSE('',#3858,229.194753994186,4.);
#1282=ELLIPSE('',#3863,229.194753994295,4.);
#1283=ELLIPSE('',#3865,229.194753994265,4.);
#1284=ELLIPSE('',#3866,229.194753994091,4.);
#1285=ELLIPSE('',#3868,229.194753994263,4.);
#1286=ELLIPSE('',#3919,468.393769509811,9.13982689365818);
#1287=ELLIPSE('',#3927,385.587060652629,7.52400910560295);
#1288=ELLIPSE('',#3939,439.767434226373,7.675);
#1289=ELLIPSE('',#3942,439.767434226373,7.675);
#1290=ELLIPSE('',#3949,873.80499960289,15.25);
#1291=ELLIPSE('',#3951,873.80499960289,15.25);
#1292=ELLIPSE('',#3955,873.804999602891,15.25);
#1293=ELLIPSE('',#3957,873.80499960289,15.25);
#1294=ELLIPSE('',#3966,439.767434226366,7.67499999999988);
#1295=ELLIPSE('',#3968,439.767434226366,7.67499999999988);
#1296=ELLIPSE('',#3976,439.767434226373,7.675);
#1297=ELLIPSE('',#4010,439.767434226325,7.675);
#1298=ELLIPSE('',#4012,439.767434226355,7.675);
#1299=ELLIPSE('',#4015,559.609451692575,7.675);
#1300=ELLIPSE('',#4016,559.604760901535,7.325);
#1301=VERTEX_POINT('',#5138);
#1302=VERTEX_POINT('',#5139);
#1303=VERTEX_POINT('',#5141);
#1304=VERTEX_POINT('',#5143);
#1305=VERTEX_POINT('',#5147);
#1306=VERTEX_POINT('',#5148);
#1307=VERTEX_POINT('',#5150);
#1308=VERTEX_POINT('',#5152);
#1309=VERTEX_POINT('',#5161);
#1310=VERTEX_POINT('',#5162);
#1311=VERTEX_POINT('',#5164);
#1312=VERTEX_POINT('',#5166);
#1313=VERTEX_POINT('',#5170);
#1314=VERTEX_POINT('',#5172);
#1315=VERTEX_POINT('',#5176);
#1316=VERTEX_POINT('',#5180);
#1317=VERTEX_POINT('',#5184);
#1318=VERTEX_POINT('',#5185);
#1319=VERTEX_POINT('',#5187);
#1320=VERTEX_POINT('',#5189);
#1321=VERTEX_POINT('',#5193);
#1322=VERTEX_POINT('',#5195);
#1323=VERTEX_POINT('',#5199);
#1324=VERTEX_POINT('',#5203);
#1325=VERTEX_POINT('',#5207);
#1326=VERTEX_POINT('',#5208);
#1327=VERTEX_POINT('',#5210);
#1328=VERTEX_POINT('',#5212);
#1329=VERTEX_POINT('',#5216);
#1330=VERTEX_POINT('',#5217);
#1331=VERTEX_POINT('',#5219);
#1332=VERTEX_POINT('',#5221);
#1333=VERTEX_POINT('',#5230);
#1334=VERTEX_POINT('',#5231);
#1335=VERTEX_POINT('',#5233);
#1336=VERTEX_POINT('',#5235);
#1337=VERTEX_POINT('',#5239);
#1338=VERTEX_POINT('',#5240);
#1339=VERTEX_POINT('',#5242);
#1340=VERTEX_POINT('',#5244);
#1341=VERTEX_POINT('',#5253);
#1342=VERTEX_POINT('',#5254);
#1343=VERTEX_POINT('',#5256);
#1344=VERTEX_POINT('',#5258);
#1345=VERTEX_POINT('',#5262);
#1346=VERTEX_POINT('',#5263);
#1347=VERTEX_POINT('',#5265);
#1348=VERTEX_POINT('',#5267);
#1349=VERTEX_POINT('',#5276);
#1350=VERTEX_POINT('',#5277);
#1351=VERTEX_POINT('',#5279);
#1352=VERTEX_POINT('',#5281);
#1353=VERTEX_POINT('',#5285);
#1354=VERTEX_POINT('',#5287);
#1355=VERTEX_POINT('',#5291);
#1356=VERTEX_POINT('',#5295);
#1357=VERTEX_POINT('',#5299);
#1358=VERTEX_POINT('',#5300);
#1359=VERTEX_POINT('',#5302);
#1360=VERTEX_POINT('',#5304);
#1361=VERTEX_POINT('',#5308);
#1362=VERTEX_POINT('',#5310);
#1363=VERTEX_POINT('',#5314);
#1364=VERTEX_POINT('',#5318);
#1365=VERTEX_POINT('',#5322);
#1366=VERTEX_POINT('',#5324);
#1367=VERTEX_POINT('',#5326);
#1368=VERTEX_POINT('',#5328);
#1369=VERTEX_POINT('',#5331);
#1370=VERTEX_POINT('',#5333);
#1371=VERTEX_POINT('',#5335);
#1372=VERTEX_POINT('',#5337);
#1373=VERTEX_POINT('',#5339);
#1374=VERTEX_POINT('',#5342);
#1375=VERTEX_POINT('',#5345);
#1376=VERTEX_POINT('',#5347);
#1377=VERTEX_POINT('',#5350);
#1378=VERTEX_POINT('',#5352);
#1379=VERTEX_POINT('',#5354);
#1380=VERTEX_POINT('',#5357);
#1381=VERTEX_POINT('',#5359);
#1382=VERTEX_POINT('',#5361);
#1383=VERTEX_POINT('',#5365);
#1384=VERTEX_POINT('',#5368);
#1385=VERTEX_POINT('',#5370);
#1386=VERTEX_POINT('',#5372);
#1387=VERTEX_POINT('',#5375);
#1388=VERTEX_POINT('',#5377);
#1389=VERTEX_POINT('',#5379);
#1390=VERTEX_POINT('',#5381);
#1391=VERTEX_POINT('',#5384);
#1392=VERTEX_POINT('',#5386);
#1393=VERTEX_POINT('',#5388);
#1394=VERTEX_POINT('',#5392);
#1395=VERTEX_POINT('',#5395);
#1396=VERTEX_POINT('',#5397);
#1397=VERTEX_POINT('',#5399);
#1398=VERTEX_POINT('',#5401);
#1399=VERTEX_POINT('',#5403);
#1400=VERTEX_POINT('',#5405);
#1401=VERTEX_POINT('',#5407);
#1402=VERTEX_POINT('',#5409);
#1403=VERTEX_POINT('',#5411);
#1404=VERTEX_POINT('',#5413);
#1405=VERTEX_POINT('',#5436);
#1406=VERTEX_POINT('',#5438);
#1407=VERTEX_POINT('',#5440);
#1408=VERTEX_POINT('',#5460);
#1409=VERTEX_POINT('',#5462);
#1410=VERTEX_POINT('',#5482);
#1411=VERTEX_POINT('',#5484);
#1412=VERTEX_POINT('',#5486);
#1413=VERTEX_POINT('',#5488);
#1414=VERTEX_POINT('',#5490);
#1415=VERTEX_POINT('',#5492);
#1416=VERTEX_POINT('',#5494);
#1417=VERTEX_POINT('',#5541);
#1418=VERTEX_POINT('',#5561);
#1419=VERTEX_POINT('',#5562);
#1420=VERTEX_POINT('',#5585);
#1421=VERTEX_POINT('',#5587);
#1422=VERTEX_POINT('',#5612);
#1423=VERTEX_POINT('',#5614);
#1424=VERTEX_POINT('',#5616);
#1425=VERTEX_POINT('',#5618);
#1426=VERTEX_POINT('',#5620);
#1427=VERTEX_POINT('',#5623);
#1428=VERTEX_POINT('',#5625);
#1429=VERTEX_POINT('',#5627);
#1430=VERTEX_POINT('',#5629);
#1431=VERTEX_POINT('',#5631);
#1432=VERTEX_POINT('',#5658);
#1433=VERTEX_POINT('',#5659);
#1434=VERTEX_POINT('',#5712);
#1435=VERTEX_POINT('',#5717);
#1436=VERTEX_POINT('',#5775);
#1437=VERTEX_POINT('',#5777);
#1438=VERTEX_POINT('',#5781);
#1439=VERTEX_POINT('',#5783);
#1440=VERTEX_POINT('',#5793);
#1441=VERTEX_POINT('',#5795);
#1442=VERTEX_POINT('',#5797);
#1443=VERTEX_POINT('',#5799);
#1444=VERTEX_POINT('',#5801);
#1445=VERTEX_POINT('',#5803);
#1446=VERTEX_POINT('',#5805);
#1447=VERTEX_POINT('',#5807);
#1448=VERTEX_POINT('',#5809);
#1449=VERTEX_POINT('',#5811);
#1450=VERTEX_POINT('',#5813);
#1451=VERTEX_POINT('',#5815);
#1452=VERTEX_POINT('',#5817);
#1453=VERTEX_POINT('',#5819);
#1454=VERTEX_POINT('',#5821);
#1455=VERTEX_POINT('',#5824);
#1456=VERTEX_POINT('',#5827);
#1457=VERTEX_POINT('',#5828);
#1458=VERTEX_POINT('',#5850);
#1459=VERTEX_POINT('',#5851);
#1460=VERTEX_POINT('',#5877);
#1461=VERTEX_POINT('',#5879);
#1462=VERTEX_POINT('',#5883);
#1463=VERTEX_POINT('',#5887);
#1464=VERTEX_POINT('',#5889);
#1465=VERTEX_POINT('',#5891);
#1466=VERTEX_POINT('',#5893);
#1467=VERTEX_POINT('',#5895);
#1468=VERTEX_POINT('',#5897);
#1469=VERTEX_POINT('',#5899);
#1470=VERTEX_POINT('',#5901);
#1471=VERTEX_POINT('',#5903);
#1472=VERTEX_POINT('',#5905);
#1473=VERTEX_POINT('',#5907);
#1474=VERTEX_POINT('',#5909);
#1475=VERTEX_POINT('',#5911);
#1476=VERTEX_POINT('',#5913);
#1477=VERTEX_POINT('',#5915);
#1478=VERTEX_POINT('',#5917);
#1479=VERTEX_POINT('',#5919);
#1480=VERTEX_POINT('',#5921);
#1481=VERTEX_POINT('',#5923);
#1482=VERTEX_POINT('',#5925);
#1483=VERTEX_POINT('',#5927);
#1484=VERTEX_POINT('',#5929);
#1485=VERTEX_POINT('',#5931);
#1486=VERTEX_POINT('',#5933);
#1487=VERTEX_POINT('',#5935);
#1488=VERTEX_POINT('',#5937);
#1489=VERTEX_POINT('',#5939);
#1490=VERTEX_POINT('',#5941);
#1491=VERTEX_POINT('',#5943);
#1492=VERTEX_POINT('',#5945);
#1493=VERTEX_POINT('',#5947);
#1494=VERTEX_POINT('',#5949);
#1495=VERTEX_POINT('',#5951);
#1496=VERTEX_POINT('',#5953);
#1497=VERTEX_POINT('',#5955);
#1498=VERTEX_POINT('',#5957);
#1499=VERTEX_POINT('',#5959);
#1500=VERTEX_POINT('',#5961);
#1501=VERTEX_POINT('',#5963);
#1502=VERTEX_POINT('',#5965);
#1503=VERTEX_POINT('',#5967);
#1504=VERTEX_POINT('',#6011);
#1505=VERTEX_POINT('',#6013);
#1506=VERTEX_POINT('',#6015);
#1507=VERTEX_POINT('',#6017);
#1508=VERTEX_POINT('',#6019);
#1509=VERTEX_POINT('',#6021);
#1510=VERTEX_POINT('',#6023);
#1511=VERTEX_POINT('',#6025);
#1512=VERTEX_POINT('',#6027);
#1513=VERTEX_POINT('',#6029);
#1514=VERTEX_POINT('',#6031);
#1515=VERTEX_POINT('',#6034);
#1516=VERTEX_POINT('',#6036);
#1517=VERTEX_POINT('',#6038);
#1518=VERTEX_POINT('',#6039);
#1519=VERTEX_POINT('',#6041);
#1520=VERTEX_POINT('',#6043);
#1521=VERTEX_POINT('',#6045);
#1522=VERTEX_POINT('',#6047);
#1523=VERTEX_POINT('',#6049);
#1524=VERTEX_POINT('',#6052);
#1525=VERTEX_POINT('',#6054);
#1526=VERTEX_POINT('',#6072);
#1527=VERTEX_POINT('',#6073);
#1528=VERTEX_POINT('',#6113);
#1529=VERTEX_POINT('',#6115);
#1530=VERTEX_POINT('',#6137);
#1531=VERTEX_POINT('',#6147);
#1532=VERTEX_POINT('',#6149);
#1533=VERTEX_POINT('',#6154);
#1534=VERTEX_POINT('',#6158);
#1535=VERTEX_POINT('',#6160);
#1536=VERTEX_POINT('',#6165);
#1537=VERTEX_POINT('',#6169);
#1538=VERTEX_POINT('',#6171);
#1539=VERTEX_POINT('',#6176);
#1540=VERTEX_POINT('',#6180);
#1541=VERTEX_POINT('',#6182);
#1542=VERTEX_POINT('',#6187);
#1543=VERTEX_POINT('',#6191);
#1544=VERTEX_POINT('',#6193);
#1545=VERTEX_POINT('',#6198);
#1546=VERTEX_POINT('',#6202);
#1547=VERTEX_POINT('',#6204);
#1548=VERTEX_POINT('',#6209);
#1549=VERTEX_POINT('',#6213);
#1550=VERTEX_POINT('',#6215);
#1551=VERTEX_POINT('',#6220);
#1552=VERTEX_POINT('',#6224);
#1553=VERTEX_POINT('',#6226);
#1554=VERTEX_POINT('',#6231);
#1555=VERTEX_POINT('',#6235);
#1556=VERTEX_POINT('',#6237);
#1557=VERTEX_POINT('',#6239);
#1558=VERTEX_POINT('',#6242);
#1559=VERTEX_POINT('',#6244);
#1560=VERTEX_POINT('',#6247);
#1561=VERTEX_POINT('',#6249);
#1562=VERTEX_POINT('',#6251);
#1563=VERTEX_POINT('',#6254);
#1564=VERTEX_POINT('',#6256);
#1565=VERTEX_POINT('',#6260);
#1566=VERTEX_POINT('',#6262);
#1567=VERTEX_POINT('',#6264);
#1568=VERTEX_POINT('',#6266);
#1569=VERTEX_POINT('',#6268);
#1570=VERTEX_POINT('',#6271);
#1571=VERTEX_POINT('',#6273);
#1572=VERTEX_POINT('',#6275);
#1573=VERTEX_POINT('',#6280);
#1574=VERTEX_POINT('',#6281);
#1575=VERTEX_POINT('',#6283);
#1576=VERTEX_POINT('',#6285);
#1577=VERTEX_POINT('',#6287);
#1578=VERTEX_POINT('',#6289);
#1579=VERTEX_POINT('',#6291);
#1580=VERTEX_POINT('',#6295);
#1581=VERTEX_POINT('',#6299);
#1582=VERTEX_POINT('',#6307);
#1583=VERTEX_POINT('',#6313);
#1584=VERTEX_POINT('',#6317);
#1585=VERTEX_POINT('',#6321);
#1586=VERTEX_POINT('',#6327);
#1587=VERTEX_POINT('',#6335);
#1588=VERTEX_POINT('',#6339);
#1589=VERTEX_POINT('',#6345);
#1590=VERTEX_POINT('',#6351);
#1591=VERTEX_POINT('',#6355);
#1592=VERTEX_POINT('',#6357);
#1593=VERTEX_POINT('',#6372);
#1594=VERTEX_POINT('',#6378);
#1595=VERTEX_POINT('',#6382);
#1596=VERTEX_POINT('',#6388);
#1597=VERTEX_POINT('',#6392);
#1598=VERTEX_POINT('',#6396);
#1599=VERTEX_POINT('',#6402);
#1600=VERTEX_POINT('',#6408);
#1601=VERTEX_POINT('',#6412);
#1602=VERTEX_POINT('',#6416);
#1603=VERTEX_POINT('',#6420);
#1604=VERTEX_POINT('',#6424);
#1605=VERTEX_POINT('',#6428);
#1606=VERTEX_POINT('',#6434);
#1607=VERTEX_POINT('',#6440);
#1608=VERTEX_POINT('',#6444);
#1609=VERTEX_POINT('',#6450);
#1610=VERTEX_POINT('',#6454);
#1611=VERTEX_POINT('',#6460);
#1612=VERTEX_POINT('',#6464);
#1613=VERTEX_POINT('',#6470);
#1614=VERTEX_POINT('',#6474);
#1615=VERTEX_POINT('',#6478);
#1616=VERTEX_POINT('',#6482);
#1617=VERTEX_POINT('',#6486);
#1618=VERTEX_POINT('',#6490);
#1619=VERTEX_POINT('',#6494);
#1620=VERTEX_POINT('',#6498);
#1621=VERTEX_POINT('',#6528);
#1622=VERTEX_POINT('',#6531);
#1623=VERTEX_POINT('',#6534);
#1624=VERTEX_POINT('',#6537);
#1625=VERTEX_POINT('',#6541);
#1626=VERTEX_POINT('',#6545);
#1627=VERTEX_POINT('',#6553);
#1628=VERTEX_POINT('',#6558);
#1629=VERTEX_POINT('',#6562);
#1630=VERTEX_POINT('',#6566);
#1631=VERTEX_POINT('',#6572);
#1632=VERTEX_POINT('',#6577);
#1633=VERTEX_POINT('',#6579);
#1634=VERTEX_POINT('',#6583);
#1635=VERTEX_POINT('',#6585);
#1636=VERTEX_POINT('',#6591);
#1637=VERTEX_POINT('',#6595);
#1638=VERTEX_POINT('',#6599);
#1639=VERTEX_POINT('',#6605);
#1640=VERTEX_POINT('',#6606);
#1641=VERTEX_POINT('',#6613);
#1642=VERTEX_POINT('',#6617);
#1643=VERTEX_POINT('',#6642);
#1644=VERTEX_POINT('',#6670);
#1645=VERTEX_POINT('',#6672);
#1646=VERTEX_POINT('',#6676);
#1647=VERTEX_POINT('',#6677);
#1648=VERTEX_POINT('',#6690);
#1649=VERTEX_POINT('',#6694);
#1650=VERTEX_POINT('',#6710);
#1651=VERTEX_POINT('',#6733);
#1652=VERTEX_POINT('',#6737);
#1653=VERTEX_POINT('',#6741);
#1654=VERTEX_POINT('',#6745);
#1655=VERTEX_POINT('',#6795);
#1656=EDGE_CURVE('',#1301,#1302,#1235,.T.);
#1657=EDGE_CURVE('',#1303,#1301,#707,.T.);
#1658=EDGE_CURVE('',#1304,#1303,#708,.T.);
#1659=EDGE_CURVE('',#1302,#1304,#709,.T.);
#1660=EDGE_CURVE('',#1305,#1306,#1236,.T.);
#1661=EDGE_CURVE('',#1307,#1305,#710,.T.);
#1662=EDGE_CURVE('',#1307,#1308,#711,.T.);
#1663=EDGE_CURVE('',#1306,#1308,#712,.T.);
#1664=EDGE_CURVE('',#1308,#1303,#713,.T.);
#1665=EDGE_CURVE('',#1304,#1307,#714,.T.);
#1666=EDGE_CURVE('',#1306,#1301,#142,.T.);
#1667=EDGE_CURVE('',#1309,#1310,#1237,.T.);
#1668=EDGE_CURVE('',#1311,#1309,#715,.T.);
#1669=EDGE_CURVE('',#1311,#1312,#716,.T.);
#1670=EDGE_CURVE('',#1310,#1312,#717,.T.);
#1671=EDGE_CURVE('',#1310,#1313,#143,.T.);
#1672=EDGE_CURVE('',#1312,#1314,#718,.T.);
#1673=EDGE_CURVE('',#1314,#1313,#719,.T.);
#1674=EDGE_CURVE('',#1315,#1311,#720,.T.);
#1675=EDGE_CURVE('',#1315,#1314,#721,.T.);
#1676=EDGE_CURVE('',#1313,#1316,#1238,.T.);
#1677=EDGE_CURVE('',#1316,#1315,#722,.T.);
#1678=EDGE_CURVE('',#1317,#1318,#1239,.T.);
#1679=EDGE_CURVE('',#1319,#1317,#723,.T.);
#1680=EDGE_CURVE('',#1319,#1320,#724,.T.);
#1681=EDGE_CURVE('',#1318,#1320,#725,.T.);
#1682=EDGE_CURVE('',#1318,#1321,#144,.T.);
#1683=EDGE_CURVE('',#1320,#1322,#726,.T.);
#1684=EDGE_CURVE('',#1322,#1321,#727,.T.);
#1685=EDGE_CURVE('',#1323,#1319,#728,.T.);
#1686=EDGE_CURVE('',#1323,#1322,#729,.T.);
#1687=EDGE_CURVE('',#1321,#1324,#1240,.T.);
#1688=EDGE_CURVE('',#1324,#1323,#730,.T.);
#1689=EDGE_CURVE('',#1325,#1326,#1241,.T.);
#1690=EDGE_CURVE('',#1327,#1325,#731,.T.);
#1691=EDGE_CURVE('',#1328,#1327,#732,.T.);
#1692=EDGE_CURVE('',#1326,#1328,#733,.T.);
#1693=EDGE_CURVE('',#1329,#1330,#1242,.T.);
#1694=EDGE_CURVE('',#1331,#1329,#734,.T.);
#1695=EDGE_CURVE('',#1331,#1332,#735,.T.);
#1696=EDGE_CURVE('',#1330,#1332,#736,.T.);
#1697=EDGE_CURVE('',#1332,#1327,#737,.T.);
#1698=EDGE_CURVE('',#1328,#1331,#738,.T.);
#1699=EDGE_CURVE('',#1330,#1325,#145,.T.);
#1700=EDGE_CURVE('',#1333,#1334,#1243,.T.);
#1701=EDGE_CURVE('',#1335,#1333,#739,.T.);
#1702=EDGE_CURVE('',#1336,#1335,#740,.T.);
#1703=EDGE_CURVE('',#1334,#1336,#741,.T.);
#1704=EDGE_CURVE('',#1337,#1338,#1244,.T.);
#1705=EDGE_CURVE('',#1339,#1337,#742,.T.);
#1706=EDGE_CURVE('',#1339,#1340,#743,.T.);
#1707=EDGE_CURVE('',#1338,#1340,#744,.T.);
#1708=EDGE_CURVE('',#1340,#1335,#745,.T.);
#1709=EDGE_CURVE('',#1336,#1339,#746,.T.);
#1710=EDGE_CURVE('',#1338,#1333,#146,.T.);
#1711=EDGE_CURVE('',#1341,#1342,#1245,.T.);
#1712=EDGE_CURVE('',#1343,#1341,#747,.T.);
#1713=EDGE_CURVE('',#1344,#1343,#748,.T.);
#1714=EDGE_CURVE('',#1342,#1344,#749,.T.);
#1715=EDGE_CURVE('',#1345,#1346,#1246,.T.);
#1716=EDGE_CURVE('',#1347,#1345,#750,.T.);
#1717=EDGE_CURVE('',#1347,#1348,#751,.T.);
#1718=EDGE_CURVE('',#1346,#1348,#752,.T.);
#1719=EDGE_CURVE('',#1348,#1343,#753,.T.);
#1720=EDGE_CURVE('',#1344,#1347,#754,.T.);
#1721=EDGE_CURVE('',#1346,#1341,#147,.T.);
#1722=EDGE_CURVE('',#1349,#1350,#1247,.T.);
#1723=EDGE_CURVE('',#1351,#1349,#755,.T.);
#1724=EDGE_CURVE('',#1351,#1352,#756,.T.);
#1725=EDGE_CURVE('',#1350,#1352,#757,.T.);
#1726=EDGE_CURVE('',#1350,#1353,#148,.T.);
#1727=EDGE_CURVE('',#1352,#1354,#758,.T.);
#1728=EDGE_CURVE('',#1354,#1353,#759,.T.);
#1729=EDGE_CURVE('',#1355,#1351,#760,.T.);
#1730=EDGE_CURVE('',#1355,#1354,#761,.T.);
#1731=EDGE_CURVE('',#1353,#1356,#1248,.T.);
#1732=EDGE_CURVE('',#1356,#1355,#762,.T.);
#1733=EDGE_CURVE('',#1357,#1358,#1249,.T.);
#1734=EDGE_CURVE('',#1359,#1357,#763,.T.);
#1735=EDGE_CURVE('',#1359,#1360,#764,.T.);
#1736=EDGE_CURVE('',#1358,#1360,#765,.T.);
#1737=EDGE_CURVE('',#1358,#1361,#149,.T.);
#1738=EDGE_CURVE('',#1360,#1362,#766,.T.);
#1739=EDGE_CURVE('',#1362,#1361,#767,.T.);
#1740=EDGE_CURVE('',#1363,#1359,#768,.T.);
#1741=EDGE_CURVE('',#1363,#1362,#769,.T.);
#1742=EDGE_CURVE('',#1361,#1364,#1250,.T.);
#1743=EDGE_CURVE('',#1364,#1363,#770,.T.);
#1744=EDGE_CURVE('',#1365,#1305,#150,.T.);
#1745=EDGE_CURVE('',#1365,#1366,#771,.T.);
#1746=EDGE_CURVE('',#1367,#1366,#151,.T.);
#1747=EDGE_CURVE('',#1367,#1368,#772,.T.);
#1748=EDGE_CURVE('',#1324,#1368,#152,.T.);
#1749=EDGE_CURVE('',#1369,#1317,#153,.T.);
#1750=EDGE_CURVE('',#1369,#1370,#773,.T.);
#1751=EDGE_CURVE('',#1371,#1370,#154,.T.);
#1752=EDGE_CURVE('',#1372,#1371,#155,.T.);
#1753=EDGE_CURVE('',#1372,#1373,#774,.T.);
#1754=EDGE_CURVE('',#1302,#1373,#156,.T.);
#1755=EDGE_CURVE('',#1374,#1374,#157,.T.);
#1756=EDGE_CURVE('',#1375,#1375,#158,.T.);
#1757=EDGE_CURVE('',#1375,#1376,#775,.T.);
#1758=EDGE_CURVE('',#1376,#1329,#159,.T.);
#1759=EDGE_CURVE('',#1326,#1377,#160,.T.);
#1760=EDGE_CURVE('',#1378,#1377,#1251,.T.);
#1761=EDGE_CURVE('',#1379,#1378,#161,.T.);
#1762=EDGE_CURVE('',#1369,#1379,#1252,.T.);
#1763=EDGE_CURVE('',#1380,#1368,#1253,.T.);
#1764=EDGE_CURVE('',#1381,#1380,#162,.T.);
#1765=EDGE_CURVE('',#1382,#1381,#1254,.T.);
#1766=EDGE_CURVE('',#1382,#1376,#163,.T.);
#1767=EDGE_CURVE('',#1383,#1383,#164,.T.);
#1768=EDGE_CURVE('',#1383,#1371,#776,.T.);
#1769=EDGE_CURVE('',#1384,#1370,#1255,.T.);
#1770=EDGE_CURVE('',#1385,#1384,#165,.T.);
#1771=EDGE_CURVE('',#1386,#1385,#1256,.T.);
#1772=EDGE_CURVE('',#1386,#1345,#166,.T.);
#1773=EDGE_CURVE('',#1342,#1387,#167,.T.);
#1774=EDGE_CURVE('',#1388,#1387,#1257,.T.);
#1775=EDGE_CURVE('',#1389,#1388,#168,.T.);
#1776=EDGE_CURVE('',#1390,#1389,#1258,.T.);
#1777=EDGE_CURVE('',#1390,#1309,#169,.T.);
#1778=EDGE_CURVE('',#1316,#1391,#170,.T.);
#1779=EDGE_CURVE('',#1392,#1391,#1259,.T.);
#1780=EDGE_CURVE('',#1393,#1392,#171,.T.);
#1781=EDGE_CURVE('',#1372,#1393,#1260,.T.);
#1782=EDGE_CURVE('',#1382,#1394,#777,.T.);
#1783=EDGE_CURVE('',#1334,#1394,#172,.T.);
#1784=EDGE_CURVE('',#1395,#1337,#173,.T.);
#1785=EDGE_CURVE('',#1395,#1396,#778,.T.);
#1786=EDGE_CURVE('',#1396,#1397,#174,.T.);
#1787=EDGE_CURVE('',#1397,#1398,#175,.T.);
#1788=EDGE_CURVE('',#1398,#1399,#176,.T.);
#1789=EDGE_CURVE('',#1400,#1399,#177,.T.);
#1790=EDGE_CURVE('',#1401,#1400,#779,.T.);
#1791=EDGE_CURVE('',#1402,#1401,#178,.T.);
#1792=EDGE_CURVE('',#1402,#1403,#179,.T.);
#1793=EDGE_CURVE('',#1404,#1403,#89,.T.);
#1794=EDGE_CURVE('',#1404,#1405,#780,.T.);
#1795=EDGE_CURVE('',#1405,#1406,#781,.T.);
#1796=EDGE_CURVE('',#1407,#1406,#90,.T.);
#1797=EDGE_CURVE('',#1407,#1408,#180,.T.);
#1798=EDGE_CURVE('',#1409,#1408,#91,.T.);
#1799=EDGE_CURVE('',#1409,#1410,#782,.T.);
#1800=EDGE_CURVE('',#1411,#1410,#783,.T.);
#1801=EDGE_CURVE('',#1412,#1411,#1261,.T.);
#1802=EDGE_CURVE('',#1412,#1413,#784,.T.);
#1803=EDGE_CURVE('',#1413,#1414,#785,.T.);
#1804=EDGE_CURVE('',#1414,#1415,#786,.T.);
#1805=EDGE_CURVE('',#1416,#1415,#92,.T.);
#1806=EDGE_CURVE('',#1416,#1417,#181,.T.);
#1807=EDGE_CURVE('',#1417,#1387,#787,.T.);
#1808=EDGE_CURVE('',#1386,#1377,#788,.T.);
#1809=EDGE_CURVE('',#1418,#1419,#93,.T.);
#1810=EDGE_CURVE('',#1419,#1420,#1262,.T.);
#1811=EDGE_CURVE('',#1420,#1421,#94,.F.);
#1812=EDGE_CURVE('',#1421,#1418,#1263,.T.);
#1813=EDGE_CURVE('',#1421,#1422,#182,.T.);
#1814=EDGE_CURVE('',#1423,#1422,#1264,.F.);
#1815=EDGE_CURVE('',#1424,#1423,#183,.T.);
#1816=EDGE_CURVE('',#1425,#1424,#1265,.F.);
#1817=EDGE_CURVE('',#1426,#1425,#184,.T.);
#1818=EDGE_CURVE('',#1397,#1426,#789,.T.);
#1819=EDGE_CURVE('',#1396,#1427,#1266,.T.);
#1820=EDGE_CURVE('',#1428,#1427,#185,.F.);
#1821=EDGE_CURVE('',#1429,#1428,#1267,.T.);
#1822=EDGE_CURVE('',#1430,#1429,#186,.T.);
#1823=EDGE_CURVE('',#1430,#1431,#790,.T.);
#1824=EDGE_CURVE('',#1418,#1431,#187,.T.);
#1825=EDGE_CURVE('',#1432,#1433,#95,.T.);
#1826=EDGE_CURVE('',#1433,#1434,#96,.T.);
#1827=EDGE_CURVE('',#1434,#1435,#97,.F.);
#1828=EDGE_CURVE('',#1435,#1432,#1268,.T.);
#1829=EDGE_CURVE('',#1432,#1419,#791,.T.);
#1830=EDGE_CURVE('',#1420,#1435,#792,.T.);
#1831=EDGE_CURVE('',#1436,#1433,#188,.T.);
#1832=EDGE_CURVE('',#1437,#1436,#23,.F.);
#1833=EDGE_CURVE('',#1438,#1437,#189,.T.);
#1834=EDGE_CURVE('',#1438,#1439,#24,.F.);
#1835=EDGE_CURVE('',#1434,#1439,#190,.F.);
#1836=EDGE_CURVE('',#1439,#1422,#793,.T.);
#1837=EDGE_CURVE('',#1438,#1423,#794,.F.);
#1838=EDGE_CURVE('',#1437,#1440,#795,.T.);
#1839=EDGE_CURVE('',#1440,#1441,#191,.T.);
#1840=EDGE_CURVE('',#1441,#1442,#796,.T.);
#1841=EDGE_CURVE('',#1442,#1443,#797,.T.);
#1842=EDGE_CURVE('',#1443,#1444,#192,.T.);
#1843=EDGE_CURVE('',#1445,#1444,#798,.F.);
#1844=EDGE_CURVE('',#1446,#1445,#799,.F.);
#1845=EDGE_CURVE('',#1447,#1446,#800,.F.);
#1846=EDGE_CURVE('',#1447,#1448,#193,.T.);
#1847=EDGE_CURVE('',#1448,#1449,#801,.T.);
#1848=EDGE_CURVE('',#1449,#1450,#802,.T.);
#1849=EDGE_CURVE('',#1451,#1450,#194,.T.);
#1850=EDGE_CURVE('',#1451,#1452,#195,.T.);
#1851=EDGE_CURVE('',#1452,#1453,#803,.T.);
#1852=EDGE_CURVE('',#1453,#1454,#196,.T.);
#1853=EDGE_CURVE('',#1424,#1454,#804,.F.);
#1854=EDGE_CURVE('',#1455,#1455,#197,.T.);
#1855=EDGE_CURVE('',#1456,#1457,#805,.T.);
#1856=EDGE_CURVE('',#1443,#1456,#25,.F.);
#1857=EDGE_CURVE('',#1442,#1457,#806,.F.);
#1858=EDGE_CURVE('',#1458,#1459,#98,.T.);
#1859=EDGE_CURVE('',#1459,#1404,#1269,.T.);
#1860=EDGE_CURVE('',#1403,#1458,#1270,.T.);
#1861=EDGE_CURVE('',#1460,#1459,#807,.F.);
#1862=EDGE_CURVE('',#1460,#1461,#26,.T.);
#1863=EDGE_CURVE('',#1461,#1462,#808,.T.);
#1864=EDGE_CURVE('',#1405,#1462,#809,.F.);
#1865=EDGE_CURVE('',#1458,#1463,#198,.T.);
#1866=EDGE_CURVE('',#1464,#1463,#810,.F.);
#1867=EDGE_CURVE('',#1464,#1465,#199,.T.);
#1868=EDGE_CURVE('',#1465,#1466,#811,.T.);
#1869=EDGE_CURVE('',#1466,#1467,#812,.T.);
#1870=EDGE_CURVE('',#1467,#1468,#813,.T.);
#1871=EDGE_CURVE('',#1468,#1469,#814,.T.);
#1872=EDGE_CURVE('',#1469,#1470,#815,.T.);
#1873=EDGE_CURVE('',#1470,#1471,#816,.T.);
#1874=EDGE_CURVE('',#1471,#1472,#817,.T.);
#1875=EDGE_CURVE('',#1472,#1473,#200,.T.);
#1876=EDGE_CURVE('',#1474,#1473,#818,.F.);
#1877=EDGE_CURVE('',#1474,#1475,#201,.T.);
#1878=EDGE_CURVE('',#1476,#1475,#819,.F.);
#1879=EDGE_CURVE('',#1476,#1477,#202,.T.);
#1880=EDGE_CURVE('',#1477,#1478,#820,.T.);
#1881=EDGE_CURVE('',#1478,#1479,#203,.T.);
#1882=EDGE_CURVE('',#1479,#1480,#821,.T.);
#1883=EDGE_CURVE('',#1480,#1481,#204,.T.);
#1884=EDGE_CURVE('',#1482,#1481,#822,.F.);
#1885=EDGE_CURVE('',#1482,#1483,#823,.T.);
#1886=EDGE_CURVE('',#1484,#1483,#824,.F.);
#1887=EDGE_CURVE('',#1484,#1485,#205,.T.);
#1888=EDGE_CURVE('',#1485,#1486,#825,.T.);
#1889=EDGE_CURVE('',#1486,#1487,#826,.T.);
#1890=EDGE_CURVE('',#1487,#1488,#827,.T.);
#1891=EDGE_CURVE('',#1488,#1489,#828,.T.);
#1892=EDGE_CURVE('',#1489,#1490,#829,.F.);
#1893=EDGE_CURVE('',#1491,#1490,#830,.F.);
#1894=EDGE_CURVE('',#1491,#1492,#206,.T.);
#1895=EDGE_CURVE('',#1492,#1493,#831,.T.);
#1896=EDGE_CURVE('',#1493,#1494,#832,.T.);
#1897=EDGE_CURVE('',#1494,#1495,#833,.T.);
#1898=EDGE_CURVE('',#1495,#1496,#207,.T.);
#1899=EDGE_CURVE('',#1497,#1496,#834,.F.);
#1900=EDGE_CURVE('',#1497,#1498,#835,.T.);
#1901=EDGE_CURVE('',#1498,#1499,#208,.T.);
#1902=EDGE_CURVE('',#1500,#1499,#836,.F.);
#1903=EDGE_CURVE('',#1500,#1501,#209,.T.);
#1904=EDGE_CURVE('',#1501,#1502,#837,.T.);
#1905=EDGE_CURVE('',#1503,#1502,#99,.T.);
#1906=EDGE_CURVE('',#1503,#1504,#838,.F.);
#1907=EDGE_CURVE('',#1504,#1505,#839,.F.);
#1908=EDGE_CURVE('',#1505,#1506,#840,.F.);
#1909=EDGE_CURVE('',#1507,#1506,#1271,.T.);
#1910=EDGE_CURVE('',#1507,#1508,#841,.T.);
#1911=EDGE_CURVE('',#1508,#1509,#842,.T.);
#1912=EDGE_CURVE('',#1509,#1510,#210,.T.);
#1913=EDGE_CURVE('',#1511,#1510,#843,.F.);
#1914=EDGE_CURVE('',#1511,#1512,#211,.T.);
#1915=EDGE_CURVE('',#1512,#1513,#844,.T.);
#1916=EDGE_CURVE('',#1513,#1514,#845,.F.);
#1917=EDGE_CURVE('',#1514,#1460,#212,.T.);
#1918=EDGE_CURVE('',#1515,#1515,#213,.T.);
#1919=EDGE_CURVE('',#1516,#1516,#214,.T.);
#1920=EDGE_CURVE('',#1517,#1518,#846,.T.);
#1921=EDGE_CURVE('',#1518,#1519,#847,.T.);
#1922=EDGE_CURVE('',#1519,#1520,#215,.T.);
#1923=EDGE_CURVE('',#1521,#1520,#848,.F.);
#1924=EDGE_CURVE('',#1521,#1522,#216,.T.);
#1925=EDGE_CURVE('',#1523,#1522,#849,.F.);
#1926=EDGE_CURVE('',#1517,#1523,#850,.F.);
#1927=EDGE_CURVE('',#1524,#1524,#217,.T.);
#1928=EDGE_CURVE('',#1525,#1525,#218,.T.);
#1929=EDGE_CURVE('',#1526,#1527,#100,.T.);
#1930=EDGE_CURVE('',#1527,#1407,#1272,.T.);
#1931=EDGE_CURVE('',#1406,#1526,#1273,.T.);
#1932=EDGE_CURVE('',#1526,#1462,#851,.T.);
#1933=EDGE_CURVE('',#1408,#1528,#1274,.T.);
#1934=EDGE_CURVE('',#1528,#1529,#101,.T.);
#1935=EDGE_CURVE('',#1529,#1409,#1275,.T.);
#1936=EDGE_CURVE('',#1529,#1530,#852,.T.);
#1937=EDGE_CURVE('',#1530,#1514,#27,.T.);
#1938=EDGE_CURVE('',#1410,#1513,#853,.T.);
#1939=EDGE_CURVE('',#1461,#1530,#219,.T.);
#1940=EDGE_CURVE('',#1528,#1527,#220,.T.);
#1941=EDGE_CURVE('',#1531,#1531,#221,.T.);
#1942=EDGE_CURVE('',#1531,#1532,#222,.T.);
#1943=EDGE_CURVE('',#1532,#1532,#223,.T.);
#1944=EDGE_CURVE('',#1533,#1533,#224,.T.);
#1945=EDGE_CURVE('',#1533,#1531,#854,.T.);
#1946=EDGE_CURVE('',#1534,#1534,#225,.T.);
#1947=EDGE_CURVE('',#1534,#1535,#226,.T.);
#1948=EDGE_CURVE('',#1535,#1535,#227,.T.);
#1949=EDGE_CURVE('',#1536,#1536,#228,.T.);
#1950=EDGE_CURVE('',#1536,#1534,#855,.T.);
#1951=EDGE_CURVE('',#1537,#1537,#229,.T.);
#1952=EDGE_CURVE('',#1537,#1538,#230,.T.);
#1953=EDGE_CURVE('',#1538,#1538,#231,.T.);
#1954=EDGE_CURVE('',#1539,#1539,#232,.T.);
#1955=EDGE_CURVE('',#1539,#1537,#856,.T.);
#1956=EDGE_CURVE('',#1540,#1540,#233,.T.);
#1957=EDGE_CURVE('',#1540,#1541,#234,.T.);
#1958=EDGE_CURVE('',#1541,#1541,#235,.T.);
#1959=EDGE_CURVE('',#1542,#1542,#236,.T.);
#1960=EDGE_CURVE('',#1542,#1540,#857,.T.);
#1961=EDGE_CURVE('',#1543,#1543,#237,.T.);
#1962=EDGE_CURVE('',#1543,#1544,#238,.T.);
#1963=EDGE_CURVE('',#1544,#1544,#239,.T.);
#1964=EDGE_CURVE('',#1545,#1545,#240,.T.);
#1965=EDGE_CURVE('',#1545,#1544,#858,.T.);
#1966=EDGE_CURVE('',#1546,#1546,#241,.T.);
#1967=EDGE_CURVE('',#1546,#1547,#242,.T.);
#1968=EDGE_CURVE('',#1547,#1547,#243,.T.);
#1969=EDGE_CURVE('',#1548,#1548,#244,.T.);
#1970=EDGE_CURVE('',#1548,#1547,#859,.T.);
#1971=EDGE_CURVE('',#1549,#1549,#245,.T.);
#1972=EDGE_CURVE('',#1549,#1550,#246,.T.);
#1973=EDGE_CURVE('',#1550,#1550,#247,.T.);
#1974=EDGE_CURVE('',#1551,#1551,#248,.T.);
#1975=EDGE_CURVE('',#1551,#1550,#860,.T.);
#1976=EDGE_CURVE('',#1552,#1552,#249,.T.);
#1977=EDGE_CURVE('',#1552,#1553,#250,.T.);
#1978=EDGE_CURVE('',#1553,#1553,#251,.T.);
#1979=EDGE_CURVE('',#1554,#1554,#252,.T.);
#1980=EDGE_CURVE('',#1554,#1553,#861,.T.);
#1981=EDGE_CURVE('',#1555,#1555,#253,.T.);
#1982=EDGE_CURVE('',#1555,#1556,#862,.T.);
#1983=EDGE_CURVE('',#1557,#1556,#254,.T.);
#1984=EDGE_CURVE('',#1395,#1557,#1276,.T.);
#1985=EDGE_CURVE('',#1558,#1394,#1277,.T.);
#1986=EDGE_CURVE('',#1559,#1558,#255,.T.);
#1987=EDGE_CURVE('',#1367,#1559,#1278,.T.);
#1988=EDGE_CURVE('',#1560,#1366,#1279,.T.);
#1989=EDGE_CURVE('',#1561,#1560,#256,.T.);
#1990=EDGE_CURVE('',#1562,#1561,#1280,.T.);
#1991=EDGE_CURVE('',#1562,#1357,#257,.T.);
#1992=EDGE_CURVE('',#1364,#1563,#258,.T.);
#1993=EDGE_CURVE('',#1564,#1563,#1281,.T.);
#1994=EDGE_CURVE('',#1556,#1564,#259,.T.);
#1995=EDGE_CURVE('',#1565,#1565,#260,.T.);
#1996=EDGE_CURVE('',#1565,#1566,#863,.T.);
#1997=EDGE_CURVE('',#1566,#1567,#261,.T.);
#1998=EDGE_CURVE('',#1568,#1567,#1282,.T.);
#1999=EDGE_CURVE('',#1569,#1568,#262,.T.);
#2000=EDGE_CURVE('',#1365,#1569,#1283,.T.);
#2001=EDGE_CURVE('',#1570,#1373,#1284,.T.);
#2002=EDGE_CURVE('',#1571,#1570,#263,.T.);
#2003=EDGE_CURVE('',#1572,#1571,#1285,.T.);
#2004=EDGE_CURVE('',#1572,#1349,#264,.T.);
#2005=EDGE_CURVE('',#1356,#1566,#265,.T.);
#2006=EDGE_CURVE('',#1573,#1574,#864,.T.);
#2007=EDGE_CURVE('',#1574,#1575,#865,.T.);
#2008=EDGE_CURVE('',#1575,#1576,#866,.T.);
#2009=EDGE_CURVE('',#1576,#1577,#266,.T.);
#2010=EDGE_CURVE('',#1577,#1578,#867,.T.);
#2011=EDGE_CURVE('',#1578,#1579,#267,.T.);
#2012=EDGE_CURVE('',#1579,#1573,#868,.T.);
#2013=EDGE_CURVE('',#1453,#1580,#28,.F.);
#2014=EDGE_CURVE('',#1581,#1580,#268,.T.);
#2015=EDGE_CURVE('',#1581,#1454,#29,.F.);
#2016=EDGE_CURVE('',#1554,#1455,#869,.T.);
#2017=EDGE_CURVE('',#1582,#1456,#269,.T.);
#2018=EDGE_CURVE('',#1582,#1444,#30,.F.);
#2019=EDGE_CURVE('',#1583,#1582,#870,.T.);
#2020=EDGE_CURVE('',#1583,#1445,#871,.F.);
#2021=EDGE_CURVE('',#1584,#1583,#872,.T.);
#2022=EDGE_CURVE('',#1584,#1446,#873,.T.);
#2023=EDGE_CURVE('',#1585,#1584,#874,.T.);
#2024=EDGE_CURVE('',#1447,#1585,#31,.F.);
#2025=EDGE_CURVE('',#1586,#1585,#270,.T.);
#2026=EDGE_CURVE('',#1448,#1586,#32,.F.);
#2027=EDGE_CURVE('',#1548,#1515,#875,.T.);
#2028=EDGE_CURVE('',#1510,#1587,#33,.T.);
#2029=EDGE_CURVE('',#1588,#1587,#876,.T.);
#2030=EDGE_CURVE('',#1511,#1588,#34,.F.);
#2031=EDGE_CURVE('',#1509,#1589,#35,.T.);
#2032=EDGE_CURVE('',#1587,#1589,#271,.T.);
#2033=EDGE_CURVE('',#1500,#1590,#36,.F.);
#2034=EDGE_CURVE('',#1591,#1590,#272,.T.);
#2035=EDGE_CURVE('',#1592,#1591,#102,.T.);
#2036=EDGE_CURVE('',#1593,#1592,#273,.T.);
#2037=EDGE_CURVE('',#1501,#1593,#37,.F.);
#2038=EDGE_CURVE('',#1594,#1496,#38,.F.);
#2039=EDGE_CURVE('',#1495,#1595,#39,.F.);
#2040=EDGE_CURVE('',#1594,#1595,#274,.T.);
#2041=EDGE_CURVE('',#1595,#1596,#877,.T.);
#2042=EDGE_CURVE('',#1494,#1596,#878,.F.);
#2043=EDGE_CURVE('',#1596,#1597,#879,.T.);
#2044=EDGE_CURVE('',#1493,#1597,#880,.F.);
#2045=EDGE_CURVE('',#1597,#1598,#881,.T.);
#2046=EDGE_CURVE('',#1492,#1598,#40,.F.);
#2047=EDGE_CURVE('',#1491,#1599,#41,.F.);
#2048=EDGE_CURVE('',#1598,#1599,#275,.T.);
#2049=EDGE_CURVE('',#1490,#1600,#882,.T.);
#2050=EDGE_CURVE('',#1599,#1600,#883,.T.);
#2051=EDGE_CURVE('',#1489,#1601,#884,.F.);
#2052=EDGE_CURVE('',#1600,#1601,#885,.F.);
#2053=EDGE_CURVE('',#1488,#1602,#886,.T.);
#2054=EDGE_CURVE('',#1601,#1602,#887,.T.);
#2055=EDGE_CURVE('',#1487,#1603,#888,.T.);
#2056=EDGE_CURVE('',#1602,#1603,#889,.T.);
#2057=EDGE_CURVE('',#1603,#1604,#890,.T.);
#2058=EDGE_CURVE('',#1486,#1604,#891,.F.);
#2059=EDGE_CURVE('',#1604,#1605,#892,.T.);
#2060=EDGE_CURVE('',#1485,#1605,#42,.F.);
#2061=EDGE_CURVE('',#1484,#1606,#43,.F.);
#2062=EDGE_CURVE('',#1605,#1606,#276,.T.);
#2063=EDGE_CURVE('',#1607,#1481,#44,.F.);
#2064=EDGE_CURVE('',#1480,#1608,#45,.F.);
#2065=EDGE_CURVE('',#1607,#1608,#277,.T.);
#2066=EDGE_CURVE('',#1476,#1609,#46,.F.);
#2067=EDGE_CURVE('',#1610,#1609,#278,.T.);
#2068=EDGE_CURVE('',#1477,#1610,#47,.F.);
#2069=EDGE_CURVE('',#1611,#1473,#48,.F.);
#2070=EDGE_CURVE('',#1472,#1612,#49,.F.);
#2071=EDGE_CURVE('',#1611,#1612,#279,.T.);
#2072=EDGE_CURVE('',#1612,#1613,#893,.T.);
#2073=EDGE_CURVE('',#1471,#1613,#894,.F.);
#2074=EDGE_CURVE('',#1613,#1614,#895,.T.);
#2075=EDGE_CURVE('',#1614,#1470,#896,.F.);
#2076=EDGE_CURVE('',#1469,#1615,#897,.T.);
#2077=EDGE_CURVE('',#1614,#1615,#898,.T.);
#2078=EDGE_CURVE('',#1468,#1616,#899,.F.);
#2079=EDGE_CURVE('',#1615,#1616,#900,.T.);
#2080=EDGE_CURVE('',#1616,#1617,#901,.T.);
#2081=EDGE_CURVE('',#1467,#1617,#902,.F.);
#2082=EDGE_CURVE('',#1466,#1618,#903,.T.);
#2083=EDGE_CURVE('',#1617,#1618,#904,.T.);
#2084=EDGE_CURVE('',#1619,#1465,#1286,.T.);
#2085=EDGE_CURVE('',#1618,#1619,#905,.T.);
#2086=EDGE_CURVE('',#1464,#1620,#50,.F.);
#2087=EDGE_CURVE('',#1619,#1620,#280,.T.);
#2088=EDGE_CURVE('',#1574,#1517,#906,.T.);
#2089=EDGE_CURVE('',#1575,#1523,#907,.F.);
#2090=EDGE_CURVE('',#1576,#1522,#51,.F.);
#2091=EDGE_CURVE('',#1577,#1521,#52,.T.);
#2092=EDGE_CURVE('',#1578,#1520,#53,.F.);
#2093=EDGE_CURVE('',#1519,#1579,#1287,.T.);
#2094=EDGE_CURVE('',#1518,#1573,#908,.T.);
#2095=EDGE_CURVE('',#1545,#1524,#909,.T.);
#2096=EDGE_CURVE('',#1551,#1525,#910,.T.);
#2097=EDGE_CURVE('',#1621,#1621,#281,.T.);
#2098=EDGE_CURVE('',#1622,#1622,#282,.T.);
#2099=EDGE_CURVE('',#1623,#1623,#283,.T.);
#2100=EDGE_CURVE('',#1463,#1624,#1288,.F.);
#2101=EDGE_CURVE('',#1620,#1624,#911,.T.);
#2102=EDGE_CURVE('',#1625,#1586,#912,.T.);
#2103=EDGE_CURVE('',#1449,#1625,#913,.T.);
#2104=EDGE_CURVE('',#1626,#1452,#1289,.T.);
#2105=EDGE_CURVE('',#1580,#1626,#914,.T.);
#2106=EDGE_CURVE('',#1564,#1428,#915,.F.);
#2107=EDGE_CURVE('',#1427,#1557,#916,.F.);
#2108=EDGE_CURVE('',#1425,#1581,#917,.T.);
#2109=EDGE_CURVE('',#1626,#1627,#284,.T.);
#2110=EDGE_CURVE('',#1627,#1426,#285,.T.);
#2111=EDGE_CURVE('',#1474,#1628,#1290,.T.);
#2112=EDGE_CURVE('',#1628,#1611,#918,.T.);
#2113=EDGE_CURVE('',#1475,#1629,#1291,.F.);
#2114=EDGE_CURVE('',#1609,#1629,#919,.T.);
#2115=EDGE_CURVE('',#1630,#1431,#286,.T.);
#2116=EDGE_CURVE('',#1630,#1436,#920,.T.);
#2117=EDGE_CURVE('',#1440,#1630,#1292,.T.);
#2118=EDGE_CURVE('',#1457,#1631,#921,.T.);
#2119=EDGE_CURVE('',#1631,#1441,#1293,.T.);
#2120=EDGE_CURVE('',#1631,#1628,#287,.T.);
#2121=EDGE_CURVE('',#1624,#1632,#288,.T.);
#2122=EDGE_CURVE('',#1632,#1633,#289,.T.);
#2123=EDGE_CURVE('',#1633,#1625,#922,.T.);
#2124=EDGE_CURVE('',#1629,#1634,#290,.T.);
#2125=EDGE_CURVE('',#1634,#1635,#291,.T.);
#2126=EDGE_CURVE('',#1635,#1610,#923,.T.);
#2127=EDGE_CURVE('',#1478,#1635,#1294,.T.);
#2128=EDGE_CURVE('',#1608,#1636,#924,.T.);
#2129=EDGE_CURVE('',#1636,#1479,#1295,.T.);
#2130=EDGE_CURVE('',#1483,#1637,#925,.F.);
#2131=EDGE_CURVE('',#1606,#1637,#926,.T.);
#2132=EDGE_CURVE('',#1637,#1638,#927,.T.);
#2133=EDGE_CURVE('',#1638,#1594,#928,.T.);
#2134=EDGE_CURVE('',#1638,#1497,#929,.F.);
#2135=EDGE_CURVE('',#1639,#1640,#930,.T.);
#2136=EDGE_CURVE('',#1640,#1607,#931,.T.);
#2137=EDGE_CURVE('',#1636,#1639,#292,.T.);
#2138=EDGE_CURVE('',#1640,#1482,#932,.F.);
#2139=EDGE_CURVE('',#1499,#1641,#1296,.F.);
#2140=EDGE_CURVE('',#1590,#1641,#933,.T.);
#2141=EDGE_CURVE('',#1641,#1642,#293,.T.);
#2142=EDGE_CURVE('',#1642,#1591,#103,.T.);
#2143=EDGE_CURVE('',#1643,#1642,#104,.T.);
#2144=EDGE_CURVE('',#1592,#1643,#105,.T.);
#2145=EDGE_CURVE('',#1388,#1644,#934,.F.);
#2146=EDGE_CURVE('',#1644,#1645,#294,.F.);
#2147=EDGE_CURVE('',#1645,#1389,#935,.F.);
#2148=EDGE_CURVE('',#1646,#1647,#106,.T.);
#2149=EDGE_CURVE('',#1647,#1593,#936,.T.);
#2150=EDGE_CURVE('',#1643,#1646,#295,.T.);
#2151=EDGE_CURVE('',#1647,#1502,#107,.T.);
#2152=EDGE_CURVE('',#1508,#1648,#937,.F.);
#2153=EDGE_CURVE('',#1589,#1648,#938,.T.);
#2154=EDGE_CURVE('',#1648,#1649,#939,.T.);
#2155=EDGE_CURVE('',#1649,#1588,#296,.T.);
#2156=EDGE_CURVE('',#1649,#1512,#54,.F.);
#2157=EDGE_CURVE('',#1383,#1621,#940,.T.);
#2158=EDGE_CURVE('',#1378,#1385,#941,.F.);
#2159=EDGE_CURVE('',#1379,#1384,#942,.F.);
#2160=EDGE_CURVE('',#1375,#1622,#943,.T.);
#2161=EDGE_CURVE('',#1516,#1650,#944,.T.);
#2162=EDGE_CURVE('',#1650,#1650,#297,.T.);
#2163=EDGE_CURVE('',#1558,#1381,#945,.F.);
#2164=EDGE_CURVE('',#1559,#1380,#946,.F.);
#2165=EDGE_CURVE('',#1555,#1623,#947,.T.);
#2166=EDGE_CURVE('',#1402,#1632,#948,.T.);
#2167=EDGE_CURVE('',#1401,#1633,#949,.T.);
#2168=EDGE_CURVE('',#1450,#1400,#950,.T.);
#2169=EDGE_CURVE('',#1399,#1451,#951,.T.);
#2170=EDGE_CURVE('',#1398,#1627,#952,.T.);
#2171=EDGE_CURVE('',#1429,#1563,#953,.T.);
#2172=EDGE_CURVE('',#1430,#1651,#298,.T.);
#2173=EDGE_CURVE('',#1651,#1634,#954,.T.);
#2174=EDGE_CURVE('',#1652,#1651,#299,.T.);
#2175=EDGE_CURVE('',#1652,#1639,#955,.T.);
#2176=EDGE_CURVE('',#1653,#1652,#956,.T.);
#2177=EDGE_CURVE('',#1653,#1498,#957,.T.);
#2178=EDGE_CURVE('',#1654,#1645,#1297,.T.);
#2179=EDGE_CURVE('',#1390,#1654,#958,.T.);
#2180=EDGE_CURVE('',#1417,#1644,#1298,.T.);
#2181=EDGE_CURVE('',#1654,#1653,#300,.T.);
#2182=EDGE_CURVE('',#1646,#1416,#1299,.T.);
#2183=EDGE_CURVE('',#1415,#1503,#1300,.T.);
#2184=EDGE_CURVE('',#1414,#1504,#959,.F.);
#2185=EDGE_CURVE('',#1505,#1413,#960,.F.);
#2186=EDGE_CURVE('',#1506,#1412,#961,.T.);
#2187=EDGE_CURVE('',#1411,#1507,#962,.T.);
#2188=EDGE_CURVE('',#1650,#1374,#963,.T.);
#2189=EDGE_CURVE('',#1655,#1655,#301,.T.);
#2190=EDGE_CURVE('',#1562,#1567,#964,.T.);
#2191=EDGE_CURVE('',#1568,#1561,#965,.F.);
#2192=EDGE_CURVE('',#1572,#1391,#966,.T.);
#2193=EDGE_CURVE('',#1392,#1571,#967,.F.);
#2194=EDGE_CURVE('',#1393,#1570,#968,.F.);
#2195=EDGE_CURVE('',#1569,#1560,#969,.F.);
#2196=EDGE_CURVE('',#1565,#1655,#970,.T.);
#2197=ORIENTED_EDGE('',*,*,#1656,.F.);
#2198=ORIENTED_EDGE('',*,*,#1657,.F.);
#2199=ORIENTED_EDGE('',*,*,#1658,.F.);
#2200=ORIENTED_EDGE('',*,*,#1659,.F.);
#2201=ORIENTED_EDGE('',*,*,#1660,.F.);
#2202=ORIENTED_EDGE('',*,*,#1661,.F.);
#2203=ORIENTED_EDGE('',*,*,#1662,.T.);
#2204=ORIENTED_EDGE('',*,*,#1663,.F.);
#2205=ORIENTED_EDGE('',*,*,#1664,.F.);
#2206=ORIENTED_EDGE('',*,*,#1662,.F.);
#2207=ORIENTED_EDGE('',*,*,#1665,.F.);
#2208=ORIENTED_EDGE('',*,*,#1658,.T.);
#2209=ORIENTED_EDGE('',*,*,#1666,.F.);
#2210=ORIENTED_EDGE('',*,*,#1663,.T.);
#2211=ORIENTED_EDGE('',*,*,#1664,.T.);
#2212=ORIENTED_EDGE('',*,*,#1657,.T.);
#2213=ORIENTED_EDGE('',*,*,#1667,.F.);
#2214=ORIENTED_EDGE('',*,*,#1668,.F.);
#2215=ORIENTED_EDGE('',*,*,#1669,.T.);
#2216=ORIENTED_EDGE('',*,*,#1670,.F.);
#2217=ORIENTED_EDGE('',*,*,#1671,.F.);
#2218=ORIENTED_EDGE('',*,*,#1670,.T.);
#2219=ORIENTED_EDGE('',*,*,#1672,.T.);
#2220=ORIENTED_EDGE('',*,*,#1673,.T.);
#2221=ORIENTED_EDGE('',*,*,#1672,.F.);
#2222=ORIENTED_EDGE('',*,*,#1669,.F.);
#2223=ORIENTED_EDGE('',*,*,#1674,.F.);
#2224=ORIENTED_EDGE('',*,*,#1675,.T.);
#2225=ORIENTED_EDGE('',*,*,#1676,.F.);
#2226=ORIENTED_EDGE('',*,*,#1673,.F.);
#2227=ORIENTED_EDGE('',*,*,#1675,.F.);
#2228=ORIENTED_EDGE('',*,*,#1677,.F.);
#2229=ORIENTED_EDGE('',*,*,#1678,.F.);
#2230=ORIENTED_EDGE('',*,*,#1679,.F.);
#2231=ORIENTED_EDGE('',*,*,#1680,.T.);
#2232=ORIENTED_EDGE('',*,*,#1681,.F.);
#2233=ORIENTED_EDGE('',*,*,#1682,.F.);
#2234=ORIENTED_EDGE('',*,*,#1681,.T.);
#2235=ORIENTED_EDGE('',*,*,#1683,.T.);
#2236=ORIENTED_EDGE('',*,*,#1684,.T.);
#2237=ORIENTED_EDGE('',*,*,#1683,.F.);
#2238=ORIENTED_EDGE('',*,*,#1680,.F.);
#2239=ORIENTED_EDGE('',*,*,#1685,.F.);
#2240=ORIENTED_EDGE('',*,*,#1686,.T.);
#2241=ORIENTED_EDGE('',*,*,#1687,.F.);
#2242=ORIENTED_EDGE('',*,*,#1684,.F.);
#2243=ORIENTED_EDGE('',*,*,#1686,.F.);
#2244=ORIENTED_EDGE('',*,*,#1688,.F.);
#2245=ORIENTED_EDGE('',*,*,#1689,.F.);
#2246=ORIENTED_EDGE('',*,*,#1690,.F.);
#2247=ORIENTED_EDGE('',*,*,#1691,.F.);
#2248=ORIENTED_EDGE('',*,*,#1692,.F.);
#2249=ORIENTED_EDGE('',*,*,#1693,.F.);
#2250=ORIENTED_EDGE('',*,*,#1694,.F.);
#2251=ORIENTED_EDGE('',*,*,#1695,.T.);
#2252=ORIENTED_EDGE('',*,*,#1696,.F.);
#2253=ORIENTED_EDGE('',*,*,#1697,.F.);
#2254=ORIENTED_EDGE('',*,*,#1695,.F.);
#2255=ORIENTED_EDGE('',*,*,#1698,.F.);
#2256=ORIENTED_EDGE('',*,*,#1691,.T.);
#2257=ORIENTED_EDGE('',*,*,#1699,.F.);
#2258=ORIENTED_EDGE('',*,*,#1696,.T.);
#2259=ORIENTED_EDGE('',*,*,#1697,.T.);
#2260=ORIENTED_EDGE('',*,*,#1690,.T.);
#2261=ORIENTED_EDGE('',*,*,#1700,.F.);
#2262=ORIENTED_EDGE('',*,*,#1701,.F.);
#2263=ORIENTED_EDGE('',*,*,#1702,.F.);
#2264=ORIENTED_EDGE('',*,*,#1703,.F.);
#2265=ORIENTED_EDGE('',*,*,#1704,.F.);
#2266=ORIENTED_EDGE('',*,*,#1705,.F.);
#2267=ORIENTED_EDGE('',*,*,#1706,.T.);
#2268=ORIENTED_EDGE('',*,*,#1707,.F.);
#2269=ORIENTED_EDGE('',*,*,#1708,.F.);
#2270=ORIENTED_EDGE('',*,*,#1706,.F.);
#2271=ORIENTED_EDGE('',*,*,#1709,.F.);
#2272=ORIENTED_EDGE('',*,*,#1702,.T.);
#2273=ORIENTED_EDGE('',*,*,#1710,.F.);
#2274=ORIENTED_EDGE('',*,*,#1707,.T.);
#2275=ORIENTED_EDGE('',*,*,#1708,.T.);
#2276=ORIENTED_EDGE('',*,*,#1701,.T.);
#2277=ORIENTED_EDGE('',*,*,#1711,.F.);
#2278=ORIENTED_EDGE('',*,*,#1712,.F.);
#2279=ORIENTED_EDGE('',*,*,#1713,.F.);
#2280=ORIENTED_EDGE('',*,*,#1714,.F.);
#2281=ORIENTED_EDGE('',*,*,#1715,.F.);
#2282=ORIENTED_EDGE('',*,*,#1716,.F.);
#2283=ORIENTED_EDGE('',*,*,#1717,.T.);
#2284=ORIENTED_EDGE('',*,*,#1718,.F.);
#2285=ORIENTED_EDGE('',*,*,#1719,.F.);
#2286=ORIENTED_EDGE('',*,*,#1717,.F.);
#2287=ORIENTED_EDGE('',*,*,#1720,.F.);
#2288=ORIENTED_EDGE('',*,*,#1713,.T.);
#2289=ORIENTED_EDGE('',*,*,#1721,.F.);
#2290=ORIENTED_EDGE('',*,*,#1718,.T.);
#2291=ORIENTED_EDGE('',*,*,#1719,.T.);
#2292=ORIENTED_EDGE('',*,*,#1712,.T.);
#2293=ORIENTED_EDGE('',*,*,#1722,.F.);
#2294=ORIENTED_EDGE('',*,*,#1723,.F.);
#2295=ORIENTED_EDGE('',*,*,#1724,.T.);
#2296=ORIENTED_EDGE('',*,*,#1725,.F.);
#2297=ORIENTED_EDGE('',*,*,#1726,.F.);
#2298=ORIENTED_EDGE('',*,*,#1725,.T.);
#2299=ORIENTED_EDGE('',*,*,#1727,.T.);
#2300=ORIENTED_EDGE('',*,*,#1728,.T.);
#2301=ORIENTED_EDGE('',*,*,#1727,.F.);
#2302=ORIENTED_EDGE('',*,*,#1724,.F.);
#2303=ORIENTED_EDGE('',*,*,#1729,.F.);
#2304=ORIENTED_EDGE('',*,*,#1730,.T.);
#2305=ORIENTED_EDGE('',*,*,#1731,.F.);
#2306=ORIENTED_EDGE('',*,*,#1728,.F.);
#2307=ORIENTED_EDGE('',*,*,#1730,.F.);
#2308=ORIENTED_EDGE('',*,*,#1732,.F.);
#2309=ORIENTED_EDGE('',*,*,#1733,.F.);
#2310=ORIENTED_EDGE('',*,*,#1734,.F.);
#2311=ORIENTED_EDGE('',*,*,#1735,.T.);
#2312=ORIENTED_EDGE('',*,*,#1736,.F.);
#2313=ORIENTED_EDGE('',*,*,#1737,.F.);
#2314=ORIENTED_EDGE('',*,*,#1736,.T.);
#2315=ORIENTED_EDGE('',*,*,#1738,.T.);
#2316=ORIENTED_EDGE('',*,*,#1739,.T.);
#2317=ORIENTED_EDGE('',*,*,#1738,.F.);
#2318=ORIENTED_EDGE('',*,*,#1735,.F.);
#2319=ORIENTED_EDGE('',*,*,#1740,.F.);
#2320=ORIENTED_EDGE('',*,*,#1741,.T.);
#2321=ORIENTED_EDGE('',*,*,#1742,.F.);
#2322=ORIENTED_EDGE('',*,*,#1739,.F.);
#2323=ORIENTED_EDGE('',*,*,#1741,.F.);
#2324=ORIENTED_EDGE('',*,*,#1743,.F.);
#2325=ORIENTED_EDGE('',*,*,#1659,.T.);
#2326=ORIENTED_EDGE('',*,*,#1665,.T.);
#2327=ORIENTED_EDGE('',*,*,#1661,.T.);
#2328=ORIENTED_EDGE('',*,*,#1744,.F.);
#2329=ORIENTED_EDGE('',*,*,#1745,.T.);
#2330=ORIENTED_EDGE('',*,*,#1746,.F.);
#2331=ORIENTED_EDGE('',*,*,#1747,.T.);
#2332=ORIENTED_EDGE('',*,*,#1748,.F.);
#2333=ORIENTED_EDGE('',*,*,#1688,.T.);
#2334=ORIENTED_EDGE('',*,*,#1685,.T.);
#2335=ORIENTED_EDGE('',*,*,#1679,.T.);
#2336=ORIENTED_EDGE('',*,*,#1749,.F.);
#2337=ORIENTED_EDGE('',*,*,#1750,.T.);
#2338=ORIENTED_EDGE('',*,*,#1751,.F.);
#2339=ORIENTED_EDGE('',*,*,#1752,.F.);
#2340=ORIENTED_EDGE('',*,*,#1753,.T.);
#2341=ORIENTED_EDGE('',*,*,#1754,.F.);
#2342=ORIENTED_EDGE('',*,*,#1755,.T.);
#2343=ORIENTED_EDGE('',*,*,#1756,.F.);
#2344=ORIENTED_EDGE('',*,*,#1757,.T.);
#2345=ORIENTED_EDGE('',*,*,#1758,.T.);
#2346=ORIENTED_EDGE('',*,*,#1693,.T.);
#2347=ORIENTED_EDGE('',*,*,#1699,.T.);
#2348=ORIENTED_EDGE('',*,*,#1689,.T.);
#2349=ORIENTED_EDGE('',*,*,#1759,.T.);
#2350=ORIENTED_EDGE('',*,*,#1760,.F.);
#2351=ORIENTED_EDGE('',*,*,#1761,.F.);
#2352=ORIENTED_EDGE('',*,*,#1762,.F.);
#2353=ORIENTED_EDGE('',*,*,#1749,.T.);
#2354=ORIENTED_EDGE('',*,*,#1678,.T.);
#2355=ORIENTED_EDGE('',*,*,#1682,.T.);
#2356=ORIENTED_EDGE('',*,*,#1687,.T.);
#2357=ORIENTED_EDGE('',*,*,#1748,.T.);
#2358=ORIENTED_EDGE('',*,*,#1763,.F.);
#2359=ORIENTED_EDGE('',*,*,#1764,.F.);
#2360=ORIENTED_EDGE('',*,*,#1765,.F.);
#2361=ORIENTED_EDGE('',*,*,#1766,.T.);
#2362=ORIENTED_EDGE('',*,*,#1757,.F.);
#2363=ORIENTED_EDGE('',*,*,#1767,.F.);
#2364=ORIENTED_EDGE('',*,*,#1768,.T.);
#2365=ORIENTED_EDGE('',*,*,#1751,.T.);
#2366=ORIENTED_EDGE('',*,*,#1769,.F.);
#2367=ORIENTED_EDGE('',*,*,#1770,.F.);
#2368=ORIENTED_EDGE('',*,*,#1771,.F.);
#2369=ORIENTED_EDGE('',*,*,#1772,.T.);
#2370=ORIENTED_EDGE('',*,*,#1715,.T.);
#2371=ORIENTED_EDGE('',*,*,#1721,.T.);
#2372=ORIENTED_EDGE('',*,*,#1711,.T.);
#2373=ORIENTED_EDGE('',*,*,#1773,.T.);
#2374=ORIENTED_EDGE('',*,*,#1774,.F.);
#2375=ORIENTED_EDGE('',*,*,#1775,.F.);
#2376=ORIENTED_EDGE('',*,*,#1776,.F.);
#2377=ORIENTED_EDGE('',*,*,#1777,.T.);
#2378=ORIENTED_EDGE('',*,*,#1667,.T.);
#2379=ORIENTED_EDGE('',*,*,#1671,.T.);
#2380=ORIENTED_EDGE('',*,*,#1676,.T.);
#2381=ORIENTED_EDGE('',*,*,#1778,.T.);
#2382=ORIENTED_EDGE('',*,*,#1779,.F.);
#2383=ORIENTED_EDGE('',*,*,#1780,.F.);
#2384=ORIENTED_EDGE('',*,*,#1781,.F.);
#2385=ORIENTED_EDGE('',*,*,#1752,.T.);
#2386=ORIENTED_EDGE('',*,*,#1768,.F.);
#2387=ORIENTED_EDGE('',*,*,#1692,.T.);
#2388=ORIENTED_EDGE('',*,*,#1698,.T.);
#2389=ORIENTED_EDGE('',*,*,#1694,.T.);
#2390=ORIENTED_EDGE('',*,*,#1758,.F.);
#2391=ORIENTED_EDGE('',*,*,#1766,.F.);
#2392=ORIENTED_EDGE('',*,*,#1782,.T.);
#2393=ORIENTED_EDGE('',*,*,#1783,.F.);
#2394=ORIENTED_EDGE('',*,*,#1703,.T.);
#2395=ORIENTED_EDGE('',*,*,#1709,.T.);
#2396=ORIENTED_EDGE('',*,*,#1705,.T.);
#2397=ORIENTED_EDGE('',*,*,#1784,.F.);
#2398=ORIENTED_EDGE('',*,*,#1785,.T.);
#2399=ORIENTED_EDGE('',*,*,#1786,.T.);
#2400=ORIENTED_EDGE('',*,*,#1787,.T.);
#2401=ORIENTED_EDGE('',*,*,#1788,.T.);
#2402=ORIENTED_EDGE('',*,*,#1789,.F.);
#2403=ORIENTED_EDGE('',*,*,#1790,.F.);
#2404=ORIENTED_EDGE('',*,*,#1791,.F.);
#2405=ORIENTED_EDGE('',*,*,#1792,.T.);
#2406=ORIENTED_EDGE('',*,*,#1793,.F.);
#2407=ORIENTED_EDGE('',*,*,#1794,.T.);
#2408=ORIENTED_EDGE('',*,*,#1795,.T.);
#2409=ORIENTED_EDGE('',*,*,#1796,.F.);
#2410=ORIENTED_EDGE('',*,*,#1797,.T.);
#2411=ORIENTED_EDGE('',*,*,#1798,.F.);
#2412=ORIENTED_EDGE('',*,*,#1799,.T.);
#2413=ORIENTED_EDGE('',*,*,#1800,.F.);
#2414=ORIENTED_EDGE('',*,*,#1801,.F.);
#2415=ORIENTED_EDGE('',*,*,#1802,.T.);
#2416=ORIENTED_EDGE('',*,*,#1803,.T.);
#2417=ORIENTED_EDGE('',*,*,#1804,.T.);
#2418=ORIENTED_EDGE('',*,*,#1805,.F.);
#2419=ORIENTED_EDGE('',*,*,#1806,.T.);
#2420=ORIENTED_EDGE('',*,*,#1807,.T.);
#2421=ORIENTED_EDGE('',*,*,#1773,.F.);
#2422=ORIENTED_EDGE('',*,*,#1714,.T.);
#2423=ORIENTED_EDGE('',*,*,#1720,.T.);
#2424=ORIENTED_EDGE('',*,*,#1716,.T.);
#2425=ORIENTED_EDGE('',*,*,#1772,.F.);
#2426=ORIENTED_EDGE('',*,*,#1808,.T.);
#2427=ORIENTED_EDGE('',*,*,#1759,.F.);
#2428=ORIENTED_EDGE('',*,*,#1809,.T.);
#2429=ORIENTED_EDGE('',*,*,#1810,.T.);
#2430=ORIENTED_EDGE('',*,*,#1811,.T.);
#2431=ORIENTED_EDGE('',*,*,#1812,.T.);
#2432=ORIENTED_EDGE('',*,*,#1812,.F.);
#2433=ORIENTED_EDGE('',*,*,#1813,.T.);
#2434=ORIENTED_EDGE('',*,*,#1814,.F.);
#2435=ORIENTED_EDGE('',*,*,#1815,.F.);
#2436=ORIENTED_EDGE('',*,*,#1816,.F.);
#2437=ORIENTED_EDGE('',*,*,#1817,.F.);
#2438=ORIENTED_EDGE('',*,*,#1818,.F.);
#2439=ORIENTED_EDGE('',*,*,#1786,.F.);
#2440=ORIENTED_EDGE('',*,*,#1819,.T.);
#2441=ORIENTED_EDGE('',*,*,#1820,.F.);
#2442=ORIENTED_EDGE('',*,*,#1821,.F.);
#2443=ORIENTED_EDGE('',*,*,#1822,.F.);
#2444=ORIENTED_EDGE('',*,*,#1823,.T.);
#2445=ORIENTED_EDGE('',*,*,#1824,.F.);
#2446=ORIENTED_EDGE('',*,*,#1825,.T.);
#2447=ORIENTED_EDGE('',*,*,#1826,.T.);
#2448=ORIENTED_EDGE('',*,*,#1827,.T.);
#2449=ORIENTED_EDGE('',*,*,#1828,.T.);
#2450=ORIENTED_EDGE('',*,*,#1810,.F.);
#2451=ORIENTED_EDGE('',*,*,#1829,.F.);
#2452=ORIENTED_EDGE('',*,*,#1828,.F.);
#2453=ORIENTED_EDGE('',*,*,#1830,.F.);
#2454=ORIENTED_EDGE('',*,*,#1826,.F.);
#2455=ORIENTED_EDGE('',*,*,#1831,.F.);
#2456=ORIENTED_EDGE('',*,*,#1832,.F.);
#2457=ORIENTED_EDGE('',*,*,#1833,.F.);
#2458=ORIENTED_EDGE('',*,*,#1834,.T.);
#2459=ORIENTED_EDGE('',*,*,#1835,.F.);
#2460=ORIENTED_EDGE('',*,*,#1835,.T.);
#2461=ORIENTED_EDGE('',*,*,#1836,.T.);
#2462=ORIENTED_EDGE('',*,*,#1813,.F.);
#2463=ORIENTED_EDGE('',*,*,#1811,.F.);
#2464=ORIENTED_EDGE('',*,*,#1830,.T.);
#2465=ORIENTED_EDGE('',*,*,#1827,.F.);
#2466=ORIENTED_EDGE('',*,*,#1836,.F.);
#2467=ORIENTED_EDGE('',*,*,#1834,.F.);
#2468=ORIENTED_EDGE('',*,*,#1837,.T.);
#2469=ORIENTED_EDGE('',*,*,#1814,.T.);
#2470=ORIENTED_EDGE('',*,*,#1838,.T.);
#2471=ORIENTED_EDGE('',*,*,#1839,.T.);
#2472=ORIENTED_EDGE('',*,*,#1840,.T.);
#2473=ORIENTED_EDGE('',*,*,#1841,.T.);
#2474=ORIENTED_EDGE('',*,*,#1842,.T.);
#2475=ORIENTED_EDGE('',*,*,#1843,.F.);
#2476=ORIENTED_EDGE('',*,*,#1844,.F.);
#2477=ORIENTED_EDGE('',*,*,#1845,.F.);
#2478=ORIENTED_EDGE('',*,*,#1846,.T.);
#2479=ORIENTED_EDGE('',*,*,#1847,.T.);
#2480=ORIENTED_EDGE('',*,*,#1848,.T.);
#2481=ORIENTED_EDGE('',*,*,#1849,.F.);
#2482=ORIENTED_EDGE('',*,*,#1850,.T.);
#2483=ORIENTED_EDGE('',*,*,#1851,.T.);
#2484=ORIENTED_EDGE('',*,*,#1852,.T.);
#2485=ORIENTED_EDGE('',*,*,#1853,.F.);
#2486=ORIENTED_EDGE('',*,*,#1815,.T.);
#2487=ORIENTED_EDGE('',*,*,#1837,.F.);
#2488=ORIENTED_EDGE('',*,*,#1833,.T.);
#2489=ORIENTED_EDGE('',*,*,#1854,.F.);
#2490=ORIENTED_EDGE('',*,*,#1855,.F.);
#2491=ORIENTED_EDGE('',*,*,#1856,.F.);
#2492=ORIENTED_EDGE('',*,*,#1841,.F.);
#2493=ORIENTED_EDGE('',*,*,#1857,.T.);
#2494=ORIENTED_EDGE('',*,*,#1858,.T.);
#2495=ORIENTED_EDGE('',*,*,#1859,.T.);
#2496=ORIENTED_EDGE('',*,*,#1793,.T.);
#2497=ORIENTED_EDGE('',*,*,#1860,.T.);
#2498=ORIENTED_EDGE('',*,*,#1859,.F.);
#2499=ORIENTED_EDGE('',*,*,#1861,.F.);
#2500=ORIENTED_EDGE('',*,*,#1862,.T.);
#2501=ORIENTED_EDGE('',*,*,#1863,.T.);
#2502=ORIENTED_EDGE('',*,*,#1864,.F.);
#2503=ORIENTED_EDGE('',*,*,#1794,.F.);
#2504=ORIENTED_EDGE('',*,*,#1858,.F.);
#2505=ORIENTED_EDGE('',*,*,#1865,.T.);
#2506=ORIENTED_EDGE('',*,*,#1866,.F.);
#2507=ORIENTED_EDGE('',*,*,#1867,.T.);
#2508=ORIENTED_EDGE('',*,*,#1868,.T.);
#2509=ORIENTED_EDGE('',*,*,#1869,.T.);
#2510=ORIENTED_EDGE('',*,*,#1870,.T.);
#2511=ORIENTED_EDGE('',*,*,#1871,.T.);
#2512=ORIENTED_EDGE('',*,*,#1872,.T.);
#2513=ORIENTED_EDGE('',*,*,#1873,.T.);
#2514=ORIENTED_EDGE('',*,*,#1874,.T.);
#2515=ORIENTED_EDGE('',*,*,#1875,.T.);
#2516=ORIENTED_EDGE('',*,*,#1876,.F.);
#2517=ORIENTED_EDGE('',*,*,#1877,.T.);
#2518=ORIENTED_EDGE('',*,*,#1878,.F.);
#2519=ORIENTED_EDGE('',*,*,#1879,.T.);
#2520=ORIENTED_EDGE('',*,*,#1880,.T.);
#2521=ORIENTED_EDGE('',*,*,#1881,.T.);
#2522=ORIENTED_EDGE('',*,*,#1882,.T.);
#2523=ORIENTED_EDGE('',*,*,#1883,.T.);
#2524=ORIENTED_EDGE('',*,*,#1884,.F.);
#2525=ORIENTED_EDGE('',*,*,#1885,.T.);
#2526=ORIENTED_EDGE('',*,*,#1886,.F.);
#2527=ORIENTED_EDGE('',*,*,#1887,.T.);
#2528=ORIENTED_EDGE('',*,*,#1888,.T.);
#2529=ORIENTED_EDGE('',*,*,#1889,.T.);
#2530=ORIENTED_EDGE('',*,*,#1890,.T.);
#2531=ORIENTED_EDGE('',*,*,#1891,.T.);
#2532=ORIENTED_EDGE('',*,*,#1892,.T.);
#2533=ORIENTED_EDGE('',*,*,#1893,.F.);
#2534=ORIENTED_EDGE('',*,*,#1894,.T.);
#2535=ORIENTED_EDGE('',*,*,#1895,.T.);
#2536=ORIENTED_EDGE('',*,*,#1896,.T.);
#2537=ORIENTED_EDGE('',*,*,#1897,.T.);
#2538=ORIENTED_EDGE('',*,*,#1898,.T.);
#2539=ORIENTED_EDGE('',*,*,#1899,.F.);
#2540=ORIENTED_EDGE('',*,*,#1900,.T.);
#2541=ORIENTED_EDGE('',*,*,#1901,.T.);
#2542=ORIENTED_EDGE('',*,*,#1902,.F.);
#2543=ORIENTED_EDGE('',*,*,#1903,.T.);
#2544=ORIENTED_EDGE('',*,*,#1904,.T.);
#2545=ORIENTED_EDGE('',*,*,#1905,.F.);
#2546=ORIENTED_EDGE('',*,*,#1906,.T.);
#2547=ORIENTED_EDGE('',*,*,#1907,.T.);
#2548=ORIENTED_EDGE('',*,*,#1908,.T.);
#2549=ORIENTED_EDGE('',*,*,#1909,.F.);
#2550=ORIENTED_EDGE('',*,*,#1910,.T.);
#2551=ORIENTED_EDGE('',*,*,#1911,.T.);
#2552=ORIENTED_EDGE('',*,*,#1912,.T.);
#2553=ORIENTED_EDGE('',*,*,#1913,.F.);
#2554=ORIENTED_EDGE('',*,*,#1914,.T.);
#2555=ORIENTED_EDGE('',*,*,#1915,.T.);
#2556=ORIENTED_EDGE('',*,*,#1916,.T.);
#2557=ORIENTED_EDGE('',*,*,#1917,.T.);
#2558=ORIENTED_EDGE('',*,*,#1861,.T.);
#2559=ORIENTED_EDGE('',*,*,#1918,.F.);
#2560=ORIENTED_EDGE('',*,*,#1919,.F.);
#2561=ORIENTED_EDGE('',*,*,#1920,.T.);
#2562=ORIENTED_EDGE('',*,*,#1921,.T.);
#2563=ORIENTED_EDGE('',*,*,#1922,.T.);
#2564=ORIENTED_EDGE('',*,*,#1923,.F.);
#2565=ORIENTED_EDGE('',*,*,#1924,.T.);
#2566=ORIENTED_EDGE('',*,*,#1925,.F.);
#2567=ORIENTED_EDGE('',*,*,#1926,.F.);
#2568=ORIENTED_EDGE('',*,*,#1927,.F.);
#2569=ORIENTED_EDGE('',*,*,#1928,.F.);
#2570=ORIENTED_EDGE('',*,*,#1929,.T.);
#2571=ORIENTED_EDGE('',*,*,#1930,.T.);
#2572=ORIENTED_EDGE('',*,*,#1796,.T.);
#2573=ORIENTED_EDGE('',*,*,#1931,.T.);
#2574=ORIENTED_EDGE('',*,*,#1931,.F.);
#2575=ORIENTED_EDGE('',*,*,#1795,.F.);
#2576=ORIENTED_EDGE('',*,*,#1864,.T.);
#2577=ORIENTED_EDGE('',*,*,#1932,.F.);
#2578=ORIENTED_EDGE('',*,*,#1798,.T.);
#2579=ORIENTED_EDGE('',*,*,#1933,.T.);
#2580=ORIENTED_EDGE('',*,*,#1934,.T.);
#2581=ORIENTED_EDGE('',*,*,#1935,.T.);
#2582=ORIENTED_EDGE('',*,*,#1935,.F.);
#2583=ORIENTED_EDGE('',*,*,#1936,.T.);
#2584=ORIENTED_EDGE('',*,*,#1937,.T.);
#2585=ORIENTED_EDGE('',*,*,#1916,.F.);
#2586=ORIENTED_EDGE('',*,*,#1938,.F.);
#2587=ORIENTED_EDGE('',*,*,#1799,.F.);
#2588=ORIENTED_EDGE('',*,*,#1929,.F.);
#2589=ORIENTED_EDGE('',*,*,#1932,.T.);
#2590=ORIENTED_EDGE('',*,*,#1863,.F.);
#2591=ORIENTED_EDGE('',*,*,#1939,.T.);
#2592=ORIENTED_EDGE('',*,*,#1936,.F.);
#2593=ORIENTED_EDGE('',*,*,#1934,.F.);
#2594=ORIENTED_EDGE('',*,*,#1940,.T.);
#2595=ORIENTED_EDGE('',*,*,#1941,.T.);
#2596=ORIENTED_EDGE('',*,*,#1942,.T.);
#2597=ORIENTED_EDGE('',*,*,#1943,.T.);
#2598=ORIENTED_EDGE('',*,*,#1942,.F.);
#2599=ORIENTED_EDGE('',*,*,#1943,.F.);
#2600=ORIENTED_EDGE('',*,*,#1944,.F.);
#2601=ORIENTED_EDGE('',*,*,#1945,.T.);
#2602=ORIENTED_EDGE('',*,*,#1941,.F.);
#2603=ORIENTED_EDGE('',*,*,#1945,.F.);
#2604=ORIENTED_EDGE('',*,*,#1946,.T.);
#2605=ORIENTED_EDGE('',*,*,#1947,.T.);
#2606=ORIENTED_EDGE('',*,*,#1948,.T.);
#2607=ORIENTED_EDGE('',*,*,#1947,.F.);
#2608=ORIENTED_EDGE('',*,*,#1948,.F.);
#2609=ORIENTED_EDGE('',*,*,#1949,.F.);
#2610=ORIENTED_EDGE('',*,*,#1950,.T.);
#2611=ORIENTED_EDGE('',*,*,#1946,.F.);
#2612=ORIENTED_EDGE('',*,*,#1950,.F.);
#2613=ORIENTED_EDGE('',*,*,#1951,.T.);
#2614=ORIENTED_EDGE('',*,*,#1952,.T.);
#2615=ORIENTED_EDGE('',*,*,#1953,.T.);
#2616=ORIENTED_EDGE('',*,*,#1952,.F.);
#2617=ORIENTED_EDGE('',*,*,#1953,.F.);
#2618=ORIENTED_EDGE('',*,*,#1954,.F.);
#2619=ORIENTED_EDGE('',*,*,#1955,.T.);
#2620=ORIENTED_EDGE('',*,*,#1951,.F.);
#2621=ORIENTED_EDGE('',*,*,#1955,.F.);
#2622=ORIENTED_EDGE('',*,*,#1956,.T.);
#2623=ORIENTED_EDGE('',*,*,#1957,.T.);
#2624=ORIENTED_EDGE('',*,*,#1958,.T.);
#2625=ORIENTED_EDGE('',*,*,#1957,.F.);
#2626=ORIENTED_EDGE('',*,*,#1958,.F.);
#2627=ORIENTED_EDGE('',*,*,#1959,.F.);
#2628=ORIENTED_EDGE('',*,*,#1960,.T.);
#2629=ORIENTED_EDGE('',*,*,#1956,.F.);
#2630=ORIENTED_EDGE('',*,*,#1960,.F.);
#2631=ORIENTED_EDGE('',*,*,#1961,.T.);
#2632=ORIENTED_EDGE('',*,*,#1962,.T.);
#2633=ORIENTED_EDGE('',*,*,#1963,.T.);
#2634=ORIENTED_EDGE('',*,*,#1962,.F.);
#2635=ORIENTED_EDGE('',*,*,#1961,.F.);
#2636=ORIENTED_EDGE('',*,*,#1964,.F.);
#2637=ORIENTED_EDGE('',*,*,#1965,.T.);
#2638=ORIENTED_EDGE('',*,*,#1963,.F.);
#2639=ORIENTED_EDGE('',*,*,#1965,.F.);
#2640=ORIENTED_EDGE('',*,*,#1966,.T.);
#2641=ORIENTED_EDGE('',*,*,#1967,.T.);
#2642=ORIENTED_EDGE('',*,*,#1968,.T.);
#2643=ORIENTED_EDGE('',*,*,#1967,.F.);
#2644=ORIENTED_EDGE('',*,*,#1966,.F.);
#2645=ORIENTED_EDGE('',*,*,#1969,.F.);
#2646=ORIENTED_EDGE('',*,*,#1970,.T.);
#2647=ORIENTED_EDGE('',*,*,#1968,.F.);
#2648=ORIENTED_EDGE('',*,*,#1970,.F.);
#2649=ORIENTED_EDGE('',*,*,#1971,.T.);
#2650=ORIENTED_EDGE('',*,*,#1972,.T.);
#2651=ORIENTED_EDGE('',*,*,#1973,.T.);
#2652=ORIENTED_EDGE('',*,*,#1972,.F.);
#2653=ORIENTED_EDGE('',*,*,#1971,.F.);
#2654=ORIENTED_EDGE('',*,*,#1974,.F.);
#2655=ORIENTED_EDGE('',*,*,#1975,.T.);
#2656=ORIENTED_EDGE('',*,*,#1973,.F.);
#2657=ORIENTED_EDGE('',*,*,#1975,.F.);
#2658=ORIENTED_EDGE('',*,*,#1976,.T.);
#2659=ORIENTED_EDGE('',*,*,#1977,.T.);
#2660=ORIENTED_EDGE('',*,*,#1978,.T.);
#2661=ORIENTED_EDGE('',*,*,#1977,.F.);
#2662=ORIENTED_EDGE('',*,*,#1976,.F.);
#2663=ORIENTED_EDGE('',*,*,#1979,.F.);
#2664=ORIENTED_EDGE('',*,*,#1980,.T.);
#2665=ORIENTED_EDGE('',*,*,#1978,.F.);
#2666=ORIENTED_EDGE('',*,*,#1980,.F.);
#2667=ORIENTED_EDGE('',*,*,#1981,.F.);
#2668=ORIENTED_EDGE('',*,*,#1982,.T.);
#2669=ORIENTED_EDGE('',*,*,#1983,.F.);
#2670=ORIENTED_EDGE('',*,*,#1984,.F.);
#2671=ORIENTED_EDGE('',*,*,#1784,.T.);
#2672=ORIENTED_EDGE('',*,*,#1704,.T.);
#2673=ORIENTED_EDGE('',*,*,#1710,.T.);
#2674=ORIENTED_EDGE('',*,*,#1700,.T.);
#2675=ORIENTED_EDGE('',*,*,#1783,.T.);
#2676=ORIENTED_EDGE('',*,*,#1985,.F.);
#2677=ORIENTED_EDGE('',*,*,#1986,.F.);
#2678=ORIENTED_EDGE('',*,*,#1987,.F.);
#2679=ORIENTED_EDGE('',*,*,#1746,.T.);
#2680=ORIENTED_EDGE('',*,*,#1988,.F.);
#2681=ORIENTED_EDGE('',*,*,#1989,.F.);
#2682=ORIENTED_EDGE('',*,*,#1990,.F.);
#2683=ORIENTED_EDGE('',*,*,#1991,.T.);
#2684=ORIENTED_EDGE('',*,*,#1733,.T.);
#2685=ORIENTED_EDGE('',*,*,#1737,.T.);
#2686=ORIENTED_EDGE('',*,*,#1742,.T.);
#2687=ORIENTED_EDGE('',*,*,#1992,.T.);
#2688=ORIENTED_EDGE('',*,*,#1993,.F.);
#2689=ORIENTED_EDGE('',*,*,#1994,.F.);
#2690=ORIENTED_EDGE('',*,*,#1982,.F.);
#2691=ORIENTED_EDGE('',*,*,#1995,.F.);
#2692=ORIENTED_EDGE('',*,*,#1996,.T.);
#2693=ORIENTED_EDGE('',*,*,#1997,.T.);
#2694=ORIENTED_EDGE('',*,*,#1998,.F.);
#2695=ORIENTED_EDGE('',*,*,#1999,.F.);
#2696=ORIENTED_EDGE('',*,*,#2000,.F.);
#2697=ORIENTED_EDGE('',*,*,#1744,.T.);
#2698=ORIENTED_EDGE('',*,*,#1660,.T.);
#2699=ORIENTED_EDGE('',*,*,#1666,.T.);
#2700=ORIENTED_EDGE('',*,*,#1656,.T.);
#2701=ORIENTED_EDGE('',*,*,#1754,.T.);
#2702=ORIENTED_EDGE('',*,*,#2001,.F.);
#2703=ORIENTED_EDGE('',*,*,#2002,.F.);
#2704=ORIENTED_EDGE('',*,*,#2003,.F.);
#2705=ORIENTED_EDGE('',*,*,#2004,.T.);
#2706=ORIENTED_EDGE('',*,*,#1722,.T.);
#2707=ORIENTED_EDGE('',*,*,#1726,.T.);
#2708=ORIENTED_EDGE('',*,*,#1731,.T.);
#2709=ORIENTED_EDGE('',*,*,#2005,.T.);
#2710=ORIENTED_EDGE('',*,*,#1996,.F.);
#2711=ORIENTED_EDGE('',*,*,#2006,.T.);
#2712=ORIENTED_EDGE('',*,*,#2007,.T.);
#2713=ORIENTED_EDGE('',*,*,#2008,.T.);
#2714=ORIENTED_EDGE('',*,*,#2009,.T.);
#2715=ORIENTED_EDGE('',*,*,#2010,.T.);
#2716=ORIENTED_EDGE('',*,*,#2011,.T.);
#2717=ORIENTED_EDGE('',*,*,#2012,.T.);
#2718=ORIENTED_EDGE('',*,*,#2013,.T.);
#2719=ORIENTED_EDGE('',*,*,#2014,.F.);
#2720=ORIENTED_EDGE('',*,*,#2015,.T.);
#2721=ORIENTED_EDGE('',*,*,#1852,.F.);
#2722=ORIENTED_EDGE('',*,*,#1979,.T.);
#2723=ORIENTED_EDGE('',*,*,#2016,.T.);
#2724=ORIENTED_EDGE('',*,*,#1854,.T.);
#2725=ORIENTED_EDGE('',*,*,#2016,.F.);
#2726=ORIENTED_EDGE('',*,*,#1842,.F.);
#2727=ORIENTED_EDGE('',*,*,#1856,.T.);
#2728=ORIENTED_EDGE('',*,*,#2017,.F.);
#2729=ORIENTED_EDGE('',*,*,#2018,.T.);
#2730=ORIENTED_EDGE('',*,*,#2019,.F.);
#2731=ORIENTED_EDGE('',*,*,#2020,.T.);
#2732=ORIENTED_EDGE('',*,*,#1843,.T.);
#2733=ORIENTED_EDGE('',*,*,#2018,.F.);
#2734=ORIENTED_EDGE('',*,*,#2021,.F.);
#2735=ORIENTED_EDGE('',*,*,#2022,.T.);
#2736=ORIENTED_EDGE('',*,*,#1844,.T.);
#2737=ORIENTED_EDGE('',*,*,#2020,.F.);
#2738=ORIENTED_EDGE('',*,*,#2023,.F.);
#2739=ORIENTED_EDGE('',*,*,#2024,.F.);
#2740=ORIENTED_EDGE('',*,*,#1845,.T.);
#2741=ORIENTED_EDGE('',*,*,#2022,.F.);
#2742=ORIENTED_EDGE('',*,*,#2024,.T.);
#2743=ORIENTED_EDGE('',*,*,#2025,.F.);
#2744=ORIENTED_EDGE('',*,*,#2026,.F.);
#2745=ORIENTED_EDGE('',*,*,#1846,.F.);
#2746=ORIENTED_EDGE('',*,*,#1969,.T.);
#2747=ORIENTED_EDGE('',*,*,#2027,.T.);
#2748=ORIENTED_EDGE('',*,*,#1918,.T.);
#2749=ORIENTED_EDGE('',*,*,#2027,.F.);
#2750=ORIENTED_EDGE('',*,*,#2028,.T.);
#2751=ORIENTED_EDGE('',*,*,#2029,.F.);
#2752=ORIENTED_EDGE('',*,*,#2030,.F.);
#2753=ORIENTED_EDGE('',*,*,#1913,.T.);
#2754=ORIENTED_EDGE('',*,*,#2028,.F.);
#2755=ORIENTED_EDGE('',*,*,#1912,.F.);
#2756=ORIENTED_EDGE('',*,*,#2031,.T.);
#2757=ORIENTED_EDGE('',*,*,#2032,.F.);
#2758=ORIENTED_EDGE('',*,*,#2033,.T.);
#2759=ORIENTED_EDGE('',*,*,#2034,.F.);
#2760=ORIENTED_EDGE('',*,*,#2035,.F.);
#2761=ORIENTED_EDGE('',*,*,#2036,.F.);
#2762=ORIENTED_EDGE('',*,*,#2037,.F.);
#2763=ORIENTED_EDGE('',*,*,#1903,.F.);
#2764=ORIENTED_EDGE('',*,*,#2038,.T.);
#2765=ORIENTED_EDGE('',*,*,#1898,.F.);
#2766=ORIENTED_EDGE('',*,*,#2039,.T.);
#2767=ORIENTED_EDGE('',*,*,#2040,.F.);
#2768=ORIENTED_EDGE('',*,*,#2041,.F.);
#2769=ORIENTED_EDGE('',*,*,#2039,.F.);
#2770=ORIENTED_EDGE('',*,*,#1897,.F.);
#2771=ORIENTED_EDGE('',*,*,#2042,.T.);
#2772=ORIENTED_EDGE('',*,*,#2043,.F.);
#2773=ORIENTED_EDGE('',*,*,#2042,.F.);
#2774=ORIENTED_EDGE('',*,*,#1896,.F.);
#2775=ORIENTED_EDGE('',*,*,#2044,.T.);
#2776=ORIENTED_EDGE('',*,*,#2045,.F.);
#2777=ORIENTED_EDGE('',*,*,#2044,.F.);
#2778=ORIENTED_EDGE('',*,*,#1895,.F.);
#2779=ORIENTED_EDGE('',*,*,#2046,.T.);
#2780=ORIENTED_EDGE('',*,*,#2047,.T.);
#2781=ORIENTED_EDGE('',*,*,#2048,.F.);
#2782=ORIENTED_EDGE('',*,*,#2046,.F.);
#2783=ORIENTED_EDGE('',*,*,#1894,.F.);
#2784=ORIENTED_EDGE('',*,*,#2049,.T.);
#2785=ORIENTED_EDGE('',*,*,#2050,.F.);
#2786=ORIENTED_EDGE('',*,*,#2047,.F.);
#2787=ORIENTED_EDGE('',*,*,#1893,.T.);
#2788=ORIENTED_EDGE('',*,*,#2049,.F.);
#2789=ORIENTED_EDGE('',*,*,#1892,.F.);
#2790=ORIENTED_EDGE('',*,*,#2051,.T.);
#2791=ORIENTED_EDGE('',*,*,#2052,.F.);
#2792=ORIENTED_EDGE('',*,*,#1891,.F.);
#2793=ORIENTED_EDGE('',*,*,#2053,.T.);
#2794=ORIENTED_EDGE('',*,*,#2054,.F.);
#2795=ORIENTED_EDGE('',*,*,#2051,.F.);
#2796=ORIENTED_EDGE('',*,*,#2053,.F.);
#2797=ORIENTED_EDGE('',*,*,#1890,.F.);
#2798=ORIENTED_EDGE('',*,*,#2055,.T.);
#2799=ORIENTED_EDGE('',*,*,#2056,.F.);
#2800=ORIENTED_EDGE('',*,*,#2057,.F.);
#2801=ORIENTED_EDGE('',*,*,#2055,.F.);
#2802=ORIENTED_EDGE('',*,*,#1889,.F.);
#2803=ORIENTED_EDGE('',*,*,#2058,.T.);
#2804=ORIENTED_EDGE('',*,*,#2059,.F.);
#2805=ORIENTED_EDGE('',*,*,#2058,.F.);
#2806=ORIENTED_EDGE('',*,*,#1888,.F.);
#2807=ORIENTED_EDGE('',*,*,#2060,.T.);
#2808=ORIENTED_EDGE('',*,*,#2061,.T.);
#2809=ORIENTED_EDGE('',*,*,#2062,.F.);
#2810=ORIENTED_EDGE('',*,*,#2060,.F.);
#2811=ORIENTED_EDGE('',*,*,#1887,.F.);
#2812=ORIENTED_EDGE('',*,*,#2063,.T.);
#2813=ORIENTED_EDGE('',*,*,#1883,.F.);
#2814=ORIENTED_EDGE('',*,*,#2064,.T.);
#2815=ORIENTED_EDGE('',*,*,#2065,.F.);
#2816=ORIENTED_EDGE('',*,*,#2066,.T.);
#2817=ORIENTED_EDGE('',*,*,#2067,.F.);
#2818=ORIENTED_EDGE('',*,*,#2068,.F.);
#2819=ORIENTED_EDGE('',*,*,#1879,.F.);
#2820=ORIENTED_EDGE('',*,*,#2069,.T.);
#2821=ORIENTED_EDGE('',*,*,#1875,.F.);
#2822=ORIENTED_EDGE('',*,*,#2070,.T.);
#2823=ORIENTED_EDGE('',*,*,#2071,.F.);
#2824=ORIENTED_EDGE('',*,*,#2072,.F.);
#2825=ORIENTED_EDGE('',*,*,#2070,.F.);
#2826=ORIENTED_EDGE('',*,*,#1874,.F.);
#2827=ORIENTED_EDGE('',*,*,#2073,.T.);
#2828=ORIENTED_EDGE('',*,*,#2074,.F.);
#2829=ORIENTED_EDGE('',*,*,#2073,.F.);
#2830=ORIENTED_EDGE('',*,*,#1873,.F.);
#2831=ORIENTED_EDGE('',*,*,#2075,.F.);
#2832=ORIENTED_EDGE('',*,*,#2076,.T.);
#2833=ORIENTED_EDGE('',*,*,#2077,.F.);
#2834=ORIENTED_EDGE('',*,*,#2075,.T.);
#2835=ORIENTED_EDGE('',*,*,#1872,.F.);
#2836=ORIENTED_EDGE('',*,*,#1871,.F.);
#2837=ORIENTED_EDGE('',*,*,#2078,.T.);
#2838=ORIENTED_EDGE('',*,*,#2079,.F.);
#2839=ORIENTED_EDGE('',*,*,#2076,.F.);
#2840=ORIENTED_EDGE('',*,*,#2080,.F.);
#2841=ORIENTED_EDGE('',*,*,#2078,.F.);
#2842=ORIENTED_EDGE('',*,*,#1870,.F.);
#2843=ORIENTED_EDGE('',*,*,#2081,.T.);
#2844=ORIENTED_EDGE('',*,*,#2082,.T.);
#2845=ORIENTED_EDGE('',*,*,#2083,.F.);
#2846=ORIENTED_EDGE('',*,*,#2081,.F.);
#2847=ORIENTED_EDGE('',*,*,#1869,.F.);
#2848=ORIENTED_EDGE('',*,*,#1868,.F.);
#2849=ORIENTED_EDGE('',*,*,#2084,.F.);
#2850=ORIENTED_EDGE('',*,*,#2085,.F.);
#2851=ORIENTED_EDGE('',*,*,#2082,.F.);
#2852=ORIENTED_EDGE('',*,*,#2086,.T.);
#2853=ORIENTED_EDGE('',*,*,#2087,.F.);
#2854=ORIENTED_EDGE('',*,*,#2084,.T.);
#2855=ORIENTED_EDGE('',*,*,#1867,.F.);
#2856=ORIENTED_EDGE('',*,*,#2088,.T.);
#2857=ORIENTED_EDGE('',*,*,#1926,.T.);
#2858=ORIENTED_EDGE('',*,*,#2089,.F.);
#2859=ORIENTED_EDGE('',*,*,#2007,.F.);
#2860=ORIENTED_EDGE('',*,*,#2008,.F.);
#2861=ORIENTED_EDGE('',*,*,#2089,.T.);
#2862=ORIENTED_EDGE('',*,*,#1925,.T.);
#2863=ORIENTED_EDGE('',*,*,#2090,.F.);
#2864=ORIENTED_EDGE('',*,*,#2091,.F.);
#2865=ORIENTED_EDGE('',*,*,#2009,.F.);
#2866=ORIENTED_EDGE('',*,*,#2090,.T.);
#2867=ORIENTED_EDGE('',*,*,#1924,.F.);
#2868=ORIENTED_EDGE('',*,*,#2091,.T.);
#2869=ORIENTED_EDGE('',*,*,#1923,.T.);
#2870=ORIENTED_EDGE('',*,*,#2092,.F.);
#2871=ORIENTED_EDGE('',*,*,#2010,.F.);
#2872=ORIENTED_EDGE('',*,*,#2092,.T.);
#2873=ORIENTED_EDGE('',*,*,#1922,.F.);
#2874=ORIENTED_EDGE('',*,*,#2093,.T.);
#2875=ORIENTED_EDGE('',*,*,#2011,.F.);
#2876=ORIENTED_EDGE('',*,*,#1921,.F.);
#2877=ORIENTED_EDGE('',*,*,#2094,.T.);
#2878=ORIENTED_EDGE('',*,*,#2012,.F.);
#2879=ORIENTED_EDGE('',*,*,#2093,.F.);
#2880=ORIENTED_EDGE('',*,*,#2088,.F.);
#2881=ORIENTED_EDGE('',*,*,#2006,.F.);
#2882=ORIENTED_EDGE('',*,*,#2094,.F.);
#2883=ORIENTED_EDGE('',*,*,#1920,.F.);
#2884=ORIENTED_EDGE('',*,*,#1964,.T.);
#2885=ORIENTED_EDGE('',*,*,#2095,.T.);
#2886=ORIENTED_EDGE('',*,*,#1927,.T.);
#2887=ORIENTED_EDGE('',*,*,#2095,.F.);
#2888=ORIENTED_EDGE('',*,*,#1974,.T.);
#2889=ORIENTED_EDGE('',*,*,#2096,.T.);
#2890=ORIENTED_EDGE('',*,*,#1928,.T.);
#2891=ORIENTED_EDGE('',*,*,#2096,.F.);
#2892=ORIENTED_EDGE('',*,*,#2097,.T.);
#2893=ORIENTED_EDGE('',*,*,#1959,.T.);
#2894=ORIENTED_EDGE('',*,*,#2098,.T.);
#2895=ORIENTED_EDGE('',*,*,#1954,.T.);
#2896=ORIENTED_EDGE('',*,*,#2099,.T.);
#2897=ORIENTED_EDGE('',*,*,#1944,.T.);
#2898=ORIENTED_EDGE('',*,*,#1866,.T.);
#2899=ORIENTED_EDGE('',*,*,#2100,.T.);
#2900=ORIENTED_EDGE('',*,*,#2101,.F.);
#2901=ORIENTED_EDGE('',*,*,#2086,.F.);
#2902=ORIENTED_EDGE('',*,*,#1847,.F.);
#2903=ORIENTED_EDGE('',*,*,#2026,.T.);
#2904=ORIENTED_EDGE('',*,*,#2102,.F.);
#2905=ORIENTED_EDGE('',*,*,#2103,.F.);
#2906=ORIENTED_EDGE('',*,*,#2104,.F.);
#2907=ORIENTED_EDGE('',*,*,#2105,.F.);
#2908=ORIENTED_EDGE('',*,*,#2013,.F.);
#2909=ORIENTED_EDGE('',*,*,#1851,.F.);
#2910=ORIENTED_EDGE('',*,*,#1983,.T.);
#2911=ORIENTED_EDGE('',*,*,#1994,.T.);
#2912=ORIENTED_EDGE('',*,*,#2106,.T.);
#2913=ORIENTED_EDGE('',*,*,#1820,.T.);
#2914=ORIENTED_EDGE('',*,*,#2107,.T.);
#2915=ORIENTED_EDGE('',*,*,#2108,.T.);
#2916=ORIENTED_EDGE('',*,*,#2014,.T.);
#2917=ORIENTED_EDGE('',*,*,#2105,.T.);
#2918=ORIENTED_EDGE('',*,*,#2109,.T.);
#2919=ORIENTED_EDGE('',*,*,#2110,.T.);
#2920=ORIENTED_EDGE('',*,*,#1817,.T.);
#2921=ORIENTED_EDGE('',*,*,#2015,.F.);
#2922=ORIENTED_EDGE('',*,*,#2108,.F.);
#2923=ORIENTED_EDGE('',*,*,#1816,.T.);
#2924=ORIENTED_EDGE('',*,*,#1853,.T.);
#2925=ORIENTED_EDGE('',*,*,#2111,.F.);
#2926=ORIENTED_EDGE('',*,*,#1876,.T.);
#2927=ORIENTED_EDGE('',*,*,#2069,.F.);
#2928=ORIENTED_EDGE('',*,*,#2112,.F.);
#2929=ORIENTED_EDGE('',*,*,#2113,.T.);
#2930=ORIENTED_EDGE('',*,*,#2114,.F.);
#2931=ORIENTED_EDGE('',*,*,#2066,.F.);
#2932=ORIENTED_EDGE('',*,*,#1878,.T.);
#2933=ORIENTED_EDGE('',*,*,#1809,.F.);
#2934=ORIENTED_EDGE('',*,*,#1824,.T.);
#2935=ORIENTED_EDGE('',*,*,#2115,.F.);
#2936=ORIENTED_EDGE('',*,*,#2116,.T.);
#2937=ORIENTED_EDGE('',*,*,#1831,.T.);
#2938=ORIENTED_EDGE('',*,*,#1825,.F.);
#2939=ORIENTED_EDGE('',*,*,#1829,.T.);
#2940=ORIENTED_EDGE('',*,*,#2117,.F.);
#2941=ORIENTED_EDGE('',*,*,#1838,.F.);
#2942=ORIENTED_EDGE('',*,*,#1832,.T.);
#2943=ORIENTED_EDGE('',*,*,#2116,.F.);
#2944=ORIENTED_EDGE('',*,*,#2118,.F.);
#2945=ORIENTED_EDGE('',*,*,#1857,.F.);
#2946=ORIENTED_EDGE('',*,*,#1840,.F.);
#2947=ORIENTED_EDGE('',*,*,#2119,.F.);
#2948=ORIENTED_EDGE('',*,*,#2120,.T.);
#2949=ORIENTED_EDGE('',*,*,#2112,.T.);
#2950=ORIENTED_EDGE('',*,*,#2071,.T.);
#2951=ORIENTED_EDGE('',*,*,#2072,.T.);
#2952=ORIENTED_EDGE('',*,*,#2074,.T.);
#2953=ORIENTED_EDGE('',*,*,#2077,.T.);
#2954=ORIENTED_EDGE('',*,*,#2079,.T.);
#2955=ORIENTED_EDGE('',*,*,#2080,.T.);
#2956=ORIENTED_EDGE('',*,*,#2083,.T.);
#2957=ORIENTED_EDGE('',*,*,#2085,.T.);
#2958=ORIENTED_EDGE('',*,*,#2087,.T.);
#2959=ORIENTED_EDGE('',*,*,#2101,.T.);
#2960=ORIENTED_EDGE('',*,*,#2121,.T.);
#2961=ORIENTED_EDGE('',*,*,#2122,.T.);
#2962=ORIENTED_EDGE('',*,*,#2123,.T.);
#2963=ORIENTED_EDGE('',*,*,#2102,.T.);
#2964=ORIENTED_EDGE('',*,*,#2025,.T.);
#2965=ORIENTED_EDGE('',*,*,#2023,.T.);
#2966=ORIENTED_EDGE('',*,*,#2021,.T.);
#2967=ORIENTED_EDGE('',*,*,#2019,.T.);
#2968=ORIENTED_EDGE('',*,*,#2017,.T.);
#2969=ORIENTED_EDGE('',*,*,#1855,.T.);
#2970=ORIENTED_EDGE('',*,*,#2118,.T.);
#2971=ORIENTED_EDGE('',*,*,#2114,.T.);
#2972=ORIENTED_EDGE('',*,*,#2124,.T.);
#2973=ORIENTED_EDGE('',*,*,#2125,.T.);
#2974=ORIENTED_EDGE('',*,*,#2126,.T.);
#2975=ORIENTED_EDGE('',*,*,#2067,.T.);
#2976=ORIENTED_EDGE('',*,*,#2126,.F.);
#2977=ORIENTED_EDGE('',*,*,#2127,.F.);
#2978=ORIENTED_EDGE('',*,*,#1880,.F.);
#2979=ORIENTED_EDGE('',*,*,#2068,.T.);
#2980=ORIENTED_EDGE('',*,*,#2128,.F.);
#2981=ORIENTED_EDGE('',*,*,#2064,.F.);
#2982=ORIENTED_EDGE('',*,*,#1882,.F.);
#2983=ORIENTED_EDGE('',*,*,#2129,.F.);
#2984=ORIENTED_EDGE('',*,*,#2130,.T.);
#2985=ORIENTED_EDGE('',*,*,#2131,.F.);
#2986=ORIENTED_EDGE('',*,*,#2061,.F.);
#2987=ORIENTED_EDGE('',*,*,#1886,.T.);
#2988=ORIENTED_EDGE('',*,*,#2131,.T.);
#2989=ORIENTED_EDGE('',*,*,#2132,.T.);
#2990=ORIENTED_EDGE('',*,*,#2133,.T.);
#2991=ORIENTED_EDGE('',*,*,#2040,.T.);
#2992=ORIENTED_EDGE('',*,*,#2041,.T.);
#2993=ORIENTED_EDGE('',*,*,#2043,.T.);
#2994=ORIENTED_EDGE('',*,*,#2045,.T.);
#2995=ORIENTED_EDGE('',*,*,#2048,.T.);
#2996=ORIENTED_EDGE('',*,*,#2050,.T.);
#2997=ORIENTED_EDGE('',*,*,#2052,.T.);
#2998=ORIENTED_EDGE('',*,*,#2054,.T.);
#2999=ORIENTED_EDGE('',*,*,#2056,.T.);
#3000=ORIENTED_EDGE('',*,*,#2057,.T.);
#3001=ORIENTED_EDGE('',*,*,#2059,.T.);
#3002=ORIENTED_EDGE('',*,*,#2062,.T.);
#3003=ORIENTED_EDGE('',*,*,#1899,.T.);
#3004=ORIENTED_EDGE('',*,*,#2038,.F.);
#3005=ORIENTED_EDGE('',*,*,#2133,.F.);
#3006=ORIENTED_EDGE('',*,*,#2134,.T.);
#3007=ORIENTED_EDGE('',*,*,#2135,.T.);
#3008=ORIENTED_EDGE('',*,*,#2136,.T.);
#3009=ORIENTED_EDGE('',*,*,#2065,.T.);
#3010=ORIENTED_EDGE('',*,*,#2128,.T.);
#3011=ORIENTED_EDGE('',*,*,#2137,.T.);
#3012=ORIENTED_EDGE('',*,*,#2138,.T.);
#3013=ORIENTED_EDGE('',*,*,#1884,.T.);
#3014=ORIENTED_EDGE('',*,*,#2063,.F.);
#3015=ORIENTED_EDGE('',*,*,#2136,.F.);
#3016=ORIENTED_EDGE('',*,*,#1902,.T.);
#3017=ORIENTED_EDGE('',*,*,#2139,.T.);
#3018=ORIENTED_EDGE('',*,*,#2140,.F.);
#3019=ORIENTED_EDGE('',*,*,#2033,.F.);
#3020=ORIENTED_EDGE('',*,*,#2140,.T.);
#3021=ORIENTED_EDGE('',*,*,#2141,.T.);
#3022=ORIENTED_EDGE('',*,*,#2142,.T.);
#3023=ORIENTED_EDGE('',*,*,#2034,.T.);
#3024=ORIENTED_EDGE('',*,*,#2035,.T.);
#3025=ORIENTED_EDGE('',*,*,#2142,.F.);
#3026=ORIENTED_EDGE('',*,*,#2143,.F.);
#3027=ORIENTED_EDGE('',*,*,#2144,.F.);
#3028=ORIENTED_EDGE('',*,*,#1775,.T.);
#3029=ORIENTED_EDGE('',*,*,#2145,.T.);
#3030=ORIENTED_EDGE('',*,*,#2146,.T.);
#3031=ORIENTED_EDGE('',*,*,#2147,.T.);
#3032=ORIENTED_EDGE('',*,*,#2148,.T.);
#3033=ORIENTED_EDGE('',*,*,#2149,.T.);
#3034=ORIENTED_EDGE('',*,*,#2036,.T.);
#3035=ORIENTED_EDGE('',*,*,#2144,.T.);
#3036=ORIENTED_EDGE('',*,*,#2150,.T.);
#3037=ORIENTED_EDGE('',*,*,#2151,.T.);
#3038=ORIENTED_EDGE('',*,*,#1904,.F.);
#3039=ORIENTED_EDGE('',*,*,#2037,.T.);
#3040=ORIENTED_EDGE('',*,*,#2149,.F.);
#3041=ORIENTED_EDGE('',*,*,#2152,.T.);
#3042=ORIENTED_EDGE('',*,*,#2153,.F.);
#3043=ORIENTED_EDGE('',*,*,#2031,.F.);
#3044=ORIENTED_EDGE('',*,*,#1911,.F.);
#3045=ORIENTED_EDGE('',*,*,#2029,.T.);
#3046=ORIENTED_EDGE('',*,*,#2032,.T.);
#3047=ORIENTED_EDGE('',*,*,#2153,.T.);
#3048=ORIENTED_EDGE('',*,*,#2154,.T.);
#3049=ORIENTED_EDGE('',*,*,#2155,.T.);
#3050=ORIENTED_EDGE('',*,*,#2030,.T.);
#3051=ORIENTED_EDGE('',*,*,#2155,.F.);
#3052=ORIENTED_EDGE('',*,*,#2156,.T.);
#3053=ORIENTED_EDGE('',*,*,#1914,.F.);
#3054=ORIENTED_EDGE('',*,*,#1862,.F.);
#3055=ORIENTED_EDGE('',*,*,#1917,.F.);
#3056=ORIENTED_EDGE('',*,*,#1937,.F.);
#3057=ORIENTED_EDGE('',*,*,#1939,.F.);
#3058=ORIENTED_EDGE('',*,*,#1767,.T.);
#3059=ORIENTED_EDGE('',*,*,#2157,.T.);
#3060=ORIENTED_EDGE('',*,*,#2097,.F.);
#3061=ORIENTED_EDGE('',*,*,#2157,.F.);
#3062=ORIENTED_EDGE('',*,*,#1761,.T.);
#3063=ORIENTED_EDGE('',*,*,#2158,.T.);
#3064=ORIENTED_EDGE('',*,*,#1770,.T.);
#3065=ORIENTED_EDGE('',*,*,#2159,.F.);
#3066=ORIENTED_EDGE('',*,*,#1756,.T.);
#3067=ORIENTED_EDGE('',*,*,#2160,.T.);
#3068=ORIENTED_EDGE('',*,*,#2098,.F.);
#3069=ORIENTED_EDGE('',*,*,#2160,.F.);
#3070=ORIENTED_EDGE('',*,*,#1919,.T.);
#3071=ORIENTED_EDGE('',*,*,#2161,.T.);
#3072=ORIENTED_EDGE('',*,*,#2162,.T.);
#3073=ORIENTED_EDGE('',*,*,#2161,.F.);
#3074=ORIENTED_EDGE('',*,*,#1986,.T.);
#3075=ORIENTED_EDGE('',*,*,#2163,.T.);
#3076=ORIENTED_EDGE('',*,*,#1764,.T.);
#3077=ORIENTED_EDGE('',*,*,#2164,.F.);
#3078=ORIENTED_EDGE('',*,*,#1981,.T.);
#3079=ORIENTED_EDGE('',*,*,#2165,.T.);
#3080=ORIENTED_EDGE('',*,*,#2099,.F.);
#3081=ORIENTED_EDGE('',*,*,#2165,.F.);
#3082=ORIENTED_EDGE('',*,*,#1860,.F.);
#3083=ORIENTED_EDGE('',*,*,#1792,.F.);
#3084=ORIENTED_EDGE('',*,*,#2166,.T.);
#3085=ORIENTED_EDGE('',*,*,#2121,.F.);
#3086=ORIENTED_EDGE('',*,*,#2100,.F.);
#3087=ORIENTED_EDGE('',*,*,#1865,.F.);
#3088=ORIENTED_EDGE('',*,*,#1791,.T.);
#3089=ORIENTED_EDGE('',*,*,#2167,.T.);
#3090=ORIENTED_EDGE('',*,*,#2122,.F.);
#3091=ORIENTED_EDGE('',*,*,#2166,.F.);
#3092=ORIENTED_EDGE('',*,*,#2167,.F.);
#3093=ORIENTED_EDGE('',*,*,#1790,.T.);
#3094=ORIENTED_EDGE('',*,*,#2168,.F.);
#3095=ORIENTED_EDGE('',*,*,#1848,.F.);
#3096=ORIENTED_EDGE('',*,*,#2103,.T.);
#3097=ORIENTED_EDGE('',*,*,#2123,.F.);
#3098=ORIENTED_EDGE('',*,*,#1789,.T.);
#3099=ORIENTED_EDGE('',*,*,#2169,.T.);
#3100=ORIENTED_EDGE('',*,*,#1849,.T.);
#3101=ORIENTED_EDGE('',*,*,#2168,.T.);
#3102=ORIENTED_EDGE('',*,*,#2170,.T.);
#3103=ORIENTED_EDGE('',*,*,#2109,.F.);
#3104=ORIENTED_EDGE('',*,*,#2104,.T.);
#3105=ORIENTED_EDGE('',*,*,#1850,.F.);
#3106=ORIENTED_EDGE('',*,*,#2169,.F.);
#3107=ORIENTED_EDGE('',*,*,#1788,.F.);
#3108=ORIENTED_EDGE('',*,*,#1818,.T.);
#3109=ORIENTED_EDGE('',*,*,#2110,.F.);
#3110=ORIENTED_EDGE('',*,*,#2170,.F.);
#3111=ORIENTED_EDGE('',*,*,#1787,.F.);
#3112=ORIENTED_EDGE('',*,*,#1984,.T.);
#3113=ORIENTED_EDGE('',*,*,#2107,.F.);
#3114=ORIENTED_EDGE('',*,*,#1819,.F.);
#3115=ORIENTED_EDGE('',*,*,#1785,.F.);
#3116=ORIENTED_EDGE('',*,*,#1993,.T.);
#3117=ORIENTED_EDGE('',*,*,#2171,.F.);
#3118=ORIENTED_EDGE('',*,*,#1821,.T.);
#3119=ORIENTED_EDGE('',*,*,#2106,.F.);
#3120=ORIENTED_EDGE('',*,*,#2120,.F.);
#3121=ORIENTED_EDGE('',*,*,#2119,.T.);
#3122=ORIENTED_EDGE('',*,*,#1839,.F.);
#3123=ORIENTED_EDGE('',*,*,#2117,.T.);
#3124=ORIENTED_EDGE('',*,*,#2115,.T.);
#3125=ORIENTED_EDGE('',*,*,#1823,.F.);
#3126=ORIENTED_EDGE('',*,*,#2172,.T.);
#3127=ORIENTED_EDGE('',*,*,#2173,.T.);
#3128=ORIENTED_EDGE('',*,*,#2124,.F.);
#3129=ORIENTED_EDGE('',*,*,#2113,.F.);
#3130=ORIENTED_EDGE('',*,*,#1877,.F.);
#3131=ORIENTED_EDGE('',*,*,#2111,.T.);
#3132=ORIENTED_EDGE('',*,*,#2173,.F.);
#3133=ORIENTED_EDGE('',*,*,#2174,.F.);
#3134=ORIENTED_EDGE('',*,*,#2175,.T.);
#3135=ORIENTED_EDGE('',*,*,#2137,.F.);
#3136=ORIENTED_EDGE('',*,*,#2129,.T.);
#3137=ORIENTED_EDGE('',*,*,#1881,.F.);
#3138=ORIENTED_EDGE('',*,*,#2127,.T.);
#3139=ORIENTED_EDGE('',*,*,#2125,.F.);
#3140=ORIENTED_EDGE('',*,*,#2138,.F.);
#3141=ORIENTED_EDGE('',*,*,#2135,.F.);
#3142=ORIENTED_EDGE('',*,*,#2175,.F.);
#3143=ORIENTED_EDGE('',*,*,#2176,.F.);
#3144=ORIENTED_EDGE('',*,*,#2177,.T.);
#3145=ORIENTED_EDGE('',*,*,#1900,.F.);
#3146=ORIENTED_EDGE('',*,*,#2134,.F.);
#3147=ORIENTED_EDGE('',*,*,#2132,.F.);
#3148=ORIENTED_EDGE('',*,*,#2130,.F.);
#3149=ORIENTED_EDGE('',*,*,#1885,.F.);
#3150=ORIENTED_EDGE('',*,*,#1776,.T.);
#3151=ORIENTED_EDGE('',*,*,#2147,.F.);
#3152=ORIENTED_EDGE('',*,*,#2178,.F.);
#3153=ORIENTED_EDGE('',*,*,#2179,.F.);
#3154=ORIENTED_EDGE('',*,*,#1774,.T.);
#3155=ORIENTED_EDGE('',*,*,#1807,.F.);
#3156=ORIENTED_EDGE('',*,*,#2180,.T.);
#3157=ORIENTED_EDGE('',*,*,#2145,.F.);
#3158=ORIENTED_EDGE('',*,*,#1901,.F.);
#3159=ORIENTED_EDGE('',*,*,#2177,.F.);
#3160=ORIENTED_EDGE('',*,*,#2181,.F.);
#3161=ORIENTED_EDGE('',*,*,#2178,.T.);
#3162=ORIENTED_EDGE('',*,*,#2146,.F.);
#3163=ORIENTED_EDGE('',*,*,#2180,.F.);
#3164=ORIENTED_EDGE('',*,*,#1806,.F.);
#3165=ORIENTED_EDGE('',*,*,#2182,.F.);
#3166=ORIENTED_EDGE('',*,*,#2150,.F.);
#3167=ORIENTED_EDGE('',*,*,#2143,.T.);
#3168=ORIENTED_EDGE('',*,*,#2141,.F.);
#3169=ORIENTED_EDGE('',*,*,#2139,.F.);
#3170=ORIENTED_EDGE('',*,*,#1805,.T.);
#3171=ORIENTED_EDGE('',*,*,#2183,.T.);
#3172=ORIENTED_EDGE('',*,*,#1905,.T.);
#3173=ORIENTED_EDGE('',*,*,#2151,.F.);
#3174=ORIENTED_EDGE('',*,*,#2148,.F.);
#3175=ORIENTED_EDGE('',*,*,#2182,.T.);
#3176=ORIENTED_EDGE('',*,*,#2183,.F.);
#3177=ORIENTED_EDGE('',*,*,#1804,.F.);
#3178=ORIENTED_EDGE('',*,*,#2184,.T.);
#3179=ORIENTED_EDGE('',*,*,#1906,.F.);
#3180=ORIENTED_EDGE('',*,*,#1803,.F.);
#3181=ORIENTED_EDGE('',*,*,#2185,.F.);
#3182=ORIENTED_EDGE('',*,*,#1907,.F.);
#3183=ORIENTED_EDGE('',*,*,#2184,.F.);
#3184=ORIENTED_EDGE('',*,*,#2186,.F.);
#3185=ORIENTED_EDGE('',*,*,#1908,.F.);
#3186=ORIENTED_EDGE('',*,*,#2185,.T.);
#3187=ORIENTED_EDGE('',*,*,#1802,.F.);
#3188=ORIENTED_EDGE('',*,*,#1909,.T.);
#3189=ORIENTED_EDGE('',*,*,#2186,.T.);
#3190=ORIENTED_EDGE('',*,*,#1801,.T.);
#3191=ORIENTED_EDGE('',*,*,#2187,.T.);
#3192=ORIENTED_EDGE('',*,*,#1910,.F.);
#3193=ORIENTED_EDGE('',*,*,#2187,.F.);
#3194=ORIENTED_EDGE('',*,*,#1800,.T.);
#3195=ORIENTED_EDGE('',*,*,#1938,.T.);
#3196=ORIENTED_EDGE('',*,*,#1915,.F.);
#3197=ORIENTED_EDGE('',*,*,#2156,.F.);
#3198=ORIENTED_EDGE('',*,*,#2154,.F.);
#3199=ORIENTED_EDGE('',*,*,#2152,.F.);
#3200=ORIENTED_EDGE('',*,*,#1930,.F.);
#3201=ORIENTED_EDGE('',*,*,#1940,.F.);
#3202=ORIENTED_EDGE('',*,*,#1933,.F.);
#3203=ORIENTED_EDGE('',*,*,#1797,.F.);
#3204=ORIENTED_EDGE('',*,*,#1985,.T.);
#3205=ORIENTED_EDGE('',*,*,#1782,.F.);
#3206=ORIENTED_EDGE('',*,*,#1765,.T.);
#3207=ORIENTED_EDGE('',*,*,#2163,.F.);
#3208=ORIENTED_EDGE('',*,*,#1760,.T.);
#3209=ORIENTED_EDGE('',*,*,#1808,.F.);
#3210=ORIENTED_EDGE('',*,*,#1771,.T.);
#3211=ORIENTED_EDGE('',*,*,#2158,.F.);
#3212=ORIENTED_EDGE('',*,*,#1762,.T.);
#3213=ORIENTED_EDGE('',*,*,#2159,.T.);
#3214=ORIENTED_EDGE('',*,*,#1769,.T.);
#3215=ORIENTED_EDGE('',*,*,#1750,.F.);
#3216=ORIENTED_EDGE('',*,*,#1987,.T.);
#3217=ORIENTED_EDGE('',*,*,#2164,.T.);
#3218=ORIENTED_EDGE('',*,*,#1763,.T.);
#3219=ORIENTED_EDGE('',*,*,#1747,.F.);
#3220=ORIENTED_EDGE('',*,*,#2162,.F.);
#3221=ORIENTED_EDGE('',*,*,#2188,.T.);
#3222=ORIENTED_EDGE('',*,*,#1755,.F.);
#3223=ORIENTED_EDGE('',*,*,#2188,.F.);
#3224=ORIENTED_EDGE('',*,*,#2189,.T.);
#3225=ORIENTED_EDGE('',*,*,#1949,.T.);
#3226=ORIENTED_EDGE('',*,*,#1998,.T.);
#3227=ORIENTED_EDGE('',*,*,#2190,.F.);
#3228=ORIENTED_EDGE('',*,*,#1990,.T.);
#3229=ORIENTED_EDGE('',*,*,#2191,.F.);
#3230=ORIENTED_EDGE('',*,*,#1668,.T.);
#3231=ORIENTED_EDGE('',*,*,#1777,.F.);
#3232=ORIENTED_EDGE('',*,*,#2179,.T.);
#3233=ORIENTED_EDGE('',*,*,#2181,.T.);
#3234=ORIENTED_EDGE('',*,*,#2176,.T.);
#3235=ORIENTED_EDGE('',*,*,#2174,.T.);
#3236=ORIENTED_EDGE('',*,*,#2172,.F.);
#3237=ORIENTED_EDGE('',*,*,#1822,.T.);
#3238=ORIENTED_EDGE('',*,*,#2171,.T.);
#3239=ORIENTED_EDGE('',*,*,#1992,.F.);
#3240=ORIENTED_EDGE('',*,*,#1743,.T.);
#3241=ORIENTED_EDGE('',*,*,#1740,.T.);
#3242=ORIENTED_EDGE('',*,*,#1734,.T.);
#3243=ORIENTED_EDGE('',*,*,#1991,.F.);
#3244=ORIENTED_EDGE('',*,*,#2190,.T.);
#3245=ORIENTED_EDGE('',*,*,#1997,.F.);
#3246=ORIENTED_EDGE('',*,*,#2005,.F.);
#3247=ORIENTED_EDGE('',*,*,#1732,.T.);
#3248=ORIENTED_EDGE('',*,*,#1729,.T.);
#3249=ORIENTED_EDGE('',*,*,#1723,.T.);
#3250=ORIENTED_EDGE('',*,*,#2004,.F.);
#3251=ORIENTED_EDGE('',*,*,#2192,.T.);
#3252=ORIENTED_EDGE('',*,*,#1778,.F.);
#3253=ORIENTED_EDGE('',*,*,#1677,.T.);
#3254=ORIENTED_EDGE('',*,*,#1674,.T.);
#3255=ORIENTED_EDGE('',*,*,#1779,.T.);
#3256=ORIENTED_EDGE('',*,*,#2192,.F.);
#3257=ORIENTED_EDGE('',*,*,#2003,.T.);
#3258=ORIENTED_EDGE('',*,*,#2193,.F.);
#3259=ORIENTED_EDGE('',*,*,#1780,.T.);
#3260=ORIENTED_EDGE('',*,*,#2193,.T.);
#3261=ORIENTED_EDGE('',*,*,#2002,.T.);
#3262=ORIENTED_EDGE('',*,*,#2194,.F.);
#3263=ORIENTED_EDGE('',*,*,#1781,.T.);
#3264=ORIENTED_EDGE('',*,*,#2194,.T.);
#3265=ORIENTED_EDGE('',*,*,#2001,.T.);
#3266=ORIENTED_EDGE('',*,*,#1753,.F.);
#3267=ORIENTED_EDGE('',*,*,#2000,.T.);
#3268=ORIENTED_EDGE('',*,*,#2195,.T.);
#3269=ORIENTED_EDGE('',*,*,#1988,.T.);
#3270=ORIENTED_EDGE('',*,*,#1745,.F.);
#3271=ORIENTED_EDGE('',*,*,#1999,.T.);
#3272=ORIENTED_EDGE('',*,*,#2191,.T.);
#3273=ORIENTED_EDGE('',*,*,#1989,.T.);
#3274=ORIENTED_EDGE('',*,*,#2195,.F.);
#3275=ORIENTED_EDGE('',*,*,#1995,.T.);
#3276=ORIENTED_EDGE('',*,*,#2196,.T.);
#3277=ORIENTED_EDGE('',*,*,#2189,.F.);
#3278=ORIENTED_EDGE('',*,*,#2196,.F.);
#3279=PLANE('',#3622);
#3280=PLANE('',#3624);
#3281=PLANE('',#3626);
#3282=PLANE('',#3627);
#3283=PLANE('',#3629);
#3284=PLANE('',#3631);
#3285=PLANE('',#3633);
#3286=PLANE('',#3634);
#3287=PLANE('',#3636);
#3288=PLANE('',#3638);
#3289=PLANE('',#3640);
#3290=PLANE('',#3641);
#3291=PLANE('',#3643);
#3292=PLANE('',#3645);
#3293=PLANE('',#3647);
#3294=PLANE('',#3648);
#3295=PLANE('',#3650);
#3296=PLANE('',#3652);
#3297=PLANE('',#3654);
#3298=PLANE('',#3655);
#3299=PLANE('',#3657);
#3300=PLANE('',#3659);
#3301=PLANE('',#3661);
#3302=PLANE('',#3662);
#3303=PLANE('',#3664);
#3304=PLANE('',#3666);
#3305=PLANE('',#3668);
#3306=PLANE('',#3669);
#3307=PLANE('',#3671);
#3308=PLANE('',#3673);
#3309=PLANE('',#3675);
#3310=PLANE('',#3676);
#3311=PLANE('',#3678);
#3312=PLANE('',#3713);
#3313=PLANE('',#3739);
#3314=PLANE('',#3744);
#3315=PLANE('',#3745);
#3316=PLANE('',#3746);
#3317=PLANE('',#3754);
#3318=PLANE('',#3757);
#3319=PLANE('',#3758);
#3320=PLANE('',#3783);
#3321=PLANE('',#3786);
#3322=PLANE('',#3787);
#3323=PLANE('',#3794);
#3324=PLANE('',#3801);
#3325=PLANE('',#3808);
#3326=PLANE('',#3815);
#3327=PLANE('',#3822);
#3328=PLANE('',#3829);
#3329=PLANE('',#3836);
#3330=PLANE('',#3843);
#3331=PLANE('',#3871);
#3332=PLANE('',#3879);
#3333=PLANE('',#3880);
#3334=PLANE('',#3881);
#3335=PLANE('',#3885);
#3336=PLANE('',#3893);
#3337=PLANE('',#3894);
#3338=PLANE('',#3895);
#3339=PLANE('',#3898);
#3340=PLANE('',#3899);
#3341=PLANE('',#3900);
#3342=PLANE('',#3901);
#3343=PLANE('',#3902);
#3344=PLANE('',#3903);
#3345=PLANE('',#3912);
#3346=PLANE('',#3913);
#3347=PLANE('',#3914);
#3348=PLANE('',#3915);
#3349=PLANE('',#3916);
#3350=PLANE('',#3917);
#3351=PLANE('',#3918);
#3352=PLANE('',#3922);
#3353=PLANE('',#3923);
#3354=PLANE('',#3925);
#3355=PLANE('',#3928);
#3356=PLANE('',#3929);
#3357=PLANE('',#3932);
#3358=PLANE('',#3934);
#3359=PLANE('',#3936);
#3360=PLANE('',#3938);
#3361=PLANE('',#3940);
#3362=PLANE('',#3941);
#3363=PLANE('',#3943);
#3364=PLANE('',#3944);
#3365=PLANE('',#3947);
#3366=PLANE('',#3948);
#3367=PLANE('',#3950);
#3368=PLANE('',#3952);
#3369=PLANE('',#3954);
#3370=PLANE('',#3956);
#3371=PLANE('',#3958);
#3372=PLANE('',#3962);
#3373=PLANE('',#3965);
#3374=PLANE('',#3967);
#3375=PLANE('',#3969);
#3376=PLANE('',#3970);
#3377=PLANE('',#3971);
#3378=PLANE('',#3972);
#3379=PLANE('',#3974);
#3380=PLANE('',#3975);
#3381=PLANE('',#3977);
#3382=PLANE('',#3979);
#3383=PLANE('',#3981);
#3384=PLANE('',#3983);
#3385=PLANE('',#3984);
#3386=PLANE('',#3985);
#3387=PLANE('',#3990);
#3388=PLANE('',#3994);
#3389=PLANE('',#3998);
#3390=PLANE('',#4002);
#3391=PLANE('',#4003);
#3392=PLANE('',#4008);
#3393=PLANE('',#4009);
#3394=PLANE('',#4011);
#3395=PLANE('',#4017);
#3396=PLANE('',#4018);
#3397=PLANE('',#4019);
#3398=PLANE('',#4021);
#3399=PLANE('',#4023);
#3400=PLANE('',#4024);
#3401=PLANE('',#4025);
#3402=PLANE('',#4026);
#3403=PLANE('',#4028);
#3404=PLANE('',#4030);
#3405=PLANE('',#4031);
#3406=PLANE('',#4032);
#3407=PLANE('',#4033);
#3408=PLANE('',#4034);
#3409=PLANE('',#4035);
#3410=PLANE('',#4036);
#3411=ADVANCED_FACE('',(#302),#3279,.F.);
#3412=ADVANCED_FACE('',(#303),#3280,.F.);
#3413=ADVANCED_FACE('',(#304),#3281,.F.);
#3414=ADVANCED_FACE('',(#305),#3282,.T.);
#3415=ADVANCED_FACE('',(#306),#3283,.F.);
#3416=ADVANCED_FACE('',(#307),#3284,.T.);
#3417=ADVANCED_FACE('',(#308),#3285,.F.);
#3418=ADVANCED_FACE('',(#309),#3286,.F.);
#3419=ADVANCED_FACE('',(#310),#3287,.F.);
#3420=ADVANCED_FACE('',(#311),#3288,.T.);
#3421=ADVANCED_FACE('',(#312),#3289,.F.);
#3422=ADVANCED_FACE('',(#313),#3290,.F.);
#3423=ADVANCED_FACE('',(#314),#3291,.F.);
#3424=ADVANCED_FACE('',(#315),#3292,.F.);
#3425=ADVANCED_FACE('',(#316),#3293,.F.);
#3426=ADVANCED_FACE('',(#317),#3294,.T.);
#3427=ADVANCED_FACE('',(#318),#3295,.F.);
#3428=ADVANCED_FACE('',(#319),#3296,.F.);
#3429=ADVANCED_FACE('',(#320),#3297,.F.);
#3430=ADVANCED_FACE('',(#321),#3298,.T.);
#3431=ADVANCED_FACE('',(#322),#3299,.F.);
#3432=ADVANCED_FACE('',(#323),#3300,.F.);
#3433=ADVANCED_FACE('',(#324),#3301,.F.);
#3434=ADVANCED_FACE('',(#325),#3302,.T.);
#3435=ADVANCED_FACE('',(#326),#3303,.F.);
#3436=ADVANCED_FACE('',(#327),#3304,.T.);
#3437=ADVANCED_FACE('',(#328),#3305,.F.);
#3438=ADVANCED_FACE('',(#329),#3306,.F.);
#3439=ADVANCED_FACE('',(#330),#3307,.F.);
#3440=ADVANCED_FACE('',(#331),#3308,.T.);
#3441=ADVANCED_FACE('',(#332),#3309,.F.);
#3442=ADVANCED_FACE('',(#333),#3310,.F.);
#3443=ADVANCED_FACE('',(#334,#131),#3311,.T.);
#3444=ADVANCED_FACE('',(#335),#108,.F.);
#3445=ADVANCED_FACE('',(#336),#109,.F.);
#3446=ADVANCED_FACE('',(#337),#3312,.T.);
#3447=ADVANCED_FACE('',(#338),#82,.F.);
#3448=ADVANCED_FACE('',(#339),#110,.T.);
#3449=ADVANCED_FACE('',(#340),#83,.F.);
#3450=ADVANCED_FACE('',(#341),#3313,.F.);
#3451=ADVANCED_FACE('',(#342),#55,.F.);
#3452=ADVANCED_FACE('',(#343),#3314,.F.);
#3453=ADVANCED_FACE('',(#344),#3315,.F.);
#3454=ADVANCED_FACE('',(#345,#132),#3316,.F.);
#3455=ADVANCED_FACE('',(#346),#3317,.F.);
#3456=ADVANCED_FACE('',(#347),#84,.F.);
#3457=ADVANCED_FACE('',(#348),#3318,.F.);
#3458=ADVANCED_FACE('',(#349,#133,#134,#135,#136,#137),#3319,.F.);
#3459=ADVANCED_FACE('',(#350),#85,.F.);
#3460=ADVANCED_FACE('',(#351),#3320,.F.);
#3461=ADVANCED_FACE('',(#352),#86,.F.);
#3462=ADVANCED_FACE('',(#353),#3321,.F.);
#3463=ADVANCED_FACE('',(#354),#3322,.T.);
#3464=ADVANCED_FACE('',(#355),#15,.T.);
#3465=ADVANCED_FACE('',(#356),#3323,.F.);
#3466=ADVANCED_FACE('',(#357),#111,.T.);
#3467=ADVANCED_FACE('',(#358),#16,.T.);
#3468=ADVANCED_FACE('',(#359),#3324,.F.);
#3469=ADVANCED_FACE('',(#360),#112,.T.);
#3470=ADVANCED_FACE('',(#361),#17,.T.);
#3471=ADVANCED_FACE('',(#362),#3325,.F.);
#3472=ADVANCED_FACE('',(#363),#113,.T.);
#3473=ADVANCED_FACE('',(#364),#18,.T.);
#3474=ADVANCED_FACE('',(#365),#3326,.F.);
#3475=ADVANCED_FACE('',(#366),#114,.T.);
#3476=ADVANCED_FACE('',(#367),#19,.T.);
#3477=ADVANCED_FACE('',(#368),#3327,.T.);
#3478=ADVANCED_FACE('',(#369),#115,.T.);
#3479=ADVANCED_FACE('',(#370),#20,.T.);
#3480=ADVANCED_FACE('',(#371),#3328,.T.);
#3481=ADVANCED_FACE('',(#372),#116,.T.);
#3482=ADVANCED_FACE('',(#373),#21,.T.);
#3483=ADVANCED_FACE('',(#374),#3329,.T.);
#3484=ADVANCED_FACE('',(#375),#117,.T.);
#3485=ADVANCED_FACE('',(#376),#22,.T.);
#3486=ADVANCED_FACE('',(#377),#3330,.T.);
#3487=ADVANCED_FACE('',(#378),#118,.T.);
#3488=ADVANCED_FACE('',(#379),#119,.F.);
#3489=ADVANCED_FACE('',(#380),#120,.F.);
#3490=ADVANCED_FACE('',(#381),#3331,.T.);
#3491=ADVANCED_FACE('',(#382),#56,.F.);
#3492=ADVANCED_FACE('',(#383),#57,.T.);
#3493=ADVANCED_FACE('',(#384),#58,.F.);
#3494=ADVANCED_FACE('',(#385),#3332,.F.);
#3495=ADVANCED_FACE('',(#386),#3333,.F.);
#3496=ADVANCED_FACE('',(#387),#3334,.F.);
#3497=ADVANCED_FACE('',(#388),#59,.F.);
#3498=ADVANCED_FACE('',(#389),#60,.T.);
#3499=ADVANCED_FACE('',(#390),#3335,.F.);
#3500=ADVANCED_FACE('',(#391),#61,.F.);
#3501=ADVANCED_FACE('',(#392),#62,.F.);
#3502=ADVANCED_FACE('',(#393),#63,.F.);
#3503=ADVANCED_FACE('',(#394),#3336,.F.);
#3504=ADVANCED_FACE('',(#395),#3337,.F.);
#3505=ADVANCED_FACE('',(#396),#3338,.F.);
#3506=ADVANCED_FACE('',(#397),#64,.F.);
#3507=ADVANCED_FACE('',(#398),#3339,.F.);
#3508=ADVANCED_FACE('',(#399),#3340,.T.);
#3509=ADVANCED_FACE('',(#400),#3341,.F.);
#3510=ADVANCED_FACE('',(#401),#3342,.F.);
#3511=ADVANCED_FACE('',(#402),#3343,.F.);
#3512=ADVANCED_FACE('',(#403),#3344,.F.);
#3513=ADVANCED_FACE('',(#404),#65,.F.);
#3514=ADVANCED_FACE('',(#405),#66,.F.);
#3515=ADVANCED_FACE('',(#406),#67,.F.);
#3516=ADVANCED_FACE('',(#407),#68,.F.);
#3517=ADVANCED_FACE('',(#408),#3345,.F.);
#3518=ADVANCED_FACE('',(#409),#3346,.F.);
#3519=ADVANCED_FACE('',(#410),#3347,.F.);
#3520=ADVANCED_FACE('',(#411),#3348,.F.);
#3521=ADVANCED_FACE('',(#412),#3349,.F.);
#3522=ADVANCED_FACE('',(#413),#3350,.F.);
#3523=ADVANCED_FACE('',(#414),#3351,.F.);
#3524=ADVANCED_FACE('',(#415),#69,.F.);
#3525=ADVANCED_FACE('',(#416),#3352,.F.);
#3526=ADVANCED_FACE('',(#417),#3353,.F.);
#3527=ADVANCED_FACE('',(#418),#70,.F.);
#3528=ADVANCED_FACE('',(#419),#3354,.F.);
#3529=ADVANCED_FACE('',(#420),#71,.F.);
#3530=ADVANCED_FACE('',(#421),#3355,.F.);
#3531=ADVANCED_FACE('',(#422),#3356,.F.);
#3532=ADVANCED_FACE('',(#423),#72,.T.);
#3533=ADVANCED_FACE('',(#424),#73,.T.);
#3534=ADVANCED_FACE('',(#425,#138),#3357,.F.);
#3535=ADVANCED_FACE('',(#426,#139),#3358,.F.);
#3536=ADVANCED_FACE('',(#427,#140),#3359,.F.);
#3537=ADVANCED_FACE('',(#428),#3360,.F.);
#3538=ADVANCED_FACE('',(#429),#3361,.F.);
#3539=ADVANCED_FACE('',(#430),#3362,.F.);
#3540=ADVANCED_FACE('',(#431),#3363,.F.);
#3541=ADVANCED_FACE('',(#432),#3364,.T.);
#3542=ADVANCED_FACE('',(#433),#3365,.F.);
#3543=ADVANCED_FACE('',(#434),#3366,.F.);
#3544=ADVANCED_FACE('',(#435),#3367,.F.);
#3545=ADVANCED_FACE('',(#436),#3368,.T.);
#3546=ADVANCED_FACE('',(#437),#3369,.F.);
#3547=ADVANCED_FACE('',(#438),#3370,.F.);
#3548=ADVANCED_FACE('',(#439),#3371,.T.);
#3549=ADVANCED_FACE('',(#440),#3372,.T.);
#3550=ADVANCED_FACE('',(#441),#3373,.F.);
#3551=ADVANCED_FACE('',(#442),#3374,.F.);
#3552=ADVANCED_FACE('',(#443),#3375,.F.);
#3553=ADVANCED_FACE('',(#444),#3376,.T.);
#3554=ADVANCED_FACE('',(#445),#3377,.F.);
#3555=ADVANCED_FACE('',(#446),#3378,.T.);
#3556=ADVANCED_FACE('',(#447),#3379,.F.);
#3557=ADVANCED_FACE('',(#448),#3380,.F.);
#3558=ADVANCED_FACE('',(#449),#3381,.T.);
#3559=ADVANCED_FACE('',(#450),#87,.T.);
#3560=ADVANCED_FACE('',(#451),#3382,.F.);
#3561=ADVANCED_FACE('',(#452),#3383,.T.);
#3562=ADVANCED_FACE('',(#453),#3384,.F.);
#3563=ADVANCED_FACE('',(#454),#3385,.F.);
#3564=ADVANCED_FACE('',(#455),#3386,.T.);
#3565=ADVANCED_FACE('',(#456),#74,.F.);
#3566=ADVANCED_FACE('',(#457),#75,.F.);
#3567=ADVANCED_FACE('',(#458),#76,.F.);
#3568=ADVANCED_FACE('',(#459),#3387,.F.);
#3569=ADVANCED_FACE('',(#460),#77,.F.);
#3570=ADVANCED_FACE('',(#461),#78,.F.);
#3571=ADVANCED_FACE('',(#462),#3388,.F.);
#3572=ADVANCED_FACE('',(#463),#79,.F.);
#3573=ADVANCED_FACE('',(#464),#121,.T.);
#3574=ADVANCED_FACE('',(#465),#122,.F.);
#3575=ADVANCED_FACE('',(#466),#3389,.T.);
#3576=ADVANCED_FACE('',(#467),#123,.F.);
#3577=ADVANCED_FACE('',(#468),#124,.T.);
#3578=ADVANCED_FACE('',(#469),#125,.F.);
#3579=ADVANCED_FACE('',(#470),#3390,.F.);
#3580=ADVANCED_FACE('',(#471),#3391,.F.);
#3581=ADVANCED_FACE('',(#472),#126,.F.);
#3582=ADVANCED_FACE('',(#473),#127,.T.);
#3583=ADVANCED_FACE('',(#474),#3392,.T.);
#3584=ADVANCED_FACE('',(#475),#3393,.F.);
#3585=ADVANCED_FACE('',(#476),#3394,.F.);
#3586=ADVANCED_FACE('',(#477),#128,.T.);
#3587=ADVANCED_FACE('',(#478),#88,.F.);
#3588=ADVANCED_FACE('',(#479),#3395,.F.);
#3589=ADVANCED_FACE('',(#480),#3396,.F.);
#3590=ADVANCED_FACE('',(#481),#3397,.F.);
#3591=ADVANCED_FACE('',(#482),#129,.T.);
#3592=ADVANCED_FACE('',(#483),#3398,.T.);
#3593=ADVANCED_FACE('',(#484),#130,.T.);
#3594=ADVANCED_FACE('',(#485),#3399,.F.);
#3595=ADVANCED_FACE('',(#486),#3400,.F.);
#3596=ADVANCED_FACE('',(#487),#3401,.T.);
#3597=ADVANCED_FACE('',(#488),#3402,.T.);
#3598=ADVANCED_FACE('',(#489),#80,.F.);
#3599=ADVANCED_FACE('',(#490,#141),#3403,.F.);
#3600=ADVANCED_FACE('',(#491),#3404,.F.);
#3601=ADVANCED_FACE('',(#492),#3405,.T.);
#3602=ADVANCED_FACE('',(#493),#3406,.F.);
#3603=ADVANCED_FACE('',(#494),#3407,.F.);
#3604=ADVANCED_FACE('',(#495),#3408,.T.);
#3605=ADVANCED_FACE('',(#496),#3409,.T.);
#3606=ADVANCED_FACE('',(#497),#3410,.F.);
#3607=ADVANCED_FACE('',(#498),#81,.F.);
#3608=CLOSED_SHELL('',(#3411,#3412,#3413,#3414,#3415,#3416,#3417,#3418,
#3419,#3420,#3421,#3422,#3423,#3424,#3425,#3426,#3427,#3428,#3429,#3430,
#3431,#3432,#3433,#3434,#3435,#3436,#3437,#3438,#3439,#3440,#3441,#3442,
#3443,#3444,#3445,#3446,#3447,#3448,#3449,#3450,#3451,#3452,#3453,#3454,
#3455,#3456,#3457,#3458,#3459,#3460,#3461,#3462,#3463,#3464,#3465,#3466,
#3467,#3468,#3469,#3470,#3471,#3472,#3473,#3474,#3475,#3476,#3477,#3478,
#3479,#3480,#3481,#3482,#3483,#3484,#3485,#3486,#3487,#3488,#3489,#3490,
#3491,#3492,#3493,#3494,#3495,#3496,#3497,#3498,#3499,#3500,#3501,#3502,
#3503,#3504,#3505,#3506,#3507,#3508,#3509,#3510,#3511,#3512,#3513,#3514,
#3515,#3516,#3517,#3518,#3519,#3520,#3521,#3522,#3523,#3524,#3525,#3526,
#3527,#3528,#3529,#3530,#3531,#3532,#3533,#3534,#3535,#3536,#3537,#3538,
#3539,#3540,#3541,#3542,#3543,#3544,#3545,#3546,#3547,#3548,#3549,#3550,
#3551,#3552,#3553,#3554,#3555,#3556,#3557,#3558,#3559,#3560,#3561,#3562,
#3563,#3564,#3565,#3566,#3567,#3568,#3569,#3570,#3571,#3572,#3573,#3574,
#3575,#3576,#3577,#3578,#3579,#3580,#3581,#3582,#3583,#3584,#3585,#3586,
#3587,#3588,#3589,#3590,#3591,#3592,#3593,#3594,#3595,#3596,#3597,#3598,
#3599,#3600,#3601,#3602,#3603,#3604,#3605,#3606,#3607));
#3609=DERIVED_UNIT_ELEMENT(#3611,1.);
#3610=DERIVED_UNIT_ELEMENT(#6817,-3.);
#3611=(
MASS_UNIT()
NAMED_UNIT(*)
SI_UNIT(.KILO.,.GRAM.)
);
#3612=DERIVED_UNIT((#3609,#3610));
#3613=MEASURE_REPRESENTATION_ITEM('density measure',
POSITIVE_RATIO_MEASURE(7850.),#3612);
#3614=PROPERTY_DEFINITION_REPRESENTATION(#3619,#3616);
#3615=PROPERTY_DEFINITION_REPRESENTATION(#3620,#3617);
#3616=REPRESENTATION('material name',(#3618),#6814);
#3617=REPRESENTATION('density',(#3613),#6814);
#3618=DESCRIPTIVE_REPRESENTATION_ITEM('Steel','Steel');
#3619=PROPERTY_DEFINITION('material property','material name',#6824);
#3620=PROPERTY_DEFINITION('material property','density of part',#6824);
#3621=AXIS2_PLACEMENT_3D('',#5136,#4038,#4039);
#3622=AXIS2_PLACEMENT_3D('',#5137,#4040,#4041);
#3623=AXIS2_PLACEMENT_3D('',#5140,#4042,#4043);
#3624=AXIS2_PLACEMENT_3D('',#5146,#4047,#4048);
#3625=AXIS2_PLACEMENT_3D('',#5149,#4049,#4050);
#3626=AXIS2_PLACEMENT_3D('',#5155,#4054,#4055);
#3627=AXIS2_PLACEMENT_3D('',#5158,#4058,#4059);
#3628=AXIS2_PLACEMENT_3D('',#5159,#4060,#4061);
#3629=AXIS2_PLACEMENT_3D('',#5160,#4062,#4063);
#3630=AXIS2_PLACEMENT_3D('',#5163,#4064,#4065);
#3631=AXIS2_PLACEMENT_3D('',#5169,#4069,#4070);
#3632=AXIS2_PLACEMENT_3D('',#5171,#4071,#4072);
#3633=AXIS2_PLACEMENT_3D('',#5175,#4075,#4076);
#3634=AXIS2_PLACEMENT_3D('',#5179,#4079,#4080);
#3635=AXIS2_PLACEMENT_3D('',#5181,#4081,#4082);
#3636=AXIS2_PLACEMENT_3D('',#5183,#4084,#4085);
#3637=AXIS2_PLACEMENT_3D('',#5186,#4086,#4087);
#3638=AXIS2_PLACEMENT_3D('',#5192,#4091,#4092);
#3639=AXIS2_PLACEMENT_3D('',#5194,#4093,#4094);
#3640=AXIS2_PLACEMENT_3D('',#5198,#4097,#4098);
#3641=AXIS2_PLACEMENT_3D('',#5202,#4101,#4102);
#3642=AXIS2_PLACEMENT_3D('',#5204,#4103,#4104);
#3643=AXIS2_PLACEMENT_3D('',#5206,#4106,#4107);
#3644=AXIS2_PLACEMENT_3D('',#5209,#4108,#4109);
#3645=AXIS2_PLACEMENT_3D('',#5215,#4113,#4114);
#3646=AXIS2_PLACEMENT_3D('',#5218,#4115,#4116);
#3647=AXIS2_PLACEMENT_3D('',#5224,#4120,#4121);
#3648=AXIS2_PLACEMENT_3D('',#5227,#4124,#4125);
#3649=AXIS2_PLACEMENT_3D('',#5228,#4126,#4127);
#3650=AXIS2_PLACEMENT_3D('',#5229,#4128,#4129);
#3651=AXIS2_PLACEMENT_3D('',#5232,#4130,#4131);
#3652=AXIS2_PLACEMENT_3D('',#5238,#4135,#4136);
#3653=AXIS2_PLACEMENT_3D('',#5241,#4137,#4138);
#3654=AXIS2_PLACEMENT_3D('',#5247,#4142,#4143);
#3655=AXIS2_PLACEMENT_3D('',#5250,#4146,#4147);
#3656=AXIS2_PLACEMENT_3D('',#5251,#4148,#4149);
#3657=AXIS2_PLACEMENT_3D('',#5252,#4150,#4151);
#3658=AXIS2_PLACEMENT_3D('',#5255,#4152,#4153);
#3659=AXIS2_PLACEMENT_3D('',#5261,#4157,#4158);
#3660=AXIS2_PLACEMENT_3D('',#5264,#4159,#4160);
#3661=AXIS2_PLACEMENT_3D('',#5270,#4164,#4165);
#3662=AXIS2_PLACEMENT_3D('',#5273,#4168,#4169);
#3663=AXIS2_PLACEMENT_3D('',#5274,#4170,#4171);
#3664=AXIS2_PLACEMENT_3D('',#5275,#4172,#4173);
#3665=AXIS2_PLACEMENT_3D('',#5278,#4174,#4175);
#3666=AXIS2_PLACEMENT_3D('',#5284,#4179,#4180);
#3667=AXIS2_PLACEMENT_3D('',#5286,#4181,#4182);
#3668=AXIS2_PLACEMENT_3D('',#5290,#4185,#4186);
#3669=AXIS2_PLACEMENT_3D('',#5294,#4189,#4190);
#3670=AXIS2_PLACEMENT_3D('',#5296,#4191,#4192);
#3671=AXIS2_PLACEMENT_3D('',#5298,#4194,#4195);
#3672=AXIS2_PLACEMENT_3D('',#5301,#4196,#4197);
#3673=AXIS2_PLACEMENT_3D('',#5307,#4201,#4202);
#3674=AXIS2_PLACEMENT_3D('',#5309,#4203,#4204);
#3675=AXIS2_PLACEMENT_3D('',#5313,#4207,#4208);
#3676=AXIS2_PLACEMENT_3D('',#5317,#4211,#4212);
#3677=AXIS2_PLACEMENT_3D('',#5319,#4213,#4214);
#3678=AXIS2_PLACEMENT_3D('',#5321,#4216,#4217);
#3679=AXIS2_PLACEMENT_3D('',#5323,#4218,#4219);
#3680=AXIS2_PLACEMENT_3D('',#5327,#4221,#4222);
#3681=AXIS2_PLACEMENT_3D('',#5330,#4224,#4225);
#3682=AXIS2_PLACEMENT_3D('',#5332,#4226,#4227);
#3683=AXIS2_PLACEMENT_3D('',#5336,#4229,#4230);
#3684=AXIS2_PLACEMENT_3D('',#5338,#4231,#4232);
#3685=AXIS2_PLACEMENT_3D('',#5341,#4234,#4235);
#3686=AXIS2_PLACEMENT_3D('',#5343,#4236,#4237);
#3687=AXIS2_PLACEMENT_3D('',#5344,#4238,#4239);
#3688=AXIS2_PLACEMENT_3D('',#5346,#4240,#4241);
#3689=AXIS2_PLACEMENT_3D('',#5349,#4243,#4244);
#3690=AXIS2_PLACEMENT_3D('',#5351,#4245,#4246);
#3691=AXIS2_PLACEMENT_3D('',#5353,#4247,#4248);
#3692=AXIS2_PLACEMENT_3D('',#5355,#4249,#4250);
#3693=AXIS2_PLACEMENT_3D('',#5356,#4251,#4252);
#3694=AXIS2_PLACEMENT_3D('',#5358,#4253,#4254);
#3695=AXIS2_PLACEMENT_3D('',#5360,#4255,#4256);
#3696=AXIS2_PLACEMENT_3D('',#5362,#4257,#4258);
#3697=AXIS2_PLACEMENT_3D('',#5363,#4259,#4260);
#3698=AXIS2_PLACEMENT_3D('',#5364,#4261,#4262);
#3699=AXIS2_PLACEMENT_3D('',#5366,#4263,#4264);
#3700=AXIS2_PLACEMENT_3D('',#5369,#4266,#4267);
#3701=AXIS2_PLACEMENT_3D('',#5371,#4268,#4269);
#3702=AXIS2_PLACEMENT_3D('',#5373,#4270,#4271);
#3703=AXIS2_PLACEMENT_3D('',#5374,#4272,#4273);
#3704=AXIS2_PLACEMENT_3D('',#5376,#4274,#4275);
#3705=AXIS2_PLACEMENT_3D('',#5378,#4276,#4277);
#3706=AXIS2_PLACEMENT_3D('',#5380,#4278,#4279);
#3707=AXIS2_PLACEMENT_3D('',#5382,#4280,#4281);
#3708=AXIS2_PLACEMENT_3D('',#5383,#4282,#4283);
#3709=AXIS2_PLACEMENT_3D('',#5385,#4284,#4285);
#3710=AXIS2_PLACEMENT_3D('',#5387,#4286,#4287);
#3711=AXIS2_PLACEMENT_3D('',#5389,#4288,#4289);
#3712=AXIS2_PLACEMENT_3D('',#5390,#4290,#4291);
#3713=AXIS2_PLACEMENT_3D('',#5391,#4292,#4293);
#3714=AXIS2_PLACEMENT_3D('',#5394,#4295,#4296);
#3715=AXIS2_PLACEMENT_3D('',#5396,#4297,#4298);
#3716=AXIS2_PLACEMENT_3D('',#5400,#4300,#4301);
#3717=AXIS2_PLACEMENT_3D('',#5402,#4302,#4303);
#3718=AXIS2_PLACEMENT_3D('',#5404,#4304,#4305);
#3719=AXIS2_PLACEMENT_3D('',#5406,#4306,#4307);
#3720=AXIS2_PLACEMENT_3D('',#5410,#4309,#4310);
#3721=AXIS2_PLACEMENT_3D('',#5412,#4311,#4312);
#3722=AXIS2_PLACEMENT_3D('',#5461,#4315,#4316);
#3723=AXIS2_PLACEMENT_3D('',#5487,#4319,#4320);
#3724=AXIS2_PLACEMENT_3D('',#5542,#4324,#4325);
#3725=AXIS2_PLACEMENT_3D('',#5586,#4328,#4329);
#3726=AXIS2_PLACEMENT_3D('',#5610,#4330,#4331);
#3727=AXIS2_PLACEMENT_3D('',#5611,#4332,#4333);
#3728=AXIS2_PLACEMENT_3D('',#5613,#4334,#4335);
#3729=AXIS2_PLACEMENT_3D('',#5615,#4336,#4337);
#3730=AXIS2_PLACEMENT_3D('',#5617,#4338,#4339);
#3731=AXIS2_PLACEMENT_3D('',#5619,#4340,#4341);
#3732=AXIS2_PLACEMENT_3D('',#5621,#4342,#4343);
#3733=AXIS2_PLACEMENT_3D('',#5624,#4345,#4346);
#3734=AXIS2_PLACEMENT_3D('',#5626,#4347,#4348);
#3735=AXIS2_PLACEMENT_3D('',#5628,#4349,#4350);
#3736=AXIS2_PLACEMENT_3D('',#5630,#4351,#4352);
#3737=AXIS2_PLACEMENT_3D('',#5633,#4354,#4355);
#3738=AXIS2_PLACEMENT_3D('',#5770,#4356,#4357);
#3739=AXIS2_PLACEMENT_3D('',#5771,#4358,#4359);
#3740=AXIS2_PLACEMENT_3D('',#5774,#4362,#4363);
#3741=AXIS2_PLACEMENT_3D('',#5776,#4364,#4365);
#3742=AXIS2_PLACEMENT_3D('',#5782,#4366,#4367);
#3743=AXIS2_PLACEMENT_3D('',#5787,#4368,#4369);
#3744=AXIS2_PLACEMENT_3D('',#5788,#4370,#4371);
#3745=AXIS2_PLACEMENT_3D('',#5790,#4373,#4374);
#3746=AXIS2_PLACEMENT_3D('',#5792,#4376,#4377);
#3747=AXIS2_PLACEMENT_3D('',#5796,#4379,#4380);
#3748=AXIS2_PLACEMENT_3D('',#5802,#4383,#4384);
#3749=AXIS2_PLACEMENT_3D('',#5810,#4388,#4389);
#3750=AXIS2_PLACEMENT_3D('',#5816,#4392,#4393);
#3751=AXIS2_PLACEMENT_3D('',#5818,#4394,#4395);
#3752=AXIS2_PLACEMENT_3D('',#5822,#4397,#4398);
#3753=AXIS2_PLACEMENT_3D('',#5825,#4400,#4401);
#3754=AXIS2_PLACEMENT_3D('',#5826,#4402,#4403);
#3755=AXIS2_PLACEMENT_3D('',#5874,#4406,#4407);
#3756=AXIS2_PLACEMENT_3D('',#5875,#4408,#4409);
#3757=AXIS2_PLACEMENT_3D('',#5876,#4410,#4411);
#3758=AXIS2_PLACEMENT_3D('',#5886,#4415,#4416);
#3759=AXIS2_PLACEMENT_3D('',#5888,#4417,#4418);
#3760=AXIS2_PLACEMENT_3D('',#5892,#4420,#4421);
#3761=AXIS2_PLACEMENT_3D('',#5908,#4429,#4430);
#3762=AXIS2_PLACEMENT_3D('',#5912,#4432,#4433);
#3763=AXIS2_PLACEMENT_3D('',#5916,#4435,#4436);
#3764=AXIS2_PLACEMENT_3D('',#5920,#4438,#4439);
#3765=AXIS2_PLACEMENT_3D('',#5924,#4441,#4442);
#3766=AXIS2_PLACEMENT_3D('',#5932,#4446,#4447);
#3767=AXIS2_PLACEMENT_3D('',#5946,#4454,#4455);
#3768=AXIS2_PLACEMENT_3D('',#5954,#4459,#4460);
#3769=AXIS2_PLACEMENT_3D('',#5960,#4463,#4464);
#3770=AXIS2_PLACEMENT_3D('',#5964,#4466,#4467);
#3771=AXIS2_PLACEMENT_3D('',#6018,#4472,#4473);
#3772=AXIS2_PLACEMENT_3D('',#6024,#4476,#4477);
#3773=AXIS2_PLACEMENT_3D('',#6028,#4479,#4480);
#3774=AXIS2_PLACEMENT_3D('',#6033,#4483,#4484);
#3775=AXIS2_PLACEMENT_3D('',#6035,#4485,#4486);
#3776=AXIS2_PLACEMENT_3D('',#6037,#4487,#4488);
#3777=AXIS2_PLACEMENT_3D('',#6044,#4491,#4492);
#3778=AXIS2_PLACEMENT_3D('',#6048,#4494,#4495);
#3779=AXIS2_PLACEMENT_3D('',#6053,#4498,#4499);
#3780=AXIS2_PLACEMENT_3D('',#6055,#4500,#4501);
#3781=AXIS2_PLACEMENT_3D('',#6093,#4502,#4503);
#3782=AXIS2_PLACEMENT_3D('',#6094,#4504,#4505);
#3783=AXIS2_PLACEMENT_3D('',#6095,#4506,#4507);
#3784=AXIS2_PLACEMENT_3D('',#6114,#4509,#4510);
#3785=AXIS2_PLACEMENT_3D('',#6135,#4511,#4512);
#3786=AXIS2_PLACEMENT_3D('',#6136,#4513,#4514);
#3787=AXIS2_PLACEMENT_3D('',#6143,#4517,#4518);
#3788=AXIS2_PLACEMENT_3D('',#6144,#4519,#4520);
#3789=AXIS2_PLACEMENT_3D('',#6145,#4521,#4522);
#3790=AXIS2_PLACEMENT_3D('',#6146,#4523,#4524);
#3791=AXIS2_PLACEMENT_3D('',#6148,#4525,#4526);
#3792=AXIS2_PLACEMENT_3D('',#6150,#4527,#4528);
#3793=AXIS2_PLACEMENT_3D('',#6151,#4529,#4530);
#3794=AXIS2_PLACEMENT_3D('',#6152,#4531,#4532);
#3795=AXIS2_PLACEMENT_3D('',#6153,#4533,#4534);
#3796=AXIS2_PLACEMENT_3D('',#6155,#4535,#4536);
#3797=AXIS2_PLACEMENT_3D('',#6157,#4538,#4539);
#3798=AXIS2_PLACEMENT_3D('',#6159,#4540,#4541);
#3799=AXIS2_PLACEMENT_3D('',#6161,#4542,#4543);
#3800=AXIS2_PLACEMENT_3D('',#6162,#4544,#4545);
#3801=AXIS2_PLACEMENT_3D('',#6163,#4546,#4547);
#3802=AXIS2_PLACEMENT_3D('',#6164,#4548,#4549);
#3803=AXIS2_PLACEMENT_3D('',#6166,#4550,#4551);
#3804=AXIS2_PLACEMENT_3D('',#6168,#4553,#4554);
#3805=AXIS2_PLACEMENT_3D('',#6170,#4555,#4556);
#3806=AXIS2_PLACEMENT_3D('',#6172,#4557,#4558);
#3807=AXIS2_PLACEMENT_3D('',#6173,#4559,#4560);
#3808=AXIS2_PLACEMENT_3D('',#6174,#4561,#4562);
#3809=AXIS2_PLACEMENT_3D('',#6175,#4563,#4564);
#3810=AXIS2_PLACEMENT_3D('',#6177,#4565,#4566);
#3811=AXIS2_PLACEMENT_3D('',#6179,#4568,#4569);
#3812=AXIS2_PLACEMENT_3D('',#6181,#4570,#4571);
#3813=AXIS2_PLACEMENT_3D('',#6183,#4572,#4573);
#3814=AXIS2_PLACEMENT_3D('',#6184,#4574,#4575);
#3815=AXIS2_PLACEMENT_3D('',#6185,#4576,#4577);
#3816=AXIS2_PLACEMENT_3D('',#6186,#4578,#4579);
#3817=AXIS2_PLACEMENT_3D('',#6188,#4580,#4581);
#3818=AXIS2_PLACEMENT_3D('',#6190,#4583,#4584);
#3819=AXIS2_PLACEMENT_3D('',#6192,#4585,#4586);
#3820=AXIS2_PLACEMENT_3D('',#6194,#4587,#4588);
#3821=AXIS2_PLACEMENT_3D('',#6195,#4589,#4590);
#3822=AXIS2_PLACEMENT_3D('',#6196,#4591,#4592);
#3823=AXIS2_PLACEMENT_3D('',#6197,#4593,#4594);
#3824=AXIS2_PLACEMENT_3D('',#6199,#4595,#4596);
#3825=AXIS2_PLACEMENT_3D('',#6201,#4598,#4599);
#3826=AXIS2_PLACEMENT_3D('',#6203,#4600,#4601);
#3827=AXIS2_PLACEMENT_3D('',#6205,#4602,#4603);
#3828=AXIS2_PLACEMENT_3D('',#6206,#4604,#4605);
#3829=AXIS2_PLACEMENT_3D('',#6207,#4606,#4607);
#3830=AXIS2_PLACEMENT_3D('',#6208,#4608,#4609);
#3831=AXIS2_PLACEMENT_3D('',#6210,#4610,#4611);
#3832=AXIS2_PLACEMENT_3D('',#6212,#4613,#4614);
#3833=AXIS2_PLACEMENT_3D('',#6214,#4615,#4616);
#3834=AXIS2_PLACEMENT_3D('',#6216,#4617,#4618);
#3835=AXIS2_PLACEMENT_3D('',#6217,#4619,#4620);
#3836=AXIS2_PLACEMENT_3D('',#6218,#4621,#4622);
#3837=AXIS2_PLACEMENT_3D('',#6219,#4623,#4624);
#3838=AXIS2_PLACEMENT_3D('',#6221,#4625,#4626);
#3839=AXIS2_PLACEMENT_3D('',#6223,#4628,#4629);
#3840=AXIS2_PLACEMENT_3D('',#6225,#4630,#4631);
#3841=AXIS2_PLACEMENT_3D('',#6227,#4632,#4633);
#3842=AXIS2_PLACEMENT_3D('',#6228,#4634,#4635);
#3843=AXIS2_PLACEMENT_3D('',#6229,#4636,#4637);
#3844=AXIS2_PLACEMENT_3D('',#6230,#4638,#4639);
#3845=AXIS2_PLACEMENT_3D('',#6232,#4640,#4641);
#3846=AXIS2_PLACEMENT_3D('',#6234,#4643,#4644);
#3847=AXIS2_PLACEMENT_3D('',#6236,#4645,#4646);
#3848=AXIS2_PLACEMENT_3D('',#6240,#4648,#4649);
#3849=AXIS2_PLACEMENT_3D('',#6241,#4650,#4651);
#3850=AXIS2_PLACEMENT_3D('',#6243,#4652,#4653);
#3851=AXIS2_PLACEMENT_3D('',#6245,#4654,#4655);
#3852=AXIS2_PLACEMENT_3D('',#6246,#4656,#4657);
#3853=AXIS2_PLACEMENT_3D('',#6248,#4658,#4659);
#3854=AXIS2_PLACEMENT_3D('',#6250,#4660,#4661);
#3855=AXIS2_PLACEMENT_3D('',#6252,#4662,#4663);
#3856=AXIS2_PLACEMENT_3D('',#6253,#4664,#4665);
#3857=AXIS2_PLACEMENT_3D('',#6255,#4666,#4667);
#3858=AXIS2_PLACEMENT_3D('',#6257,#4668,#4669);
#3859=AXIS2_PLACEMENT_3D('',#6258,#4670,#4671);
#3860=AXIS2_PLACEMENT_3D('',#6259,#4672,#4673);
#3861=AXIS2_PLACEMENT_3D('',#6261,#4674,#4675);
#3862=AXIS2_PLACEMENT_3D('',#6265,#4677,#4678);
#3863=AXIS2_PLACEMENT_3D('',#6267,#4679,#4680);
#3864=AXIS2_PLACEMENT_3D('',#6269,#4681,#4682);
#3865=AXIS2_PLACEMENT_3D('',#6270,#4683,#4684);
#3866=AXIS2_PLACEMENT_3D('',#6272,#4685,#4686);
#3867=AXIS2_PLACEMENT_3D('',#6274,#4687,#4688);
#3868=AXIS2_PLACEMENT_3D('',#6276,#4689,#4690);
#3869=AXIS2_PLACEMENT_3D('',#6277,#4691,#4692);
#3870=AXIS2_PLACEMENT_3D('',#6278,#4693,#4694);
#3871=AXIS2_PLACEMENT_3D('',#6279,#4695,#4696);
#3872=AXIS2_PLACEMENT_3D('',#6288,#4700,#4701);
#3873=AXIS2_PLACEMENT_3D('',#6292,#4703,#4704);
#3874=AXIS2_PLACEMENT_3D('',#6294,#4706,#4707);
#3875=AXIS2_PLACEMENT_3D('',#6300,#4708,#4709);
#3876=AXIS2_PLACEMENT_3D('',#6304,#4710,#4711);
#3877=AXIS2_PLACEMENT_3D('',#6306,#4713,#4714);
#3878=AXIS2_PLACEMENT_3D('',#6308,#4715,#4716);
#3879=AXIS2_PLACEMENT_3D('',#6312,#4717,#4718);
#3880=AXIS2_PLACEMENT_3D('',#6316,#4721,#4722);
#3881=AXIS2_PLACEMENT_3D('',#6320,#4725,#4726);
#3882=AXIS2_PLACEMENT_3D('',#6326,#4728,#4729);
#3883=AXIS2_PLACEMENT_3D('',#6328,#4730,#4731);
#3884=AXIS2_PLACEMENT_3D('',#6332,#4732,#4733);
#3885=AXIS2_PLACEMENT_3D('',#6334,#4735,#4736);
#3886=AXIS2_PLACEMENT_3D('',#6344,#4738,#4739);
#3887=AXIS2_PLACEMENT_3D('',#6349,#4740,#4741);
#3888=AXIS2_PLACEMENT_3D('',#6350,#4742,#4743);
#3889=AXIS2_PLACEMENT_3D('',#6356,#4744,#4745);
#3890=AXIS2_PLACEMENT_3D('',#6373,#4746,#4747);
#3891=AXIS2_PLACEMENT_3D('',#6377,#4748,#4749);
#3892=AXIS2_PLACEMENT_3D('',#6386,#4750,#4751);
#3893=AXIS2_PLACEMENT_3D('',#6387,#4752,#4753);
#3894=AXIS2_PLACEMENT_3D('',#6391,#4756,#4757);
#3895=AXIS2_PLACEMENT_3D('',#6395,#4760,#4761);
#3896=AXIS2_PLACEMENT_3D('',#6401,#4763,#4764);
#3897=AXIS2_PLACEMENT_3D('',#6406,#4765,#4766);
#3898=AXIS2_PLACEMENT_3D('',#6407,#4767,#4768);
#3899=AXIS2_PLACEMENT_3D('',#6411,#4771,#4772);
#3900=AXIS2_PLACEMENT_3D('',#6415,#4775,#4776);
#3901=AXIS2_PLACEMENT_3D('',#6419,#4779,#4780);
#3902=AXIS2_PLACEMENT_3D('',#6423,#4783,#4784);
#3903=AXIS2_PLACEMENT_3D('',#6427,#4787,#4788);
#3904=AXIS2_PLACEMENT_3D('',#6433,#4790,#4791);
#3905=AXIS2_PLACEMENT_3D('',#6438,#4792,#4793);
#3906=AXIS2_PLACEMENT_3D('',#6439,#4794,#4795);
#3907=AXIS2_PLACEMENT_3D('',#6448,#4796,#4797);
#3908=AXIS2_PLACEMENT_3D('',#6449,#4798,#4799);
#3909=AXIS2_PLACEMENT_3D('',#6455,#4800,#4801);
#3910=AXIS2_PLACEMENT_3D('',#6459,#4802,#4803);
#3911=AXIS2_PLACEMENT_3D('',#6468,#4804,#4805);
#3912=AXIS2_PLACEMENT_3D('',#6469,#4806,#4807);
#3913=AXIS2_PLACEMENT_3D('',#6473,#4810,#4811);
#3914=AXIS2_PLACEMENT_3D('',#6477,#4814,#4815);
#3915=AXIS2_PLACEMENT_3D('',#6481,#4818,#4819);
#3916=AXIS2_PLACEMENT_3D('',#6485,#4822,#4823);
#3917=AXIS2_PLACEMENT_3D('',#6489,#4826,#4827);
#3918=AXIS2_PLACEMENT_3D('',#6493,#4830,#4831);
#3919=AXIS2_PLACEMENT_3D('',#6495,#4832,#4833);
#3920=AXIS2_PLACEMENT_3D('',#6497,#4835,#4836);
#3921=AXIS2_PLACEMENT_3D('',#6502,#4837,#4838);
#3922=AXIS2_PLACEMENT_3D('',#6503,#4839,#4840);
#3923=AXIS2_PLACEMENT_3D('',#6506,#4843,#4844);
#3924=AXIS2_PLACEMENT_3D('',#6510,#4845,#4846);
#3925=AXIS2_PLACEMENT_3D('',#6514,#4847,#4848);
#3926=AXIS2_PLACEMENT_3D('',#6518,#4849,#4850);
#3927=AXIS2_PLACEMENT_3D('',#6519,#4851,#4852);
#3928=AXIS2_PLACEMENT_3D('',#6520,#4853,#4854);
#3929=AXIS2_PLACEMENT_3D('',#6522,#4856,#4857);
#3930=AXIS2_PLACEMENT_3D('',#6523,#4858,#4859);
#3931=AXIS2_PLACEMENT_3D('',#6525,#4861,#4862);
#3932=AXIS2_PLACEMENT_3D('',#6527,#4864,#4865);
#3933=AXIS2_PLACEMENT_3D('',#6529,#4866,#4867);
#3934=AXIS2_PLACEMENT_3D('',#6530,#4868,#4869);
#3935=AXIS2_PLACEMENT_3D('',#6532,#4870,#4871);
#3936=AXIS2_PLACEMENT_3D('',#6533,#4872,#4873);
#3937=AXIS2_PLACEMENT_3D('',#6535,#4874,#4875);
#3938=AXIS2_PLACEMENT_3D('',#6536,#4876,#4877);
#3939=AXIS2_PLACEMENT_3D('',#6538,#4878,#4879);
#3940=AXIS2_PLACEMENT_3D('',#6540,#4881,#4882);
#3941=AXIS2_PLACEMENT_3D('',#6544,#4885,#4886);
#3942=AXIS2_PLACEMENT_3D('',#6546,#4887,#4888);
#3943=AXIS2_PLACEMENT_3D('',#6548,#4890,#4891);
#3944=AXIS2_PLACEMENT_3D('',#6551,#4894,#4895);
#3945=AXIS2_PLACEMENT_3D('',#6554,#4897,#4898);
#3946=AXIS2_PLACEMENT_3D('',#6555,#4899,#4900);
#3947=AXIS2_PLACEMENT_3D('',#6556,#4901,#4902);
#3948=AXIS2_PLACEMENT_3D('',#6557,#4903,#4904);
#3949=AXIS2_PLACEMENT_3D('',#6559,#4905,#4906);
#3950=AXIS2_PLACEMENT_3D('',#6561,#4908,#4909);
#3951=AXIS2_PLACEMENT_3D('',#6563,#4910,#4911);
#3952=AXIS2_PLACEMENT_3D('',#6565,#4913,#4914);
#3953=AXIS2_PLACEMENT_3D('',#6567,#4915,#4916);
#3954=AXIS2_PLACEMENT_3D('',#6569,#4918,#4919);
#3955=AXIS2_PLACEMENT_3D('',#6570,#4920,#4921);
#3956=AXIS2_PLACEMENT_3D('',#6571,#4922,#4923);
#3957=AXIS2_PLACEMENT_3D('',#6574,#4925,#4926);
#3958=AXIS2_PLACEMENT_3D('',#6575,#4927,#4928);
#3959=AXIS2_PLACEMENT_3D('',#6576,#4929,#4930);
#3960=AXIS2_PLACEMENT_3D('',#6578,#4931,#4932);
#3961=AXIS2_PLACEMENT_3D('',#6580,#4933,#4934);
#3962=AXIS2_PLACEMENT_3D('',#6582,#4936,#4937);
#3963=AXIS2_PLACEMENT_3D('',#6584,#4938,#4939);
#3964=AXIS2_PLACEMENT_3D('',#6586,#4940,#4941);
#3965=AXIS2_PLACEMENT_3D('',#6588,#4943,#4944);
#3966=AXIS2_PLACEMENT_3D('',#6589,#4945,#4946);
#3967=AXIS2_PLACEMENT_3D('',#6590,#4947,#4948);
#3968=AXIS2_PLACEMENT_3D('',#6593,#4950,#4951);
#3969=AXIS2_PLACEMENT_3D('',#6594,#4952,#4953);
#3970=AXIS2_PLACEMENT_3D('',#6598,#4956,#4957);
#3971=AXIS2_PLACEMENT_3D('',#6602,#4960,#4961);
#3972=AXIS2_PLACEMENT_3D('',#6604,#4963,#4964);
#3973=AXIS2_PLACEMENT_3D('',#6609,#4967,#4968);
#3974=AXIS2_PLACEMENT_3D('',#6610,#4969,#4970);
#3975=AXIS2_PLACEMENT_3D('',#6612,#4972,#4973);
#3976=AXIS2_PLACEMENT_3D('',#6614,#4974,#4975);
#3977=AXIS2_PLACEMENT_3D('',#6616,#4977,#4978);
#3978=AXIS2_PLACEMENT_3D('',#6618,#4979,#4980);
#3979=AXIS2_PLACEMENT_3D('',#6669,#4981,#4982);
#3980=AXIS2_PLACEMENT_3D('',#6673,#4984,#4985);
#3981=AXIS2_PLACEMENT_3D('',#6675,#4987,#4988);
#3982=AXIS2_PLACEMENT_3D('',#6683,#4990,#4991);
#3983=AXIS2_PLACEMENT_3D('',#6684,#4992,#4993);
#3984=AXIS2_PLACEMENT_3D('',#6689,#4994,#4995);
#3985=AXIS2_PLACEMENT_3D('',#6693,#4998,#4999);
#3986=AXIS2_PLACEMENT_3D('',#6696,#5001,#5002);
#3987=AXIS2_PLACEMENT_3D('',#6697,#5003,#5004);
#3988=AXIS2_PLACEMENT_3D('',#6701,#5005,#5006);
#3989=AXIS2_PLACEMENT_3D('',#6702,#5007,#5008);
#3990=AXIS2_PLACEMENT_3D('',#6704,#5010,#5011);
#3991=AXIS2_PLACEMENT_3D('',#6707,#5014,#5015);
#3992=AXIS2_PLACEMENT_3D('',#6709,#5017,#5018);
#3993=AXIS2_PLACEMENT_3D('',#6712,#5020,#5021);
#3994=AXIS2_PLACEMENT_3D('',#6713,#5022,#5023);
#3995=AXIS2_PLACEMENT_3D('',#6716,#5026,#5027);
#3996=AXIS2_PLACEMENT_3D('',#6718,#5029,#5030);
#3997=AXIS2_PLACEMENT_3D('',#6720,#5032,#5033);
#3998=AXIS2_PLACEMENT_3D('',#6722,#5035,#5036);
#3999=AXIS2_PLACEMENT_3D('',#6724,#5038,#5039);
#4000=AXIS2_PLACEMENT_3D('',#6726,#5041,#5042);
#4001=AXIS2_PLACEMENT_3D('',#6728,#5044,#5045);
#4002=AXIS2_PLACEMENT_3D('',#6729,#5046,#5047);
#4003=AXIS2_PLACEMENT_3D('',#6730,#5048,#5049);
#4004=AXIS2_PLACEMENT_3D('',#6732,#5051,#5052);
#4005=AXIS2_PLACEMENT_3D('',#6734,#5053,#5054);
#4006=AXIS2_PLACEMENT_3D('',#6736,#5056,#5057);
#4007=AXIS2_PLACEMENT_3D('',#6738,#5058,#5059);
#4008=AXIS2_PLACEMENT_3D('',#6740,#5061,#5062);
#4009=AXIS2_PLACEMENT_3D('',#6744,#5065,#5066);
#4010=AXIS2_PLACEMENT_3D('',#6746,#5067,#5068);
#4011=AXIS2_PLACEMENT_3D('',#6748,#5070,#5071);
#4012=AXIS2_PLACEMENT_3D('',#6749,#5072,#5073);
#4013=AXIS2_PLACEMENT_3D('',#6750,#5074,#5075);
#4014=AXIS2_PLACEMENT_3D('',#6751,#5076,#5077);
#4015=AXIS2_PLACEMENT_3D('',#6752,#5078,#5079);
#4016=AXIS2_PLACEMENT_3D('',#6777,#5080,#5081);
#4017=AXIS2_PLACEMENT_3D('',#6778,#5082,#5083);
#4018=AXIS2_PLACEMENT_3D('',#6780,#5085,#5086);
#4019=AXIS2_PLACEMENT_3D('',#6782,#5088,#5089);
#4020=AXIS2_PLACEMENT_3D('',#6784,#5091,#5092);
#4021=AXIS2_PLACEMENT_3D('',#6786,#5094,#5095);
#4022=AXIS2_PLACEMENT_3D('',#6787,#5096,#5097);
#4023=AXIS2_PLACEMENT_3D('',#6788,#5098,#5099);
#4024=AXIS2_PLACEMENT_3D('',#6789,#5100,#5101);
#4025=AXIS2_PLACEMENT_3D('',#6790,#5102,#5103);
#4026=AXIS2_PLACEMENT_3D('',#6791,#5104,#5105);
#4027=AXIS2_PLACEMENT_3D('',#6792,#5106,#5107);
#4028=AXIS2_PLACEMENT_3D('',#6794,#5109,#5110);
#4029=AXIS2_PLACEMENT_3D('',#6796,#5111,#5112);
#4030=AXIS2_PLACEMENT_3D('',#6797,#5113,#5114);
#4031=AXIS2_PLACEMENT_3D('',#6800,#5117,#5118);
#4032=AXIS2_PLACEMENT_3D('',#6802,#5120,#5121);
#4033=AXIS2_PLACEMENT_3D('',#6804,#5123,#5124);
#4034=AXIS2_PLACEMENT_3D('',#6806,#5126,#5127);
#4035=AXIS2_PLACEMENT_3D('',#6807,#5128,#5129);
#4036=AXIS2_PLACEMENT_3D('',#6809,#5131,#5132);
#4037=AXIS2_PLACEMENT_3D('',#6810,#5133,#5134);
#4038=DIRECTION('axis',(0.,0.,1.));
#4039=DIRECTION('refdir',(1.,0.,0.));
#4040=DIRECTION('center_axis',(0.999847695156391,-2.67876881477164E-19,
0.0174524064372864));
#4041=DIRECTION('ref_axis',(-1.43526318723993E-33,1.,1.53489939877206E-17));
#4042=DIRECTION('center_axis',(-0.999847695156391,2.67876881477164E-19,
-0.0174524064372864));
#4043=DIRECTION('ref_axis',(0.0174524064372864,-3.11853263134141E-33,-0.999847695156391));
#4044=DIRECTION('',(1.43526318723993E-33,-1.,-1.53489939877206E-17));
#4045=DIRECTION('',(-0.0174497491606856,-0.0174497491606831,0.999695459881887));
#4046=DIRECTION('',(4.89419056586068E-19,1.,-1.26898049854531E-17));
#4047=DIRECTION('center_axis',(-0.999847695156391,-5.0510579047084E-19,
0.0174524064372864));
#4048=DIRECTION('ref_axis',(2.48605542212008E-33,-1.,-2.89418993469977E-17));
#4049=DIRECTION('center_axis',(0.999847695156391,5.0510579047084E-19,-0.0174524064372864));
#4050=DIRECTION('ref_axis',(0.0174524064372864,3.09164545502721E-33,0.999847695156391));
#4051=DIRECTION('',(7.26684102195409E-19,-1.,1.26898049854531E-17));
#4052=DIRECTION('',(0.0174497491606856,-0.017449749160683,0.999695459881887));
#4053=DIRECTION('',(-2.48605542212008E-33,1.,2.89418993469977E-17));
#4054=DIRECTION('center_axis',(-8.89538727023097E-16,0.999847695156391,
0.0174524064372839));
#4055=DIRECTION('ref_axis',(-1.,-8.88178419700125E-16,-8.56948412045864E-17));
#4056=DIRECTION('',(1.,8.88178419700125E-16,8.56948412045864E-17));
#4057=DIRECTION('',(-1.,-8.88451912675604E-16,-7.00264391331439E-17));
#4058=DIRECTION('center_axis',(7.73044619311638E-17,9.96449559149958E-18,
-1.));
#4059=DIRECTION('ref_axis',(1.,2.48717465834523E-34,7.73044619311638E-17));
#4060=DIRECTION('center_axis',(7.73044619311638E-17,9.96449559149958E-18,
-1.));
#4061=DIRECTION('ref_axis',(1.,-7.70299970116329E-34,4.16333634234434E-17));
#4062=DIRECTION('center_axis',(0.999847695156391,-2.67876881477164E-19,
0.0174524064372864));
#4063=DIRECTION('ref_axis',(-1.43526318723993E-33,1.,1.53489939877206E-17));
#4064=DIRECTION('center_axis',(-0.999847695156391,2.67876881477164E-19,
-0.0174524064372864));
#4065=DIRECTION('ref_axis',(0.0174524064372864,-3.11853263134141E-33,-0.999847695156391));
#4066=DIRECTION('',(4.89419056586067E-19,1.,-1.26898049854531E-17));
#4067=DIRECTION('',(-0.0174497491606856,0.0174497491606821,0.999695459881887));
#4068=DIRECTION('',(1.43526318723993E-33,-1.,-1.53489939877206E-17));
#4069=DIRECTION('center_axis',(7.73044619311638E-17,9.96449559149958E-18,
-1.));
#4070=DIRECTION('ref_axis',(1.,2.48717465834523E-34,7.73044619311638E-17));
#4071=DIRECTION('center_axis',(7.73044619311638E-17,9.96449559149958E-18,
-1.));
#4072=DIRECTION('ref_axis',(1.,-7.70299970116329E-34,2.77555756156289E-17));
#4073=DIRECTION('',(-1.,-2.96651230253077E-35,-9.92877465638634E-17));
#4074=DIRECTION('',(-2.48605542212008E-33,1.,2.89418993469977E-17));
#4075=DIRECTION('center_axis',(-1.73281010727449E-18,-0.999847695156391,
0.017452406437283));
#4076=DIRECTION('ref_axis',(1.,2.96651230253077E-35,9.92877465638634E-17));
#4077=DIRECTION('',(1.,-5.10758021087728E-19,7.00264391331439E-17));
#4078=DIRECTION('',(0.0174497491606856,0.0174497491606821,0.999695459881887));
#4079=DIRECTION('center_axis',(-0.999847695156391,-5.05105790470839E-19,
0.0174524064372864));
#4080=DIRECTION('ref_axis',(2.48605542212008E-33,-1.,-2.89418993469977E-17));
#4081=DIRECTION('center_axis',(0.999847695156391,5.05105790470839E-19,-0.0174524064372864));
#4082=DIRECTION('ref_axis',(0.0174524064372864,3.09164545502721E-33,0.999847695156391));
#4083=DIRECTION('',(7.26684102195408E-19,-1.,1.26898049854531E-17));
#4084=DIRECTION('center_axis',(0.999847695156391,-2.67876881477164E-19,
0.0174524064372864));
#4085=DIRECTION('ref_axis',(-1.43526318723993E-33,1.,1.53489939877206E-17));
#4086=DIRECTION('center_axis',(-0.999847695156391,2.67876881477164E-19,
-0.0174524064372864));
#4087=DIRECTION('ref_axis',(0.0174524064372864,-5.44547627372341E-33,-0.999847695156391));
#4088=DIRECTION('',(4.89419056586068E-19,1.,-1.26898049854531E-17));
#4089=DIRECTION('',(-0.0174497491606856,0.0174497491606822,0.999695459881887));
#4090=DIRECTION('',(1.43526318723993E-33,-1.,-1.53489939877206E-17));
#4091=DIRECTION('center_axis',(7.73044619311638E-17,9.96449559149958E-18,
-1.));
#4092=DIRECTION('ref_axis',(1.,2.48717465834523E-34,7.73044619311638E-17));
#4093=DIRECTION('center_axis',(7.73044619311638E-17,9.96449559149958E-18,
-1.));
#4094=DIRECTION('ref_axis',(1.,-1.6973757476738E-33,4.16333634234434E-17));
#4095=DIRECTION('',(-1.,-4.44089209850063E-16,-2.52728782555198E-17));
#4096=DIRECTION('',(4.66604403973299E-33,1.,-6.35766860384319E-17));
#4097=DIRECTION('center_axis',(4.43580500369253E-16,-0.999847695156391,
0.017452406437283));
#4098=DIRECTION('ref_axis',(1.,4.44089209850063E-16,2.52728782555198E-17));
#4099=DIRECTION('',(1.,4.4487038616095E-16,7.00264391331439E-17));
#4100=DIRECTION('',(0.0174497491606856,0.0174497491606822,0.999695459881887));
#4101=DIRECTION('center_axis',(-0.999847695156391,1.10956616467847E-18,
0.0174524064372864));
#4102=DIRECTION('ref_axis',(-4.66604403973299E-33,-1.,6.35766860384319E-17));
#4103=DIRECTION('center_axis',(0.999847695156391,-1.10956616467847E-18,
-0.0174524064372864));
#4104=DIRECTION('ref_axis',(0.0174524064372864,5.38622969087302E-33,0.999847695156391));
#4105=DIRECTION('',(-8.88233812774382E-19,-1.,1.26898049854531E-17));
#4106=DIRECTION('center_axis',(0.999847695156391,-2.67876881477164E-19,
0.0174524064372864));
#4107=DIRECTION('ref_axis',(-1.43526318723993E-33,1.,1.53489939877206E-17));
#4108=DIRECTION('center_axis',(-0.999847695156391,2.67876881477164E-19,
-0.0174524064372864));
#4109=DIRECTION('ref_axis',(0.0174524064372864,-5.44547627372341E-33,-0.999847695156391));
#4110=DIRECTION('',(1.43526318723993E-33,-1.,-1.53489939877206E-17));
#4111=DIRECTION('',(-0.0174497491606856,-0.0174497491606822,0.999695459881887));
#4112=DIRECTION('',(4.89419056586068E-19,1.,-1.26898049854531E-17));
#4113=DIRECTION('center_axis',(-0.999847695156391,-5.0510579047084E-19,
0.0174524064372864));
#4114=DIRECTION('ref_axis',(2.48605542212008E-33,-1.,-2.89418993469977E-17));
#4115=DIRECTION('center_axis',(0.999847695156391,5.0510579047084E-19,-0.0174524064372864));
#4116=DIRECTION('ref_axis',(0.0174524064372864,5.38622969087302E-33,0.999847695156391));
#4117=DIRECTION('',(7.26684102195409E-19,-1.,1.26898049854531E-17));
#4118=DIRECTION('',(0.0174497491606856,-0.0174497491606822,0.999695459881887));
#4119=DIRECTION('',(-2.48605542212008E-33,1.,2.89418993469977E-17));
#4120=DIRECTION('center_axis',(-8.89538727023097E-16,0.999847695156391,
0.017452406437283));
#4121=DIRECTION('ref_axis',(-1.,-8.88178419700125E-16,-8.56948412045864E-17));
#4122=DIRECTION('',(1.,8.88178419700125E-16,8.56948412045864E-17));
#4123=DIRECTION('',(-1.,-8.88451912675604E-16,-7.00264391331439E-17));
#4124=DIRECTION('center_axis',(7.73044619311638E-17,9.96449559149958E-18,
-1.));
#4125=DIRECTION('ref_axis',(1.,2.48717465834523E-34,7.73044619311638E-17));
#4126=DIRECTION('center_axis',(7.73044619311638E-17,9.96449559149958E-18,
-1.));
#4127=DIRECTION('ref_axis',(1.,-1.6973757476738E-33,4.16333634234434E-17));
#4128=DIRECTION('center_axis',(0.999847695156391,-2.67876881477164E-19,
0.0174524064372864));
#4129=DIRECTION('ref_axis',(-1.43526318723993E-33,1.,1.53489939877206E-17));
#4130=DIRECTION('center_axis',(-0.999847695156391,2.67876881477164E-19,
-0.0174524064372864));
#4131=DIRECTION('ref_axis',(0.0174524064372864,-3.11853263134141E-33,-0.999847695156391));
#4132=DIRECTION('',(1.43526318723993E-33,-1.,-1.53489939877206E-17));
#4133=DIRECTION('',(-0.0174497491606856,-0.0174497491606821,0.999695459881887));
#4134=DIRECTION('',(4.89419056586067E-19,1.,-1.26898049854531E-17));
#4135=DIRECTION('center_axis',(-0.999847695156391,1.77719585781431E-15,
0.0174524064372932));
#4136=DIRECTION('ref_axis',(-1.77635683940025E-15,-1.,6.35766860384317E-17));
#4137=DIRECTION('center_axis',(0.999847695156391,-1.77719585781431E-15,
-0.0174524064372932));
#4138=DIRECTION('ref_axis',(0.0174524064372932,3.09164545502721E-33,0.999847695156391));
#4139=DIRECTION('',(-1.77724507321303E-15,-1.,1.2689804985453E-17));
#4140=DIRECTION('',(0.0174497491606923,-0.0174497491606821,0.999695459881887));
#4141=DIRECTION('',(1.77635683940025E-15,1.,-6.35766860384317E-17));
#4142=DIRECTION('center_axis',(-1.81851558931066E-18,0.999847695156391,
0.017452406437283));
#4143=DIRECTION('ref_axis',(-1.,1.92686386874831E-35,-1.04198558281672E-16));
#4144=DIRECTION('',(1.,-1.92686386874831E-35,1.04198558281672E-16));
#4145=DIRECTION('',(-1.,-5.96476558472331E-19,-7.00264391331439E-17));
#4146=DIRECTION('center_axis',(7.73044619311638E-17,9.96449559149958E-18,
-1.));
#4147=DIRECTION('ref_axis',(1.,2.48717465834523E-34,7.73044619311638E-17));
#4148=DIRECTION('center_axis',(7.73044619311638E-17,9.96449559149958E-18,
-1.));
#4149=DIRECTION('ref_axis',(1.,-7.70299970116329E-34,2.77555756156289E-17));
#4150=DIRECTION('center_axis',(0.999847695156391,-2.67876881477164E-19,
0.0174524064372864));
#4151=DIRECTION('ref_axis',(-1.43526318723993E-33,1.,1.53489939877206E-17));
#4152=DIRECTION('center_axis',(-0.999847695156391,2.67876881477164E-19,
-0.0174524064372864));
#4153=DIRECTION('ref_axis',(0.0174524064372864,-3.11853263134141E-33,-0.999847695156391));
#4154=DIRECTION('',(1.43526318723993E-33,-1.,-1.53489939877206E-17));
#4155=DIRECTION('',(-0.0174497491606856,-0.0174497491606821,0.999695459881887));
#4156=DIRECTION('',(4.89419056586067E-19,1.,-1.26898049854531E-17));
#4157=DIRECTION('center_axis',(-0.999847695156391,-5.05105790470839E-19,
0.0174524064372864));
#4158=DIRECTION('ref_axis',(2.48605542212008E-33,-1.,-2.89418993469977E-17));
#4159=DIRECTION('center_axis',(0.999847695156391,5.05105790470839E-19,-0.0174524064372864));
#4160=DIRECTION('ref_axis',(0.0174524064372864,3.09164545502721E-33,0.999847695156391));
#4161=DIRECTION('',(7.26684102195408E-19,-1.,1.26898049854531E-17));
#4162=DIRECTION('',(0.0174497491606856,-0.0174497491606821,0.999695459881887));
#4163=DIRECTION('',(-2.48605542212008E-33,1.,2.89418993469977E-17));
#4164=DIRECTION('center_axis',(-1.49558119828086E-18,0.999847695156391,
0.017452406437283));
#4165=DIRECTION('ref_axis',(-1.,-1.65111568553495E-34,-8.56948412045863E-17));
#4166=DIRECTION('',(1.,1.65111568553495E-34,8.56948412045863E-17));
#4167=DIRECTION('',(-1.,-2.73492975478438E-19,-7.00264391331439E-17));
#4168=DIRECTION('center_axis',(7.73044619311638E-17,9.96449559149958E-18,
-1.));
#4169=DIRECTION('ref_axis',(1.,2.48717465834523E-34,7.73044619311638E-17));
#4170=DIRECTION('center_axis',(7.73044619311638E-17,9.96449559149958E-18,
-1.));
#4171=DIRECTION('ref_axis',(1.,-7.70299970116329E-34,2.77555756156289E-17));
#4172=DIRECTION('center_axis',(0.999847695156391,-2.67876881477164E-19,
0.0174524064372864));
#4173=DIRECTION('ref_axis',(-1.43526318723993E-33,1.,1.53489939877206E-17));
#4174=DIRECTION('center_axis',(-0.999847695156391,2.67876881477164E-19,
-0.0174524064372864));
#4175=DIRECTION('ref_axis',(0.0174524064372864,-3.11853263134141E-33,-0.999847695156391));
#4176=DIRECTION('',(4.89419056586068E-19,1.,-1.26898049854531E-17));
#4177=DIRECTION('',(-0.0174497491606856,0.0174497491606822,0.999695459881887));
#4178=DIRECTION('',(1.43526318723993E-33,-1.,-1.53489939877206E-17));
#4179=DIRECTION('center_axis',(7.73044619311638E-17,9.96449559149958E-18,
-1.));
#4180=DIRECTION('ref_axis',(1.,2.48717465834523E-34,7.73044619311638E-17));
#4181=DIRECTION('center_axis',(7.73044619311638E-17,9.96449559149958E-18,
-1.));
#4182=DIRECTION('ref_axis',(1.,-7.70299970116329E-34,4.16333634234434E-17));
#4183=DIRECTION('',(-1.,-8.88178419700125E-16,-2.52728782555198E-17));
#4184=DIRECTION('',(4.66604403973299E-33,1.,-6.35766860384319E-17));
#4185=DIRECTION('center_axis',(8.87602073281661E-16,-0.999847695156391,
0.017452406437283));
#4186=DIRECTION('ref_axis',(1.,8.88178419700125E-16,2.52728782555198E-17));
#4187=DIRECTION('',(1.,8.88959596011013E-16,7.00264391331439E-17));
#4188=DIRECTION('',(0.0174497491606856,0.0174497491606822,0.999695459881887));
#4189=DIRECTION('center_axis',(-0.999847695156391,1.10956616467847E-18,
0.0174524064372864));
#4190=DIRECTION('ref_axis',(-4.66604403973299E-33,-1.,6.35766860384319E-17));
#4191=DIRECTION('center_axis',(0.999847695156391,-1.10956616467847E-18,
-0.0174524064372864));
#4192=DIRECTION('ref_axis',(0.0174524064372864,3.09164545502721E-33,0.999847695156391));
#4193=DIRECTION('',(-8.88233812774381E-19,-1.,1.26898049854531E-17));
#4194=DIRECTION('center_axis',(0.999847695156391,-2.67876881477164E-19,
0.0174524064372864));
#4195=DIRECTION('ref_axis',(-1.43526318723993E-33,1.,1.53489939877206E-17));
#4196=DIRECTION('center_axis',(-0.999847695156391,2.67876881477164E-19,
-0.0174524064372864));
#4197=DIRECTION('ref_axis',(0.0174524064372864,-3.11853263134141E-33,-0.999847695156391));
#4198=DIRECTION('',(4.89419056586067E-19,1.,-1.26898049854531E-17));
#4199=DIRECTION('',(-0.0174497491606856,0.0174497491606821,0.999695459881887));
#4200=DIRECTION('',(1.43526318723993E-33,-1.,-1.53489939877206E-17));
#4201=DIRECTION('center_axis',(7.73044619311638E-17,9.96449559149958E-18,
-1.));
#4202=DIRECTION('ref_axis',(1.,2.48717465834523E-34,7.73044619311638E-17));
#4203=DIRECTION('center_axis',(7.73044619311638E-17,9.96449559149958E-18,
-1.));
#4204=DIRECTION('ref_axis',(1.,-7.70299970116329E-34,2.77555756156289E-17));
#4205=DIRECTION('',(-1.,-2.96651230253077E-35,-9.92877465638634E-17));
#4206=DIRECTION('',(1.77635683940025E-15,1.,2.89418993469978E-17));
#4207=DIRECTION('center_axis',(-1.73281010727449E-18,-0.999847695156391,
0.017452406437283));
#4208=DIRECTION('ref_axis',(1.,2.96651230253077E-35,9.92877465638634E-17));
#4209=DIRECTION('',(1.,-5.10758021087728E-19,7.00264391331439E-17));
#4210=DIRECTION('',(0.0174497491606924,0.0174497491606821,0.999695459881887));
#4211=DIRECTION('center_axis',(-0.999847695156391,1.77558118585916E-15,
0.0174524064372932));
#4212=DIRECTION('ref_axis',(-1.77635683940025E-15,-1.,-2.89418993469978E-17));
#4213=DIRECTION('center_axis',(0.999847695156391,-1.77558118585916E-15,
-0.0174524064372932));
#4214=DIRECTION('ref_axis',(0.0174524064372932,3.09164545502721E-33,0.999847695156391));
#4215=DIRECTION('',(-1.77563015529805E-15,-1.,1.2689804985453E-17));
#4216=DIRECTION('center_axis',(7.00264391331439E-17,-1.26898049854531E-17,
-1.));
#4217=DIRECTION('ref_axis',(1.,1.35836662973365E-33,7.00264391331439E-17));
#4218=DIRECTION('center_axis',(4.16333634234434E-17,-3.10556203532442E-33,
-1.));
#4219=DIRECTION('ref_axis',(1.,-7.70299970116329E-34,4.16333634234434E-17));
#4220=DIRECTION('',(-0.756501296830325,0.653992192532936,-6.1274125401885E-17));
#4221=DIRECTION('center_axis',(2.77555756156289E-17,-3.10556203532442E-33,
-1.));
#4222=DIRECTION('ref_axis',(1.,-7.70299970116329E-34,2.77555756156289E-17));
#4223=DIRECTION('',(0.756501296830324,0.653992192532936,4.46760586313813E-17));
#4224=DIRECTION('center_axis',(4.16333634234434E-17,-5.4166779685891E-33,
-1.));
#4225=DIRECTION('ref_axis',(1.,-1.6973757476738E-33,4.16333634234434E-17));
#4226=DIRECTION('center_axis',(4.16333634234434E-17,-5.4166779685891E-33,
-1.));
#4227=DIRECTION('ref_axis',(1.,-1.6973757476738E-33,4.16333634234434E-17));
#4228=DIRECTION('',(0.756501296830324,-0.653992192532937,6.1274125401885E-17));
#4229=DIRECTION('center_axis',(2.77555756156289E-17,-3.10556203532442E-33,
-1.));
#4230=DIRECTION('ref_axis',(1.,-7.70299970116329E-34,2.77555756156289E-17));
#4231=DIRECTION('center_axis',(2.77555756156289E-17,-3.10556203532442E-33,
-1.));
#4232=DIRECTION('ref_axis',(1.,-7.70299970116329E-34,2.77555756156289E-17));
#4233=DIRECTION('',(-0.756501296830324,-0.653992192532937,-4.46760586313812E-17));
#4234=DIRECTION('center_axis',(4.16333634234434E-17,-3.10556203532442E-33,
-1.));
#4235=DIRECTION('ref_axis',(1.,-7.70299970116329E-34,4.16333634234434E-17));
#4236=DIRECTION('center_axis',(-7.00264391331439E-17,1.26898049854531E-17,
1.));
#4237=DIRECTION('ref_axis',(1.,0.,0.));
#4238=DIRECTION('center_axis',(-4.16333634234434E-17,5.4166779685891E-33,
1.));
#4239=DIRECTION('ref_axis',(1.,-1.6973757476738E-33,4.16333634234434E-17));
#4240=DIRECTION('center_axis',(4.16333634234434E-17,-5.4166779685891E-33,
-1.));
#4241=DIRECTION('ref_axis',(1.,-1.6973757476738E-33,4.16333634234434E-17));
#4242=DIRECTION('',(4.16333634234434E-17,-5.4166779685891E-33,-1.));
#4243=DIRECTION('center_axis',(4.16333634234434E-17,-5.4166779685891E-33,
-1.));
#4244=DIRECTION('ref_axis',(1.,-1.6973757476738E-33,4.16333634234434E-17));
#4245=DIRECTION('center_axis',(4.16333634234434E-17,-5.4166779685891E-33,
-1.));
#4246=DIRECTION('ref_axis',(1.,-1.6973757476738E-33,4.16333634234434E-17));
#4247=DIRECTION('center_axis',(0.653892586354332,0.756386078018621,0.0174524064372763));
#4248=DIRECTION('ref_axis',(0.0114137375508903,0.0132027681026094,-0.999847695156391));
#4249=DIRECTION('center_axis',(8.23646909168101E-18,-3.09769261019709E-16,
1.));
#4250=DIRECTION('ref_axis',(1.,-1.6973757476738E-33,4.16333634234434E-17));
#4251=DIRECTION('center_axis',(-0.653892586354332,-0.756386078018621,0.0174524064372763));
#4252=DIRECTION('ref_axis',(0.0114137375508902,0.0132027681026094,0.999847695156391));
#4253=DIRECTION('center_axis',(0.653892586354331,-0.756386078018621,0.0174524064372853));
#4254=DIRECTION('ref_axis',(0.0114137375508962,-0.0132027681026162,-0.999847695156391));
#4255=DIRECTION('center_axis',(8.23646909168101E-18,-3.09769261019709E-16,
1.));
#4256=DIRECTION('ref_axis',(1.,-1.6973757476738E-33,4.16333634234434E-17));
#4257=DIRECTION('center_axis',(-0.653892586354332,0.756386078018621,0.0174524064372788));
#4258=DIRECTION('ref_axis',(0.0114137375508919,-0.0132027681026114,0.999847695156391));
#4259=DIRECTION('center_axis',(4.16333634234434E-17,-5.4166779685891E-33,
-1.));
#4260=DIRECTION('ref_axis',(1.,-1.6973757476738E-33,4.16333634234434E-17));
#4261=DIRECTION('center_axis',(-2.77555756156289E-17,3.10556203532442E-33,
1.));
#4262=DIRECTION('ref_axis',(1.,-7.70299970116329E-34,2.77555756156289E-17));
#4263=DIRECTION('center_axis',(2.77555756156289E-17,-3.10556203532442E-33,
-1.));
#4264=DIRECTION('ref_axis',(1.,-7.70299970116329E-34,2.77555756156289E-17));
#4265=DIRECTION('',(2.77555756156289E-17,-3.10556203532442E-33,-1.));
#4266=DIRECTION('center_axis',(-0.653892586354332,-0.756386078018621,0.0174524064372763));
#4267=DIRECTION('ref_axis',(0.0114137375508902,0.0132027681026094,0.999847695156391));
#4268=DIRECTION('center_axis',(8.23646909168101E-18,-3.09769261019709E-16,
1.));
#4269=DIRECTION('ref_axis',(1.,-7.70299970116329E-34,2.77555756156289E-17));
#4270=DIRECTION('center_axis',(0.653892586354332,0.756386078018621,0.0174524064372763));
#4271=DIRECTION('ref_axis',(0.0114137375508903,0.0132027681026094,-0.999847695156391));
#4272=DIRECTION('center_axis',(2.77555756156289E-17,-3.10556203532442E-33,
-1.));
#4273=DIRECTION('ref_axis',(1.,-7.70299970116329E-34,2.77555756156289E-17));
#4274=DIRECTION('center_axis',(2.77555756156289E-17,-3.10556203532442E-33,
-1.));
#4275=DIRECTION('ref_axis',(1.,-7.70299970116329E-34,2.77555756156289E-17));
#4276=DIRECTION('center_axis',(-3.82900662924255E-17,0.999847695156391,
0.0174524064372842));
#4277=DIRECTION('ref_axis',(2.77513483070255E-17,0.0174524064372842,-0.999847695156391));
#4278=DIRECTION('center_axis',(8.23646909168101E-18,-3.09769261019709E-16,
1.));
#4279=DIRECTION('ref_axis',(1.,-7.70299970116329E-34,2.77555756156289E-17));
#4280=DIRECTION('center_axis',(3.40261507942858E-17,-0.999847695156391,
0.0174524064372854));
#4281=DIRECTION('ref_axis',(-2.77513483070255E-17,0.0174524064372854,0.999847695156391));
#4282=DIRECTION('center_axis',(2.77555756156289E-17,-3.10556203532442E-33,
-1.));
#4283=DIRECTION('ref_axis',(1.,-7.70299970116329E-34,2.77555756156289E-17));
#4284=DIRECTION('center_axis',(2.77555756156289E-17,-3.10556203532442E-33,
-1.));
#4285=DIRECTION('ref_axis',(1.,-7.70299970116329E-34,2.77555756156289E-17));
#4286=DIRECTION('center_axis',(0.653892586354332,-0.75638607801862,0.0174524064372788));
#4287=DIRECTION('ref_axis',(0.011413737550892,-0.0132027681026113,-0.999847695156391));
#4288=DIRECTION('center_axis',(8.23646909168101E-18,-3.09769261019709E-16,
1.));
#4289=DIRECTION('ref_axis',(1.,-7.70299970116329E-34,2.77555756156289E-17));
#4290=DIRECTION('center_axis',(-0.653892586354332,0.75638607801862,0.0174524064372919));
#4291=DIRECTION('ref_axis',(0.0114137375509004,-0.0132027681026212,0.999847695156391));
#4292=DIRECTION('center_axis',(7.00264391331439E-17,-1.26898049854531E-17,
-1.));
#4293=DIRECTION('ref_axis',(1.,1.35836662973365E-33,7.00264391331439E-17));
#4294=DIRECTION('',(-0.756501296830324,-0.653992192532937,-4.46760586313813E-17));
#4295=DIRECTION('center_axis',(2.77555756156289E-17,-3.10556203532442E-33,
-1.));
#4296=DIRECTION('ref_axis',(1.,-7.70299970116329E-34,2.77555756156289E-17));
#4297=DIRECTION('center_axis',(2.77555756156289E-17,-3.10556203532442E-33,
-1.));
#4298=DIRECTION('ref_axis',(1.,-7.70299970116329E-34,2.77555756156289E-17));
#4299=DIRECTION('',(-1.,4.95849475804054E-18,-7.00264391331439E-17));
#4300=DIRECTION('center_axis',(7.00264391331439E-17,-1.26898049854531E-17,
-1.));
#4301=DIRECTION('ref_axis',(1.,1.35836662973365E-33,7.00264391331439E-17));
#4302=DIRECTION('center_axis',(-7.00264391331439E-17,1.26898049854531E-17,
1.));
#4303=DIRECTION('ref_axis',(1.,0.,0.));
#4304=DIRECTION('center_axis',(7.00264391331439E-17,-1.26898049854531E-17,
-1.));
#4305=DIRECTION('ref_axis',(1.,1.35836662973365E-33,7.00264391331439E-17));
#4306=DIRECTION('center_axis',(7.00264391331439E-17,-1.26898049854531E-17,
-1.));
#4307=DIRECTION('ref_axis',(0.299860454285019,-0.953983075298499,0.));
#4308=DIRECTION('',(-0.69739964556101,-0.716682450162816,-3.97418533022914E-17));
#4309=DIRECTION('center_axis',(7.00264391331439E-17,-1.26898049854531E-17,
-1.));
#4310=DIRECTION('ref_axis',(0.925749477677882,-0.378137414942146,0.));
#4311=DIRECTION('center_axis',(7.00264391331439E-17,-1.26898049854531E-17,
-1.));
#4312=DIRECTION('ref_axis',(1.,1.35836662973365E-33,7.00264391331439E-17));
#4313=DIRECTION('',(1.,-1.22231604176091E-18,7.00264391331439E-17));
#4314=DIRECTION('',(0.975414431917196,-0.220378506228836,7.11013596132691E-17));
#4315=DIRECTION('center_axis',(7.00264391331439E-17,-1.26898049854531E-17,
-1.));
#4316=DIRECTION('ref_axis',(1.,1.35836662973365E-33,7.00264391331439E-17));
#4317=DIRECTION('',(-1.66118646926296E-19,-1.,1.26898049854531E-17));
#4318=DIRECTION('',(-0.856653673635792,0.515891930006956,-6.65349743203982E-17));
#4319=DIRECTION('center_axis',(-7.00264391331439E-17,1.26898049854531E-17,
1.));
#4320=DIRECTION('ref_axis',(0.856653673635922,-0.51589193000674,6.57685288709982E-17));
#4321=DIRECTION('',(-1.66118646926296E-19,-1.,1.26898049854531E-17));
#4322=DIRECTION('',(1.,-2.87073466841499E-17,7.00264391331439E-17));
#4323=DIRECTION('',(-1.66118646926296E-19,1.,-1.26898049854531E-17));
#4324=DIRECTION('center_axis',(7.00264391331439E-17,-1.26898049854531E-17,
-1.));
#4325=DIRECTION('ref_axis',(1.,1.35836662973365E-33,7.00264391331439E-17));
#4326=DIRECTION('',(-1.,-3.7073582901564E-17,-7.00264391331439E-17));
#4327=DIRECTION('',(-0.756501296830324,0.653992192532937,-6.1274125401885E-17));
#4328=DIRECTION('center_axis',(0.999390827019096,9.24807609615966E-15,-0.034899496702501));
#4329=DIRECTION('ref_axis',(-0.034899496702501,-4.74063117151769E-35,-0.999390827019096));
#4330=DIRECTION('center_axis',(-0.999349155381533,-9.33535042972146E-15,
0.0360730597290685));
#4331=DIRECTION('ref_axis',(-0.0360730597290685,0.,-0.999349155381533));
#4332=DIRECTION('center_axis',(0.,0.,1.));
#4333=DIRECTION('ref_axis',(-0.989726884120978,-0.142970958058555,0.));
#4334=DIRECTION('center_axis',(1.47269285430532E-15,1.54629093830603E-15,
-1.));
#4335=DIRECTION('ref_axis',(-0.719254556800238,0.694746631889708,6.724643539513E-33));
#4336=DIRECTION('center_axis',(1.22212987710732E-18,-0.999847695156391,
-0.0174524064372835));
#4337=DIRECTION('ref_axis',(-2.37067665129547E-35,0.0174524064372835,-0.999847695156391));
#4338=DIRECTION('center_axis',(-7.00264391331439E-17,1.26898049854531E-17,
1.));
#4339=DIRECTION('ref_axis',(1.,1.35836662973365E-33,0.));
#4340=DIRECTION('center_axis',(1.22212987710732E-18,0.999847695156391,-0.0174524064372835));
#4341=DIRECTION('ref_axis',(-2.37067665129547E-35,0.0174524064372835,0.999847695156391));
#4342=DIRECTION('center_axis',(2.46519032881566E-32,7.70371977754894E-33,
1.));
#4343=DIRECTION('ref_axis',(-0.719254556800238,0.694746631889708,1.23788604053311E-32));
#4344=DIRECTION('',(1.23259516440783E-32,3.08148791101958E-33,1.));
#4345=DIRECTION('center_axis',(3.73560967816453E-18,0.999847695156391,0.0174524064372838));
#4346=DIRECTION('ref_axis',(-2.37067665129551E-35,0.0174524064372838,-0.999847695156391));
#4347=DIRECTION('center_axis',(8.23646909168101E-18,-3.09769261019709E-16,
1.));
#4348=DIRECTION('ref_axis',(1.,1.35836662973365E-33,0.));
#4349=DIRECTION('center_axis',(-3.7356096781647E-18,0.999847695156391,-0.0174524064372846));
#4350=DIRECTION('ref_axis',(-2.37067665129562E-35,0.0174524064372846,0.999847695156391));
#4351=DIRECTION('center_axis',(7.00264391331439E-17,-1.26898049854531E-17,
-1.));
#4352=DIRECTION('ref_axis',(1.,1.35836662973365E-33,7.00264391331439E-17));
#4353=DIRECTION('',(0.,0.,1.));
#4354=DIRECTION('center_axis',(2.46519032881566E-32,7.70371977754894E-33,
1.));
#4355=DIRECTION('ref_axis',(-0.719254556800238,0.694746631889708,1.23788604053311E-32));
#4356=DIRECTION('center_axis',(-0.999390827019096,-9.24807609615966E-15,
0.034899496702501));
#4357=DIRECTION('ref_axis',(-0.034899496702501,-2.81914967029887E-16,-0.999390827019096));
#4358=DIRECTION('center_axis',(0.999390827019096,9.24807609615966E-15,-0.034899496702501));
#4359=DIRECTION('ref_axis',(-9.19971553879538E-15,1.,1.54629093830601E-15));
#4360=DIRECTION('',(9.25371320821915E-15,-1.,7.70371977754871E-33));
#4361=DIRECTION('',(-9.19971553879538E-15,1.,1.54629093830601E-15));
#4362=DIRECTION('center_axis',(1.23259516440783E-32,3.08148791101958E-33,
1.));
#4363=DIRECTION('ref_axis',(-1.,7.70299970116329E-34,1.23259516440783E-32));
#4364=DIRECTION('center_axis',(-2.46519032881566E-32,-7.70371977754894E-33,
-1.));
#4365=DIRECTION('ref_axis',(-1.,7.70299970116329E-34,1.23259516440783E-32));
#4366=DIRECTION('center_axis',(-7.00264391331439E-17,1.26898049854531E-17,
1.));
#4367=DIRECTION('ref_axis',(-1.,7.70299970116329E-34,1.23259516440783E-32));
#4368=DIRECTION('center_axis',(-1.47269285430532E-15,-1.54629093830603E-15,
1.));
#4369=DIRECTION('ref_axis',(-1.,7.70299970116329E-34,1.23259516440783E-32));
#4370=DIRECTION('center_axis',(1.47269285430532E-15,1.54629093830603E-15,
-1.));
#4371=DIRECTION('ref_axis',(-1.,7.70299970116325E-34,-1.47269285430532E-15));
#4372=DIRECTION('',(-1.,2.44836333494606E-17,-1.47269285430532E-15));
#4373=DIRECTION('center_axis',(1.22212987710732E-18,-0.999847695156391,
-0.0174524064372835));
#4374=DIRECTION('ref_axis',(-1.,-1.22212987710732E-18,-1.06653658606251E-20));
#4375=DIRECTION('',(1.,-7.70489327011347E-34,7.00264391331439E-17));
#4376=DIRECTION('center_axis',(7.00264391331439E-17,-1.26898049854531E-17,
-1.));
#4377=DIRECTION('ref_axis',(1.,1.35836662973365E-33,7.00264391331439E-17));
#4378=DIRECTION('',(-2.21501369947504E-19,-1.,1.26898049854531E-17));
#4379=DIRECTION('center_axis',(7.00264391331439E-17,-1.26898049854531E-17,
-1.));
#4380=DIRECTION('ref_axis',(1.,1.35836662973365E-33,0.));
#4381=DIRECTION('',(1.,-1.2223160417609E-18,7.00264391331439E-17));
#4382=DIRECTION('',(-2.21501369947502E-19,1.,-1.26898049854531E-17));
#4383=DIRECTION('center_axis',(-7.00264391331439E-17,1.26898049854531E-17,
1.));
#4384=DIRECTION('ref_axis',(-1.,7.70299970116329E-34,1.23259516440783E-32));
#4385=DIRECTION('',(0.965925826289068,0.258819045102521,6.4355982872891E-17));
#4386=DIRECTION('',(-0.258819045102521,0.965925826289068,-3.03815864743911E-17));
#4387=DIRECTION('',(-0.965925826289068,-0.258819045102521,-6.4355982872891E-17));
#4388=DIRECTION('center_axis',(-7.00264391331439E-17,1.26898049854531E-17,
1.));
#4389=DIRECTION('ref_axis',(-1.,7.70299970116329E-34,1.23259516440783E-32));
#4390=DIRECTION('',(-2.21501369947502E-19,1.,-1.26898049854531E-17));
#4391=DIRECTION('',(-0.69739964556101,-0.716682450162816,-3.97418533022914E-17));
#4392=DIRECTION('center_axis',(-7.00264391331439E-17,1.26898049854531E-17,
1.));
#4393=DIRECTION('ref_axis',(0.299860454285019,-0.953983075298499,0.));
#4394=DIRECTION('center_axis',(-7.00264391331439E-17,1.26898049854531E-17,
1.));
#4395=DIRECTION('ref_axis',(1.,1.35836662973365E-33,0.));
#4396=DIRECTION('',(-2.21501369947504E-19,-1.,1.26898049854531E-17));
#4397=DIRECTION('center_axis',(-7.00264391331439E-17,1.26898049854531E-17,
1.));
#4398=DIRECTION('ref_axis',(-1.,7.70299970116329E-34,1.23259516440783E-32));
#4399=DIRECTION('',(-1.,7.70489327011347E-34,-7.00264391331439E-17));
#4400=DIRECTION('center_axis',(-7.00264391331439E-17,1.26898049854531E-17,
1.));
#4401=DIRECTION('ref_axis',(1.,-7.70299970116329E-34,2.77555756156289E-17));
#4402=DIRECTION('center_axis',(0.999847695156391,-8.23962029154538E-34,
-0.0174524064372835));
#4403=DIRECTION('ref_axis',(7.70299970116329E-34,1.,-3.08148791101958E-33));
#4404=DIRECTION('',(-6.89618612772783E-34,-1.,7.70371977754894E-33));
#4405=DIRECTION('',(-0.0174497491606827,0.0174497491606827,-0.999695459881888));
#4406=DIRECTION('center_axis',(-9.85300167518607E-34,-0.999847695156391,
-0.0174524064372835));
#4407=DIRECTION('ref_axis',(-2.37067665129547E-35,0.0174524064372835,-0.999847695156391));
#4408=DIRECTION('center_axis',(9.28844375994411E-17,0.999798657252191,0.0200660149684903));
#4409=DIRECTION('ref_axis',(0.,0.0200660149684903,-0.999798657252191));
#4410=DIRECTION('center_axis',(-9.85300167518607E-34,-0.999847695156391,
-0.0174524064372835));
#4411=DIRECTION('ref_axis',(1.,-7.70299970116329E-34,-1.23259516440783E-32));
#4412=DIRECTION('',(1.,-1.22231604176091E-18,7.00264391331439E-17));
#4413=DIRECTION('',(1.,-5.55149683866872E-34,-2.46519032881566E-32));
#4414=DIRECTION('',(0.00194699801147042,0.0174523733579501,-0.999845800042646));
#4415=DIRECTION('center_axis',(7.00264391331439E-17,-1.26898049854531E-17,
-1.));
#4416=DIRECTION('ref_axis',(1.,1.35836662973365E-33,7.00264391331439E-17));
#4417=DIRECTION('center_axis',(-7.00264391331439E-17,1.26898049854531E-17,
1.));
#4418=DIRECTION('ref_axis',(1.,1.35836662973365E-33,0.));
#4419=DIRECTION('',(0.707106781186547,-0.707106781186548,5.84892171305418E-17));
#4420=DIRECTION('center_axis',(-7.00264391331439E-17,1.26898049854531E-17,
1.));
#4421=DIRECTION('ref_axis',(-1.,7.70299970116329E-34,1.23259516440783E-32));
#4422=DIRECTION('',(4.03385169261979E-16,-1.,1.26898049854531E-17));
#4423=DIRECTION('',(-1.,-1.83370684290995E-18,-7.00264391331439E-17));
#4424=DIRECTION('',(-3.32294238077353E-19,-1.,1.26898049854531E-17));
#4425=DIRECTION('',(1.,-1.83370684290995E-18,7.00264391331439E-17));
#4426=DIRECTION('',(4.03385169261979E-16,-1.,1.26898049854531E-17));
#4427=DIRECTION('',(-1.,-1.2223160417609E-18,-7.00264391331439E-17));
#4428=DIRECTION('',(-2.21501369947504E-19,-1.,1.26898049854531E-17));
#4429=DIRECTION('center_axis',(-7.00264391331439E-17,1.26898049854531E-17,
1.));
#4430=DIRECTION('ref_axis',(-1.,7.70299970116329E-34,1.23259516440783E-32));
#4431=DIRECTION('',(-1.,7.70489327011347E-34,-7.00264391331439E-17));
#4432=DIRECTION('center_axis',(7.00264391331439E-17,-1.26898049854531E-17,
-1.));
#4433=DIRECTION('ref_axis',(1.,1.35836662973365E-33,0.));
#4434=DIRECTION('',(1.,-7.70489327011347E-34,7.00264391331439E-17));
#4435=DIRECTION('center_axis',(-7.00264391331439E-17,1.26898049854531E-17,
1.));
#4436=DIRECTION('ref_axis',(-1.,7.70299970116329E-34,1.23259516440783E-32));
#4437=DIRECTION('',(-2.21501369947504E-19,-1.,1.26898049854531E-17));
#4438=DIRECTION('center_axis',(-7.00264391331439E-17,1.26898049854531E-17,
1.));
#4439=DIRECTION('ref_axis',(1.,1.35836662973365E-33,0.));
#4440=DIRECTION('',(-2.21501369947502E-19,1.,-1.26898049854531E-17));
#4441=DIRECTION('center_axis',(-7.00264391331439E-17,1.26898049854531E-17,
1.));
#4442=DIRECTION('ref_axis',(-1.,7.70299970116329E-34,1.23259516440783E-32));
#4443=DIRECTION('',(0.965925826289068,-0.258819045102521,7.09247092906354E-17));
#4444=DIRECTION('',(0.756501296830323,0.653992192532938,4.46760586313812E-17));
#4445=DIRECTION('',(-0.965925826289068,0.258819045102521,-7.09247092906354E-17));
#4446=DIRECTION('center_axis',(-7.00264391331439E-17,1.26898049854531E-17,
1.));
#4447=DIRECTION('ref_axis',(-1.,7.70299970116329E-34,1.23259516440783E-32));
#4448=DIRECTION('',(-2.21501369947502E-19,1.,-1.26898049854531E-17));
#4449=DIRECTION('',(-1.,-1.2223160417609E-18,-7.00264391331439E-17));
#4450=DIRECTION('',(-4.04049757738134E-16,1.,-1.26898049854531E-17));
#4451=DIRECTION('',(1.,-1.83370684290995E-18,7.00264391331439E-17));
#4452=DIRECTION('',(-3.32294238077352E-19,1.,-1.26898049854531E-17));
#4453=DIRECTION('',(1.,-7.70489327011347E-34,7.00264391331439E-17));
#4454=DIRECTION('center_axis',(-7.00264391331439E-17,1.26898049854531E-17,
1.));
#4455=DIRECTION('ref_axis',(-1.,7.70299970116329E-34,1.23259516440783E-32));
#4456=DIRECTION('',(-2.21501369947504E-19,-1.,1.26898049854531E-17));
#4457=DIRECTION('',(1.,-1.2223160417609E-18,7.00264391331439E-17));
#4458=DIRECTION('',(-2.21501369947502E-19,1.,-1.26898049854531E-17));
#4459=DIRECTION('center_axis',(-7.00264391331439E-17,1.26898049854531E-17,
1.));
#4460=DIRECTION('ref_axis',(-1.,7.70299970116329E-34,1.23259516440783E-32));
#4461=DIRECTION('',(0.707106781186547,-0.707106781186547,5.84892171305418E-17));
#4462=DIRECTION('',(0.756501296830323,0.653992192532938,4.46760586313812E-17));
#4463=DIRECTION('center_axis',(-7.00264391331439E-17,1.26898049854531E-17,
1.));
#4464=DIRECTION('ref_axis',(1.,1.35836662973365E-33,0.));
#4465=DIRECTION('',(-0.707106781186547,0.707106781186547,-5.84892171305418E-17));
#4466=DIRECTION('center_axis',(-7.00264391331439E-17,1.26898049854531E-17,
1.));
#4467=DIRECTION('ref_axis',(-1.,7.70299970116329E-34,1.23259516440783E-32));
#4468=DIRECTION('',(-2.21501369947502E-19,1.,-1.26898049854531E-17));
#4469=DIRECTION('',(-1.66118646926296E-19,1.,-1.26898049854531E-17));
#4470=DIRECTION('',(1.,-2.87073466841499E-17,7.00264391331439E-17));
#4471=DIRECTION('',(-1.66118646926296E-19,-1.,1.26898049854531E-17));
#4472=DIRECTION('center_axis',(7.00264391331439E-17,-1.26898049854531E-17,
-1.));
#4473=DIRECTION('ref_axis',(0.856653673635922,-0.51589193000674,6.57685288709982E-17));
#4474=DIRECTION('',(-0.856653673635792,0.515891930006956,-6.65349743203982E-17));
#4475=DIRECTION('',(-2.21501369947504E-19,-1.,1.26898049854531E-17));
#4476=DIRECTION('center_axis',(-7.00264391331439E-17,1.26898049854531E-17,
1.));
#4477=DIRECTION('ref_axis',(-1.,7.70299970116329E-34,1.23259516440783E-32));
#4478=DIRECTION('',(-0.707106781186547,0.707106781186548,-5.84892171305418E-17));
#4479=DIRECTION('center_axis',(-7.00264391331439E-17,1.26898049854531E-17,
1.));
#4480=DIRECTION('ref_axis',(-1.,7.70299970116329E-34,1.23259516440783E-32));
#4481=DIRECTION('',(-0.856653673635792,0.515891930006956,-6.65349743203982E-17));
#4482=DIRECTION('',(-1.66118646926296E-19,-1.,1.26898049854531E-17));
#4483=DIRECTION('center_axis',(-7.00264391331439E-17,1.26898049854531E-17,
1.));
#4484=DIRECTION('ref_axis',(-1.,7.70299970116329E-34,1.23259516440783E-32));
#4485=DIRECTION('center_axis',(-7.00264391331439E-17,1.26898049854531E-17,
1.));
#4486=DIRECTION('ref_axis',(1.,-7.70299970116329E-34,2.77555756156289E-17));
#4487=DIRECTION('center_axis',(-7.00264391331439E-17,1.26898049854531E-17,
1.));
#4488=DIRECTION('ref_axis',(1.,8.88621856425298E-34,7.00264391331439E-17));
#4489=DIRECTION('',(-1.,-1.83370684290995E-18,-7.00264391331439E-17));
#4490=DIRECTION('',(-4.04049757738134E-16,1.,-1.26898049854531E-17));
#4491=DIRECTION('center_axis',(-7.00264391331439E-17,1.26898049854531E-17,
1.));
#4492=DIRECTION('ref_axis',(-1.,7.70299970116329E-34,1.23259516440783E-32));
#4493=DIRECTION('',(0.707106781186547,-0.707106781186548,5.84892171305418E-17));
#4494=DIRECTION('center_axis',(-7.00264391331439E-17,1.26898049854531E-17,
1.));
#4495=DIRECTION('ref_axis',(-1.,7.70299970116329E-34,1.23259516440783E-32));
#4496=DIRECTION('',(-1.,-1.75357678185726E-16,-7.00264391331439E-17));
#4497=DIRECTION('',(-7.70299970116329E-34,-1.,1.26898049854531E-17));
#4498=DIRECTION('center_axis',(-7.00264391331439E-17,1.26898049854531E-17,
1.));
#4499=DIRECTION('ref_axis',(1.,-1.6973757476738E-33,4.16333634234434E-17));
#4500=DIRECTION('center_axis',(-7.00264391331439E-17,1.26898049854531E-17,
1.));
#4501=DIRECTION('ref_axis',(1.,-7.70299970116329E-34,4.16333634234433E-17));
#4502=DIRECTION('center_axis',(0.220334134614834,0.975218039295222,0.0200660149684903));
#4503=DIRECTION('ref_axis',(0.00442211840472135,0.0195726805913319,-0.999798657252191));
#4504=DIRECTION('center_axis',(-0.22034494151491,-0.975265871574689,-0.0174524064372835));
#4505=DIRECTION('ref_axis',(0.00384613526074706,0.0170233291106109,-0.999847695156391));
#4506=DIRECTION('center_axis',(-0.22034494151491,-0.975265871574689,-0.0174524064372835));
#4507=DIRECTION('ref_axis',(0.975414431917196,-0.220378506228836,0.));
#4508=DIRECTION('',(-0.975414431917196,0.220378506228836,2.23480879845132E-32));
#4509=DIRECTION('center_axis',(0.999886739801264,1.39332740662231E-16,0.0150501684242631));
#4510=DIRECTION('ref_axis',(0.0150501684242631,0.,-0.999886739801264));
#4511=DIRECTION('center_axis',(-0.999914327574007,0.,-0.0130895955713444));
#4512=DIRECTION('ref_axis',(0.0130895955713444,1.77804698208237E-35,-0.999914327574007));
#4513=DIRECTION('center_axis',(-0.999914327574007,0.,-0.0130895955713444));
#4514=DIRECTION('ref_axis',(0.,-1.,0.));
#4515=DIRECTION('',(-1.00847216108742E-34,-1.,7.70371977754894E-33));
#4516=DIRECTION('',(-0.0130891889076931,0.00788254009249289,0.999883262533896));
#4517=DIRECTION('center_axis',(2.46519032881566E-32,7.70371977754894E-33,
1.));
#4518=DIRECTION('ref_axis',(-1.,7.70299970116329E-34,2.46519032881566E-32));
#4519=DIRECTION('center_axis',(-2.46519032881566E-32,-7.70371977754894E-33,
-1.));
#4520=DIRECTION('ref_axis',(-1.,7.70299970116329E-34,1.23259516440783E-32));
#4521=DIRECTION('center_axis',(1.64428132020323E-14,1.08009773574992E-14,
1.));
#4522=DIRECTION('ref_axis',(0.835805777748005,0.549025228822003,-1.9673007341892E-14));
#4523=DIRECTION('center_axis',(-2.77555756156289E-17,3.10556203532442E-33,
1.));
#4524=DIRECTION('ref_axis',(1.,0.,0.));
#4525=DIRECTION('center_axis',(2.77555756156289E-17,-3.10556203532442E-33,
-1.));
#4526=DIRECTION('ref_axis',(1.,4.02572856430943E-34,2.56996070515083E-17));
#4527=DIRECTION('center_axis',(1.28498035257541E-16,-1.,6.67209896937485E-33));
#4528=DIRECTION('ref_axis',(-1.,-1.28498035257541E-16,0.));
#4529=DIRECTION('center_axis',(-2.77555756156289E-17,3.10556203532442E-33,
1.));
#4530=DIRECTION('ref_axis',(1.,4.02572856430943E-34,2.77555756156289E-17));
#4531=DIRECTION('center_axis',(-2.77555756156289E-17,3.10556203532442E-33,
1.));
#4532=DIRECTION('ref_axis',(1.,-7.70299970116329E-34,2.77555756156289E-17));
#4533=DIRECTION('center_axis',(-2.77555756156289E-17,3.10556203532442E-33,
1.));
#4534=DIRECTION('ref_axis',(1.,-7.70299970116329E-34,2.77555756156289E-17));
#4535=DIRECTION('center_axis',(-2.77555756156289E-17,3.10556203532442E-33,
1.));
#4536=DIRECTION('ref_axis',(1.,-7.70299970116329E-34,2.77555756156289E-17));
#4537=DIRECTION('',(2.77555756156289E-17,-3.10556203532442E-33,-1.));
#4538=DIRECTION('center_axis',(-4.16333634234434E-17,3.10556203532442E-33,
1.));
#4539=DIRECTION('ref_axis',(1.,0.,0.));
#4540=DIRECTION('center_axis',(4.16333634234434E-17,-3.10556203532442E-33,
-1.));
#4541=DIRECTION('ref_axis',(1.,4.02572856430943E-34,5.13992141030164E-17));
#4542=DIRECTION('center_axis',(0.,-1.,3.10556203532442E-33));
#4543=DIRECTION('ref_axis',(-1.,0.,0.));
#4544=DIRECTION('center_axis',(-4.16333634234434E-17,3.10556203532442E-33,
1.));
#4545=DIRECTION('ref_axis',(1.,4.02572856430943E-34,4.16333634234434E-17));
#4546=DIRECTION('center_axis',(-4.16333634234434E-17,3.10556203532442E-33,
1.));
#4547=DIRECTION('ref_axis',(1.,-7.70299970116329E-34,4.16333634234434E-17));
#4548=DIRECTION('center_axis',(-4.16333634234434E-17,3.10556203532442E-33,
1.));
#4549=DIRECTION('ref_axis',(1.,-7.70299970116329E-34,4.16333634234434E-17));
#4550=DIRECTION('center_axis',(-4.16333634234434E-17,3.10556203532442E-33,
1.));
#4551=DIRECTION('ref_axis',(1.,-7.70299970116329E-34,4.16333634234434E-17));
#4552=DIRECTION('',(4.16333634234434E-17,-3.10556203532442E-33,-1.));
#4553=DIRECTION('center_axis',(-4.16333634234434E-17,5.4166779685891E-33,
1.));
#4554=DIRECTION('ref_axis',(1.,0.,0.));
#4555=DIRECTION('center_axis',(4.16333634234434E-17,-5.4166779685891E-33,
-1.));
#4556=DIRECTION('ref_axis',(1.,7.02161958891182E-34,5.13992141030166E-17));
#4557=DIRECTION('center_axis',(0.,-1.,5.4166779685891E-33));
#4558=DIRECTION('ref_axis',(-1.,0.,0.));
#4559=DIRECTION('center_axis',(-4.16333634234434E-17,5.4166779685891E-33,
1.));
#4560=DIRECTION('ref_axis',(1.,7.02161958891182E-34,4.16333634234434E-17));
#4561=DIRECTION('center_axis',(-4.16333634234434E-17,5.4166779685891E-33,
1.));
#4562=DIRECTION('ref_axis',(1.,-1.6973757476738E-33,4.16333634234434E-17));
#4563=DIRECTION('center_axis',(-4.16333634234434E-17,5.4166779685891E-33,
1.));
#4564=DIRECTION('ref_axis',(1.,-1.6973757476738E-33,4.16333634234434E-17));
#4565=DIRECTION('center_axis',(-4.16333634234434E-17,5.4166779685891E-33,
1.));
#4566=DIRECTION('ref_axis',(1.,-1.6973757476738E-33,4.16333634234434E-17));
#4567=DIRECTION('',(4.16333634234434E-17,-5.4166779685891E-33,-1.));
#4568=DIRECTION('center_axis',(-2.77555756156289E-17,3.10556203532442E-33,
1.));
#4569=DIRECTION('ref_axis',(1.,0.,0.));
#4570=DIRECTION('center_axis',(2.77555756156289E-17,-3.10556203532442E-33,
-1.));
#4571=DIRECTION('ref_axis',(1.,4.02572856430943E-34,2.56996070515082E-17));
#4572=DIRECTION('center_axis',(1.28498035257541E-16,-1.,6.67209896937485E-33));
#4573=DIRECTION('ref_axis',(-1.,-1.28498035257541E-16,0.));
#4574=DIRECTION('center_axis',(-2.77555756156289E-17,3.10556203532442E-33,
1.));
#4575=DIRECTION('ref_axis',(1.,4.02572856430943E-34,2.77555756156289E-17));
#4576=DIRECTION('center_axis',(-2.77555756156289E-17,3.10556203532442E-33,
1.));
#4577=DIRECTION('ref_axis',(1.,-7.70299970116329E-34,2.77555756156289E-17));
#4578=DIRECTION('center_axis',(-2.77555756156289E-17,3.10556203532442E-33,
1.));
#4579=DIRECTION('ref_axis',(1.,-7.70299970116329E-34,2.77555756156289E-17));
#4580=DIRECTION('center_axis',(-2.77555756156289E-17,3.10556203532442E-33,
1.));
#4581=DIRECTION('ref_axis',(1.,-7.70299970116329E-34,2.77555756156289E-17));
#4582=DIRECTION('',(2.77555756156289E-17,-3.10556203532442E-33,-1.));
#4583=DIRECTION('center_axis',(-4.16333634234434E-17,5.4166779685891E-33,
1.));
#4584=DIRECTION('ref_axis',(1.,0.,0.));
#4585=DIRECTION('center_axis',(4.16333634234434E-17,-5.4166779685891E-33,
-1.));
#4586=DIRECTION('ref_axis',(1.,-5.41667796858909E-34,4.16333634234434E-17));
#4587=DIRECTION('center_axis',(0.,-1.,5.4166779685891E-33));
#4588=DIRECTION('ref_axis',(-1.,0.,0.));
#4589=DIRECTION('center_axis',(-4.16333634234434E-17,5.4166779685891E-33,
1.));
#4590=DIRECTION('ref_axis',(1.,-5.41667796858909E-34,3.96508223080413E-17));
#4591=DIRECTION('center_axis',(-4.16333634234434E-17,5.4166779685891E-33,
1.));
#4592=DIRECTION('ref_axis',(1.,-1.6973757476738E-33,4.16333634234434E-17));
#4593=DIRECTION('center_axis',(4.16333634234434E-17,-5.4166779685891E-33,
-1.));
#4594=DIRECTION('ref_axis',(1.,-1.6973757476738E-33,4.16333634234434E-17));
#4595=DIRECTION('center_axis',(4.16333634234434E-17,-5.4166779685891E-33,
-1.));
#4596=DIRECTION('ref_axis',(1.,-1.6973757476738E-33,4.16333634234434E-17));
#4597=DIRECTION('',(-4.16333634234434E-17,5.4166779685891E-33,1.));
#4598=DIRECTION('center_axis',(-2.77555756156289E-17,3.10556203532442E-33,
1.));
#4599=DIRECTION('ref_axis',(1.,0.,0.));
#4600=DIRECTION('center_axis',(2.77555756156289E-17,-3.10556203532442E-33,
-1.));
#4601=DIRECTION('ref_axis',(1.,-3.10556203532441E-34,2.77555756156289E-17));
#4602=DIRECTION('center_axis',(1.18952466924124E-16,-1.,6.40715622570254E-33));
#4603=DIRECTION('ref_axis',(-1.,-1.18952466924124E-16,0.));
#4604=DIRECTION('center_axis',(-2.77555756156289E-17,3.10556203532442E-33,
1.));
#4605=DIRECTION('ref_axis',(1.,-3.10556203532441E-34,1.98254111540207E-17));
#4606=DIRECTION('center_axis',(-2.77555756156289E-17,3.10556203532442E-33,
1.));
#4607=DIRECTION('ref_axis',(1.,-7.70299970116329E-34,2.77555756156289E-17));
#4608=DIRECTION('center_axis',(2.77555756156289E-17,-3.10556203532442E-33,
-1.));
#4609=DIRECTION('ref_axis',(1.,-7.70299970116329E-34,2.77555756156289E-17));
#4610=DIRECTION('center_axis',(2.77555756156289E-17,-3.10556203532442E-33,
-1.));
#4611=DIRECTION('ref_axis',(1.,-7.70299970116329E-34,2.77555756156289E-17));
#4612=DIRECTION('',(-2.77555756156289E-17,3.10556203532442E-33,1.));
#4613=DIRECTION('center_axis',(-4.16333634234434E-17,3.10556203532442E-33,
1.));
#4614=DIRECTION('ref_axis',(1.,0.,0.));
#4615=DIRECTION('center_axis',(4.16333634234434E-17,-3.10556203532442E-33,
-1.));
#4616=DIRECTION('ref_axis',(1.,-3.10556203532441E-34,4.16333634234434E-17));
#4617=DIRECTION('center_axis',(0.,-1.,3.10556203532442E-33));
#4618=DIRECTION('ref_axis',(-1.,0.,0.));
#4619=DIRECTION('center_axis',(-4.16333634234434E-17,3.10556203532442E-33,
1.));
#4620=DIRECTION('ref_axis',(1.,-3.10556203532441E-34,3.96508223080413E-17));
#4621=DIRECTION('center_axis',(-4.16333634234434E-17,3.10556203532442E-33,
1.));
#4622=DIRECTION('ref_axis',(1.,-7.70299970116329E-34,4.16333634234434E-17));
#4623=DIRECTION('center_axis',(4.16333634234434E-17,-3.10556203532442E-33,
-1.));
#4624=DIRECTION('ref_axis',(1.,-7.70299970116329E-34,4.16333634234434E-17));
#4625=DIRECTION('center_axis',(4.16333634234434E-17,-3.10556203532442E-33,
-1.));
#4626=DIRECTION('ref_axis',(1.,-7.70299970116329E-34,4.16333634234434E-17));
#4627=DIRECTION('',(-4.16333634234433E-17,3.10556203532442E-33,1.));
#4628=DIRECTION('center_axis',(-2.77555756156289E-17,3.10556203532442E-33,
1.));
#4629=DIRECTION('ref_axis',(1.,0.,0.));
#4630=DIRECTION('center_axis',(2.77555756156289E-17,-3.10556203532442E-33,
-1.));
#4631=DIRECTION('ref_axis',(1.,-3.10556203532441E-34,2.77555756156289E-17));
#4632=DIRECTION('center_axis',(1.18952466924124E-16,-1.,6.40715622570253E-33));
#4633=DIRECTION('ref_axis',(-1.,-1.18952466924124E-16,0.));
#4634=DIRECTION('center_axis',(-2.77555756156289E-17,3.10556203532442E-33,
1.));
#4635=DIRECTION('ref_axis',(1.,-3.10556203532441E-34,1.98254111540206E-17));
#4636=DIRECTION('center_axis',(-2.77555756156289E-17,3.10556203532442E-33,
1.));
#4637=DIRECTION('ref_axis',(1.,-7.70299970116329E-34,2.77555756156289E-17));
#4638=DIRECTION('center_axis',(2.77555756156289E-17,-3.10556203532442E-33,
-1.));
#4639=DIRECTION('ref_axis',(1.,-7.70299970116329E-34,2.77555756156289E-17));
#4640=DIRECTION('center_axis',(2.77555756156289E-17,-3.10556203532442E-33,
-1.));
#4641=DIRECTION('ref_axis',(1.,-7.70299970116329E-34,2.77555756156289E-17));
#4642=DIRECTION('',(-2.77555756156289E-17,3.10556203532442E-33,1.));
#4643=DIRECTION('center_axis',(-2.77555756156289E-17,3.10556203532442E-33,
1.));
#4644=DIRECTION('ref_axis',(1.,-7.70299970116329E-34,2.77555756156289E-17));
#4645=DIRECTION('center_axis',(2.77555756156289E-17,-3.10556203532442E-33,
-1.));
#4646=DIRECTION('ref_axis',(1.,-7.70299970116329E-34,2.77555756156289E-17));
#4647=DIRECTION('',(2.77555756156289E-17,-3.10556203532442E-33,-1.));
#4648=DIRECTION('center_axis',(8.23646909168101E-18,-3.09769261019709E-16,
1.));
#4649=DIRECTION('ref_axis',(1.,-7.70299970116329E-34,2.77555756156289E-17));
#4650=DIRECTION('center_axis',(3.73560967816453E-18,0.999847695156391,0.0174524064372838));
#4651=DIRECTION('ref_axis',(2.77513483070255E-17,0.0174524064372838,-0.999847695156391));
#4652=DIRECTION('center_axis',(-0.653892586354332,0.756386078018621,0.0174524064372788));
#4653=DIRECTION('ref_axis',(0.0114137375508919,-0.0132027681026114,0.999847695156391));
#4654=DIRECTION('center_axis',(8.23646909168101E-18,-3.09769261019709E-16,
1.));
#4655=DIRECTION('ref_axis',(1.,-7.70299970116329E-34,2.77555756156289E-17));
#4656=DIRECTION('center_axis',(0.653892586354331,-0.756386078018621,0.0174524064372853));
#4657=DIRECTION('ref_axis',(0.0114137375508962,-0.0132027681026162,-0.999847695156391));
#4658=DIRECTION('center_axis',(0.653892586354331,0.756386078018621,0.0174524064372787));
#4659=DIRECTION('ref_axis',(0.0114137375508918,0.0132027681026112,-0.999847695156391));
#4660=DIRECTION('center_axis',(8.23646909168101E-18,-3.09769261019709E-16,
1.));
#4661=DIRECTION('ref_axis',(1.,-7.70299970116329E-34,2.77555756156289E-17));
#4662=DIRECTION('center_axis',(-0.653892586354331,-0.756386078018621,0.0174524064372763));
#4663=DIRECTION('ref_axis',(0.0114137375508902,0.0132027681026094,0.999847695156391));
#4664=DIRECTION('center_axis',(2.77555756156289E-17,-3.10556203532442E-33,
-1.));
#4665=DIRECTION('ref_axis',(1.,-7.70299970116329E-34,2.77555756156289E-17));
#4666=DIRECTION('center_axis',(2.77555756156289E-17,-3.10556203532442E-33,
-1.));
#4667=DIRECTION('ref_axis',(1.,-7.70299970116329E-34,2.77555756156289E-17));
#4668=DIRECTION('center_axis',(3.7356096781647E-18,-0.999847695156391,0.0174524064372846));
#4669=DIRECTION('ref_axis',(-2.77513483070255E-17,0.0174524064372846,0.999847695156391));
#4670=DIRECTION('center_axis',(8.23646909168101E-18,-3.09769261019709E-16,
1.));
#4671=DIRECTION('ref_axis',(1.,-7.70299970116329E-34,2.77555756156289E-17));
#4672=DIRECTION('center_axis',(-4.16333634234434E-17,3.10556203532442E-33,
1.));
#4673=DIRECTION('ref_axis',(1.,-7.70299970116329E-34,4.16333634234434E-17));
#4674=DIRECTION('center_axis',(4.16333634234434E-17,-3.10556203532442E-33,
-1.));
#4675=DIRECTION('ref_axis',(1.,-7.70299970116329E-34,4.16333634234434E-17));
#4676=DIRECTION('',(4.16333634234434E-17,-3.10556203532442E-33,-1.));
#4677=DIRECTION('center_axis',(4.16333634234434E-17,-3.10556203532442E-33,
-1.));
#4678=DIRECTION('ref_axis',(1.,-7.70299970116329E-34,4.16333634234434E-17));
#4679=DIRECTION('center_axis',(-0.653892586354331,-0.756386078018621,0.0174524064372763));
#4680=DIRECTION('ref_axis',(0.0114137375508902,0.0132027681026094,0.999847695156391));
#4681=DIRECTION('center_axis',(8.23646909168101E-18,-3.09769261019709E-16,
1.));
#4682=DIRECTION('ref_axis',(1.,-7.70299970116329E-34,4.16333634234434E-17));
#4683=DIRECTION('center_axis',(0.653892586354331,0.756386078018621,0.0174524064372787));
#4684=DIRECTION('ref_axis',(0.0114137375508918,0.0132027681026112,-0.999847695156391));
#4685=DIRECTION('center_axis',(-0.653892586354332,0.75638607801862,0.0174524064372919));
#4686=DIRECTION('ref_axis',(0.0114137375509004,-0.0132027681026212,0.999847695156391));
#4687=DIRECTION('center_axis',(8.23646909168101E-18,-3.09769261019709E-16,
1.));
#4688=DIRECTION('ref_axis',(1.,-7.70299970116329E-34,4.16333634234434E-17));
#4689=DIRECTION('center_axis',(0.653892586354332,-0.75638607801862,0.0174524064372788));
#4690=DIRECTION('ref_axis',(0.011413737550892,-0.0132027681026113,-0.999847695156391));
#4691=DIRECTION('center_axis',(4.16333634234434E-17,-3.10556203532442E-33,
-1.));
#4692=DIRECTION('ref_axis',(1.,-7.70299970116329E-34,4.16333634234434E-17));
#4693=DIRECTION('center_axis',(4.16333634234434E-17,-3.10556203532442E-33,
-1.));
#4694=DIRECTION('ref_axis',(1.,-7.70299970116329E-34,4.16333634234434E-17));
#4695=DIRECTION('center_axis',(2.46519032881566E-32,7.70371977754894E-33,
1.));
#4696=DIRECTION('ref_axis',(-1.,7.70299970116329E-34,2.46519032881566E-32));
#4697=DIRECTION('',(1.,-1.09306637313375E-33,-2.46519032881566E-32));
#4698=DIRECTION('',(-2.21501369947502E-19,1.,-7.70371977754894E-33));
#4699=DIRECTION('',(1.,1.74135362143965E-16,-2.46519032881566E-32));
#4700=DIRECTION('center_axis',(-2.46519032881566E-32,-7.70371977754894E-33,
-1.));
#4701=DIRECTION('ref_axis',(-1.,7.70299970116329E-34,1.23259516440783E-32));
#4702=DIRECTION('',(-0.707106781186547,0.707106781186548,1.19841754891447E-32));
#4703=DIRECTION('center_axis',(-2.46519032881566E-32,-7.70371977754894E-33,
-1.));
#4704=DIRECTION('ref_axis',(-1.,7.70299970116329E-34,1.23259516440783E-32));
#4705=DIRECTION('',(4.03717463500057E-16,-1.,7.70371977754893E-33));
#4706=DIRECTION('center_axis',(1.23259516440783E-32,3.08148791101958E-33,
1.));
#4707=DIRECTION('ref_axis',(-1.,7.70299970116329E-34,1.23259516440783E-32));
#4708=DIRECTION('center_axis',(-2.46519032881566E-32,-7.70371977754894E-33,
-1.));
#4709=DIRECTION('ref_axis',(-1.,7.70299970116329E-34,1.23259516440783E-32));
#4710=DIRECTION('center_axis',(2.77555756156289E-17,-3.10556203532442E-33,
-1.));
#4711=DIRECTION('ref_axis',(1.,-7.70299970116329E-34,2.77555756156289E-17));
#4712=DIRECTION('',(-0.650791373455968,-7.96989572415561E-17,-0.759256602365297));
#4713=DIRECTION('center_axis',(1.23259516440783E-32,3.08148791101958E-33,
1.));
#4714=DIRECTION('ref_axis',(0.828420089097947,-0.560107271849732,-8.48510217212524E-33));
#4715=DIRECTION('center_axis',(-2.46519032881566E-32,-7.70371977754894E-33,
-1.));
#4716=DIRECTION('ref_axis',(-1.,7.70299970116329E-34,1.23259516440783E-32));
#4717=DIRECTION('center_axis',(0.258779625708334,-0.965778711107158,-0.0174524064372835));
#4718=DIRECTION('ref_axis',(-0.965925826289068,-0.258819045102521,4.28024542967601E-16));
#4719=DIRECTION('',(-0.965925826289068,-0.258819045102521,2.58057794497735E-32));
#4720=DIRECTION('',(0.0213714907916158,-0.012338835961523,0.999695459881887));
#4721=DIRECTION('center_axis',(0.965778711107158,0.258779625708334,-0.0174524064372835));
#4722=DIRECTION('ref_axis',(0.258819045102521,-0.965925826289068,1.14921239506109E-16));
#4723=DIRECTION('',(0.258819045102521,-0.965925826289068,1.06083982262801E-33));
#4724=DIRECTION('',(-0.012338835961523,-0.0213714907916158,-0.999695459881888));
#4725=DIRECTION('center_axis',(-0.258779625708334,0.965778711107158,-0.0174524064372835));
#4726=DIRECTION('ref_axis',(0.965925826289068,0.258819045102521,-4.29759266443578E-16));
#4727=DIRECTION('',(0.965925826289068,0.258819045102521,-2.58057794497735E-32));
#4728=DIRECTION('center_axis',(1.23259516440783E-32,3.08148791101958E-33,
1.));
#4729=DIRECTION('ref_axis',(-1.,7.70299970116329E-34,1.23259516440783E-32));
#4730=DIRECTION('center_axis',(-2.46519032881566E-32,-7.70371977754894E-33,
-1.));
#4731=DIRECTION('ref_axis',(-1.,7.70299970116329E-34,1.23259516440783E-32));
#4732=DIRECTION('center_axis',(2.77555756156289E-17,-3.10556203532442E-33,
-1.));
#4733=DIRECTION('ref_axis',(1.,-7.70299970116329E-34,2.77555756156289E-17));
#4734=DIRECTION('',(-0.650791373455968,-7.96989572415561E-17,-0.759256602365297));
#4735=DIRECTION('center_axis',(0.706999085398824,0.706999085398824,-0.0174524064372835));
#4736=DIRECTION('ref_axis',(0.707106781186547,-0.707106781186548,-1.73472347597681E-18));
#4737=DIRECTION('',(0.707106781186547,-0.707106781186548,-1.19841754891447E-32));
#4738=DIRECTION('center_axis',(1.23259516440783E-32,3.08148791101958E-33,
1.));
#4739=DIRECTION('ref_axis',(-1.,7.70299970116329E-34,1.23259516440783E-32));
#4740=DIRECTION('center_axis',(-2.46519032881566E-32,-7.70371977754894E-33,
-1.));
#4741=DIRECTION('ref_axis',(-1.,7.70299970116329E-34,1.23259516440783E-32));
#4742=DIRECTION('center_axis',(1.23259516440783E-32,3.08148791101958E-33,
1.));
#4743=DIRECTION('ref_axis',(0.944840853799993,0.327529786417204,-1.26553417526318E-32));
#4744=DIRECTION('center_axis',(-2.46519032881566E-32,-7.70371977754894E-33,
-1.));
#4745=DIRECTION('ref_axis',(-1.,7.70299970116329E-34,1.23259516440783E-32));
#4746=DIRECTION('center_axis',(-2.46519032881566E-32,-7.70371977754894E-33,
-1.));
#4747=DIRECTION('ref_axis',(-1.,7.70299970116329E-34,1.23259516440783E-32));
#4748=DIRECTION('center_axis',(1.23259516440783E-32,3.08148791101958E-33,
1.));
#4749=DIRECTION('ref_axis',(-1.,7.70299970116329E-34,1.23259516440783E-32));
#4750=DIRECTION('center_axis',(-2.46519032881566E-32,-7.70371977754894E-33,
-1.));
#4751=DIRECTION('ref_axis',(-1.,7.70299970116329E-34,1.23259516440783E-32));
#4752=DIRECTION('center_axis',(0.999847695156391,-8.23962029154538E-34,
-0.0174524064372835));
#4753=DIRECTION('ref_axis',(7.70299970116329E-34,1.,-3.08148791101958E-33));
#4754=DIRECTION('',(-6.89618612772783E-34,-1.,7.70371977754894E-33));
#4755=DIRECTION('',(-0.0174497491606827,0.0174497491606827,-0.999695459881887));
#4756=DIRECTION('center_axis',(-9.85300167518606E-34,-0.999847695156391,
-0.0174524064372835));
#4757=DIRECTION('ref_axis',(1.,-7.70299970116329E-34,-1.23259516440783E-32));
#4758=DIRECTION('',(-1.,5.55149683866872E-34,2.46519032881566E-32));
#4759=DIRECTION('',(0.0174497491606827,0.0174497491606827,-0.999695459881887));
#4760=DIRECTION('center_axis',(-0.999847695156391,7.16403270245159E-34,
-0.0174524064372835));
#4761=DIRECTION('ref_axis',(-7.70299970116329E-34,-1.,3.08148791101958E-33));
#4762=DIRECTION('',(8.50981327459876E-34,1.,-7.70371977754894E-33));
#4763=DIRECTION('center_axis',(1.23259516440783E-32,3.08148791101958E-33,
1.));
#4764=DIRECTION('ref_axis',(-1.,7.70299970116329E-34,1.23259516440783E-32));
#4765=DIRECTION('center_axis',(-2.46519032881566E-32,-7.70371977754894E-33,
-1.));
#4766=DIRECTION('ref_axis',(-1.,7.70299970116329E-34,1.23259516440783E-32));
#4767=DIRECTION('center_axis',(1.22212987710732E-18,-0.999847695156391,
-0.0174524064372835));
#4768=DIRECTION('ref_axis',(-1.,-1.22212987710732E-18,-1.06653658606251E-20));
#4769=DIRECTION('',(0.0261729641631688,-0.0174464277541258,0.999505176627682));
#4770=DIRECTION('',(-1.,-1.2223160417609E-18,2.46519032881566E-32));
#4771=DIRECTION('center_axis',(0.999657324975557,-8.50699957313337E-34,
-0.0261769483078732));
#4772=DIRECTION('ref_axis',(7.70299970116329E-34,1.,-3.08148791101958E-33));
#4773=DIRECTION('',(-0.0261679842649793,0.0261679842649793,-0.99931500198837));
#4774=DIRECTION('',(-6.49262568984795E-34,-1.,7.70371977754894E-33));
#4775=DIRECTION('center_axis',(-1.09269180658762E-33,-0.999657324975557,
-0.0261769483078732));
#4776=DIRECTION('ref_axis',(1.,-7.70299970116329E-34,-1.23259516440783E-32));
#4777=DIRECTION('',(0.0261679842649793,-0.0261679842649793,0.99931500198837));
#4778=DIRECTION('',(-1.,4.47533567098904E-34,2.46519032881566E-32));
#4779=DIRECTION('center_axis',(0.999657324975557,4.03579119608384E-16,-0.0261769483078732));
#4780=DIRECTION('ref_axis',(-4.03717463500057E-16,1.,-3.08148791101957E-33));
#4781=DIRECTION('',(0.0261729641631688,0.0174464277541258,0.999505176627682));
#4782=DIRECTION('',(4.03717463500057E-16,-1.,7.70371977754893E-33));
#4783=DIRECTION('center_axis',(5.55065131881091E-34,0.999847695156391,-0.0174524064372835));
#4784=DIRECTION('ref_axis',(-1.,7.70299970116329E-34,1.23259516440783E-32));
#4785=DIRECTION('',(1.,-9.85450256365786E-34,-2.46519032881566E-32));
#4786=DIRECTION('',(-0.0174497491606827,-0.0174497491606827,-0.999695459881887));
#4787=DIRECTION('center_axis',(0.999847695156391,-8.23962029154538E-34,
-0.0174524064372835));
#4788=DIRECTION('ref_axis',(7.70299970116329E-34,1.,-3.08148791101958E-33));
#4789=DIRECTION('',(-6.89618612772783E-34,-1.,7.70371977754894E-33));
#4790=DIRECTION('center_axis',(1.23259516440783E-32,3.08148791101958E-33,
1.));
#4791=DIRECTION('ref_axis',(0.828420135044512,0.560107203892998,-1.19370301032107E-32));
#4792=DIRECTION('center_axis',(-2.46519032881566E-32,-7.70371977754894E-33,
-1.));
#4793=DIRECTION('ref_axis',(-1.,7.70299970116329E-34,1.23259516440783E-32));
#4794=DIRECTION('center_axis',(1.23259516440783E-32,3.08148791101958E-33,
1.));
#4795=DIRECTION('ref_axis',(-1.,7.70299970116329E-34,1.23259516440783E-32));
#4796=DIRECTION('center_axis',(-2.46519032881566E-32,-7.70371977754894E-33,
-1.));
#4797=DIRECTION('ref_axis',(-1.,7.70299970116329E-34,1.23259516440783E-32));
#4798=DIRECTION('center_axis',(1.23259516440783E-32,3.08148791101958E-33,
1.));
#4799=DIRECTION('ref_axis',(-1.,7.70299970116329E-34,1.23259516440783E-32));
#4800=DIRECTION('center_axis',(-2.46519032881566E-32,-7.70371977754894E-33,
-1.));
#4801=DIRECTION('ref_axis',(-1.,7.70299970116329E-34,1.23259516440783E-32));
#4802=DIRECTION('center_axis',(1.23259516440783E-32,3.08148791101958E-33,
1.));
#4803=DIRECTION('ref_axis',(-1.,7.70299970116329E-34,1.23259516440783E-32));
#4804=DIRECTION('center_axis',(-2.46519032881566E-32,-7.70371977754894E-33,
-1.));
#4805=DIRECTION('ref_axis',(-1.,7.70299970116329E-34,1.23259516440783E-32));
#4806=DIRECTION('center_axis',(-0.999847695156391,7.16403270245159E-34,
-0.0174524064372835));
#4807=DIRECTION('ref_axis',(-7.70299970116329E-34,-1.,3.08148791101958E-33));
#4808=DIRECTION('',(8.50981327459876E-34,1.,-7.70371977754894E-33));
#4809=DIRECTION('',(0.0174497491606827,-0.0174497491606827,-0.999695459881887));
#4810=DIRECTION('center_axis',(5.55065131881091E-34,0.999847695156391,-0.0174524064372835));
#4811=DIRECTION('ref_axis',(-1.,7.70299970116329E-34,1.23259516440783E-32));
#4812=DIRECTION('',(1.,-9.85450256365786E-34,-2.46519032881566E-32));
#4813=DIRECTION('',(-0.0261729641631688,0.0174464277541258,0.999505176627682));
#4814=DIRECTION('center_axis',(-0.999657324975557,-4.03579119608384E-16,
-0.0261769483078732));
#4815=DIRECTION('ref_axis',(4.03717463500057E-16,-1.,3.08148791101957E-33));
#4816=DIRECTION('',(-0.0261679842649793,-0.0261679842649793,0.99931500198837));
#4817=DIRECTION('',(-4.03717463500057E-16,1.,-7.70371977754893E-33));
#4818=DIRECTION('center_axis',(-1.09269180658762E-33,-0.999657324975557,
-0.0261769483078732));
#4819=DIRECTION('ref_axis',(1.,-7.70299970116329E-34,-1.23259516440783E-32));
#4820=DIRECTION('',(0.0261679842649793,0.0261679842649793,-0.99931500198837));
#4821=DIRECTION('',(-1.,4.47533567098904E-34,2.46519032881566E-32));
#4822=DIRECTION('center_axis',(-0.999657324975557,6.89372057797146E-34,
-0.0261769483078732));
#4823=DIRECTION('ref_axis',(-7.70299970116329E-34,-1.,3.08148791101958E-33));
#4824=DIRECTION('',(8.91337371247864E-34,1.,-7.70371977754894E-33));
#4825=DIRECTION('',(0.0261679842649793,-0.0261679842649793,-0.99931500198837));
#4826=DIRECTION('center_axis',(4.47380208522859E-34,0.999657324975557,-0.0261769483078732));
#4827=DIRECTION('ref_axis',(-1.,7.70299970116329E-34,1.23259516440783E-32));
#4828=DIRECTION('',(-0.0261679842649793,0.0261679842649793,0.99931500198837));
#4829=DIRECTION('',(1.,-1.09306637313375E-33,-2.46519032881566E-32));
#4830=DIRECTION('center_axis',(-0.999657324975557,-4.03579119608384E-16,
-0.0261769483078732));
#4831=DIRECTION('ref_axis',(4.03717463500057E-16,-1.,3.08148791101957E-33));
#4832=DIRECTION('center_axis',(0.999657324975557,4.03579119608384E-16,0.0261769483078732));
#4833=DIRECTION('ref_axis',(-0.0261769483078731,-1.89622167824656E-17,0.999657324975557));
#4834=DIRECTION('',(-4.03717463500057E-16,1.,-7.70371977754893E-33));
#4835=DIRECTION('center_axis',(1.23259516440783E-32,3.08148791101958E-33,
1.));
#4836=DIRECTION('ref_axis',(-1.,7.70299970116329E-34,1.23259516440783E-32));
#4837=DIRECTION('center_axis',(-2.46519032881566E-32,-7.70371977754894E-33,
-1.));
#4838=DIRECTION('ref_axis',(-1.,7.70299970116329E-34,1.23259516440783E-32));
#4839=DIRECTION('center_axis',(-0.999847695156391,-2.21467634215993E-19,
-0.0174524064372835));
#4840=DIRECTION('ref_axis',(-2.21467634215993E-19,1.,-1.93271876375937E-21));
#4841=DIRECTION('',(0.0174464277541258,-0.0261729641631688,-0.999505176627682));
#4842=DIRECTION('',(-0.0174497491606827,0.0174497491606827,0.999695459881887));
#4843=DIRECTION('center_axis',(-1.74108840484867E-16,0.999847695156391,
-0.0174524064372835));
#4844=DIRECTION('ref_axis',(1.,1.74135548308619E-16,1.0665365860625E-20));
#4845=DIRECTION('center_axis',(1.23259516440783E-32,3.08148791101958E-33,
1.));
#4846=DIRECTION('ref_axis',(-1.,7.70299970116329E-34,1.23259516440783E-32));
#4847=DIRECTION('center_axis',(-0.706999085398824,-0.706999085398824,-0.0174524064372835));
#4848=DIRECTION('ref_axis',(-0.707106781186547,0.707106781186548,2.73649421832297E-48));
#4849=DIRECTION('center_axis',(1.23259516440783E-32,3.08148791101958E-33,
1.));
#4850=DIRECTION('ref_axis',(-1.,7.70299970116329E-34,1.23259516440783E-32));
#4851=DIRECTION('center_axis',(-0.999657324975557,-4.03579119608384E-16,
0.0261769483078732));
#4852=DIRECTION('ref_axis',(0.0261769483078732,-1.1517222831555E-17,0.999657324975557));
#4853=DIRECTION('center_axis',(0.999657324975557,4.03579119608384E-16,-0.0261769483078732));
#4854=DIRECTION('ref_axis',(-4.03717463500057E-16,1.,-3.08148791101957E-33));
#4855=DIRECTION('',(0.0261679842649793,0.0261679842649793,0.99931500198837));
#4856=DIRECTION('center_axis',(4.47380208522859E-34,0.999657324975557,-0.0261769483078732));
#4857=DIRECTION('ref_axis',(-1.,7.70299970116329E-34,1.23259516440783E-32));
#4858=DIRECTION('center_axis',(4.16333634234434E-17,-5.4166779685891E-33,
-1.));
#4859=DIRECTION('ref_axis',(1.,-1.6973757476738E-33,4.16333634234434E-17));
#4860=DIRECTION('',(-0.650791373455968,-7.96989572415561E-17,-0.759256602365297));
#4861=DIRECTION('center_axis',(4.16333634234434E-17,-3.10556203532442E-33,
-1.));
#4862=DIRECTION('ref_axis',(1.,-7.70299970116329E-34,4.16333634234434E-17));
#4863=DIRECTION('',(-0.650791373455968,-7.96989572415561E-17,-0.759256602365297));
#4864=DIRECTION('center_axis',(-2.77555756156289E-17,3.10556203532442E-33,
1.));
#4865=DIRECTION('ref_axis',(1.,-7.70299970116329E-34,2.77555756156289E-17));
#4866=DIRECTION('center_axis',(2.77555756156289E-17,-3.10556203532442E-33,
-1.));
#4867=DIRECTION('ref_axis',(1.,-7.70299970116329E-34,2.77555756156289E-17));
#4868=DIRECTION('center_axis',(-4.16333634234434E-17,5.4166779685891E-33,
1.));
#4869=DIRECTION('ref_axis',(1.,-1.6973757476738E-33,4.16333634234434E-17));
#4870=DIRECTION('center_axis',(4.16333634234434E-17,-5.4166779685891E-33,
-1.));
#4871=DIRECTION('ref_axis',(1.,-1.6973757476738E-33,4.16333634234434E-17));
#4872=DIRECTION('center_axis',(-2.77555756156289E-17,3.10556203532442E-33,
1.));
#4873=DIRECTION('ref_axis',(1.,-7.70299970116329E-34,2.77555756156289E-17));
#4874=DIRECTION('center_axis',(2.77555756156289E-17,-3.10556203532442E-33,
-1.));
#4875=DIRECTION('ref_axis',(1.,-7.70299970116329E-34,2.77555756156289E-17));
#4876=DIRECTION('center_axis',(-0.706999085398824,-0.706999085398824,-0.0174524064372835));
#4877=DIRECTION('ref_axis',(-0.707106781186547,0.707106781186548,2.73649421832297E-48));
#4878=DIRECTION('center_axis',(-0.706999085398824,-0.706999085398824,-0.0174524064372835));
#4879=DIRECTION('ref_axis',(0.0123407149398269,0.0123407149398269,-0.999847695156391));
#4880=DIRECTION('',(-0.707106781186547,0.707106781186548,1.19841754891447E-32));
#4881=DIRECTION('center_axis',(0.999847695156391,-8.23962029154538E-34,
-0.0174524064372835));
#4882=DIRECTION('ref_axis',(7.70299970116329E-34,1.,-3.08148791101958E-33));
#4883=DIRECTION('',(-6.89618612772783E-34,-1.,7.70371977754894E-33));
#4884=DIRECTION('',(0.0174496002199834,0.0179320742699249,0.999686927074942));
#4885=DIRECTION('center_axis',(-0.999847695156391,7.16403270245159E-34,
-0.0174524064372835));
#4886=DIRECTION('ref_axis',(-7.70299970116329E-34,-1.,3.08148791101958E-33));
#4887=DIRECTION('center_axis',(-0.999847695156391,7.16403270245159E-34,
-0.0174524064372835));
#4888=DIRECTION('ref_axis',(0.0174524064372835,1.26228426461162E-18,-0.999847695156391));
#4889=DIRECTION('',(8.50981327459876E-34,1.,-7.70371977754894E-33));
#4890=DIRECTION('center_axis',(8.23646909168101E-18,-3.09769261019709E-16,
1.));
#4891=DIRECTION('ref_axis',(1.,0.,-8.23646909168101E-18));
#4892=DIRECTION('',(1.,3.59241061350522E-18,-8.23646909168101E-18));
#4893=DIRECTION('',(-1.,3.59241061350506E-18,8.23646909168101E-18));
#4894=DIRECTION('center_axis',(2.46519032881566E-32,7.70371977754894E-33,
1.));
#4895=DIRECTION('ref_axis',(-1.,7.70299970116329E-34,2.46519032881566E-32));
#4896=DIRECTION('',(1.,-1.2223160417609E-18,-2.46519032881566E-32));
#4897=DIRECTION('center_axis',(2.46519032881566E-32,7.70371977754894E-33,
1.));
#4898=DIRECTION('ref_axis',(0.188800799638843,0.982015406221172,-1.22194705601872E-32));
#4899=DIRECTION('center_axis',(-2.46519032881566E-32,-7.70371977754894E-33,
-1.));
#4900=DIRECTION('ref_axis',(0.488460266758411,-0.872586137752773,-5.31931616921445E-33));
#4901=DIRECTION('center_axis',(1.22212987710732E-18,0.999847695156391,-0.0174524064372835));
#4902=DIRECTION('ref_axis',(1.,-1.22212987710732E-18,1.06653658606251E-20));
#4903=DIRECTION('center_axis',(1.22212987710732E-18,0.999847695156391,-0.0174524064372835));
#4904=DIRECTION('ref_axis',(1.,-1.22212987710732E-18,1.06653658606251E-20));
#4905=DIRECTION('center_axis',(-1.22212987710732E-18,-0.999847695156391,
0.0174524064372835));
#4906=DIRECTION('ref_axis',(-2.37067665129547E-35,0.0174524064372835,0.999847695156391));
#4907=DIRECTION('',(1.,-1.2223160417609E-18,-2.46519032881566E-32));
#4908=DIRECTION('center_axis',(1.22212987710732E-18,-0.999847695156391,
-0.0174524064372835));
#4909=DIRECTION('ref_axis',(-1.,-1.22212987710732E-18,-1.06653658606251E-20));
#4910=DIRECTION('center_axis',(-1.22212987710732E-18,0.999847695156391,
0.0174524064372835));
#4911=DIRECTION('ref_axis',(-2.37067665129547E-35,0.0174524064372835,-0.999847695156391));
#4912=DIRECTION('',(-1.,-1.2223160417609E-18,2.46519032881566E-32));
#4913=DIRECTION('center_axis',(2.46519032881566E-32,7.70371977754894E-33,
1.));
#4914=DIRECTION('ref_axis',(-1.,7.70299970116329E-34,2.46519032881566E-32));
#4915=DIRECTION('center_axis',(2.46519032881566E-32,7.70371977754894E-33,
1.));
#4916=DIRECTION('ref_axis',(1.,1.35836662973365E-33,0.));
#4917=DIRECTION('',(8.50981327459876E-34,1.,-7.70371977754894E-33));
#4918=DIRECTION('center_axis',(-0.999847695156391,7.16403270245159E-34,
-0.0174524064372835));
#4919=DIRECTION('ref_axis',(-7.70299970116329E-34,-1.,3.08148791101958E-33));
#4920=DIRECTION('center_axis',(0.999847695156391,-7.16403270245159E-34,
0.0174524064372835));
#4921=DIRECTION('ref_axis',(0.0174524064372835,-2.54112307695586E-18,-0.999847695156391));
#4922=DIRECTION('center_axis',(-9.85300167518606E-34,-0.999847695156391,
-0.0174524064372835));
#4923=DIRECTION('ref_axis',(1.,-7.70299970116329E-34,-1.23259516440783E-32));
#4924=DIRECTION('',(-1.,5.55149683866872E-34,2.46519032881566E-32));
#4925=DIRECTION('center_axis',(9.85300167518606E-34,0.999847695156391,0.0174524064372835));
#4926=DIRECTION('ref_axis',(-1.23106307537837E-32,0.0174524064372835,-0.999847695156391));
#4927=DIRECTION('center_axis',(2.46519032881566E-32,7.70371977754894E-33,
1.));
#4928=DIRECTION('ref_axis',(-1.,7.70299970116329E-34,2.46519032881566E-32));
#4929=DIRECTION('center_axis',(-2.46519032881566E-32,-7.70371977754894E-33,
-1.));
#4930=DIRECTION('ref_axis',(0.879629787137846,0.475658950908977,-2.53488917093896E-32));
#4931=DIRECTION('center_axis',(2.46519032881566E-32,7.70371977754894E-33,
1.));
#4932=DIRECTION('ref_axis',(-0.691871039711818,0.722021096927291,1.14936897546458E-32));
#4933=DIRECTION('center_axis',(-2.46519032881566E-32,-7.70371977754894E-33,
-1.));
#4934=DIRECTION('ref_axis',(0.716682450162811,-0.697399645561016,-1.22950150073687E-32));
#4935=DIRECTION('',(-0.697399645561011,-0.716682450162816,2.27133493811063E-32));
#4936=DIRECTION('center_axis',(2.46519032881566E-32,7.70371977754894E-33,
1.));
#4937=DIRECTION('ref_axis',(-1.,7.70299970116329E-34,2.46519032881566E-32));
#4938=DIRECTION('center_axis',(-2.46519032881566E-32,-7.70371977754894E-33,
-1.));
#4939=DIRECTION('ref_axis',(0.879629787137846,0.475658950908977,-2.53488917093896E-32));
#4940=DIRECTION('center_axis',(2.46519032881566E-32,7.70371977754894E-33,
1.));
#4941=DIRECTION('ref_axis',(-0.874347331009102,-0.485300674589744,2.52929462491891E-32));
#4942=DIRECTION('',(8.50981327459876E-34,1.,-7.70371977754894E-33));
#4943=DIRECTION('center_axis',(-0.999847695156391,7.16403270245159E-34,
-0.0174524064372835));
#4944=DIRECTION('ref_axis',(-7.70299970116329E-34,-1.,3.08148791101958E-33));
#4945=DIRECTION('center_axis',(-0.999847695156391,7.16403270245159E-34,
-0.0174524064372835));
#4946=DIRECTION('ref_axis',(-0.0174524064372835,1.26228426461165E-18,0.999847695156391));
#4947=DIRECTION('center_axis',(0.999847695156391,-8.23962029154538E-34,
-0.0174524064372835));
#4948=DIRECTION('ref_axis',(7.70299970116329E-34,1.,-3.08148791101958E-33));
#4949=DIRECTION('',(-6.89618612772783E-34,-1.,7.70371977754894E-33));
#4950=DIRECTION('center_axis',(0.999847695156391,-8.23962029154538E-34,
-0.0174524064372835));
#4951=DIRECTION('ref_axis',(-0.0174524064372835,1.26228426461164E-18,-0.999847695156391));
#4952=DIRECTION('center_axis',(0.258779625708334,0.965778711107158,-0.0174524064372835));
#4953=DIRECTION('ref_axis',(0.965925826289068,-0.258819045102521,-1.7428873078067E-32));
#4954=DIRECTION('',(-0.0159537939761884,-0.0137919878596671,-0.999777604034339));
#4955=DIRECTION('',(0.965925826289068,-0.258819045102521,-2.18180406566483E-32));
#4956=DIRECTION('center_axis',(2.46519032881566E-32,7.70371977754894E-33,
1.));
#4957=DIRECTION('ref_axis',(-1.,7.70299970116329E-34,2.46519032881566E-32));
#4958=DIRECTION('',(0.756501296830323,0.653992192532938,-2.11735754092391E-16));
#4959=DIRECTION('',(-0.707106781186547,0.707106781186547,1.19841754891447E-32));
#4960=DIRECTION('center_axis',(-0.706999085398824,-0.706999085398824,-0.0174524064372835));
#4961=DIRECTION('ref_axis',(-0.707106781186548,0.707106781186548,1.36824710916148E-48));
#4962=DIRECTION('',(-0.0132375787859549,-0.0114438312403791,0.999846890896015));
#4963=DIRECTION('center_axis',(2.46519032881566E-32,7.70371977754894E-33,
1.));
#4964=DIRECTION('ref_axis',(-1.,7.70299970116329E-34,2.46519032881566E-32));
#4965=DIRECTION('',(0.756501296830323,0.653992192532938,-2.11735754092391E-16));
#4966=DIRECTION('',(-0.965925826289068,0.258819045102521,2.18180406566483E-32));
#4967=DIRECTION('center_axis',(2.46519032881566E-32,7.70371977754894E-33,
1.));
#4968=DIRECTION('ref_axis',(-0.874347331009102,-0.485300674589744,2.52929462491891E-32));
#4969=DIRECTION('center_axis',(-0.258779625708334,-0.965778711107158,-0.0174524064372835));
#4970=DIRECTION('ref_axis',(-0.965925826289068,0.258819045102521,8.67361737988421E-19));
#4971=DIRECTION('',(-0.0159537939761884,-0.0137919878596671,0.999777604034339));
#4972=DIRECTION('center_axis',(0.706999085398824,0.706999085398824,-0.0174524064372835));
#4973=DIRECTION('ref_axis',(0.707106781186548,-0.707106781186548,-1.36824710916148E-48));
#4974=DIRECTION('center_axis',(0.706999085398824,0.706999085398824,-0.0174524064372835));
#4975=DIRECTION('ref_axis',(0.0123407149398269,0.0123407149398269,0.999847695156391));
#4976=DIRECTION('',(0.707106781186547,-0.707106781186547,-1.19841754891447E-32));
#4977=DIRECTION('center_axis',(2.46519032881566E-32,7.70371977754894E-33,
1.));
#4978=DIRECTION('ref_axis',(-1.,7.70299970116329E-34,2.46519032881566E-32));
#4979=DIRECTION('center_axis',(2.46519032881566E-32,7.70371977754894E-33,
1.));
#4980=DIRECTION('ref_axis',(0.653992192532937,-0.756501296830324,-1.02942782793983E-32));
#4981=DIRECTION('center_axis',(8.23646909168101E-18,-3.09769261019709E-16,
1.));
#4982=DIRECTION('ref_axis',(1.,0.,-8.23646909168101E-18));
#4983=DIRECTION('',(-1.,-3.84396670460995E-17,8.236469091681E-18));
#4984=DIRECTION('center_axis',(8.23646909168101E-18,-3.09769261019709E-16,
1.));
#4985=DIRECTION('ref_axis',(1.,1.35836662973365E-33,0.));
#4986=DIRECTION('',(1.,3.38875658285034E-17,-8.236469091681E-18));
#4987=DIRECTION('center_axis',(2.46519032881566E-32,7.70371977754894E-33,
1.));
#4988=DIRECTION('ref_axis',(-1.,7.70299970116329E-34,2.46519032881566E-32));
#4989=DIRECTION('',(-6.89618612772783E-34,-1.,7.70371977754894E-33));
#4990=DIRECTION('center_axis',(2.46519032881566E-32,7.70371977754894E-33,
1.));
#4991=DIRECTION('ref_axis',(0.653992192532937,-0.756501296830324,-1.02942782793983E-32));
#4992=DIRECTION('center_axis',(0.999847695156391,-8.23962029154538E-34,
-0.0174524064372835));
#4993=DIRECTION('ref_axis',(7.70299970116329E-34,1.,-3.08148791101958E-33));
#4994=DIRECTION('center_axis',(-0.999847695156391,7.16403270245159E-34,
-0.0174524064372835));
#4995=DIRECTION('ref_axis',(-7.70299970116329E-34,-1.,3.08148791101958E-33));
#4996=DIRECTION('',(0.0174514425929762,-0.0105095660916102,-0.999792476553005));
#4997=DIRECTION('',(8.50981327459876E-34,1.,-7.70371977754894E-33));
#4998=DIRECTION('center_axis',(2.46519032881566E-32,7.70371977754894E-33,
1.));
#4999=DIRECTION('ref_axis',(-1.,7.70299970116329E-34,2.46519032881566E-32));
#5000=DIRECTION('',(-0.856653673635792,0.515891930006956,1.71438566496411E-32));
#5001=DIRECTION('center_axis',(-2.46519032881566E-32,-7.70371977754894E-33,
-1.));
#5002=DIRECTION('ref_axis',(-1.,7.70299970116329E-34,1.23259516440783E-32));
#5003=DIRECTION('center_axis',(1.23259516440783E-32,3.08148791101958E-33,
1.));
#5004=DIRECTION('ref_axis',(-1.,7.70299970116329E-34,1.23259516440783E-32));
#5005=DIRECTION('center_axis',(1.23259516440783E-32,3.08148791101958E-33,
1.));
#5006=DIRECTION('ref_axis',(-1.,7.70299970116329E-34,1.23259516440783E-32));
#5007=DIRECTION('center_axis',(2.77555756156289E-17,-3.10556203532442E-33,
-1.));
#5008=DIRECTION('ref_axis',(1.,-7.70299970116329E-34,2.77555756156289E-17));
#5009=DIRECTION('',(0.650791373455969,7.96989572415562E-17,0.759256602365297));
#5010=DIRECTION('center_axis',(8.23646909168101E-18,-3.09769261019709E-16,
1.));
#5011=DIRECTION('ref_axis',(1.,0.,-8.23646909168101E-18));
#5012=DIRECTION('',(-0.756501296830324,0.653992192532937,2.08817577742747E-16));
#5013=DIRECTION('',(-0.756501296830324,0.653992192532937,2.08817577742747E-16));
#5014=DIRECTION('center_axis',(4.16333634234434E-17,-5.4166779685891E-33,
-1.));
#5015=DIRECTION('ref_axis',(1.,-1.6973757476738E-33,4.16333634234434E-17));
#5016=DIRECTION('',(0.650791373455969,7.96989572415562E-17,0.759256602365297));
#5017=DIRECTION('center_axis',(0.,-3.47063625231619E-16,1.));
#5018=DIRECTION('ref_axis',(1.,-2.82327319724628E-17,3.79370148118426E-17));
#5019=DIRECTION('',(0.716301943424639,3.09676214088437E-16,-0.697790459841696));
#5020=DIRECTION('center_axis',(0.,0.,-1.));
#5021=DIRECTION('ref_axis',(1.,-6.16102572372934E-17,0.));
#5022=DIRECTION('center_axis',(8.23646909168101E-18,-3.09769261019709E-16,
1.));
#5023=DIRECTION('ref_axis',(1.,0.,-8.23646909168101E-18));
#5024=DIRECTION('',(-0.756501296830324,-0.653992192532937,-1.96355778644427E-16));
#5025=DIRECTION('',(-0.756501296830324,-0.653992192532936,-1.96355778644427E-16));
#5026=DIRECTION('center_axis',(2.77555756156289E-17,-3.10556203532442E-33,
-1.));
#5027=DIRECTION('ref_axis',(1.,-7.70299970116329E-34,2.77555756156289E-17));
#5028=DIRECTION('',(0.650791373455969,7.96989572415562E-17,0.759256602365297));
#5029=DIRECTION('center_axis',(0.,0.,1.));
#5030=DIRECTION('ref_axis',(1.,1.35836662973365E-33,0.));
#5031=DIRECTION('',(1.23259516440783E-32,3.08148791101958E-33,1.));
#5032=DIRECTION('center_axis',(0.,0.,1.));
#5033=DIRECTION('ref_axis',(0.925749477677882,-0.378137414942146,0.));
#5034=DIRECTION('',(0.,0.,1.));
#5035=DIRECTION('center_axis',(-0.716682450162816,0.69739964556101,0.));
#5036=DIRECTION('ref_axis',(-0.69739964556101,-0.716682450162816,-1.53543426116815E-15));
#5037=DIRECTION('',(0.,0.,-1.));
#5038=DIRECTION('center_axis',(0.,0.,1.));
#5039=DIRECTION('ref_axis',(0.299860454285019,-0.953983075298499,0.));
#5040=DIRECTION('',(0.,0.,1.));
#5041=DIRECTION('center_axis',(0.,0.,1.));
#5042=DIRECTION('ref_axis',(1.,1.35836662973365E-33,0.));
#5043=DIRECTION('',(1.23259516440783E-32,3.08148791101958E-33,1.));
#5044=DIRECTION('center_axis',(0.,0.,1.));
#5045=DIRECTION('ref_axis',(1.,0.,0.));
#5046=DIRECTION('center_axis',(3.73560967816453E-18,0.999847695156391,0.0174524064372838));
#5047=DIRECTION('ref_axis',(-1.,0.,2.14045535301315E-16));
#5048=DIRECTION('center_axis',(3.7356096781647E-18,-0.999847695156391,0.0174524064372846));
#5049=DIRECTION('ref_axis',(1.,0.,-2.14045535301315E-16));
#5050=DIRECTION('',(1.,4.95849475804076E-18,7.00264391331439E-17));
#5051=DIRECTION('center_axis',(0.,0.,1.));
#5052=DIRECTION('ref_axis',(1.,1.35836662973365E-33,0.));
#5053=DIRECTION('center_axis',(7.00264391331439E-17,-1.26898049854531E-17,
-1.));
#5054=DIRECTION('ref_axis',(1.,1.35836662973365E-33,7.00264391331439E-17));
#5055=DIRECTION('',(0.,0.,1.));
#5056=DIRECTION('center_axis',(0.,0.,1.));
#5057=DIRECTION('ref_axis',(1.,1.35836662973365E-33,0.));
#5058=DIRECTION('center_axis',(7.00264391331439E-17,-1.26898049854531E-17,
-1.));
#5059=DIRECTION('ref_axis',(1.,1.35836662973365E-33,7.00264391331439E-17));
#5060=DIRECTION('',(0.,0.,1.));
#5061=DIRECTION('center_axis',(0.653992192532938,-0.756501296830323,0.));
#5062=DIRECTION('ref_axis',(0.756501296830323,0.653992192532938,2.59132544518205E-17));
#5063=DIRECTION('',(-0.756501296830323,-0.653992192532938,-2.59132544518205E-17));
#5064=DIRECTION('',(0.,0.,1.));
#5065=DIRECTION('center_axis',(3.40261507942858E-17,-0.999847695156391,
0.0174524064372854));
#5066=DIRECTION('ref_axis',(1.,3.61636164373015E-17,1.22158382956016E-16));
#5067=DIRECTION('center_axis',(3.40261507942858E-17,-0.999847695156391,
0.0174524064372854));
#5068=DIRECTION('ref_axis',(-2.37067665129573E-35,0.0174524064372854,0.999847695156391));
#5069=DIRECTION('',(1.,3.5253649973039E-17,7.00264391331439E-17));
#5070=DIRECTION('center_axis',(-3.82900662924255E-17,0.999847695156391,
0.0174524064372842));
#5071=DIRECTION('ref_axis',(-1.,-3.61636164373015E-17,-1.22158382956016E-16));
#5072=DIRECTION('center_axis',(3.82900662924255E-17,-0.999847695156391,
-0.0174524064372842));
#5073=DIRECTION('ref_axis',(-2.37067665129557E-35,0.0174524064372842,-0.999847695156391));
#5074=DIRECTION('center_axis',(0.,0.,1.));
#5075=DIRECTION('ref_axis',(1.,1.35836662973365E-33,0.));
#5076=DIRECTION('center_axis',(7.00264391331439E-17,-1.26898049854531E-17,
-1.));
#5077=DIRECTION('ref_axis',(1.,1.35836662973365E-33,7.00264391331439E-17));
#5078=DIRECTION('center_axis',(-0.999905946033713,-6.34855910323725E-17,
0.0137149220349772));
#5079=DIRECTION('ref_axis',(0.0137149220349772,0.,0.999905946033713));
#5080=DIRECTION('center_axis',(0.999914327574007,0.,-0.0130895955713444));
#5081=DIRECTION('ref_axis',(0.0130895955713444,1.77804698208237E-35,0.999914327574007));
#5082=DIRECTION('center_axis',(0.999914327574007,0.,-0.0130895955713444));
#5083=DIRECTION('ref_axis',(0.,1.,0.));
#5084=DIRECTION('',(-0.0121115345864748,0.379285943508331,-0.925200239832954));
#5085=DIRECTION('center_axis',(0.,-0.92526810577336,-0.379313765158316));
#5086=DIRECTION('ref_axis',(0.,0.379313765158316,-0.92526810577336));
#5087=DIRECTION('',(-0.0121115345864748,-0.379285943508331,0.925200239832954));
#5088=DIRECTION('center_axis',(-0.999914327574007,0.,-0.0130895955713444));
#5089=DIRECTION('ref_axis',(0.,-1.,0.));
#5090=DIRECTION('',(0.0130891889076931,-0.00788254009249289,-0.999883262533896));
#5091=DIRECTION('center_axis',(-0.0130891889076931,0.00788254009249289,
0.999883262533896));
#5092=DIRECTION('ref_axis',(0.870564410024592,0.491997045304664,0.00751767317824303));
#5093=DIRECTION('',(-0.0130891889076931,0.00788254009249289,0.999883262533896));
#5094=DIRECTION('center_axis',(0.515891930006956,0.856653673635792,0.));
#5095=DIRECTION('ref_axis',(-0.856653673635792,0.515891930006956,1.57994823661464E-15));
#5096=DIRECTION('center_axis',(0.,0.,1.));
#5097=DIRECTION('ref_axis',(1.,1.35836662973365E-33,0.));
#5098=DIRECTION('center_axis',(-0.653892586354332,0.756386078018621,0.0174524064372788));
#5099=DIRECTION('ref_axis',(-0.756501296830324,-0.653992192532937,-3.31590542147002E-16));
#5100=DIRECTION('center_axis',(0.653892586354332,0.756386078018621,0.0174524064372763));
#5101=DIRECTION('ref_axis',(-0.756501296830324,0.653992192532937,3.52892923487317E-16));
#5102=DIRECTION('center_axis',(0.653892586354332,0.756386078018621,-0.0174524064372763));
#5103=DIRECTION('ref_axis',(-0.756501296830324,0.653992192532937,3.78739000496382E-16));
#5104=DIRECTION('center_axis',(-0.653892586354331,0.756386078018621,-0.0174524064372853));
#5105=DIRECTION('ref_axis',(-0.756501296830325,-0.653992192532936,-3.78739000496382E-16));
#5106=DIRECTION('center_axis',(0.,0.,1.));
#5107=DIRECTION('ref_axis',(1.,0.,0.));
#5108=DIRECTION('',(0.0261769483078732,-3.20575159566826E-18,-0.999657324975557));
#5109=DIRECTION('center_axis',(-4.16333634234434E-17,3.10556203532442E-33,
1.));
#5110=DIRECTION('ref_axis',(1.,-7.70299970116329E-34,4.16333634234434E-17));
#5111=DIRECTION('center_axis',(4.16333634234434E-17,-3.10556203532442E-33,
-1.));
#5112=DIRECTION('ref_axis',(1.,-7.70299970116329E-34,4.16333634234434E-17));
#5113=DIRECTION('center_axis',(-0.653892586354331,-0.756386078018621,0.0174524064372763));
#5114=DIRECTION('ref_axis',(0.756501296830325,-0.653992192532936,-7.05785846974634E-17));
#5115=DIRECTION('',(0.756501296830325,-0.653992192532936,6.1274125401885E-17));
#5116=DIRECTION('',(0.756501296830325,-0.653992192532936,-2.08817577742746E-16));
#5117=DIRECTION('center_axis',(7.00264391331439E-17,-1.26898049854531E-17,
-1.));
#5118=DIRECTION('ref_axis',(1.,1.35836662973365E-33,7.00264391331439E-17));
#5119=DIRECTION('',(0.756501296830324,0.653992192532937,4.46760586313812E-17));
#5120=DIRECTION('center_axis',(0.653892586354332,-0.75638607801862,0.0174524064372788));
#5121=DIRECTION('ref_axis',(0.756501296830324,0.653992192532937,4.92762033571484E-17));
#5122=DIRECTION('',(0.756501296830324,0.653992192532937,1.96355778644428E-16));
#5123=DIRECTION('center_axis',(8.23646909168101E-18,-3.09769261019709E-16,
1.));
#5124=DIRECTION('ref_axis',(1.,0.,-8.23646909168101E-18));
#5125=DIRECTION('',(0.756501296830324,0.653992192532937,1.96355778644428E-16));
#5126=DIRECTION('center_axis',(0.653892586354332,-0.75638607801862,-0.0174524064372919));
#5127=DIRECTION('ref_axis',(0.756501296830324,0.653992192532937,7.05785846974635E-17));
#5128=DIRECTION('center_axis',(-0.653892586354331,-0.756386078018621,-0.0174524064372787));
#5129=DIRECTION('ref_axis',(0.756501296830325,-0.653992192532936,-7.05785846974634E-17));
#5130=DIRECTION('',(0.756501296830325,-0.653992192532936,-2.08817577742746E-16));
#5131=DIRECTION('center_axis',(8.23646909168101E-18,-3.09769261019709E-16,
1.));
#5132=DIRECTION('ref_axis',(1.,0.,-8.23646909168101E-18));
#5133=DIRECTION('center_axis',(4.16333634234434E-17,-3.10556203532442E-33,
-1.));
#5134=DIRECTION('ref_axis',(1.,-7.70299970116329E-34,4.16333634234434E-17));
#5135=DIRECTION('',(0.650791373455969,7.96989572415562E-17,0.759256602365297));
#5136=CARTESIAN_POINT('',(0.,0.,0.));
#5137=CARTESIAN_POINT('Origin',(42.218697,-4.84202482937719,7.09000056266783));
#5138=CARTESIAN_POINT('',(42.2073512077967,-6.28864018453392,7.74000056266783));
#5139=CARTESIAN_POINT('',(42.218697,-6.29235392211034,7.09000056266783));
#5140=CARTESIAN_POINT('Origin',(40.9686969774916,-10.0920249530983,78.702453890612));
#5141=CARTESIAN_POINT('',(42.2073512077967,-4.85337062158053,7.74000056266783));
#5142=CARTESIAN_POINT('',(42.2073512077967,-7.34202482937719,7.74000056266783));
#5143=CARTESIAN_POINT('',(42.218697,-4.84202482937719,7.09000056266783));
#5144=CARTESIAN_POINT('',(42.2183163828178,-4.8424054465594,7.11180610643285));
#5145=CARTESIAN_POINT('',(42.2186970098214,-6.96164531094727,7.09));
#5146=CARTESIAN_POINT('Origin',(39.718697,-7.34202482937719,7.09000056266783));
#5147=CARTESIAN_POINT('',(39.718697,-6.29235390730089,7.09000056266783));
#5148=CARTESIAN_POINT('',(39.7300427922033,-6.28864016987322,7.74000056266783));
#5149=CARTESIAN_POINT('Origin',(40.9686969774916,-10.0920249530983,78.7024513115984));
#5150=CARTESIAN_POINT('',(39.718697,-4.84202482937719,7.09000056266783));
#5151=CARTESIAN_POINT('',(39.7186969901786,-8.21164531094727,7.09));
#5152=CARTESIAN_POINT('',(39.7300427922033,-4.85337062158053,7.74000056266783));
#5153=CARTESIAN_POINT('',(39.7190776171822,-4.8424054465594,7.11180610643285));
#5154=CARTESIAN_POINT('',(39.7300427922033,-4.84202482937719,7.74000056266783));
#5155=CARTESIAN_POINT('Origin',(39.718697,-4.84202482937719,7.09000056266783));
#5156=CARTESIAN_POINT('',(42.218697,-4.85337062158053,7.74000056266783));
#5157=CARTESIAN_POINT('',(36.3937044839091,-4.84202481955579,7.09));
#5158=CARTESIAN_POINT('Origin',(7.9559605393463,-10.4504903082728,7.74000056266783));
#5159=CARTESIAN_POINT('Origin',(40.9686969774916,-10.0920249530983,7.74000056266783));
#5160=CARTESIAN_POINT('Origin',(54.118697,-2.55452482937718,7.09000056266783));
#5161=CARTESIAN_POINT('',(54.118697,-3.60419598408622,7.09000056266783));
#5162=CARTESIAN_POINT('',(54.1073512077966,-3.60790972166264,7.74000056266783));
#5163=CARTESIAN_POINT('Origin',(52.8686969774916,0.195475046901716,78.7024538906121));
#5164=CARTESIAN_POINT('',(54.118697,-5.05452482937718,7.09000056266783));
#5165=CARTESIAN_POINT('',(54.1186970098214,-5.81789531094726,7.09));
#5166=CARTESIAN_POINT('',(54.1073512077966,-5.04317903717384,7.74000056266783));
#5167=CARTESIAN_POINT('',(54.1183163828178,-5.05414421219497,7.11180610643285));
#5168=CARTESIAN_POINT('',(54.1073512077966,-5.05452482937718,7.74000056266783));
#5169=CARTESIAN_POINT('Origin',(7.9559605393463,-10.4504903082728,7.74000056266783));
#5170=CARTESIAN_POINT('',(51.6300427922033,-3.60790973632334,7.74000056266783));
#5171=CARTESIAN_POINT('Origin',(52.8686969774916,0.195475046901716,7.74000056266783));
#5172=CARTESIAN_POINT('',(51.6300427922033,-5.04317903717384,7.74000056266783));
#5173=CARTESIAN_POINT('',(51.618697,-5.04317903717384,7.74000056266783));
#5174=CARTESIAN_POINT('',(51.6300427922033,-2.55452482937718,7.74000056266783));
#5175=CARTESIAN_POINT('Origin',(54.118697,-5.05452482937718,7.09000056266783));
#5176=CARTESIAN_POINT('',(51.618697,-5.05452482937718,7.09000056266783));
#5177=CARTESIAN_POINT('',(43.5937044839091,-5.05452483919859,7.09));
#5178=CARTESIAN_POINT('',(51.6190776171822,-5.05414421219497,7.11180610643285));
#5179=CARTESIAN_POINT('Origin',(51.618697,-5.05452482937718,7.09000056266783));
#5180=CARTESIAN_POINT('',(51.618697,-3.60419599889568,7.09000056266783));
#5181=CARTESIAN_POINT('Origin',(52.8686969774916,0.195475046901716,78.7024513115986));
#5182=CARTESIAN_POINT('',(51.6186969901786,-7.06789531094726,7.09));
#5183=CARTESIAN_POINT('Origin',(42.218697,7.73297517062281,7.09000056266783));
#5184=CARTESIAN_POINT('',(42.218697,6.68330401591378,7.09000056266783));
#5185=CARTESIAN_POINT('',(42.2073512077967,6.67959027833736,7.74000056266783));
#5186=CARTESIAN_POINT('Origin',(40.9686969774916,10.4829750469017,78.7024538906135));
#5187=CARTESIAN_POINT('',(42.218697,5.23297517062281,7.09000056266783));
#5188=CARTESIAN_POINT('',(42.2186970098214,-0.674145310947267,7.09));
#5189=CARTESIAN_POINT('',(42.2073512077967,5.24432096282615,7.74000056266783));
#5190=CARTESIAN_POINT('',(42.2183163828178,5.23335578780502,7.11180610643285));
#5191=CARTESIAN_POINT('',(42.2073512077967,5.23297517062281,7.74000056266783));
#5192=CARTESIAN_POINT('Origin',(7.9559605393463,-10.4504903082728,7.74000056266783));
#5193=CARTESIAN_POINT('',(39.7300427922033,6.67959026367664,7.74000056266783));
#5194=CARTESIAN_POINT('Origin',(40.9686969774916,10.4829750469017,7.74000056266783));
#5195=CARTESIAN_POINT('',(39.7300427922033,5.24432096282615,7.74000056266783));
#5196=CARTESIAN_POINT('',(39.718697,5.24432096282615,7.74000056266783));
#5197=CARTESIAN_POINT('',(39.7300427922033,7.73297517062281,7.74000056266783));
#5198=CARTESIAN_POINT('Origin',(42.218697,5.23297517062281,7.09000056266783));
#5199=CARTESIAN_POINT('',(39.718697,5.23297517062281,7.09000056266783));
#5200=CARTESIAN_POINT('',(37.6437044839091,5.2329751608014,7.09));
#5201=CARTESIAN_POINT('',(39.7190776171822,5.23335578780502,7.11180610643285));
#5202=CARTESIAN_POINT('Origin',(39.718697,5.23297517062281,7.09000056266783));
#5203=CARTESIAN_POINT('',(39.718697,6.68330400110431,7.09000056266783));
#5204=CARTESIAN_POINT('Origin',(40.9686969774916,10.4829750469017,78.7024513115969));
#5205=CARTESIAN_POINT('',(39.7186969901786,-1.92414531094727,7.09));
#5206=CARTESIAN_POINT('Origin',(42.218697,15.7329751706228,7.09000056266783));
#5207=CARTESIAN_POINT('',(42.2073512077967,14.2863598154661,7.74000056266783));
#5208=CARTESIAN_POINT('',(42.2186970098214,14.2826460746586,7.09));
#5209=CARTESIAN_POINT('Origin',(40.9686969774916,10.4829750469017,78.7024538906135));
#5210=CARTESIAN_POINT('',(42.2073512077967,15.7216293784195,7.74000056266783));
#5211=CARTESIAN_POINT('',(42.2073512077967,13.2329751706228,7.74000056266783));
#5212=CARTESIAN_POINT('',(42.218697,15.7329751706228,7.09000056266783));
#5213=CARTESIAN_POINT('',(42.2183163828178,15.7325945534406,7.11180610643285));
#5214=CARTESIAN_POINT('',(42.2186970098214,3.32585468905274,7.09));
#5215=CARTESIAN_POINT('Origin',(39.718697,13.2329751706228,7.09000056266783));
#5216=CARTESIAN_POINT('',(39.7186969901786,14.2826460894681,7.09));
#5217=CARTESIAN_POINT('',(39.7300427922033,14.2863598301268,7.74000056266783));
#5218=CARTESIAN_POINT('Origin',(40.9686969774916,10.4829750469017,78.7024513115969));
#5219=CARTESIAN_POINT('',(39.718697,15.7329751706228,7.09000056266783));
#5220=CARTESIAN_POINT('',(39.7186969901786,2.07585468905273,7.09));
#5221=CARTESIAN_POINT('',(39.7300427922033,15.7216293784195,7.74000056266783));
#5222=CARTESIAN_POINT('',(39.7190776171822,15.7325945534406,7.11180610643285));
#5223=CARTESIAN_POINT('',(39.7300427922033,15.7329751706228,7.74000056266783));
#5224=CARTESIAN_POINT('Origin',(39.718697,15.7329751706228,7.09000056266783));
#5225=CARTESIAN_POINT('',(42.218697,15.7216293784195,7.74000056266783));
#5226=CARTESIAN_POINT('',(36.3937044839091,15.7329751804442,7.09));
#5227=CARTESIAN_POINT('Origin',(7.9559605393463,-10.4504903082728,7.74000056266783));
#5228=CARTESIAN_POINT('Origin',(40.9686969774916,10.4829750469017,7.74000056266783));
#5229=CARTESIAN_POINT('Origin',(30.318697,5.44547517062281,7.09000056266783));
#5230=CARTESIAN_POINT('',(30.3073512077967,3.99885981546605,7.74000056266783));
#5231=CARTESIAN_POINT('',(30.3186970098214,3.99514607465863,7.09));
#5232=CARTESIAN_POINT('Origin',(29.0686969774915,0.195475046901712,78.7024538906146));
#5233=CARTESIAN_POINT('',(30.3073512077967,5.43412937841947,7.74000056266783));
#5234=CARTESIAN_POINT('',(30.3073512077967,2.94547517062281,7.74000056266783));
#5235=CARTESIAN_POINT('',(30.318697,5.44547517062281,7.09000056266783));
#5236=CARTESIAN_POINT('',(30.3183163828178,5.4450945534406,7.11180610643285));
#5237=CARTESIAN_POINT('',(30.3186970098214,-1.81789531094727,7.09));
#5238=CARTESIAN_POINT('Origin',(27.818697,2.94547517062281,7.09000056266783));
#5239=CARTESIAN_POINT('',(27.8186969901786,3.99514608946812,7.09));
#5240=CARTESIAN_POINT('',(27.8300427922034,3.99885983012679,7.74000056266783));
#5241=CARTESIAN_POINT('Origin',(29.0686969774915,0.195475046901712,78.7024513115684));
#5242=CARTESIAN_POINT('',(27.818697,5.44547517062281,7.09000056266783));
#5243=CARTESIAN_POINT('',(27.8186969901786,-3.06789531094726,7.09));
#5244=CARTESIAN_POINT('',(27.8300427922034,5.43412937841947,7.74000056266783));
#5245=CARTESIAN_POINT('',(27.8190776171822,5.4450945534406,7.11180610643285));
#5246=CARTESIAN_POINT('',(27.8300427922034,5.44547517062281,7.74000056266783));
#5247=CARTESIAN_POINT('Origin',(27.818697,5.44547517062281,7.09000056266783));
#5248=CARTESIAN_POINT('',(30.318697,5.43412937841947,7.74000056266783));
#5249=CARTESIAN_POINT('',(30.4437044839091,5.44547518044421,7.09));
#5250=CARTESIAN_POINT('Origin',(7.9559605393463,-10.4504903082728,7.74000056266783));
#5251=CARTESIAN_POINT('Origin',(29.0686969774915,0.195475046901712,7.74000056266783));
#5252=CARTESIAN_POINT('Origin',(54.118697,5.44547517062282,7.09000056266783));
#5253=CARTESIAN_POINT('',(54.1073512077966,3.99885981546607,7.74000056266783));
#5254=CARTESIAN_POINT('',(54.1186970098214,3.99514607465865,7.09));
#5255=CARTESIAN_POINT('Origin',(52.8686969774916,0.195475046901716,78.7024538906121));
#5256=CARTESIAN_POINT('',(54.1073512077967,5.43412937841948,7.74000056266783));
#5257=CARTESIAN_POINT('',(54.1073512077966,2.94547517062282,7.74000056266783));
#5258=CARTESIAN_POINT('',(54.118697,5.44547517062282,7.09000056266783));
#5259=CARTESIAN_POINT('',(54.1183163828178,5.4450945534406,7.11180610643285));
#5260=CARTESIAN_POINT('',(54.1186970098214,-1.81789531094726,7.09));
#5261=CARTESIAN_POINT('Origin',(51.618697,2.94547517062282,7.09000056266783));
#5262=CARTESIAN_POINT('',(51.6186969901786,3.9951460894681,7.09));
#5263=CARTESIAN_POINT('',(51.6300427922033,3.99885983012678,7.74000056266783));
#5264=CARTESIAN_POINT('Origin',(52.8686969774916,0.195475046901716,78.7024513115986));
#5265=CARTESIAN_POINT('',(51.618697,5.44547517062282,7.09000056266783));
#5266=CARTESIAN_POINT('',(51.6186969901786,-3.06789531094726,7.09));
#5267=CARTESIAN_POINT('',(51.6300427922033,5.43412937841947,7.74000056266783));
#5268=CARTESIAN_POINT('',(51.6190776171822,5.4450945534406,7.11180610643285));
#5269=CARTESIAN_POINT('',(51.6300427922033,5.44547517062282,7.74000056266783));
#5270=CARTESIAN_POINT('Origin',(51.618697,5.44547517062282,7.09000056266783));
#5271=CARTESIAN_POINT('',(54.118697,5.43412937841947,7.74000056266783));
#5272=CARTESIAN_POINT('',(42.3437044839091,5.44547518044422,7.09));
#5273=CARTESIAN_POINT('Origin',(7.9559605393463,-10.4504903082728,7.74000056266783));
#5274=CARTESIAN_POINT('Origin',(52.8686969774916,0.195475046901716,7.74000056266783));
#5275=CARTESIAN_POINT('Origin',(42.218697,-12.8420248293772,7.09000056266783));
#5276=CARTESIAN_POINT('',(42.218697,-13.8916959840862,7.09000056266783));
#5277=CARTESIAN_POINT('',(42.2073512077967,-13.8954097216626,7.74000056266783));
#5278=CARTESIAN_POINT('Origin',(40.9686969774916,-10.0920249530983,78.702453890612));
#5279=CARTESIAN_POINT('',(42.218697,-15.3420248293772,7.09000056266783));
#5280=CARTESIAN_POINT('',(42.2186970098214,-10.9616453109473,7.09));
#5281=CARTESIAN_POINT('',(42.2073512077967,-15.3306790371738,7.74000056266783));
#5282=CARTESIAN_POINT('',(42.2183163828178,-15.341644212195,7.11180610643285));
#5283=CARTESIAN_POINT('',(42.2073512077967,-15.3420248293772,7.74000056266783));
#5284=CARTESIAN_POINT('Origin',(7.9559605393463,-10.4504903082728,7.74000056266783));
#5285=CARTESIAN_POINT('',(39.7300427922033,-13.8954097363233,7.74000056266783));
#5286=CARTESIAN_POINT('Origin',(40.9686969774916,-10.0920249530983,7.74000056266783));
#5287=CARTESIAN_POINT('',(39.7300427922033,-15.3306790371738,7.74000056266783));
#5288=CARTESIAN_POINT('',(39.718697,-15.3306790371738,7.74000056266783));
#5289=CARTESIAN_POINT('',(39.7300427922033,-12.8420248293772,7.74000056266783));
#5290=CARTESIAN_POINT('Origin',(42.218697,-15.3420248293772,7.09000056266783));
#5291=CARTESIAN_POINT('',(39.718697,-15.3420248293772,7.09000056266783));
#5292=CARTESIAN_POINT('',(37.6437044839091,-15.3420248391986,7.09));
#5293=CARTESIAN_POINT('',(39.7190776171822,-15.341644212195,7.11180610643285));
#5294=CARTESIAN_POINT('Origin',(39.718697,-15.3420248293772,7.09000056266783));
#5295=CARTESIAN_POINT('',(39.718697,-13.8916959988957,7.09000056266783));
#5296=CARTESIAN_POINT('Origin',(40.9686969774916,-10.0920249530983,78.7024513115984));
#5297=CARTESIAN_POINT('',(39.7186969901786,-12.2116453109473,7.09));
#5298=CARTESIAN_POINT('Origin',(30.318697,-2.55452482937718,7.09000056266783));
#5299=CARTESIAN_POINT('',(30.318697,-3.60419598408621,7.09000056266783));
#5300=CARTESIAN_POINT('',(30.3073512077967,-3.60790972166263,7.74000056266783));
#5301=CARTESIAN_POINT('Origin',(29.0686969774915,0.195475046901712,78.7024538906146));
#5302=CARTESIAN_POINT('',(30.318697,-5.05452482937718,7.09000056266783));
#5303=CARTESIAN_POINT('',(30.3186970098214,-5.81789531094726,7.09));
#5304=CARTESIAN_POINT('',(30.3073512077967,-5.04317903717384,7.74000056266783));
#5305=CARTESIAN_POINT('',(30.3183163828178,-5.05414421219497,7.11180610643285));
#5306=CARTESIAN_POINT('',(30.3073512077967,-5.05452482937718,7.74000056266783));
#5307=CARTESIAN_POINT('Origin',(7.9559605393463,-10.4504903082728,7.74000056266783));
#5308=CARTESIAN_POINT('',(27.8300427922034,-3.60790973632337,7.74000056266783));
#5309=CARTESIAN_POINT('Origin',(29.0686969774915,0.195475046901712,7.74000056266783));
#5310=CARTESIAN_POINT('',(27.8300427922033,-5.04317903717384,7.74000056266783));
#5311=CARTESIAN_POINT('',(27.818697,-5.04317903717384,7.74000056266783));
#5312=CARTESIAN_POINT('',(27.8300427922034,-2.55452482937718,7.74000056266783));
#5313=CARTESIAN_POINT('Origin',(30.318697,-5.05452482937718,7.09000056266783));
#5314=CARTESIAN_POINT('',(27.818697,-5.05452482937718,7.09000056266783));
#5315=CARTESIAN_POINT('',(31.6937044839091,-5.05452483919859,7.09));
#5316=CARTESIAN_POINT('',(27.8190776171822,-5.05414421219497,7.11180610643286));
#5317=CARTESIAN_POINT('Origin',(27.818697,-5.05452482937718,7.09000056266783));
#5318=CARTESIAN_POINT('',(27.818697,-3.6041959988957,7.09000056266783));
#5319=CARTESIAN_POINT('Origin',(29.0686969774915,0.195475046901712,78.7024513115676));
#5320=CARTESIAN_POINT('',(27.8186969901786,-7.06789531094726,7.09));
#5321=CARTESIAN_POINT('Origin',(33.0687119678181,-9.08126579251734,7.09));
#5322=CARTESIAN_POINT('',(38.4868533383637,-6.95507545543015,7.09));
#5323=CARTESIAN_POINT('Origin',(40.9686969774916,-10.0920249530983,7.09));
#5324=CARTESIAN_POINT('',(32.5315289054188,-1.80672250552093,7.09));
#5325=CARTESIAN_POINT('',(38.7033517049103,-7.14223738365268,7.09));
#5326=CARTESIAN_POINT('',(32.5315289054188,2.19767259932436,7.09));
#5327=CARTESIAN_POINT('Origin',(29.0686969774915,0.195475046901712,7.09));
#5328=CARTESIAN_POINT('',(38.4868533383637,7.34602554923358,7.09));
#5329=CARTESIAN_POINT('',(28.7371231624648,-1.08257522257815,7.09));
#5330=CARTESIAN_POINT('Origin',(40.9686969774916,10.4829750469017,7.09));
#5331=CARTESIAN_POINT('',(43.4505406166195,7.34602554923357,7.09));
#5332=CARTESIAN_POINT('Origin',(40.9686969774916,10.4829750469017,7.09));
#5333=CARTESIAN_POINT('',(49.4058650495643,2.19767259932436,7.09));
#5334=CARTESIAN_POINT('',(43.3025564364496,7.47395725120813,7.09));
#5335=CARTESIAN_POINT('',(48.8686969774916,0.195475046901715,7.08999999999993));
#5336=CARTESIAN_POINT('Origin',(52.8686969774916,0.195475046901716,7.09));
#5337=CARTESIAN_POINT('',(49.4058650495643,-1.80672250552093,7.09));
#5338=CARTESIAN_POINT('Origin',(52.8686969774916,0.195475046901716,7.09));
#5339=CARTESIAN_POINT('',(43.4505406166195,-6.95507545543013,7.09));
#5340=CARTESIAN_POINT('',(44.0895252126216,-6.4026759569955,7.09));
#5341=CARTESIAN_POINT('Origin',(40.9686969774916,-10.0920249530983,7.09));
#5342=CARTESIAN_POINT('',(40.7668672548076,0.14236662994502,7.09));
#5343=CARTESIAN_POINT('Origin',(41.8721729948726,0.14236662994502,7.09));
#5344=CARTESIAN_POINT('Origin',(40.9686969774916,10.4829750469017,7.09));
#5345=CARTESIAN_POINT('',(36.9686969774916,10.4829750469017,8.14));
#5346=CARTESIAN_POINT('Origin',(40.9686969774916,10.4829750469017,8.14));
#5347=CARTESIAN_POINT('',(36.9686969774916,10.4829750469017,7.08999999999999));
#5348=CARTESIAN_POINT('',(36.9686969774916,10.4829750469017,7.09));
#5349=CARTESIAN_POINT('Origin',(40.9686969774916,10.4829750469017,7.09));
#5350=CARTESIAN_POINT('',(44.4315289054189,8.48077749447905,7.09));
#5351=CARTESIAN_POINT('Origin',(40.9686969774916,10.4829750469017,7.09));
#5352=CARTESIAN_POINT('',(44.4293032867475,8.47693317985648,7.34));
#5353=CARTESIAN_POINT('Origin',(40.9686969774916,10.4829750469017,50.0574712230873));
#5354=CARTESIAN_POINT('',(43.4540227360396,7.34878362423822,7.34));
#5355=CARTESIAN_POINT('Origin',(40.9686969774916,10.4829750469017,7.34));
#5356=CARTESIAN_POINT('Origin',(40.9686969774916,10.4829750469017,50.0574712230878));
#5357=CARTESIAN_POINT('',(38.4833712189435,7.34878362423823,7.34));
#5358=CARTESIAN_POINT('Origin',(40.9686969774916,10.4829750469017,50.057471223065));
#5359=CARTESIAN_POINT('',(37.5080906682357,8.4769331798565,7.34));
#5360=CARTESIAN_POINT('Origin',(40.9686969774916,10.4829750469017,7.34));
#5361=CARTESIAN_POINT('',(37.5058650495642,8.48077749447906,7.09));
#5362=CARTESIAN_POINT('Origin',(40.9686969774916,10.4829750469017,50.0574712230815));
#5363=CARTESIAN_POINT('Origin',(40.9686969774916,10.4829750469017,7.09));
#5364=CARTESIAN_POINT('Origin',(52.8686969774916,0.195475046901716,7.09));
#5365=CARTESIAN_POINT('',(48.8686969774916,0.195475046901715,8.14));
#5366=CARTESIAN_POINT('Origin',(52.8686969774916,0.195475046901716,8.14));
#5367=CARTESIAN_POINT('',(48.8686969774916,0.195475046901715,7.09));
#5368=CARTESIAN_POINT('',(49.4080906682357,2.20151691394693,7.34));
#5369=CARTESIAN_POINT('Origin',(52.8686969774916,0.195475046901716,50.0574712230877));
#5370=CARTESIAN_POINT('',(50.3833712189435,3.3296664695652,7.34));
#5371=CARTESIAN_POINT('Origin',(52.8686969774916,0.195475046901716,7.34));
#5372=CARTESIAN_POINT('',(50.3868533383637,3.33242454456985,7.09));
#5373=CARTESIAN_POINT('Origin',(52.8686969774916,0.195475046901716,50.0574712230873));
#5374=CARTESIAN_POINT('Origin',(52.8686969774916,0.195475046901716,7.09));
#5375=CARTESIAN_POINT('',(56.797755388867,0.945475046901718,7.09));
#5376=CARTESIAN_POINT('Origin',(52.8686969774916,0.195475046901716,7.09));
#5377=CARTESIAN_POINT('',(56.7985858572046,0.941111280669662,7.34));
#5378=CARTESIAN_POINT('Origin',(52.8686969774916,0.195475046901716,50.0574712230679));
#5379=CARTESIAN_POINT('',(56.7985858572046,-0.550161186866229,7.34));
#5380=CARTESIAN_POINT('Origin',(52.8686969774916,0.195475046901716,7.34));
#5381=CARTESIAN_POINT('',(56.797755388867,-0.554524953098282,7.09));
#5382=CARTESIAN_POINT('Origin',(52.8686969774916,0.195475046901716,50.0574712230649));
#5383=CARTESIAN_POINT('Origin',(52.8686969774916,0.195475046901716,7.09));
#5384=CARTESIAN_POINT('',(50.3868533383637,-2.94147445076642,7.09));
#5385=CARTESIAN_POINT('Origin',(52.8686969774916,0.195475046901716,7.09));
#5386=CARTESIAN_POINT('',(50.3833712189435,-2.93871637576176,7.33999999999999));
#5387=CARTESIAN_POINT('Origin',(52.8686969774916,0.195475046901716,50.0574712230809));
#5388=CARTESIAN_POINT('',(49.4080906682357,-1.8105668201435,7.33999999999999));
#5389=CARTESIAN_POINT('Origin',(52.8686969774916,0.195475046901716,7.34));
#5390=CARTESIAN_POINT('Origin',(52.8686969774916,0.195475046901716,50.0574712230493));
#5391=CARTESIAN_POINT('Origin',(33.0687119678181,-9.08126579251734,7.09));
#5392=CARTESIAN_POINT('',(31.5505406166194,3.33242454456985,7.09));
#5393=CARTESIAN_POINT('',(27.5336051945197,-0.140199249955412,7.09));
#5394=CARTESIAN_POINT('Origin',(29.0686969774915,0.195475046901712,7.09));
#5395=CARTESIAN_POINT('',(25.1396385661161,0.945475046901713,7.09));
#5396=CARTESIAN_POINT('Origin',(29.0686969774915,0.195475046901712,7.09));
#5397=CARTESIAN_POINT('',(21.4304298310767,0.945475046901712,7.08999999999999));
#5398=CARTESIAN_POINT('',(27.2495708994474,0.945475046901713,7.09));
#5399=CARTESIAN_POINT('',(23.5484182540497,5.52765544665521,7.08999999999999));
#5400=CARTESIAN_POINT('Origin',(29.0686969774915,0.195475046901712,7.08999999999999));
#5401=CARTESIAN_POINT('',(24.964445239161,6.68090045071378,7.08999999999999));
#5402=CARTESIAN_POINT('Origin',(20.9595788402301,10.1523619767449,7.09));
#5403=CARTESIAN_POINT('',(30.5177431147197,7.73244328964921,7.08999999999999));
#5404=CARTESIAN_POINT('Origin',(29.0686969774915,0.195475046901712,7.08999999999999));
#5405=CARTESIAN_POINT('',(30.7893880896601,7.81782801784726,7.09));
#5406=CARTESIAN_POINT('Origin',(30.5743833546113,8.02704791151556,7.09));
#5407=CARTESIAN_POINT('',(33.2087594207133,10.3040939407357,7.09));
#5408=CARTESIAN_POINT('',(28.2425728230892,5.20059438864192,7.09));
#5409=CARTESIAN_POINT('',(33.2937525148241,10.5121725634008,7.09));
#5410=CARTESIAN_POINT('Origin',(32.9937546856644,10.513313834404,7.09));
#5411=CARTESIAN_POINT('',(35.3625098219737,15.724758195536,7.09));
#5412=CARTESIAN_POINT('Origin',(40.9686969774916,10.4829750469017,7.09));
#5413=CARTESIAN_POINT('',(36.0932425093133,16.0419420351585,7.08999999999989));
#5414=CARTESIAN_POINT('Ctrl Pts',(36.0932425093133,16.0419420351585,7.09000000000001));
#5415=CARTESIAN_POINT('Ctrl Pts',(36.0495214620806,16.0419420351585,7.09000000000001));
#5416=CARTESIAN_POINT('Ctrl Pts',(36.0059899171359,16.0389299028652,7.08999826835523));
#5417=CARTESIAN_POINT('Ctrl Pts',(35.9628894027456,16.0330827852674,7.08999640773869));
#5418=CARTESIAN_POINT('Ctrl Pts',(35.9187224413686,16.0270909909521,7.08999450108445));
#5419=CARTESIAN_POINT('Ctrl Pts',(35.8750070568642,16.018121933123,7.08999243755925));
#5420=CARTESIAN_POINT('Ctrl Pts',(35.8320058024373,16.0063113420818,7.0899910260085));
#5421=CARTESIAN_POINT('Ctrl Pts',(35.7919668184206,15.9953143590349,7.08998971169666));
#5422=CARTESIAN_POINT('Ctrl Pts',(35.7525462948573,15.9818530337926,7.08998893740862));
#5423=CARTESIAN_POINT('Ctrl Pts',(35.7139705109382,15.965998939964,7.08998892612277));
#5424=CARTESIAN_POINT('Ctrl Pts',(35.6726702478643,15.949025124285,7.08998891403985));
#5425=CARTESIAN_POINT('Ctrl Pts',(35.6325459688522,15.9293946229858,7.08998974407202));
#5426=CARTESIAN_POINT('Ctrl Pts',(35.5938632886917,15.9072308474986,7.08999110687087));
#5427=CARTESIAN_POINT('Ctrl Pts',(35.570445205022,15.8938131332492,7.08999193189481));
#5428=CARTESIAN_POINT('Ctrl Pts',(35.5475557633356,15.8794660195592,7.08999294024887));
#5429=CARTESIAN_POINT('Ctrl Pts',(35.5252585462898,15.8642088265614,7.08999399827144));
#5430=CARTESIAN_POINT('Ctrl Pts',(35.48879926309,15.8392610351308,7.0899957282965));
#5431=CARTESIAN_POINT('Ctrl Pts',(35.4540513410528,15.8119706400231,7.08999758717097));
#5432=CARTESIAN_POINT('Ctrl Pts',(35.421280954045,15.782439180544,7.0899987806075));
#5433=CARTESIAN_POINT('Ctrl Pts',(35.4009017028297,15.7640741538711,7.08999952278192));
#5434=CARTESIAN_POINT('Ctrl Pts',(35.381287713611,15.7448415644948,7.09000000032666));
#5435=CARTESIAN_POINT('Ctrl Pts',(35.3625098219737,15.724758195536,7.09000000000056));
#5436=CARTESIAN_POINT('',(45.8768294853995,16.0419420351585,7.09));
#5437=CARTESIAN_POINT('',(40.5563564170926,16.0419420351585,7.09));
#5438=CARTESIAN_POINT('',(46.0854983576606,15.9947968086162,7.0900000000001));
#5439=CARTESIAN_POINT('',(41.3919745288319,17.055219677605,7.09));
#5440=CARTESIAN_POINT('',(46.5991256861499,15.698710618872,7.09000000000001));
#5441=CARTESIAN_POINT('Ctrl Pts',(46.5991256861498,15.6987106188718,7.0900000000072));
#5442=CARTESIAN_POINT('Ctrl Pts',(46.5692185078749,15.7309957241269,7.09000000035735));
#5443=CARTESIAN_POINT('Ctrl Pts',(46.5372112479689,15.7611592871238,7.08999938089325));
#5444=CARTESIAN_POINT('Ctrl Pts',(46.5033788381518,15.7890954144011,7.08999871313915));
#5445=CARTESIAN_POINT('Ctrl Pts',(46.4690816174482,15.8174153457336,7.08999803621102));
#5446=CARTESIAN_POINT('Ctrl Pts',(46.4329078385122,15.8434468737835,7.08999734368028));
#5447=CARTESIAN_POINT('Ctrl Pts',(46.395109287735,15.8670399604043,7.08999705474335));
#5448=CARTESIAN_POINT('Ctrl Pts',(46.3850345615575,15.8733283995772,7.08999697773086));
#5449=CARTESIAN_POINT('Ctrl Pts',(46.3748442626171,15.8794433598091,7.0899969268364));
#5450=CARTESIAN_POINT('Ctrl Pts',(46.3645428807632,15.8853814382197,7.08999690306629));
#5451=CARTESIAN_POINT('Ctrl Pts',(46.3259042998719,15.9076540737031,7.08999681390898));
#5452=CARTESIAN_POINT('Ctrl Pts',(46.2858980113635,15.9273304361647,7.08999718957729));
#5453=CARTESIAN_POINT('Ctrl Pts',(46.2447866962787,15.9442793595935,7.08999783411735));
#5454=CARTESIAN_POINT('Ctrl Pts',(46.2041713976191,15.9610237907944,7.0899984708809));
#5455=CARTESIAN_POINT('Ctrl Pts',(46.1624765669333,15.9751066606088,7.08999940162872));
#5456=CARTESIAN_POINT('Ctrl Pts',(46.1199353086288,15.9863555652759,7.08999981829959));
#5457=CARTESIAN_POINT('Ctrl Pts',(46.1085159151256,15.9893751202678,7.08999993014698));
#5458=CARTESIAN_POINT('Ctrl Pts',(46.097035465036,15.992190193001,7.09));
#5459=CARTESIAN_POINT('Ctrl Pts',(46.0854983576606,15.9947968086162,7.08999999999999));
#5460=CARTESIAN_POINT('',(47.2096670754193,14.950179680313,7.09000000000003));
#5461=CARTESIAN_POINT('Origin',(40.9686969774916,10.4829750469017,7.09));
#5462=CARTESIAN_POINT('',(47.3965970421007,14.3678940728974,7.0900000000001));
#5463=CARTESIAN_POINT('Ctrl Pts',(47.3965970421007,14.3678940728974,7.09000000000005));
#5464=CARTESIAN_POINT('Ctrl Pts',(47.3965970421007,14.411859002911,7.09000000000005));
#5465=CARTESIAN_POINT('Ctrl Pts',(47.3936131415091,14.4556890525677,7.08999928604105));
#5466=CARTESIAN_POINT('Ctrl Pts',(47.3877800737487,14.4991218698218,7.0899986837995));
#5467=CARTESIAN_POINT('Ctrl Pts',(47.3818599825813,14.5432026603009,7.08999807257312));
#5468=CARTESIAN_POINT('Ctrl Pts',(47.373004849689,14.5868753756437,7.08999755337198));
#5469=CARTESIAN_POINT('Ctrl Pts',(47.3613028981385,14.6298605527197,7.08999739431891));
#5470=CARTESIAN_POINT('Ctrl Pts',(47.3573169519876,14.6445022644354,7.08999734014188));
#5471=CARTESIAN_POINT('Ctrl Pts',(47.3530002787055,14.6590640860781,7.08999732430872));
#5472=CARTESIAN_POINT('Ctrl Pts',(47.3483550714262,14.6735344818317,7.08999734943972));
#5473=CARTESIAN_POINT('Ctrl Pts',(47.3347211025992,14.7160059826187,7.08999742320075));
#5474=CARTESIAN_POINT('Ctrl Pts',(47.3183310758848,14.757471539377,7.08999783970631));
#5475=CARTESIAN_POINT('Ctrl Pts',(47.2992930800095,14.7976581718873,7.08999838266257));
#5476=CARTESIAN_POINT('Ctrl Pts',(47.2804850389519,14.8373594009016,7.08999891906061));
#5477=CARTESIAN_POINT('Ctrl Pts',(47.2590921697028,14.8758134339948,7.08999955445694));
#5478=CARTESIAN_POINT('Ctrl Pts',(47.2351727532648,14.9127370807709,7.08999984318642));
#5479=CARTESIAN_POINT('Ctrl Pts',(47.2269680924134,14.9254023562795,7.08999994222426));
#5480=CARTESIAN_POINT('Ctrl Pts',(47.2184657922009,14.9378873263813,7.09000000005481));
#5481=CARTESIAN_POINT('Ctrl Pts',(47.2096670754193,14.950179680313,7.09000000000147));
#5482=CARTESIAN_POINT('',(47.3965970421007,10.4763319559257,7.09));
#5483=CARTESIAN_POINT('',(47.3965970421007,4.15158607757551,7.09));
#5484=CARTESIAN_POINT('',(52.1576448343544,7.6091451218616,7.09));
#5485=CARTESIAN_POINT('',(48.8230625541598,9.61728930105527,7.09));
#5486=CARTESIAN_POINT('',(52.3271126467702,7.30928021913121,7.09));
#5487=CARTESIAN_POINT('Origin',(51.977082658852,7.30931633608907,7.09));
#5488=CARTESIAN_POINT('',(52.3271126467702,7.19788774980162,7.09));
#5489=CARTESIAN_POINT('',(52.3271126467702,4.02988486187253,7.09));
#5490=CARTESIAN_POINT('',(54.5806154415121,7.19788774980162,7.09));
#5491=CARTESIAN_POINT('',(42.4887235553959,7.19788774980162,7.09));
#5492=CARTESIAN_POINT('',(54.5806154415121,7.22429008939088,7.08999999999996));
#5493=CARTESIAN_POINT('',(54.5806154415121,-0.363529025005329,7.09));
#5494=CARTESIAN_POINT('',(55.0291685636527,7.56011947317177,7.09));
#5495=CARTESIAN_POINT('Ctrl Pts',(55.0291685636527,7.56011947317177,7.09));
#5496=CARTESIAN_POINT('Ctrl Pts',(55.0101041569745,7.56571215808128,7.0900000000181));
#5497=CARTESIAN_POINT('Ctrl Pts',(54.9906451367986,7.56956067709147,7.08999959663577));
#5498=CARTESIAN_POINT('Ctrl Pts',(54.9710069033426,7.57174206652499,7.08999913707487));
#5499=CARTESIAN_POINT('Ctrl Pts',(54.9508469605375,7.57398140675455,7.08999866530527));
#5500=CARTESIAN_POINT('Ctrl Pts',(54.9304967200728,7.57446387551709,7.08999815317855));
#5501=CARTESIAN_POINT('Ctrl Pts',(54.910181419765,7.57321984291351,7.08999787487627));
#5502=CARTESIAN_POINT('Ctrl Pts',(54.9048824666906,7.57289535495176,7.08999780228513));
#5503=CARTESIAN_POINT('Ctrl Pts',(54.8995859162602,7.57245312991127,7.08999774421555));
#5504=CARTESIAN_POINT('Ctrl Pts',(54.8942958749323,7.57189313250713,7.08999770189596));
#5505=CARTESIAN_POINT('Ctrl Pts',(54.8740352241955,7.56974836442016,7.08999753981345));
#5506=CARTESIAN_POINT('Ctrl Pts',(54.854040724623,7.56589819248268,7.08999765682745));
#5507=CARTESIAN_POINT('Ctrl Pts',(54.8345349224596,7.56039435695217,7.08999797188955));
#5508=CARTESIAN_POINT('Ctrl Pts',(54.8153458055162,7.55497987859608,7.08999828183649));
#5509=CARTESIAN_POINT('Ctrl Pts',(54.7966282467187,7.54796465566085,7.08999880046543));
#5510=CARTESIAN_POINT('Ctrl Pts',(54.7786062491218,7.53935022654153,7.08999910864793));
#5511=CARTESIAN_POINT('Ctrl Pts',(54.7739651456867,7.53713180117761,7.08999918801243));
#5512=CARTESIAN_POINT('Ctrl Pts',(54.7693702947853,7.53480708268949,7.08999925089508));
#5513=CARTESIAN_POINT('Ctrl Pts',(54.7648258284717,7.53237561244463,7.0899992842648));
#5514=CARTESIAN_POINT('Ctrl Pts',(54.763121356679,7.53146365223607,7.08999929678062));
#5515=CARTESIAN_POINT('Ctrl Pts',(54.7614253381478,7.53053740249945,7.08999930533436));
#5516=CARTESIAN_POINT('Ctrl Pts',(54.7597379583579,7.52959690215677,7.08999930917085));
#5517=CARTESIAN_POINT('Ctrl Pts',(54.7423042333266,7.51987981032952,7.08999934880882));
#5518=CARTESIAN_POINT('Ctrl Pts',(54.7257908876275,7.50864554712632,7.08999892368414));
#5519=CARTESIAN_POINT('Ctrl Pts',(54.7103364832114,7.49609138125924,7.08999865787255));
#5520=CARTESIAN_POINT('Ctrl Pts',(54.6946809986974,7.48337387083143,7.08999838860244));
#5521=CARTESIAN_POINT('Ctrl Pts',(54.6801110594942,7.46930085197572,7.08999829365264));
#5522=CARTESIAN_POINT('Ctrl Pts',(54.66680271132,7.4540365605652,7.08999844596452));
#5523=CARTESIAN_POINT('Ctrl Pts',(54.6645862611706,7.45149435618832,7.08999847133143));
#5524=CARTESIAN_POINT('Ctrl Pts',(54.6624048982954,7.44891903880996,7.08999850205873));
#5525=CARTESIAN_POINT('Ctrl Pts',(54.6602595559144,7.4463112905312,7.08999853661892));
#5526=CARTESIAN_POINT('Ctrl Pts',(54.6485517308486,7.43207996739438,7.08999872522502));
#5527=CARTESIAN_POINT('Ctrl Pts',(54.6379987120619,7.41698695940378,7.08999907029146));
#5528=CARTESIAN_POINT('Ctrl Pts',(54.6287191353183,7.40116770611998,7.08999907283991));
#5529=CARTESIAN_POINT('Ctrl Pts',(54.6184987319853,7.3837445893705,7.08999907564673));
#5530=CARTESIAN_POINT('Ctrl Pts',(54.6098217586031,7.36543977487614,7.08999867749548));
#5531=CARTESIAN_POINT('Ctrl Pts',(54.6027525741747,7.34646202018827,7.08999855087594));
#5532=CARTESIAN_POINT('Ctrl Pts',(54.6022229062075,7.34504008688766,7.0899985413888));
#5533=CARTESIAN_POINT('Ctrl Pts',(54.601702287497,7.34361436871931,7.08999853309548));
#5534=CARTESIAN_POINT('Ctrl Pts',(54.6011907565813,7.342184950684,7.08999852611763));
#5535=CARTESIAN_POINT('Ctrl Pts',(54.5943708073631,7.32312733732512,7.08999843308604));
#5536=CARTESIAN_POINT('Ctrl Pts',(54.5892128611248,7.30355518230064,7.08999863479381));
#5537=CARTESIAN_POINT('Ctrl Pts',(54.5857608493086,7.28368392636128,7.08999903141143));
#5538=CARTESIAN_POINT('Ctrl Pts',(54.5823607909342,7.26411173664602,7.08999942205988));
#5539=CARTESIAN_POINT('Ctrl Pts',(54.5806154414908,7.24424801868526,7.09000000000039));
#5540=CARTESIAN_POINT('Ctrl Pts',(54.5806154415121,7.22429008939088,7.09));
#5541=CARTESIAN_POINT('',(60.5069641239064,0.945475046901717,7.08999999999999));
#5542=CARTESIAN_POINT('Origin',(52.8686969774916,0.195475046901716,7.08999999999999));
#5543=CARTESIAN_POINT('',(43.1083269555089,0.945475046901717,7.09));
#5544=CARTESIAN_POINT('',(43.7930505808493,9.0327393233874,7.09));
#5545=CARTESIAN_POINT('Ctrl Pts',(24.3614475838341,-5.74272292905003,9.09872512689943));
#5546=CARTESIAN_POINT('Ctrl Pts',(24.3556358828113,-5.73836048002967,8.93229978440545));
#5547=CARTESIAN_POINT('Ctrl Pts',(24.3498305860717,-5.73398949915508,8.76605783658717));
#5548=CARTESIAN_POINT('Ctrl Pts',(24.3440317186379,-5.72961000526657,8.59999999999997));
#5549=CARTESIAN_POINT('Ctrl Pts',(24.361376955663,-5.81997542726215,9.09670260070067));
#5550=CARTESIAN_POINT('Ctrl Pts',(24.3555672085835,-5.81553034284443,8.93027521711107));
#5551=CARTESIAN_POINT('Ctrl Pts',(24.3497578132014,-5.81107993784445,8.76403139224952));
#5552=CARTESIAN_POINT('Ctrl Pts',(24.3439608826622,-5.80661782162711,8.59797152305718));
#5553=CARTESIAN_POINT('Ctrl Pts',(24.399468812764,-5.89631401915955,9.09337136705557));
#5554=CARTESIAN_POINT('Ctrl Pts',(24.3935737831894,-5.89179175748455,8.92694490174861));
#5555=CARTESIAN_POINT('Ctrl Pts',(24.3876799271961,-5.88726521180009,8.76070195394881));
#5556=CARTESIAN_POINT('Ctrl Pts',(24.3817980385244,-5.8827258642931,8.59464299987516));
#5557=CARTESIAN_POINT('Ctrl Pts',(24.46121442571,-5.94266225483965,9.0900002527238));
#5558=CARTESIAN_POINT('Ctrl Pts',(24.4552070445181,-5.93815292201389,8.92357491022982));
#5559=CARTESIAN_POINT('Ctrl Pts',(24.4492062832418,-5.93363477006609,8.75733296241155));
#5560=CARTESIAN_POINT('Ctrl Pts',(24.4432121677463,-5.92910781847089,8.59127512582434));
#5561=CARTESIAN_POINT('',(24.46121442571,-5.94266225483968,9.0900002527237));
#5562=CARTESIAN_POINT('',(24.3611429045142,-5.74249421476835,9.09000025272373));
#5563=CARTESIAN_POINT('Ctrl Pts',(24.46121442571,-5.94266225483964,9.09000025272369));
#5564=CARTESIAN_POINT('Ctrl Pts',(24.4488825766154,-5.93340557374214,9.09000025272369));
#5565=CARTESIAN_POINT('Ctrl Pts',(24.4375428187088,-5.92300192003113,9.08999870060094));
#5566=CARTESIAN_POINT('Ctrl Pts',(24.4272477590657,-5.91165118764287,9.08999692795885));
#5567=CARTESIAN_POINT('Ctrl Pts',(24.4166442978298,-5.8999604296434,9.08999510221502));
#5568=CARTESIAN_POINT('Ctrl Pts',(24.407148162667,-5.88726374772347,9.08999310684095));
#5569=CARTESIAN_POINT('Ctrl Pts',(24.3988559384908,-5.87374319121524,9.08999198262476));
#5570=CARTESIAN_POINT('Ctrl Pts',(24.3981708710234,-5.87262618168834,9.08999188974691));
#5571=CARTESIAN_POINT('Ctrl Pts',(24.3974940468531,-5.87150353549382,9.08999180225202));
#5572=CARTESIAN_POINT('Ctrl Pts',(24.3968255350562,-5.87037534888624,9.08999172038389));
#5573=CARTESIAN_POINT('Ctrl Pts',(24.3887525688679,-5.85675133749335,9.08999073174209));
#5574=CARTESIAN_POINT('Ctrl Pts',(24.3819504323122,-5.84242678720416,9.08999070105892));
#5575=CARTESIAN_POINT('Ctrl Pts',(24.3765065383297,-5.827590045838,9.08999173508828));
#5576=CARTESIAN_POINT('Ctrl Pts',(24.374237370808,-5.8214056763876,9.08999216610069));
#5577=CARTESIAN_POINT('Ctrl Pts',(24.3722047357683,-5.81513201389874,9.08999277101528));
#5578=CARTESIAN_POINT('Ctrl Pts',(24.3704174955735,-5.80878179767779,9.08999349271423));
#5579=CARTESIAN_POINT('Ctrl Pts',(24.366186730027,-5.79374952832734,9.08999520112424));
#5580=CARTESIAN_POINT('Ctrl Pts',(24.3633543086789,-5.77838344602153,9.08999766474031));
#5581=CARTESIAN_POINT('Ctrl Pts',(24.362020179607,-5.76285744700066,9.08999915586096));
#5582=CARTESIAN_POINT('Ctrl Pts',(24.3614391341327,-5.75609549895955,9.08999980528006));
#5583=CARTESIAN_POINT('Ctrl Pts',(24.3611429133749,-5.74930305943603,9.09000025248934));
#5584=CARTESIAN_POINT('Ctrl Pts',(24.3611429045142,-5.74249421476835,9.09000025272383));
#5585=CARTESIAN_POINT('',(24.344031718638,-5.72961000526657,8.60000000000002));
#5586=CARTESIAN_POINT('Origin',(28.8188492707368,0.19547504690171,136.742008816739));
#5587=CARTESIAN_POINT('',(24.4435271056292,-5.92934565712028,8.60000000000003));
#5588=CARTESIAN_POINT('Ctrl Pts',(24.4435271056292,-5.92934565712028,8.60000000000008));
#5589=CARTESIAN_POINT('Ctrl Pts',(24.4312207221461,-5.92005249602142,8.60000000039685));
#5590=CARTESIAN_POINT('Ctrl Pts',(24.4199093542328,-5.90961522204515,8.59999845924916));
#5591=CARTESIAN_POINT('Ctrl Pts',(24.409645399707,-5.89823380282886,8.5999967028139));
#5592=CARTESIAN_POINT('Ctrl Pts',(24.3990754730304,-5.88651309944011,8.59999489401869));
#5593=CARTESIAN_POINT('Ctrl Pts',(24.3896154402821,-5.87378986509176,8.59999292139024));
#5594=CARTESIAN_POINT('Ctrl Pts',(24.3813617253989,-5.86024625864588,8.59999181855996));
#5595=CARTESIAN_POINT('Ctrl Pts',(24.3806801905939,-5.85912792110835,8.59999172749585));
#5596=CARTESIAN_POINT('Ctrl Pts',(24.3800069070485,-5.85800397666548,8.59999164179852));
#5597=CARTESIAN_POINT('Ctrl Pts',(24.3793419436619,-5.85687452152704,8.59999156170663));
#5598=CARTESIAN_POINT('Ctrl Pts',(24.3713080544434,-5.84322878156218,8.5999905940602));
#5599=CARTESIAN_POINT('Ctrl Pts',(24.3645468189928,-5.8288859916732,8.59999058208451));
#5600=CARTESIAN_POINT('Ctrl Pts',(24.3591455946151,-5.81403450512108,8.59999162381426));
#5601=CARTESIAN_POINT('Ctrl Pts',(24.3569347162532,-5.80795535936349,8.59999205022457));
#5602=CARTESIAN_POINT('Ctrl Pts',(24.3549522383782,-5.80179069145399,8.59999264229781));
#5603=CARTESIAN_POINT('Ctrl Pts',(24.3532065398464,-5.7955525770772,8.59999334552987));
#5604=CARTESIAN_POINT('Ctrl Pts',(24.348998122444,-5.78051413336965,8.59999504083637));
#5605=CARTESIAN_POINT('Ctrl Pts',(24.3461887038663,-5.76514354238436,8.59999748381539));
#5606=CARTESIAN_POINT('Ctrl Pts',(24.3448781482774,-5.74961484719551,8.59999894588489));
#5607=CARTESIAN_POINT('Ctrl Pts',(24.3443174528077,-5.74297119993772,8.59999957140262));
#5608=CARTESIAN_POINT('Ctrl Pts',(24.3440317186379,-5.73629846262916,8.59999999999997));
#5609=CARTESIAN_POINT('Ctrl Pts',(24.3440317186379,-5.72961000526657,8.59999999999997));
#5610=CARTESIAN_POINT('Origin',(29.0686969774915,0.195475046901712,136.733283942564));
#5611=CARTESIAN_POINT('Origin',(29.0686969774915,0.195475046901712,7.08999999999999));
#5612=CARTESIAN_POINT('',(21.5087624648177,-1.12853974307699,8.59999999999993));
#5613=CARTESIAN_POINT('Origin',(29.0686969774915,0.195475046901712,8.59999999999996));
#5614=CARTESIAN_POINT('',(21.5072087935003,-1.11963766437491,8.09000025272369));
#5615=CARTESIAN_POINT('Origin',(29.0686969774915,0.195475046901712,-67.2527565164381));
#5616=CARTESIAN_POINT('',(21.5072087935003,1.51058775817834,8.09000025272369));
#5617=CARTESIAN_POINT('Origin',(29.0686969774915,0.195475046901712,8.09000025272369));
#5618=CARTESIAN_POINT('',(21.510265386095,1.52804282310655,9.09000025272369));
#5619=CARTESIAN_POINT('Origin',(29.0686969774915,0.195475046901712,-67.2527565164381));
#5620=CARTESIAN_POINT('',(23.5484182540497,5.52765544665522,9.09000025272369));
#5621=CARTESIAN_POINT('Origin',(29.0686969774915,0.195475046901712,9.09000025272369));
#5622=CARTESIAN_POINT('',(23.5484182540497,5.52765544665522,8.09000025272369));
#5623=CARTESIAN_POINT('',(21.4300026121636,0.941111280669657,7.34000000000001));
#5624=CARTESIAN_POINT('Origin',(29.0686969774915,0.195475046901712,50.0574712230688));
#5625=CARTESIAN_POINT('',(21.4300026121636,-0.550161186866234,7.33999999999998));
#5626=CARTESIAN_POINT('Origin',(29.0686969774915,0.195475046901712,7.34));
#5627=CARTESIAN_POINT('',(21.4304298310767,-0.554524953098288,7.08999999999999));
#5628=CARTESIAN_POINT('Origin',(29.0686969774915,0.195475046901712,50.0574712230669));
#5629=CARTESIAN_POINT('',(25.2831254434476,-6.48098158522256,7.09));
#5630=CARTESIAN_POINT('Origin',(29.0686969774915,0.195475046901712,7.08999999999999));
#5631=CARTESIAN_POINT('',(25.2831254434476,-6.48098158522256,9.09000025272369));
#5632=CARTESIAN_POINT('',(25.2831254434476,-6.48098158522256,7.09));
#5633=CARTESIAN_POINT('Origin',(29.0686969774915,0.195475046901712,9.09000025272369));
#5634=CARTESIAN_POINT('Ctrl Pts',(24.8452991795787,-5.23450774634143,9.09000025272368));
#5635=CARTESIAN_POINT('Ctrl Pts',(24.8397510770846,-5.22647626319371,8.9219470012421));
#5636=CARTESIAN_POINT('Ctrl Pts',(24.8342155284238,-5.21843874473974,8.75426210990075));
#5637=CARTESIAN_POINT('Ctrl Pts',(24.8286925499073,-5.2103952210095,8.58694618578345));
#5638=CARTESIAN_POINT('Ctrl Pts',(24.7950400037888,-5.19549787249132,9.09367753009923));
#5639=CARTESIAN_POINT('Ctrl Pts',(24.7895147563395,-5.18737481995486,8.92563187467766));
#5640=CARTESIAN_POINT('Ctrl Pts',(24.7840013714898,-5.17924621353994,8.7579545787027));
#5641=CARTESIAN_POINT('Ctrl Pts',(24.7785017499187,-5.17111098432309,8.59064632900258));
#5642=CARTESIAN_POINT('Ctrl Pts',(24.6693550845605,-5.15097498477638,9.10026038294741));
#5643=CARTESIAN_POINT('Ctrl Pts',(24.663798076742,-5.14267653906455,8.93222889793862));
#5644=CARTESIAN_POINT('Ctrl Pts',(24.6582563630524,-5.1343734434817,8.76456566333921));
#5645=CARTESIAN_POINT('Ctrl Pts',(24.652725621713,-5.12606219750734,8.59727173673409));
#5646=CARTESIAN_POINT('Ctrl Pts',(24.4440155698043,-5.21898302673423,9.10477835646689));
#5647=CARTESIAN_POINT('Ctrl Pts',(24.4382550838689,-5.21055625848723,8.93675354011279));
#5648=CARTESIAN_POINT('Ctrl Pts',(24.4325064712221,-5.20212245182438,8.76909727514372));
#5649=CARTESIAN_POINT('Ctrl Pts',(24.4267721168454,-5.19368193140509,8.60181008635662));
#5650=CARTESIAN_POINT('Ctrl Pts',(24.3614897706421,-5.37579916731016,9.09993319901664));
#5651=CARTESIAN_POINT('Ctrl Pts',(24.355618486837,-5.36745952956104,8.93189246068615));
#5652=CARTESIAN_POINT('Ctrl Pts',(24.3497695797743,-5.35911768744146,8.7642194295298));
#5653=CARTESIAN_POINT('Ctrl Pts',(24.3439240279492,-5.35076432764076,8.59691614216185));
#5654=CARTESIAN_POINT('Ctrl Pts',(24.3613256842594,-5.47127569989107,9.09523437980324));
#5655=CARTESIAN_POINT('Ctrl Pts',(24.3554571354021,-5.46299497608892,8.92718112832166));
#5656=CARTESIAN_POINT('Ctrl Pts',(24.3496014499643,-5.45470741366927,8.75949623698032));
#5657=CARTESIAN_POINT('Ctrl Pts',(24.3437586491459,-5.44641304263627,8.59218031286302));
#5658=CARTESIAN_POINT('',(24.3611429045142,-5.47101778331824,9.09000025272359));
#5659=CARTESIAN_POINT('',(24.8452991795787,-5.23450774634142,9.09000025272358));
#5660=CARTESIAN_POINT('Ctrl Pts',(24.3611429045142,-5.47101778331823,9.09000025272373));
#5661=CARTESIAN_POINT('Ctrl Pts',(24.3611428869345,-5.45339612097338,9.09000025403917));
#5662=CARTESIAN_POINT('Ctrl Pts',(24.3628132804791,-5.43589672237915,9.08999376094014));
#5663=CARTESIAN_POINT('Ctrl Pts',(24.3660089121049,-5.41868368829981,9.08998627153353));
#5664=CARTESIAN_POINT('Ctrl Pts',(24.3693131238169,-5.40088579559317,9.08997852765441));
#5665=CARTESIAN_POINT('Ctrl Pts',(24.3742484473209,-5.3833926698019,9.08996977074638));
#5666=CARTESIAN_POINT('Ctrl Pts',(24.3807077316221,-5.36639470973592,9.08996377144614));
#5667=CARTESIAN_POINT('Ctrl Pts',(24.3818713921177,-5.3633324734707,9.08996269065323));
#5668=CARTESIAN_POINT('Ctrl Pts',(24.3830846372812,-5.36028636363141,9.08996169226934));
#5669=CARTESIAN_POINT('Ctrl Pts',(24.3843469978509,-5.35725757954708,9.08996078860449));
#5670=CARTESIAN_POINT('Ctrl Pts',(24.3913342635024,-5.34049301995398,9.08995578674802));
#5671=CARTESIAN_POINT('Ctrl Pts',(24.3997605968473,-5.32440587484595,9.08995401589538));
#5672=CARTESIAN_POINT('Ctrl Pts',(24.4094982042853,-5.30917668797884,9.08995596824604));
#5673=CARTESIAN_POINT('Ctrl Pts',(24.4191502489938,-5.29408131743223,9.08995790344173));
#5674=CARTESIAN_POINT('Ctrl Pts',(24.4300914483639,-5.27982758576539,9.08996353236137));
#5675=CARTESIAN_POINT('Ctrl Pts',(24.4422395016099,-5.26661776436301,9.08997056071901));
#5676=CARTESIAN_POINT('Ctrl Pts',(24.4441754860599,-5.26451257036164,9.08997168079898));
#5677=CARTESIAN_POINT('Ctrl Pts',(24.4461421945854,-5.26243396779682,9.08997282999321));
#5678=CARTESIAN_POINT('Ctrl Pts',(24.4481393731181,-5.26038287266151,9.08997399146566));
#5679=CARTESIAN_POINT('Ctrl Pts',(24.4605063940314,-5.24768198687755,9.08998118358888));
#5680=CARTESIAN_POINT('Ctrl Pts',(24.4739315262326,-5.23614354376957,9.08998903617413));
#5681=CARTESIAN_POINT('Ctrl Pts',(24.4883180247083,-5.22594496187947,9.08999192929906));
#5682=CARTESIAN_POINT('Ctrl Pts',(24.5029463013903,-5.21557498353454,9.08999487104558));
#5683=CARTESIAN_POINT('Ctrl Pts',(24.5185695526094,-5.20658924053817,9.08999270068499));
#5684=CARTESIAN_POINT('Ctrl Pts',(24.5349585441765,-5.19904488515441,9.08999034300792));
#5685=CARTESIAN_POINT('Ctrl Pts',(24.5378236638347,-5.19772598271733,9.08998993083937));
#5686=CARTESIAN_POINT('Ctrl Pts',(24.5407122345024,-5.19645125084844,9.08998950540161));
#5687=CARTESIAN_POINT('Ctrl Pts',(24.5436230803902,-5.19522114982045,9.08998908367632));
#5688=CARTESIAN_POINT('Ctrl Pts',(24.5602078105704,-5.18821257072356,9.08998668086962));
#5689=CARTESIAN_POINT('Ctrl Pts',(24.5773679580424,-5.18271060873005,9.08998464312088));
#5690=CARTESIAN_POINT('Ctrl Pts',(24.5948671395025,-5.1787495210353,9.08998426390145));
#5691=CARTESIAN_POINT('Ctrl Pts',(24.6122977693773,-5.17480395057156,9.08998388616757));
#5692=CARTESIAN_POINT('Ctrl Pts',(24.6300663584778,-5.17238682922205,9.08998511750782));
#5693=CARTESIAN_POINT('Ctrl Pts',(24.6479518726087,-5.17158044950898,9.08998641409732));
#5694=CARTESIAN_POINT('Ctrl Pts',(24.651029123277,-5.17144170971695,9.08998663717902));
#5695=CARTESIAN_POINT('Ctrl Pts',(24.6541098324384,-5.171350775857,9.08998685615944));
#5696=CARTESIAN_POINT('Ctrl Pts',(24.6571928593189,-5.17130822574681,9.08998705589203));
#5697=CARTESIAN_POINT('Ctrl Pts',(24.6608911376194,-5.17125718430107,9.08998729548342));
#5698=CARTESIAN_POINT('Ctrl Pts',(24.6645865555051,-5.17127584822176,9.08998750419615));
#5699=CARTESIAN_POINT('Ctrl Pts',(24.668277144601,-5.17136460144226,9.08998765180039));
#5700=CARTESIAN_POINT('Ctrl Pts',(24.686292834874,-5.17179785220244,9.08998837233363));
#5701=CARTESIAN_POINT('Ctrl Pts',(24.7041935528624,-5.17389692507793,9.08998784778781));
#5702=CARTESIAN_POINT('Ctrl Pts',(24.7217862783426,-5.17756666036185,9.08998819817289));
#5703=CARTESIAN_POINT('Ctrl Pts',(24.7335303799457,-5.18001640836023,9.089988432074));
#5704=CARTESIAN_POINT('Ctrl Pts',(24.7451373673495,-5.18316725705363,9.08998899359639));
#5705=CARTESIAN_POINT('Ctrl Pts',(24.7565469835415,-5.18700344863542,9.08998999441797));
#5706=CARTESIAN_POINT('Ctrl Pts',(24.7736451844752,-5.19275228132023,9.08999149422726));
#5707=CARTESIAN_POINT('Ctrl Pts',(24.7901716458436,-5.19999448819622,9.08999400621377));
#5708=CARTESIAN_POINT('Ctrl Pts',(24.805933182952,-5.20864947048473,9.08999635254996));
#5709=CARTESIAN_POINT('Ctrl Pts',(24.8196847937154,-5.21620076112199,9.08999839967911));
#5710=CARTESIAN_POINT('Ctrl Pts',(24.8328546538111,-5.22482849233194,9.09000025272368));
#5711=CARTESIAN_POINT('Ctrl Pts',(24.8452991795787,-5.23450774634143,9.09000025272368));
#5712=CARTESIAN_POINT('',(24.8291234477344,-5.21102272018868,8.59999999999983));
#5713=CARTESIAN_POINT('Ctrl Pts',(24.8452991795787,-5.23450774634143,9.09000025272368));
#5714=CARTESIAN_POINT('Ctrl Pts',(24.8398953545379,-5.22668512053474,8.92631719720835));
#5715=CARTESIAN_POINT('Ctrl Pts',(24.8345034388994,-5.21885676923461,8.76298359265274));
#5716=CARTESIAN_POINT('Ctrl Pts',(24.8291234477344,-5.21102272018868,8.60000000000027));
#5717=CARTESIAN_POINT('',(24.3440317186379,-5.4468006705886,8.59999999999988));
#5718=CARTESIAN_POINT('Ctrl Pts',(24.3440317186379,-5.4468006705886,8.60000000000013));
#5719=CARTESIAN_POINT('Ctrl Pts',(24.3440317447219,-5.42917992612607,8.59999999803799));
#5720=CARTESIAN_POINT('Ctrl Pts',(24.3457023598354,-5.41168166257874,8.59999346366363));
#5721=CARTESIAN_POINT('Ctrl Pts',(24.3488982222362,-5.39446982299579,8.59998591797519));
#5722=CARTESIAN_POINT('Ctrl Pts',(24.352202935447,-5.37667174957533,8.59997811528124));
#5723=CARTESIAN_POINT('Ctrl Pts',(24.3571390302355,-5.35917855600227,8.59996928369645));
#5724=CARTESIAN_POINT('Ctrl Pts',(24.3635991390542,-5.34218051750464,8.59996321740294));
#5725=CARTESIAN_POINT('Ctrl Pts',(24.3647634193234,-5.33911702718357,8.59996212409847));
#5726=CARTESIAN_POINT('Ctrl Pts',(24.3659773261467,-5.33606967600662,8.5999611135031));
#5727=CARTESIAN_POINT('Ctrl Pts',(24.3672403884183,-5.3330396640437,8.59996019805432));
#5728=CARTESIAN_POINT('Ctrl Pts',(24.3742285885096,-5.31627538380738,8.59995513311065));
#5729=CARTESIAN_POINT('Ctrl Pts',(24.382655804254,-5.3001884797401,8.5999533114375));
#5730=CARTESIAN_POINT('Ctrl Pts',(24.3923940353811,-5.28495936736031,8.59995524136787));
#5731=CARTESIAN_POINT('Ctrl Pts',(24.4020475372392,-5.26986275867054,8.59995715450653));
#5732=CARTESIAN_POINT('Ctrl Pts',(24.4129901643089,-5.25560777163002,8.59996279026902));
#5733=CARTESIAN_POINT('Ctrl Pts',(24.4251393844213,-5.24239660653222,8.59996986205599));
#5734=CARTESIAN_POINT('Ctrl Pts',(24.4270742800406,-5.24029258460837,8.59997098831508));
#5735=CARTESIAN_POINT('Ctrl Pts',(24.4290398526589,-5.23821511689579,8.59997214455482));
#5736=CARTESIAN_POINT('Ctrl Pts',(24.431035847739,-5.23616511729961,8.59997331397622));
#5737=CARTESIAN_POINT('Ctrl Pts',(24.4435203689711,-5.22334280939891,8.59998062845627));
#5738=CARTESIAN_POINT('Ctrl Pts',(24.4570826884096,-5.21170483887068,8.59998865738495));
#5739=CARTESIAN_POINT('Ctrl Pts',(24.4716232344567,-5.20143378329613,8.5999916002731));
#5740=CARTESIAN_POINT('Ctrl Pts',(24.4862685968637,-5.1910886882285,8.59999456437523));
#5741=CARTESIAN_POINT('Ctrl Pts',(24.501907432245,-5.1821293033753,8.59999237938767));
#5742=CARTESIAN_POINT('Ctrl Pts',(24.5183104761443,-5.17461258328676,8.59999000072362));
#5743=CARTESIAN_POINT('Ctrl Pts',(24.5210238375841,-5.17336918123485,8.59998960724938));
#5744=CARTESIAN_POINT('Ctrl Pts',(24.5237581531802,-5.17216536210698,8.59998920167797));
#5745=CARTESIAN_POINT('Ctrl Pts',(24.5265124259544,-5.17100151401607,8.59998879856806));
#5746=CARTESIAN_POINT('Ctrl Pts',(24.543094949862,-5.1639943871355,8.59998637158266));
#5747=CARTESIAN_POINT('Ctrl Pts',(24.5602532187939,-5.15849391452132,8.5999842806898));
#5748=CARTESIAN_POINT('Ctrl Pts',(24.5777506920719,-5.15453368362364,8.59998386235399));
#5749=CARTESIAN_POINT('Ctrl Pts',(24.5951847134288,-5.15058781389999,8.59998344553521));
#5750=CARTESIAN_POINT('Ctrl Pts',(24.612957061087,-5.14817065982244,8.59998465269612));
#5751=CARTESIAN_POINT('Ctrl Pts',(24.6308463566969,-5.14736390132444,8.59998596806993));
#5752=CARTESIAN_POINT('Ctrl Pts',(24.6339219711876,-5.1472251994895,8.59998619421537));
#5753=CARTESIAN_POINT('Ctrl Pts',(24.6370010397036,-5.14713422235271,8.59998641749959));
#5754=CARTESIAN_POINT('Ctrl Pts',(24.6400824222402,-5.14709154329003,8.59998662290932));
#5755=CARTESIAN_POINT('Ctrl Pts',(24.6440638226821,-5.14703639842017,8.59998688831565));
#5756=CARTESIAN_POINT('Ctrl Pts',(24.6480418859978,-5.14706198239397,8.59998712022827));
#5757=CARTESIAN_POINT('Ctrl Pts',(24.652014154945,-5.14716876900939,8.59998728089575));
#5758=CARTESIAN_POINT('Ctrl Pts',(24.6700281248674,-5.14765303905853,8.59998800951184));
#5759=CARTESIAN_POINT('Ctrl Pts',(24.6879230537623,-5.14980296844335,8.59998748271344));
#5760=CARTESIAN_POINT('Ctrl Pts',(24.7055062147418,-5.15352306434355,8.59998783256476));
#5761=CARTESIAN_POINT('Ctrl Pts',(24.7171599551087,-5.15598866377767,8.59998806443868));
#5762=CARTESIAN_POINT('Ctrl Pts',(24.7286768666167,-5.15914516072752,8.59998861954297));
#5763=CARTESIAN_POINT('Ctrl Pts',(24.7399980106251,-5.1629769874268,8.59998961131849));
#5764=CARTESIAN_POINT('Ctrl Pts',(24.7570857057933,-5.16876059785754,8.59999110826594));
#5765=CARTESIAN_POINT('Ctrl Pts',(24.773598246509,-5.17603645417015,8.59999362588004));
#5766=CARTESIAN_POINT('Ctrl Pts',(24.7893428198665,-5.18472296620998,8.59999599614249));
#5767=CARTESIAN_POINT('Ctrl Pts',(24.803251392719,-5.19239652984345,8.59999809000475));
#5768=CARTESIAN_POINT('Ctrl Pts',(24.8165612454445,-5.20117191828764,8.59999999976251));
#5769=CARTESIAN_POINT('Ctrl Pts',(24.8291234477344,-5.21102272018868,8.60000000000043));
#5770=CARTESIAN_POINT('Origin',(35.0204672596022,0.195475046901766,314.333112309776));
#5771=CARTESIAN_POINT('Origin',(24.3434223600052,-6.51879840217438,8.58255025185204));
#5772=CARTESIAN_POINT('',(24.3611429045142,-3.69503369790705,9.09000025272369));
#5773=CARTESIAN_POINT('',(24.3440317186379,-5.27722920079612,8.59999999999996));
#5774=CARTESIAN_POINT('Origin',(29.0686969774916,0.195475046901712,10.2865094328819));
#5775=CARTESIAN_POINT('',(26.9396125838871,-6.34583993857651,9.09000025272369));
#5776=CARTESIAN_POINT('Origin',(29.0686969774916,0.195475046901712,9.09000025272369));
#5777=CARTESIAN_POINT('',(26.9570676488215,-6.33315257481152,8.09000025272369));
#5778=CARTESIAN_POINT('Ctrl Pts',(26.9396125838934,-6.34584016074703,9.09000024990821));
#5779=CARTESIAN_POINT('Ctrl Pts',(26.9483485884202,-6.33949647905955,8.58951488576248));
#5780=CARTESIAN_POINT('Ctrl Pts',(26.9570676488218,-6.33315279737205,8.09000024989832));
#5781=CARTESIAN_POINT('',(22.3342752799151,-1.11963766437491,8.09000025272369));
#5782=CARTESIAN_POINT('Origin',(29.0686969774916,0.195475046901712,8.09000025272369));
#5783=CARTESIAN_POINT('',(22.3269474526509,-1.12853974307699,8.59999999999996));
#5784=CARTESIAN_POINT('Ctrl Pts',(22.3269474526509,-1.12853974307699,8.59999999999996));
#5785=CARTESIAN_POINT('Ctrl Pts',(22.330611366283,-1.12408628342074,8.34486146716907));
#5786=CARTESIAN_POINT('Ctrl Pts',(22.3342752799151,-1.11963766437491,8.09000025272367));
#5787=CARTESIAN_POINT('Origin',(29.0686969774916,0.195475046901712,8.59999999999996));
#5788=CARTESIAN_POINT('Origin',(20.8437269581446,-4.0356599994179,8.59999999999996));
#5789=CARTESIAN_POINT('',(22.2621778822833,-1.12853974307699,8.59999999999996));
#5790=CARTESIAN_POINT('Origin',(23.6806288064221,-1.19289207206747,12.2867424587145));
#5791=CARTESIAN_POINT('',(28.3746703871201,-1.11963766437491,8.09000025272369));
#5792=CARTESIAN_POINT('Origin',(33.0687119678181,-9.08126579251734,8.09000025272369));
#5793=CARTESIAN_POINT('',(26.9570676488152,-7.0994806996791,8.09000025273394));
#5794=CARTESIAN_POINT('',(26.9570676488154,-7.64787197178635,8.09000025272369));
#5795=CARTESIAN_POINT('',(28.1159919473147,-7.66615428177448,8.09000025272364));
#5796=CARTESIAN_POINT('Origin',(20.8437269581447,-21.0705066319364,8.09000025272369));
#5797=CARTESIAN_POINT('',(31.1803263061678,-7.66615428177448,8.09000025272369));
#5798=CARTESIAN_POINT('',(30.0937044726548,-7.66615428177448,8.09000025272369));
#5799=CARTESIAN_POINT('',(31.1803263061616,-6.33315257481152,8.09000025272369));
#5800=CARTESIAN_POINT('',(31.1803263061678,-8.29289537280782,8.09000025272369));
#5801=CARTESIAN_POINT('',(35.9140251140268,0.668169184063994,8.09000025272369));
#5802=CARTESIAN_POINT('Origin',(29.0686969774916,0.195475046901712,8.09000025272369));
#5803=CARTESIAN_POINT('',(37.5857226837739,1.11609919786678,8.09000025272369));
#5804=CARTESIAN_POINT('',(33.4793935039741,0.0158116102830641,8.09000025272369));
#5805=CARTESIAN_POINT('',(36.9049702515043,3.65670186247303,8.09000025272369));
#5806=CARTESIAN_POINT('',(38.4140222097682,-1.97515671702945,8.09000025272369));
#5807=CARTESIAN_POINT('',(35.2332730987817,3.20877196041162,8.09000025272369));
#5808=CARTESIAN_POINT('',(32.0369980351451,2.35233263832245,8.09000025272369));
#5809=CARTESIAN_POINT('',(31.1803263061616,6.72410266861494,8.09000025272369));
#5810=CARTESIAN_POINT('Origin',(29.0686969774916,0.195475046901712,8.09000025272369));
#5811=CARTESIAN_POINT('',(31.1803263061678,8.21957551033927,8.09000025272369));
#5812=CARTESIAN_POINT('',(31.1803263061678,-1.23791877382928,8.09000025272369));
#5813=CARTESIAN_POINT('',(30.7893880896601,7.81782801784726,8.09000025272369));
#5814=CARTESIAN_POINT('',(32.2426275364504,9.31124891937506,8.09000025272369));
#5815=CARTESIAN_POINT('',(30.5177431147197,7.73244328964921,8.09000025272369));
#5816=CARTESIAN_POINT('Origin',(30.5743833546113,8.02704791151556,8.09000025272369));
#5817=CARTESIAN_POINT('',(26.9570676488156,7.5742721425197,8.09000025272369));
#5818=CARTESIAN_POINT('Origin',(29.0686969774915,0.195475046901712,8.09000025272369));
#5819=CARTESIAN_POINT('',(26.9570676488215,6.72410266861494,8.09000025272369));
#5820=CARTESIAN_POINT('',(26.9570676488154,-0.592895372807813,8.09000025272369));
#5821=CARTESIAN_POINT('',(22.3342752799151,1.51058775817834,8.09000025272369));
#5822=CARTESIAN_POINT('Origin',(29.0686969774916,0.195475046901712,8.09000025272369));
#5823=CARTESIAN_POINT('',(27.5861595424938,1.51058775817834,8.09000025272369));
#5824=CARTESIAN_POINT('',(24.6258400512547,0.195475046901711,8.09000025272369));
#5825=CARTESIAN_POINT('Origin',(29.0686969774915,0.195475046901712,8.09000025272369));
#5826=CARTESIAN_POINT('Origin',(31.2186665180208,-7.50452495309829,10.2865095186995));
#5827=CARTESIAN_POINT('',(31.197781371096,-6.3458399385765,9.09000025272369));
#5828=CARTESIAN_POINT('',(31.197781371096,-7.6836093467027,9.09000025272369));
#5829=CARTESIAN_POINT('',(31.197781371096,-4.18789697336893,9.09000025272369));
#5830=CARTESIAN_POINT('Ctrl Pts',(31.1977813711039,-6.34584015720671,9.09000024995198));
#5831=CARTESIAN_POINT('Ctrl Pts',(31.1890453665771,-6.33949647551579,8.58951488580454));
#5832=CARTESIAN_POINT('Ctrl Pts',(31.1803263061756,-6.33315279382486,8.09000024994124));
#5833=CARTESIAN_POINT('',(31.2180118657421,-7.70383984134883,10.2490045147719));
#5834=CARTESIAN_POINT('Ctrl Pts',(35.3628373455413,15.7251084663093,7.0725475935626));
#5835=CARTESIAN_POINT('Ctrl Pts',(35.3564830040174,15.718313227847,7.41112355401012));
#5836=CARTESIAN_POINT('Ctrl Pts',(35.3501410179537,15.7115064355867,7.75027518789388));
#5837=CARTESIAN_POINT('Ctrl Pts',(35.3438114292837,15.7046881345352,8.09000025272383));
#5838=CARTESIAN_POINT('Ctrl Pts',(35.5492600390367,15.9244661263178,7.07907028337782));
#5839=CARTESIAN_POINT('Ctrl Pts',(35.5429355800251,15.9181984815505,7.41764857123436));
#5840=CARTESIAN_POINT('Ctrl Pts',(35.536635273068,15.91190017177,7.75680233949896));
#5841=CARTESIAN_POINT('Ctrl Pts',(35.5303325190403,15.9056106602658,8.09652974609912));
#5842=CARTESIAN_POINT('Ctrl Pts',(35.8202597352853,16.0420197871875,7.08554558924626));
#5843=CARTESIAN_POINT('Ctrl Pts',(35.8143259763117,16.0361169807033,7.42412586840401));
#5844=CARTESIAN_POINT('Ctrl Pts',(35.8084128649092,16.0301826391039,7.76328156475019));
#5845=CARTESIAN_POINT('Ctrl Pts',(35.8025005763903,16.0242598628675,8.10301097210466));
#5846=CARTESIAN_POINT('Ctrl Pts',(36.0932425093133,16.0419420351585,7.08999999999989));
#5847=CARTESIAN_POINT('Ctrl Pts',(36.0877160950238,16.0360321697858,7.42857596044741));
#5848=CARTESIAN_POINT('Ctrl Pts',(36.0822004263626,16.0301122559958,7.76772759433117));
#5849=CARTESIAN_POINT('Ctrl Pts',(36.0766955397994,16.0241823329315,8.10745265916111));
#5850=CARTESIAN_POINT('',(35.3438114292837,15.7046881345352,8.09000025272368));
#5851=CARTESIAN_POINT('',(36.0769783553087,16.024486965819,8.09000025272354));
#5852=CARTESIAN_POINT('Ctrl Pts',(35.3438114292837,15.7046881345352,8.0900002527237));
#5853=CARTESIAN_POINT('Ctrl Pts',(35.3735651820444,15.7367391972994,8.0900002527237));
#5854=CARTESIAN_POINT('Ctrl Pts',(35.4053982950058,15.7666006364589,8.0899990632367));
#5855=CARTESIAN_POINT('Ctrl Pts',(35.4390165127016,15.7942162473011,8.08999748274593));
#5856=CARTESIAN_POINT('Ctrl Pts',(35.4734629745294,15.8225122174602,8.08999586331698));
#5857=CARTESIAN_POINT('Ctrl Pts',(35.5097844795358,15.8484509332533,8.08999385833246));
#5858=CARTESIAN_POINT('Ctrl Pts',(35.5477028429506,15.8719325869234,8.0899922604333));
#5859=CARTESIAN_POINT('Ctrl Pts',(35.5830214984899,15.8938043230106,8.08999077208716));
#5860=CARTESIAN_POINT('Ctrl Pts',(35.6197266105555,15.9135442965746,8.08998965284966));
#5861=CARTESIAN_POINT('Ctrl Pts',(35.6576114315485,15.9310354218003,8.08998919899103));
#5862=CARTESIAN_POINT('Ctrl Pts',(35.6981509838795,15.9497522156989,8.08998871332881));
#5863=CARTESIAN_POINT('Ctrl Pts',(35.7398365501558,15.9658000325981,8.08998903840027));
#5864=CARTESIAN_POINT('Ctrl Pts',(35.7823968421193,15.9790686198853,8.0899901330961));
#5865=CARTESIAN_POINT('Ctrl Pts',(35.8087182587535,15.9872745789617,8.08999081011084));
#5866=CARTESIAN_POINT('Ctrl Pts',(35.8353747595617,15.9944166490251,8.08999177437847));
#5867=CARTESIAN_POINT('Ctrl Pts',(35.8623051025378,16.0004591874403,8.08999289654093));
#5868=CARTESIAN_POINT('Ctrl Pts',(35.9053979537324,16.0101282142697,8.08999469218015));
#5869=CARTESIAN_POINT('Ctrl Pts',(35.9490370860252,16.0169497166276,8.08999692976666));
#5870=CARTESIAN_POINT('Ctrl Pts',(35.9929670387883,16.0207981343423,8.08999851419301));
#5871=CARTESIAN_POINT('Ctrl Pts',(36.02087462445,16.0232429365849,8.08999952073893));
#5872=CARTESIAN_POINT('Ctrl Pts',(36.048899897403,16.0244869297585,8.09000025227468));
#5873=CARTESIAN_POINT('Ctrl Pts',(36.0769783553087,16.024486965819,8.09000025272425));
#5874=CARTESIAN_POINT('Origin',(40.9686969774916,11.4828227420581,268.281769371779));
#5875=CARTESIAN_POINT('Origin',(40.9686969774916,10.4829750469017,268.264316965342));
#5876=CARTESIAN_POINT('Origin',(48.044000866367,16.3280914759095,-9.30349048128746));
#5877=CARTESIAN_POINT('',(44.6657965250416,16.024486965819,8.0900002527237));
#5878=CARTESIAN_POINT('',(40.5563564170926,16.024486965819,8.09000025272369));
#5879=CARTESIAN_POINT('',(44.7229688439085,16.0070319008908,9.09000025272369));
#5880=CARTESIAN_POINT('Ctrl Pts',(44.6657965250987,16.0244869658191,8.09000025272018));
#5881=CARTESIAN_POINT('Ctrl Pts',(44.6943826845034,16.0158263973058,8.58616389054792));
#5882=CARTESIAN_POINT('Ctrl Pts',(44.7229688439084,16.0070319008908,9.09000025272195));
#5883=CARTESIAN_POINT('',(45.8729348883378,16.0070319008908,9.09000025272369));
#5884=CARTESIAN_POINT('',(44.5063489219293,16.0070319008908,9.09000025272369));
#5885=CARTESIAN_POINT('',(45.899709861173,16.2470356501581,-4.65980533404117));
#5886=CARTESIAN_POINT('Origin',(33.0687119678181,-9.08126579251734,8.09000025272369));
#5887=CARTESIAN_POINT('',(34.6919924290074,14.8998296982389,8.09000025272369));
#5888=CARTESIAN_POINT('Origin',(40.9686969774916,10.4829750469017,8.09000025272369));
#5889=CARTESIAN_POINT('',(35.2768167464637,14.3150053807826,8.09000025272369));
#5890=CARTESIAN_POINT('',(41.0498662007157,8.54195592653059,8.09000025272369));
#5891=CARTESIAN_POINT('',(40.8959185109344,3.62173169464004,8.09000025272369));
#5892=CARTESIAN_POINT('Origin',(40.9686969774916,10.4829750469017,8.09000025272369));
#5893=CARTESIAN_POINT('',(40.8959185109345,1.11862111388317,8.09000025272369));
#5894=CARTESIAN_POINT('',(40.8959185109345,-3.09444958128616,8.09000025272369));
#5895=CARTESIAN_POINT('',(38.8959185109345,1.11862111388317,8.09000025272369));
#5896=CARTESIAN_POINT('',(37.0954424813454,1.11862111388317,8.09000025272369));
#5897=CARTESIAN_POINT('',(38.8959185109345,-0.83388785399313,8.09000025272369));
#5898=CARTESIAN_POINT('',(38.8959185109345,-4.09444958128616,8.09000025272369));
#5899=CARTESIAN_POINT('',(40.8959185109345,-0.83388785399313,8.09000025272369));
#5900=CARTESIAN_POINT('',(36.0954424813454,-0.833887853993129,8.09000025272369));
#5901=CARTESIAN_POINT('',(40.8959185109345,-2.23039562442209,8.09000025272369));
#5902=CARTESIAN_POINT('',(40.8959185109345,-4.84444958128616,8.09000025272369));
#5903=CARTESIAN_POINT('',(38.8570676488154,-2.23039562442209,8.09000025272369));
#5904=CARTESIAN_POINT('',(37.9937044726548,-2.23039562442209,8.09000025272369));
#5905=CARTESIAN_POINT('',(38.8570676488215,-3.56339733138505,8.09000025272369));
#5906=CARTESIAN_POINT('',(38.8570676488154,-5.73664537280781,8.09000025272369));
#5907=CARTESIAN_POINT('',(34.2342752799151,-8.77691224182166,8.09000025272369));
#5908=CARTESIAN_POINT('Origin',(40.9686969774916,-10.0920249530983,8.09000025272369));
#5909=CARTESIAN_POINT('',(29.8675862750522,-8.77691224182166,8.09000025272369));
#5910=CARTESIAN_POINT('',(33.5361595424938,-8.77691224182166,8.09000025272369));
#5911=CARTESIAN_POINT('',(32.641260607038,-11.4071376643749,8.09000025272369));
#5912=CARTESIAN_POINT('Origin',(20.8437269581447,-21.0705066319364,8.09000025272369));
#5913=CARTESIAN_POINT('',(34.2342752799151,-11.4071376643749,8.09000025272369));
#5914=CARTESIAN_POINT('',(34.3246703871201,-11.4071376643749,8.09000025272369));
#5915=CARTESIAN_POINT('',(38.8570676488215,-16.6206525748115,8.09000025272369));
#5916=CARTESIAN_POINT('Origin',(40.9686969774916,-10.0920249530983,8.09000025272369));
#5917=CARTESIAN_POINT('',(38.8570676488157,-17.4708220487157,8.09000025270453));
#5918=CARTESIAN_POINT('',(38.8570676488154,-12.7916219717863,8.09000025272369));
#5919=CARTESIAN_POINT('',(43.0803263061675,-17.4708220487161,8.09000025272369));
#5920=CARTESIAN_POINT('Origin',(40.9686969774916,-10.0920249530983,8.09000025272369));
#5921=CARTESIAN_POINT('',(43.0803263061616,-16.6206525748115,8.09000025272369));
#5922=CARTESIAN_POINT('',(43.0803263061678,-13.4366453728078,8.09000025272369));
#5923=CARTESIAN_POINT('',(47.1332726041673,-13.1053228784858,8.09000025272369));
#5924=CARTESIAN_POINT('Origin',(40.9686969774916,-10.0920249530983,8.09000025272369));
#5925=CARTESIAN_POINT('',(48.7252628969554,-13.5318953917966,8.09000025272369));
#5926=CARTESIAN_POINT('',(40.1804627761471,-11.2423230999406,8.09000025272369));
#5927=CARTESIAN_POINT('',(51.1298032952258,-11.4531803206027,8.09000025272369));
#5928=CARTESIAN_POINT('',(43.977563703203,-17.6362613964796,8.09000025272369));
#5929=CARTESIAN_POINT('',(47.8140250364369,-10.5647202138796,8.09000025272369));
#5930=CARTESIAN_POINT('',(40.0995722192831,-8.49763881147521,8.09000025272369));
#5931=CARTESIAN_POINT('',(43.0803263061616,-3.56339733138505,8.09000025272369));
#5932=CARTESIAN_POINT('Origin',(40.9686969774916,-10.0920249530983,8.09000025272369));
#5933=CARTESIAN_POINT('',(43.0803263061678,-2.23039562442209,8.09000025272369));
#5934=CARTESIAN_POINT('',(43.0803263061678,-6.38166877382928,8.09000025272369));
#5935=CARTESIAN_POINT('',(42.8484274788107,-2.23039562442209,8.09000025272369));
#5936=CARTESIAN_POINT('',(37.9937044726548,-2.23039562442209,8.09000025272369));
#5937=CARTESIAN_POINT('',(42.8484274788108,-0.83388785399313,8.09000025272369));
#5938=CARTESIAN_POINT('',(42.8484274788107,-5.84444958128616,8.09000025272369));
#5939=CARTESIAN_POINT('',(44.8484274788108,-0.83388785399313,8.09000025272369));
#5940=CARTESIAN_POINT('',(37.8454424813454,-0.833887853993129,8.09000025272369));
#5941=CARTESIAN_POINT('',(44.8484274788108,-1.11963766437491,8.09000025272369));
#5942=CARTESIAN_POINT('',(44.8484274788108,-4.84444958128616,8.09000025272369));
#5943=CARTESIAN_POINT('',(46.1342752799152,-1.11963766437491,8.09000025272369));
#5944=CARTESIAN_POINT('',(40.2746703871201,-1.11963766437491,8.09000025272369));
#5945=CARTESIAN_POINT('',(50.7570676488215,-6.33315257481151,8.09000025272369));
#5946=CARTESIAN_POINT('Origin',(52.8686969774916,0.195475046901716,8.09000025272369));
#5947=CARTESIAN_POINT('',(50.7570676488154,-7.66615428177448,8.09000025272369));
#5948=CARTESIAN_POINT('',(50.7570676488154,-7.64787197178635,8.09000025272369));
#5949=CARTESIAN_POINT('',(54.9803263061678,-7.66615428177448,8.09000025272369));
#5950=CARTESIAN_POINT('',(41.9937044726548,-7.66615428177448,8.09000025272369));
#5951=CARTESIAN_POINT('',(54.9803263061616,-6.33315257481151,8.09000025272369));
#5952=CARTESIAN_POINT('',(54.9803263061678,-8.29289537280782,8.09000025272369));
#5953=CARTESIAN_POINT('',(56.6896531039932,-5.50384520410179,8.09000025272369));
#5954=CARTESIAN_POINT('Origin',(52.8686969774916,0.195475046901716,8.09000025272369));
#5955=CARTESIAN_POINT('',(57.3026168438768,-6.11680894398536,8.09000025272369));
#5956=CARTESIAN_POINT('',(51.7658634816221,-0.580055581730635,8.09000025272369));
#5957=CARTESIAN_POINT('',(57.8880870551818,-5.61067240627101,8.09000025272369));
#5958=CARTESIAN_POINT('',(43.977563703203,-17.6362613964796,8.09000025272369));
#5959=CARTESIAN_POINT('',(59.1530403613441,-4.21050421244899,8.09000025272369));
#5960=CARTESIAN_POINT('Origin',(52.8686969774916,0.195475046901716,8.09000025272369));
#5961=CARTESIAN_POINT('',(58.5680172284951,-3.62548107959995,8.09000025272369));
#5962=CARTESIAN_POINT('',(53.0859069379487,1.85662921094642,8.09000025272369));
#5963=CARTESIAN_POINT('',(54.9803263061616,6.72410266861494,8.09000025272369));
#5964=CARTESIAN_POINT('Origin',(52.8686969774916,0.195475046901716,8.09000025272369));
#5965=CARTESIAN_POINT('',(54.9803263061678,7.56850211742087,8.0900002527237));
#5966=CARTESIAN_POINT('',(54.9803263061678,-1.23791877382928,8.09000025272369));
#5967=CARTESIAN_POINT('',(54.5937061619053,7.22043670682906,8.09000025272372));
#5968=CARTESIAN_POINT('Ctrl Pts',(54.5937061619042,7.2204367068255,8.0900002526433));
#5969=CARTESIAN_POINT('Ctrl Pts',(54.5937061618665,7.24061544377532,8.090000252643));
#5970=CARTESIAN_POINT('Ctrl Pts',(54.5954904029207,7.26072751921762,8.08999965926268));
#5971=CARTESIAN_POINT('Ctrl Pts',(54.5989804241894,7.28056684080705,8.08999926524963));
#5972=CARTESIAN_POINT('Ctrl Pts',(54.5996864704679,7.28458042069614,8.0899991855391));
#5973=CARTESIAN_POINT('Ctrl Pts',(54.6004624990997,7.28858282045097,8.08999911169833));
#5974=CARTESIAN_POINT('Ctrl Pts',(54.6013081135521,7.29257228868469,8.08999904680405));
#5975=CARTESIAN_POINT('Ctrl Pts',(54.6036866580167,7.30379386555945,8.08999886426941));
#5976=CARTESIAN_POINT('Ctrl Pts',(54.606610896478,7.31489211084289,8.08999875830539));
#5977=CARTESIAN_POINT('Ctrl Pts',(54.6100693892178,7.3258285209024,8.0899987469938));
#5978=CARTESIAN_POINT('Ctrl Pts',(54.6161851990006,7.34516787149915,8.08999872699101));
#5979=CARTESIAN_POINT('Ctrl Pts',(54.6239364858248,7.36389970398111,8.08999904287998));
#5980=CARTESIAN_POINT('Ctrl Pts',(54.6332474201168,7.38181848408174,8.08999922918781));
#5981=CARTESIAN_POINT('Ctrl Pts',(54.6359969745861,7.38710996830495,8.08999928420522));
#5982=CARTESIAN_POINT('Ctrl Pts',(54.6388828719157,7.39233046381089,8.0899993232028));
#5983=CARTESIAN_POINT('Ctrl Pts',(54.6419039754837,7.39747437477365,8.08999932233849));
#5984=CARTESIAN_POINT('Ctrl Pts',(54.651613603875,7.41400656667054,8.08999931956066));
#5985=CARTESIAN_POINT('Ctrl Pts',(54.6627175246096,7.42974989397181,8.08999894371749));
#5986=CARTESIAN_POINT('Ctrl Pts',(54.6750830145645,7.44454714487746,8.08999875718142));
#5987=CARTESIAN_POINT('Ctrl Pts',(54.6880765728697,7.46009597821111,8.08999856117072));
#5988=CARTESIAN_POINT('Ctrl Pts',(54.7023532889239,7.47446951035536,8.08999857341886));
#5989=CARTESIAN_POINT('Ctrl Pts',(54.7177308491617,7.48750890831138,8.08999880681428));
#5990=CARTESIAN_POINT('Ctrl Pts',(54.7329451039083,7.50040983142128,8.08999903773111));
#5991=CARTESIAN_POINT('Ctrl Pts',(54.7492380536002,7.51200583064562,8.08999947458106));
#5992=CARTESIAN_POINT('Ctrl Pts',(54.7664664108692,7.52210604253008,8.08999955094426));
#5993=CARTESIAN_POINT('Ctrl Pts',(54.7686801520783,7.52340385954885,8.08999956075648));
#5994=CARTESIAN_POINT('Ctrl Pts',(54.7709093699558,7.52467691709295,8.08999956394915));
#5995=CARTESIAN_POINT('Ctrl Pts',(54.773153786537,7.52592475162692,8.08999955875289));
#5996=CARTESIAN_POINT('Ctrl Pts',(54.7755225898779,7.52724174181395,8.08999955326864));
#5997=CARTESIAN_POINT('Ctrl Pts',(54.7779083233454,7.52853063573785,8.0899995384384));
#5998=CARTESIAN_POINT('Ctrl Pts',(54.7803104734789,7.52979132774921,8.08999951632508));
#5999=CARTESIAN_POINT('Ctrl Pts',(54.7888793934061,7.53428845253238,8.08999943744272));
#6000=CARTESIAN_POINT('Ctrl Pts',(54.7976497531226,7.53842303978584,8.08999926501843));
#6001=CARTESIAN_POINT('Ctrl Pts',(54.8065981409312,7.54219068193454,8.08999907098136));
#6002=CARTESIAN_POINT('Ctrl Pts',(54.8253356877263,7.550079965745,8.08999866467594));
#6003=CARTESIAN_POINT('Ctrl Pts',(54.8447021815111,7.55630033879506,8.08999819197756));
#6004=CARTESIAN_POINT('Ctrl Pts',(54.8644622030849,7.56085161568794,8.08999799071588));
#6005=CARTESIAN_POINT('Ctrl Pts',(54.8838553286675,7.56531838633468,8.08999779319114));
#6006=CARTESIAN_POINT('Ctrl Pts',(54.9036289638928,7.568177516829,8.0899978381961));
#6007=CARTESIAN_POINT('Ctrl Pts',(54.9235717784077,7.5693813571459,8.08999811465584));
#6008=CARTESIAN_POINT('Ctrl Pts',(54.9425337427146,7.57052598881778,8.08999837751832));
#6009=CARTESIAN_POINT('Ctrl Pts',(54.9615157407804,7.57016576380789,8.08999883699146));
#6010=CARTESIAN_POINT('Ctrl Pts',(54.9803355137134,7.5682819499823,8.08999928055393));
#6011=CARTESIAN_POINT('',(54.5937061619053,6.78793753250449,8.09000025272369));
#6012=CARTESIAN_POINT('',(54.5937061619053,-0.363529025005329,8.09000025272369));
#6013=CARTESIAN_POINT('',(52.3140219263771,6.78793753250449,8.09000025272369));
#6014=CARTESIAN_POINT('',(42.4887235553959,6.78793753250449,8.09000025272369));
#6015=CARTESIAN_POINT('',(52.3140219263771,7.31716368151123,8.09000025272369));
#6016=CARTESIAN_POINT('',(52.3140219263771,4.02988486187253,8.09000025272369));
#6017=CARTESIAN_POINT('',(52.1445541139613,7.61702858424162,8.09000025272369));
#6018=CARTESIAN_POINT('Origin',(51.9639919384588,7.31719979846909,8.09000025272369));
#6019=CARTESIAN_POINT('',(50.7570676488154,8.45259737054553,8.09000025272369));
#6020=CARTESIAN_POINT('',(49.8835914797708,8.97862010357252,8.09000025272369));
#6021=CARTESIAN_POINT('',(50.7570676488215,6.72410266861494,8.09000025272369));
#6022=CARTESIAN_POINT('',(50.7570676488154,-0.592895372807811,8.09000025272369));
#6023=CARTESIAN_POINT('',(48.1420445484829,5.16947885265578,8.09000025272369));
#6024=CARTESIAN_POINT('Origin',(52.8686969774916,0.195475046901716,8.09000025272369));
#6025=CARTESIAN_POINT('',(46.6605778038492,6.65094559728991,8.09000025272369));
#6026=CARTESIAN_POINT('',(46.7196563426846,6.59186705845445,8.09000025272369));
#6027=CARTESIAN_POINT('',(47.8252162455763,10.2182099225606,8.09000025272369));
#6028=CARTESIAN_POINT('Origin',(40.9686969774916,10.4829750469017,8.09000025272369));
#6029=CARTESIAN_POINT('',(47.3835063217075,10.4842154183057,8.09000025272369));
#6030=CARTESIAN_POINT('',(49.8835914797708,8.97862010357252,8.09000025272369));
#6031=CARTESIAN_POINT('',(47.3835063217073,12.2793938426484,8.09000025272369));
#6032=CARTESIAN_POINT('',(47.3835063217075,4.15158607757551,8.09000025272369));
#6033=CARTESIAN_POINT('Origin',(40.9686969774916,10.4829750469017,8.09000025272369));
#6034=CARTESIAN_POINT('',(48.4258400512547,0.195475046901715,8.09000025272369));
#6035=CARTESIAN_POINT('Origin',(52.8686969774916,0.195475046901716,8.09000025272369));
#6036=CARTESIAN_POINT('',(40.5406813266206,0.14236662994502,8.09000025272369));
#6037=CARTESIAN_POINT('Origin',(41.8721729948726,0.14236662994502,8.09000025272369));
#6038=CARTESIAN_POINT('',(44.3036071171694,1.11862111388317,8.09000025272369));
#6039=CARTESIAN_POINT('',(42.8484274788108,1.11862111388317,8.09000025272369));
#6040=CARTESIAN_POINT('',(38.8454424813454,1.11862111388317,8.09000025272369));
#6041=CARTESIAN_POINT('',(42.8484274788108,3.88384099109108,8.09000025272369));
#6042=CARTESIAN_POINT('',(42.8484274788107,-4.09444958128616,8.09000025272369));
#6043=CARTESIAN_POINT('',(44.8007277949952,4.79109514147052,8.09000025272369));
#6044=CARTESIAN_POINT('Origin',(40.9686969774916,10.4829750469017,8.09000025272369));
#6045=CARTESIAN_POINT('',(46.6018848983715,2.98993803809423,8.09000025272369));
#6046=CARTESIAN_POINT('',(45.4173672407656,4.17445569570012,8.09000025272369));
#6047=CARTESIAN_POINT('',(46.1342752799152,1.51058775817834,8.09000025272369));
#6048=CARTESIAN_POINT('Origin',(52.8686969774916,0.195475046901716,8.09000025272369));
#6049=CARTESIAN_POINT('',(44.3036071171694,1.51058775817834,8.09000025272369));
#6050=CARTESIAN_POINT('',(39.4861595424938,1.51058775817834,8.09000025272369));
#6051=CARTESIAN_POINT('',(44.3036071171694,-4.92544030296889,8.09000025272369));
#6052=CARTESIAN_POINT('',(36.5258400512547,10.4829750469017,8.09000025272369));
#6053=CARTESIAN_POINT('Origin',(40.9686969774916,10.4829750469017,8.09000025272369));
#6054=CARTESIAN_POINT('',(36.5258400512548,-10.0920249530983,8.09000025272369));
#6055=CARTESIAN_POINT('Origin',(40.9686969774916,-10.0920249530983,8.09000025272369));
#6056=CARTESIAN_POINT('Ctrl Pts',(46.0854983576606,15.9947968086162,7.08999999999999));
#6057=CARTESIAN_POINT('Ctrl Pts',(46.0995053863263,15.9796785542934,7.75798464776628));
#6058=CARTESIAN_POINT('Ctrl Pts',(46.1134423960131,15.9644954275473,8.43047848390791));
#6059=CARTESIAN_POINT('Ctrl Pts',(46.1273087888382,15.9492480797179,9.10745265916098));
#6060=CARTESIAN_POINT('Ctrl Pts',(46.2810423582894,15.9507081591537,7.08490177828347));
#6061=CARTESIAN_POINT('Ctrl Pts',(46.296057371405,15.9353697883683,7.75289407761842));
#6062=CARTESIAN_POINT('Ctrl Pts',(46.3109898840301,15.9199457465147,8.42539536929208));
#6063=CARTESIAN_POINT('Ctrl Pts',(46.3258644859031,15.9044785783901,9.10237732899677));
#6064=CARTESIAN_POINT('Ctrl Pts',(46.4624913001055,15.8461847164392,7.0787313183293));
#6065=CARTESIAN_POINT('Ctrl Pts',(46.4783561769095,15.8299833201498,7.74671995130084));
#6066=CARTESIAN_POINT('Ctrl Pts',(46.4941345903762,15.8136925092625,8.41921761611369));
#6067=CARTESIAN_POINT('Ctrl Pts',(46.5098559851404,15.7973515765219,9.09619585085877));
#6068=CARTESIAN_POINT('Ctrl Pts',(46.5987049425358,15.699164778261,7.07254759356271));
#6069=CARTESIAN_POINT('Ctrl Pts',(46.6148104024624,15.6817816169235,7.74053224132899));
#6070=CARTESIAN_POINT('Ctrl Pts',(46.6308353536753,15.6643238644477,8.41302607747062));
#6071=CARTESIAN_POINT('Ctrl Pts',(46.6467791087213,15.6467922697524,9.0900002527237));
#6072=CARTESIAN_POINT('',(46.1269512770028,15.9496411647484,9.09000025272377));
#6073=CARTESIAN_POINT('',(46.6467791087213,15.6467922697524,9.09000025272355));
#6074=CARTESIAN_POINT('Ctrl Pts',(46.1269512770027,15.9496411647483,9.09000025273068));
#6075=CARTESIAN_POINT('Ctrl Pts',(46.1698495183578,15.9399489837139,9.09000025224394));
#6076=CARTESIAN_POINT('Ctrl Pts',(46.2119619480446,15.927376880817,9.08999933462697));
#6077=CARTESIAN_POINT('Ctrl Pts',(46.2530608905828,15.9121119925862,9.0899985750365));
#6078=CARTESIAN_POINT('Ctrl Pts',(46.2947573138495,15.8966251892408,9.08999780440339));
#6079=CARTESIAN_POINT('Ctrl Pts',(46.3354115921805,15.8783662765187,9.0899971650792));
#6080=CARTESIAN_POINT('Ctrl Pts',(46.374769188451,15.8574806040178,9.08999699329158));
#6081=CARTESIAN_POINT('Ctrl Pts',(46.3866161842944,15.8511938258924,9.08999694158194));
#6082=CARTESIAN_POINT('Ctrl Pts',(46.3983455198274,15.8446687329034,9.08999692869012));
#6083=CARTESIAN_POINT('Ctrl Pts',(46.4099497415249,15.8379085161961,9.08999695680004));
#6084=CARTESIAN_POINT('Ctrl Pts',(46.4484927751382,15.8154546828777,9.08999705016621));
#6085=CARTESIAN_POINT('Ctrl Pts',(46.4854619520851,15.7905242796445,9.0899975851683));
#6086=CARTESIAN_POINT('Ctrl Pts',(46.5206135311855,15.7632810499705,9.08999827561959));
#6087=CARTESIAN_POINT('Ctrl Pts',(46.5553486652677,15.7363605741406,9.08999895789102));
#6088=CARTESIAN_POINT('Ctrl Pts',(46.588309914952,15.7071810997455,9.08999975887247));
#6089=CARTESIAN_POINT('Ctrl Pts',(46.6192325132237,15.6758601196324,9.09000009322134));
#6090=CARTESIAN_POINT('Ctrl Pts',(46.6286049567833,15.6663669290615,9.09000019456036));
#6091=CARTESIAN_POINT('Ctrl Pts',(46.6377898591898,15.656676759256,9.0900002527237));
#6092=CARTESIAN_POINT('Ctrl Pts',(46.6467791087213,15.6467922697524,9.0900002527237));
#6093=CARTESIAN_POINT('Origin',(40.9686969774915,10.4829750469017,322.401987205598));
#6094=CARTESIAN_POINT('Origin',(41.1890419190065,11.4582409184764,322.419439612035));
#6095=CARTESIAN_POINT('Origin',(43.7199976893034,16.6562542357621,-0.00763139068913639));
#6096=CARTESIAN_POINT('',(44.2600235475055,16.3714421252439,9.09000025272369));
#6097=CARTESIAN_POINT('Ctrl Pts',(47.3702442524303,14.4044526385684,9.10308984829504));
#6098=CARTESIAN_POINT('Ctrl Pts',(47.3790696201958,14.3922961500559,8.42891992250935));
#6099=CARTESIAN_POINT('Ctrl Pts',(47.3878539501558,14.3801098689171,7.75788487507992));
#6100=CARTESIAN_POINT('Ctrl Pts',(47.3965970421007,14.3678940728974,7.09000000000002));
#6101=CARTESIAN_POINT('Ctrl Pts',(47.3702936542337,14.6137747055462,9.09931604407116));
#6102=CARTESIAN_POINT('Ctrl Pts',(47.3791128337123,14.6008658860542,8.42514172532995));
#6103=CARTESIAN_POINT('Ctrl Pts',(47.3879095192748,14.5879336142243,7.75410246928268));
#6104=CARTESIAN_POINT('Ctrl Pts',(47.3966466133108,14.5749655766458,7.08621325479886));
#6105=CARTESIAN_POINT('Ctrl Pts',(47.3025268414248,14.8225640222764,9.09466408340702));
#6106=CARTESIAN_POINT('Ctrl Pts',(47.3118465457877,14.8089137253265,8.42049186129011));
#6107=CARTESIAN_POINT('Ctrl Pts',(47.3211398848708,14.7952420278354,7.74945464894753));
#6108=CARTESIAN_POINT('Ctrl Pts',(47.330371529806,14.7815321479981,7.08156750765795));
#6109=CARTESIAN_POINT('Ctrl Pts',(47.1795633252105,14.9919399182188,9.0900002527237));
#6110=CARTESIAN_POINT('Ctrl Pts',(47.1897108454503,14.9779622329254,8.41583032693801));
#6111=CARTESIAN_POINT('Ctrl Pts',(47.1998111798986,14.963950291691,7.74479527950858));
#6112=CARTESIAN_POINT('Ctrl Pts',(47.2098640983521,14.9499044138706,7.07691040442867));
#6113=CARTESIAN_POINT('',(47.1795633252105,14.9919399182188,9.09000025272355));
#6114=CARTESIAN_POINT('Origin',(40.9686969774916,10.4829750469017,421.720791397254));
#6115=CARTESIAN_POINT('',(47.3704156046227,14.4042165989215,9.09000025272363));
#6116=CARTESIAN_POINT('Ctrl Pts',(47.1795633252105,14.9919399182188,9.09000025272363));
#6117=CARTESIAN_POINT('Ctrl Pts',(47.2053938814696,14.9563596604012,9.09000025272363));
#6118=CARTESIAN_POINT('Ctrl Pts',(47.2287281874091,14.919136144613,9.08999974565154));
#6119=CARTESIAN_POINT('Ctrl Pts',(47.2495225120645,14.8805612528244,9.0899991783969));
#6120=CARTESIAN_POINT('Ctrl Pts',(47.2706294381084,14.84140646412,9.08999860261471));
#6121=CARTESIAN_POINT('Ctrl Pts',(47.2891199009225,14.8008583412281,9.08999798927417));
#6122=CARTESIAN_POINT('Ctrl Pts',(47.3049025258678,14.7591953338948,9.08999769018596));
#6123=CARTESIAN_POINT('Ctrl Pts',(47.3106755010576,14.7439558215511,9.08999758078535));
#6124=CARTESIAN_POINT('Ctrl Pts',(47.3160857096184,14.7285669643436,9.08999751047747));
#6125=CARTESIAN_POINT('Ctrl Pts',(47.3211269946769,14.7130419344507,9.08999748258686));
#6126=CARTESIAN_POINT('Ctrl Pts',(47.33490486985,14.6706118949983,9.08999740636157));
#6127=CARTESIAN_POINT('Ctrl Pts',(47.3458587221562,14.627387590606,9.08999771034243));
#6128=CARTESIAN_POINT('Ctrl Pts',(47.3539167657421,14.5836537152353,9.08999824568056));
#6129=CARTESIAN_POINT('Ctrl Pts',(47.3618749052007,14.5404620551815,9.08999877438154));
#6130=CARTESIAN_POINT('Ctrl Pts',(47.3670088318911,14.4967722967453,9.08999955137845));
#6131=CARTESIAN_POINT('Ctrl Pts',(47.3692005154918,14.4528479690245,9.08999998545258));
#6132=CARTESIAN_POINT('Ctrl Pts',(47.3700079958813,14.4366649610177,9.0900001453782));
#6133=CARTESIAN_POINT('Ctrl Pts',(47.3704155954011,14.4204500875277,9.09000025264631));
#6134=CARTESIAN_POINT('Ctrl Pts',(47.3704156046226,14.4042165989215,9.09000025272522));
#6135=CARTESIAN_POINT('Origin',(41.9686113050656,10.4829750469017,421.733880992825));
#6136=CARTESIAN_POINT('Origin',(47.4894752463101,17.3844379476684,-0.00496688435672561));
#6137=CARTESIAN_POINT('',(47.3704156046227,12.387642994896,9.09000025272369));
#6138=CARTESIAN_POINT('',(47.3704156046227,8.2565844770144,9.09000025272369));
#6139=CARTESIAN_POINT('Ctrl Pts',(47.3704156046227,12.3876429948958,9.09000025272295));
#6140=CARTESIAN_POINT('Ctrl Pts',(47.3771524013999,12.3335004088797,8.57537628417947));
#6141=CARTESIAN_POINT('Ctrl Pts',(47.3835063217075,12.2793938426673,8.09000025272158));
#6142=CARTESIAN_POINT('',(47.443228345592,10.4482497636731,3.52783429210341));
#6143=CARTESIAN_POINT('Origin',(40.9686969774915,-0.871268993639569,9.09000025272369));
#6144=CARTESIAN_POINT('Origin',(40.9686969774916,10.4829750469017,9.09000025272369));
#6145=CARTESIAN_POINT('Origin',(40.9686969774916,10.4829750469017,9.09000025272369));
#6146=CARTESIAN_POINT('Origin',(29.0686969774915,0.195475046901712,8.64));
#6147=CARTESIAN_POINT('',(26.3686969774915,0.195475046901712,8.64));
#6148=CARTESIAN_POINT('Origin',(29.0686969774915,0.195475046901712,8.64));
#6149=CARTESIAN_POINT('',(26.7186969774915,0.195475046901711,8.29));
#6150=CARTESIAN_POINT('Origin',(26.7186969774915,0.195475046901711,8.64));
#6151=CARTESIAN_POINT('Origin',(29.0686969774915,0.195475046901712,8.29));
#6152=CARTESIAN_POINT('Origin',(29.0686969774915,0.195475046901712,8.29));
#6153=CARTESIAN_POINT('Origin',(29.0686969774915,0.195475046901712,8.29));
#6154=CARTESIAN_POINT('',(26.3686969774915,0.195475046901711,9.19));
#6155=CARTESIAN_POINT('Origin',(29.0686969774915,0.195475046901712,9.19));
#6156=CARTESIAN_POINT('',(26.3686969774915,0.195475046901711,8.29));
#6157=CARTESIAN_POINT('Origin',(40.9686969774916,-10.0920249530983,8.64));
#6158=CARTESIAN_POINT('',(38.2686969774916,-10.0920249530983,8.64));
#6159=CARTESIAN_POINT('Origin',(40.9686969774916,-10.0920249530983,8.64));
#6160=CARTESIAN_POINT('',(38.6186969774916,-10.0920249530983,8.29));
#6161=CARTESIAN_POINT('Origin',(38.6186969774916,-10.0920249530983,8.64));
#6162=CARTESIAN_POINT('Origin',(40.9686969774916,-10.0920249530983,8.29));
#6163=CARTESIAN_POINT('Origin',(40.9686969774916,-10.0920249530983,8.29));
#6164=CARTESIAN_POINT('Origin',(40.9686969774916,-10.0920249530983,8.29));
#6165=CARTESIAN_POINT('',(38.2686969774916,-10.0920249530983,9.19));
#6166=CARTESIAN_POINT('Origin',(40.9686969774916,-10.0920249530983,9.19));
#6167=CARTESIAN_POINT('',(38.2686969774916,-10.0920249530983,8.29));
#6168=CARTESIAN_POINT('Origin',(40.9686969774916,10.4829750469017,8.64));
#6169=CARTESIAN_POINT('',(38.2686969774916,10.4829750469017,8.64));
#6170=CARTESIAN_POINT('Origin',(40.9686969774916,10.4829750469017,8.64));
#6171=CARTESIAN_POINT('',(38.6186969774916,10.4829750469017,8.29));
#6172=CARTESIAN_POINT('Origin',(38.6186969774916,10.4829750469017,8.64));
#6173=CARTESIAN_POINT('Origin',(40.9686969774916,10.4829750469017,8.29));
#6174=CARTESIAN_POINT('Origin',(40.9686969774916,10.4829750469017,8.29));
#6175=CARTESIAN_POINT('Origin',(40.9686969774916,10.4829750469017,8.29));
#6176=CARTESIAN_POINT('',(38.2686969774916,10.4829750469017,9.19));
#6177=CARTESIAN_POINT('Origin',(40.9686969774916,10.4829750469017,9.19));
#6178=CARTESIAN_POINT('',(38.2686969774916,10.4829750469017,8.29));
#6179=CARTESIAN_POINT('Origin',(52.8686969774916,0.195475046901716,8.64));
#6180=CARTESIAN_POINT('',(50.1686969774916,0.195475046901716,8.64));
#6181=CARTESIAN_POINT('Origin',(52.8686969774916,0.195475046901716,8.64));
#6182=CARTESIAN_POINT('',(50.5186969774916,0.195475046901716,8.29));
#6183=CARTESIAN_POINT('Origin',(50.5186969774916,0.195475046901716,8.64));
#6184=CARTESIAN_POINT('Origin',(52.8686969774916,0.195475046901716,8.29));
#6185=CARTESIAN_POINT('Origin',(52.8686969774916,0.195475046901716,8.29));
#6186=CARTESIAN_POINT('Origin',(52.8686969774916,0.195475046901716,8.29));
#6187=CARTESIAN_POINT('',(50.1686969774916,0.195475046901716,9.19));
#6188=CARTESIAN_POINT('Origin',(52.8686969774916,0.195475046901716,9.19));
#6189=CARTESIAN_POINT('',(50.1686969774916,0.195475046901716,8.29));
#6190=CARTESIAN_POINT('Origin',(40.9686969774916,10.4829750469017,11.24));
#6191=CARTESIAN_POINT('',(37.8186969774916,10.4829750469017,11.59));
#6192=CARTESIAN_POINT('Origin',(40.9686969774916,10.4829750469017,11.59));
#6193=CARTESIAN_POINT('',(37.4686969774916,10.4829750469017,11.24));
#6194=CARTESIAN_POINT('Origin',(37.8186969774916,10.4829750469017,11.24));
#6195=CARTESIAN_POINT('Origin',(40.9686969774916,10.4829750469017,11.24));
#6196=CARTESIAN_POINT('Origin',(40.9686969774916,10.4829750469017,11.59));
#6197=CARTESIAN_POINT('Origin',(40.9686969774916,10.4829750469017,11.59));
#6198=CARTESIAN_POINT('',(37.4686969774916,10.4829750469017,9.19));
#6199=CARTESIAN_POINT('Origin',(40.9686969774916,10.4829750469017,9.19));
#6200=CARTESIAN_POINT('',(37.4686969774916,10.4829750469017,11.59));
#6201=CARTESIAN_POINT('Origin',(52.8686969774916,0.195475046901716,11.2400004628301));
#6202=CARTESIAN_POINT('',(49.7186969774916,0.195475046901716,11.5900004628301));
#6203=CARTESIAN_POINT('Origin',(52.8686969774916,0.195475046901716,11.5900004628301));
#6204=CARTESIAN_POINT('',(49.3686969774916,0.195475046901716,11.2400004628301));
#6205=CARTESIAN_POINT('Origin',(49.7186969774916,0.195475046901716,11.2400004628301));
#6206=CARTESIAN_POINT('Origin',(52.8686969774916,0.195475046901716,11.2400004628301));
#6207=CARTESIAN_POINT('Origin',(52.8686969774916,0.195475046901716,11.5900004628301));
#6208=CARTESIAN_POINT('Origin',(52.8686969774916,0.195475046901716,11.44));
#6209=CARTESIAN_POINT('',(49.3686969774916,0.195475046901716,9.19));
#6210=CARTESIAN_POINT('Origin',(52.8686969774916,0.195475046901716,9.19));
#6211=CARTESIAN_POINT('',(49.3686969774916,0.195475046901716,11.44));
#6212=CARTESIAN_POINT('Origin',(40.9686969774916,-10.0920249530983,11.24));
#6213=CARTESIAN_POINT('',(37.8186969774916,-10.0920249530983,11.59));
#6214=CARTESIAN_POINT('Origin',(40.9686969774916,-10.0920249530983,11.59));
#6215=CARTESIAN_POINT('',(37.4686969774916,-10.0920249530983,11.24));
#6216=CARTESIAN_POINT('Origin',(37.8186969774916,-10.0920249530983,11.24));
#6217=CARTESIAN_POINT('Origin',(40.9686969774916,-10.0920249530983,11.24));
#6218=CARTESIAN_POINT('Origin',(40.9686969774916,-10.0920249530983,11.59));
#6219=CARTESIAN_POINT('Origin',(40.9686969774916,-10.0920249530983,11.59));
#6220=CARTESIAN_POINT('',(37.4686969774916,-10.0920249530983,9.19));
#6221=CARTESIAN_POINT('Origin',(40.9686969774916,-10.0920249530983,9.19));
#6222=CARTESIAN_POINT('',(37.4686969774916,-10.0920249530983,11.59));
#6223=CARTESIAN_POINT('Origin',(29.0686969774915,0.195475046901712,11.24));
#6224=CARTESIAN_POINT('',(25.9186969774915,0.195475046901712,11.59));
#6225=CARTESIAN_POINT('Origin',(29.0686969774915,0.195475046901712,11.59));
#6226=CARTESIAN_POINT('',(25.5686969774915,0.195475046901711,11.24));
#6227=CARTESIAN_POINT('Origin',(25.9186969774915,0.195475046901711,11.24));
#6228=CARTESIAN_POINT('Origin',(29.0686969774915,0.195475046901712,11.24));
#6229=CARTESIAN_POINT('Origin',(29.0686969774915,0.195475046901712,11.59));
#6230=CARTESIAN_POINT('Origin',(29.0686969774915,0.195475046901712,11.59));
#6231=CARTESIAN_POINT('',(25.5686969774915,0.195475046901712,9.19));
#6232=CARTESIAN_POINT('Origin',(29.0686969774915,0.195475046901712,9.19));
#6233=CARTESIAN_POINT('',(25.5686969774915,0.195475046901712,11.59));
#6234=CARTESIAN_POINT('Origin',(29.0686969774915,0.195475046901712,7.09));
#6235=CARTESIAN_POINT('',(25.0686969774915,0.195475046901711,8.14));
#6236=CARTESIAN_POINT('Origin',(29.0686969774915,0.195475046901712,8.14));
#6237=CARTESIAN_POINT('',(25.0686969774915,0.195475046901711,7.34));
#6238=CARTESIAN_POINT('',(25.0686969774915,0.195475046901711,7.09));
#6239=CARTESIAN_POINT('',(25.1388080977785,0.941111280669657,7.34));
#6240=CARTESIAN_POINT('Origin',(29.0686969774915,0.195475046901712,7.34));
#6241=CARTESIAN_POINT('Origin',(29.0686969774915,0.195475046901712,50.0574712230688));
#6242=CARTESIAN_POINT('',(31.5540227360396,3.32966646956519,7.34));
#6243=CARTESIAN_POINT('Origin',(29.0686969774915,0.195475046901712,50.057471223081));
#6244=CARTESIAN_POINT('',(32.5293032867474,2.20151691394693,7.34));
#6245=CARTESIAN_POINT('Origin',(29.0686969774915,0.195475046901712,7.34));
#6246=CARTESIAN_POINT('Origin',(29.0686969774915,0.195475046901712,50.0574712230651));
#6247=CARTESIAN_POINT('',(32.5293032867474,-1.81056682014351,7.34));
#6248=CARTESIAN_POINT('Origin',(29.0686969774915,0.195475046901712,50.0574712230814));
#6249=CARTESIAN_POINT('',(31.5540227360396,-2.93871637576176,7.33999999999999));
#6250=CARTESIAN_POINT('Origin',(29.0686969774915,0.195475046901712,7.34));
#6251=CARTESIAN_POINT('',(31.5505406166194,-2.94147445076642,7.09));
#6252=CARTESIAN_POINT('Origin',(29.0686969774915,0.195475046901712,50.0574712230872));
#6253=CARTESIAN_POINT('Origin',(29.0686969774915,0.195475046901712,7.09));
#6254=CARTESIAN_POINT('',(25.1396385661161,-0.554524953098287,7.09));
#6255=CARTESIAN_POINT('Origin',(29.0686969774915,0.195475046901712,7.09));
#6256=CARTESIAN_POINT('',(25.1388080977785,-0.550161186866233,7.33999999999999));
#6257=CARTESIAN_POINT('Origin',(29.0686969774915,0.195475046901712,50.0574712230668));
#6258=CARTESIAN_POINT('Origin',(29.0686969774915,0.195475046901712,7.34));
#6259=CARTESIAN_POINT('Origin',(40.9686969774916,-10.0920249530983,7.09));
#6260=CARTESIAN_POINT('',(36.9686969774916,-10.0920249530983,8.14));
#6261=CARTESIAN_POINT('Origin',(40.9686969774916,-10.0920249530983,8.14));
#6262=CARTESIAN_POINT('',(36.9686969774916,-10.0920249530983,7.08999999999998));
#6263=CARTESIAN_POINT('',(36.9686969774916,-10.0920249530983,7.09));
#6264=CARTESIAN_POINT('',(37.5058650495643,-8.08982740067565,7.09));
#6265=CARTESIAN_POINT('Origin',(40.9686969774916,-10.0920249530983,7.09));
#6266=CARTESIAN_POINT('',(37.5080906682357,-8.08598308605308,7.33999999999999));
#6267=CARTESIAN_POINT('Origin',(40.9686969774916,-10.0920249530983,50.0574712230884));
#6268=CARTESIAN_POINT('',(38.4833712189435,-6.95783353043481,7.33999999999999));
#6269=CARTESIAN_POINT('Origin',(40.9686969774916,-10.0920249530983,7.34));
#6270=CARTESIAN_POINT('Origin',(40.9686969774916,-10.0920249530983,50.0574712230804));
#6271=CARTESIAN_POINT('',(43.4540227360397,-6.95783353043479,7.33999999999999));
#6272=CARTESIAN_POINT('Origin',(40.9686969774916,-10.0920249530983,50.0574712230497));
#6273=CARTESIAN_POINT('',(44.4293032867475,-8.08598308605304,7.33999999999999));
#6274=CARTESIAN_POINT('Origin',(40.9686969774916,-10.0920249530983,7.34));
#6275=CARTESIAN_POINT('',(44.4315289054189,-8.08982740067561,7.09));
#6276=CARTESIAN_POINT('Origin',(40.9686969774916,-10.0920249530983,50.0574712230804));
#6277=CARTESIAN_POINT('Origin',(40.9686969774916,-10.0920249530983,7.09));
#6278=CARTESIAN_POINT('Origin',(40.9686969774916,-10.0920249530983,7.09));
#6279=CARTESIAN_POINT('Origin',(40.9686969774915,-0.871268993639569,9.09000025272369));
#6280=CARTESIAN_POINT('',(42.8746134003799,1.14480703545236,9.09000025272369));
#6281=CARTESIAN_POINT('',(44.2861520504933,1.14480703545236,9.09000025272369));
#6282=CARTESIAN_POINT('',(42.7954349861821,1.14480703545236,9.09000025272369));
#6283=CARTESIAN_POINT('',(44.2861520504933,1.52804282310656,9.09000025272369));
#6284=CARTESIAN_POINT('',(44.2861520504933,-0.820441903530007,9.09000025272369));
#6285=CARTESIAN_POINT('',(46.1199144786884,1.52804282310656,9.09000025272369));
#6286=CARTESIAN_POINT('',(43.4361520473305,1.52804282310656,9.09000025272369));
#6287=CARTESIAN_POINT('',(46.5810622083413,2.98607553857089,9.09000025272369));
#6288=CARTESIAN_POINT('Origin',(52.8686969774916,0.195475046901716,9.09000025272369));
#6289=CARTESIAN_POINT('',(44.7985398213914,4.76859792552082,9.09000025272369));
#6290=CARTESIAN_POINT('',(45.3275216986878,4.23961604822441,9.09000025272369));
#6291=CARTESIAN_POINT('',(42.8746134003799,3.87318800923581,9.09000025272369));
#6292=CARTESIAN_POINT('Origin',(40.9686969774916,10.4829750469017,9.09000025272369));
#6293=CARTESIAN_POINT('',(42.8746134003799,0.0105488181527257,9.09000025272369));
#6294=CARTESIAN_POINT('Origin',(29.0686969774916,0.195475046901712,10.2865094328819));
#6295=CARTESIAN_POINT('',(26.9396125838871,6.73679003237993,9.09000025272369));
#6296=CARTESIAN_POINT('Ctrl Pts',(26.9396125838934,6.73679025455044,9.09000024990821));
#6297=CARTESIAN_POINT('Ctrl Pts',(26.9483485884202,6.73044657286296,8.58951488576248));
#6298=CARTESIAN_POINT('Ctrl Pts',(26.9570676488218,6.72410289117546,8.09000024989832));
#6299=CARTESIAN_POINT('',(22.3199144786884,1.52804282310655,9.09000025272369));
#6300=CARTESIAN_POINT('Origin',(29.0686969774916,0.195475046901712,9.09000025272369));
#6301=CARTESIAN_POINT('Ctrl Pts',(22.3342752799152,1.51058775817834,8.09000025272367));
#6302=CARTESIAN_POINT('Ctrl Pts',(22.3270948793017,1.51930599505092,8.58946770864172));
#6303=CARTESIAN_POINT('Ctrl Pts',(22.3199144786884,1.52804282310655,9.09000025272367));
#6304=CARTESIAN_POINT('Origin',(29.0686969774915,0.195475046901712,8.14));
#6305=CARTESIAN_POINT('',(24.6686969774915,0.195475046901711,8.14));
#6306=CARTESIAN_POINT('Origin',(29.0686969774916,0.195475046901712,10.2865094328819));
#6307=CARTESIAN_POINT('',(35.932414283737,0.65502573428961,9.09000025272369));
#6308=CARTESIAN_POINT('Origin',(29.0686969774916,0.195475046901712,9.09000025272369));
#6309=CARTESIAN_POINT('Ctrl Pts',(35.9140251140269,0.668169184064016,8.09000025272367));
#6310=CARTESIAN_POINT('Ctrl Pts',(35.9232172930056,0.661606438027943,8.58946770868247));
#6311=CARTESIAN_POINT('Ctrl Pts',(35.932414283737,0.655025734289612,9.09000025272367));
#6312=CARTESIAN_POINT('Origin',(36.1557935801888,0.657112305933242,12.2867424587145));
#6313=CARTESIAN_POINT('',(37.6071006867128,1.10375660354236,9.09000025272369));
#6314=CARTESIAN_POINT('',(38.1955539864624,1.2614321899937,9.09000025272369));
#6315=CARTESIAN_POINT('',(37.6747364307371,1.0647070885231,12.2538013598203));
#6316=CARTESIAN_POINT('Origin',(37.0663652954365,3.33757721396468,12.2893603196801));
#6317=CARTESIAN_POINT('',(36.9173128479694,3.67807986417605,9.09000025272369));
#6318=CARTESIAN_POINT('',(37.6692322350555,0.871878508374387,9.09000025272369));
#6319=CARTESIAN_POINT('',(36.956400382134,3.74578145929173,12.2568816801276));
#6320=CARTESIAN_POINT('Origin',(33.9138358031034,2.93106834596528,12.2867424587145));
#6321=CARTESIAN_POINT('',(35.2426268666539,3.22934910790685,9.09000025272369));
#6322=CARTESIAN_POINT('',(36.7441231111596,3.63167381406053,9.09000025272369));
#6323=CARTESIAN_POINT('Ctrl Pts',(35.2426268666539,3.22934910790685,9.09000025272367));
#6324=CARTESIAN_POINT('Ctrl Pts',(35.2379523885941,3.21905155530571,8.58946770855064));
#6325=CARTESIAN_POINT('Ctrl Pts',(35.2332730987818,3.20877196041163,8.09000025272367));
#6326=CARTESIAN_POINT('Origin',(29.0686969774916,0.195475046901712,10.2865094328819));
#6327=CARTESIAN_POINT('',(31.197781371096,6.73679003237992,9.09000025272369));
#6328=CARTESIAN_POINT('Origin',(29.0686969774916,0.195475046901712,9.09000025272369));
#6329=CARTESIAN_POINT('Ctrl Pts',(31.1977813711039,6.73679025101014,9.09000024995198));
#6330=CARTESIAN_POINT('Ctrl Pts',(31.1890453665771,6.73044656931922,8.58951488580454));
#6331=CARTESIAN_POINT('Ctrl Pts',(31.1803263061756,6.72410288762829,8.09000024994124));
#6332=CARTESIAN_POINT('Origin',(52.8686969774916,0.195475046901716,8.14));
#6333=CARTESIAN_POINT('',(48.4686969774916,0.195475046901715,8.14));
#6334=CARTESIAN_POINT('Origin',(45.7603607930632,7.65475998493831,12.2867424587145));
#6335=CARTESIAN_POINT('',(48.1423701398236,5.19383845086834,9.09000025272369));
#6336=CARTESIAN_POINT('Ctrl Pts',(48.1420445484915,5.16947885264763,8.09000025272382));
#6337=CARTESIAN_POINT('Ctrl Pts',(48.1421997087272,5.18165101631601,8.58938162783499));
#6338=CARTESIAN_POINT('Ctrl Pts',(48.1423701398364,5.19383845085627,9.0900002527239));
#6339=CARTESIAN_POINT('',(46.6830750173145,6.65313357337816,9.09000025272369));
#6340=CARTESIAN_POINT('',(46.6544959901603,6.68171260053233,9.09000025272369));
#6341=CARTESIAN_POINT('Ctrl Pts',(46.6830750173145,6.65313357337815,9.09000025272367));
#6342=CARTESIAN_POINT('Ctrl Pts',(46.671819837606,6.65203301235876,8.58946770866079));
#6343=CARTESIAN_POINT('Ctrl Pts',(46.6605778038492,6.65094559728985,8.09000025272367));
#6344=CARTESIAN_POINT('Origin',(52.8686969774916,0.195475046901716,10.2865094328819));
#6345=CARTESIAN_POINT('',(50.7396125838871,6.73679003237993,9.09000025272369));
#6346=CARTESIAN_POINT('Ctrl Pts',(50.7570676488076,6.72410288762829,8.09000024994124));
#6347=CARTESIAN_POINT('Ctrl Pts',(50.748348588406,6.73044656931921,8.58951488580483));
#6348=CARTESIAN_POINT('Ctrl Pts',(50.7396125838792,6.73679025101014,9.09000024995198));
#6349=CARTESIAN_POINT('Origin',(52.8686969774916,0.195475046901716,9.09000025272369));
#6350=CARTESIAN_POINT('Origin',(52.8686969774916,0.195475046901716,10.2865094328819));
#6351=CARTESIAN_POINT('',(58.590494359871,-3.62327302142225,9.09000025272369));
#6352=CARTESIAN_POINT('Ctrl Pts',(58.590494359871,-3.62327302142226,9.09000025272367));
#6353=CARTESIAN_POINT('Ctrl Pts',(58.5792492316904,-3.62438361300266,8.5894685580331));
#6354=CARTESIAN_POINT('Ctrl Pts',(58.5680172284952,-3.62548107960008,8.09000025272367));
#6355=CARTESIAN_POINT('',(59.742177407983,-0.0821377517631179,9.09000025272369));
#6356=CARTESIAN_POINT('Origin',(52.8686969774916,0.195475046901716,9.09000025272369));
#6357=CARTESIAN_POINT('',(58.5469302784956,4.07870420234705,9.09000025272369));
#6358=CARTESIAN_POINT('Ctrl Pts',(58.5469302784956,4.07870420234705,9.0900002527237));
#6359=CARTESIAN_POINT('Ctrl Pts',(58.790403618906,3.72000652758769,9.00333066360066));
#6360=CARTESIAN_POINT('Ctrl Pts',(59.001927811509,3.33614610913015,8.93760271798656));
#6361=CARTESIAN_POINT('Ctrl Pts',(59.2711232917954,2.71267543903112,8.87845830604767));
#6362=CARTESIAN_POINT('Ctrl Pts',(59.3541170154762,2.48982776078107,8.86576295909494));
#6363=CARTESIAN_POINT('Ctrl Pts',(59.4762928464509,2.10185435522175,8.85843982473793));
#6364=CARTESIAN_POINT('Ctrl Pts',(59.5210252864691,1.93943494761197,8.85961666508675));
#6365=CARTESIAN_POINT('Ctrl Pts',(59.6006757487708,1.60297147747936,8.87067395345577));
#6366=CARTESIAN_POINT('Ctrl Pts',(59.634835425535,1.42926744827674,8.88099280138147));
#6367=CARTESIAN_POINT('Ctrl Pts',(59.7051132872936,0.982786003032391,8.91886122641001));
#6368=CARTESIAN_POINT('Ctrl Pts',(59.7315240450079,0.710074598465087,8.9527041891134));
#6369=CARTESIAN_POINT('Ctrl Pts',(59.7484909986473,0.263584604489662,9.02375388276443));
#6370=CARTESIAN_POINT('Ctrl Pts',(59.7485320544191,0.0902405666982194,9.05522287024995));
#6371=CARTESIAN_POINT('Ctrl Pts',(59.742177407983,-0.0821377517631177,9.09000025272369));
#6372=CARTESIAN_POINT('',(54.997781371096,6.73679003237993,9.09000025272369));
#6373=CARTESIAN_POINT('Origin',(52.8686969774916,0.195475046901716,9.09000025272369));
#6374=CARTESIAN_POINT('Ctrl Pts',(54.9977813711384,6.73679003383016,9.09000025269962));
#6375=CARTESIAN_POINT('Ctrl Pts',(54.9890453666113,6.73044635192439,8.58951488852853));
#6376=CARTESIAN_POINT('Ctrl Pts',(54.9803263062104,6.72410267001861,8.09000025270547));
#6377=CARTESIAN_POINT('Origin',(52.8686969774916,0.195475046901716,10.2865094328819));
#6378=CARTESIAN_POINT('',(56.6874450458155,-5.52632233547768,9.09000025272369));
#6379=CARTESIAN_POINT('Ctrl Pts',(56.6896531039934,-5.50384520410192,8.09000025272367));
#6380=CARTESIAN_POINT('Ctrl Pts',(56.6885556373959,-5.51507720729708,8.58946855803304));
#6381=CARTESIAN_POINT('Ctrl Pts',(56.6874450458155,-5.52632233547769,9.09000025272367));
#6382=CARTESIAN_POINT('',(54.997781371096,-6.3458399385765,9.09000025272369));
#6383=CARTESIAN_POINT('Ctrl Pts',(54.9977813711384,-6.34583994002673,9.09000025269962));
#6384=CARTESIAN_POINT('Ctrl Pts',(54.9890453666113,-6.33949625812096,8.58951488852853));
#6385=CARTESIAN_POINT('Ctrl Pts',(54.9803263062104,-6.33315257621519,8.09000025270547));
#6386=CARTESIAN_POINT('Origin',(52.8686969774916,0.195475046901716,9.09000025272369));
#6387=CARTESIAN_POINT('Origin',(55.0186665180208,-7.50452495309829,10.2865095186995));
#6388=CARTESIAN_POINT('',(54.997781371096,-7.68360934670269,9.09000025272369));
#6389=CARTESIAN_POINT('',(54.997781371096,-4.18789697336893,9.09000025272369));
#6390=CARTESIAN_POINT('',(55.0180118657421,-7.70383984134883,10.2490045147719));
#6391=CARTESIAN_POINT('Origin',(50.9186969774916,-7.70449449362752,10.2865095186995));
#6392=CARTESIAN_POINT('',(50.7396125838872,-7.68360934670269,9.09000025272369));
#6393=CARTESIAN_POINT('',(45.9436969774915,-7.68360934670269,9.09000025272369));
#6394=CARTESIAN_POINT('',(50.7189847320283,-7.70423719856159,10.271769094245));
#6395=CARTESIAN_POINT('Origin',(50.7187274369623,-6.21447815105535,10.2865095186995));
#6396=CARTESIAN_POINT('',(50.7396125838872,-6.3458399385765,9.09000025272369));
#6397=CARTESIAN_POINT('',(50.7396125838872,-3.54287357234746,9.09000025272369));
#6398=CARTESIAN_POINT('Ctrl Pts',(50.7396125838792,-6.34584015720671,9.09000024995198));
#6399=CARTESIAN_POINT('Ctrl Pts',(50.748348588406,-6.33949647551579,8.58951488580454));
#6400=CARTESIAN_POINT('Ctrl Pts',(50.7570676488076,-6.33315279382486,8.09000024994124));
#6401=CARTESIAN_POINT('Origin',(52.8686969774916,0.195475046901716,10.2865094328819));
#6402=CARTESIAN_POINT('',(46.1199144786884,-1.13709272930313,9.09000025272369));
#6403=CARTESIAN_POINT('Ctrl Pts',(46.1199144786884,-1.13709272930313,9.09000025272367));
#6404=CARTESIAN_POINT('Ctrl Pts',(46.1270948793018,-1.12835590124749,8.58946770864173));
#6405=CARTESIAN_POINT('Ctrl Pts',(46.1342752799152,-1.11963766437491,8.09000025272367));
#6406=CARTESIAN_POINT('Origin',(52.8686969774916,0.195475046901716,9.09000025272369));
#6407=CARTESIAN_POINT('Origin',(47.4806288064221,-1.19289207206747,12.2867424587145));
#6408=CARTESIAN_POINT('',(44.8746134003799,-1.13709272930313,9.09000025272369));
#6409=CARTESIAN_POINT('',(44.8909647783129,-1.14799226410588,9.71443418336629));
#6410=CARTESIAN_POINT('',(44.2246628919568,-1.13709272930313,9.09000025272369));
#6411=CARTESIAN_POINT('Origin',(44.8221044571216,-0.60763337005498,7.08476461037437));
#6412=CARTESIAN_POINT('',(44.8746134003799,-0.860073775562317,9.09000025272369));
#6413=CARTESIAN_POINT('',(44.8212827879732,-0.806743163155573,7.05338633154327));
#6414=CARTESIAN_POINT('',(44.8746134003799,-0.739451181847274,9.09000025272369));
#6415=CARTESIAN_POINT('Origin',(42.6221729948726,-0.80756483230402,7.08476461037437));
#6416=CARTESIAN_POINT('',(42.8746134003799,-0.860073775562317,9.09000025272369));
#6417=CARTESIAN_POINT('',(42.8226523147742,-0.808112689956557,7.10568645003885));
#6418=CARTESIAN_POINT('',(41.7954349861821,-0.860073775562317,9.09000025272369));
#6419=CARTESIAN_POINT('Origin',(42.8221044571216,-2.60763337005498,7.08476461037437));
#6420=CARTESIAN_POINT('',(42.8746134003799,-2.21294055949387,9.09000025272369));
#6421=CARTESIAN_POINT('',(42.8639470233513,-2.22005057481608,8.68266774772004));
#6422=CARTESIAN_POINT('',(42.8746134003799,-1.73945118184727,9.09000025272369));
#6423=CARTESIAN_POINT('Origin',(42.9186969774916,-2.19205541256905,10.2865095186995));
#6424=CARTESIAN_POINT('',(43.097781371096,-2.21294055949387,9.09000025272369));
#6425=CARTESIAN_POINT('',(41.9436969774916,-2.21294055949387,9.09000025272369));
#6426=CARTESIAN_POINT('',(43.1184092229549,-2.19231270763497,10.271769094245));
#6427=CARTESIAN_POINT('Origin',(43.1186665180208,-3.68207175514121,10.2865095186995));
#6428=CARTESIAN_POINT('',(43.097781371096,-3.55070996762006,9.09000025272369));
#6429=CARTESIAN_POINT('',(43.097781371096,-2.27667037439039,9.09000025272369));
#6430=CARTESIAN_POINT('Ctrl Pts',(43.0977813710974,-3.55070974721982,9.09000024992981));
#6431=CARTESIAN_POINT('Ctrl Pts',(43.0890453665705,-3.55705342890903,8.58951488578773));
#6432=CARTESIAN_POINT('Ctrl Pts',(43.0803263061689,-3.56339711059824,8.09000024992447));
#6433=CARTESIAN_POINT('Origin',(40.9686969774916,-10.0920249530983,10.2865094328819));
#6434=CARTESIAN_POINT('',(47.832414208465,-10.5515767647263,9.09000025272369));
#6435=CARTESIAN_POINT('Ctrl Pts',(47.832414208465,-10.5515767647263,9.09000025272367));
#6436=CARTESIAN_POINT('Ctrl Pts',(47.8232172165748,-10.5581574681549,8.58946770864166));
#6437=CARTESIAN_POINT('Ctrl Pts',(47.8140250364369,-10.5647202138796,8.09000025272367));
#6438=CARTESIAN_POINT('Origin',(40.9686969774916,-10.0920249530983,9.09000025272369));
#6439=CARTESIAN_POINT('Origin',(40.9686969774916,-10.0920249530983,10.2865094328819));
#6440=CARTESIAN_POINT('',(47.1426263697215,-13.12590002536,9.09000025272369));
#6441=CARTESIAN_POINT('Ctrl Pts',(47.1332726041673,-13.1053228784858,8.09000025272367));
#6442=CARTESIAN_POINT('Ctrl Pts',(47.1379518928205,-13.115602473071,8.58946770864165));
#6443=CARTESIAN_POINT('Ctrl Pts',(47.1426263697215,-13.12590002536,9.09000025272367));
#6444=CARTESIAN_POINT('',(43.097781371096,-16.6333399385765,9.09000025272369));
#6445=CARTESIAN_POINT('Ctrl Pts',(43.0977813710974,-16.6333401589767,9.09000024992981));
#6446=CARTESIAN_POINT('Ctrl Pts',(43.0890453665705,-16.6269964772875,8.58951488578773));
#6447=CARTESIAN_POINT('Ctrl Pts',(43.0803263061689,-16.6206527955983,8.09000024992447));
#6448=CARTESIAN_POINT('Origin',(40.9686969774916,-10.0920249530983,9.09000025272369));
#6449=CARTESIAN_POINT('Origin',(40.9686969774916,-10.0920249530983,10.2865094328819));
#6450=CARTESIAN_POINT('',(34.2199144786884,-11.4245927293031,9.09000025272369));
#6451=CARTESIAN_POINT('Ctrl Pts',(34.2199144786884,-11.4245927293031,9.09000025272367));
#6452=CARTESIAN_POINT('Ctrl Pts',(34.2270948793018,-11.4158559012475,8.58946770864173));
#6453=CARTESIAN_POINT('Ctrl Pts',(34.2342752799152,-11.4071376643749,8.09000025272367));
#6454=CARTESIAN_POINT('',(38.8396125838871,-16.6333399385765,9.09000025272369));
#6455=CARTESIAN_POINT('Origin',(40.9686969774916,-10.0920249530983,9.09000025272369));
#6456=CARTESIAN_POINT('Ctrl Pts',(38.8396125838858,-16.6333401589767,9.09000024992981));
#6457=CARTESIAN_POINT('Ctrl Pts',(38.8483485884126,-16.6269964772875,8.58951488578773));
#6458=CARTESIAN_POINT('Ctrl Pts',(38.8570676488142,-16.6206527955983,8.09000024992447));
#6459=CARTESIAN_POINT('Origin',(40.9686969774916,-10.0920249530983,10.2865094328819));
#6460=CARTESIAN_POINT('',(34.2199144786884,-8.75945717689344,9.09000025272369));
#6461=CARTESIAN_POINT('Ctrl Pts',(34.2342752799152,-8.77691224182166,8.09000025272367));
#6462=CARTESIAN_POINT('Ctrl Pts',(34.2270948793017,-8.76819400494907,8.58946770864173));
#6463=CARTESIAN_POINT('Ctrl Pts',(34.2199144786884,-8.75945717689344,9.09000025272367));
#6464=CARTESIAN_POINT('',(38.8396125838871,-3.55070996762006,9.09000025272369));
#6465=CARTESIAN_POINT('Ctrl Pts',(38.8396125838858,-3.55070974721982,9.09000024992981));
#6466=CARTESIAN_POINT('Ctrl Pts',(38.8483485884126,-3.55705342890903,8.58951488578773));
#6467=CARTESIAN_POINT('Ctrl Pts',(38.8570676488142,-3.56339711059824,8.09000024992447));
#6468=CARTESIAN_POINT('Origin',(40.9686969774916,-10.0920249530983,9.09000025272369));
#6469=CARTESIAN_POINT('Origin',(38.8187274369623,-2.39202495309828,10.2865095186995));
#6470=CARTESIAN_POINT('',(38.8396125838871,-2.21294055949387,9.09000025272369));
#6471=CARTESIAN_POINT('',(38.8396125838871,-1.63164697336892,9.09000025272369));
#6472=CARTESIAN_POINT('',(38.819382089241,-2.19271006484774,10.2490045147719));
#6473=CARTESIAN_POINT('Origin',(42.9186969774916,-2.19205541256905,10.2865095186995));
#6474=CARTESIAN_POINT('',(40.8697325893652,-2.21294055949387,9.09000025272369));
#6475=CARTESIAN_POINT('',(41.9436969774916,-2.21294055949387,9.09000025272369));
#6476=CARTESIAN_POINT('',(40.8806592357657,-2.22022406570401,8.6727284614072));
#6477=CARTESIAN_POINT('Origin',(40.9222415326236,-0.60763337005498,7.08476461037437));
#6478=CARTESIAN_POINT('',(40.8697325893652,-0.860073775562317,9.09000025272369));
#6479=CARTESIAN_POINT('',(40.921693674971,-0.808112689956557,7.10568645003885));
#6480=CARTESIAN_POINT('',(40.8697325893653,-0.739451181847274,9.09000025272369));
#6481=CARTESIAN_POINT('Origin',(39.1221729948726,-0.80756483230402,7.08476461037437));
#6482=CARTESIAN_POINT('',(38.8697325893653,-0.860073775562317,9.09000025272369));
#6483=CARTESIAN_POINT('',(38.9228920109219,-0.806914354005696,7.05992384635522));
#6484=CARTESIAN_POINT('',(40.0454349861821,-0.860073775562317,9.09000025272369));
#6485=CARTESIAN_POINT('Origin',(38.9222415326236,0.892366629945019,7.08476461037437));
#6486=CARTESIAN_POINT('',(38.8697325893653,1.14480703545236,9.09000025272369));
#6487=CARTESIAN_POINT('',(38.8697325893653,0.0105488181527252,9.09000025272369));
#6488=CARTESIAN_POINT('',(38.923063201772,1.09147642304561,7.05338633154327));
#6489=CARTESIAN_POINT('Origin',(41.1221729948726,1.09229809219406,7.08476461037437));
#6490=CARTESIAN_POINT('',(40.8697325893652,1.14480703545236,9.09000025272369));
#6491=CARTESIAN_POINT('',(40.921693674971,1.0928459498466,7.10568645003885));
#6492=CARTESIAN_POINT('',(41.0454349861821,1.14480703545236,9.09000025272369));
#6493=CARTESIAN_POINT('Origin',(40.9222415326236,2.89236662994502,7.08476461037437));
#6494=CARTESIAN_POINT('',(40.8697325893653,3.60460255450101,9.09000025272369));
#6495=CARTESIAN_POINT('Origin',(32.7956549761508,10.4829750469017,317.426584545988));
#6496=CARTESIAN_POINT('',(40.8697325893653,1.01054881815273,9.09000025272369));
#6497=CARTESIAN_POINT('Origin',(40.9686969774916,10.4829750469017,10.2865094328819));
#6498=CARTESIAN_POINT('',(35.2543195313923,14.3128174063004,9.09000025272369));
#6499=CARTESIAN_POINT('Ctrl Pts',(35.2543195313923,14.3128174063004,9.09000025272367));
#6500=CARTESIAN_POINT('Ctrl Pts',(35.2655747119037,14.3139179665174,8.58946770864015));
#6501=CARTESIAN_POINT('Ctrl Pts',(35.2768167464637,14.3150053807826,8.09000025272368));
#6502=CARTESIAN_POINT('Origin',(40.9686969774916,10.4829750469017,9.09000025272369));
#6503=CARTESIAN_POINT('Origin',(44.2303070127958,-0.769614813420446,12.2893603196801));
#6504=CARTESIAN_POINT('',(44.2762323164083,1.15968852571347,9.65830143783929));
#6505=CARTESIAN_POINT('',(44.2309429214363,1.58325195216361,12.2529291380697));
#6506=CARTESIAN_POINT('Origin',(45.9036071171694,1.5838421658709,12.2867424587145));
#6507=CARTESIAN_POINT('Ctrl Pts',(46.1342752799152,1.51058775817834,8.09000025272367));
#6508=CARTESIAN_POINT('Ctrl Pts',(46.1270948793017,1.51930599505092,8.5894677086417));
#6509=CARTESIAN_POINT('Ctrl Pts',(46.1199144786884,1.52804282310656,9.09000025272367));
#6510=CARTESIAN_POINT('Origin',(52.8686969774916,0.195475046901716,10.2865094328819));
#6511=CARTESIAN_POINT('Ctrl Pts',(46.5810622083413,2.9860755385709,9.09000025272368));
#6512=CARTESIAN_POINT('Ctrl Pts',(46.5914793234346,2.98801255841019,8.58953275962153));
#6513=CARTESIAN_POINT('Ctrl Pts',(46.6018848983715,2.98993803809429,8.09000025272369));
#6514=CARTESIAN_POINT('Origin',(44.9120354446995,4.57619011490386,12.2867424587145));
#6515=CARTESIAN_POINT('Ctrl Pts',(44.8007277949952,4.79109514147059,8.09000025272368));
#6516=CARTESIAN_POINT('Ctrl Pts',(44.7996403811697,4.77985310647144,8.58946770862075));
#6517=CARTESIAN_POINT('Ctrl Pts',(44.7985398213913,4.76859792552083,9.09000025272367));
#6518=CARTESIAN_POINT('Origin',(40.9686969774916,10.4829750469017,10.2865094328819));
#6519=CARTESIAN_POINT('Origin',(47.6968378005121,10.4829750469017,193.243320478296));
#6520=CARTESIAN_POINT('Origin',(42.8221044571216,0.89236662994502,7.08476461037437));
#6521=CARTESIAN_POINT('',(42.8226523147742,1.0928459498466,7.10568645003885));
#6522=CARTESIAN_POINT('Origin',(44.6221729948726,1.09229809219406,7.08476461037437));
#6523=CARTESIAN_POINT('Origin',(40.9686969774916,10.4829750469017,8.14));
#6524=CARTESIAN_POINT('',(36.5686969774916,10.4829750469017,8.14));
#6525=CARTESIAN_POINT('Origin',(40.9686969774916,-10.0920249530983,8.14));
#6526=CARTESIAN_POINT('',(36.5686969774916,-10.0920249530983,8.14));
#6527=CARTESIAN_POINT('Origin',(52.8686969774916,0.195475046901716,9.19));
#6528=CARTESIAN_POINT('',(49.7686969774916,0.195475046901716,9.19));
#6529=CARTESIAN_POINT('Origin',(52.8686969774916,0.195475046901716,9.19));
#6530=CARTESIAN_POINT('Origin',(40.9686969774916,10.4829750469017,9.19));
#6531=CARTESIAN_POINT('',(37.8686969774916,10.4829750469017,9.19));
#6532=CARTESIAN_POINT('Origin',(40.9686969774916,10.4829750469017,9.19));
#6533=CARTESIAN_POINT('Origin',(29.0686969774915,0.195475046901712,9.19));
#6534=CARTESIAN_POINT('',(25.9686969774915,0.195475046901711,9.19));
#6535=CARTESIAN_POINT('Origin',(29.0686969774915,0.195475046901712,9.19));
#6536=CARTESIAN_POINT('Origin',(36.1770337692093,13.3111909811746,12.2867424587145));
#6537=CARTESIAN_POINT('',(34.6818111711827,14.88532576651,9.09000025272369));
#6538=CARTESIAN_POINT('Origin',(40.9686969774916,10.4829750469017,-67.2527429378643));
#6539=CARTESIAN_POINT('',(40.9600206586378,8.60711627905488,9.09000025272369));
#6540=CARTESIAN_POINT('Origin',(31.2186665180208,6.60542824485878,10.2865095186995));
#6541=CARTESIAN_POINT('',(31.197781371096,8.2375132004143,9.09000025272369));
#6542=CARTESIAN_POINT('',(31.197781371096,2.8670796256096,9.09000025272369));
#6543=CARTESIAN_POINT('',(31.1998726564344,8.23966230890593,9.20980990952162));
#6544=CARTESIAN_POINT('Origin',(26.9187274369623,7.89547504690172,10.2865095186995));
#6545=CARTESIAN_POINT('',(26.9396125838871,7.56925458285953,9.09000025272369));
#6546=CARTESIAN_POINT('Origin',(29.0686969774915,0.195475046901712,-112.88516296552));
#6547=CARTESIAN_POINT('',(26.9396125838871,3.51210302663107,9.09000025272369));
#6548=CARTESIAN_POINT('Origin',(40.9686969774916,0.195475046901716,7.34));
#6549=CARTESIAN_POINT('',(34.8790744946375,-0.550161186866233,7.33999999999999));
#6550=CARTESIAN_POINT('',(31.1995634042841,0.941111280669657,7.34));
#6551=CARTESIAN_POINT('Origin',(40.9686969774915,-0.871268993639569,9.09000025272369));
#6552=CARTESIAN_POINT('',(31.5361520473305,1.52804282310655,9.09000025272369));
#6553=CARTESIAN_POINT('',(24.964445239161,6.68090045071376,9.09000025272369));
#6554=CARTESIAN_POINT('Origin',(29.0686969774915,0.195475046901712,9.09000025272369));
#6555=CARTESIAN_POINT('Origin',(20.9595788402301,10.1523619767449,9.09000025272369));
#6556=CARTESIAN_POINT('Origin',(22.1036071171694,1.5838421658709,12.2867424587145));
#6557=CARTESIAN_POINT('Origin',(34.0036071171694,-8.7036578341291,12.2867424587145));
#6558=CARTESIAN_POINT('',(29.8437581422843,-8.75945717689344,9.09000025272369));
#6559=CARTESIAN_POINT('Origin',(20.8437269581447,-21.0705066319364,-696.209550661069));
#6560=CARTESIAN_POINT('',(37.4861520473305,-8.75945717689344,9.09000025272369));
#6561=CARTESIAN_POINT('Origin',(35.5806288064221,-11.4803920720675,12.2867424587145));
#6562=CARTESIAN_POINT('',(32.6555365139657,-11.4245927293031,9.09000025272369));
#6563=CARTESIAN_POINT('Origin',(20.8437269581447,-21.0705066319364,561.704037628193));
#6564=CARTESIAN_POINT('',(38.2746628919568,-11.4245927293031,9.09000025272369));
#6565=CARTESIAN_POINT('Origin',(40.9686969774915,-0.871268993639569,9.09000025272369));
#6566=CARTESIAN_POINT('',(26.9396125838871,-7.09185582301116,9.09000025272369));
#6567=CARTESIAN_POINT('Origin',(20.8437269581447,-21.0705066319364,9.09000025272369));
#6568=CARTESIAN_POINT('',(26.9396125838871,-3.54287357234746,9.09000025272369));
#6569=CARTESIAN_POINT('Origin',(26.9187274369623,-6.21447815105535,10.2865095186995));
#6570=CARTESIAN_POINT('Origin',(20.8437269581447,-21.0705066319364,358.323053857008));
#6571=CARTESIAN_POINT('Origin',(27.1186969774916,-7.70449449362752,10.2865095186995));
#6572=CARTESIAN_POINT('',(28.1480736828466,-7.68360934670369,9.09000025272369));
#6573=CARTESIAN_POINT('',(34.0436969774915,-7.6836093467027,9.09000025272369));
#6574=CARTESIAN_POINT('Origin',(20.8437269581447,-21.0705066319364,776.02483207868));
#6575=CARTESIAN_POINT('Origin',(40.9686969774915,-0.871268993639569,9.09000025272369));
#6576=CARTESIAN_POINT('Origin',(20.8437269581447,-21.0705066319364,9.09000025272369));
#6577=CARTESIAN_POINT('',(33.2937525148241,10.5121725634008,9.09000025272369));
#6578=CARTESIAN_POINT('Origin',(40.9686969774916,10.4829750469017,9.09000025272369));
#6579=CARTESIAN_POINT('',(33.2087594207133,10.3040939407357,9.09000025272369));
#6580=CARTESIAN_POINT('Origin',(32.9937546856644,10.513313834404,9.09000025272369));
#6581=CARTESIAN_POINT('',(33.2087594207133,10.3040939407357,9.09000025272369));
#6582=CARTESIAN_POINT('Origin',(40.9686969774915,-0.871268993639569,9.09000025272369));
#6583=CARTESIAN_POINT('',(34.2580812119968,-13.8167076305745,9.09000025272369));
#6584=CARTESIAN_POINT('Origin',(20.8437269581447,-21.0705066319364,9.09000025272369));
#6585=CARTESIAN_POINT('',(38.8396125838871,-17.465804489056,9.09000025272369));
#6586=CARTESIAN_POINT('Origin',(40.9686969774916,-10.0920249530983,9.09000025272369));
#6587=CARTESIAN_POINT('',(38.8396125838871,-8.68662357234746,9.09000025272369));
#6588=CARTESIAN_POINT('Origin',(38.8187274369623,-16.5019781510553,10.2865095186995));
#6589=CARTESIAN_POINT('Origin',(40.9686969774916,-10.0920249530983,-112.885162965522));
#6590=CARTESIAN_POINT('Origin',(43.1186665180208,-17.7920249530983,10.2865095186995));
#6591=CARTESIAN_POINT('',(43.097781371096,-17.465804489056,9.09000025272369));
#6592=CARTESIAN_POINT('',(43.097781371096,-9.33164697336892,9.09000025272369));
#6593=CARTESIAN_POINT('Origin',(40.9686969774916,-10.0920249530983,-112.885162965522));
#6594=CARTESIAN_POINT('Origin',(46.532507029717,-10.1454999554989,12.2867424587145));
#6595=CARTESIAN_POINT('',(51.1457606380507,-11.4393852647783,9.09000025272369));
#6596=CARTESIAN_POINT('',(51.1537131429296,-11.4325103577244,9.58836047260351));
#6597=CARTESIAN_POINT('',(42.763233502052,-9.19329388815549,9.09000025272369));
#6598=CARTESIAN_POINT('Origin',(40.9686969774915,-0.871268993639569,9.09000025272369));
#6599=CARTESIAN_POINT('',(57.2893772379866,-6.1282545276488,9.09000025272369));
#6600=CARTESIAN_POINT('',(45.9880870551819,-15.898172406271,9.09000025272369));
#6601=CARTESIAN_POINT('',(51.6760179395442,-0.514895229206343,9.09000025272369));
#6602=CARTESIAN_POINT('Origin',(56.8212909809044,-5.72056938546561,11.5368566873472));
#6603=CARTESIAN_POINT('',(57.2846797135579,-6.13231551777997,9.44480873174841));
#6604=CARTESIAN_POINT('Origin',(40.9686969774915,-0.871268993639569,9.09000025272369));
#6605=CARTESIAN_POINT('',(45.9880870551819,-15.898172406271,9.09000025272369));
#6606=CARTESIAN_POINT('',(48.7093055541306,-13.545690447621,9.09000025272369));
#6607=CARTESIAN_POINT('',(45.9880870551819,-15.898172406271,9.09000025272369));
#6608=CARTESIAN_POINT('',(42.8350886524421,-11.9716987726484,9.09000025272369));
#6609=CARTESIAN_POINT('Origin',(40.9686969774916,-10.0920249530983,9.09000025272369));
#6610=CARTESIAN_POINT('Origin',(47.3371213040175,-13.235782516383,12.2867424587145));
#6611=CARTESIAN_POINT('',(48.6990157378091,-13.5545859505964,9.7348329441308));
#6612=CARTESIAN_POINT('Origin',(57.6681000735084,-2.64047762016064,11.5368566873472));
#6613=CARTESIAN_POINT('',(59.1631995801099,-4.19597824166123,9.09000025272369));
#6614=CARTESIAN_POINT('Origin',(52.8686969774916,0.195475046901716,-68.0027565164381));
#6615=CARTESIAN_POINT('',(53.0207465854244,1.9464747530243,9.09000025272369));
#6616=CARTESIAN_POINT('Origin',(40.9686969774915,-0.871268993639569,9.09000025272369));
#6617=CARTESIAN_POINT('',(60.2072344111451,-2.05207769660976,9.09000025272369));
#6618=CARTESIAN_POINT('Origin',(52.8686969774916,0.195475046901716,9.09000025272369));
#6619=CARTESIAN_POINT('Ctrl Pts',(60.2072321260229,-2.05207786073297,9.09004456027078));
#6620=CARTESIAN_POINT('Ctrl Pts',(60.0759540073318,-1.4545790786162,9.09004440722308));
#6621=CARTESIAN_POINT('Ctrl Pts',(59.9359438109828,-0.857748995007008,9.09001155342399));
#6622=CARTESIAN_POINT('Ctrl Pts',(59.787444962923,-0.262345237288384,9.08998059866704));
#6623=CARTESIAN_POINT('Ctrl Pts',(59.7724571548729,-0.202251860473715,9.08997747444108));
#6624=CARTESIAN_POINT('Ctrl Pts',(59.7573829121288,-0.142173029069009,9.08997435242881));
#6625=CARTESIAN_POINT('Ctrl Pts',(59.7422225105693,-0.0821095256772349,
9.08997125537017));
#6626=CARTESIAN_POINT('Ctrl Pts',(59.1338761655056,6.49053255910801,7.99576163587374));
#6627=CARTESIAN_POINT('Ctrl Pts',(59.9551607765339,3.63569778337114,8.15631303275429));
#6628=CARTESIAN_POINT('Ctrl Pts',(60.6427841150262,0.79928019507666,8.24690956110509));
#6629=CARTESIAN_POINT('Ctrl Pts',(61.2398749287344,-1.91332172627747,8.24108388239023));
#6630=CARTESIAN_POINT('Ctrl Pts',(58.7757273571941,6.33303851263635,8.36981198446457));
#6631=CARTESIAN_POINT('Ctrl Pts',(59.5712433981886,3.51870234005846,8.52977254687605));
#6632=CARTESIAN_POINT('Ctrl Pts',(60.2439057170908,0.72104174845296,8.62173653324381));
#6633=CARTESIAN_POINT('Ctrl Pts',(60.8323955976994,-1.9653529007939,8.62209042375379));
#6634=CARTESIAN_POINT('Ctrl Pts',(58.3691385386723,6.16837867177222,8.73445011980618));
#6635=CARTESIAN_POINT('Ctrl Pts',(59.1356708638901,3.39314462595949,8.89428324638716));
#6636=CARTESIAN_POINT('Ctrl Pts',(59.7903962354541,0.633276700713528,8.98730738972665));
#6637=CARTESIAN_POINT('Ctrl Pts',(60.3689179434109,-2.02820911169073,8.99261175001089));
#6638=CARTESIAN_POINT('Ctrl Pts',(57.8985855726137,5.99252996475424,9.09000025272728));
#6639=CARTESIAN_POINT('Ctrl Pts',(58.6312734934235,3.25524559287944,9.24992959967878));
#6640=CARTESIAN_POINT('Ctrl Pts',(59.2637177988022,0.532140384135158,9.34346440840467));
#6641=CARTESIAN_POINT('Ctrl Pts',(59.8298811653114,-2.10565404609049,9.35243281788924));
#6642=CARTESIAN_POINT('',(57.8985855726187,5.99252996475525,9.09000025272369));
#6643=CARTESIAN_POINT('Ctrl Pts',(57.8985855726187,5.99252996475526,9.09000025272368));
#6644=CARTESIAN_POINT('Ctrl Pts',(58.2128439263816,5.7198596982295,8.94499221642926));
#6645=CARTESIAN_POINT('Ctrl Pts',(58.4659961162553,5.4552191490778,8.8276352705649));
#6646=CARTESIAN_POINT('Ctrl Pts',(59.1494611560544,4.66878055763219,8.51661750726973));
#6647=CARTESIAN_POINT('Ctrl Pts',(59.5624453080208,4.02883443714696,8.33917699389942));
#6648=CARTESIAN_POINT('Ctrl Pts',(59.9855106409266,3.0812098171921,8.21818089550639));
#6649=CARTESIAN_POINT('Ctrl Pts',(60.0815650838869,2.83212713907231,8.19774353052081));
#6650=CARTESIAN_POINT('Ctrl Pts',(60.2204899703866,2.40659810695822,8.18286006851947));
#6651=CARTESIAN_POINT('Ctrl Pts',(60.2702257389884,2.23393370240241,8.18209129958314));
#6652=CARTESIAN_POINT('Ctrl Pts',(60.357526589902,1.88525022323482,8.19107784600839));
#6653=CARTESIAN_POINT('Ctrl Pts',(60.3949408380861,1.70986005064607,8.20081170843466));
#6654=CARTESIAN_POINT('Ctrl Pts',(60.4727254608731,1.2705095075242,8.23777028333949));
#6655=CARTESIAN_POINT('Ctrl Pts',(60.5052639692706,1.00688409621701,8.27112148038325));
#6656=CARTESIAN_POINT('Ctrl Pts',(60.5639404871541,0.186690407425203,8.40606756859493));
#6657=CARTESIAN_POINT('Ctrl Pts',(60.5424197193535,-0.363839191074158,8.54137607880772));
#6658=CARTESIAN_POINT('Ctrl Pts',(60.4078105805311,-1.29743931395765,8.82152954746102));
#6659=CARTESIAN_POINT('Ctrl Pts',(60.3200713353,-1.68365119618637,8.95375325894592));
#6660=CARTESIAN_POINT('Ctrl Pts',(60.2072344111451,-2.05207769660977,9.09000025272369));
#6661=CARTESIAN_POINT('Ctrl Pts',(58.5469302784956,4.07870420234705,9.09000025272369));
#6662=CARTESIAN_POINT('Ctrl Pts',(58.4955824472592,4.23798705299714,9.09000025272369));
#6663=CARTESIAN_POINT('Ctrl Pts',(58.4436463125586,4.39708249577858,9.0900002527259));
#6664=CARTESIAN_POINT('Ctrl Pts',(58.2499878584949,4.98300154409779,9.0900002527259));
#6665=CARTESIAN_POINT('Ctrl Pts',(58.1046402318703,5.40859263890717,9.0900002527237));
#6666=CARTESIAN_POINT('Ctrl Pts',(57.9363456281233,5.88603399732609,9.0900002527237));
#6667=CARTESIAN_POINT('Ctrl Pts',(57.9174982824844,5.93929367352204,9.09000025272369));
#6668=CARTESIAN_POINT('Ctrl Pts',(57.8985855726187,5.99252996475525,9.09000025272369));
#6669=CARTESIAN_POINT('Origin',(40.9686969774916,0.195475046901716,7.34));
#6670=CARTESIAN_POINT('',(60.5073913428195,0.941111280669662,7.34));
#6671=CARTESIAN_POINT('',(47.0583194603456,0.941111280669662,7.34));
#6672=CARTESIAN_POINT('',(60.5073913428195,-0.550161186866228,7.34000000000002));
#6673=CARTESIAN_POINT('Origin',(52.8686969774916,0.195475046901716,7.34));
#6674=CARTESIAN_POINT('',(50.737830550699,-0.550161186866229,7.34));
#6675=CARTESIAN_POINT('Origin',(40.9686969774915,-0.871268993639569,9.09000025272369));
#6676=CARTESIAN_POINT('',(55.0566009913173,7.55201642354638,9.09000025272369));
#6677=CARTESIAN_POINT('',(54.997781371096,7.56413556648517,9.09000025272369));
#6678=CARTESIAN_POINT('Ctrl Pts',(55.0566009913173,7.55201642354638,9.09000025272375));
#6679=CARTESIAN_POINT('Ctrl Pts',(55.0373420676921,7.55774420704467,9.09000025272379));
#6680=CARTESIAN_POINT('Ctrl Pts',(55.0176640664861,7.56169193573173,9.08999983351125));
#6681=CARTESIAN_POINT('Ctrl Pts',(54.9977891952892,7.56393370301805,9.08999936438084));
#6682=CARTESIAN_POINT('',(54.997781371096,2.86707962560961,9.09000025272369));
#6683=CARTESIAN_POINT('Origin',(52.8686969774916,0.195475046901716,9.09000025272369));
#6684=CARTESIAN_POINT('Origin',(55.0186665180208,6.60542824485878,10.2865095186995));
#6685=CARTESIAN_POINT('Ctrl Pts',(54.997781371096,7.56413556649038,9.09000025272372));
#6686=CARTESIAN_POINT('Ctrl Pts',(54.9919631226135,7.56560475111954,8.75667302040409));
#6687=CARTESIAN_POINT('Ctrl Pts',(54.9861446848244,7.56706029760436,8.42333494271715));
#6688=CARTESIAN_POINT('Ctrl Pts',(54.9803263061732,7.56850218896966,8.0900002530331));
#6689=CARTESIAN_POINT('Origin',(50.7187274369623,7.89547504690172,10.2865095186995));
#6690=CARTESIAN_POINT('',(50.7396125838871,8.46310911807123,9.09000025272369));
#6691=CARTESIAN_POINT('',(50.7382386564349,8.46393652138116,9.16871250374734));
#6692=CARTESIAN_POINT('',(50.7396125838871,3.51210302663108,9.09000025272369));
#6693=CARTESIAN_POINT('Origin',(40.9686969774915,-0.871268993639569,9.09000025272369));
#6694=CARTESIAN_POINT('',(47.8422807710756,10.2079333647684,9.09000025272369));
#6695=CARTESIAN_POINT('',(52.1445541139613,7.61702858424162,9.09000025272369));
#6696=CARTESIAN_POINT('Origin',(40.9686969774916,10.4829750469017,9.09000025272369));
#6697=CARTESIAN_POINT('Origin',(40.9686969774916,10.4829750469017,10.2865094328819));
#6698=CARTESIAN_POINT('Ctrl Pts',(47.8252162456873,10.2182099225059,8.09000025272116));
#6699=CARTESIAN_POINT('Ctrl Pts',(47.8337376697758,10.213078170837,8.58917304016775));
#6700=CARTESIAN_POINT('Ctrl Pts',(47.8422807712246,10.2079333646798,9.09000025272024));
#6701=CARTESIAN_POINT('Origin',(40.9686969774916,10.4829750469017,10.2899999141693));
#6702=CARTESIAN_POINT('Origin',(52.8686969774916,0.195475046901716,8.14));
#6703=CARTESIAN_POINT('',(48.8686969774916,0.195475046901715,8.14));
#6704=CARTESIAN_POINT('Origin',(40.9686969774916,0.195475046901716,7.34));
#6705=CARTESIAN_POINT('',(43.7559396186151,9.05905324169777,7.34));
#6706=CARTESIAN_POINT('',(43.271153212307,7.50687355914573,7.34));
#6707=CARTESIAN_POINT('Origin',(40.9686969774916,10.4829750469017,8.14));
#6708=CARTESIAN_POINT('',(36.9686969774916,10.4829750469017,8.14));
#6709=CARTESIAN_POINT('Origin',(41.8721729948726,0.14236662994502,7.99003452022614));
#6710=CARTESIAN_POINT('',(40.7459167162822,0.14236662994502,7.89006878772858));
#6711=CARTESIAN_POINT('',(40.6432990214514,0.14236662994502,7.99003452022614));
#6712=CARTESIAN_POINT('Origin',(41.8721729948726,0.14236662994502,7.89006878772858));
#6713=CARTESIAN_POINT('Origin',(40.9686969774916,0.195475046901716,7.34));
#6714=CARTESIAN_POINT('',(32.0918318535139,3.79460019191952,7.34));
#6715=CARTESIAN_POINT('',(33.2896420833673,2.858826608924,7.34));
#6716=CARTESIAN_POINT('Origin',(29.0686969774915,0.195475046901712,8.14));
#6717=CARTESIAN_POINT('',(25.0686969774915,0.195475046901711,8.14));
#6718=CARTESIAN_POINT('Origin',(40.9686969774916,10.4829750469017,7.09));
#6719=CARTESIAN_POINT('',(33.2937525148241,10.5121725634008,8.09000025272369));
#6720=CARTESIAN_POINT('Origin',(32.9937546856644,10.513313834404,7.09));
#6721=CARTESIAN_POINT('',(33.2087594207133,10.3040939407357,7.09));
#6722=CARTESIAN_POINT('Origin',(33.0335764530199,10.1240672382382,7.09));
#6723=CARTESIAN_POINT('',(30.7893880896601,7.81782801784726,7.08999999999999));
#6724=CARTESIAN_POINT('Origin',(30.5743833546113,8.02704791151556,7.08999999999999));
#6725=CARTESIAN_POINT('',(30.5177431147197,7.73244328964921,7.08999999999999));
#6726=CARTESIAN_POINT('Origin',(29.0686969774915,0.195475046901712,7.08999999999999));
#6727=CARTESIAN_POINT('',(24.964445239161,6.68090045071376,8.09000025272369));
#6728=CARTESIAN_POINT('Origin',(20.9595788402301,10.1523619767449,7.09));
#6729=CARTESIAN_POINT('Origin',(21.4304298310767,0.945475046901712,7.08999999999999));
#6730=CARTESIAN_POINT('Origin',(28.7894520117834,-0.554524953098288,7.08999999999999));
#6731=CARTESIAN_POINT('',(30.9290819898007,-0.554524953098287,7.09));
#6732=CARTESIAN_POINT('Origin',(20.8437269581447,-21.0705066319364,7.09));
#6733=CARTESIAN_POINT('',(34.2580812119968,-13.8167076305745,7.09));
#6734=CARTESIAN_POINT('Origin',(20.8437269581447,-21.0705066319364,7.09));
#6735=CARTESIAN_POINT('',(34.2580812119968,-13.8167076305745,7.09));
#6736=CARTESIAN_POINT('Origin',(40.9686969774916,-10.0920249530983,7.08999999999999));
#6737=CARTESIAN_POINT('',(45.9880870551819,-15.898172406271,7.08999999999999));
#6738=CARTESIAN_POINT('Origin',(40.9686969774916,-10.0920249530983,7.08999999999999));
#6739=CARTESIAN_POINT('',(45.9880870551819,-15.898172406271,7.08999999999999));
#6740=CARTESIAN_POINT('Origin',(45.9880870551819,-15.898172406271,7.08999999999999));
#6741=CARTESIAN_POINT('',(57.8880870551818,-5.61067240627101,7.08999999999999));
#6742=CARTESIAN_POINT('',(57.8880870551818,-5.61067240627101,7.08999999999999));
#6743=CARTESIAN_POINT('',(57.8880870551818,-5.61067240627101,7.08999999999999));
#6744=CARTESIAN_POINT('Origin',(60.5069641239064,-0.554524953098283,7.08999999999999));
#6745=CARTESIAN_POINT('',(60.5069641239064,-0.554524953098283,7.08999999999999));
#6746=CARTESIAN_POINT('Origin',(52.8686969774916,0.195475046901716,50.0574712230649));
#6747=CARTESIAN_POINT('',(46.7878380458622,-0.554524953098283,7.09));
#6748=CARTESIAN_POINT('Origin',(53.1479419431997,0.945475046901716,7.08999999999999));
#6749=CARTESIAN_POINT('Origin',(52.8686969774916,0.195475046901716,50.0574712230678));
#6750=CARTESIAN_POINT('Origin',(52.8686969774916,0.195475046901716,7.08999999999999));
#6751=CARTESIAN_POINT('Origin',(52.8686969774916,0.195475046901716,7.08999999999999));
#6752=CARTESIAN_POINT('Origin',(52.8686969774916,0.195475046901716,-150.422261442686));
#6753=CARTESIAN_POINT('Ctrl Pts',(54.5806126014752,7.22429092250926,7.08978304955399));
#6754=CARTESIAN_POINT('Ctrl Pts',(54.5893655016036,7.22172328104723,7.75841717186304));
#6755=CARTESIAN_POINT('Ctrl Pts',(54.5981136055467,7.21913928974383,8.42668491353286));
#6756=CARTESIAN_POINT('Ctrl Pts',(54.6068568522574,7.216538966631,9.09458161117372));
#6757=CARTESIAN_POINT('Ctrl Pts',(54.58061571115,7.28616092204135,7.09002059764208));
#6758=CARTESIAN_POINT('Ctrl Pts',(54.5893684241064,7.28363487790014,7.75865597828078));
#6759=CARTESIAN_POINT('Ctrl Pts',(54.5981169523983,7.28109219544341,8.42692497027496));
#6760=CARTESIAN_POINT('Ctrl Pts',(54.6068600113345,7.2785334697029,9.09482293310148));
#6761=CARTESIAN_POINT('Ctrl Pts',(54.6142464079485,7.409496484871,7.09005397220941));
#6762=CARTESIAN_POINT('Ctrl Pts',(54.6230453490304,7.40705285734678,7.75869125120391));
#6763=CARTESIAN_POINT('Ctrl Pts',(54.6318392227948,7.40459088941024,8.42696214296165));
#6764=CARTESIAN_POINT('Ctrl Pts',(54.6406286103285,7.40211457695662,9.09486201641708));
#6765=CARTESIAN_POINT('Ctrl Pts',(54.7743938510337,7.56703655728729,7.08856250158294));
#6766=CARTESIAN_POINT('Ctrl Pts',(54.7833918234119,7.56462094618462,7.75720006744948));
#6767=CARTESIAN_POINT('Ctrl Pts',(54.7923855851778,7.56218888533207,8.42547126006287));
#6768=CARTESIAN_POINT('Ctrl Pts',(54.8013742788237,7.55974013568811,9.09337142414839));
#6769=CARTESIAN_POINT('Ctrl Pts',(54.9400579207044,7.58625985875608,7.08646766007834));
#6770=CARTESIAN_POINT('Ctrl Pts',(54.9492026404002,7.583700093644,7.7551031059024));
#6771=CARTESIAN_POINT('Ctrl Pts',(54.9583402134446,7.58111688604725,8.42337213974141));
#6772=CARTESIAN_POINT('Ctrl Pts',(54.9674753780078,7.57852321214593,9.09127016982837));
#6773=CARTESIAN_POINT('Ctrl Pts',(55.0291027490301,7.56013878004682,7.08520169110402));
#6774=CARTESIAN_POINT('Ctrl Pts',(55.0382738764684,7.55744845264463,7.75383581341307));
#6775=CARTESIAN_POINT('Ctrl Pts',(55.0474399785522,7.55474099417996,8.42210355508289));
#6776=CARTESIAN_POINT('Ctrl Pts',(55.0566009913173,7.55201642354638,9.09000025272375));
#6777=CARTESIAN_POINT('Origin',(52.5187269628407,0.195475046901716,-150.417680084236));
#6778=CARTESIAN_POINT('Origin',(54.4877372373027,8.35420774250668,-0.00496688435672561));
#6779=CARTESIAN_POINT('',(54.5001545915758,9.71760720943666,0.943594924181777));
#6780=CARTESIAN_POINT('Origin',(51.9087351429738,9.56889475368198,1.30635236902065));
#6781=CARTESIAN_POINT('',(52.4275290212398,10.3425362716249,-0.580807780719445));
#6782=CARTESIAN_POINT('Origin',(52.4199908509796,17.1410355162624,-0.00496688435672603));
#6783=CARTESIAN_POINT('',(52.3730073781109,7.28164160360064,3.58410104555743));
#6784=CARTESIAN_POINT('Origin',(52.02303736346,7.28164160360064,3.57951968710746));
#6785=CARTESIAN_POINT('',(52.2035995389624,7.58147038937317,3.57951968710746));
#6786=CARTESIAN_POINT('Origin',(52.1208267960113,7.63131759300656,7.08999999999999));
#6787=CARTESIAN_POINT('Origin',(40.9686969774916,10.4829750469017,7.09));
#6788=CARTESIAN_POINT('Origin',(28.7894520117834,0.945475046901712,7.08999999999999));
#6789=CARTESIAN_POINT('Origin',(40.9686969774916,11.4743811464582,7.09));
#6790=CARTESIAN_POINT('Origin',(40.9686969774916,9.49156894734519,7.09));
#6791=CARTESIAN_POINT('Origin',(30.215499658874,0.195475046901712,7.08999999999999));
#6792=CARTESIAN_POINT('Origin',(41.8721729948726,0.14236662994502,6.8847647152426));
#6793=CARTESIAN_POINT('',(40.7722415298775,0.14236662994502,6.8847647152426));
#6794=CARTESIAN_POINT('Origin',(40.9686969774916,-10.0920249530983,9.19));
#6795=CARTESIAN_POINT('',(37.8686969774916,-10.0920249530983,9.19));
#6796=CARTESIAN_POINT('Origin',(40.9686969774916,-10.0920249530983,9.19));
#6797=CARTESIAN_POINT('Origin',(40.9686969774916,-11.0834310526548,7.08999999999999));
#6798=CARTESIAN_POINT('',(38.2128575605106,-8.70101945583194,7.09));
#6799=CARTESIAN_POINT('',(38.181454336368,-8.66810314789435,7.33999999999999));
#6800=CARTESIAN_POINT('Origin',(33.0687119678181,-9.08126579251734,7.09));
#6801=CARTESIAN_POINT('',(45.2930431805667,-7.34505192961824,7.09));
#6802=CARTESIAN_POINT('Origin',(53.1479419431997,-0.554524953098284,7.08999999999999));
#6803=CARTESIAN_POINT('',(49.8455621014692,-3.40365009811608,7.33999999999999));
#6804=CARTESIAN_POINT('Origin',(40.9686969774916,0.195475046901716,7.34));
#6805=CARTESIAN_POINT('',(48.6477518716158,-2.46787651512057,7.33999999999999));
#6806=CARTESIAN_POINT('Origin',(51.721894296109,0.195475046901716,7.08999999999999));
#6807=CARTESIAN_POINT('Origin',(40.9686969774916,-9.10061885354176,7.08999999999999));
#6808=CARTESIAN_POINT('',(38.6662407426761,-7.11592346534231,7.33999999999999));
#6809=CARTESIAN_POINT('Origin',(40.9686969774916,0.195475046901716,7.34));
#6810=CARTESIAN_POINT('Origin',(40.9686969774916,-10.0920249530983,8.14));
#6811=CARTESIAN_POINT('',(36.9686969774916,-10.0920249530983,8.14));
#6812=UNCERTAINTY_MEASURE_WITH_UNIT(LENGTH_MEASURE(0.01),#6816,
'DISTANCE_ACCURACY_VALUE',
'Maximum model space distance between geometric entities at asserted c
onnectivities');
#6813=UNCERTAINTY_MEASURE_WITH_UNIT(LENGTH_MEASURE(0.01),#6816,
'DISTANCE_ACCURACY_VALUE',
'Maximum model space distance between geometric entities at asserted c
onnectivities');
#6814=(
GEOMETRIC_REPRESENTATION_CONTEXT(3)
GLOBAL_UNCERTAINTY_ASSIGNED_CONTEXT((#6812))
GLOBAL_UNIT_ASSIGNED_CONTEXT((#6816,#6818,#6819))
REPRESENTATION_CONTEXT('','3D')
);
#6815=(
GEOMETRIC_REPRESENTATION_CONTEXT(3)
GLOBAL_UNCERTAINTY_ASSIGNED_CONTEXT((#6813))
GLOBAL_UNIT_ASSIGNED_CONTEXT((#6816,#6818,#6819))
REPRESENTATION_CONTEXT('','3D')
);
#6816=(
LENGTH_UNIT()
NAMED_UNIT(*)
SI_UNIT(.MILLI.,.METRE.)
);
#6817=(
LENGTH_UNIT()
NAMED_UNIT(*)
SI_UNIT($,.METRE.)
);
#6818=(
NAMED_UNIT(*)
PLANE_ANGLE_UNIT()
SI_UNIT($,.RADIAN.)
);
#6819=(
NAMED_UNIT(*)
SI_UNIT($,.STERADIAN.)
SOLID_ANGLE_UNIT()
);
#6820=SHAPE_DEFINITION_REPRESENTATION(#6821,#6822);
#6821=PRODUCT_DEFINITION_SHAPE('',$,#6824);
#6822=SHAPE_REPRESENTATION('',(#3621),#6814);
#6823=PRODUCT_DEFINITION_CONTEXT('part definition',#6828,'design');
#6824=PRODUCT_DEFINITION('2026-09-22-00-48-45-105','Silicone SEWN',#6825,
#6823);
#6825=PRODUCT_DEFINITION_FORMATION('',$,#6830);
#6826=PRODUCT_RELATED_PRODUCT_CATEGORY('Silicone SEWN','Silicone SEWN',
(#6830));
#6827=APPLICATION_PROTOCOL_DEFINITION('international standard',
'automotive_design',2009,#6828);
#6828=APPLICATION_CONTEXT(
'Core Data for Automotive Mechanical Design Process');
#6829=PRODUCT_CONTEXT('part definition',#6828,'mechanical');
#6830=PRODUCT('2026-09-22-00-48-45-105','Silicone SEWN',$,(#6829));
#6831=PRESENTATION_STYLE_ASSIGNMENT((#6832));
#6832=SURFACE_STYLE_USAGE(.BOTH.,#6833);
#6833=SURFACE_SIDE_STYLE('',(#6834));
#6834=SURFACE_STYLE_FILL_AREA(#6835);
#6835=FILL_AREA_STYLE('Steel - Satin',(#6836));
#6836=FILL_AREA_STYLE_COLOUR('Steel - Satin',#6837);
#6837=COLOUR_RGB('Steel - Satin',0.627450980392157,0.627450980392157,0.627450980392157);
ENDSEC;
END-ISO-10303-21;
