ISO-10303-21;
HEADER;
/* Generated by software containing ST-Developer
 * from STEP Tools, Inc. (www.steptools.com) 
 */

FILE_DESCRIPTION(
/* description */ (''),
/* implementation_level */ '2;1');

FILE_NAME(
/* name */ 'ScrewPlateOctagon.step',
/* time_stamp */ '2025-09-28T19:27:33-07:00',
/* author */ (''),
/* organization */ (''),
/* preprocessor_version */ 'ST-DEVELOPER v20.1',
/* originating_system */ 'Autodesk Translation Framework v14.17.0.0',
/* authorisation */ '');

FILE_SCHEMA (('AUTOMOTIVE_DESIGN { 1 0 10303 214 3 1 1 }'));
ENDSEC;

DATA;
#10=MECHANICAL_DESIGN_GEOMETRIC_PRESENTATION_REPRESENTATION('',(#13),#4102);
#11=SHAPE_REPRESENTATION_RELATIONSHIP('SRR','None',#4109,#12);
#12=ADVANCED_BREP_SHAPE_REPRESENTATION('',(#14),#4101);
#13=STYLED_ITEM('',(#4119),#14);
#14=MANIFOLD_SOLID_BREP('Body1',#2092);
#15=CYLINDRICAL_SURFACE('',#2175,0.5);
#16=CYLINDRICAL_SURFACE('',#2180,0.5);
#17=CYLINDRICAL_SURFACE('',#2185,0.5);
#18=CYLINDRICAL_SURFACE('',#2190,0.5);
#19=CYLINDRICAL_SURFACE('',#2195,0.5);
#20=CYLINDRICAL_SURFACE('',#2200,0.5);
#21=CYLINDRICAL_SURFACE('',#2205,0.5);
#22=CYLINDRICAL_SURFACE('',#2210,0.5);
#23=CYLINDRICAL_SURFACE('',#2212,0.35);
#24=CYLINDRICAL_SURFACE('',#2214,0.35);
#25=CYLINDRICAL_SURFACE('',#2216,0.35);
#26=CYLINDRICAL_SURFACE('',#2218,0.35);
#27=CYLINDRICAL_SURFACE('',#2222,0.35);
#28=CYLINDRICAL_SURFACE('',#2224,0.35);
#29=CYLINDRICAL_SURFACE('',#2226,0.35);
#30=CYLINDRICAL_SURFACE('',#2228,0.35);
#31=CYLINDRICAL_SURFACE('',#2229,0.2);
#32=CYLINDRICAL_SURFACE('',#2231,0.2);
#33=CYLINDRICAL_SURFACE('',#2236,0.2);
#34=CYLINDRICAL_SURFACE('',#2242,0.2);
#35=CYLINDRICAL_SURFACE('',#2244,0.2);
#36=CYLINDRICAL_SURFACE('',#2249,0.2);
#37=CYLINDRICAL_SURFACE('',#2255,0.2);
#38=CYLINDRICAL_SURFACE('',#2257,0.2);
#39=CYLINDRICAL_SURFACE('',#2262,0.2);
#40=CYLINDRICAL_SURFACE('',#2280,0.2);
#41=CYLINDRICAL_SURFACE('',#2281,0.2);
#42=CYLINDRICAL_SURFACE('',#2282,0.2);
#43=CYLINDRICAL_SURFACE('',#2283,0.2);
#44=CYLINDRICAL_SURFACE('',#2284,0.2);
#45=CYLINDRICAL_SURFACE('',#2285,0.2);
#46=CYLINDRICAL_SURFACE('',#2378,1.05);
#47=CYLINDRICAL_SURFACE('',#2384,1.05);
#48=ELLIPSE('',#2172,0.885027228048205,0.85);
#49=ELLIPSE('',#2174,0.428104186369034,0.35);
#50=ELLIPSE('',#2178,0.428104186369036,0.349999999999997);
#51=ELLIPSE('',#2179,0.885027228048206,0.85);
#52=ELLIPSE('',#2183,0.428104186369033,0.350000000000001);
#53=ELLIPSE('',#2184,0.885027228048206,0.85);
#54=ELLIPSE('',#2188,0.428104186369031,0.350000000000001);
#55=ELLIPSE('',#2189,0.885027228048206,0.85);
#56=ELLIPSE('',#2193,0.428104186369031,0.35);
#57=ELLIPSE('',#2194,0.885027228048206,0.85);
#58=ELLIPSE('',#2198,0.428104186369031,0.35);
#59=ELLIPSE('',#2199,0.885027228048206,0.85);
#60=ELLIPSE('',#2203,0.428104186369033,0.350000000000001);
#61=ELLIPSE('',#2204,0.885027228048206,0.85);
#62=ELLIPSE('',#2208,0.428104186369026,0.349999999999994);
#63=ELLIPSE('',#2209,0.885027228048205,0.85);
#64=ELLIPSE('',#2302,79.6114964142575,13.7564882179013);
#65=ELLIPSE('',#2304,79.6114964142571,13.7564882179013);
#66=ELLIPSE('',#2310,79.6114964142547,13.7564882179013);
#67=ELLIPSE('',#2312,79.6114964142584,13.7564882179013);
#68=ELLIPSE('',#2320,79.611496414257,13.7564882179013);
#69=ELLIPSE('',#2322,79.6114964142575,13.7564882179013);
#70=ELLIPSE('',#2328,79.6114964142576,13.7564882179013);
#71=ELLIPSE('',#2330,79.6114964142575,13.7564882179013);
#72=ELLIPSE('',#2338,79.6114964142574,13.7564882179013);
#73=ELLIPSE('',#2340,79.6114964142579,13.7564882179013);
#74=ELLIPSE('',#2346,79.6114964142581,13.7564882179013);
#75=ELLIPSE('',#2348,79.6114964142595,13.7564882179013);
#76=ELLIPSE('',#2357,79.6114964142551,13.7564882179013);
#77=ELLIPSE('',#2359,79.6114964142569,13.7564882179013);
#78=ELLIPSE('',#2365,79.6114964142554,13.7564882179013);
#79=ELLIPSE('',#2367,79.6114964142571,13.7564882179013);
#80=B_SPLINE_SURFACE_WITH_KNOTS('',3,3,((#3330,#3331,#3332,#3333),(#3334,
#3335,#3336,#3337),(#3338,#3339,#3340,#3341),(#3342,#3343,#3344,#3345),
(#3346,#3347,#3348,#3349)),.UNSPECIFIED.,.F.,.F.,.F.,(4,1,4),(4,4),(0.,
0.5,1.),(-0.378625651448377,0.378625651448382),.UNSPECIFIED.);
#81=B_SPLINE_SURFACE_WITH_KNOTS('',3,3,((#3364,#3365,#3366,#3367),(#3368,
#3369,#3370,#3371),(#3372,#3373,#3374,#3375),(#3376,#3377,#3378,#3379),
(#3380,#3381,#3382,#3383)),.UNSPECIFIED.,.F.,.F.,.F.,(4,1,4),(4,4),(0.,
0.5,1.),(-0.378625651448377,0.378625651448362),.UNSPECIFIED.);
#82=B_SPLINE_SURFACE_WITH_KNOTS('',3,3,((#3395,#3396,#3397,#3398),(#3399,
#3400,#3401,#3402),(#3403,#3404,#3405,#3406),(#3407,#3408,#3409,#3410),
(#3411,#3412,#3413,#3414)),.UNSPECIFIED.,.F.,.F.,.F.,(4,1,4),(4,4),(0.,
0.5,1.),(-0.37862565144837,0.378625651448365),.UNSPECIFIED.);
#83=B_SPLINE_SURFACE_WITH_KNOTS('',3,3,((#3426,#3427,#3428,#3429),(#3430,
#3431,#3432,#3433),(#3434,#3435,#3436,#3437),(#3438,#3439,#3440,#3441),
(#3442,#3443,#3444,#3445)),.UNSPECIFIED.,.F.,.F.,.F.,(4,1,4),(4,4),(0.,
0.5,1.),(-0.378625651448368,0.378625651448373),.UNSPECIFIED.);
#84=B_SPLINE_SURFACE_WITH_KNOTS('',3,3,((#3457,#3458,#3459,#3460),(#3461,
#3462,#3463,#3464),(#3465,#3466,#3467,#3468),(#3469,#3470,#3471,#3472),
(#3473,#3474,#3475,#3476)),.UNSPECIFIED.,.F.,.F.,.F.,(4,1,4),(4,4),(0.,
0.5,1.),(-0.378625651448373,0.378625651448374),.UNSPECIFIED.);
#85=B_SPLINE_SURFACE_WITH_KNOTS('',3,3,((#3488,#3489,#3490,#3491),(#3492,
#3493,#3494,#3495),(#3496,#3497,#3498,#3499),(#3500,#3501,#3502,#3503),
(#3504,#3505,#3506,#3507)),.UNSPECIFIED.,.F.,.F.,.F.,(4,1,4),(4,4),(0.,
0.5,1.),(-0.378625651448371,0.378625651448379),.UNSPECIFIED.);
#86=B_SPLINE_SURFACE_WITH_KNOTS('',3,3,((#3519,#3520,#3521,#3522),(#3523,
#3524,#3525,#3526),(#3527,#3528,#3529,#3530),(#3531,#3532,#3533,#3534),
(#3535,#3536,#3537,#3538)),.UNSPECIFIED.,.F.,.F.,.F.,(4,1,4),(4,4),(0.,
0.5,1.),(-0.378625651448363,0.378625651448376),.UNSPECIFIED.);
#87=B_SPLINE_SURFACE_WITH_KNOTS('',3,3,((#3550,#3551,#3552,#3553),(#3554,
#3555,#3556,#3557),(#3558,#3559,#3560,#3561),(#3562,#3563,#3564,#3565),
(#3566,#3567,#3568,#3569)),.UNSPECIFIED.,.F.,.F.,.F.,(4,1,4),(4,4),(0.,
0.5,1.),(-0.378625651448376,0.37862565144838),.UNSPECIFIED.);
#88=FACE_BOUND('',#530,.T.);
#89=FACE_BOUND('',#535,.T.);
#90=FACE_BOUND('',#561,.T.);
#91=FACE_BOUND('',#631,.T.);
#92=FACE_BOUND('',#641,.T.);
#93=FACE_BOUND('',#642,.T.);
#94=CONICAL_SURFACE('',#2156,1.99996192378908,0.0174532925199433);
#95=CONICAL_SURFACE('',#2163,15.3958951405483,0.612062831520398);
#96=CONICAL_SURFACE('',#2165,14.3001827518943,0.0349065850398866);
#97=CONICAL_SURFACE('',#2270,10.75,0.0349065850398866);
#98=CONICAL_SURFACE('',#2377,13.875,0.0174532925199433);
#99=CONICAL_SURFACE('',#2379,13.875,0.0174532925199433);
#100=CONICAL_SURFACE('',#2381,2.25,0.0174532925199433);
#101=CONICAL_SURFACE('',#2383,2.25,0.0174532925199433);
#102=SPHERICAL_SURFACE('',#2111,13.9789360318643);
#103=SPHERICAL_SURFACE('',#2234,0.2);
#104=SPHERICAL_SURFACE('',#2238,0.2);
#105=SPHERICAL_SURFACE('',#2247,0.2);
#106=SPHERICAL_SURFACE('',#2251,0.2);
#107=SPHERICAL_SURFACE('',#2260,0.2);
#108=SPHERICAL_SURFACE('',#2264,0.2);
#109=SPHERICAL_SURFACE('',#2298,15.2289360318643);
#110=(
BOUNDED_CURVE()
B_SPLINE_CURVE(2,(#3092,#3093,#3094),.UNSPECIFIED.,.F.,.F.)
B_SPLINE_CURVE_WITH_KNOTS((3,3),(231.509821524174,231.621566527298),
 .UNSPECIFIED.)
CURVE()
GEOMETRIC_REPRESENTATION_ITEM()
RATIONAL_B_SPLINE_CURVE((1.,1.,1.))
REPRESENTATION_ITEM('')
);
#111=(
BOUNDED_CURVE()
B_SPLINE_CURVE(2,(#3098,#3099,#3100),.UNSPECIFIED.,.F.,.F.)
B_SPLINE_CURVE_WITH_KNOTS((3,3),(0.,0.126050606385696),.UNSPECIFIED.)
CURVE()
GEOMETRIC_REPRESENTATION_ITEM()
RATIONAL_B_SPLINE_CURVE((1.,1.00000392201091,1.00000604788916))
REPRESENTATION_ITEM('')
);
#112=(
BOUNDED_CURVE()
B_SPLINE_CURVE(2,(#3102,#3103,#3104),.UNSPECIFIED.,.F.,.F.)
B_SPLINE_CURVE_WITH_KNOTS((3,3),(0.,0.368196200937808),.UNSPECIFIED.)
CURVE()
GEOMETRIC_REPRESENTATION_ITEM()
RATIONAL_B_SPLINE_CURVE((1.,1.00239673427543,1.))
REPRESENTATION_ITEM('')
);
#113=(
BOUNDED_CURVE()
B_SPLINE_CURVE(2,(#3306,#3307,#3308),.UNSPECIFIED.,.F.,.F.)
B_SPLINE_CURVE_WITH_KNOTS((3,3),(0.,0.368196200937809),.UNSPECIFIED.)
CURVE()
GEOMETRIC_REPRESENTATION_ITEM()
RATIONAL_B_SPLINE_CURVE((1.,1.0023967342631,1.))
REPRESENTATION_ITEM('')
);
#114=(
BOUNDED_CURVE()
B_SPLINE_CURVE(2,(#3312,#3313,#3314),.UNSPECIFIED.,.F.,.F.)
B_SPLINE_CURVE_WITH_KNOTS((3,3),(0.,0.126050606861769),.UNSPECIFIED.)
CURVE()
GEOMETRIC_REPRESENTATION_ITEM()
RATIONAL_B_SPLINE_CURVE((1.,1.00000392201548,1.0000060478962))
REPRESENTATION_ITEM('')
);
#115=(
BOUNDED_CURVE()
B_SPLINE_CURVE(2,(#3322,#3323,#3324),.UNSPECIFIED.,.F.,.F.)
B_SPLINE_CURVE_WITH_KNOTS((3,3),(65.3583735308072,65.4701185339311),
 .UNSPECIFIED.)
CURVE()
GEOMETRIC_REPRESENTATION_ITEM()
RATIONAL_B_SPLINE_CURVE((1.,1.,1.))
REPRESENTATION_ITEM('')
);
#116=(
BOUNDED_CURVE()
B_SPLINE_CURVE(2,(#4082,#4083,#4084),.UNSPECIFIED.,.F.,.F.)
B_SPLINE_CURVE_WITH_KNOTS((3,3),(65.3953242753349,65.5072456085856),
 .UNSPECIFIED.)
CURVE()
GEOMETRIC_REPRESENTATION_ITEM()
RATIONAL_B_SPLINE_CURVE((1.,1.,1.))
REPRESENTATION_ITEM('')
);
#117=(
BOUNDED_CURVE()
B_SPLINE_CURVE(2,(#4088,#4089,#4090),.UNSPECIFIED.,.F.,.F.)
B_SPLINE_CURVE_WITH_KNOTS((3,3),(65.3953242753761,65.507245608627),
 .UNSPECIFIED.)
CURVE()
GEOMETRIC_REPRESENTATION_ITEM()
RATIONAL_B_SPLINE_CURVE((1.,1.,1.))
REPRESENTATION_ITEM('')
);
#118=LINE('',#3090,#231);
#119=LINE('',#3096,#232);
#120=LINE('',#3106,#233);
#121=LINE('',#3108,#234);
#122=LINE('',#3109,#235);
#123=LINE('',#3298,#236);
#124=LINE('',#3317,#237);
#125=LINE('',#3318,#238);
#126=LINE('',#3320,#239);
#127=LINE('',#3325,#240);
#128=LINE('',#3362,#241);
#129=LINE('',#3363,#242);
#130=LINE('',#3393,#243);
#131=LINE('',#3394,#244);
#132=LINE('',#3424,#245);
#133=LINE('',#3425,#246);
#134=LINE('',#3455,#247);
#135=LINE('',#3456,#248);
#136=LINE('',#3486,#249);
#137=LINE('',#3487,#250);
#138=LINE('',#3517,#251);
#139=LINE('',#3518,#252);
#140=LINE('',#3548,#253);
#141=LINE('',#3549,#254);
#142=LINE('',#3576,#255);
#143=LINE('',#3577,#256);
#144=LINE('',#3579,#257);
#145=LINE('',#3580,#258);
#146=LINE('',#3582,#259);
#147=LINE('',#3584,#260);
#148=LINE('',#3586,#261);
#149=LINE('',#3588,#262);
#150=LINE('',#3590,#263);
#151=LINE('',#3592,#264);
#152=LINE('',#3594,#265);
#153=LINE('',#3599,#266);
#154=LINE('',#3601,#267);
#155=LINE('',#3603,#268);
#156=LINE('',#3605,#269);
#157=LINE('',#3607,#270);
#158=LINE('',#3609,#271);
#159=LINE('',#3611,#272);
#160=LINE('',#3623,#273);
#161=LINE('',#3627,#274);
#162=LINE('',#3640,#275);
#163=LINE('',#3643,#276);
#164=LINE('',#3657,#277);
#165=LINE('',#3661,#278);
#166=LINE('',#3682,#279);
#167=LINE('',#3686,#280);
#168=LINE('',#3699,#281);
#169=LINE('',#3702,#282);
#170=LINE('',#3716,#283);
#171=LINE('',#3720,#284);
#172=LINE('',#3739,#285);
#173=LINE('',#3743,#286);
#174=LINE('',#3756,#287);
#175=LINE('',#3759,#288);
#176=LINE('',#3773,#289);
#177=LINE('',#3777,#290);
#178=LINE('',#3790,#291);
#179=LINE('',#3798,#292);
#180=LINE('',#3803,#293);
#181=LINE('',#3807,#294);
#182=LINE('',#3811,#295);
#183=LINE('',#3827,#296);
#184=LINE('',#3842,#297);
#185=LINE('',#3845,#298);
#186=LINE('',#3861,#299);
#187=LINE('',#3876,#300);
#188=LINE('',#3879,#301);
#189=LINE('',#3895,#302);
#190=LINE('',#3910,#303);
#191=LINE('',#3931,#304);
#192=LINE('',#3932,#305);
#193=LINE('',#3937,#306);
#194=LINE('',#3938,#307);
#195=LINE('',#3944,#308);
#196=LINE('',#3948,#309);
#197=LINE('',#3953,#310);
#198=LINE('',#3954,#311);
#199=LINE('',#3961,#312);
#200=LINE('',#3967,#313);
#201=LINE('',#3968,#314);
#202=LINE('',#3973,#315);
#203=LINE('',#3974,#316);
#204=LINE('',#3980,#317);
#205=LINE('',#3984,#318);
#206=LINE('',#3989,#319);
#207=LINE('',#3990,#320);
#208=LINE('',#3996,#321);
#209=LINE('',#4002,#322);
#210=LINE('',#4007,#323);
#211=LINE('',#4008,#324);
#212=LINE('',#4014,#325);
#213=LINE('',#4018,#326);
#214=LINE('',#4023,#327);
#215=LINE('',#4024,#328);
#216=LINE('',#4031,#329);
#217=LINE('',#4035,#330);
#218=LINE('',#4038,#331);
#219=LINE('',#4044,#332);
#220=LINE('',#4049,#333);
#221=LINE('',#4050,#334);
#222=LINE('',#4056,#335);
#223=LINE('',#4060,#336);
#224=LINE('',#4064,#337);
#225=LINE('',#4073,#338);
#226=LINE('',#4077,#339);
#227=LINE('',#4086,#340);
#228=LINE('',#4092,#341);
#229=LINE('',#4094,#342);
#230=LINE('',#4098,#343);
#231=VECTOR('',#2397,10.);
#232=VECTOR('',#2398,10.);
#233=VECTOR('',#2399,10.);
#234=VECTOR('',#2400,10.);
#235=VECTOR('',#2401,10.);
#236=VECTOR('',#2500,10.);
#237=VECTOR('',#2517,10.);
#238=VECTOR('',#2518,10.);
#239=VECTOR('',#2519,10.);
#240=VECTOR('',#2520,10.);
#241=VECTOR('',#2539,10.);
#242=VECTOR('',#2540,10.);
#243=VECTOR('',#2551,10.);
#244=VECTOR('',#2552,10.);
#245=VECTOR('',#2563,10.);
#246=VECTOR('',#2564,10.);
#247=VECTOR('',#2575,10.);
#248=VECTOR('',#2576,10.);
#249=VECTOR('',#2587,10.);
#250=VECTOR('',#2588,10.);
#251=VECTOR('',#2599,10.);
#252=VECTOR('',#2600,10.);
#253=VECTOR('',#2611,10.);
#254=VECTOR('',#2612,10.);
#255=VECTOR('',#2621,10.);
#256=VECTOR('',#2622,10.);
#257=VECTOR('',#2625,10.);
#258=VECTOR('',#2626,10.);
#259=VECTOR('',#2629,10.);
#260=VECTOR('',#2632,10.);
#261=VECTOR('',#2635,10.);
#262=VECTOR('',#2638,10.);
#263=VECTOR('',#2641,10.);
#264=VECTOR('',#2644,10.);
#265=VECTOR('',#2647,10.);
#266=VECTOR('',#2654,10.);
#267=VECTOR('',#2657,10.);
#268=VECTOR('',#2660,10.);
#269=VECTOR('',#2663,10.);
#270=VECTOR('',#2666,10.);
#271=VECTOR('',#2669,10.);
#272=VECTOR('',#2672,10.);
#273=VECTOR('',#2677,10.);
#274=VECTOR('',#2680,10.);
#275=VECTOR('',#2685,10.);
#276=VECTOR('',#2688,10.);
#277=VECTOR('',#2695,10.);
#278=VECTOR('',#2698,10.);
#279=VECTOR('',#2709,10.);
#280=VECTOR('',#2712,10.);
#281=VECTOR('',#2717,10.);
#282=VECTOR('',#2720,10.);
#283=VECTOR('',#2727,10.);
#284=VECTOR('',#2730,10.);
#285=VECTOR('',#2741,10.);
#286=VECTOR('',#2744,10.);
#287=VECTOR('',#2749,10.);
#288=VECTOR('',#2752,10.);
#289=VECTOR('',#2759,10.);
#290=VECTOR('',#2762,10.);
#291=VECTOR('',#2773,10.);
#292=VECTOR('',#2784,10.75);
#293=VECTOR('',#2791,10.);
#294=VECTOR('',#2796,10.);
#295=VECTOR('',#2801,10.);
#296=VECTOR('',#2804,10.);
#297=VECTOR('',#2805,10.);
#298=VECTOR('',#2808,10.);
#299=VECTOR('',#2811,10.);
#300=VECTOR('',#2812,10.);
#301=VECTOR('',#2815,10.);
#302=VECTOR('',#2818,10.);
#303=VECTOR('',#2819,10.);
#304=VECTOR('',#2854,10.);
#305=VECTOR('',#2855,10.);
#306=VECTOR('',#2860,10.);
#307=VECTOR('',#2861,10.);
#308=VECTOR('',#2870,10.);
#309=VECTOR('',#2875,10.);
#310=VECTOR('',#2880,10.);
#311=VECTOR('',#2881,10.);
#312=VECTOR('',#2892,10.);
#313=VECTOR('',#2899,10.);
#314=VECTOR('',#2900,10.);
#315=VECTOR('',#2905,10.);
#316=VECTOR('',#2906,10.);
#317=VECTOR('',#2915,10.);
#318=VECTOR('',#2920,10.);
#319=VECTOR('',#2925,10.);
#320=VECTOR('',#2926,10.);
#321=VECTOR('',#2935,10.);
#322=VECTOR('',#2944,10.);
#323=VECTOR('',#2949,10.);
#324=VECTOR('',#2950,10.);
#325=VECTOR('',#2959,10.);
#326=VECTOR('',#2964,10.);
#327=VECTOR('',#2969,10.);
#328=VECTOR('',#2970,10.);
#329=VECTOR('',#2979,10.);
#330=VECTOR('',#2982,10.);
#331=VECTOR('',#2985,10.);
#332=VECTOR('',#2992,10.);
#333=VECTOR('',#2997,10.);
#334=VECTOR('',#2998,10.);
#335=VECTOR('',#3007,10.);
#336=VECTOR('',#3012,10.);
#337=VECTOR('',#3017,10.);
#338=VECTOR('',#3030,10.);
#339=VECTOR('',#3033,10.);
#340=VECTOR('',#3042,1.05);
#341=VECTOR('',#3047,10.);
#342=VECTOR('',#3050,10.);
#343=VECTOR('',#3057,1.05);
#344=PLANE('',#2109);
#345=PLANE('',#2158);
#346=PLANE('',#2167);
#347=PLANE('',#2168);
#348=PLANE('',#2211);
#349=PLANE('',#2213);
#350=PLANE('',#2215);
#351=PLANE('',#2217);
#352=PLANE('',#2219);
#353=PLANE('',#2221);
#354=PLANE('',#2223);
#355=PLANE('',#2225);
#356=PLANE('',#2227);
#357=PLANE('',#2240);
#358=PLANE('',#2253);
#359=PLANE('',#2266);
#360=PLANE('',#2268);
#361=PLANE('',#2276);
#362=PLANE('',#2278);
#363=PLANE('',#2286);
#364=PLANE('',#2288);
#365=PLANE('',#2290);
#366=PLANE('',#2292);
#367=PLANE('',#2294);
#368=PLANE('',#2296);
#369=PLANE('',#2301);
#370=PLANE('',#2303);
#371=PLANE('',#2305);
#372=PLANE('',#2307);
#373=PLANE('',#2309);
#374=PLANE('',#2311);
#375=PLANE('',#2313);
#376=PLANE('',#2315);
#377=PLANE('',#2317);
#378=PLANE('',#2319);
#379=PLANE('',#2321);
#380=PLANE('',#2323);
#381=PLANE('',#2325);
#382=PLANE('',#2327);
#383=PLANE('',#2329);
#384=PLANE('',#2331);
#385=PLANE('',#2333);
#386=PLANE('',#2335);
#387=PLANE('',#2337);
#388=PLANE('',#2339);
#389=PLANE('',#2341);
#390=PLANE('',#2343);
#391=PLANE('',#2345);
#392=PLANE('',#2347);
#393=PLANE('',#2349);
#394=PLANE('',#2351);
#395=PLANE('',#2356);
#396=PLANE('',#2358);
#397=PLANE('',#2360);
#398=PLANE('',#2362);
#399=PLANE('',#2364);
#400=PLANE('',#2366);
#401=PLANE('',#2368);
#402=PLANE('',#2372);
#403=PLANE('',#2380);
#404=PLANE('',#2382);
#405=FACE_OUTER_BOUND('',#525,.T.);
#406=FACE_OUTER_BOUND('',#526,.T.);
#407=FACE_OUTER_BOUND('',#527,.T.);
#408=FACE_OUTER_BOUND('',#528,.T.);
#409=FACE_OUTER_BOUND('',#529,.T.);
#410=FACE_OUTER_BOUND('',#531,.T.);
#411=FACE_OUTER_BOUND('',#532,.T.);
#412=FACE_OUTER_BOUND('',#533,.T.);
#413=FACE_OUTER_BOUND('',#534,.T.);
#414=FACE_OUTER_BOUND('',#536,.T.);
#415=FACE_OUTER_BOUND('',#537,.T.);
#416=FACE_OUTER_BOUND('',#538,.T.);
#417=FACE_OUTER_BOUND('',#539,.T.);
#418=FACE_OUTER_BOUND('',#540,.T.);
#419=FACE_OUTER_BOUND('',#541,.T.);
#420=FACE_OUTER_BOUND('',#542,.T.);
#421=FACE_OUTER_BOUND('',#543,.T.);
#422=FACE_OUTER_BOUND('',#544,.T.);
#423=FACE_OUTER_BOUND('',#545,.T.);
#424=FACE_OUTER_BOUND('',#546,.T.);
#425=FACE_OUTER_BOUND('',#547,.T.);
#426=FACE_OUTER_BOUND('',#548,.T.);
#427=FACE_OUTER_BOUND('',#549,.T.);
#428=FACE_OUTER_BOUND('',#550,.T.);
#429=FACE_OUTER_BOUND('',#551,.T.);
#430=FACE_OUTER_BOUND('',#552,.T.);
#431=FACE_OUTER_BOUND('',#553,.T.);
#432=FACE_OUTER_BOUND('',#554,.T.);
#433=FACE_OUTER_BOUND('',#555,.T.);
#434=FACE_OUTER_BOUND('',#556,.T.);
#435=FACE_OUTER_BOUND('',#557,.T.);
#436=FACE_OUTER_BOUND('',#558,.T.);
#437=FACE_OUTER_BOUND('',#559,.T.);
#438=FACE_OUTER_BOUND('',#560,.T.);
#439=FACE_OUTER_BOUND('',#562,.T.);
#440=FACE_OUTER_BOUND('',#563,.T.);
#441=FACE_OUTER_BOUND('',#564,.T.);
#442=FACE_OUTER_BOUND('',#565,.T.);
#443=FACE_OUTER_BOUND('',#566,.T.);
#444=FACE_OUTER_BOUND('',#567,.T.);
#445=FACE_OUTER_BOUND('',#568,.T.);
#446=FACE_OUTER_BOUND('',#569,.T.);
#447=FACE_OUTER_BOUND('',#570,.T.);
#448=FACE_OUTER_BOUND('',#571,.T.);
#449=FACE_OUTER_BOUND('',#572,.T.);
#450=FACE_OUTER_BOUND('',#573,.T.);
#451=FACE_OUTER_BOUND('',#574,.T.);
#452=FACE_OUTER_BOUND('',#575,.T.);
#453=FACE_OUTER_BOUND('',#576,.T.);
#454=FACE_OUTER_BOUND('',#577,.T.);
#455=FACE_OUTER_BOUND('',#578,.T.);
#456=FACE_OUTER_BOUND('',#579,.T.);
#457=FACE_OUTER_BOUND('',#580,.T.);
#458=FACE_OUTER_BOUND('',#581,.T.);
#459=FACE_OUTER_BOUND('',#582,.T.);
#460=FACE_OUTER_BOUND('',#583,.T.);
#461=FACE_OUTER_BOUND('',#584,.T.);
#462=FACE_OUTER_BOUND('',#585,.T.);
#463=FACE_OUTER_BOUND('',#586,.T.);
#464=FACE_OUTER_BOUND('',#587,.T.);
#465=FACE_OUTER_BOUND('',#588,.T.);
#466=FACE_OUTER_BOUND('',#589,.T.);
#467=FACE_OUTER_BOUND('',#590,.T.);
#468=FACE_OUTER_BOUND('',#591,.T.);
#469=FACE_OUTER_BOUND('',#592,.T.);
#470=FACE_OUTER_BOUND('',#593,.T.);
#471=FACE_OUTER_BOUND('',#594,.T.);
#472=FACE_OUTER_BOUND('',#595,.T.);
#473=FACE_OUTER_BOUND('',#596,.T.);
#474=FACE_OUTER_BOUND('',#597,.T.);
#475=FACE_OUTER_BOUND('',#598,.T.);
#476=FACE_OUTER_BOUND('',#599,.T.);
#477=FACE_OUTER_BOUND('',#600,.T.);
#478=FACE_OUTER_BOUND('',#601,.T.);
#479=FACE_OUTER_BOUND('',#602,.T.);
#480=FACE_OUTER_BOUND('',#603,.T.);
#481=FACE_OUTER_BOUND('',#604,.T.);
#482=FACE_OUTER_BOUND('',#605,.T.);
#483=FACE_OUTER_BOUND('',#606,.T.);
#484=FACE_OUTER_BOUND('',#607,.T.);
#485=FACE_OUTER_BOUND('',#608,.T.);
#486=FACE_OUTER_BOUND('',#609,.T.);
#487=FACE_OUTER_BOUND('',#610,.T.);
#488=FACE_OUTER_BOUND('',#611,.T.);
#489=FACE_OUTER_BOUND('',#612,.T.);
#490=FACE_OUTER_BOUND('',#613,.T.);
#491=FACE_OUTER_BOUND('',#614,.T.);
#492=FACE_OUTER_BOUND('',#615,.T.);
#493=FACE_OUTER_BOUND('',#616,.T.);
#494=FACE_OUTER_BOUND('',#617,.T.);
#495=FACE_OUTER_BOUND('',#618,.T.);
#496=FACE_OUTER_BOUND('',#619,.T.);
#497=FACE_OUTER_BOUND('',#620,.T.);
#498=FACE_OUTER_BOUND('',#621,.T.);
#499=FACE_OUTER_BOUND('',#622,.T.);
#500=FACE_OUTER_BOUND('',#623,.T.);
#501=FACE_OUTER_BOUND('',#624,.T.);
#502=FACE_OUTER_BOUND('',#625,.T.);
#503=FACE_OUTER_BOUND('',#626,.T.);
#504=FACE_OUTER_BOUND('',#627,.T.);
#505=FACE_OUTER_BOUND('',#628,.T.);
#506=FACE_OUTER_BOUND('',#629,.T.);
#507=FACE_OUTER_BOUND('',#630,.T.);
#508=FACE_OUTER_BOUND('',#632,.T.);
#509=FACE_OUTER_BOUND('',#633,.T.);
#510=FACE_OUTER_BOUND('',#634,.T.);
#511=FACE_OUTER_BOUND('',#635,.T.);
#512=FACE_OUTER_BOUND('',#636,.T.);
#513=FACE_OUTER_BOUND('',#637,.T.);
#514=FACE_OUTER_BOUND('',#638,.T.);
#515=FACE_OUTER_BOUND('',#639,.T.);
#516=FACE_OUTER_BOUND('',#640,.T.);
#517=FACE_OUTER_BOUND('',#643,.T.);
#518=FACE_OUTER_BOUND('',#644,.T.);
#519=FACE_OUTER_BOUND('',#645,.T.);
#520=FACE_OUTER_BOUND('',#646,.T.);
#521=FACE_OUTER_BOUND('',#647,.T.);
#522=FACE_OUTER_BOUND('',#648,.T.);
#523=FACE_OUTER_BOUND('',#649,.T.);
#524=FACE_OUTER_BOUND('',#650,.T.);
#525=EDGE_LOOP('',(#1334,#1335,#1336,#1337));
#526=EDGE_LOOP('',(#1338,#1339,#1340,#1341,#1342,#1343,#1344,#1345,#1346,
#1347));
#527=EDGE_LOOP('',(#1348,#1349,#1350,#1351,#1352,#1353,#1354,#1355,#1356,
#1357,#1358,#1359,#1360,#1361,#1362,#1363,#1364,#1365,#1366,#1367,#1368,
#1369,#1370,#1371,#1372,#1373,#1374,#1375,#1376,#1377,#1378,#1379,#1380,
#1381,#1382,#1383,#1384,#1385,#1386,#1387,#1388,#1389,#1390,#1391,#1392,
#1393,#1394,#1395,#1396,#1397,#1398,#1399,#1400,#1401,#1402,#1403));
#528=EDGE_LOOP('',(#1404,#1405));
#529=EDGE_LOOP('',(#1406,#1407,#1408,#1409,#1410,#1411));
#530=EDGE_LOOP('',(#1412));
#531=EDGE_LOOP('',(#1413,#1414,#1415,#1416,#1417,#1418));
#532=EDGE_LOOP('',(#1419,#1420,#1421,#1422));
#533=EDGE_LOOP('',(#1423,#1424,#1425,#1426,#1427,#1428,#1429,#1430,#1431,
#1432));
#534=EDGE_LOOP('',(#1433,#1434,#1435,#1436));
#535=EDGE_LOOP('',(#1437));
#536=EDGE_LOOP('',(#1438,#1439,#1440,#1441));
#537=EDGE_LOOP('',(#1442,#1443,#1444,#1445));
#538=EDGE_LOOP('',(#1446,#1447,#1448,#1449));
#539=EDGE_LOOP('',(#1450,#1451,#1452,#1453));
#540=EDGE_LOOP('',(#1454,#1455,#1456,#1457));
#541=EDGE_LOOP('',(#1458,#1459,#1460,#1461));
#542=EDGE_LOOP('',(#1462,#1463,#1464,#1465));
#543=EDGE_LOOP('',(#1466,#1467,#1468,#1469));
#544=EDGE_LOOP('',(#1470,#1471,#1472,#1473));
#545=EDGE_LOOP('',(#1474,#1475,#1476,#1477));
#546=EDGE_LOOP('',(#1478,#1479,#1480,#1481));
#547=EDGE_LOOP('',(#1482,#1483,#1484,#1485));
#548=EDGE_LOOP('',(#1486,#1487,#1488,#1489));
#549=EDGE_LOOP('',(#1490,#1491,#1492,#1493));
#550=EDGE_LOOP('',(#1494,#1495,#1496,#1497));
#551=EDGE_LOOP('',(#1498,#1499,#1500,#1501));
#552=EDGE_LOOP('',(#1502,#1503,#1504,#1505));
#553=EDGE_LOOP('',(#1506,#1507,#1508,#1509));
#554=EDGE_LOOP('',(#1510,#1511,#1512,#1513));
#555=EDGE_LOOP('',(#1514,#1515,#1516,#1517));
#556=EDGE_LOOP('',(#1518,#1519,#1520,#1521));
#557=EDGE_LOOP('',(#1522,#1523,#1524,#1525));
#558=EDGE_LOOP('',(#1526,#1527,#1528,#1529));
#559=EDGE_LOOP('',(#1530,#1531,#1532,#1533,#1534));
#560=EDGE_LOOP('',(#1535));
#561=EDGE_LOOP('',(#1536,#1537,#1538,#1539,#1540,#1541,#1542,#1543,#1544,
#1545,#1546,#1547,#1548,#1549,#1550,#1551));
#562=EDGE_LOOP('',(#1552,#1553,#1554,#1555));
#563=EDGE_LOOP('',(#1556,#1557,#1558,#1559));
#564=EDGE_LOOP('',(#1560,#1561,#1562,#1563));
#565=EDGE_LOOP('',(#1564,#1565,#1566,#1567));
#566=EDGE_LOOP('',(#1568,#1569,#1570,#1571));
#567=EDGE_LOOP('',(#1572,#1573,#1574,#1575));
#568=EDGE_LOOP('',(#1576,#1577,#1578,#1579));
#569=EDGE_LOOP('',(#1580,#1581,#1582,#1583));
#570=EDGE_LOOP('',(#1584,#1585,#1586,#1587,#1588));
#571=EDGE_LOOP('',(#1589,#1590,#1591,#1592));
#572=EDGE_LOOP('',(#1593,#1594,#1595));
#573=EDGE_LOOP('',(#1596,#1597,#1598,#1599,#1600));
#574=EDGE_LOOP('',(#1601,#1602,#1603));
#575=EDGE_LOOP('',(#1604,#1605,#1606,#1607));
#576=EDGE_LOOP('',(#1608,#1609,#1610,#1611,#1612));
#577=EDGE_LOOP('',(#1613,#1614,#1615,#1616));
#578=EDGE_LOOP('',(#1617,#1618,#1619));
#579=EDGE_LOOP('',(#1620,#1621,#1622,#1623,#1624));
#580=EDGE_LOOP('',(#1625,#1626,#1627));
#581=EDGE_LOOP('',(#1628,#1629,#1630,#1631));
#582=EDGE_LOOP('',(#1632,#1633,#1634,#1635,#1636));
#583=EDGE_LOOP('',(#1637,#1638,#1639,#1640));
#584=EDGE_LOOP('',(#1641,#1642,#1643));
#585=EDGE_LOOP('',(#1644,#1645,#1646,#1647,#1648));
#586=EDGE_LOOP('',(#1649,#1650,#1651));
#587=EDGE_LOOP('',(#1652,#1653,#1654,#1655));
#588=EDGE_LOOP('',(#1656,#1657,#1658));
#589=EDGE_LOOP('',(#1659,#1660,#1661,#1662,#1663,#1664,#1665,#1666,#1667,
#1668,#1669,#1670,#1671,#1672,#1673,#1674));
#590=EDGE_LOOP('',(#1675,#1676,#1677));
#591=EDGE_LOOP('',(#1678,#1679,#1680));
#592=EDGE_LOOP('',(#1681,#1682,#1683,#1684));
#593=EDGE_LOOP('',(#1685,#1686,#1687,#1688));
#594=EDGE_LOOP('',(#1689,#1690,#1691,#1692));
#595=EDGE_LOOP('',(#1693,#1694,#1695,#1696));
#596=EDGE_LOOP('',(#1697,#1698,#1699,#1700));
#597=EDGE_LOOP('',(#1701,#1702,#1703,#1704));
#598=EDGE_LOOP('',(#1705,#1706,#1707,#1708));
#599=EDGE_LOOP('',(#1709,#1710,#1711));
#600=EDGE_LOOP('',(#1712,#1713,#1714,#1715));
#601=EDGE_LOOP('',(#1716,#1717,#1718));
#602=EDGE_LOOP('',(#1719,#1720,#1721,#1722));
#603=EDGE_LOOP('',(#1723,#1724,#1725));
#604=EDGE_LOOP('',(#1726,#1727,#1728,#1729,#1730,#1731,#1732,#1733,#1734,
#1735,#1736,#1737,#1738,#1739,#1740,#1741,#1742,#1743,#1744,#1745,#1746,
#1747,#1748,#1749,#1750,#1751,#1752,#1753));
#605=EDGE_LOOP('',(#1754,#1755,#1756,#1757));
#606=EDGE_LOOP('',(#1758,#1759,#1760,#1761));
#607=EDGE_LOOP('',(#1762,#1763,#1764,#1765));
#608=EDGE_LOOP('',(#1766,#1767,#1768,#1769));
#609=EDGE_LOOP('',(#1770,#1771,#1772,#1773));
#610=EDGE_LOOP('',(#1774,#1775,#1776,#1777));
#611=EDGE_LOOP('',(#1778,#1779,#1780,#1781));
#612=EDGE_LOOP('',(#1782,#1783,#1784,#1785));
#613=EDGE_LOOP('',(#1786,#1787,#1788,#1789,#1790));
#614=EDGE_LOOP('',(#1791,#1792,#1793,#1794));
#615=EDGE_LOOP('',(#1795,#1796,#1797,#1798));
#616=EDGE_LOOP('',(#1799,#1800,#1801,#1802));
#617=EDGE_LOOP('',(#1803,#1804,#1805,#1806));
#618=EDGE_LOOP('',(#1807,#1808,#1809,#1810));
#619=EDGE_LOOP('',(#1811,#1812,#1813,#1814));
#620=EDGE_LOOP('',(#1815,#1816,#1817,#1818));
#621=EDGE_LOOP('',(#1819,#1820,#1821,#1822));
#622=EDGE_LOOP('',(#1823,#1824,#1825,#1826));
#623=EDGE_LOOP('',(#1827,#1828,#1829,#1830));
#624=EDGE_LOOP('',(#1831,#1832,#1833,#1834));
#625=EDGE_LOOP('',(#1835,#1836,#1837,#1838));
#626=EDGE_LOOP('',(#1839,#1840,#1841,#1842));
#627=EDGE_LOOP('',(#1843,#1844,#1845,#1846));
#628=EDGE_LOOP('',(#1847,#1848,#1849,#1850));
#629=EDGE_LOOP('',(#1851,#1852,#1853,#1854));
#630=EDGE_LOOP('',(#1855,#1856,#1857,#1858,#1859,#1860,#1861,#1862));
#631=EDGE_LOOP('',(#1863));
#632=EDGE_LOOP('',(#1864,#1865,#1866,#1867));
#633=EDGE_LOOP('',(#1868,#1869,#1870,#1871));
#634=EDGE_LOOP('',(#1872,#1873,#1874,#1875));
#635=EDGE_LOOP('',(#1876,#1877,#1878,#1879));
#636=EDGE_LOOP('',(#1880,#1881,#1882,#1883));
#637=EDGE_LOOP('',(#1884,#1885,#1886,#1887));
#638=EDGE_LOOP('',(#1888,#1889,#1890,#1891));
#639=EDGE_LOOP('',(#1892,#1893,#1894,#1895));
#640=EDGE_LOOP('',(#1896,#1897,#1898,#1899,#1900,#1901,#1902,#1903));
#641=EDGE_LOOP('',(#1904));
#642=EDGE_LOOP('',(#1905));
#643=EDGE_LOOP('',(#1906,#1907,#1908,#1909,#1910,#1911,#1912,#1913,#1914,
#1915,#1916,#1917,#1918,#1919,#1920,#1921,#1922,#1923,#1924,#1925));
#644=EDGE_LOOP('',(#1926,#1927,#1928,#1929));
#645=EDGE_LOOP('',(#1930,#1931,#1932,#1933,#1934,#1935,#1936,#1937,#1938,
#1939,#1940,#1941,#1942,#1943,#1944,#1945,#1946,#1947,#1948,#1949));
#646=EDGE_LOOP('',(#1950,#1951,#1952,#1953));
#647=EDGE_LOOP('',(#1954,#1955,#1956,#1957));
#648=EDGE_LOOP('',(#1958,#1959,#1960,#1961));
#649=EDGE_LOOP('',(#1962,#1963,#1964,#1965));
#650=EDGE_LOOP('',(#1966,#1967,#1968,#1969));
#651=CIRCLE('',#2107,14.2918228951997);
#652=CIRCLE('',#2108,13.7982844589587);
#653=CIRCLE('',#2110,13.8018699999969);
#654=CIRCLE('',#2112,13.8018699999969);
#655=CIRCLE('',#2113,12.5921869739851);
#656=CIRCLE('',#2114,13.9561909887477);
#657=CIRCLE('',#2115,12.2022683972203);
#658=CIRCLE('',#2116,13.9561909887477);
#659=CIRCLE('',#2117,12.5921869739851);
#660=CIRCLE('',#2118,13.9561909887477);
#661=CIRCLE('',#2119,12.2022683972203);
#662=CIRCLE('',#2120,13.9561909887477);
#663=CIRCLE('',#2121,12.5921869739851);
#664=CIRCLE('',#2122,13.9561909887477);
#665=CIRCLE('',#2123,12.2022683972203);
#666=CIRCLE('',#2124,13.9561909887477);
#667=CIRCLE('',#2125,12.5921869739851);
#668=CIRCLE('',#2126,13.9561909887477);
#669=CIRCLE('',#2127,12.2022683972203);
#670=CIRCLE('',#2128,13.9561909887477);
#671=CIRCLE('',#2129,12.5921869739851);
#672=CIRCLE('',#2130,13.9561909887477);
#673=CIRCLE('',#2131,12.2022683972203);
#674=CIRCLE('',#2132,13.9561909887477);
#675=CIRCLE('',#2133,12.5921869739851);
#676=CIRCLE('',#2134,13.9561909887477);
#677=CIRCLE('',#2135,12.2022683972203);
#678=CIRCLE('',#2136,13.9561909887477);
#679=CIRCLE('',#2137,12.5921869739851);
#680=CIRCLE('',#2138,13.9789360318643);
#681=CIRCLE('',#2139,12.7371072735142);
#682=CIRCLE('',#2140,12.7371072735142);
#683=CIRCLE('',#2141,12.7371072735142);
#684=CIRCLE('',#2142,12.7371072735142);
#685=CIRCLE('',#2143,12.7371072735142);
#686=CIRCLE('',#2144,12.7371072735142);
#687=CIRCLE('',#2145,12.7371072735142);
#688=CIRCLE('',#2146,12.7371072735142);
#689=CIRCLE('',#2147,12.5921869739851);
#690=CIRCLE('',#2148,13.9561909887477);
#691=CIRCLE('',#2149,12.2022683972203);
#692=CIRCLE('',#2150,13.9561909887477);
#693=CIRCLE('',#2151,12.5921869739851);
#694=CIRCLE('',#2152,13.9561909887477);
#695=CIRCLE('',#2153,12.2022683972203);
#696=CIRCLE('',#2154,13.9561909887477);
#697=CIRCLE('',#2155,12.5921869739851);
#698=CIRCLE('',#2157,2.0000380780491);
#699=CIRCLE('',#2159,16.4482443856021);
#700=CIRCLE('',#2160,2.27181185649869);
#701=CIRCLE('',#2161,16.4482443856021);
#702=CIRCLE('',#2162,1.05);
#703=CIRCLE('',#2164,14.3435458954946);
#704=CIRCLE('',#2166,14.2998171469544);
#705=CIRCLE('',#2169,2.25);
#706=CIRCLE('',#2170,1.05);
#707=CIRCLE('',#2171,0.500000000000002);
#708=CIRCLE('',#2173,0.5);
#709=CIRCLE('',#2176,0.5);
#710=CIRCLE('',#2177,0.5);
#711=CIRCLE('',#2181,0.5);
#712=CIRCLE('',#2182,0.5);
#713=CIRCLE('',#2186,0.5);
#714=CIRCLE('',#2187,0.5);
#715=CIRCLE('',#2191,0.5);
#716=CIRCLE('',#2192,0.5);
#717=CIRCLE('',#2196,0.5);
#718=CIRCLE('',#2197,0.5);
#719=CIRCLE('',#2201,0.5);
#720=CIRCLE('',#2202,0.5);
#721=CIRCLE('',#2206,0.5);
#722=CIRCLE('',#2207,0.5);
#723=CIRCLE('',#2220,10.2671555959449);
#724=CIRCLE('',#2230,0.2);
#725=CIRCLE('',#2232,0.2);
#726=CIRCLE('',#2233,0.199999999999996);
#727=CIRCLE('',#2235,0.200000000000001);
#728=CIRCLE('',#2237,0.2);
#729=CIRCLE('',#2239,0.2);
#730=CIRCLE('',#2241,10.7790889843351);
#731=CIRCLE('',#2243,0.200000000000003);
#732=CIRCLE('',#2245,0.2);
#733=CIRCLE('',#2246,0.199999999999998);
#734=CIRCLE('',#2248,0.2);
#735=CIRCLE('',#2250,0.2);
#736=CIRCLE('',#2252,0.2);
#737=CIRCLE('',#2254,10.7790889843351);
#738=CIRCLE('',#2256,0.200000000000002);
#739=CIRCLE('',#2258,0.2);
#740=CIRCLE('',#2259,0.2);
#741=CIRCLE('',#2261,0.199999999999998);
#742=CIRCLE('',#2263,0.2);
#743=CIRCLE('',#2265,0.199999999999998);
#744=CIRCLE('',#2267,10.7790889843351);
#745=CIRCLE('',#2269,14.591446631046);
#746=CIRCLE('',#2271,10.7833208922255);
#747=CIRCLE('',#2272,10.7833208922255);
#748=CIRCLE('',#2273,10.7833208922255);
#749=CIRCLE('',#2274,10.7668510094545);
#750=CIRCLE('',#2275,10.7833208922255);
#751=CIRCLE('',#2277,14.591446631046);
#752=CIRCLE('',#2279,14.5914466310461);
#753=CIRCLE('',#2287,9.13422958230691);
#754=CIRCLE('',#2289,14.5914466310461);
#755=CIRCLE('',#2291,9.13422958230693);
#756=CIRCLE('',#2293,14.5914466310461);
#757=CIRCLE('',#2295,9.13422958230688);
#758=CIRCLE('',#2297,14.5914466310461);
#759=CIRCLE('',#2299,15.2289360318643);
#760=CIRCLE('',#2300,13.3542121301656);
#761=CIRCLE('',#2306,13.8880912935757);
#762=CIRCLE('',#2308,13.875);
#763=CIRCLE('',#2314,13.8880912935757);
#764=CIRCLE('',#2316,13.875);
#765=CIRCLE('',#2318,13.875);
#766=CIRCLE('',#2324,13.8880912935757);
#767=CIRCLE('',#2326,13.875);
#768=CIRCLE('',#2332,13.8880912935757);
#769=CIRCLE('',#2334,13.875);
#770=CIRCLE('',#2336,13.875);
#771=CIRCLE('',#2342,13.8880912935757);
#772=CIRCLE('',#2344,13.875);
#773=CIRCLE('',#2350,13.8880912935757);
#774=CIRCLE('',#2352,13.875);
#775=CIRCLE('',#2353,2.25);
#776=CIRCLE('',#2354,13.875);
#777=CIRCLE('',#2355,1.05);
#778=CIRCLE('',#2361,13.8880912935757);
#779=CIRCLE('',#2363,13.875);
#780=CIRCLE('',#2369,13.8880912935757);
#781=CIRCLE('',#2371,0.5);
#782=CIRCLE('',#2373,13.8968188260398);
#783=CIRCLE('',#2374,2.27181882603982);
#784=CIRCLE('',#2375,13.8968188260398);
#785=CIRCLE('',#2376,1.05);
#786=B_SPLINE_CURVE_WITH_KNOTS('',3,(#3062,#3063,#3064,#3065,#3066,#3067,
#3068,#3069,#3070,#3071),.UNSPECIFIED.,.F.,.F.,(4,2,2,2,4),(0.156691791463632,
0.167496523914017,0.186091156389014,0.204832689403636,0.22365937833854),
 .UNSPECIFIED.);
#787=B_SPLINE_CURVE_WITH_KNOTS('',3,(#3075,#3076,#3077,#3078,#3079,#3080,
#3081,#3082,#3083,#3084),.UNSPECIFIED.,.F.,.F.,(4,2,2,2,4),(0.0744457594383156,
0.0932724483732197,0.112013981387842,0.130608613862839,0.141413346313224),
 .UNSPECIFIED.);
#788=B_SPLINE_CURVE_WITH_KNOTS('',3,(#3166,#3167,#3168,#3169),
 .UNSPECIFIED.,.F.,.F.,(4,4),(-0.0128201255677367,0.),.UNSPECIFIED.);
#789=B_SPLINE_CURVE_WITH_KNOTS('',3,(#3173,#3174,#3175,#3176,#3177,#3178,
#3179),.UNSPECIFIED.,.F.,.F.,(4,3,4),(-0.0128201255677361,0.,0.0128201255679149),
 .UNSPECIFIED.);
#790=B_SPLINE_CURVE_WITH_KNOTS('',3,(#3183,#3184,#3185,#3186,#3187,#3188,
#3189),.UNSPECIFIED.,.F.,.F.,(4,3,4),(-0.0128201255677371,0.,0.0128426449698476),
 .UNSPECIFIED.);
#791=B_SPLINE_CURVE_WITH_KNOTS('',3,(#3193,#3194,#3195,#3196,#3197,#3198,
#3199),.UNSPECIFIED.,.F.,.F.,(4,3,4),(-0.0128201255677364,0.,0.0128201255679141),
 .UNSPECIFIED.);
#792=B_SPLINE_CURVE_WITH_KNOTS('',3,(#3203,#3204,#3205,#3206,#3207,#3208,
#3209),.UNSPECIFIED.,.F.,.F.,(4,3,4),(-0.0128201255677368,0.,0.012820125567915),
 .UNSPECIFIED.);
#793=B_SPLINE_CURVE_WITH_KNOTS('',3,(#3213,#3214,#3215,#3216,#3217,#3218,
#3219),.UNSPECIFIED.,.F.,.F.,(4,3,4),(-0.0128201255677374,0.,0.0128201255679148),
 .UNSPECIFIED.);
#794=B_SPLINE_CURVE_WITH_KNOTS('',3,(#3223,#3224,#3225,#3226,#3227,#3228,
#3229),.UNSPECIFIED.,.F.,.F.,(4,3,4),(-0.0128201255677372,0.,0.0128201255679154),
 .UNSPECIFIED.);
#795=B_SPLINE_CURVE_WITH_KNOTS('',3,(#3233,#3234,#3235,#3236,#3237,#3238,
#3239),.UNSPECIFIED.,.F.,.F.,(4,3,4),(-0.0128201255677368,0.,0.0128201255679135),
 .UNSPECIFIED.);
#796=B_SPLINE_CURVE_WITH_KNOTS('',3,(#3242,#3243,#3244,#3245),
 .UNSPECIFIED.,.F.,.F.,(4,4),(0.,0.0128201255679143),.UNSPECIFIED.);
#797=B_SPLINE_CURVE_WITH_KNOTS('',3,(#3266,#3267,#3268,#3269,#3270,#3271,
#3272,#3273,#3274,#3275,#3276,#3277,#3278,#3279,#3280,#3281,#3282,#3283,
#3284,#3285,#3286,#3287,#3288,#3289,#3290,#3291,#3292),.UNSPECIFIED.,.F.,
 .F.,(4,3,2,2,2,2,2,2,2,2,2,2,4),(1.63718503151014,1.67271854994833,1.79905300367831,
1.9253874574083,1.99425405369537,2.0286873518389,2.06312064998244,2.09755394812597,
2.13198724626951,2.20085384255658,2.32718829628656,2.45352275001654,2.48905626845474),
 .UNSPECIFIED.);
#798=B_SPLINE_CURVE_WITH_KNOTS('',3,(#3616,#3617,#3618,#3619,#3620,#3621),
 .UNSPECIFIED.,.F.,.F.,(4,2,4),(0.13226923703844,0.132294673280966,0.140536974338053),
 .UNSPECIFIED.);
#799=B_SPLINE_CURVE_WITH_KNOTS('',3,(#3628,#3629,#3630,#3631,#3632,#3633,
#3634,#3635),.UNSPECIFIED.,.F.,.F.,(4,2,2,4),(0.0693758054979779,0.0767871633191227,
0.084700200504096,0.0923935444976647),.UNSPECIFIED.);
#800=B_SPLINE_CURVE_WITH_KNOTS('',3,(#3649,#3650,#3651,#3652,#3653,#3654,
#3655,#3656),.UNSPECIFIED.,.F.,.F.,(4,2,2,4),(0.0311310262314322,0.0388243702250009,
0.0467374074099739,0.0541487652311207),.UNSPECIFIED.);
#801=B_SPLINE_CURVE_WITH_KNOTS('',3,(#3662,#3663,#3664,#3665,#3666,#3667),
 .UNSPECIFIED.,.F.,.F.,(4,2,4),(0.00978995908931864,0.0180322601464071,
0.0180576963889841),.UNSPECIFIED.);
#802=B_SPLINE_CURVE_WITH_KNOTS('',3,(#3675,#3676,#3677,#3678,#3679,#3680),
 .UNSPECIFIED.,.F.,.F.,(4,2,4),(0.13178620681872,0.131811643061245,0.140053944118342),
 .UNSPECIFIED.);
#803=B_SPLINE_CURVE_WITH_KNOTS('',3,(#3687,#3688,#3689,#3690,#3691,#3692,
#3693,#3694),.UNSPECIFIED.,.F.,.F.,(4,2,2,4),(0.0693758054979852,0.0767871633191232,
0.0847002005040962,0.092393544497665),.UNSPECIFIED.);
#804=B_SPLINE_CURVE_WITH_KNOTS('',3,(#3708,#3709,#3710,#3711,#3712,#3713,
#3714,#3715),.UNSPECIFIED.,.F.,.F.,(4,2,2,4),(0.0311310262314324,0.0388243702250014,
0.0467374074099746,0.0541487706465816),.UNSPECIFIED.);
#805=B_SPLINE_CURVE_WITH_KNOTS('',3,(#3721,#3722,#3723,#3724),
 .UNSPECIFIED.,.F.,.F.,(4,4),(0.00983452597289042,0.0180557722574637),
 .UNSPECIFIED.);
#806=B_SPLINE_CURVE_WITH_KNOTS('',3,(#3732,#3733,#3734,#3735,#3736,#3737),
 .UNSPECIFIED.,.F.,.F.,(4,2,4),(0.132269237038442,0.132294673280965,0.140536974338059),
 .UNSPECIFIED.);
#807=B_SPLINE_CURVE_WITH_KNOTS('',3,(#3744,#3745,#3746,#3747,#3748,#3749,
#3750,#3751),.UNSPECIFIED.,.F.,.F.,(4,2,2,4),(0.0693758054979806,0.0767871633191234,
0.0847002005040963,0.0923935444976655),.UNSPECIFIED.);
#808=B_SPLINE_CURVE_WITH_KNOTS('',3,(#3765,#3766,#3767,#3768,#3769,#3770,
#3771,#3772),.UNSPECIFIED.,.F.,.F.,(4,2,2,4),(0.0311310262314322,0.0388243702250015,
0.0467374074099743,0.0541487652311173),.UNSPECIFIED.);
#809=B_SPLINE_CURVE_WITH_KNOTS('',3,(#3778,#3779,#3780,#3781,#3782,#3783),
 .UNSPECIFIED.,.F.,.F.,(4,2,4),(0.00978995908931434,0.0180322601464072,
0.0180576963889841),.UNSPECIFIED.);
#810=B_SPLINE_CURVE_WITH_KNOTS('',3,(#3812,#3813,#3814,#3815,#3816,#3817,
#3818,#3819,#3820,#3821,#3822,#3823,#3824),.UNSPECIFIED.,.F.,.F.,(4,2,3,
2,2,4),(-0.017536907323616,-0.0103005500291179,0.,0.00823002604056189,0.0116438937292431,
0.0132049033819852),.UNSPECIFIED.);
#811=B_SPLINE_CURVE_WITH_KNOTS('',3,(#3829,#3830,#3831,#3832,#3833,#3834,
#3835,#3836,#3837,#3838,#3839,#3840,#3841),.UNSPECIFIED.,.F.,.F.,(4,2,2,
3,2,4),(-0.0132049033819849,-0.0116438937292428,-0.00823002604056144,0.,
0.010300550029118,0.0175369073236154),.UNSPECIFIED.);
#812=B_SPLINE_CURVE_WITH_KNOTS('',3,(#3846,#3847,#3848,#3849,#3850,#3851,
#3852,#3853,#3854,#3855,#3856,#3857,#3858),.UNSPECIFIED.,.F.,.F.,(4,2,3,
2,2,4),(-0.0175369073236156,-0.0103005500291179,0.,0.00823002604056093,
0.0116438937292423,0.0132049033819848),.UNSPECIFIED.);
#813=B_SPLINE_CURVE_WITH_KNOTS('',3,(#3863,#3864,#3865,#3866,#3867,#3868,
#3869,#3870,#3871,#3872,#3873,#3874,#3875),.UNSPECIFIED.,.F.,.F.,(4,2,2,
3,2,4),(-0.0132049033819852,-0.0116438937292432,-0.00823002604056189,0.,
0.0108556648546786,0.0175585889542382),.UNSPECIFIED.);
#814=B_SPLINE_CURVE_WITH_KNOTS('',3,(#3880,#3881,#3882,#3883,#3884,#3885,
#3886,#3887,#3888,#3889,#3890,#3891,#3892),.UNSPECIFIED.,.F.,.F.,(4,2,3,
2,2,4),(-0.017536907323615,-0.0103005500291179,0.,0.00823002604056251,0.0116438937292435,
0.0132049033819861),.UNSPECIFIED.);
#815=B_SPLINE_CURVE_WITH_KNOTS('',3,(#3897,#3898,#3899,#3900,#3901,#3902,
#3903,#3904,#3905,#3906,#3907,#3908,#3909),.UNSPECIFIED.,.F.,.F.,(4,2,2,
3,2,4),(-0.0132049033819857,-0.0116438937292429,-0.00823002604056153,0.,
0.0103005500291178,0.0175369073236152),.UNSPECIFIED.);
#816=VERTEX_POINT('',#3060);
#817=VERTEX_POINT('',#3061);
#818=VERTEX_POINT('',#3072);
#819=VERTEX_POINT('',#3074);
#820=VERTEX_POINT('',#3087);
#821=VERTEX_POINT('',#3089);
#822=VERTEX_POINT('',#3091);
#823=VERTEX_POINT('',#3095);
#824=VERTEX_POINT('',#3097);
#825=VERTEX_POINT('',#3101);
#826=VERTEX_POINT('',#3105);
#827=VERTEX_POINT('',#3107);
#828=VERTEX_POINT('',#3111);
#829=VERTEX_POINT('',#3113);
#830=VERTEX_POINT('',#3115);
#831=VERTEX_POINT('',#3117);
#832=VERTEX_POINT('',#3119);
#833=VERTEX_POINT('',#3121);
#834=VERTEX_POINT('',#3123);
#835=VERTEX_POINT('',#3125);
#836=VERTEX_POINT('',#3127);
#837=VERTEX_POINT('',#3129);
#838=VERTEX_POINT('',#3131);
#839=VERTEX_POINT('',#3133);
#840=VERTEX_POINT('',#3135);
#841=VERTEX_POINT('',#3137);
#842=VERTEX_POINT('',#3139);
#843=VERTEX_POINT('',#3141);
#844=VERTEX_POINT('',#3143);
#845=VERTEX_POINT('',#3145);
#846=VERTEX_POINT('',#3147);
#847=VERTEX_POINT('',#3149);
#848=VERTEX_POINT('',#3151);
#849=VERTEX_POINT('',#3153);
#850=VERTEX_POINT('',#3155);
#851=VERTEX_POINT('',#3157);
#852=VERTEX_POINT('',#3159);
#853=VERTEX_POINT('',#3161);
#854=VERTEX_POINT('',#3163);
#855=VERTEX_POINT('',#3165);
#856=VERTEX_POINT('',#3170);
#857=VERTEX_POINT('',#3172);
#858=VERTEX_POINT('',#3180);
#859=VERTEX_POINT('',#3182);
#860=VERTEX_POINT('',#3190);
#861=VERTEX_POINT('',#3192);
#862=VERTEX_POINT('',#3200);
#863=VERTEX_POINT('',#3202);
#864=VERTEX_POINT('',#3210);
#865=VERTEX_POINT('',#3212);
#866=VERTEX_POINT('',#3220);
#867=VERTEX_POINT('',#3222);
#868=VERTEX_POINT('',#3230);
#869=VERTEX_POINT('',#3232);
#870=VERTEX_POINT('',#3240);
#871=VERTEX_POINT('',#3246);
#872=VERTEX_POINT('',#3248);
#873=VERTEX_POINT('',#3250);
#874=VERTEX_POINT('',#3252);
#875=VERTEX_POINT('',#3254);
#876=VERTEX_POINT('',#3256);
#877=VERTEX_POINT('',#3258);
#878=VERTEX_POINT('',#3260);
#879=VERTEX_POINT('',#3264);
#880=VERTEX_POINT('',#3265);
#881=VERTEX_POINT('',#3295);
#882=VERTEX_POINT('',#3297);
#883=VERTEX_POINT('',#3301);
#884=VERTEX_POINT('',#3304);
#885=VERTEX_POINT('',#3310);
#886=VERTEX_POINT('',#3316);
#887=VERTEX_POINT('',#3319);
#888=VERTEX_POINT('',#3321);
#889=VERTEX_POINT('',#3328);
#890=VERTEX_POINT('',#3350);
#891=VERTEX_POINT('',#3351);
#892=VERTEX_POINT('',#3353);
#893=VERTEX_POINT('',#3355);
#894=VERTEX_POINT('',#3359);
#895=VERTEX_POINT('',#3360);
#896=VERTEX_POINT('',#3384);
#897=VERTEX_POINT('',#3385);
#898=VERTEX_POINT('',#3390);
#899=VERTEX_POINT('',#3391);
#900=VERTEX_POINT('',#3415);
#901=VERTEX_POINT('',#3416);
#902=VERTEX_POINT('',#3421);
#903=VERTEX_POINT('',#3422);
#904=VERTEX_POINT('',#3446);
#905=VERTEX_POINT('',#3447);
#906=VERTEX_POINT('',#3452);
#907=VERTEX_POINT('',#3453);
#908=VERTEX_POINT('',#3477);
#909=VERTEX_POINT('',#3478);
#910=VERTEX_POINT('',#3483);
#911=VERTEX_POINT('',#3484);
#912=VERTEX_POINT('',#3508);
#913=VERTEX_POINT('',#3509);
#914=VERTEX_POINT('',#3514);
#915=VERTEX_POINT('',#3515);
#916=VERTEX_POINT('',#3539);
#917=VERTEX_POINT('',#3540);
#918=VERTEX_POINT('',#3545);
#919=VERTEX_POINT('',#3546);
#920=VERTEX_POINT('',#3570);
#921=VERTEX_POINT('',#3571);
#922=VERTEX_POINT('',#3596);
#923=VERTEX_POINT('',#3614);
#924=VERTEX_POINT('',#3615);
#925=VERTEX_POINT('',#3622);
#926=VERTEX_POINT('',#3624);
#927=VERTEX_POINT('',#3626);
#928=VERTEX_POINT('',#3637);
#929=VERTEX_POINT('',#3639);
#930=VERTEX_POINT('',#3641);
#931=VERTEX_POINT('',#3647);
#932=VERTEX_POINT('',#3648);
#933=VERTEX_POINT('',#3658);
#934=VERTEX_POINT('',#3660);
#935=VERTEX_POINT('',#3673);
#936=VERTEX_POINT('',#3674);
#937=VERTEX_POINT('',#3681);
#938=VERTEX_POINT('',#3683);
#939=VERTEX_POINT('',#3685);
#940=VERTEX_POINT('',#3696);
#941=VERTEX_POINT('',#3698);
#942=VERTEX_POINT('',#3700);
#943=VERTEX_POINT('',#3706);
#944=VERTEX_POINT('',#3707);
#945=VERTEX_POINT('',#3717);
#946=VERTEX_POINT('',#3719);
#947=VERTEX_POINT('',#3730);
#948=VERTEX_POINT('',#3731);
#949=VERTEX_POINT('',#3738);
#950=VERTEX_POINT('',#3740);
#951=VERTEX_POINT('',#3742);
#952=VERTEX_POINT('',#3753);
#953=VERTEX_POINT('',#3755);
#954=VERTEX_POINT('',#3757);
#955=VERTEX_POINT('',#3763);
#956=VERTEX_POINT('',#3764);
#957=VERTEX_POINT('',#3774);
#958=VERTEX_POINT('',#3776);
#959=VERTEX_POINT('',#3789);
#960=VERTEX_POINT('',#3795);
#961=VERTEX_POINT('',#3797);
#962=VERTEX_POINT('',#3802);
#963=VERTEX_POINT('',#3806);
#964=VERTEX_POINT('',#3810);
#965=VERTEX_POINT('',#3826);
#966=VERTEX_POINT('',#3828);
#967=VERTEX_POINT('',#3844);
#968=VERTEX_POINT('',#3860);
#969=VERTEX_POINT('',#3862);
#970=VERTEX_POINT('',#3878);
#971=VERTEX_POINT('',#3894);
#972=VERTEX_POINT('',#3896);
#973=VERTEX_POINT('',#3924);
#974=VERTEX_POINT('',#3928);
#975=VERTEX_POINT('',#3929);
#976=VERTEX_POINT('',#3934);
#977=VERTEX_POINT('',#3935);
#978=VERTEX_POINT('',#3942);
#979=VERTEX_POINT('',#3946);
#980=VERTEX_POINT('',#3950);
#981=VERTEX_POINT('',#3951);
#982=VERTEX_POINT('',#3960);
#983=VERTEX_POINT('',#3964);
#984=VERTEX_POINT('',#3965);
#985=VERTEX_POINT('',#3970);
#986=VERTEX_POINT('',#3971);
#987=VERTEX_POINT('',#3978);
#988=VERTEX_POINT('',#3982);
#989=VERTEX_POINT('',#3986);
#990=VERTEX_POINT('',#3987);
#991=VERTEX_POINT('',#3994);
#992=VERTEX_POINT('',#4000);
#993=VERTEX_POINT('',#4004);
#994=VERTEX_POINT('',#4005);
#995=VERTEX_POINT('',#4012);
#996=VERTEX_POINT('',#4016);
#997=VERTEX_POINT('',#4020);
#998=VERTEX_POINT('',#4021);
#999=VERTEX_POINT('',#4028);
#1000=VERTEX_POINT('',#4030);
#1001=VERTEX_POINT('',#4032);
#1002=VERTEX_POINT('',#4034);
#1003=VERTEX_POINT('',#4036);
#1004=VERTEX_POINT('',#4039);
#1005=VERTEX_POINT('',#4042);
#1006=VERTEX_POINT('',#4046);
#1007=VERTEX_POINT('',#4047);
#1008=VERTEX_POINT('',#4054);
#1009=VERTEX_POINT('',#4058);
#1010=VERTEX_POINT('',#4062);
#1011=VERTEX_POINT('',#4070);
#1012=VERTEX_POINT('',#4072);
#1013=VERTEX_POINT('',#4074);
#1014=VERTEX_POINT('',#4076);
#1015=VERTEX_POINT('',#4079);
#1016=EDGE_CURVE('',#816,#817,#786,.T.);
#1017=EDGE_CURVE('',#817,#818,#651,.T.);
#1018=EDGE_CURVE('',#818,#819,#787,.T.);
#1019=EDGE_CURVE('',#819,#816,#652,.T.);
#1020=EDGE_CURVE('',#816,#820,#653,.F.);
#1021=EDGE_CURVE('',#820,#821,#118,.T.);
#1022=EDGE_CURVE('',#821,#822,#110,.T.);
#1023=EDGE_CURVE('',#822,#823,#119,.T.);
#1024=EDGE_CURVE('',#824,#823,#111,.F.);
#1025=EDGE_CURVE('',#825,#824,#112,.T.);
#1026=EDGE_CURVE('',#826,#825,#120,.F.);
#1027=EDGE_CURVE('',#826,#827,#121,.T.);
#1028=EDGE_CURVE('',#817,#827,#122,.T.);
#1029=EDGE_CURVE('',#828,#819,#654,.F.);
#1030=EDGE_CURVE('',#828,#829,#655,.T.);
#1031=EDGE_CURVE('',#829,#830,#656,.T.);
#1032=EDGE_CURVE('',#830,#831,#657,.T.);
#1033=EDGE_CURVE('',#831,#832,#658,.T.);
#1034=EDGE_CURVE('',#832,#833,#659,.T.);
#1035=EDGE_CURVE('',#833,#834,#660,.T.);
#1036=EDGE_CURVE('',#834,#835,#661,.T.);
#1037=EDGE_CURVE('',#835,#836,#662,.T.);
#1038=EDGE_CURVE('',#836,#837,#663,.T.);
#1039=EDGE_CURVE('',#837,#838,#664,.T.);
#1040=EDGE_CURVE('',#838,#839,#665,.T.);
#1041=EDGE_CURVE('',#839,#840,#666,.T.);
#1042=EDGE_CURVE('',#840,#841,#667,.T.);
#1043=EDGE_CURVE('',#841,#842,#668,.T.);
#1044=EDGE_CURVE('',#842,#843,#669,.T.);
#1045=EDGE_CURVE('',#843,#844,#670,.T.);
#1046=EDGE_CURVE('',#844,#845,#671,.T.);
#1047=EDGE_CURVE('',#845,#846,#672,.T.);
#1048=EDGE_CURVE('',#846,#847,#673,.T.);
#1049=EDGE_CURVE('',#847,#848,#674,.T.);
#1050=EDGE_CURVE('',#848,#849,#675,.T.);
#1051=EDGE_CURVE('',#849,#850,#676,.T.);
#1052=EDGE_CURVE('',#850,#851,#677,.T.);
#1053=EDGE_CURVE('',#851,#852,#678,.T.);
#1054=EDGE_CURVE('',#852,#853,#679,.T.);
#1055=EDGE_CURVE('',#853,#854,#680,.T.);
#1056=EDGE_CURVE('',#855,#854,#788,.T.);
#1057=EDGE_CURVE('',#855,#856,#681,.T.);
#1058=EDGE_CURVE('',#857,#856,#789,.T.);
#1059=EDGE_CURVE('',#857,#858,#682,.T.);
#1060=EDGE_CURVE('',#859,#858,#790,.T.);
#1061=EDGE_CURVE('',#859,#860,#683,.T.);
#1062=EDGE_CURVE('',#861,#860,#791,.T.);
#1063=EDGE_CURVE('',#862,#861,#684,.T.);
#1064=EDGE_CURVE('',#863,#862,#792,.T.);
#1065=EDGE_CURVE('',#864,#863,#685,.T.);
#1066=EDGE_CURVE('',#865,#864,#793,.T.);
#1067=EDGE_CURVE('',#866,#865,#686,.T.);
#1068=EDGE_CURVE('',#867,#866,#794,.T.);
#1069=EDGE_CURVE('',#868,#867,#687,.T.);
#1070=EDGE_CURVE('',#869,#868,#795,.T.);
#1071=EDGE_CURVE('',#869,#870,#688,.T.);
#1072=EDGE_CURVE('',#854,#870,#796,.T.);
#1073=EDGE_CURVE('',#853,#871,#689,.T.);
#1074=EDGE_CURVE('',#871,#872,#690,.T.);
#1075=EDGE_CURVE('',#872,#873,#691,.T.);
#1076=EDGE_CURVE('',#873,#874,#692,.T.);
#1077=EDGE_CURVE('',#874,#875,#693,.T.);
#1078=EDGE_CURVE('',#875,#876,#694,.T.);
#1079=EDGE_CURVE('',#876,#877,#695,.T.);
#1080=EDGE_CURVE('',#877,#878,#696,.T.);
#1081=EDGE_CURVE('',#878,#820,#697,.T.);
#1082=EDGE_CURVE('',#879,#880,#797,.T.);
#1083=EDGE_CURVE('',#880,#879,#698,.F.);
#1084=EDGE_CURVE('',#881,#879,#699,.T.);
#1085=EDGE_CURVE('',#882,#881,#123,.T.);
#1086=EDGE_CURVE('',#882,#826,#700,.F.);
#1087=EDGE_CURVE('',#880,#825,#701,.T.);
#1088=EDGE_CURVE('',#883,#883,#702,.F.);
#1089=EDGE_CURVE('',#824,#884,#703,.T.);
#1090=EDGE_CURVE('',#884,#881,#113,.T.);
#1091=EDGE_CURVE('',#885,#823,#704,.T.);
#1092=EDGE_CURVE('',#884,#885,#114,.F.);
#1093=EDGE_CURVE('',#886,#818,#124,.T.);
#1094=EDGE_CURVE('',#882,#886,#125,.T.);
#1095=EDGE_CURVE('',#887,#885,#126,.T.);
#1096=EDGE_CURVE('',#887,#888,#115,.T.);
#1097=EDGE_CURVE('',#888,#828,#127,.T.);
#1098=EDGE_CURVE('',#827,#886,#705,.T.);
#1099=EDGE_CURVE('',#889,#889,#706,.T.);
#1100=EDGE_CURVE('',#890,#891,#707,.T.);
#1101=EDGE_CURVE('',#891,#892,#48,.T.);
#1102=EDGE_CURVE('',#892,#893,#708,.T.);
#1103=EDGE_CURVE('',#893,#890,#49,.T.);
#1104=EDGE_CURVE('',#894,#895,#709,.T.);
#1105=EDGE_CURVE('',#895,#893,#128,.T.);
#1106=EDGE_CURVE('',#892,#894,#129,.T.);
#1107=EDGE_CURVE('',#896,#897,#710,.T.);
#1108=EDGE_CURVE('',#897,#895,#50,.T.);
#1109=EDGE_CURVE('',#894,#896,#51,.T.);
#1110=EDGE_CURVE('',#898,#899,#711,.T.);
#1111=EDGE_CURVE('',#899,#897,#130,.T.);
#1112=EDGE_CURVE('',#896,#898,#131,.T.);
#1113=EDGE_CURVE('',#900,#901,#712,.T.);
#1114=EDGE_CURVE('',#901,#899,#52,.T.);
#1115=EDGE_CURVE('',#898,#900,#53,.T.);
#1116=EDGE_CURVE('',#902,#903,#713,.T.);
#1117=EDGE_CURVE('',#903,#901,#132,.T.);
#1118=EDGE_CURVE('',#900,#902,#133,.T.);
#1119=EDGE_CURVE('',#904,#905,#714,.T.);
#1120=EDGE_CURVE('',#905,#903,#54,.T.);
#1121=EDGE_CURVE('',#902,#904,#55,.T.);
#1122=EDGE_CURVE('',#906,#907,#715,.T.);
#1123=EDGE_CURVE('',#907,#905,#134,.T.);
#1124=EDGE_CURVE('',#904,#906,#135,.T.);
#1125=EDGE_CURVE('',#908,#909,#716,.T.);
#1126=EDGE_CURVE('',#909,#907,#56,.T.);
#1127=EDGE_CURVE('',#906,#908,#57,.T.);
#1128=EDGE_CURVE('',#910,#911,#717,.T.);
#1129=EDGE_CURVE('',#911,#909,#136,.T.);
#1130=EDGE_CURVE('',#908,#910,#137,.T.);
#1131=EDGE_CURVE('',#912,#913,#718,.T.);
#1132=EDGE_CURVE('',#913,#911,#58,.T.);
#1133=EDGE_CURVE('',#910,#912,#59,.T.);
#1134=EDGE_CURVE('',#914,#915,#719,.T.);
#1135=EDGE_CURVE('',#915,#913,#138,.T.);
#1136=EDGE_CURVE('',#912,#914,#139,.T.);
#1137=EDGE_CURVE('',#916,#917,#720,.T.);
#1138=EDGE_CURVE('',#917,#915,#60,.T.);
#1139=EDGE_CURVE('',#914,#916,#61,.T.);
#1140=EDGE_CURVE('',#918,#919,#721,.T.);
#1141=EDGE_CURVE('',#919,#917,#140,.T.);
#1142=EDGE_CURVE('',#916,#918,#141,.T.);
#1143=EDGE_CURVE('',#920,#921,#722,.T.);
#1144=EDGE_CURVE('',#921,#919,#62,.T.);
#1145=EDGE_CURVE('',#918,#920,#63,.T.);
#1146=EDGE_CURVE('',#920,#891,#142,.T.);
#1147=EDGE_CURVE('',#890,#921,#143,.T.);
#1148=EDGE_CURVE('',#864,#911,#144,.T.);
#1149=EDGE_CURVE('',#909,#863,#145,.T.);
#1150=EDGE_CURVE('',#913,#865,#146,.T.);
#1151=EDGE_CURVE('',#866,#915,#147,.T.);
#1152=EDGE_CURVE('',#917,#867,#148,.T.);
#1153=EDGE_CURVE('',#868,#919,#149,.T.);
#1154=EDGE_CURVE('',#921,#869,#150,.T.);
#1155=EDGE_CURVE('',#870,#890,#151,.T.);
#1156=EDGE_CURVE('',#893,#855,#152,.T.);
#1157=EDGE_CURVE('',#922,#922,#723,.T.);
#1158=EDGE_CURVE('',#856,#895,#153,.T.);
#1159=EDGE_CURVE('',#897,#857,#154,.T.);
#1160=EDGE_CURVE('',#858,#899,#155,.T.);
#1161=EDGE_CURVE('',#901,#859,#156,.T.);
#1162=EDGE_CURVE('',#860,#903,#157,.T.);
#1163=EDGE_CURVE('',#905,#861,#158,.T.);
#1164=EDGE_CURVE('',#862,#907,#159,.T.);
#1165=EDGE_CURVE('',#923,#924,#798,.T.);
#1166=EDGE_CURVE('',#923,#925,#160,.T.);
#1167=EDGE_CURVE('',#925,#926,#724,.T.);
#1168=EDGE_CURVE('',#926,#927,#161,.T.);
#1169=EDGE_CURVE('',#927,#924,#799,.F.);
#1170=EDGE_CURVE('',#926,#928,#725,.T.);
#1171=EDGE_CURVE('',#928,#929,#162,.T.);
#1172=EDGE_CURVE('',#929,#930,#726,.T.);
#1173=EDGE_CURVE('',#930,#926,#163,.T.);
#1174=EDGE_CURVE('',#925,#928,#727,.T.);
#1175=EDGE_CURVE('',#931,#932,#800,.T.);
#1176=EDGE_CURVE('',#931,#930,#164,.T.);
#1177=EDGE_CURVE('',#930,#933,#728,.T.);
#1178=EDGE_CURVE('',#933,#934,#165,.T.);
#1179=EDGE_CURVE('',#934,#932,#801,.F.);
#1180=EDGE_CURVE('',#929,#933,#729,.T.);
#1181=EDGE_CURVE('',#927,#931,#730,.T.);
#1182=EDGE_CURVE('',#935,#936,#802,.T.);
#1183=EDGE_CURVE('',#935,#937,#166,.T.);
#1184=EDGE_CURVE('',#937,#938,#731,.T.);
#1185=EDGE_CURVE('',#938,#939,#167,.T.);
#1186=EDGE_CURVE('',#939,#936,#803,.F.);
#1187=EDGE_CURVE('',#938,#940,#732,.T.);
#1188=EDGE_CURVE('',#940,#941,#168,.T.);
#1189=EDGE_CURVE('',#941,#942,#733,.T.);
#1190=EDGE_CURVE('',#942,#938,#169,.T.);
#1191=EDGE_CURVE('',#937,#940,#734,.T.);
#1192=EDGE_CURVE('',#943,#944,#804,.T.);
#1193=EDGE_CURVE('',#943,#942,#170,.T.);
#1194=EDGE_CURVE('',#942,#945,#735,.T.);
#1195=EDGE_CURVE('',#945,#946,#171,.T.);
#1196=EDGE_CURVE('',#946,#944,#805,.F.);
#1197=EDGE_CURVE('',#941,#945,#736,.T.);
#1198=EDGE_CURVE('',#939,#943,#737,.T.);
#1199=EDGE_CURVE('',#947,#948,#806,.T.);
#1200=EDGE_CURVE('',#947,#949,#172,.T.);
#1201=EDGE_CURVE('',#949,#950,#738,.T.);
#1202=EDGE_CURVE('',#950,#951,#173,.T.);
#1203=EDGE_CURVE('',#951,#948,#807,.F.);
#1204=EDGE_CURVE('',#950,#952,#739,.T.);
#1205=EDGE_CURVE('',#952,#953,#174,.T.);
#1206=EDGE_CURVE('',#953,#954,#740,.T.);
#1207=EDGE_CURVE('',#954,#950,#175,.T.);
#1208=EDGE_CURVE('',#949,#952,#741,.T.);
#1209=EDGE_CURVE('',#955,#956,#808,.T.);
#1210=EDGE_CURVE('',#955,#954,#176,.T.);
#1211=EDGE_CURVE('',#954,#957,#742,.T.);
#1212=EDGE_CURVE('',#957,#958,#177,.T.);
#1213=EDGE_CURVE('',#958,#956,#809,.F.);
#1214=EDGE_CURVE('',#953,#957,#743,.T.);
#1215=EDGE_CURVE('',#951,#955,#744,.T.);
#1216=EDGE_CURVE('',#959,#933,#178,.T.);
#1217=EDGE_CURVE('',#934,#959,#745,.T.);
#1218=EDGE_CURVE('',#956,#936,#746,.F.);
#1219=EDGE_CURVE('',#924,#944,#747,.T.);
#1220=EDGE_CURVE('',#960,#932,#748,.T.);
#1221=EDGE_CURVE('',#960,#961,#179,.T.);
#1222=EDGE_CURVE('',#961,#961,#749,.T.);
#1223=EDGE_CURVE('',#948,#960,#750,.T.);
#1224=EDGE_CURVE('',#962,#945,#180,.T.);
#1225=EDGE_CURVE('',#946,#962,#751,.T.);
#1226=EDGE_CURVE('',#963,#957,#181,.T.);
#1227=EDGE_CURVE('',#958,#963,#752,.T.);
#1228=EDGE_CURVE('',#929,#964,#182,.T.);
#1229=EDGE_CURVE('',#959,#964,#810,.T.);
#1230=EDGE_CURVE('',#925,#965,#183,.T.);
#1231=EDGE_CURVE('',#966,#965,#811,.T.);
#1232=EDGE_CURVE('',#966,#928,#184,.T.);
#1233=EDGE_CURVE('',#941,#967,#185,.T.);
#1234=EDGE_CURVE('',#962,#967,#812,.T.);
#1235=EDGE_CURVE('',#937,#968,#186,.T.);
#1236=EDGE_CURVE('',#969,#968,#813,.T.);
#1237=EDGE_CURVE('',#969,#940,#187,.T.);
#1238=EDGE_CURVE('',#953,#970,#188,.T.);
#1239=EDGE_CURVE('',#963,#970,#814,.T.);
#1240=EDGE_CURVE('',#949,#971,#189,.T.);
#1241=EDGE_CURVE('',#972,#971,#815,.T.);
#1242=EDGE_CURVE('',#972,#952,#190,.T.);
#1243=EDGE_CURVE('',#964,#966,#753,.T.);
#1244=EDGE_CURVE('',#965,#923,#754,.T.);
#1245=EDGE_CURVE('',#967,#969,#755,.T.);
#1246=EDGE_CURVE('',#968,#935,#756,.T.);
#1247=EDGE_CURVE('',#970,#972,#757,.T.);
#1248=EDGE_CURVE('',#971,#947,#758,.T.);
#1249=EDGE_CURVE('',#960,#973,#759,.T.);
#1250=EDGE_CURVE('',#973,#973,#760,.T.);
#1251=EDGE_CURVE('',#974,#975,#64,.T.);
#1252=EDGE_CURVE('',#872,#974,#191,.T.);
#1253=EDGE_CURVE('',#975,#871,#192,.T.);
#1254=EDGE_CURVE('',#976,#977,#65,.T.);
#1255=EDGE_CURVE('',#874,#976,#193,.T.);
#1256=EDGE_CURVE('',#977,#873,#194,.T.);
#1257=EDGE_CURVE('',#977,#974,#761,.T.);
#1258=EDGE_CURVE('',#976,#978,#762,.T.);
#1259=EDGE_CURVE('',#978,#875,#195,.T.);
#1260=EDGE_CURVE('',#979,#978,#66,.T.);
#1261=EDGE_CURVE('',#876,#979,#196,.T.);
#1262=EDGE_CURVE('',#980,#981,#67,.T.);
#1263=EDGE_CURVE('',#878,#980,#197,.T.);
#1264=EDGE_CURVE('',#981,#877,#198,.T.);
#1265=EDGE_CURVE('',#981,#979,#763,.T.);
#1266=EDGE_CURVE('',#980,#821,#764,.T.);
#1267=EDGE_CURVE('',#852,#982,#199,.T.);
#1268=EDGE_CURVE('',#982,#975,#765,.T.);
#1269=EDGE_CURVE('',#983,#984,#68,.T.);
#1270=EDGE_CURVE('',#830,#983,#200,.T.);
#1271=EDGE_CURVE('',#984,#829,#201,.T.);
#1272=EDGE_CURVE('',#985,#986,#69,.T.);
#1273=EDGE_CURVE('',#832,#985,#202,.T.);
#1274=EDGE_CURVE('',#986,#831,#203,.T.);
#1275=EDGE_CURVE('',#986,#983,#766,.T.);
#1276=EDGE_CURVE('',#985,#987,#767,.T.);
#1277=EDGE_CURVE('',#987,#833,#204,.T.);
#1278=EDGE_CURVE('',#988,#987,#70,.T.);
#1279=EDGE_CURVE('',#834,#988,#205,.T.);
#1280=EDGE_CURVE('',#989,#990,#71,.T.);
#1281=EDGE_CURVE('',#836,#989,#206,.T.);
#1282=EDGE_CURVE('',#990,#835,#207,.T.);
#1283=EDGE_CURVE('',#990,#988,#768,.T.);
#1284=EDGE_CURVE('',#989,#991,#769,.T.);
#1285=EDGE_CURVE('',#991,#837,#208,.T.);
#1286=EDGE_CURVE('',#888,#984,#770,.T.);
#1287=EDGE_CURVE('',#992,#991,#72,.T.);
#1288=EDGE_CURVE('',#838,#992,#209,.T.);
#1289=EDGE_CURVE('',#993,#994,#73,.T.);
#1290=EDGE_CURVE('',#840,#993,#210,.T.);
#1291=EDGE_CURVE('',#994,#839,#211,.T.);
#1292=EDGE_CURVE('',#994,#992,#771,.T.);
#1293=EDGE_CURVE('',#993,#995,#772,.T.);
#1294=EDGE_CURVE('',#995,#841,#212,.T.);
#1295=EDGE_CURVE('',#996,#995,#74,.T.);
#1296=EDGE_CURVE('',#842,#996,#213,.T.);
#1297=EDGE_CURVE('',#997,#998,#75,.T.);
#1298=EDGE_CURVE('',#844,#997,#214,.T.);
#1299=EDGE_CURVE('',#998,#843,#215,.T.);
#1300=EDGE_CURVE('',#998,#996,#773,.T.);
#1301=EDGE_CURVE('',#997,#999,#774,.T.);
#1302=EDGE_CURVE('',#999,#1000,#216,.T.);
#1303=EDGE_CURVE('',#1000,#1001,#775,.T.);
#1304=EDGE_CURVE('',#1001,#1002,#217,.T.);
#1305=EDGE_CURVE('',#1002,#1003,#776,.T.);
#1306=EDGE_CURVE('',#1003,#845,#218,.T.);
#1307=EDGE_CURVE('',#1004,#1004,#777,.T.);
#1308=EDGE_CURVE('',#1005,#1003,#76,.T.);
#1309=EDGE_CURVE('',#846,#1005,#219,.T.);
#1310=EDGE_CURVE('',#1006,#1007,#77,.T.);
#1311=EDGE_CURVE('',#848,#1006,#220,.T.);
#1312=EDGE_CURVE('',#1007,#847,#221,.T.);
#1313=EDGE_CURVE('',#1007,#1005,#778,.T.);
#1314=EDGE_CURVE('',#1006,#1008,#779,.T.);
#1315=EDGE_CURVE('',#1008,#849,#222,.T.);
#1316=EDGE_CURVE('',#1009,#1008,#78,.T.);
#1317=EDGE_CURVE('',#850,#1009,#223,.T.);
#1318=EDGE_CURVE('',#982,#1010,#79,.T.);
#1319=EDGE_CURVE('',#1010,#851,#224,.T.);
#1320=EDGE_CURVE('',#1010,#1009,#780,.T.);
#1321=EDGE_CURVE('',#922,#961,#781,.T.);
#1322=EDGE_CURVE('',#822,#1011,#782,.F.);
#1323=EDGE_CURVE('',#1011,#1012,#225,.F.);
#1324=EDGE_CURVE('',#1012,#1013,#783,.F.);
#1325=EDGE_CURVE('',#1013,#1014,#226,.F.);
#1326=EDGE_CURVE('',#1014,#887,#784,.F.);
#1327=EDGE_CURVE('',#1015,#1015,#785,.T.);
#1328=EDGE_CURVE('',#999,#1014,#116,.F.);
#1329=EDGE_CURVE('',#1015,#1004,#227,.T.);
#1330=EDGE_CURVE('',#1002,#1011,#117,.F.);
#1331=EDGE_CURVE('',#1000,#1013,#228,.T.);
#1332=EDGE_CURVE('',#1001,#1012,#229,.T.);
#1333=EDGE_CURVE('',#889,#883,#230,.T.);
#1334=ORIENTED_EDGE('',*,*,#1016,.T.);
#1335=ORIENTED_EDGE('',*,*,#1017,.T.);
#1336=ORIENTED_EDGE('',*,*,#1018,.T.);
#1337=ORIENTED_EDGE('',*,*,#1019,.T.);
#1338=ORIENTED_EDGE('',*,*,#1016,.F.);
#1339=ORIENTED_EDGE('',*,*,#1020,.T.);
#1340=ORIENTED_EDGE('',*,*,#1021,.T.);
#1341=ORIENTED_EDGE('',*,*,#1022,.T.);
#1342=ORIENTED_EDGE('',*,*,#1023,.T.);
#1343=ORIENTED_EDGE('',*,*,#1024,.F.);
#1344=ORIENTED_EDGE('',*,*,#1025,.F.);
#1345=ORIENTED_EDGE('',*,*,#1026,.F.);
#1346=ORIENTED_EDGE('',*,*,#1027,.T.);
#1347=ORIENTED_EDGE('',*,*,#1028,.F.);
#1348=ORIENTED_EDGE('',*,*,#1019,.F.);
#1349=ORIENTED_EDGE('',*,*,#1029,.F.);
#1350=ORIENTED_EDGE('',*,*,#1030,.T.);
#1351=ORIENTED_EDGE('',*,*,#1031,.T.);
#1352=ORIENTED_EDGE('',*,*,#1032,.T.);
#1353=ORIENTED_EDGE('',*,*,#1033,.T.);
#1354=ORIENTED_EDGE('',*,*,#1034,.T.);
#1355=ORIENTED_EDGE('',*,*,#1035,.T.);
#1356=ORIENTED_EDGE('',*,*,#1036,.T.);
#1357=ORIENTED_EDGE('',*,*,#1037,.T.);
#1358=ORIENTED_EDGE('',*,*,#1038,.T.);
#1359=ORIENTED_EDGE('',*,*,#1039,.T.);
#1360=ORIENTED_EDGE('',*,*,#1040,.T.);
#1361=ORIENTED_EDGE('',*,*,#1041,.T.);
#1362=ORIENTED_EDGE('',*,*,#1042,.T.);
#1363=ORIENTED_EDGE('',*,*,#1043,.T.);
#1364=ORIENTED_EDGE('',*,*,#1044,.T.);
#1365=ORIENTED_EDGE('',*,*,#1045,.T.);
#1366=ORIENTED_EDGE('',*,*,#1046,.T.);
#1367=ORIENTED_EDGE('',*,*,#1047,.T.);
#1368=ORIENTED_EDGE('',*,*,#1048,.T.);
#1369=ORIENTED_EDGE('',*,*,#1049,.T.);
#1370=ORIENTED_EDGE('',*,*,#1050,.T.);
#1371=ORIENTED_EDGE('',*,*,#1051,.T.);
#1372=ORIENTED_EDGE('',*,*,#1052,.T.);
#1373=ORIENTED_EDGE('',*,*,#1053,.T.);
#1374=ORIENTED_EDGE('',*,*,#1054,.T.);
#1375=ORIENTED_EDGE('',*,*,#1055,.T.);
#1376=ORIENTED_EDGE('',*,*,#1056,.F.);
#1377=ORIENTED_EDGE('',*,*,#1057,.T.);
#1378=ORIENTED_EDGE('',*,*,#1058,.F.);
#1379=ORIENTED_EDGE('',*,*,#1059,.T.);
#1380=ORIENTED_EDGE('',*,*,#1060,.F.);
#1381=ORIENTED_EDGE('',*,*,#1061,.T.);
#1382=ORIENTED_EDGE('',*,*,#1062,.F.);
#1383=ORIENTED_EDGE('',*,*,#1063,.F.);
#1384=ORIENTED_EDGE('',*,*,#1064,.F.);
#1385=ORIENTED_EDGE('',*,*,#1065,.F.);
#1386=ORIENTED_EDGE('',*,*,#1066,.F.);
#1387=ORIENTED_EDGE('',*,*,#1067,.F.);
#1388=ORIENTED_EDGE('',*,*,#1068,.F.);
#1389=ORIENTED_EDGE('',*,*,#1069,.F.);
#1390=ORIENTED_EDGE('',*,*,#1070,.F.);
#1391=ORIENTED_EDGE('',*,*,#1071,.T.);
#1392=ORIENTED_EDGE('',*,*,#1072,.F.);
#1393=ORIENTED_EDGE('',*,*,#1055,.F.);
#1394=ORIENTED_EDGE('',*,*,#1073,.T.);
#1395=ORIENTED_EDGE('',*,*,#1074,.T.);
#1396=ORIENTED_EDGE('',*,*,#1075,.T.);
#1397=ORIENTED_EDGE('',*,*,#1076,.T.);
#1398=ORIENTED_EDGE('',*,*,#1077,.T.);
#1399=ORIENTED_EDGE('',*,*,#1078,.T.);
#1400=ORIENTED_EDGE('',*,*,#1079,.T.);
#1401=ORIENTED_EDGE('',*,*,#1080,.T.);
#1402=ORIENTED_EDGE('',*,*,#1081,.T.);
#1403=ORIENTED_EDGE('',*,*,#1020,.F.);
#1404=ORIENTED_EDGE('',*,*,#1082,.F.);
#1405=ORIENTED_EDGE('',*,*,#1083,.F.);
#1406=ORIENTED_EDGE('',*,*,#1083,.T.);
#1407=ORIENTED_EDGE('',*,*,#1084,.F.);
#1408=ORIENTED_EDGE('',*,*,#1085,.F.);
#1409=ORIENTED_EDGE('',*,*,#1086,.T.);
#1410=ORIENTED_EDGE('',*,*,#1026,.T.);
#1411=ORIENTED_EDGE('',*,*,#1087,.F.);
#1412=ORIENTED_EDGE('',*,*,#1088,.F.);
#1413=ORIENTED_EDGE('',*,*,#1082,.T.);
#1414=ORIENTED_EDGE('',*,*,#1087,.T.);
#1415=ORIENTED_EDGE('',*,*,#1025,.T.);
#1416=ORIENTED_EDGE('',*,*,#1089,.T.);
#1417=ORIENTED_EDGE('',*,*,#1090,.T.);
#1418=ORIENTED_EDGE('',*,*,#1084,.T.);
#1419=ORIENTED_EDGE('',*,*,#1089,.F.);
#1420=ORIENTED_EDGE('',*,*,#1024,.T.);
#1421=ORIENTED_EDGE('',*,*,#1091,.F.);
#1422=ORIENTED_EDGE('',*,*,#1092,.F.);
#1423=ORIENTED_EDGE('',*,*,#1018,.F.);
#1424=ORIENTED_EDGE('',*,*,#1093,.F.);
#1425=ORIENTED_EDGE('',*,*,#1094,.F.);
#1426=ORIENTED_EDGE('',*,*,#1085,.T.);
#1427=ORIENTED_EDGE('',*,*,#1090,.F.);
#1428=ORIENTED_EDGE('',*,*,#1092,.T.);
#1429=ORIENTED_EDGE('',*,*,#1095,.F.);
#1430=ORIENTED_EDGE('',*,*,#1096,.T.);
#1431=ORIENTED_EDGE('',*,*,#1097,.T.);
#1432=ORIENTED_EDGE('',*,*,#1029,.T.);
#1433=ORIENTED_EDGE('',*,*,#1017,.F.);
#1434=ORIENTED_EDGE('',*,*,#1028,.T.);
#1435=ORIENTED_EDGE('',*,*,#1098,.T.);
#1436=ORIENTED_EDGE('',*,*,#1093,.T.);
#1437=ORIENTED_EDGE('',*,*,#1099,.T.);
#1438=ORIENTED_EDGE('',*,*,#1100,.T.);
#1439=ORIENTED_EDGE('',*,*,#1101,.T.);
#1440=ORIENTED_EDGE('',*,*,#1102,.T.);
#1441=ORIENTED_EDGE('',*,*,#1103,.T.);
#1442=ORIENTED_EDGE('',*,*,#1104,.T.);
#1443=ORIENTED_EDGE('',*,*,#1105,.T.);
#1444=ORIENTED_EDGE('',*,*,#1102,.F.);
#1445=ORIENTED_EDGE('',*,*,#1106,.T.);
#1446=ORIENTED_EDGE('',*,*,#1107,.T.);
#1447=ORIENTED_EDGE('',*,*,#1108,.T.);
#1448=ORIENTED_EDGE('',*,*,#1104,.F.);
#1449=ORIENTED_EDGE('',*,*,#1109,.T.);
#1450=ORIENTED_EDGE('',*,*,#1110,.T.);
#1451=ORIENTED_EDGE('',*,*,#1111,.T.);
#1452=ORIENTED_EDGE('',*,*,#1107,.F.);
#1453=ORIENTED_EDGE('',*,*,#1112,.T.);
#1454=ORIENTED_EDGE('',*,*,#1113,.T.);
#1455=ORIENTED_EDGE('',*,*,#1114,.T.);
#1456=ORIENTED_EDGE('',*,*,#1110,.F.);
#1457=ORIENTED_EDGE('',*,*,#1115,.T.);
#1458=ORIENTED_EDGE('',*,*,#1116,.T.);
#1459=ORIENTED_EDGE('',*,*,#1117,.T.);
#1460=ORIENTED_EDGE('',*,*,#1113,.F.);
#1461=ORIENTED_EDGE('',*,*,#1118,.T.);
#1462=ORIENTED_EDGE('',*,*,#1119,.T.);
#1463=ORIENTED_EDGE('',*,*,#1120,.T.);
#1464=ORIENTED_EDGE('',*,*,#1116,.F.);
#1465=ORIENTED_EDGE('',*,*,#1121,.T.);
#1466=ORIENTED_EDGE('',*,*,#1122,.T.);
#1467=ORIENTED_EDGE('',*,*,#1123,.T.);
#1468=ORIENTED_EDGE('',*,*,#1119,.F.);
#1469=ORIENTED_EDGE('',*,*,#1124,.T.);
#1470=ORIENTED_EDGE('',*,*,#1125,.T.);
#1471=ORIENTED_EDGE('',*,*,#1126,.T.);
#1472=ORIENTED_EDGE('',*,*,#1122,.F.);
#1473=ORIENTED_EDGE('',*,*,#1127,.T.);
#1474=ORIENTED_EDGE('',*,*,#1128,.T.);
#1475=ORIENTED_EDGE('',*,*,#1129,.T.);
#1476=ORIENTED_EDGE('',*,*,#1125,.F.);
#1477=ORIENTED_EDGE('',*,*,#1130,.T.);
#1478=ORIENTED_EDGE('',*,*,#1131,.T.);
#1479=ORIENTED_EDGE('',*,*,#1132,.T.);
#1480=ORIENTED_EDGE('',*,*,#1128,.F.);
#1481=ORIENTED_EDGE('',*,*,#1133,.T.);
#1482=ORIENTED_EDGE('',*,*,#1134,.T.);
#1483=ORIENTED_EDGE('',*,*,#1135,.T.);
#1484=ORIENTED_EDGE('',*,*,#1131,.F.);
#1485=ORIENTED_EDGE('',*,*,#1136,.T.);
#1486=ORIENTED_EDGE('',*,*,#1137,.T.);
#1487=ORIENTED_EDGE('',*,*,#1138,.T.);
#1488=ORIENTED_EDGE('',*,*,#1134,.F.);
#1489=ORIENTED_EDGE('',*,*,#1139,.T.);
#1490=ORIENTED_EDGE('',*,*,#1140,.T.);
#1491=ORIENTED_EDGE('',*,*,#1141,.T.);
#1492=ORIENTED_EDGE('',*,*,#1137,.F.);
#1493=ORIENTED_EDGE('',*,*,#1142,.T.);
#1494=ORIENTED_EDGE('',*,*,#1143,.T.);
#1495=ORIENTED_EDGE('',*,*,#1144,.T.);
#1496=ORIENTED_EDGE('',*,*,#1140,.F.);
#1497=ORIENTED_EDGE('',*,*,#1145,.T.);
#1498=ORIENTED_EDGE('',*,*,#1143,.F.);
#1499=ORIENTED_EDGE('',*,*,#1146,.T.);
#1500=ORIENTED_EDGE('',*,*,#1100,.F.);
#1501=ORIENTED_EDGE('',*,*,#1147,.T.);
#1502=ORIENTED_EDGE('',*,*,#1129,.F.);
#1503=ORIENTED_EDGE('',*,*,#1148,.F.);
#1504=ORIENTED_EDGE('',*,*,#1065,.T.);
#1505=ORIENTED_EDGE('',*,*,#1149,.F.);
#1506=ORIENTED_EDGE('',*,*,#1132,.F.);
#1507=ORIENTED_EDGE('',*,*,#1150,.T.);
#1508=ORIENTED_EDGE('',*,*,#1066,.T.);
#1509=ORIENTED_EDGE('',*,*,#1148,.T.);
#1510=ORIENTED_EDGE('',*,*,#1135,.F.);
#1511=ORIENTED_EDGE('',*,*,#1151,.F.);
#1512=ORIENTED_EDGE('',*,*,#1067,.T.);
#1513=ORIENTED_EDGE('',*,*,#1150,.F.);
#1514=ORIENTED_EDGE('',*,*,#1138,.F.);
#1515=ORIENTED_EDGE('',*,*,#1152,.T.);
#1516=ORIENTED_EDGE('',*,*,#1068,.T.);
#1517=ORIENTED_EDGE('',*,*,#1151,.T.);
#1518=ORIENTED_EDGE('',*,*,#1141,.F.);
#1519=ORIENTED_EDGE('',*,*,#1153,.F.);
#1520=ORIENTED_EDGE('',*,*,#1069,.T.);
#1521=ORIENTED_EDGE('',*,*,#1152,.F.);
#1522=ORIENTED_EDGE('',*,*,#1144,.F.);
#1523=ORIENTED_EDGE('',*,*,#1154,.T.);
#1524=ORIENTED_EDGE('',*,*,#1070,.T.);
#1525=ORIENTED_EDGE('',*,*,#1153,.T.);
#1526=ORIENTED_EDGE('',*,*,#1147,.F.);
#1527=ORIENTED_EDGE('',*,*,#1155,.F.);
#1528=ORIENTED_EDGE('',*,*,#1071,.F.);
#1529=ORIENTED_EDGE('',*,*,#1154,.F.);
#1530=ORIENTED_EDGE('',*,*,#1103,.F.);
#1531=ORIENTED_EDGE('',*,*,#1156,.T.);
#1532=ORIENTED_EDGE('',*,*,#1056,.T.);
#1533=ORIENTED_EDGE('',*,*,#1072,.T.);
#1534=ORIENTED_EDGE('',*,*,#1155,.T.);
#1535=ORIENTED_EDGE('',*,*,#1157,.F.);
#1536=ORIENTED_EDGE('',*,*,#1101,.F.);
#1537=ORIENTED_EDGE('',*,*,#1146,.F.);
#1538=ORIENTED_EDGE('',*,*,#1145,.F.);
#1539=ORIENTED_EDGE('',*,*,#1142,.F.);
#1540=ORIENTED_EDGE('',*,*,#1139,.F.);
#1541=ORIENTED_EDGE('',*,*,#1136,.F.);
#1542=ORIENTED_EDGE('',*,*,#1133,.F.);
#1543=ORIENTED_EDGE('',*,*,#1130,.F.);
#1544=ORIENTED_EDGE('',*,*,#1127,.F.);
#1545=ORIENTED_EDGE('',*,*,#1124,.F.);
#1546=ORIENTED_EDGE('',*,*,#1121,.F.);
#1547=ORIENTED_EDGE('',*,*,#1118,.F.);
#1548=ORIENTED_EDGE('',*,*,#1115,.F.);
#1549=ORIENTED_EDGE('',*,*,#1112,.F.);
#1550=ORIENTED_EDGE('',*,*,#1109,.F.);
#1551=ORIENTED_EDGE('',*,*,#1106,.F.);
#1552=ORIENTED_EDGE('',*,*,#1105,.F.);
#1553=ORIENTED_EDGE('',*,*,#1158,.F.);
#1554=ORIENTED_EDGE('',*,*,#1057,.F.);
#1555=ORIENTED_EDGE('',*,*,#1156,.F.);
#1556=ORIENTED_EDGE('',*,*,#1108,.F.);
#1557=ORIENTED_EDGE('',*,*,#1159,.T.);
#1558=ORIENTED_EDGE('',*,*,#1058,.T.);
#1559=ORIENTED_EDGE('',*,*,#1158,.T.);
#1560=ORIENTED_EDGE('',*,*,#1111,.F.);
#1561=ORIENTED_EDGE('',*,*,#1160,.F.);
#1562=ORIENTED_EDGE('',*,*,#1059,.F.);
#1563=ORIENTED_EDGE('',*,*,#1159,.F.);
#1564=ORIENTED_EDGE('',*,*,#1114,.F.);
#1565=ORIENTED_EDGE('',*,*,#1161,.T.);
#1566=ORIENTED_EDGE('',*,*,#1060,.T.);
#1567=ORIENTED_EDGE('',*,*,#1160,.T.);
#1568=ORIENTED_EDGE('',*,*,#1117,.F.);
#1569=ORIENTED_EDGE('',*,*,#1162,.F.);
#1570=ORIENTED_EDGE('',*,*,#1061,.F.);
#1571=ORIENTED_EDGE('',*,*,#1161,.F.);
#1572=ORIENTED_EDGE('',*,*,#1120,.F.);
#1573=ORIENTED_EDGE('',*,*,#1163,.T.);
#1574=ORIENTED_EDGE('',*,*,#1062,.T.);
#1575=ORIENTED_EDGE('',*,*,#1162,.T.);
#1576=ORIENTED_EDGE('',*,*,#1123,.F.);
#1577=ORIENTED_EDGE('',*,*,#1164,.F.);
#1578=ORIENTED_EDGE('',*,*,#1063,.T.);
#1579=ORIENTED_EDGE('',*,*,#1163,.F.);
#1580=ORIENTED_EDGE('',*,*,#1126,.F.);
#1581=ORIENTED_EDGE('',*,*,#1149,.T.);
#1582=ORIENTED_EDGE('',*,*,#1064,.T.);
#1583=ORIENTED_EDGE('',*,*,#1164,.T.);
#1584=ORIENTED_EDGE('',*,*,#1165,.F.);
#1585=ORIENTED_EDGE('',*,*,#1166,.T.);
#1586=ORIENTED_EDGE('',*,*,#1167,.T.);
#1587=ORIENTED_EDGE('',*,*,#1168,.T.);
#1588=ORIENTED_EDGE('',*,*,#1169,.T.);
#1589=ORIENTED_EDGE('',*,*,#1170,.T.);
#1590=ORIENTED_EDGE('',*,*,#1171,.T.);
#1591=ORIENTED_EDGE('',*,*,#1172,.T.);
#1592=ORIENTED_EDGE('',*,*,#1173,.T.);
#1593=ORIENTED_EDGE('',*,*,#1170,.F.);
#1594=ORIENTED_EDGE('',*,*,#1167,.F.);
#1595=ORIENTED_EDGE('',*,*,#1174,.T.);
#1596=ORIENTED_EDGE('',*,*,#1175,.F.);
#1597=ORIENTED_EDGE('',*,*,#1176,.T.);
#1598=ORIENTED_EDGE('',*,*,#1177,.T.);
#1599=ORIENTED_EDGE('',*,*,#1178,.T.);
#1600=ORIENTED_EDGE('',*,*,#1179,.T.);
#1601=ORIENTED_EDGE('',*,*,#1177,.F.);
#1602=ORIENTED_EDGE('',*,*,#1172,.F.);
#1603=ORIENTED_EDGE('',*,*,#1180,.T.);
#1604=ORIENTED_EDGE('',*,*,#1168,.F.);
#1605=ORIENTED_EDGE('',*,*,#1173,.F.);
#1606=ORIENTED_EDGE('',*,*,#1176,.F.);
#1607=ORIENTED_EDGE('',*,*,#1181,.F.);
#1608=ORIENTED_EDGE('',*,*,#1182,.F.);
#1609=ORIENTED_EDGE('',*,*,#1183,.T.);
#1610=ORIENTED_EDGE('',*,*,#1184,.T.);
#1611=ORIENTED_EDGE('',*,*,#1185,.T.);
#1612=ORIENTED_EDGE('',*,*,#1186,.T.);
#1613=ORIENTED_EDGE('',*,*,#1187,.T.);
#1614=ORIENTED_EDGE('',*,*,#1188,.T.);
#1615=ORIENTED_EDGE('',*,*,#1189,.T.);
#1616=ORIENTED_EDGE('',*,*,#1190,.T.);
#1617=ORIENTED_EDGE('',*,*,#1187,.F.);
#1618=ORIENTED_EDGE('',*,*,#1184,.F.);
#1619=ORIENTED_EDGE('',*,*,#1191,.T.);
#1620=ORIENTED_EDGE('',*,*,#1192,.F.);
#1621=ORIENTED_EDGE('',*,*,#1193,.T.);
#1622=ORIENTED_EDGE('',*,*,#1194,.T.);
#1623=ORIENTED_EDGE('',*,*,#1195,.T.);
#1624=ORIENTED_EDGE('',*,*,#1196,.T.);
#1625=ORIENTED_EDGE('',*,*,#1194,.F.);
#1626=ORIENTED_EDGE('',*,*,#1189,.F.);
#1627=ORIENTED_EDGE('',*,*,#1197,.T.);
#1628=ORIENTED_EDGE('',*,*,#1185,.F.);
#1629=ORIENTED_EDGE('',*,*,#1190,.F.);
#1630=ORIENTED_EDGE('',*,*,#1193,.F.);
#1631=ORIENTED_EDGE('',*,*,#1198,.F.);
#1632=ORIENTED_EDGE('',*,*,#1199,.F.);
#1633=ORIENTED_EDGE('',*,*,#1200,.T.);
#1634=ORIENTED_EDGE('',*,*,#1201,.T.);
#1635=ORIENTED_EDGE('',*,*,#1202,.T.);
#1636=ORIENTED_EDGE('',*,*,#1203,.T.);
#1637=ORIENTED_EDGE('',*,*,#1204,.T.);
#1638=ORIENTED_EDGE('',*,*,#1205,.T.);
#1639=ORIENTED_EDGE('',*,*,#1206,.T.);
#1640=ORIENTED_EDGE('',*,*,#1207,.T.);
#1641=ORIENTED_EDGE('',*,*,#1204,.F.);
#1642=ORIENTED_EDGE('',*,*,#1201,.F.);
#1643=ORIENTED_EDGE('',*,*,#1208,.T.);
#1644=ORIENTED_EDGE('',*,*,#1209,.F.);
#1645=ORIENTED_EDGE('',*,*,#1210,.T.);
#1646=ORIENTED_EDGE('',*,*,#1211,.T.);
#1647=ORIENTED_EDGE('',*,*,#1212,.T.);
#1648=ORIENTED_EDGE('',*,*,#1213,.T.);
#1649=ORIENTED_EDGE('',*,*,#1211,.F.);
#1650=ORIENTED_EDGE('',*,*,#1206,.F.);
#1651=ORIENTED_EDGE('',*,*,#1214,.T.);
#1652=ORIENTED_EDGE('',*,*,#1202,.F.);
#1653=ORIENTED_EDGE('',*,*,#1207,.F.);
#1654=ORIENTED_EDGE('',*,*,#1210,.F.);
#1655=ORIENTED_EDGE('',*,*,#1215,.F.);
#1656=ORIENTED_EDGE('',*,*,#1178,.F.);
#1657=ORIENTED_EDGE('',*,*,#1216,.F.);
#1658=ORIENTED_EDGE('',*,*,#1217,.F.);
#1659=ORIENTED_EDGE('',*,*,#1215,.T.);
#1660=ORIENTED_EDGE('',*,*,#1209,.T.);
#1661=ORIENTED_EDGE('',*,*,#1218,.T.);
#1662=ORIENTED_EDGE('',*,*,#1186,.F.);
#1663=ORIENTED_EDGE('',*,*,#1198,.T.);
#1664=ORIENTED_EDGE('',*,*,#1192,.T.);
#1665=ORIENTED_EDGE('',*,*,#1219,.F.);
#1666=ORIENTED_EDGE('',*,*,#1169,.F.);
#1667=ORIENTED_EDGE('',*,*,#1181,.T.);
#1668=ORIENTED_EDGE('',*,*,#1175,.T.);
#1669=ORIENTED_EDGE('',*,*,#1220,.F.);
#1670=ORIENTED_EDGE('',*,*,#1221,.T.);
#1671=ORIENTED_EDGE('',*,*,#1222,.F.);
#1672=ORIENTED_EDGE('',*,*,#1221,.F.);
#1673=ORIENTED_EDGE('',*,*,#1223,.F.);
#1674=ORIENTED_EDGE('',*,*,#1203,.F.);
#1675=ORIENTED_EDGE('',*,*,#1195,.F.);
#1676=ORIENTED_EDGE('',*,*,#1224,.F.);
#1677=ORIENTED_EDGE('',*,*,#1225,.F.);
#1678=ORIENTED_EDGE('',*,*,#1212,.F.);
#1679=ORIENTED_EDGE('',*,*,#1226,.F.);
#1680=ORIENTED_EDGE('',*,*,#1227,.F.);
#1681=ORIENTED_EDGE('',*,*,#1180,.F.);
#1682=ORIENTED_EDGE('',*,*,#1228,.T.);
#1683=ORIENTED_EDGE('',*,*,#1229,.F.);
#1684=ORIENTED_EDGE('',*,*,#1216,.T.);
#1685=ORIENTED_EDGE('',*,*,#1174,.F.);
#1686=ORIENTED_EDGE('',*,*,#1230,.T.);
#1687=ORIENTED_EDGE('',*,*,#1231,.F.);
#1688=ORIENTED_EDGE('',*,*,#1232,.T.);
#1689=ORIENTED_EDGE('',*,*,#1197,.F.);
#1690=ORIENTED_EDGE('',*,*,#1233,.T.);
#1691=ORIENTED_EDGE('',*,*,#1234,.F.);
#1692=ORIENTED_EDGE('',*,*,#1224,.T.);
#1693=ORIENTED_EDGE('',*,*,#1191,.F.);
#1694=ORIENTED_EDGE('',*,*,#1235,.T.);
#1695=ORIENTED_EDGE('',*,*,#1236,.F.);
#1696=ORIENTED_EDGE('',*,*,#1237,.T.);
#1697=ORIENTED_EDGE('',*,*,#1214,.F.);
#1698=ORIENTED_EDGE('',*,*,#1238,.T.);
#1699=ORIENTED_EDGE('',*,*,#1239,.F.);
#1700=ORIENTED_EDGE('',*,*,#1226,.T.);
#1701=ORIENTED_EDGE('',*,*,#1208,.F.);
#1702=ORIENTED_EDGE('',*,*,#1240,.T.);
#1703=ORIENTED_EDGE('',*,*,#1241,.F.);
#1704=ORIENTED_EDGE('',*,*,#1242,.T.);
#1705=ORIENTED_EDGE('',*,*,#1171,.F.);
#1706=ORIENTED_EDGE('',*,*,#1232,.F.);
#1707=ORIENTED_EDGE('',*,*,#1243,.F.);
#1708=ORIENTED_EDGE('',*,*,#1228,.F.);
#1709=ORIENTED_EDGE('',*,*,#1166,.F.);
#1710=ORIENTED_EDGE('',*,*,#1244,.F.);
#1711=ORIENTED_EDGE('',*,*,#1230,.F.);
#1712=ORIENTED_EDGE('',*,*,#1188,.F.);
#1713=ORIENTED_EDGE('',*,*,#1237,.F.);
#1714=ORIENTED_EDGE('',*,*,#1245,.F.);
#1715=ORIENTED_EDGE('',*,*,#1233,.F.);
#1716=ORIENTED_EDGE('',*,*,#1183,.F.);
#1717=ORIENTED_EDGE('',*,*,#1246,.F.);
#1718=ORIENTED_EDGE('',*,*,#1235,.F.);
#1719=ORIENTED_EDGE('',*,*,#1205,.F.);
#1720=ORIENTED_EDGE('',*,*,#1242,.F.);
#1721=ORIENTED_EDGE('',*,*,#1247,.F.);
#1722=ORIENTED_EDGE('',*,*,#1238,.F.);
#1723=ORIENTED_EDGE('',*,*,#1200,.F.);
#1724=ORIENTED_EDGE('',*,*,#1248,.F.);
#1725=ORIENTED_EDGE('',*,*,#1240,.F.);
#1726=ORIENTED_EDGE('',*,*,#1225,.T.);
#1727=ORIENTED_EDGE('',*,*,#1234,.T.);
#1728=ORIENTED_EDGE('',*,*,#1245,.T.);
#1729=ORIENTED_EDGE('',*,*,#1236,.T.);
#1730=ORIENTED_EDGE('',*,*,#1246,.T.);
#1731=ORIENTED_EDGE('',*,*,#1182,.T.);
#1732=ORIENTED_EDGE('',*,*,#1218,.F.);
#1733=ORIENTED_EDGE('',*,*,#1213,.F.);
#1734=ORIENTED_EDGE('',*,*,#1227,.T.);
#1735=ORIENTED_EDGE('',*,*,#1239,.T.);
#1736=ORIENTED_EDGE('',*,*,#1247,.T.);
#1737=ORIENTED_EDGE('',*,*,#1241,.T.);
#1738=ORIENTED_EDGE('',*,*,#1248,.T.);
#1739=ORIENTED_EDGE('',*,*,#1199,.T.);
#1740=ORIENTED_EDGE('',*,*,#1223,.T.);
#1741=ORIENTED_EDGE('',*,*,#1249,.T.);
#1742=ORIENTED_EDGE('',*,*,#1250,.F.);
#1743=ORIENTED_EDGE('',*,*,#1249,.F.);
#1744=ORIENTED_EDGE('',*,*,#1220,.T.);
#1745=ORIENTED_EDGE('',*,*,#1179,.F.);
#1746=ORIENTED_EDGE('',*,*,#1217,.T.);
#1747=ORIENTED_EDGE('',*,*,#1229,.T.);
#1748=ORIENTED_EDGE('',*,*,#1243,.T.);
#1749=ORIENTED_EDGE('',*,*,#1231,.T.);
#1750=ORIENTED_EDGE('',*,*,#1244,.T.);
#1751=ORIENTED_EDGE('',*,*,#1165,.T.);
#1752=ORIENTED_EDGE('',*,*,#1219,.T.);
#1753=ORIENTED_EDGE('',*,*,#1196,.F.);
#1754=ORIENTED_EDGE('',*,*,#1251,.F.);
#1755=ORIENTED_EDGE('',*,*,#1252,.F.);
#1756=ORIENTED_EDGE('',*,*,#1074,.F.);
#1757=ORIENTED_EDGE('',*,*,#1253,.F.);
#1758=ORIENTED_EDGE('',*,*,#1254,.F.);
#1759=ORIENTED_EDGE('',*,*,#1255,.F.);
#1760=ORIENTED_EDGE('',*,*,#1076,.F.);
#1761=ORIENTED_EDGE('',*,*,#1256,.F.);
#1762=ORIENTED_EDGE('',*,*,#1257,.F.);
#1763=ORIENTED_EDGE('',*,*,#1256,.T.);
#1764=ORIENTED_EDGE('',*,*,#1075,.F.);
#1765=ORIENTED_EDGE('',*,*,#1252,.T.);
#1766=ORIENTED_EDGE('',*,*,#1255,.T.);
#1767=ORIENTED_EDGE('',*,*,#1258,.T.);
#1768=ORIENTED_EDGE('',*,*,#1259,.T.);
#1769=ORIENTED_EDGE('',*,*,#1077,.F.);
#1770=ORIENTED_EDGE('',*,*,#1260,.F.);
#1771=ORIENTED_EDGE('',*,*,#1261,.F.);
#1772=ORIENTED_EDGE('',*,*,#1078,.F.);
#1773=ORIENTED_EDGE('',*,*,#1259,.F.);
#1774=ORIENTED_EDGE('',*,*,#1262,.F.);
#1775=ORIENTED_EDGE('',*,*,#1263,.F.);
#1776=ORIENTED_EDGE('',*,*,#1080,.F.);
#1777=ORIENTED_EDGE('',*,*,#1264,.F.);
#1778=ORIENTED_EDGE('',*,*,#1265,.F.);
#1779=ORIENTED_EDGE('',*,*,#1264,.T.);
#1780=ORIENTED_EDGE('',*,*,#1079,.F.);
#1781=ORIENTED_EDGE('',*,*,#1261,.T.);
#1782=ORIENTED_EDGE('',*,*,#1263,.T.);
#1783=ORIENTED_EDGE('',*,*,#1266,.T.);
#1784=ORIENTED_EDGE('',*,*,#1021,.F.);
#1785=ORIENTED_EDGE('',*,*,#1081,.F.);
#1786=ORIENTED_EDGE('',*,*,#1253,.T.);
#1787=ORIENTED_EDGE('',*,*,#1073,.F.);
#1788=ORIENTED_EDGE('',*,*,#1054,.F.);
#1789=ORIENTED_EDGE('',*,*,#1267,.T.);
#1790=ORIENTED_EDGE('',*,*,#1268,.T.);
#1791=ORIENTED_EDGE('',*,*,#1269,.F.);
#1792=ORIENTED_EDGE('',*,*,#1270,.F.);
#1793=ORIENTED_EDGE('',*,*,#1031,.F.);
#1794=ORIENTED_EDGE('',*,*,#1271,.F.);
#1795=ORIENTED_EDGE('',*,*,#1272,.F.);
#1796=ORIENTED_EDGE('',*,*,#1273,.F.);
#1797=ORIENTED_EDGE('',*,*,#1033,.F.);
#1798=ORIENTED_EDGE('',*,*,#1274,.F.);
#1799=ORIENTED_EDGE('',*,*,#1275,.F.);
#1800=ORIENTED_EDGE('',*,*,#1274,.T.);
#1801=ORIENTED_EDGE('',*,*,#1032,.F.);
#1802=ORIENTED_EDGE('',*,*,#1270,.T.);
#1803=ORIENTED_EDGE('',*,*,#1273,.T.);
#1804=ORIENTED_EDGE('',*,*,#1276,.T.);
#1805=ORIENTED_EDGE('',*,*,#1277,.T.);
#1806=ORIENTED_EDGE('',*,*,#1034,.F.);
#1807=ORIENTED_EDGE('',*,*,#1278,.F.);
#1808=ORIENTED_EDGE('',*,*,#1279,.F.);
#1809=ORIENTED_EDGE('',*,*,#1035,.F.);
#1810=ORIENTED_EDGE('',*,*,#1277,.F.);
#1811=ORIENTED_EDGE('',*,*,#1280,.F.);
#1812=ORIENTED_EDGE('',*,*,#1281,.F.);
#1813=ORIENTED_EDGE('',*,*,#1037,.F.);
#1814=ORIENTED_EDGE('',*,*,#1282,.F.);
#1815=ORIENTED_EDGE('',*,*,#1283,.F.);
#1816=ORIENTED_EDGE('',*,*,#1282,.T.);
#1817=ORIENTED_EDGE('',*,*,#1036,.F.);
#1818=ORIENTED_EDGE('',*,*,#1279,.T.);
#1819=ORIENTED_EDGE('',*,*,#1281,.T.);
#1820=ORIENTED_EDGE('',*,*,#1284,.T.);
#1821=ORIENTED_EDGE('',*,*,#1285,.T.);
#1822=ORIENTED_EDGE('',*,*,#1038,.F.);
#1823=ORIENTED_EDGE('',*,*,#1271,.T.);
#1824=ORIENTED_EDGE('',*,*,#1030,.F.);
#1825=ORIENTED_EDGE('',*,*,#1097,.F.);
#1826=ORIENTED_EDGE('',*,*,#1286,.T.);
#1827=ORIENTED_EDGE('',*,*,#1287,.F.);
#1828=ORIENTED_EDGE('',*,*,#1288,.F.);
#1829=ORIENTED_EDGE('',*,*,#1039,.F.);
#1830=ORIENTED_EDGE('',*,*,#1285,.F.);
#1831=ORIENTED_EDGE('',*,*,#1289,.F.);
#1832=ORIENTED_EDGE('',*,*,#1290,.F.);
#1833=ORIENTED_EDGE('',*,*,#1041,.F.);
#1834=ORIENTED_EDGE('',*,*,#1291,.F.);
#1835=ORIENTED_EDGE('',*,*,#1292,.F.);
#1836=ORIENTED_EDGE('',*,*,#1291,.T.);
#1837=ORIENTED_EDGE('',*,*,#1040,.F.);
#1838=ORIENTED_EDGE('',*,*,#1288,.T.);
#1839=ORIENTED_EDGE('',*,*,#1290,.T.);
#1840=ORIENTED_EDGE('',*,*,#1293,.T.);
#1841=ORIENTED_EDGE('',*,*,#1294,.T.);
#1842=ORIENTED_EDGE('',*,*,#1042,.F.);
#1843=ORIENTED_EDGE('',*,*,#1295,.F.);
#1844=ORIENTED_EDGE('',*,*,#1296,.F.);
#1845=ORIENTED_EDGE('',*,*,#1043,.F.);
#1846=ORIENTED_EDGE('',*,*,#1294,.F.);
#1847=ORIENTED_EDGE('',*,*,#1297,.F.);
#1848=ORIENTED_EDGE('',*,*,#1298,.F.);
#1849=ORIENTED_EDGE('',*,*,#1045,.F.);
#1850=ORIENTED_EDGE('',*,*,#1299,.F.);
#1851=ORIENTED_EDGE('',*,*,#1300,.F.);
#1852=ORIENTED_EDGE('',*,*,#1299,.T.);
#1853=ORIENTED_EDGE('',*,*,#1044,.F.);
#1854=ORIENTED_EDGE('',*,*,#1296,.T.);
#1855=ORIENTED_EDGE('',*,*,#1298,.T.);
#1856=ORIENTED_EDGE('',*,*,#1301,.T.);
#1857=ORIENTED_EDGE('',*,*,#1302,.T.);
#1858=ORIENTED_EDGE('',*,*,#1303,.T.);
#1859=ORIENTED_EDGE('',*,*,#1304,.T.);
#1860=ORIENTED_EDGE('',*,*,#1305,.T.);
#1861=ORIENTED_EDGE('',*,*,#1306,.T.);
#1862=ORIENTED_EDGE('',*,*,#1046,.F.);
#1863=ORIENTED_EDGE('',*,*,#1307,.T.);
#1864=ORIENTED_EDGE('',*,*,#1308,.F.);
#1865=ORIENTED_EDGE('',*,*,#1309,.F.);
#1866=ORIENTED_EDGE('',*,*,#1047,.F.);
#1867=ORIENTED_EDGE('',*,*,#1306,.F.);
#1868=ORIENTED_EDGE('',*,*,#1310,.F.);
#1869=ORIENTED_EDGE('',*,*,#1311,.F.);
#1870=ORIENTED_EDGE('',*,*,#1049,.F.);
#1871=ORIENTED_EDGE('',*,*,#1312,.F.);
#1872=ORIENTED_EDGE('',*,*,#1313,.F.);
#1873=ORIENTED_EDGE('',*,*,#1312,.T.);
#1874=ORIENTED_EDGE('',*,*,#1048,.F.);
#1875=ORIENTED_EDGE('',*,*,#1309,.T.);
#1876=ORIENTED_EDGE('',*,*,#1311,.T.);
#1877=ORIENTED_EDGE('',*,*,#1314,.T.);
#1878=ORIENTED_EDGE('',*,*,#1315,.T.);
#1879=ORIENTED_EDGE('',*,*,#1050,.F.);
#1880=ORIENTED_EDGE('',*,*,#1316,.F.);
#1881=ORIENTED_EDGE('',*,*,#1317,.F.);
#1882=ORIENTED_EDGE('',*,*,#1051,.F.);
#1883=ORIENTED_EDGE('',*,*,#1315,.F.);
#1884=ORIENTED_EDGE('',*,*,#1318,.F.);
#1885=ORIENTED_EDGE('',*,*,#1267,.F.);
#1886=ORIENTED_EDGE('',*,*,#1053,.F.);
#1887=ORIENTED_EDGE('',*,*,#1319,.F.);
#1888=ORIENTED_EDGE('',*,*,#1320,.F.);
#1889=ORIENTED_EDGE('',*,*,#1319,.T.);
#1890=ORIENTED_EDGE('',*,*,#1052,.F.);
#1891=ORIENTED_EDGE('',*,*,#1317,.T.);
#1892=ORIENTED_EDGE('',*,*,#1157,.T.);
#1893=ORIENTED_EDGE('',*,*,#1321,.T.);
#1894=ORIENTED_EDGE('',*,*,#1222,.T.);
#1895=ORIENTED_EDGE('',*,*,#1321,.F.);
#1896=ORIENTED_EDGE('',*,*,#1095,.T.);
#1897=ORIENTED_EDGE('',*,*,#1091,.T.);
#1898=ORIENTED_EDGE('',*,*,#1023,.F.);
#1899=ORIENTED_EDGE('',*,*,#1322,.T.);
#1900=ORIENTED_EDGE('',*,*,#1323,.T.);
#1901=ORIENTED_EDGE('',*,*,#1324,.T.);
#1902=ORIENTED_EDGE('',*,*,#1325,.T.);
#1903=ORIENTED_EDGE('',*,*,#1326,.T.);
#1904=ORIENTED_EDGE('',*,*,#1250,.T.);
#1905=ORIENTED_EDGE('',*,*,#1327,.T.);
#1906=ORIENTED_EDGE('',*,*,#1269,.T.);
#1907=ORIENTED_EDGE('',*,*,#1286,.F.);
#1908=ORIENTED_EDGE('',*,*,#1096,.F.);
#1909=ORIENTED_EDGE('',*,*,#1326,.F.);
#1910=ORIENTED_EDGE('',*,*,#1328,.F.);
#1911=ORIENTED_EDGE('',*,*,#1301,.F.);
#1912=ORIENTED_EDGE('',*,*,#1297,.T.);
#1913=ORIENTED_EDGE('',*,*,#1300,.T.);
#1914=ORIENTED_EDGE('',*,*,#1295,.T.);
#1915=ORIENTED_EDGE('',*,*,#1293,.F.);
#1916=ORIENTED_EDGE('',*,*,#1289,.T.);
#1917=ORIENTED_EDGE('',*,*,#1292,.T.);
#1918=ORIENTED_EDGE('',*,*,#1287,.T.);
#1919=ORIENTED_EDGE('',*,*,#1284,.F.);
#1920=ORIENTED_EDGE('',*,*,#1280,.T.);
#1921=ORIENTED_EDGE('',*,*,#1283,.T.);
#1922=ORIENTED_EDGE('',*,*,#1278,.T.);
#1923=ORIENTED_EDGE('',*,*,#1276,.F.);
#1924=ORIENTED_EDGE('',*,*,#1272,.T.);
#1925=ORIENTED_EDGE('',*,*,#1275,.T.);
#1926=ORIENTED_EDGE('',*,*,#1327,.F.);
#1927=ORIENTED_EDGE('',*,*,#1329,.T.);
#1928=ORIENTED_EDGE('',*,*,#1307,.F.);
#1929=ORIENTED_EDGE('',*,*,#1329,.F.);
#1930=ORIENTED_EDGE('',*,*,#1251,.T.);
#1931=ORIENTED_EDGE('',*,*,#1268,.F.);
#1932=ORIENTED_EDGE('',*,*,#1318,.T.);
#1933=ORIENTED_EDGE('',*,*,#1320,.T.);
#1934=ORIENTED_EDGE('',*,*,#1316,.T.);
#1935=ORIENTED_EDGE('',*,*,#1314,.F.);
#1936=ORIENTED_EDGE('',*,*,#1310,.T.);
#1937=ORIENTED_EDGE('',*,*,#1313,.T.);
#1938=ORIENTED_EDGE('',*,*,#1308,.T.);
#1939=ORIENTED_EDGE('',*,*,#1305,.F.);
#1940=ORIENTED_EDGE('',*,*,#1330,.T.);
#1941=ORIENTED_EDGE('',*,*,#1322,.F.);
#1942=ORIENTED_EDGE('',*,*,#1022,.F.);
#1943=ORIENTED_EDGE('',*,*,#1266,.F.);
#1944=ORIENTED_EDGE('',*,*,#1262,.T.);
#1945=ORIENTED_EDGE('',*,*,#1265,.T.);
#1946=ORIENTED_EDGE('',*,*,#1260,.T.);
#1947=ORIENTED_EDGE('',*,*,#1258,.F.);
#1948=ORIENTED_EDGE('',*,*,#1254,.T.);
#1949=ORIENTED_EDGE('',*,*,#1257,.T.);
#1950=ORIENTED_EDGE('',*,*,#1302,.F.);
#1951=ORIENTED_EDGE('',*,*,#1328,.T.);
#1952=ORIENTED_EDGE('',*,*,#1325,.F.);
#1953=ORIENTED_EDGE('',*,*,#1331,.F.);
#1954=ORIENTED_EDGE('',*,*,#1303,.F.);
#1955=ORIENTED_EDGE('',*,*,#1331,.T.);
#1956=ORIENTED_EDGE('',*,*,#1324,.F.);
#1957=ORIENTED_EDGE('',*,*,#1332,.F.);
#1958=ORIENTED_EDGE('',*,*,#1304,.F.);
#1959=ORIENTED_EDGE('',*,*,#1332,.T.);
#1960=ORIENTED_EDGE('',*,*,#1323,.F.);
#1961=ORIENTED_EDGE('',*,*,#1330,.F.);
#1962=ORIENTED_EDGE('',*,*,#1086,.F.);
#1963=ORIENTED_EDGE('',*,*,#1094,.T.);
#1964=ORIENTED_EDGE('',*,*,#1098,.F.);
#1965=ORIENTED_EDGE('',*,*,#1027,.F.);
#1966=ORIENTED_EDGE('',*,*,#1099,.F.);
#1967=ORIENTED_EDGE('',*,*,#1333,.T.);
#1968=ORIENTED_EDGE('',*,*,#1088,.T.);
#1969=ORIENTED_EDGE('',*,*,#1333,.F.);
#1970=TOROIDAL_SURFACE('',#2106,14.2918228951997,0.5);
#1971=TOROIDAL_SURFACE('',#2370,10.2671555959449,0.5);
#1972=ADVANCED_FACE('',(#405),#1970,.T.);
#1973=ADVANCED_FACE('',(#406),#344,.T.);
#1974=ADVANCED_FACE('',(#407),#102,.F.);
#1975=ADVANCED_FACE('',(#408),#94,.F.);
#1976=ADVANCED_FACE('',(#409,#88),#345,.T.);
#1977=ADVANCED_FACE('',(#410),#95,.T.);
#1978=ADVANCED_FACE('',(#411),#96,.T.);
#1979=ADVANCED_FACE('',(#412),#346,.T.);
#1980=ADVANCED_FACE('',(#413,#89),#347,.F.);
#1981=ADVANCED_FACE('',(#414),#80,.F.);
#1982=ADVANCED_FACE('',(#415),#15,.T.);
#1983=ADVANCED_FACE('',(#416),#81,.F.);
#1984=ADVANCED_FACE('',(#417),#16,.T.);
#1985=ADVANCED_FACE('',(#418),#82,.F.);
#1986=ADVANCED_FACE('',(#419),#17,.T.);
#1987=ADVANCED_FACE('',(#420),#83,.F.);
#1988=ADVANCED_FACE('',(#421),#18,.T.);
#1989=ADVANCED_FACE('',(#422),#84,.F.);
#1990=ADVANCED_FACE('',(#423),#19,.T.);
#1991=ADVANCED_FACE('',(#424),#85,.F.);
#1992=ADVANCED_FACE('',(#425),#20,.T.);
#1993=ADVANCED_FACE('',(#426),#86,.F.);
#1994=ADVANCED_FACE('',(#427),#21,.T.);
#1995=ADVANCED_FACE('',(#428),#87,.F.);
#1996=ADVANCED_FACE('',(#429),#22,.T.);
#1997=ADVANCED_FACE('',(#430),#348,.F.);
#1998=ADVANCED_FACE('',(#431),#23,.F.);
#1999=ADVANCED_FACE('',(#432),#349,.F.);
#2000=ADVANCED_FACE('',(#433),#24,.F.);
#2001=ADVANCED_FACE('',(#434),#350,.F.);
#2002=ADVANCED_FACE('',(#435),#25,.F.);
#2003=ADVANCED_FACE('',(#436),#351,.F.);
#2004=ADVANCED_FACE('',(#437),#26,.F.);
#2005=ADVANCED_FACE('',(#438,#90),#352,.T.);
#2006=ADVANCED_FACE('',(#439),#353,.F.);
#2007=ADVANCED_FACE('',(#440),#27,.F.);
#2008=ADVANCED_FACE('',(#441),#354,.F.);
#2009=ADVANCED_FACE('',(#442),#28,.F.);
#2010=ADVANCED_FACE('',(#443),#355,.F.);
#2011=ADVANCED_FACE('',(#444),#29,.F.);
#2012=ADVANCED_FACE('',(#445),#356,.F.);
#2013=ADVANCED_FACE('',(#446),#30,.F.);
#2014=ADVANCED_FACE('',(#447),#31,.T.);
#2015=ADVANCED_FACE('',(#448),#32,.T.);
#2016=ADVANCED_FACE('',(#449),#103,.T.);
#2017=ADVANCED_FACE('',(#450),#33,.T.);
#2018=ADVANCED_FACE('',(#451),#104,.T.);
#2019=ADVANCED_FACE('',(#452),#357,.T.);
#2020=ADVANCED_FACE('',(#453),#34,.T.);
#2021=ADVANCED_FACE('',(#454),#35,.T.);
#2022=ADVANCED_FACE('',(#455),#105,.T.);
#2023=ADVANCED_FACE('',(#456),#36,.T.);
#2024=ADVANCED_FACE('',(#457),#106,.T.);
#2025=ADVANCED_FACE('',(#458),#358,.T.);
#2026=ADVANCED_FACE('',(#459),#37,.T.);
#2027=ADVANCED_FACE('',(#460),#38,.T.);
#2028=ADVANCED_FACE('',(#461),#107,.T.);
#2029=ADVANCED_FACE('',(#462),#39,.T.);
#2030=ADVANCED_FACE('',(#463),#108,.T.);
#2031=ADVANCED_FACE('',(#464),#359,.T.);
#2032=ADVANCED_FACE('',(#465),#360,.T.);
#2033=ADVANCED_FACE('',(#466),#97,.T.);
#2034=ADVANCED_FACE('',(#467),#361,.T.);
#2035=ADVANCED_FACE('',(#468),#362,.T.);
#2036=ADVANCED_FACE('',(#469),#40,.T.);
#2037=ADVANCED_FACE('',(#470),#41,.T.);
#2038=ADVANCED_FACE('',(#471),#42,.T.);
#2039=ADVANCED_FACE('',(#472),#43,.T.);
#2040=ADVANCED_FACE('',(#473),#44,.T.);
#2041=ADVANCED_FACE('',(#474),#45,.T.);
#2042=ADVANCED_FACE('',(#475),#363,.T.);
#2043=ADVANCED_FACE('',(#476),#364,.T.);
#2044=ADVANCED_FACE('',(#477),#365,.T.);
#2045=ADVANCED_FACE('',(#478),#366,.T.);
#2046=ADVANCED_FACE('',(#479),#367,.T.);
#2047=ADVANCED_FACE('',(#480),#368,.T.);
#2048=ADVANCED_FACE('',(#481),#109,.T.);
#2049=ADVANCED_FACE('',(#482),#369,.F.);
#2050=ADVANCED_FACE('',(#483),#370,.F.);
#2051=ADVANCED_FACE('',(#484),#371,.F.);
#2052=ADVANCED_FACE('',(#485),#372,.F.);
#2053=ADVANCED_FACE('',(#486),#373,.F.);
#2054=ADVANCED_FACE('',(#487),#374,.F.);
#2055=ADVANCED_FACE('',(#488),#375,.F.);
#2056=ADVANCED_FACE('',(#489),#376,.F.);
#2057=ADVANCED_FACE('',(#490),#377,.F.);
#2058=ADVANCED_FACE('',(#491),#378,.F.);
#2059=ADVANCED_FACE('',(#492),#379,.F.);
#2060=ADVANCED_FACE('',(#493),#380,.F.);
#2061=ADVANCED_FACE('',(#494),#381,.F.);
#2062=ADVANCED_FACE('',(#495),#382,.F.);
#2063=ADVANCED_FACE('',(#496),#383,.F.);
#2064=ADVANCED_FACE('',(#497),#384,.F.);
#2065=ADVANCED_FACE('',(#498),#385,.F.);
#2066=ADVANCED_FACE('',(#499),#386,.F.);
#2067=ADVANCED_FACE('',(#500),#387,.F.);
#2068=ADVANCED_FACE('',(#501),#388,.F.);
#2069=ADVANCED_FACE('',(#502),#389,.F.);
#2070=ADVANCED_FACE('',(#503),#390,.F.);
#2071=ADVANCED_FACE('',(#504),#391,.F.);
#2072=ADVANCED_FACE('',(#505),#392,.F.);
#2073=ADVANCED_FACE('',(#506),#393,.F.);
#2074=ADVANCED_FACE('',(#507,#91),#394,.F.);
#2075=ADVANCED_FACE('',(#508),#395,.F.);
#2076=ADVANCED_FACE('',(#509),#396,.F.);
#2077=ADVANCED_FACE('',(#510),#397,.F.);
#2078=ADVANCED_FACE('',(#511),#398,.F.);
#2079=ADVANCED_FACE('',(#512),#399,.F.);
#2080=ADVANCED_FACE('',(#513),#400,.F.);
#2081=ADVANCED_FACE('',(#514),#401,.F.);
#2082=ADVANCED_FACE('',(#515),#1971,.T.);
#2083=ADVANCED_FACE('',(#516,#92,#93),#402,.T.);
#2084=ADVANCED_FACE('',(#517),#98,.T.);
#2085=ADVANCED_FACE('',(#518),#46,.F.);
#2086=ADVANCED_FACE('',(#519),#99,.T.);
#2087=ADVANCED_FACE('',(#520),#403,.T.);
#2088=ADVANCED_FACE('',(#521),#100,.T.);
#2089=ADVANCED_FACE('',(#522),#404,.T.);
#2090=ADVANCED_FACE('',(#523),#101,.T.);
#2091=ADVANCED_FACE('',(#524),#47,.F.);
#2092=CLOSED_SHELL('',(#1972,#1973,#1974,#1975,#1976,#1977,#1978,#1979,
#1980,#1981,#1982,#1983,#1984,#1985,#1986,#1987,#1988,#1989,#1990,#1991,
#1992,#1993,#1994,#1995,#1996,#1997,#1998,#1999,#2000,#2001,#2002,#2003,
#2004,#2005,#2006,#2007,#2008,#2009,#2010,#2011,#2012,#2013,#2014,#2015,
#2016,#2017,#2018,#2019,#2020,#2021,#2022,#2023,#2024,#2025,#2026,#2027,
#2028,#2029,#2030,#2031,#2032,#2033,#2034,#2035,#2036,#2037,#2038,#2039,
#2040,#2041,#2042,#2043,#2044,#2045,#2046,#2047,#2048,#2049,#2050,#2051,
#2052,#2053,#2054,#2055,#2056,#2057,#2058,#2059,#2060,#2061,#2062,#2063,
#2064,#2065,#2066,#2067,#2068,#2069,#2070,#2071,#2072,#2073,#2074,#2075,
#2076,#2077,#2078,#2079,#2080,#2081,#2082,#2083,#2084,#2085,#2086,#2087,
#2088,#2089,#2090,#2091));
#2093=DERIVED_UNIT_ELEMENT(#2095,1.);
#2094=DERIVED_UNIT_ELEMENT(#4104,-3.);
#2095=(
MASS_UNIT()
NAMED_UNIT(*)
SI_UNIT(.KILO.,.GRAM.)
);
#2096=DERIVED_UNIT((#2093,#2094));
#2097=MEASURE_REPRESENTATION_ITEM('density measure',
POSITIVE_RATIO_MEASURE(7850.),#2096);
#2098=PROPERTY_DEFINITION_REPRESENTATION(#2103,#2100);
#2099=PROPERTY_DEFINITION_REPRESENTATION(#2104,#2101);
#2100=REPRESENTATION('material name',(#2102),#4101);
#2101=REPRESENTATION('density',(#2097),#4101);
#2102=DESCRIPTIVE_REPRESENTATION_ITEM('Steel','Steel');
#2103=PROPERTY_DEFINITION('material property','material name',#4111);
#2104=PROPERTY_DEFINITION('material property','density of part',#4111);
#2105=AXIS2_PLACEMENT_3D('',#3058,#2385,#2386);
#2106=AXIS2_PLACEMENT_3D('',#3059,#2387,#2388);
#2107=AXIS2_PLACEMENT_3D('',#3073,#2389,#2390);
#2108=AXIS2_PLACEMENT_3D('',#3085,#2391,#2392);
#2109=AXIS2_PLACEMENT_3D('',#3086,#2393,#2394);
#2110=AXIS2_PLACEMENT_3D('',#3088,#2395,#2396);
#2111=AXIS2_PLACEMENT_3D('',#3110,#2402,#2403);
#2112=AXIS2_PLACEMENT_3D('',#3112,#2404,#2405);
#2113=AXIS2_PLACEMENT_3D('',#3114,#2406,#2407);
#2114=AXIS2_PLACEMENT_3D('',#3116,#2408,#2409);
#2115=AXIS2_PLACEMENT_3D('',#3118,#2410,#2411);
#2116=AXIS2_PLACEMENT_3D('',#3120,#2412,#2413);
#2117=AXIS2_PLACEMENT_3D('',#3122,#2414,#2415);
#2118=AXIS2_PLACEMENT_3D('',#3124,#2416,#2417);
#2119=AXIS2_PLACEMENT_3D('',#3126,#2418,#2419);
#2120=AXIS2_PLACEMENT_3D('',#3128,#2420,#2421);
#2121=AXIS2_PLACEMENT_3D('',#3130,#2422,#2423);
#2122=AXIS2_PLACEMENT_3D('',#3132,#2424,#2425);
#2123=AXIS2_PLACEMENT_3D('',#3134,#2426,#2427);
#2124=AXIS2_PLACEMENT_3D('',#3136,#2428,#2429);
#2125=AXIS2_PLACEMENT_3D('',#3138,#2430,#2431);
#2126=AXIS2_PLACEMENT_3D('',#3140,#2432,#2433);
#2127=AXIS2_PLACEMENT_3D('',#3142,#2434,#2435);
#2128=AXIS2_PLACEMENT_3D('',#3144,#2436,#2437);
#2129=AXIS2_PLACEMENT_3D('',#3146,#2438,#2439);
#2130=AXIS2_PLACEMENT_3D('',#3148,#2440,#2441);
#2131=AXIS2_PLACEMENT_3D('',#3150,#2442,#2443);
#2132=AXIS2_PLACEMENT_3D('',#3152,#2444,#2445);
#2133=AXIS2_PLACEMENT_3D('',#3154,#2446,#2447);
#2134=AXIS2_PLACEMENT_3D('',#3156,#2448,#2449);
#2135=AXIS2_PLACEMENT_3D('',#3158,#2450,#2451);
#2136=AXIS2_PLACEMENT_3D('',#3160,#2452,#2453);
#2137=AXIS2_PLACEMENT_3D('',#3162,#2454,#2455);
#2138=AXIS2_PLACEMENT_3D('',#3164,#2456,#2457);
#2139=AXIS2_PLACEMENT_3D('',#3171,#2458,#2459);
#2140=AXIS2_PLACEMENT_3D('',#3181,#2460,#2461);
#2141=AXIS2_PLACEMENT_3D('',#3191,#2462,#2463);
#2142=AXIS2_PLACEMENT_3D('',#3201,#2464,#2465);
#2143=AXIS2_PLACEMENT_3D('',#3211,#2466,#2467);
#2144=AXIS2_PLACEMENT_3D('',#3221,#2468,#2469);
#2145=AXIS2_PLACEMENT_3D('',#3231,#2470,#2471);
#2146=AXIS2_PLACEMENT_3D('',#3241,#2472,#2473);
#2147=AXIS2_PLACEMENT_3D('',#3247,#2474,#2475);
#2148=AXIS2_PLACEMENT_3D('',#3249,#2476,#2477);
#2149=AXIS2_PLACEMENT_3D('',#3251,#2478,#2479);
#2150=AXIS2_PLACEMENT_3D('',#3253,#2480,#2481);
#2151=AXIS2_PLACEMENT_3D('',#3255,#2482,#2483);
#2152=AXIS2_PLACEMENT_3D('',#3257,#2484,#2485);
#2153=AXIS2_PLACEMENT_3D('',#3259,#2486,#2487);
#2154=AXIS2_PLACEMENT_3D('',#3261,#2488,#2489);
#2155=AXIS2_PLACEMENT_3D('',#3262,#2490,#2491);
#2156=AXIS2_PLACEMENT_3D('',#3263,#2492,#2493);
#2157=AXIS2_PLACEMENT_3D('',#3293,#2494,#2495);
#2158=AXIS2_PLACEMENT_3D('',#3294,#2496,#2497);
#2159=AXIS2_PLACEMENT_3D('',#3296,#2498,#2499);
#2160=AXIS2_PLACEMENT_3D('',#3299,#2501,#2502);
#2161=AXIS2_PLACEMENT_3D('',#3300,#2503,#2504);
#2162=AXIS2_PLACEMENT_3D('',#3302,#2505,#2506);
#2163=AXIS2_PLACEMENT_3D('',#3303,#2507,#2508);
#2164=AXIS2_PLACEMENT_3D('',#3305,#2509,#2510);
#2165=AXIS2_PLACEMENT_3D('',#3309,#2511,#2512);
#2166=AXIS2_PLACEMENT_3D('',#3311,#2513,#2514);
#2167=AXIS2_PLACEMENT_3D('',#3315,#2515,#2516);
#2168=AXIS2_PLACEMENT_3D('',#3326,#2521,#2522);
#2169=AXIS2_PLACEMENT_3D('',#3327,#2523,#2524);
#2170=AXIS2_PLACEMENT_3D('',#3329,#2525,#2526);
#2171=AXIS2_PLACEMENT_3D('',#3352,#2527,#2528);
#2172=AXIS2_PLACEMENT_3D('',#3354,#2529,#2530);
#2173=AXIS2_PLACEMENT_3D('',#3356,#2531,#2532);
#2174=AXIS2_PLACEMENT_3D('',#3357,#2533,#2534);
#2175=AXIS2_PLACEMENT_3D('',#3358,#2535,#2536);
#2176=AXIS2_PLACEMENT_3D('',#3361,#2537,#2538);
#2177=AXIS2_PLACEMENT_3D('',#3386,#2541,#2542);
#2178=AXIS2_PLACEMENT_3D('',#3387,#2543,#2544);
#2179=AXIS2_PLACEMENT_3D('',#3388,#2545,#2546);
#2180=AXIS2_PLACEMENT_3D('',#3389,#2547,#2548);
#2181=AXIS2_PLACEMENT_3D('',#3392,#2549,#2550);
#2182=AXIS2_PLACEMENT_3D('',#3417,#2553,#2554);
#2183=AXIS2_PLACEMENT_3D('',#3418,#2555,#2556);
#2184=AXIS2_PLACEMENT_3D('',#3419,#2557,#2558);
#2185=AXIS2_PLACEMENT_3D('',#3420,#2559,#2560);
#2186=AXIS2_PLACEMENT_3D('',#3423,#2561,#2562);
#2187=AXIS2_PLACEMENT_3D('',#3448,#2565,#2566);
#2188=AXIS2_PLACEMENT_3D('',#3449,#2567,#2568);
#2189=AXIS2_PLACEMENT_3D('',#3450,#2569,#2570);
#2190=AXIS2_PLACEMENT_3D('',#3451,#2571,#2572);
#2191=AXIS2_PLACEMENT_3D('',#3454,#2573,#2574);
#2192=AXIS2_PLACEMENT_3D('',#3479,#2577,#2578);
#2193=AXIS2_PLACEMENT_3D('',#3480,#2579,#2580);
#2194=AXIS2_PLACEMENT_3D('',#3481,#2581,#2582);
#2195=AXIS2_PLACEMENT_3D('',#3482,#2583,#2584);
#2196=AXIS2_PLACEMENT_3D('',#3485,#2585,#2586);
#2197=AXIS2_PLACEMENT_3D('',#3510,#2589,#2590);
#2198=AXIS2_PLACEMENT_3D('',#3511,#2591,#2592);
#2199=AXIS2_PLACEMENT_3D('',#3512,#2593,#2594);
#2200=AXIS2_PLACEMENT_3D('',#3513,#2595,#2596);
#2201=AXIS2_PLACEMENT_3D('',#3516,#2597,#2598);
#2202=AXIS2_PLACEMENT_3D('',#3541,#2601,#2602);
#2203=AXIS2_PLACEMENT_3D('',#3542,#2603,#2604);
#2204=AXIS2_PLACEMENT_3D('',#3543,#2605,#2606);
#2205=AXIS2_PLACEMENT_3D('',#3544,#2607,#2608);
#2206=AXIS2_PLACEMENT_3D('',#3547,#2609,#2610);
#2207=AXIS2_PLACEMENT_3D('',#3572,#2613,#2614);
#2208=AXIS2_PLACEMENT_3D('',#3573,#2615,#2616);
#2209=AXIS2_PLACEMENT_3D('',#3574,#2617,#2618);
#2210=AXIS2_PLACEMENT_3D('',#3575,#2619,#2620);
#2211=AXIS2_PLACEMENT_3D('',#3578,#2623,#2624);
#2212=AXIS2_PLACEMENT_3D('',#3581,#2627,#2628);
#2213=AXIS2_PLACEMENT_3D('',#3583,#2630,#2631);
#2214=AXIS2_PLACEMENT_3D('',#3585,#2633,#2634);
#2215=AXIS2_PLACEMENT_3D('',#3587,#2636,#2637);
#2216=AXIS2_PLACEMENT_3D('',#3589,#2639,#2640);
#2217=AXIS2_PLACEMENT_3D('',#3591,#2642,#2643);
#2218=AXIS2_PLACEMENT_3D('',#3593,#2645,#2646);
#2219=AXIS2_PLACEMENT_3D('',#3595,#2648,#2649);
#2220=AXIS2_PLACEMENT_3D('',#3597,#2650,#2651);
#2221=AXIS2_PLACEMENT_3D('',#3598,#2652,#2653);
#2222=AXIS2_PLACEMENT_3D('',#3600,#2655,#2656);
#2223=AXIS2_PLACEMENT_3D('',#3602,#2658,#2659);
#2224=AXIS2_PLACEMENT_3D('',#3604,#2661,#2662);
#2225=AXIS2_PLACEMENT_3D('',#3606,#2664,#2665);
#2226=AXIS2_PLACEMENT_3D('',#3608,#2667,#2668);
#2227=AXIS2_PLACEMENT_3D('',#3610,#2670,#2671);
#2228=AXIS2_PLACEMENT_3D('',#3612,#2673,#2674);
#2229=AXIS2_PLACEMENT_3D('',#3613,#2675,#2676);
#2230=AXIS2_PLACEMENT_3D('',#3625,#2678,#2679);
#2231=AXIS2_PLACEMENT_3D('',#3636,#2681,#2682);
#2232=AXIS2_PLACEMENT_3D('',#3638,#2683,#2684);
#2233=AXIS2_PLACEMENT_3D('',#3642,#2686,#2687);
#2234=AXIS2_PLACEMENT_3D('',#3644,#2689,#2690);
#2235=AXIS2_PLACEMENT_3D('',#3645,#2691,#2692);
#2236=AXIS2_PLACEMENT_3D('',#3646,#2693,#2694);
#2237=AXIS2_PLACEMENT_3D('',#3659,#2696,#2697);
#2238=AXIS2_PLACEMENT_3D('',#3668,#2699,#2700);
#2239=AXIS2_PLACEMENT_3D('',#3669,#2701,#2702);
#2240=AXIS2_PLACEMENT_3D('',#3670,#2703,#2704);
#2241=AXIS2_PLACEMENT_3D('',#3671,#2705,#2706);
#2242=AXIS2_PLACEMENT_3D('',#3672,#2707,#2708);
#2243=AXIS2_PLACEMENT_3D('',#3684,#2710,#2711);
#2244=AXIS2_PLACEMENT_3D('',#3695,#2713,#2714);
#2245=AXIS2_PLACEMENT_3D('',#3697,#2715,#2716);
#2246=AXIS2_PLACEMENT_3D('',#3701,#2718,#2719);
#2247=AXIS2_PLACEMENT_3D('',#3703,#2721,#2722);
#2248=AXIS2_PLACEMENT_3D('',#3704,#2723,#2724);
#2249=AXIS2_PLACEMENT_3D('',#3705,#2725,#2726);
#2250=AXIS2_PLACEMENT_3D('',#3718,#2728,#2729);
#2251=AXIS2_PLACEMENT_3D('',#3725,#2731,#2732);
#2252=AXIS2_PLACEMENT_3D('',#3726,#2733,#2734);
#2253=AXIS2_PLACEMENT_3D('',#3727,#2735,#2736);
#2254=AXIS2_PLACEMENT_3D('',#3728,#2737,#2738);
#2255=AXIS2_PLACEMENT_3D('',#3729,#2739,#2740);
#2256=AXIS2_PLACEMENT_3D('',#3741,#2742,#2743);
#2257=AXIS2_PLACEMENT_3D('',#3752,#2745,#2746);
#2258=AXIS2_PLACEMENT_3D('',#3754,#2747,#2748);
#2259=AXIS2_PLACEMENT_3D('',#3758,#2750,#2751);
#2260=AXIS2_PLACEMENT_3D('',#3760,#2753,#2754);
#2261=AXIS2_PLACEMENT_3D('',#3761,#2755,#2756);
#2262=AXIS2_PLACEMENT_3D('',#3762,#2757,#2758);
#2263=AXIS2_PLACEMENT_3D('',#3775,#2760,#2761);
#2264=AXIS2_PLACEMENT_3D('',#3784,#2763,#2764);
#2265=AXIS2_PLACEMENT_3D('',#3785,#2765,#2766);
#2266=AXIS2_PLACEMENT_3D('',#3786,#2767,#2768);
#2267=AXIS2_PLACEMENT_3D('',#3787,#2769,#2770);
#2268=AXIS2_PLACEMENT_3D('',#3788,#2771,#2772);
#2269=AXIS2_PLACEMENT_3D('',#3791,#2774,#2775);
#2270=AXIS2_PLACEMENT_3D('',#3792,#2776,#2777);
#2271=AXIS2_PLACEMENT_3D('',#3793,#2778,#2779);
#2272=AXIS2_PLACEMENT_3D('',#3794,#2780,#2781);
#2273=AXIS2_PLACEMENT_3D('',#3796,#2782,#2783);
#2274=AXIS2_PLACEMENT_3D('',#3799,#2785,#2786);
#2275=AXIS2_PLACEMENT_3D('',#3800,#2787,#2788);
#2276=AXIS2_PLACEMENT_3D('',#3801,#2789,#2790);
#2277=AXIS2_PLACEMENT_3D('',#3804,#2792,#2793);
#2278=AXIS2_PLACEMENT_3D('',#3805,#2794,#2795);
#2279=AXIS2_PLACEMENT_3D('',#3808,#2797,#2798);
#2280=AXIS2_PLACEMENT_3D('',#3809,#2799,#2800);
#2281=AXIS2_PLACEMENT_3D('',#3825,#2802,#2803);
#2282=AXIS2_PLACEMENT_3D('',#3843,#2806,#2807);
#2283=AXIS2_PLACEMENT_3D('',#3859,#2809,#2810);
#2284=AXIS2_PLACEMENT_3D('',#3877,#2813,#2814);
#2285=AXIS2_PLACEMENT_3D('',#3893,#2816,#2817);
#2286=AXIS2_PLACEMENT_3D('',#3911,#2820,#2821);
#2287=AXIS2_PLACEMENT_3D('',#3912,#2822,#2823);
#2288=AXIS2_PLACEMENT_3D('',#3913,#2824,#2825);
#2289=AXIS2_PLACEMENT_3D('',#3914,#2826,#2827);
#2290=AXIS2_PLACEMENT_3D('',#3915,#2828,#2829);
#2291=AXIS2_PLACEMENT_3D('',#3916,#2830,#2831);
#2292=AXIS2_PLACEMENT_3D('',#3917,#2832,#2833);
#2293=AXIS2_PLACEMENT_3D('',#3918,#2834,#2835);
#2294=AXIS2_PLACEMENT_3D('',#3919,#2836,#2837);
#2295=AXIS2_PLACEMENT_3D('',#3920,#2838,#2839);
#2296=AXIS2_PLACEMENT_3D('',#3921,#2840,#2841);
#2297=AXIS2_PLACEMENT_3D('',#3922,#2842,#2843);
#2298=AXIS2_PLACEMENT_3D('',#3923,#2844,#2845);
#2299=AXIS2_PLACEMENT_3D('',#3925,#2846,#2847);
#2300=AXIS2_PLACEMENT_3D('',#3926,#2848,#2849);
#2301=AXIS2_PLACEMENT_3D('',#3927,#2850,#2851);
#2302=AXIS2_PLACEMENT_3D('',#3930,#2852,#2853);
#2303=AXIS2_PLACEMENT_3D('',#3933,#2856,#2857);
#2304=AXIS2_PLACEMENT_3D('',#3936,#2858,#2859);
#2305=AXIS2_PLACEMENT_3D('',#3939,#2862,#2863);
#2306=AXIS2_PLACEMENT_3D('',#3940,#2864,#2865);
#2307=AXIS2_PLACEMENT_3D('',#3941,#2866,#2867);
#2308=AXIS2_PLACEMENT_3D('',#3943,#2868,#2869);
#2309=AXIS2_PLACEMENT_3D('',#3945,#2871,#2872);
#2310=AXIS2_PLACEMENT_3D('',#3947,#2873,#2874);
#2311=AXIS2_PLACEMENT_3D('',#3949,#2876,#2877);
#2312=AXIS2_PLACEMENT_3D('',#3952,#2878,#2879);
#2313=AXIS2_PLACEMENT_3D('',#3955,#2882,#2883);
#2314=AXIS2_PLACEMENT_3D('',#3956,#2884,#2885);
#2315=AXIS2_PLACEMENT_3D('',#3957,#2886,#2887);
#2316=AXIS2_PLACEMENT_3D('',#3958,#2888,#2889);
#2317=AXIS2_PLACEMENT_3D('',#3959,#2890,#2891);
#2318=AXIS2_PLACEMENT_3D('',#3962,#2893,#2894);
#2319=AXIS2_PLACEMENT_3D('',#3963,#2895,#2896);
#2320=AXIS2_PLACEMENT_3D('',#3966,#2897,#2898);
#2321=AXIS2_PLACEMENT_3D('',#3969,#2901,#2902);
#2322=AXIS2_PLACEMENT_3D('',#3972,#2903,#2904);
#2323=AXIS2_PLACEMENT_3D('',#3975,#2907,#2908);
#2324=AXIS2_PLACEMENT_3D('',#3976,#2909,#2910);
#2325=AXIS2_PLACEMENT_3D('',#3977,#2911,#2912);
#2326=AXIS2_PLACEMENT_3D('',#3979,#2913,#2914);
#2327=AXIS2_PLACEMENT_3D('',#3981,#2916,#2917);
#2328=AXIS2_PLACEMENT_3D('',#3983,#2918,#2919);
#2329=AXIS2_PLACEMENT_3D('',#3985,#2921,#2922);
#2330=AXIS2_PLACEMENT_3D('',#3988,#2923,#2924);
#2331=AXIS2_PLACEMENT_3D('',#3991,#2927,#2928);
#2332=AXIS2_PLACEMENT_3D('',#3992,#2929,#2930);
#2333=AXIS2_PLACEMENT_3D('',#3993,#2931,#2932);
#2334=AXIS2_PLACEMENT_3D('',#3995,#2933,#2934);
#2335=AXIS2_PLACEMENT_3D('',#3997,#2936,#2937);
#2336=AXIS2_PLACEMENT_3D('',#3998,#2938,#2939);
#2337=AXIS2_PLACEMENT_3D('',#3999,#2940,#2941);
#2338=AXIS2_PLACEMENT_3D('',#4001,#2942,#2943);
#2339=AXIS2_PLACEMENT_3D('',#4003,#2945,#2946);
#2340=AXIS2_PLACEMENT_3D('',#4006,#2947,#2948);
#2341=AXIS2_PLACEMENT_3D('',#4009,#2951,#2952);
#2342=AXIS2_PLACEMENT_3D('',#4010,#2953,#2954);
#2343=AXIS2_PLACEMENT_3D('',#4011,#2955,#2956);
#2344=AXIS2_PLACEMENT_3D('',#4013,#2957,#2958);
#2345=AXIS2_PLACEMENT_3D('',#4015,#2960,#2961);
#2346=AXIS2_PLACEMENT_3D('',#4017,#2962,#2963);
#2347=AXIS2_PLACEMENT_3D('',#4019,#2965,#2966);
#2348=AXIS2_PLACEMENT_3D('',#4022,#2967,#2968);
#2349=AXIS2_PLACEMENT_3D('',#4025,#2971,#2972);
#2350=AXIS2_PLACEMENT_3D('',#4026,#2973,#2974);
#2351=AXIS2_PLACEMENT_3D('',#4027,#2975,#2976);
#2352=AXIS2_PLACEMENT_3D('',#4029,#2977,#2978);
#2353=AXIS2_PLACEMENT_3D('',#4033,#2980,#2981);
#2354=AXIS2_PLACEMENT_3D('',#4037,#2983,#2984);
#2355=AXIS2_PLACEMENT_3D('',#4040,#2986,#2987);
#2356=AXIS2_PLACEMENT_3D('',#4041,#2988,#2989);
#2357=AXIS2_PLACEMENT_3D('',#4043,#2990,#2991);
#2358=AXIS2_PLACEMENT_3D('',#4045,#2993,#2994);
#2359=AXIS2_PLACEMENT_3D('',#4048,#2995,#2996);
#2360=AXIS2_PLACEMENT_3D('',#4051,#2999,#3000);
#2361=AXIS2_PLACEMENT_3D('',#4052,#3001,#3002);
#2362=AXIS2_PLACEMENT_3D('',#4053,#3003,#3004);
#2363=AXIS2_PLACEMENT_3D('',#4055,#3005,#3006);
#2364=AXIS2_PLACEMENT_3D('',#4057,#3008,#3009);
#2365=AXIS2_PLACEMENT_3D('',#4059,#3010,#3011);
#2366=AXIS2_PLACEMENT_3D('',#4061,#3013,#3014);
#2367=AXIS2_PLACEMENT_3D('',#4063,#3015,#3016);
#2368=AXIS2_PLACEMENT_3D('',#4065,#3018,#3019);
#2369=AXIS2_PLACEMENT_3D('',#4066,#3020,#3021);
#2370=AXIS2_PLACEMENT_3D('',#4067,#3022,#3023);
#2371=AXIS2_PLACEMENT_3D('',#4068,#3024,#3025);
#2372=AXIS2_PLACEMENT_3D('',#4069,#3026,#3027);
#2373=AXIS2_PLACEMENT_3D('',#4071,#3028,#3029);
#2374=AXIS2_PLACEMENT_3D('',#4075,#3031,#3032);
#2375=AXIS2_PLACEMENT_3D('',#4078,#3034,#3035);
#2376=AXIS2_PLACEMENT_3D('',#4080,#3036,#3037);
#2377=AXIS2_PLACEMENT_3D('',#4081,#3038,#3039);
#2378=AXIS2_PLACEMENT_3D('',#4085,#3040,#3041);
#2379=AXIS2_PLACEMENT_3D('',#4087,#3043,#3044);
#2380=AXIS2_PLACEMENT_3D('',#4091,#3045,#3046);
#2381=AXIS2_PLACEMENT_3D('',#4093,#3048,#3049);
#2382=AXIS2_PLACEMENT_3D('',#4095,#3051,#3052);
#2383=AXIS2_PLACEMENT_3D('',#4096,#3053,#3054);
#2384=AXIS2_PLACEMENT_3D('',#4097,#3055,#3056);
#2385=DIRECTION('axis',(0.,0.,1.));
#2386=DIRECTION('refdir',(1.,0.,0.));
#2387=DIRECTION('center_axis',(0.,0.,1.));
#2388=DIRECTION('ref_axis',(1.,0.,0.));
#2389=DIRECTION('center_axis',(0.,0.,-1.));
#2390=DIRECTION('ref_axis',(6.40824909483037E-15,1.,0.));
#2391=DIRECTION('center_axis',(0.,0.,1.));
#2392=DIRECTION('ref_axis',(6.40824909483037E-15,1.,0.));
#2393=DIRECTION('center_axis',(-0.999847695156391,-2.43484792347149E-15,
-0.0174524064372835));
#2394=DIRECTION('ref_axis',(-2.43639938655384E-15,1.,6.76346645408747E-17));
#2395=DIRECTION('center_axis',(-0.999847695156391,-2.43484792347149E-15,
-0.0174524064372835));
#2396=DIRECTION('ref_axis',(0.0174524064372835,0.,-0.999847695156391));
#2397=DIRECTION('',(-2.46220942781893E-15,1.,1.54629093830602E-15));
#2398=DIRECTION('',(-2.46220942781893E-15,1.,1.54629093830602E-15));
#2399=DIRECTION('',(-2.43521881909288E-15,1.,0.));
#2400=DIRECTION('',(0.0174524064372835,4.25004285945306E-17,-0.999847695156391));
#2401=DIRECTION('',(-2.43521881909288E-15,1.,6.76449671970246E-17));
#2402=DIRECTION('center_axis',(0.,0.,1.));
#2403=DIRECTION('ref_axis',(1.,0.,-1.27073822739523E-16));
#2404=DIRECTION('center_axis',(0.999847695156391,2.02903993622624E-15,-0.0174524064372835));
#2405=DIRECTION('ref_axis',(0.0174524064372835,0.,0.999847695156391));
#2406=DIRECTION('center_axis',(1.47269285430532E-15,1.54629093830603E-15,
-1.));
#2407=DIRECTION('ref_axis',(0.,-1.,-1.54629093830603E-15));
#2408=DIRECTION('center_axis',(0.864632543458471,-0.471441274376235,-0.173648177666931));
#2409=DIRECTION('ref_axis',(0.,0.345634006585154,-0.938369401404316));
#2410=DIRECTION('center_axis',(0.,0.,-1.));
#2411=DIRECTION('ref_axis',(0.,1.,0.));
#2412=DIRECTION('center_axis',(-0.614420887618774,0.769631914132147,-0.173648177666931));
#2413=DIRECTION('ref_axis',(0.,0.220092425457957,0.975479022970783));
#2414=DIRECTION('center_axis',(1.47269285430532E-15,1.54629093830603E-15,
-1.));
#2415=DIRECTION('ref_axis',(0.,-1.,-1.54629093830603E-15));
#2416=DIRECTION('center_axis',(0.359310345392315,-0.916920054359708,-0.17364817766693));
#2417=DIRECTION('ref_axis',(0.,0.186074586777308,-0.982535621825313));
#2418=DIRECTION('center_axis',(0.,0.,-1.));
#2419=DIRECTION('ref_axis',(0.,1.,0.));
#2420=DIRECTION('center_axis',(0.0240361517268917,0.984514384761907,-0.17364817766693));
#2421=DIRECTION('ref_axis',(0.,0.173698360865478,0.984798903041959));
#2422=DIRECTION('center_axis',(1.47269285430532E-15,1.54629093830603E-15,
-1.));
#2423=DIRECTION('ref_axis',(0.,-1.,-1.54629093830603E-15));
#2424=DIRECTION('center_axis',(-0.314137156572589,-0.933361750476975,-0.173648177666931));
#2425=DIRECTION('ref_axis',(0.,0.182907386682119,-0.983130147995228));
#2426=DIRECTION('center_axis',(0.,0.,-1.));
#2427=DIRECTION('ref_axis',(0.,1.,0.));
#2428=DIRECTION('center_axis',(0.651246408547467,0.738731633102969,-0.173648177666929));
#2429=DIRECTION('ref_axis',(0.,0.228825775388415,0.973467392632075));
#2430=DIRECTION('center_axis',(1.47269285430532E-15,1.54629093830603E-15,
-1.));
#2431=DIRECTION('ref_axis',(0.,-1.,-1.54629093830603E-15));
#2432=DIRECTION('center_axis',(-0.840596391731567,-0.513073110385669,-0.173648177666929));
#2433=DIRECTION('ref_axis',(0.,0.320584021793002,-0.947220082647652));
#2434=DIRECTION('center_axis',(0.,0.,-1.));
#2435=DIRECTION('ref_axis',(0.,1.,0.));
#2436=DIRECTION('center_axis',(0.97373123301107,0.147288140227571,-0.173648177666926));
#2437=DIRECTION('ref_axis',(-0.175562932424021,0.,-0.984468210131073));
#2438=DIRECTION('center_axis',(1.47269285430532E-15,1.54629093830603E-15,
-1.));
#2439=DIRECTION('ref_axis',(0.,-1.,-1.54629093830603E-15));
#2440=DIRECTION('center_axis',(-0.973731233011072,0.147288140227549,-0.173648177666935));
#2441=DIRECTION('ref_axis',(-0.17556293242403,0.,0.984468210131071));
#2442=DIRECTION('center_axis',(0.,0.,-1.));
#2443=DIRECTION('ref_axis',(0.,1.,0.));
#2444=DIRECTION('center_axis',(0.840596391731575,-0.513073110385655,-0.173648177666931));
#2445=DIRECTION('ref_axis',(0.,0.320584021793014,-0.947220082647647));
#2446=DIRECTION('center_axis',(1.47269285430532E-15,1.54629093830603E-15,
-1.));
#2447=DIRECTION('ref_axis',(0.,-1.,-1.54629093830603E-15));
#2448=DIRECTION('center_axis',(-0.65124640854748,0.738731633102957,-0.173648177666935));
#2449=DIRECTION('ref_axis',(0.,0.228825775388425,0.973467392632073));
#2450=DIRECTION('center_axis',(0.,0.,-1.));
#2451=DIRECTION('ref_axis',(0.,1.,0.));
#2452=DIRECTION('center_axis',(0.314137156572605,-0.93336175047697,-0.173648177666931));
#2453=DIRECTION('ref_axis',(0.,0.18290738668212,-0.983130147995227));
#2454=DIRECTION('center_axis',(1.47269285430532E-15,1.54629093830603E-15,
-1.));
#2455=DIRECTION('ref_axis',(0.,-1.,-1.54629093830603E-15));
#2456=DIRECTION('center_axis',(-1.21613619418684E-16,1.,-1.30104260698259E-18));
#2457=DIRECTION('ref_axis',(-1.,-1.21613619418684E-16,7.94211392122019E-17));
#2458=DIRECTION('center_axis',(0.892399100832523,0.369643810614386,0.258819045102518));
#2459=DIRECTION('ref_axis',(-0.278547586735206,0.,0.960422428894699));
#2460=DIRECTION('center_axis',(0.369643810614386,0.892399100832522,0.258819045102522));
#2461=DIRECTION('ref_axis',(0.,0.27854758673521,-0.960422428894698));
#2462=DIRECTION('center_axis',(-0.369643810614386,0.892399100832523,0.258819045102521));
#2463=DIRECTION('ref_axis',(0.,0.278547586735209,-0.960422428894698));
#2464=DIRECTION('center_axis',(0.892399100832523,-0.369643810614387,-0.258819045102521));
#2465=DIRECTION('ref_axis',(-0.278547586735209,0.,-0.960422428894698));
#2466=DIRECTION('center_axis',(0.892399100832523,0.369643810614386,-0.258819045102522));
#2467=DIRECTION('ref_axis',(-0.27854758673521,0.,-0.960422428894698));
#2468=DIRECTION('center_axis',(0.369643810614385,0.892399100832523,-0.258819045102521));
#2469=DIRECTION('ref_axis',(0.,0.278547586735209,0.960422428894698));
#2470=DIRECTION('center_axis',(-0.369643810614386,0.892399100832523,-0.258819045102521));
#2471=DIRECTION('ref_axis',(0.,0.278547586735208,0.960422428894698));
#2472=DIRECTION('center_axis',(0.892399100832523,-0.369643810614386,0.258819045102518));
#2473=DIRECTION('ref_axis',(-0.278547586735206,0.,0.960422428894699));
#2474=DIRECTION('center_axis',(1.47269285430532E-15,1.54629093830603E-15,
-1.));
#2475=DIRECTION('ref_axis',(0.,-1.,-1.54629093830603E-15));
#2476=DIRECTION('center_axis',(-0.0240361517269056,0.984514384761907,-0.17364817766693));
#2477=DIRECTION('ref_axis',(0.,0.173698360865479,0.984798903041959));
#2478=DIRECTION('center_axis',(0.,0.,-1.));
#2479=DIRECTION('ref_axis',(0.,1.,0.));
#2480=DIRECTION('center_axis',(-0.359310345392299,-0.916920054359714,-0.173648177666931));
#2481=DIRECTION('ref_axis',(0.,0.186074586777308,-0.982535621825313));
#2482=DIRECTION('center_axis',(1.47269285430532E-15,1.54629093830603E-15,
-1.));
#2483=DIRECTION('ref_axis',(0.,-1.,-1.54629093830603E-15));
#2484=DIRECTION('center_axis',(0.614420887618758,0.769631914132158,-0.173648177666936));
#2485=DIRECTION('ref_axis',(0.,0.220092425457961,0.975479022970782));
#2486=DIRECTION('center_axis',(0.,0.,-1.));
#2487=DIRECTION('ref_axis',(0.,1.,0.));
#2488=DIRECTION('center_axis',(-0.864632543458464,-0.47144127437625,-0.173648177666928));
#2489=DIRECTION('ref_axis',(0.,0.345634006585138,-0.938369401404321));
#2490=DIRECTION('center_axis',(1.47269285430532E-15,1.54629093830603E-15,
-1.));
#2491=DIRECTION('ref_axis',(0.,-1.,-1.54629093830603E-15));
#2492=DIRECTION('center_axis',(0.,0.,1.));
#2493=DIRECTION('ref_axis',(-7.65463401260603E-15,-1.,0.));
#2494=DIRECTION('center_axis',(0.,0.,-1.));
#2495=DIRECTION('ref_axis',(4.26741975090294E-16,1.,0.));
#2496=DIRECTION('center_axis',(0.,0.,1.));
#2497=DIRECTION('ref_axis',(1.,0.,0.));
#2498=DIRECTION('center_axis',(0.,0.,1.));
#2499=DIRECTION('ref_axis',(1.,-2.19128029228059E-30,0.));
#2500=DIRECTION('',(2.02934901591074E-15,-1.,0.));
#2501=DIRECTION('center_axis',(0.,0.,-1.));
#2502=DIRECTION('ref_axis',(1.,0.,0.));
#2503=DIRECTION('center_axis',(0.,0.,1.));
#2504=DIRECTION('ref_axis',(1.,-2.19128029228059E-30,0.));
#2505=DIRECTION('center_axis',(0.,0.,-1.));
#2506=DIRECTION('ref_axis',(1.,0.,0.));
#2507=DIRECTION('center_axis',(0.,2.54581193794643E-16,-1.));
#2508=DIRECTION('ref_axis',(1.,2.81686037112577E-17,7.21116255008226E-16));
#2509=DIRECTION('center_axis',(1.54804541738021E-15,-3.09609083476042E-16,
-1.));
#2510=DIRECTION('ref_axis',(1.,6.04705241164145E-17,1.54804541738021E-15));
#2511=DIRECTION('center_axis',(1.48029736616688E-15,1.48029736616688E-15,
-1.));
#2512=DIRECTION('ref_axis',(1.,-2.19128029228059E-30,1.48029736616688E-15));
#2513=DIRECTION('center_axis',(-1.47269285430532E-15,-1.54629093830603E-15,
1.));
#2514=DIRECTION('ref_axis',(1.,-2.19128029228059E-30,1.48029736616688E-15));
#2515=DIRECTION('center_axis',(0.999847695156391,2.02903993622624E-15,-0.0174524064372835));
#2516=DIRECTION('ref_axis',(2.02816844844978E-15,-1.,-6.76346645408747E-17));
#2517=DIRECTION('',(1.92025092988609E-15,-1.,-4.80062732471523E-16));
#2518=DIRECTION('',(-0.0174524064372835,0.,-0.999847695156391));
#2519=DIRECTION('',(-2.00235840718469E-15,1.,1.54629093830602E-15));
#2520=DIRECTION('',(2.00235840718469E-15,-1.,-1.54629093830602E-15));
#2521=DIRECTION('center_axis',(0.,0.,1.));
#2522=DIRECTION('ref_axis',(1.,0.,0.));
#2523=DIRECTION('center_axis',(0.,0.,-1.));
#2524=DIRECTION('ref_axis',(1.,0.,0.));
#2525=DIRECTION('center_axis',(0.,0.,1.));
#2526=DIRECTION('ref_axis',(1.,0.,0.));
#2527=DIRECTION('center_axis',(-0.382683432365101,-0.923879532511282,-6.86193034462996E-15));
#2528=DIRECTION('ref_axis',(0.89239910083252,-0.369643810614399,0.258819045102511));
#2529=DIRECTION('center_axis',(0.,0.,1.));
#2530=DIRECTION('ref_axis',(-1.,2.08531460716125E-15,0.));
#2531=DIRECTION('center_axis',(-0.382683432365094,0.923879532511285,6.79782332406898E-15));
#2532=DIRECTION('ref_axis',(1.77635683940025E-14,0.,1.));
#2533=DIRECTION('center_axis',(-0.325326866221172,0.,-0.945601623367215));
#2534=DIRECTION('ref_axis',(-0.945601623367215,1.53980022120818E-15,0.325326866221172));
#2535=DIRECTION('center_axis',(-0.38268343236509,0.923879532511287,0.));
#2536=DIRECTION('ref_axis',(0.562422224443475,0.232962913144537,0.793353340291238));
#2537=DIRECTION('center_axis',(-0.382683432365093,0.923879532511285,0.));
#2538=DIRECTION('ref_axis',(0.,0.,1.));
#2539=DIRECTION('',(-0.38268343236509,0.923879532511287,-1.43673431542156E-17));
#2540=DIRECTION('',(0.38268343236509,-0.923879532511287,0.));
#2541=DIRECTION('center_axis',(-0.923879532511282,0.382683432365101,-8.49727915508637E-16));
#2542=DIRECTION('ref_axis',(0.,2.22044604925031E-15,1.));
#2543=DIRECTION('center_axis',(-0.230040833207162,-0.230040833207162,-0.945601623367213));
#2544=DIRECTION('ref_axis',(-0.66864132018396,-0.668641320183968,0.325326866221176));
#2545=DIRECTION('center_axis',(0.,0.,1.));
#2546=DIRECTION('ref_axis',(-0.707106781186537,-0.707106781186558,0.));
#2547=DIRECTION('center_axis',(-0.923879532511287,0.38268343236509,0.));
#2548=DIRECTION('ref_axis',(0.23296291314455,0.56242222444348,0.793353340291231));
#2549=DIRECTION('center_axis',(-0.923879532511284,0.382683432365096,-1.69945583101725E-15));
#2550=DIRECTION('ref_axis',(0.,4.44089209850062E-15,1.));
#2551=DIRECTION('',(-0.923879532511287,0.38268343236509,0.));
#2552=DIRECTION('',(0.923879532511287,-0.38268343236509,0.));
#2553=DIRECTION('center_axis',(-0.92387953251129,-0.382683432365082,0.));
#2554=DIRECTION('ref_axis',(0.,0.,1.));
#2555=DIRECTION('center_axis',(1.03195822116542E-15,-0.325326866221178,
-0.945601623367213));
#2556=DIRECTION('ref_axis',(0.,-0.945601623367212,0.325326866221178));
#2557=DIRECTION('center_axis',(0.,0.,1.));
#2558=DIRECTION('ref_axis',(-6.7529047549053E-17,-1.,0.));
#2559=DIRECTION('center_axis',(-0.923879532511287,-0.38268343236509,0.));
#2560=DIRECTION('ref_axis',(-0.232962913144529,0.562422224443481,0.793353340291236));
#2561=DIRECTION('center_axis',(-0.923879532511287,-0.38268343236509,0.));
#2562=DIRECTION('ref_axis',(0.,0.,1.));
#2563=DIRECTION('',(-0.923879532511287,-0.38268343236509,0.));
#2564=DIRECTION('',(0.923879532511287,0.38268343236509,0.));
#2565=DIRECTION('center_axis',(-0.38268343236509,-0.923879532511287,-3.39891166203445E-15));
#2566=DIRECTION('ref_axis',(-8.88178419700124E-15,0.,1.));
#2567=DIRECTION('center_axis',(0.230040833207164,-0.230040833207167,-0.945601623367212));
#2568=DIRECTION('ref_axis',(0.668641320183958,-0.668641320183968,0.32532686622118));
#2569=DIRECTION('center_axis',(0.,0.,1.));
#2570=DIRECTION('ref_axis',(0.707106781186544,-0.707106781186551,0.));
#2571=DIRECTION('center_axis',(-0.38268343236509,-0.923879532511287,0.));
#2572=DIRECTION('ref_axis',(-0.56242222444348,0.232962913144534,0.793353340291235));
#2573=DIRECTION('center_axis',(-0.382683432365091,-0.923879532511286,0.));
#2574=DIRECTION('ref_axis',(0.,0.,1.));
#2575=DIRECTION('',(-0.38268343236509,-0.923879532511287,0.));
#2576=DIRECTION('',(0.38268343236509,0.923879532511287,0.));
#2577=DIRECTION('center_axis',(0.382683432365088,-0.923879532511288,0.));
#2578=DIRECTION('ref_axis',(0.,0.,1.));
#2579=DIRECTION('center_axis',(0.32532686622118,0.,-0.945601623367212));
#2580=DIRECTION('ref_axis',(0.945601623367212,8.10421169056943E-16,0.32532686622118));
#2581=DIRECTION('center_axis',(0.,0.,1.));
#2582=DIRECTION('ref_axis',(1.,5.08802279973814E-16,0.));
#2583=DIRECTION('center_axis',(0.382683432365089,-0.923879532511287,0.));
#2584=DIRECTION('ref_axis',(-0.56242222444348,-0.232962913144534,0.793353340291235));
#2585=DIRECTION('center_axis',(0.382683432365093,-0.923879532511285,0.));
#2586=DIRECTION('ref_axis',(0.,0.,1.));
#2587=DIRECTION('',(0.382683432365089,-0.923879532511287,1.43673431542158E-17));
#2588=DIRECTION('',(-0.38268343236509,0.923879532511287,0.));
#2589=DIRECTION('center_axis',(0.923879532511286,-0.382683432365092,-8.20569863179164E-15));
#2590=DIRECTION('ref_axis',(8.88178419700124E-15,0.,1.));
#2591=DIRECTION('center_axis',(0.230040833207167,0.230040833207163,-0.945601623367212));
#2592=DIRECTION('ref_axis',(0.668641320183958,0.668641320183968,0.32532686622118));
#2593=DIRECTION('center_axis',(0.,0.,1.));
#2594=DIRECTION('ref_axis',(0.707106781186544,0.707106781186551,0.));
#2595=DIRECTION('center_axis',(0.923879532511288,-0.382683432365088,0.));
#2596=DIRECTION('ref_axis',(-0.232962913144529,-0.562422224443481,0.793353340291236));
#2597=DIRECTION('center_axis',(0.923879532511284,-0.382683432365097,0.));
#2598=DIRECTION('ref_axis',(0.,0.,1.));
#2599=DIRECTION('',(0.923879532511288,-0.382683432365088,0.));
#2600=DIRECTION('',(-0.923879532511288,0.382683432365088,0.));
#2601=DIRECTION('center_axis',(0.923879532511291,0.38268343236508,0.));
#2602=DIRECTION('ref_axis',(0.,0.,1.));
#2603=DIRECTION('center_axis',(0.,0.325326866221178,-0.945601623367213));
#2604=DIRECTION('ref_axis',(0.,0.945601623367212,0.325326866221178));
#2605=DIRECTION('center_axis',(0.,0.,1.));
#2606=DIRECTION('ref_axis',(5.62742062908767E-17,1.,0.));
#2607=DIRECTION('center_axis',(0.923879532511287,0.38268343236509,0.));
#2608=DIRECTION('ref_axis',(0.232962913144529,-0.562422224443479,0.793353340291237));
#2609=DIRECTION('center_axis',(0.92387953251129,0.382683432365082,0.));
#2610=DIRECTION('ref_axis',(0.,0.,1.));
#2611=DIRECTION('',(0.923879532511287,0.38268343236509,1.43673431542158E-17));
#2612=DIRECTION('',(-0.923879532511287,-0.38268343236509,0.));
#2613=DIRECTION('center_axis',(0.382683432365074,0.923879532511293,0.));
#2614=DIRECTION('ref_axis',(0.,0.,1.));
#2615=DIRECTION('center_axis',(-0.230040833207166,0.230040833207162,-0.945601623367213));
#2616=DIRECTION('ref_axis',(-0.668641320183955,0.668641320183973,0.325326866221178));
#2617=DIRECTION('center_axis',(0.,0.,1.));
#2618=DIRECTION('ref_axis',(-0.707106781186548,0.707106781186547,0.));
#2619=DIRECTION('center_axis',(0.38268343236509,0.923879532511287,0.));
#2620=DIRECTION('ref_axis',(0.562422224443475,-0.232962913144537,0.793353340291238));
#2621=DIRECTION('',(-0.38268343236509,-0.923879532511287,0.));
#2622=DIRECTION('',(0.38268343236509,0.923879532511287,1.43673431542156E-17));
#2623=DIRECTION('center_axis',(0.892399100832523,0.369643810614386,-0.258819045102522));
#2624=DIRECTION('ref_axis',(0.38268343236509,-0.923879532511287,0.));
#2625=DIRECTION('',(0.196962887463615,0.196962887463614,0.960422428894698));
#2626=DIRECTION('',(-0.278547586735209,-1.09094721491739E-15,-0.960422428894698));
#2627=DIRECTION('center_axis',(-0.196962887463615,-0.196962887463614,-0.960422428894698));
#2628=DIRECTION('ref_axis',(0.679121212275092,0.679121212275098,-0.278547586735213));
#2629=DIRECTION('',(-0.196962887463615,-0.196962887463614,-0.960422428894698));
#2630=DIRECTION('center_axis',(0.369643810614385,0.892399100832523,-0.258819045102521));
#2631=DIRECTION('ref_axis',(0.923879532511288,-0.382683432365088,0.));
#2632=DIRECTION('',(2.12286938758096E-16,0.278547586735209,0.960422428894698));
#2633=DIRECTION('center_axis',(-2.02027262021739E-16,-0.278547586735209,
-0.960422428894698));
#2634=DIRECTION('ref_axis',(0.,0.960422428894699,-0.278547586735206));
#2635=DIRECTION('',(-1.91767585285382E-16,-0.278547586735209,-0.960422428894698));
#2636=DIRECTION('center_axis',(-0.369643810614386,0.892399100832523,-0.258819045102521));
#2637=DIRECTION('ref_axis',(0.923879532511287,0.38268343236509,0.));
#2638=DIRECTION('',(-0.19696288746361,0.196962887463616,0.960422428894699));
#2639=DIRECTION('center_axis',(0.19696288746361,-0.196962887463616,-0.960422428894699));
#2640=DIRECTION('ref_axis',(-0.679121212275097,0.679121212275094,-0.278547586735209));
#2641=DIRECTION('',(0.19696288746361,-0.196962887463616,-0.960422428894699));
#2642=DIRECTION('center_axis',(-0.892399100832523,0.369643810614386,-0.258819045102518));
#2643=DIRECTION('ref_axis',(0.38268343236509,0.923879532511287,0.));
#2644=DIRECTION('',(-0.278547586735206,-6.16341462801573E-16,0.960422428894699));
#2645=DIRECTION('center_axis',(0.278547586735206,6.06081786065216E-16,-0.960422428894699));
#2646=DIRECTION('ref_axis',(-0.960422428894699,2.34702684799651E-15,-0.278547586735207));
#2647=DIRECTION('',(0.278547586735206,6.06081786065216E-16,-0.960422428894699));
#2648=DIRECTION('center_axis',(0.,0.,1.));
#2649=DIRECTION('ref_axis',(1.,0.,0.));
#2650=DIRECTION('center_axis',(0.,0.,-1.));
#2651=DIRECTION('ref_axis',(1.,0.,0.));
#2652=DIRECTION('center_axis',(-0.892399100832523,-0.369643810614386,-0.258819045102518));
#2653=DIRECTION('ref_axis',(-0.38268343236509,0.923879532511287,0.));
#2654=DIRECTION('',(-0.19696288746361,-0.196962887463617,0.960422428894698));
#2655=DIRECTION('center_axis',(0.19696288746361,0.196962887463617,-0.960422428894698));
#2656=DIRECTION('ref_axis',(-0.679121212275084,-0.679121212275105,-0.278547586735215));
#2657=DIRECTION('',(0.19696288746361,0.196962887463617,-0.960422428894698));
#2658=DIRECTION('center_axis',(-0.369643810614386,-0.892399100832522,-0.258819045102522));
#2659=DIRECTION('ref_axis',(-0.923879532511287,0.38268343236509,0.));
#2660=DIRECTION('',(-2.629520678988E-16,-0.27854758673521,0.960422428894698));
#2661=DIRECTION('center_axis',(2.42432714426087E-16,0.278547586735209,-0.960422428894698));
#2662=DIRECTION('ref_axis',(0.,-0.960422428894697,-0.278547586735211));
#2663=DIRECTION('',(2.21913360953373E-16,0.27854758673521,-0.960422428894698));
#2664=DIRECTION('center_axis',(0.369643810614386,-0.892399100832523,-0.258819045102521));
#2665=DIRECTION('ref_axis',(-0.923879532511287,-0.38268343236509,0.));
#2666=DIRECTION('',(0.196962887463614,-0.196962887463615,0.960422428894698));
#2667=DIRECTION('center_axis',(-0.196962887463614,0.196962887463615,-0.960422428894698));
#2668=DIRECTION('ref_axis',(0.679121212275092,-0.679121212275098,-0.278547586735213));
#2669=DIRECTION('',(-0.196962887463614,0.196962887463615,-0.960422428894698));
#2670=DIRECTION('center_axis',(0.892399100832523,-0.369643810614387,-0.258819045102521));
#2671=DIRECTION('ref_axis',(-0.38268343236509,-0.923879532511287,0.));
#2672=DIRECTION('',(0.278547586735209,1.08068753818103E-15,0.960422428894698));
#2673=DIRECTION('center_axis',(-0.278547586735209,-1.09094721491739E-15,
-0.960422428894698));
#2674=DIRECTION('ref_axis',(0.960422428894698,2.13366077090589E-16,-0.27854758673521));
#2675=DIRECTION('center_axis',(-0.965925826289077,0.25881904510249,0.));
#2676=DIRECTION('ref_axis',(0.174855612415679,0.652570029523963,0.737277336810126));
#2677=DIRECTION('',(-0.965925826289077,0.25881904510249,0.));
#2678=DIRECTION('center_axis',(0.965925826289076,-0.258819045102494,0.));
#2679=DIRECTION('ref_axis',(0.257834160496273,0.962250186899066,0.0871557427476576));
#2680=DIRECTION('',(0.965925826289077,-0.25881904510249,0.));
#2681=DIRECTION('center_axis',(-0.499999999999998,-0.86602540378444,0.));
#2682=DIRECTION('ref_axis',(-0.585078282343163,0.33779510380783,0.737277336810126));
#2683=DIRECTION('center_axis',(-0.500000000000002,-0.866025403784438,0.));
#2684=DIRECTION('ref_axis',(0.,0.,1.));
#2685=DIRECTION('',(-0.499999999999998,-0.86602540378444,0.));
#2686=DIRECTION('center_axis',(0.499999999999991,0.866025403784444,0.));
#2687=DIRECTION('ref_axis',(-0.862729915662827,0.498097349045864,0.0871557427476485));
#2688=DIRECTION('',(0.499999999999998,0.86602540378444,0.));
#2689=DIRECTION('center_axis',(-0.951649032942005,-0.239389865206316,-0.192500936457591));
#2690=DIRECTION('ref_axis',(-0.307187431547184,0.741616063431685,0.596356853200779));
#2691=DIRECTION('center_axis',(0.0419469108291554,-0.101268801023402,0.993974389313514));
#2692=DIRECTION('ref_axis',(-0.380377530985496,0.918312594127158,0.109612560360694));
#2693=DIRECTION('center_axis',(0.707106781186523,-0.707106781186572,0.));
#2694=DIRECTION('ref_axis',(-0.477714417108299,-0.477714417108238,0.737277336810114));
#2695=DIRECTION('',(-0.707106781186523,0.707106781186572,0.));
#2696=DIRECTION('center_axis',(0.707106781186525,-0.70710678118657,0.));
#2697=DIRECTION('ref_axis',(0.,0.,1.));
#2698=DIRECTION('',(0.707106781186523,-0.707106781186572,4.83811561633785E-18));
#2699=DIRECTION('center_axis',(-0.591254937650975,-0.0778401892526219,-0.802719442670014));
#2700=DIRECTION('ref_axis',(-0.795852066560033,-0.104775912272707,0.596356853200789));
#2701=DIRECTION('center_axis',(0.108674809711637,0.0143073101233751,0.993974389313514));
#2702=DIRECTION('ref_axis',(-0.985470800622056,-0.129739692201336,0.109612560360694));
#2703=DIRECTION('center_axis',(0.,0.,1.));
#2704=DIRECTION('ref_axis',(1.,0.,0.));
#2705=DIRECTION('center_axis',(0.,0.,1.));
#2706=DIRECTION('ref_axis',(1.,0.,0.));
#2707=DIRECTION('center_axis',(0.707106781186529,0.707106781186566,0.));
#2708=DIRECTION('ref_axis',(0.477714417108275,-0.477714417108249,0.737277336810123));
#2709=DIRECTION('',(0.707106781186529,0.707106781186566,0.));
#2710=DIRECTION('center_axis',(-0.707106781186529,-0.707106781186566,0.));
#2711=DIRECTION('ref_axis',(0.704416026402777,-0.704416026402741,0.0871557427476564));
#2712=DIRECTION('',(-0.707106781186529,-0.707106781186566,0.));
#2713=DIRECTION('center_axis',(-0.500000000000011,0.866025403784432,0.));
#2714=DIRECTION('ref_axis',(0.585078282343154,0.337795103807837,0.73727733681013));
#2715=DIRECTION('center_axis',(-0.500000000000006,0.866025403784435,0.));
#2716=DIRECTION('ref_axis',(0.,0.,1.));
#2717=DIRECTION('',(-0.500000000000011,0.866025403784432,0.));
#2718=DIRECTION('center_axis',(0.500000000000006,-0.866025403784435,0.));
#2719=DIRECTION('ref_axis',(0.862729915662818,0.498097349045879,0.0871557427476587));
#2720=DIRECTION('',(0.500000000000011,-0.866025403784432,0.));
#2721=DIRECTION('center_axis',(0.591254937650983,-0.0778401892526186,-0.802719442670008));
#2722=DIRECTION('ref_axis',(0.795852066560025,-0.104775912272701,0.5963568532008));
#2723=DIRECTION('center_axis',(-0.108674809711641,0.0143073101233722,0.993974389313514));
#2724=DIRECTION('ref_axis',(0.985470800622056,-0.12973969220133,0.109612560360694));
#2725=DIRECTION('center_axis',(-0.965925826289077,-0.258819045102489,0.));
#2726=DIRECTION('ref_axis',(-0.17485561241568,0.652570029523961,0.737277336810127));
#2727=DIRECTION('',(0.965925826289077,0.258819045102489,0.));
#2728=DIRECTION('center_axis',(-0.965925826289076,-0.258819045102494,0.));
#2729=DIRECTION('ref_axis',(0.,0.,1.));
#2730=DIRECTION('',(-0.965925826289077,-0.258819045102489,0.));
#2731=DIRECTION('center_axis',(-0.951649032942009,0.239389865206299,0.192500936457592));
#2732=DIRECTION('ref_axis',(0.30718743154715,0.741616063431695,0.596356853200784));
#2733=DIRECTION('center_axis',(-0.0419469108291571,-0.101268801023405,0.993974389313514));
#2734=DIRECTION('ref_axis',(0.380377530985498,0.918312594127157,0.109612560360695));
#2735=DIRECTION('center_axis',(0.,0.,1.));
#2736=DIRECTION('ref_axis',(1.,0.,0.));
#2737=DIRECTION('center_axis',(0.,0.,1.));
#2738=DIRECTION('ref_axis',(1.,0.,0.));
#2739=DIRECTION('center_axis',(0.258819045102545,-0.965925826289062,0.));
#2740=DIRECTION('ref_axis',(-0.652570029523972,-0.174855612415713,0.73727733681011));
#2741=DIRECTION('',(0.258819045102545,-0.965925826289062,-2.41905780816896E-18));
#2742=DIRECTION('center_axis',(-0.258819045102547,0.965925826289061,0.));
#2743=DIRECTION('ref_axis',(-0.962250186899051,-0.257834160496326,0.0871557427476568));
#2744=DIRECTION('',(-0.258819045102545,0.965925826289062,0.));
#2745=DIRECTION('center_axis',(1.,0.,0.));
#2746=DIRECTION('ref_axis',(0.,-0.675590207615652,0.737277336810131));
#2747=DIRECTION('center_axis',(1.,0.,0.));
#2748=DIRECTION('ref_axis',(0.,0.,1.));
#2749=DIRECTION('',(1.,0.,0.));
#2750=DIRECTION('center_axis',(-1.,0.,0.));
#2751=DIRECTION('ref_axis',(0.,-0.996194698091746,0.0871557427476577));
#2752=DIRECTION('',(-1.,0.,0.));
#2753=DIRECTION('center_axis',(-0.872471704118669,0.356689229643273,-0.334014848425566));
#2754=DIRECTION('ref_axis',(-0.488664635012877,-0.636840151158977,0.596356853200785));
#2755=DIRECTION('center_axis',(0.066727898882484,0.086961490900035,0.993974389313514));
#2756=DIRECTION('ref_axis',(-0.605093269636563,-0.788572901925817,0.109612560360707));
#2757=DIRECTION('center_axis',(0.258819045102545,0.965925826289062,0.));
#2758=DIRECTION('ref_axis',(0.652570029523955,-0.174855612415717,0.737277336810124));
#2759=DIRECTION('',(-0.258819045102545,-0.965925826289062,0.));
#2760=DIRECTION('center_axis',(0.258819045102547,0.965925826289061,0.));
#2761=DIRECTION('ref_axis',(0.,0.,1.));
#2762=DIRECTION('',(0.258819045102545,0.965925826289062,2.41905780816884E-18));
#2763=DIRECTION('center_axis',(-0.872471704118669,-0.356689229643273,0.334014848425566));
#2764=DIRECTION('ref_axis',(0.488664635012875,-0.636840151158982,0.596356853200782));
#2765=DIRECTION('center_axis',(-0.0667278988824794,0.086961490900035,0.993974389313514));
#2766=DIRECTION('ref_axis',(0.605093269636564,-0.788572901925818,0.109612560360696));
#2767=DIRECTION('center_axis',(0.,0.,1.));
#2768=DIRECTION('ref_axis',(1.,0.,0.));
#2769=DIRECTION('center_axis',(0.,0.,1.));
#2770=DIRECTION('ref_axis',(1.,0.,0.));
#2771=DIRECTION('center_axis',(-0.704416026402783,-0.704416026402734,0.0871557427476581));
#2772=DIRECTION('ref_axis',(-0.707106781186523,0.707106781186572,0.));
#2773=DIRECTION('',(0.108674809711637,0.0143073101233751,0.993974389313514));
#2774=DIRECTION('center_axis',(-0.704416026402783,-0.704416026402734,0.0871557427476581));
#2775=DIRECTION('ref_axis',(0.,0.122791346617484,0.992432509138967));
#2776=DIRECTION('center_axis',(0.,0.,-1.));
#2777=DIRECTION('ref_axis',(1.,0.,0.));
#2778=DIRECTION('center_axis',(0.,0.,-1.));
#2779=DIRECTION('ref_axis',(1.,0.,0.));
#2780=DIRECTION('center_axis',(0.,0.,-1.));
#2781=DIRECTION('ref_axis',(1.,0.,0.));
#2782=DIRECTION('center_axis',(0.,0.,-1.));
#2783=DIRECTION('ref_axis',(1.,0.,0.));
#2784=DIRECTION('',(0.034899496702501,-4.27395569285714E-18,0.999390827019096));
#2785=DIRECTION('center_axis',(0.,0.,1.));
#2786=DIRECTION('ref_axis',(1.,-6.12244861837821E-17,0.));
#2787=DIRECTION('center_axis',(0.,0.,-1.));
#2788=DIRECTION('ref_axis',(1.,0.,0.));
#2789=DIRECTION('center_axis',(-0.257834160496268,0.962250186899067,0.0871557427476575));
#2790=DIRECTION('ref_axis',(0.965925826289077,0.258819045102489,0.));
#2791=DIRECTION('',(-0.0419469108291571,-0.101268801023405,0.993974389313514));
#2792=DIRECTION('center_axis',(-0.257834160496268,0.962250186899067,0.0871557427476575));
#2793=DIRECTION('ref_axis',(0.,0.0902056697508805,-0.995923158253083));
#2794=DIRECTION('center_axis',(0.962250186899052,-0.257834160496324,0.087155742747655));
#2795=DIRECTION('ref_axis',(-0.258819045102545,-0.965925826289062,0.));
#2796=DIRECTION('',(-0.0667278988824794,0.086961490900035,0.993974389313514));
#2797=DIRECTION('center_axis',(0.962250186899052,-0.257834160496324,0.087155742747655));
#2798=DIRECTION('ref_axis',(-0.0902056697508793,0.,0.995923158253083));
#2799=DIRECTION('center_axis',(-0.108674809711637,-0.0143073101233751,-0.993974389313514));
#2800=DIRECTION('ref_axis',(-0.985470800622056,-0.129739692201336,0.109612560360695));
#2801=DIRECTION('',(-0.108674809711637,-0.0143073101233751,-0.993974389313514));
#2802=DIRECTION('center_axis',(-0.0419469108291554,0.101268801023402,-0.993974389313514));
#2803=DIRECTION('ref_axis',(-0.380377530985495,0.918312594127158,0.109612560360698));
#2804=DIRECTION('',(-0.0419469108291554,0.101268801023402,-0.993974389313514));
#2805=DIRECTION('',(0.0419469108291554,-0.101268801023402,0.993974389313514));
#2806=DIRECTION('center_axis',(0.0419469108291571,0.101268801023405,-0.993974389313514));
#2807=DIRECTION('ref_axis',(0.380377530985495,0.918312594127158,0.109612560360698));
#2808=DIRECTION('',(0.0419469108291571,0.101268801023405,-0.993974389313514));
#2809=DIRECTION('center_axis',(0.108674809711641,-0.0143073101233722,-0.993974389313514));
#2810=DIRECTION('ref_axis',(0.985470800622056,-0.12973969220133,0.109612560360698));
#2811=DIRECTION('',(0.108674809711641,-0.0143073101233722,-0.993974389313514));
#2812=DIRECTION('',(-0.108674809711641,0.0143073101233722,0.993974389313514));
#2813=DIRECTION('center_axis',(0.0667278988824794,-0.086961490900035,-0.993974389313514));
#2814=DIRECTION('ref_axis',(0.605093269636575,-0.788572901925809,0.109612560360696));
#2815=DIRECTION('',(0.0667278988824794,-0.086961490900035,-0.993974389313514));
#2816=DIRECTION('center_axis',(-0.066727898882484,-0.086961490900035,-0.993974389313514));
#2817=DIRECTION('ref_axis',(-0.605093269636575,-0.788572901925809,0.109612560360696));
#2818=DIRECTION('',(-0.066727898882484,-0.086961490900035,-0.993974389313514));
#2819=DIRECTION('',(0.066727898882484,0.086961490900035,0.993974389313514));
#2820=DIRECTION('center_axis',(-0.862729915662823,0.498097349045871,0.0871557427476521));
#2821=DIRECTION('ref_axis',(0.499999999999998,0.86602540378444,0.));
#2822=DIRECTION('center_axis',(-0.862729915662823,0.498097349045871,0.0871557427476521));
#2823=DIRECTION('ref_axis',(0.,0.1723586617232,-0.985034259165126));
#2824=DIRECTION('center_axis',(0.257834160496269,0.962250186899067,0.0871557427476543));
#2825=DIRECTION('ref_axis',(0.965925826289077,-0.25881904510249,0.));
#2826=DIRECTION('center_axis',(0.257834160496269,0.962250186899067,0.0871557427476543));
#2827=DIRECTION('ref_axis',(0.,0.0902056697508772,-0.995923158253083));
#2828=DIRECTION('center_axis',(0.862729915662815,0.498097349045884,0.0871557427476565));
#2829=DIRECTION('ref_axis',(0.500000000000011,-0.866025403784432,0.));
#2830=DIRECTION('center_axis',(0.862729915662815,0.498097349045884,0.0871557427476565));
#2831=DIRECTION('ref_axis',(0.,0.172358661723204,-0.985034259165125));
#2832=DIRECTION('center_axis',(0.704416026402777,-0.70441602640274,0.0871557427476586));
#2833=DIRECTION('ref_axis',(-0.707106781186529,-0.707106781186566,0.));
#2834=DIRECTION('center_axis',(0.704416026402777,-0.70441602640274,0.0871557427476586));
#2835=DIRECTION('ref_axis',(0.,0.122791346617483,0.992432509138967));
#2836=DIRECTION('center_axis',(0.,-0.996194698091746,0.0871557427476574));
#2837=DIRECTION('ref_axis',(-1.,0.,0.));
#2838=DIRECTION('center_axis',(0.,-0.996194698091746,0.0871557427476574));
#2839=DIRECTION('ref_axis',(0.,0.0871557427476574,0.996194698091746));
#2840=DIRECTION('center_axis',(-0.962250186899052,-0.257834160496323,0.0871557427476594));
#2841=DIRECTION('ref_axis',(-0.258819045102545,0.965925826289062,0.));
#2842=DIRECTION('center_axis',(-0.962250186899052,-0.257834160496323,0.0871557427476594));
#2843=DIRECTION('ref_axis',(-0.0902056697508838,0.,-0.995923158253083));
#2844=DIRECTION('center_axis',(0.,0.,1.));
#2845=DIRECTION('ref_axis',(1.,0.,-1.16643528850833E-16));
#2846=DIRECTION('center_axis',(1.23022471834863E-16,-1.,1.30104260698259E-18));
#2847=DIRECTION('ref_axis',(-1.,-1.23022471834863E-16,1.45804411063541E-16));
#2848=DIRECTION('center_axis',(1.47269285430532E-15,1.54629093830603E-15,
-1.));
#2849=DIRECTION('ref_axis',(0.,1.,1.54629093830603E-15));
#2850=DIRECTION('center_axis',(0.0240361517269056,-0.984514384761907,0.17364817766693));
#2851=DIRECTION('ref_axis',(0.999702106071561,0.0244069481108234,0.));
#2852=DIRECTION('center_axis',(0.0240361517269056,-0.984514384761907,0.17364817766693));
#2853=DIRECTION('ref_axis',(-0.00423822206185577,0.173596448929119,0.984807753012208));
#2854=DIRECTION('',(-0.999702106071561,-0.0244069481108234,0.));
#2855=DIRECTION('',(0.999702106071561,0.0244069481108237,1.50999439074104E-15));
#2856=DIRECTION('center_axis',(0.359310345392299,0.916920054359714,0.173648177666931));
#2857=DIRECTION('ref_axis',(-0.931065024168578,0.364853286637199,0.));
#2858=DIRECTION('center_axis',(0.359310345392299,0.916920054359714,0.173648177666931));
#2859=DIRECTION('ref_axis',(-0.0633561083403399,-0.161677744736291,0.984807753012208));
#2860=DIRECTION('',(-0.931065024168578,0.364853286637199,-8.07003477048404E-16));
#2861=DIRECTION('',(0.931065024168578,-0.364853286637199,0.));
#2862=DIRECTION('center_axis',(0.,0.,1.));
#2863=DIRECTION('ref_axis',(-1.,0.,0.));
#2864=DIRECTION('center_axis',(0.,0.,1.));
#2865=DIRECTION('ref_axis',(1.,0.,0.));
#2866=DIRECTION('center_axis',(-1.47269285430532E-15,-1.54629093830603E-15,
1.));
#2867=DIRECTION('ref_axis',(1.,0.,1.47269285430532E-15));
#2868=DIRECTION('center_axis',(1.47269285430532E-15,1.54629093830603E-15,
-1.));
#2869=DIRECTION('ref_axis',(1.,0.,0.));
#2870=DIRECTION('',(0.781504726966359,-0.623899320186549,1.86186561789438E-16));
#2871=DIRECTION('center_axis',(-0.614420887618758,-0.769631914132158,0.173648177666936));
#2872=DIRECTION('ref_axis',(0.781504726966359,-0.623899320186549,0.));
#2873=DIRECTION('center_axis',(-0.614420887618758,-0.769631914132158,0.173648177666936));
#2874=DIRECTION('ref_axis',(0.108338979998035,0.135706871675805,0.984807753012207));
#2875=DIRECTION('',(-0.781504726966359,0.623899320186549,0.));
#2876=DIRECTION('center_axis',(0.864632543458464,0.47144127437625,0.173648177666928));
#2877=DIRECTION('ref_axis',(-0.478714015942973,0.877970894130182,0.));
#2878=DIRECTION('center_axis',(0.864632543458464,0.47144127437625,0.173648177666928));
#2879=DIRECTION('ref_axis',(-0.15245804581031,-0.0831278164921141,0.984807753012208));
#2880=DIRECTION('',(-0.478714015942973,0.877970894130182,6.52599727154919E-16));
#2881=DIRECTION('',(0.478714015942973,-0.877970894130182,0.));
#2882=DIRECTION('center_axis',(0.,0.,1.));
#2883=DIRECTION('ref_axis',(-1.,0.,0.));
#2884=DIRECTION('center_axis',(0.,0.,1.));
#2885=DIRECTION('ref_axis',(1.,0.,0.));
#2886=DIRECTION('center_axis',(-1.47269285430532E-15,-1.54629093830603E-15,
1.));
#2887=DIRECTION('ref_axis',(1.,0.,1.47269285430532E-15));
#2888=DIRECTION('center_axis',(1.47269285430532E-15,1.54629093830603E-15,
-1.));
#2889=DIRECTION('ref_axis',(1.,0.,0.));
#2890=DIRECTION('center_axis',(-1.47269285430532E-15,-1.54629093830603E-15,
1.));
#2891=DIRECTION('ref_axis',(1.,0.,1.47269285430532E-15));
#2892=DIRECTION('',(-0.947760359950578,-0.318983228565941,-1.88900078549617E-15));
#2893=DIRECTION('center_axis',(1.47269285430532E-15,1.54629093830603E-15,
-1.));
#2894=DIRECTION('ref_axis',(1.,0.,0.));
#2895=DIRECTION('center_axis',(-0.864632543458471,0.471441274376235,0.173648177666931));
#2896=DIRECTION('ref_axis',(-0.478714015942958,-0.87797089413019,0.));
#2897=DIRECTION('center_axis',(-0.864632543458471,0.471441274376235,0.173648177666931));
#2898=DIRECTION('ref_axis',(0.152458045810314,-0.0831278164921131,0.984807753012208));
#2899=DIRECTION('',(0.478714015942958,0.87797089413019,0.));
#2900=DIRECTION('',(-0.478714015942958,-0.87797089413019,-2.06259714822495E-15));
#2901=DIRECTION('center_axis',(0.614420887618774,-0.769631914132147,0.173648177666931));
#2902=DIRECTION('ref_axis',(0.781504726966347,0.623899320186563,0.));
#2903=DIRECTION('center_axis',(0.614420887618774,-0.769631914132147,0.173648177666931));
#2904=DIRECTION('ref_axis',(-0.108338979998034,0.135706871675798,0.984807753012208));
#2905=DIRECTION('',(0.781504726966346,0.623899320186564,2.11564629222894E-15));
#2906=DIRECTION('',(-0.781504726966347,-0.623899320186563,0.));
#2907=DIRECTION('center_axis',(0.,0.,1.));
#2908=DIRECTION('ref_axis',(-1.,0.,0.));
#2909=DIRECTION('center_axis',(0.,0.,1.));
#2910=DIRECTION('ref_axis',(1.,0.,0.));
#2911=DIRECTION('center_axis',(-1.47269285430532E-15,-1.54629093830603E-15,
1.));
#2912=DIRECTION('ref_axis',(1.,0.,1.47269285430532E-15));
#2913=DIRECTION('center_axis',(1.47269285430532E-15,1.54629093830603E-15,
-1.));
#2914=DIRECTION('ref_axis',(1.,0.,0.));
#2915=DIRECTION('',(-0.931065024168572,-0.364853286637214,-1.93534213892496E-15));
#2916=DIRECTION('center_axis',(-0.359310345392315,0.916920054359708,0.17364817766693));
#2917=DIRECTION('ref_axis',(-0.931065024168571,-0.364853286637215,0.));
#2918=DIRECTION('center_axis',(-0.359310345392315,0.916920054359708,0.17364817766693));
#2919=DIRECTION('ref_axis',(0.0633561083403421,-0.161677744736289,0.984807753012208));
#2920=DIRECTION('',(0.931065024168571,0.364853286637215,0.));
#2921=DIRECTION('center_axis',(-0.0240361517268917,-0.984514384761907,0.17364817766693));
#2922=DIRECTION('ref_axis',(0.999702106071562,-0.0244069481108094,0.));
#2923=DIRECTION('center_axis',(-0.0240361517268917,-0.984514384761907,0.17364817766693));
#2924=DIRECTION('ref_axis',(0.00423822206185354,0.173596448929119,0.984807753012208));
#2925=DIRECTION('',(0.999702106071562,-0.0244069481108091,1.43451390535012E-15));
#2926=DIRECTION('',(-0.999702106071562,0.0244069481108094,0.));
#2927=DIRECTION('center_axis',(0.,0.,1.));
#2928=DIRECTION('ref_axis',(-1.,0.,0.));
#2929=DIRECTION('center_axis',(0.,0.,1.));
#2930=DIRECTION('ref_axis',(1.,0.,0.));
#2931=DIRECTION('center_axis',(-1.47269285430532E-15,-1.54629093830603E-15,
1.));
#2932=DIRECTION('ref_axis',(1.,0.,1.47269285430532E-15));
#2933=DIRECTION('center_axis',(1.47269285430532E-15,1.54629093830603E-15,
-1.));
#2934=DIRECTION('ref_axis',(1.,0.,0.));
#2935=DIRECTION('',(-0.947760359950583,0.318983228565926,-9.02519033889972E-16));
#2936=DIRECTION('center_axis',(-1.47269285430532E-15,-1.54629093830603E-15,
1.));
#2937=DIRECTION('ref_axis',(1.,0.,1.47269285430532E-15));
#2938=DIRECTION('center_axis',(1.47269285430532E-15,1.54629093830603E-15,
-1.));
#2939=DIRECTION('ref_axis',(1.,0.,0.));
#2940=DIRECTION('center_axis',(0.314137156572589,0.933361750476975,0.173648177666931));
#2941=DIRECTION('ref_axis',(-0.947760359950583,0.318983228565926,0.));
#2942=DIRECTION('center_axis',(0.314137156572589,0.933361750476975,0.173648177666931));
#2943=DIRECTION('ref_axis',(-0.0553908563467874,-0.164576859370373,0.984807753012208));
#2944=DIRECTION('',(0.947760359950583,-0.318983228565926,0.));
#2945=DIRECTION('center_axis',(-0.651246408547467,-0.738731633102969,0.173648177666929));
#2946=DIRECTION('ref_axis',(0.750127759294571,-0.661292934134114,0.));
#2947=DIRECTION('center_axis',(-0.651246408547467,-0.738731633102969,0.173648177666929));
#2948=DIRECTION('ref_axis',(0.114832312916406,0.130258318418879,0.984807753012208));
#2949=DIRECTION('',(0.750127759294571,-0.661292934134114,8.21565193117929E-17));
#2950=DIRECTION('',(-0.750127759294571,0.661292934134114,0.));
#2951=DIRECTION('center_axis',(0.,0.,1.));
#2952=DIRECTION('ref_axis',(-1.,0.,0.));
#2953=DIRECTION('center_axis',(0.,0.,1.));
#2954=DIRECTION('ref_axis',(1.,0.,0.));
#2955=DIRECTION('center_axis',(-1.47269285430532E-15,-1.54629093830603E-15,
1.));
#2956=DIRECTION('ref_axis',(1.,0.,1.47269285430532E-15));
#2957=DIRECTION('center_axis',(1.47269285430532E-15,1.54629093830603E-15,
-1.));
#2958=DIRECTION('ref_axis',(1.,0.,0.));
#2959=DIRECTION('',(-0.520988090128601,0.853563946019367,5.52602757483914E-16));
#2960=DIRECTION('center_axis',(0.840596391731567,0.513073110385669,0.173648177666929));
#2961=DIRECTION('ref_axis',(-0.5209880901286,0.853563946019367,0.));
#2962=DIRECTION('center_axis',(0.840596391731567,0.513073110385669,0.173648177666929));
#2963=DIRECTION('ref_axis',(-0.148219823748456,-0.0904686324370052,0.984807753012208));
#2964=DIRECTION('',(0.5209880901286,-0.853563946019367,0.));
#2965=DIRECTION('center_axis',(-0.97373123301107,-0.147288140227571,0.173648177666926));
#2966=DIRECTION('ref_axis',(0.149560297202234,-0.988752606823759,0.));
#2967=DIRECTION('center_axis',(-0.97373123301107,-0.147288140227571,0.173648177666926));
#2968=DIRECTION('ref_axis',(0.171695088338368,0.0259708730604918,0.984807753012209));
#2969=DIRECTION('',(0.149560297202234,-0.988752606823759,-1.30864281518053E-15));
#2970=DIRECTION('',(-0.149560297202234,0.988752606823759,0.));
#2971=DIRECTION('center_axis',(0.,0.,1.));
#2972=DIRECTION('ref_axis',(-1.,0.,0.));
#2973=DIRECTION('center_axis',(0.,0.,1.));
#2974=DIRECTION('ref_axis',(1.,0.,0.));
#2975=DIRECTION('center_axis',(-1.47269285430532E-15,-1.54629093830603E-15,
1.));
#2976=DIRECTION('ref_axis',(1.,0.,1.47269285430532E-15));
#2977=DIRECTION('center_axis',(1.47269285430532E-15,1.54629093830603E-15,
-1.));
#2978=DIRECTION('ref_axis',(1.,0.,0.));
#2979=DIRECTION('',(2.02934901591074E-15,-1.,-1.54629093830602E-15));
#2980=DIRECTION('center_axis',(1.47269285430532E-15,1.54629093830603E-15,
-1.));
#2981=DIRECTION('ref_axis',(1.,0.,0.));
#2982=DIRECTION('',(-2.43521881909288E-15,1.,1.54629093830602E-15));
#2983=DIRECTION('center_axis',(1.47269285430532E-15,1.54629093830603E-15,
-1.));
#2984=DIRECTION('ref_axis',(1.,0.,0.));
#2985=DIRECTION('',(0.149560297202213,0.988752606823762,1.74915557713552E-15));
#2986=DIRECTION('center_axis',(-1.47269285430532E-15,-1.54629093830603E-15,
1.));
#2987=DIRECTION('ref_axis',(1.,0.,0.));
#2988=DIRECTION('center_axis',(0.973731233011072,-0.147288140227549,0.173648177666935));
#2989=DIRECTION('ref_axis',(0.149560297202213,0.988752606823762,0.));
#2990=DIRECTION('center_axis',(0.973731233011072,-0.147288140227549,0.173648177666935));
#2991=DIRECTION('ref_axis',(-0.171695088338378,0.0259708730604896,0.984807753012207));
#2992=DIRECTION('',(-0.149560297202213,-0.988752606823762,0.));
#2993=DIRECTION('center_axis',(-0.840596391731575,0.513073110385655,0.173648177666931));
#2994=DIRECTION('ref_axis',(-0.520988090128586,-0.853563946019376,0.));
#2995=DIRECTION('center_axis',(-0.840596391731575,0.513073110385655,0.173648177666931));
#2996=DIRECTION('ref_axis',(0.14821982374846,-0.0904686324370041,0.984807753012208));
#2997=DIRECTION('',(-0.520988090128587,-0.853563946019376,-2.08711363250504E-15));
#2998=DIRECTION('',(0.520988090128586,0.853563946019376,0.));
#2999=DIRECTION('center_axis',(0.,0.,1.));
#3000=DIRECTION('ref_axis',(-1.,0.,0.));
#3001=DIRECTION('center_axis',(0.,0.,1.));
#3002=DIRECTION('ref_axis',(1.,0.,0.));
#3003=DIRECTION('center_axis',(-1.47269285430532E-15,-1.54629093830603E-15,
1.));
#3004=DIRECTION('ref_axis',(1.,0.,1.47269285430532E-15));
#3005=DIRECTION('center_axis',(1.47269285430532E-15,1.54629093830603E-15,
-1.));
#3006=DIRECTION('ref_axis',(1.,0.,0.));
#3007=DIRECTION('',(0.75012775929456,0.661292934134127,2.12725906254657E-15));
#3008=DIRECTION('center_axis',(0.65124640854748,-0.738731633102957,0.173648177666935));
#3009=DIRECTION('ref_axis',(0.75012775929456,0.661292934134127,0.));
#3010=DIRECTION('center_axis',(0.65124640854748,-0.738731633102957,0.173648177666935));
#3011=DIRECTION('ref_axis',(-0.114832312916411,0.130258318418881,0.984807753012207));
#3012=DIRECTION('',(-0.75012775929456,-0.661292934134127,0.));
#3013=DIRECTION('center_axis',(-0.314137156572605,0.93336175047697,0.173648177666931));
#3014=DIRECTION('ref_axis',(-0.947760359950578,-0.318983228565942,0.));
#3015=DIRECTION('center_axis',(-0.314137156572605,0.93336175047697,0.173648177666931));
#3016=DIRECTION('ref_axis',(0.0553908563467901,-0.164576859370373,0.984807753012208));
#3017=DIRECTION('',(0.947760359950578,0.318983228565942,0.));
#3018=DIRECTION('center_axis',(0.,0.,1.));
#3019=DIRECTION('ref_axis',(-1.,0.,0.));
#3020=DIRECTION('center_axis',(0.,0.,1.));
#3021=DIRECTION('ref_axis',(1.,0.,0.));
#3022=DIRECTION('center_axis',(0.,0.,1.));
#3023=DIRECTION('ref_axis',(1.,0.,0.));
#3024=DIRECTION('center_axis',(1.22445508471977E-16,-1.,0.));
#3025=DIRECTION('ref_axis',(-1.,-1.22445508471977E-16,0.));
#3026=DIRECTION('center_axis',(-1.47269285430532E-15,-1.54629093830603E-15,
1.));
#3027=DIRECTION('ref_axis',(1.,0.,1.47269285430532E-15));
#3028=DIRECTION('center_axis',(1.47269285430532E-15,1.54629093830603E-15,
-1.));
#3029=DIRECTION('ref_axis',(1.,0.,0.));
#3030=DIRECTION('',(-2.43521881909288E-15,1.,1.54629093830602E-15));
#3031=DIRECTION('center_axis',(1.47269285430532E-15,1.54629093830603E-15,
-1.));
#3032=DIRECTION('ref_axis',(1.,0.,0.));
#3033=DIRECTION('',(2.02934901591074E-15,-1.,-1.54629093830602E-15));
#3034=DIRECTION('center_axis',(1.47269285430532E-15,1.54629093830603E-15,
-1.));
#3035=DIRECTION('ref_axis',(1.,0.,0.));
#3036=DIRECTION('center_axis',(1.47269285430532E-15,1.54629093830603E-15,
-1.));
#3037=DIRECTION('ref_axis',(1.,0.,0.));
#3038=DIRECTION('center_axis',(0.,0.,1.));
#3039=DIRECTION('ref_axis',(1.,0.,0.));
#3040=DIRECTION('center_axis',(0.,0.,1.));
#3041=DIRECTION('ref_axis',(1.,0.,0.));
#3042=DIRECTION('',(0.,0.,-1.));
#3043=DIRECTION('center_axis',(0.,0.,1.));
#3044=DIRECTION('ref_axis',(-0.999996326929869,-0.00271037391695518,0.));
#3045=DIRECTION('center_axis',(0.999847695156391,2.05602643415185E-15,-0.0174524064372835));
#3046=DIRECTION('ref_axis',(-2.02934901591074E-15,1.,1.54629093830602E-15));
#3047=DIRECTION('',(0.0174524064372835,2.35507599532296E-19,0.999847695156391));
#3048=DIRECTION('center_axis',(0.,0.,1.));
#3049=DIRECTION('ref_axis',(1.,0.,0.));
#3050=DIRECTION('',(-0.0174524064372835,-4.22649209949983E-17,0.999847695156391));
#3051=DIRECTION('center_axis',(-0.999847695156391,-2.40786142554588E-15,
-0.0174524064372835));
#3052=DIRECTION('ref_axis',(2.43521881909288E-15,-1.,-1.54629093830602E-15));
#3053=DIRECTION('center_axis',(0.,0.,1.));
#3054=DIRECTION('ref_axis',(1.,0.,0.));
#3055=DIRECTION('center_axis',(0.,0.,-1.));
#3056=DIRECTION('ref_axis',(1.,0.,0.));
#3057=DIRECTION('',(0.,0.,1.));
#3058=CARTESIAN_POINT('',(0.,0.,0.));
#3059=CARTESIAN_POINT('Origin',(-41.1940375452371,-0.301936997035035,8.61240019435882));
#3060=CARTESIAN_POINT('',(-43.4513665235656,13.3104514742781,8.53227646533438));
#3061=CARTESIAN_POINT('',(-43.444037545237,13.8116628863312,8.11240019435882));
#3062=CARTESIAN_POINT('Ctrl Pts',(-43.4513665235656,13.3104514742781,8.53227646533438));
#3063=CARTESIAN_POINT('Ctrl Pts',(-43.4506923138366,13.316919579164,8.4936510158276));
#3064=CARTESIAN_POINT('Ctrl Pts',(-43.4500213884249,13.3284463165737,8.45521372473149));
#3065=CARTESIAN_POINT('Ctrl Pts',(-43.4484446357214,13.3664095923725,8.3648816228485));
#3066=CARTESIAN_POINT('Ctrl Pts',(-43.4473701139916,13.4081404278406,8.30332231417575));
#3067=CARTESIAN_POINT('Ctrl Pts',(-43.445842632474,13.4966195136611,8.21581295664433));
#3068=CARTESIAN_POINT('Ctrl Pts',(-43.4451215980918,13.5591738704217,8.17450492455004));
#3069=CARTESIAN_POINT('Ctrl Pts',(-43.4442917183507,13.6750220631634,8.12696114602527));
#3070=CARTESIAN_POINT('Ctrl Pts',(-43.4440375559939,13.7489072548333,8.11240019435882));
#3071=CARTESIAN_POINT('Ctrl Pts',(-43.4440375559939,13.8116628846163,8.11240019435882));
#3072=CARTESIAN_POINT('',(-38.944037545237,13.8116628863311,8.11240019435882));
#3073=CARTESIAN_POINT('Origin',(-41.1940375452371,-0.301936997035035,8.11240019435882));
#3074=CARTESIAN_POINT('',(-38.9367085669084,13.3104514742781,8.53227646533438));
#3075=CARTESIAN_POINT('Ctrl Pts',(-38.9440375344801,13.8116628846163,8.11240019435882));
#3076=CARTESIAN_POINT('Ctrl Pts',(-38.9440375344801,13.7489072548332,8.11240019435882));
#3077=CARTESIAN_POINT('Ctrl Pts',(-38.9437833721233,13.6750220631634,8.12696114602527));
#3078=CARTESIAN_POINT('Ctrl Pts',(-38.9429534923822,13.5591738704217,8.17450492455004));
#3079=CARTESIAN_POINT('Ctrl Pts',(-38.9422324579999,13.4966195136611,8.21581295664433));
#3080=CARTESIAN_POINT('Ctrl Pts',(-38.9407049764824,13.4081404278406,8.30332231417575));
#3081=CARTESIAN_POINT('Ctrl Pts',(-38.9396304547526,13.3664095923725,8.3648816228485));
#3082=CARTESIAN_POINT('Ctrl Pts',(-38.9380537020491,13.3284463165737,8.45521372473149));
#3083=CARTESIAN_POINT('Ctrl Pts',(-38.9373827766374,13.316919579164,8.4936510158276));
#3084=CARTESIAN_POINT('Ctrl Pts',(-38.9367085669084,13.3104514742781,8.53227646533438));
#3085=CARTESIAN_POINT('Origin',(-41.1940375452371,-0.301936997035035,8.53227646533438));
#3086=CARTESIAN_POINT('Origin',(-43.6165999664895,13.3894152006115,17.9984940705641));
#3087=CARTESIAN_POINT('',(-43.5182215785463,12.0738999995932,12.3623999999999));
#3088=CARTESIAN_POINT('Origin',(-43.4115899829248,-0.301936997035041,6.25347997821867));
#3089=CARTESIAN_POINT('',(-43.5182215785463,13.3770174066945,12.3623999999999));
#3090=CARTESIAN_POINT('',(-43.5182215785463,6.54373910178827,12.3623999999999));
#3091=CARTESIAN_POINT('',(-43.5400404097066,13.3954293207531,13.6123999999999));
#3092=CARTESIAN_POINT('Ctrl Pts',(-43.5182215785475,13.3770174014934,12.3624000000676));
#3093=CARTESIAN_POINT('Ctrl Pts',(-43.5291236570096,13.3862233611191,12.9869796568601));
#3094=CARTESIAN_POINT('Ctrl Pts',(-43.5400404097066,13.3954293207449,13.6124));
#3095=CARTESIAN_POINT('',(-43.5400404097066,13.804126982553,13.6123999999999));
#3096=CARTESIAN_POINT('',(-43.5400404097066,6.54373910178827,13.6123999999999));
#3097=CARTESIAN_POINT('',(-43.5181826970585,13.8520609600591,12.3601724810572));
#3098=CARTESIAN_POINT('Ctrl Pts',(-43.5400404097066,13.804126982553,13.6124000000005));
#3099=CARTESIAN_POINT('Ctrl Pts',(-43.5291300906244,13.8280685919551,12.9873482384018));
#3100=CARTESIAN_POINT('Ctrl Pts',(-43.5181826970585,13.8520609600591,12.3601724810572));
#3101=CARTESIAN_POINT('',(-43.4658494017357,15.988661956262,9.362));
#3102=CARTESIAN_POINT('Ctrl Pts',(-43.4658494017357,15.988661956262,9.362));
#3103=CARTESIAN_POINT('Ctrl Pts',(-43.4938524240292,14.8476553393601,10.9662920727401));
#3104=CARTESIAN_POINT('Ctrl Pts',(-43.5181826970585,13.8520609600591,12.3601724810572));
#3105=CARTESIAN_POINT('',(-43.4658494017357,16.1105630104156,9.362));
#3106=CARTESIAN_POINT('',(-43.4658494017357,1.35159669306285,9.362));
#3107=CARTESIAN_POINT('',(-43.444037545237,16.1105630104156,8.11240019435882));
#3108=CARTESIAN_POINT('',(-43.444037545237,16.1105630104156,8.11239957809448));
#3109=CARTESIAN_POINT('',(-43.444037545237,16.1105630104156,8.11240019435882));
#3110=CARTESIAN_POINT('Origin',(-41.1940375452371,-0.301936997035035,6.29218750000024));
#3111=CARTESIAN_POINT('',(-38.8698535119277,12.0738999995931,12.3623999999999));
#3112=CARTESIAN_POINT('Origin',(-38.9764851075491,-0.301936997035031,6.25347997821867));
#3113=CARTESIAN_POINT('',(-33.5831592754594,9.72989756850814,12.3623999999999));
#3114=CARTESIAN_POINT('Origin',(-41.1940375452371,-0.301936997035045,12.3623999999999));
#3115=CARTESIAN_POINT('',(-33.6661218640626,9.30149153317898,13.1123999999999));
#3116=CARTESIAN_POINT('Origin',(-40.5048295845389,-0.677727940552058,6.15377065770783));
#3117=CARTESIAN_POINT('',(-33.0437155128501,8.77923059343423,13.1123999999999));
#3118=CARTESIAN_POINT('Origin',(-41.1940375452371,-0.301936997035035,13.1123999999999));
#3119=CARTESIAN_POINT('',(-32.6362242301462,8.93532472123703,12.3623999999999));
#3120=CARTESIAN_POINT('Origin',(-41.6837990863332,0.311544933572777,6.15377065770783));
#3121=CARTESIAN_POINT('',(-28.9154275782626,2.49071587554259,12.3623999999999));
#3122=CARTESIAN_POINT('Origin',(-41.1940375452371,-0.301936997035045,12.3623999999999));
#3123=CARTESIAN_POINT('',(-29.2543546996734,2.21586513680168,13.1123999999999));
#3124=CARTESIAN_POINT('Origin',(-40.9076273791161,-1.03282389872481,6.15377065770783));
#3125=CARTESIAN_POINT('',(-29.1132666340563,1.41571495530256,13.1123999999999));
#3126=CARTESIAN_POINT('Origin',(-41.1940375452371,-0.301936997035035,13.1123999999999));
#3127=CARTESIAN_POINT('',(-28.7007748300251,1.27335964693204,12.3623999999999));
#3128=CARTESIAN_POINT('Origin',(-41.1748780684859,0.482830077178613,6.15377065770782));
#3129=CARTESIAN_POINT('',(-29.9929939461626,-6.05517913338156,12.3623999999999));
#3130=CARTESIAN_POINT('Origin',(-41.1940375452371,-0.301936997035045,12.3623999999999));
#3131=CARTESIAN_POINT('',(-30.4292978335175,-6.04786886025162,13.1123999999999));
#3132=CARTESIAN_POINT('Origin',(-41.4444396735156,-1.04592975269377,6.15377065770783));
#3133=CARTESIAN_POINT('',(-30.8355447274172,-6.75150912090297,13.1123999999999));
#3134=CARTESIAN_POINT('Origin',(-41.1940375452371,-0.301936997035035,13.1123999999999));
#3135=CARTESIAN_POINT('',(-30.6110619015006,-7.12570423455721,12.3623999999999));
#3136=CARTESIAN_POINT('Origin',(-40.6749219827443,0.286913985045266,6.15377065770783));
#3137=CARTESIAN_POINT('',(-36.3116530998027,-11.9090682065451,12.3623999999999));
#3138=CARTESIAN_POINT('Origin',(-41.1940375452371,-0.301936997035045,12.3623999999999));
#3139=CARTESIAN_POINT('',(-36.6411823152308,-11.6230174795864,13.1123999999999));
#3140=CARTESIAN_POINT('Origin',(-41.8640860291841,-0.710913127731601,6.15377065770783));
#3141=CARTESIAN_POINT('',(-37.4046767320603,-11.9009067213408,13.1123999999999));
#3142=CARTESIAN_POINT('Origin',(-41.1940375452371,-0.301936997035035,13.1123999999999));
#3143=CARTESIAN_POINT('',(-37.4732408933535,-12.3318515878845,12.3623999999999));
#3144=CARTESIAN_POINT('Origin',(-40.41786583802,-0.184532025953075,6.15377065770784));
#3145=CARTESIAN_POINT('',(-44.9148341971205,-12.3318515878846,12.3623999999998));
#3146=CARTESIAN_POINT('Origin',(-41.1940375452371,-0.301936997035045,12.3623999999999));
#3147=CARTESIAN_POINT('',(-44.9833983584137,-11.9009067213408,13.1123999999999));
#3148=CARTESIAN_POINT('Origin',(-41.9702092524542,-0.184532025953085,6.15377065770782));
#3149=CARTESIAN_POINT('',(-45.7468927752432,-11.6230174795865,13.1123999999999));
#3150=CARTESIAN_POINT('Origin',(-41.1940375452371,-0.301936997035035,13.1123999999999));
#3151=CARTESIAN_POINT('',(-46.0764219906713,-11.9090682065451,12.3623999999998));
#3152=CARTESIAN_POINT('Origin',(-40.5239890612902,-0.710913127731567,6.15377065770783));
#3153=CARTESIAN_POINT('',(-51.7770131889735,-7.12570423455736,12.3623999999999));
#3154=CARTESIAN_POINT('Origin',(-41.1940375452371,-0.301936997035045,12.3623999999999));
#3155=CARTESIAN_POINT('',(-51.5525303630569,-6.75150912090311,13.1123999999999));
#3156=CARTESIAN_POINT('Origin',(-41.7131531077299,0.286913985045264,6.15377065770783));
#3157=CARTESIAN_POINT('',(-51.9587772569566,-6.0478688602518,13.1123999999999));
#3158=CARTESIAN_POINT('Origin',(-41.1940375452371,-0.301936997035035,13.1123999999999));
#3159=CARTESIAN_POINT('',(-52.3950811443115,-6.05517913338174,12.3623999999999));
#3160=CARTESIAN_POINT('Origin',(-40.9436354169585,-1.04592975269375,6.15377065770783));
#3161=CARTESIAN_POINT('',(-53.7862245192222,-0.301936997035037,12.3623999999998));
#3162=CARTESIAN_POINT('Origin',(-41.1940375452371,-0.301936997035045,12.3623999999999));
#3163=CARTESIAN_POINT('',(-50.6157248825527,-0.301936997035037,16.6189711377463));
#3164=CARTESIAN_POINT('Origin',(-41.1940375452371,-0.301936997035035,6.29218750000024));
#3165=CARTESIAN_POINT('',(-50.5951205932232,-0.431312330750072,16.6369229790179));
#3166=CARTESIAN_POINT('Ctrl Pts',(-50.5951205932232,-0.431312330750076,
16.6369229790179));
#3167=CARTESIAN_POINT('Ctrl Pts',(-50.6088232837604,-0.389874759419816,
16.624988489987));
#3168=CARTESIAN_POINT('Ctrl Pts',(-50.6157248825527,-0.344670748927494,
16.6189711377463));
#3169=CARTESIAN_POINT('Ctrl Pts',(-50.6157248825527,-0.301936997035039,
16.6189711377463));
#3170=CARTESIAN_POINT('',(-47.9330892947541,-6.85802439497571,16.6369229790179));
#3171=CARTESIAN_POINT('Origin',(-46.3341905888217,-2.43105810036112,4.80140887731868));
#3172=CARTESIAN_POINT('',(-47.7501249431778,-7.04098874655206,16.6369229790179));
#3173=CARTESIAN_POINT('Ctrl Pts',(-47.7501249431778,-7.04098874655206,16.6369229790179));
#3174=CARTESIAN_POINT('Ctrl Pts',(-47.7891149962606,-7.02137722426788,16.6249884899871));
#3175=CARTESIAN_POINT('Ctrl Pts',(-47.8259592259237,-6.99429332921903,16.6189711377463));
#3176=CARTESIAN_POINT('Ctrl Pts',(-47.8561765516724,-6.96407600347033,16.6189711377463));
#3177=CARTESIAN_POINT('Ctrl Pts',(-47.8863938774215,-6.93385867772121,16.6189711377463));
#3178=CARTESIAN_POINT('Ctrl Pts',(-47.9134777724613,-6.89701444807585,16.6249884899817));
#3179=CARTESIAN_POINT('Ctrl Pts',(-47.9330892947543,-6.8580243949754,16.636922979018));
#3180=CARTESIAN_POINT('',(-41.3234128789521,-9.70302004502112,16.6369229790179));
#3181=CARTESIAN_POINT('Origin',(-43.3231586485632,-5.44209004061958,4.80140887731868));
#3182=CARTESIAN_POINT('',(-41.0646622115221,-9.70302004502112,16.6369229790179));
#3183=CARTESIAN_POINT('Ctrl Pts',(-41.064662211522,-9.70302004502111,16.6369229790179));
#3184=CARTESIAN_POINT('Ctrl Pts',(-41.1060997828523,-9.7167227355583,16.6249884899871));
#3185=CARTESIAN_POINT('Ctrl Pts',(-41.1513037933446,-9.72362433435065,16.6189711377463));
#3186=CARTESIAN_POINT('Ctrl Pts',(-41.1940375452371,-9.72362433435065,16.6189711377463));
#3187=CARTESIAN_POINT('Ctrl Pts',(-41.2368463618033,-9.72362433435065,16.6189711377463));
#3188=CARTESIAN_POINT('Ctrl Pts',(-41.2819860200593,-9.71671919313988,16.6249915752902));
#3189=CARTESIAN_POINT('Ctrl Pts',(-41.3234128789521,-9.70302004502112,16.6369229790179));
#3190=CARTESIAN_POINT('',(-34.6379501472964,-7.04098874655207,16.6369229790179));
#3191=CARTESIAN_POINT('Origin',(-39.064916441911,-5.44209004061958,4.80140887731868));
#3192=CARTESIAN_POINT('',(-34.4549857957201,-6.85802439497572,16.6369229790179));
#3193=CARTESIAN_POINT('Ctrl Pts',(-34.4549857957201,-6.85802439497572,16.6369229790179));
#3194=CARTESIAN_POINT('Ctrl Pts',(-34.4745973180043,-6.89701444805859,16.6249884899871));
#3195=CARTESIAN_POINT('Ctrl Pts',(-34.5016812130531,-6.93385867772164,16.6189711377463));
#3196=CARTESIAN_POINT('Ctrl Pts',(-34.5318985388018,-6.96407600347034,16.6189711377463));
#3197=CARTESIAN_POINT('Ctrl Pts',(-34.5621158645509,-6.99429332921946,16.6189711377463));
#3198=CARTESIAN_POINT('Ctrl Pts',(-34.5989600941963,-7.02137722425924,16.6249884899817));
#3199=CARTESIAN_POINT('Ctrl Pts',(-34.6379501472967,-7.04098874655223,16.636922979018));
#3200=CARTESIAN_POINT('',(-31.792954497251,-0.431312330750074,16.6369229790179));
#3201=CARTESIAN_POINT('Origin',(-36.0538845016525,-2.4310581003611,4.80140887731868));
#3202=CARTESIAN_POINT('',(-31.792954497251,-0.172561663320001,16.6369229790179));
#3203=CARTESIAN_POINT('Ctrl Pts',(-31.792954497251,-0.172561663320003,16.6369229790179));
#3204=CARTESIAN_POINT('Ctrl Pts',(-31.7792518067138,-0.213999234650261,
16.6249884899871));
#3205=CARTESIAN_POINT('Ctrl Pts',(-31.7723502079215,-0.259203245142581,
16.6189711377463));
#3206=CARTESIAN_POINT('Ctrl Pts',(-31.7723502079215,-0.301936997035037,
16.6189711377463));
#3207=CARTESIAN_POINT('Ctrl Pts',(-31.7723502079215,-0.344670748928087,
16.6189711377463));
#3208=CARTESIAN_POINT('Ctrl Pts',(-31.7792518067077,-0.389874759401486,
16.6249884899817));
#3209=CARTESIAN_POINT('Ctrl Pts',(-31.7929544972511,-0.43131233075041,16.636922979018));
#3210=CARTESIAN_POINT('',(-34.4549857957201,6.25415040090565,16.6369229790179));
#3211=CARTESIAN_POINT('Origin',(-36.0538845016525,1.82718410629102,4.80140887731868));
#3212=CARTESIAN_POINT('',(-34.6379501472964,6.437114752482,16.6369229790179));
#3213=CARTESIAN_POINT('Ctrl Pts',(-34.6379501472964,6.437114752482,16.6369229790179));
#3214=CARTESIAN_POINT('Ctrl Pts',(-34.5989600942135,6.41750323019781,16.6249884899871));
#3215=CARTESIAN_POINT('Ctrl Pts',(-34.5621158645505,6.39041933514897,16.6189711377463));
#3216=CARTESIAN_POINT('Ctrl Pts',(-34.5318985388018,6.36020200940027,16.6189711377463));
#3217=CARTESIAN_POINT('Ctrl Pts',(-34.5016812130527,6.32998468365115,16.6189711377463));
#3218=CARTESIAN_POINT('Ctrl Pts',(-34.4745973180129,6.29314045400579,16.6249884899817));
#3219=CARTESIAN_POINT('Ctrl Pts',(-34.4549857957199,6.25415040090533,16.636922979018));
#3220=CARTESIAN_POINT('',(-41.0646622115221,9.09914605095104,16.6369229790179));
#3221=CARTESIAN_POINT('Origin',(-39.064916441911,4.83821604654952,4.80140887731868));
#3222=CARTESIAN_POINT('',(-41.3234128789521,9.09914605095104,16.6369229790179));
#3223=CARTESIAN_POINT('Ctrl Pts',(-41.3234128789521,9.09914605095105,16.6369229790179));
#3224=CARTESIAN_POINT('Ctrl Pts',(-41.2819753076219,9.11284874148823,16.6249884899871));
#3225=CARTESIAN_POINT('Ctrl Pts',(-41.2367712971296,9.11975034028058,16.6189711377463));
#3226=CARTESIAN_POINT('Ctrl Pts',(-41.1940375452371,9.11975034028058,16.6189711377463));
#3227=CARTESIAN_POINT('Ctrl Pts',(-41.151303793344,9.11975034028058,16.6189711377463));
#3228=CARTESIAN_POINT('Ctrl Pts',(-41.1060997828707,9.11284874149433,16.6249884899817));
#3229=CARTESIAN_POINT('Ctrl Pts',(-41.0646622115217,9.09914605095094,16.636922979018));
#3230=CARTESIAN_POINT('',(-47.7501249431778,6.43711475248199,16.6369229790179));
#3231=CARTESIAN_POINT('Origin',(-43.3231586485632,4.83821604654953,4.80140887731868));
#3232=CARTESIAN_POINT('',(-47.9330892947541,6.25415040090564,16.6369229790179));
#3233=CARTESIAN_POINT('Ctrl Pts',(-47.9330892947541,6.25415040090564,16.6369229790179));
#3234=CARTESIAN_POINT('Ctrl Pts',(-47.9134777724699,6.29314045398851,16.6249884899871));
#3235=CARTESIAN_POINT('Ctrl Pts',(-47.8863938774211,6.32998468365156,16.6189711377463));
#3236=CARTESIAN_POINT('Ctrl Pts',(-47.8561765516724,6.36020200940026,16.6189711377463));
#3237=CARTESIAN_POINT('Ctrl Pts',(-47.8259592259233,6.39041933514937,16.6189711377463));
#3238=CARTESIAN_POINT('Ctrl Pts',(-47.7891149962779,6.41750323018915,16.6249884899817));
#3239=CARTESIAN_POINT('Ctrl Pts',(-47.7501249431775,6.43711475248214,16.636922979018));
#3240=CARTESIAN_POINT('',(-50.5951205932232,-0.172561663320006,16.6369229790179));
#3241=CARTESIAN_POINT('Origin',(-46.3341905888217,1.82718410629105,4.80140887731868));
#3242=CARTESIAN_POINT('Ctrl Pts',(-50.6157248825527,-0.301936997035039,
16.6189711377463));
#3243=CARTESIAN_POINT('Ctrl Pts',(-50.6157248825527,-0.259203245141991,
16.6189711377463));
#3244=CARTESIAN_POINT('Ctrl Pts',(-50.6088232837665,-0.213999234668589,
16.6249884899817));
#3245=CARTESIAN_POINT('Ctrl Pts',(-50.5951205932231,-0.172561663319668,
16.636922979018));
#3246=CARTESIAN_POINT('',(-53.6873002604491,1.2733596469318,12.3623999999998));
#3247=CARTESIAN_POINT('Origin',(-41.1940375452371,-0.301936997035045,12.3623999999999));
#3248=CARTESIAN_POINT('',(-53.2748084564179,1.41571495530233,13.1123999999999));
#3249=CARTESIAN_POINT('Origin',(-41.2131970219883,0.482830077178556,6.15377065770783));
#3250=CARTESIAN_POINT('',(-53.1337203908009,2.21586513680143,13.1123999999999));
#3251=CARTESIAN_POINT('Origin',(-41.1940375452371,-0.301936997035035,13.1123999999999));
#3252=CARTESIAN_POINT('',(-53.4726475122116,2.49071587554234,12.3623999999998));
#3253=CARTESIAN_POINT('Origin',(-41.4804477113581,-1.03282389872484,6.15377065770782));
#3254=CARTESIAN_POINT('',(-49.7518508603281,8.93532472123685,12.3623999999999));
#3255=CARTESIAN_POINT('Origin',(-41.1940375452371,-0.301936997035045,12.3623999999999));
#3256=CARTESIAN_POINT('',(-49.3443595776242,8.77923059343406,13.1123999999999));
#3257=CARTESIAN_POINT('Origin',(-40.704276004141,0.311544933572736,6.15377065770783));
#3258=CARTESIAN_POINT('',(-48.7219532264118,9.30149153317881,13.1123999999999));
#3259=CARTESIAN_POINT('Origin',(-41.1940375452371,-0.301936997035035,13.1123999999999));
#3260=CARTESIAN_POINT('',(-48.804915815015,9.72989756850797,12.3623999999999));
#3261=CARTESIAN_POINT('Origin',(-41.8832455059353,-0.677727940552114,6.15377065770782));
#3262=CARTESIAN_POINT('Origin',(-41.1940375452371,-0.301936997035045,12.3623999999999));
#3263=CARTESIAN_POINT('Origin',(-41.194037545237,16.1105630104155,9.35763712536517));
#3264=CARTESIAN_POINT('',(-39.1958527182904,16.0244833321691,9.362));
#3265=CARTESIAN_POINT('',(-43.1922223721835,16.0244833321692,9.362));
#3266=CARTESIAN_POINT('Ctrl Pts',(-39.1958527182904,16.0244833321691,9.362));
#3267=CARTESIAN_POINT('Ctrl Pts',(-39.1971549648882,15.9533993620523,9.46273548691073));
#3268=CARTESIAN_POINT('Ctrl Pts',(-39.2022217286496,15.8837808578481,9.56204525813086));
#3269=CARTESIAN_POINT('Ctrl Pts',(-39.210533690399,15.8162369280457,9.65898834155168));
#3270=CARTESIAN_POINT('Ctrl Pts',(-39.2400857075698,15.5760939349106,10.0036559124868));
#3271=CARTESIAN_POINT('Ctrl Pts',(-39.3172937853897,15.3199688000611,10.3796345049957));
#3272=CARTESIAN_POINT('Ctrl Pts',(-39.5865864273162,14.8399862338814,11.1022033233211));
#3273=CARTESIAN_POINT('Ctrl Pts',(-39.7767501637302,14.6157538499554,11.4492589475263));
#3274=CARTESIAN_POINT('Ctrl Pts',(-40.1652248277602,14.3361158478789,11.890010225534));
#3275=CARTESIAN_POINT('Ctrl Pts',(-40.338403429229,14.2391416676231,12.0448377018101));
#3276=CARTESIAN_POINT('Ctrl Pts',(-40.6377784726246,14.1348606904634,12.2125484498609));
#3277=CARTESIAN_POINT('Ctrl Pts',(-40.7441923230868,14.1067855833773,12.2579256740748));
#3278=CARTESIAN_POINT('Ctrl Pts',(-40.9649337402135,14.0686655259989,12.3196246837222));
#3279=CARTESIAN_POINT('Ctrl Pts',(-41.0792598847585,14.0586144805793,12.3359477911193));
#3280=CARTESIAN_POINT('Ctrl Pts',(-41.3088152057154,14.0586144805793,12.3359477911193));
#3281=CARTESIAN_POINT('Ctrl Pts',(-41.4231413502604,14.0686655259989,12.3196246837222));
#3282=CARTESIAN_POINT('Ctrl Pts',(-41.6438827673871,14.1067855833773,12.2579256740748));
#3283=CARTESIAN_POINT('Ctrl Pts',(-41.7502966178493,14.1348606904634,12.2125484498609));
#3284=CARTESIAN_POINT('Ctrl Pts',(-42.0496716612449,14.2391416676231,12.0448377018101));
#3285=CARTESIAN_POINT('Ctrl Pts',(-42.2228502627138,14.3361158478789,11.890010225534));
#3286=CARTESIAN_POINT('Ctrl Pts',(-42.6113249267438,14.6157538499555,11.4492589475263));
#3287=CARTESIAN_POINT('Ctrl Pts',(-42.8014886631578,14.8399862338815,11.1022033233211));
#3288=CARTESIAN_POINT('Ctrl Pts',(-43.0707813050843,15.3199688000611,10.3796345049957));
#3289=CARTESIAN_POINT('Ctrl Pts',(-43.1479893829042,15.5760939349106,10.0036559124868));
#3290=CARTESIAN_POINT('Ctrl Pts',(-43.1858533618243,15.8837808578481,9.56204525813087));
#3291=CARTESIAN_POINT('Ctrl Pts',(-43.1909201255857,15.9533993620523,9.46273548691073));
#3292=CARTESIAN_POINT('Ctrl Pts',(-43.1922223721835,16.0244833321692,9.362));
#3293=CARTESIAN_POINT('Origin',(-41.194037545237,16.1105630104155,9.362));
#3294=CARTESIAN_POINT('Origin',(-10.1751552935462,-10.6862218144857,9.362));
#3295=CARTESIAN_POINT('',(-38.9222256887383,15.988661956262,9.362));
#3296=CARTESIAN_POINT('Origin',(-41.1940375452371,-0.301936997035039,9.362));
#3297=CARTESIAN_POINT('',(-38.9222256887383,16.1105630104156,9.362));
#3298=CARTESIAN_POINT('',(-38.9222256887383,2.71217059796489,9.362));
#3299=CARTESIAN_POINT('Origin',(-41.194037545237,16.1105630104156,9.362));
#3300=CARTESIAN_POINT('Origin',(-41.1940375452371,-0.301936997035039,9.362));
#3301=CARTESIAN_POINT('',(-42.244037545237,16.1105630104156,9.362));
#3302=CARTESIAN_POINT('Origin',(-41.194037545237,16.1105630104156,9.362));
#3303=CARTESIAN_POINT('Origin',(-41.1940375452371,-0.301936997035039,10.8610862405286));
#3304=CARTESIAN_POINT('',(-38.8698923934155,13.8520609600594,12.3601724810572));
#3305=CARTESIAN_POINT('Origin',(-41.1940375452371,-0.301936997035039,12.3601724810572));
#3306=CARTESIAN_POINT('Ctrl Pts',(-38.8698923934154,13.852060960059,12.3601724810572));
#3307=CARTESIAN_POINT('Ctrl Pts',(-38.8942226664462,14.8476553394156,10.9662920726623));
#3308=CARTESIAN_POINT('Ctrl Pts',(-38.9222256887383,15.988661956262,9.362));
#3309=CARTESIAN_POINT('Origin',(-41.1940375452371,-0.30193699703504,13.6019304443394));
#3310=CARTESIAN_POINT('',(-38.8480346807674,13.804126982553,13.6123999999999));
#3311=CARTESIAN_POINT('Origin',(-41.1940375452371,-0.30193699703504,13.6123999999999));
#3312=CARTESIAN_POINT('Ctrl Pts',(-38.8480346807674,13.804126982553,13.6124000000005));
#3313=CARTESIAN_POINT('Ctrl Pts',(-38.8589449998372,13.8280685919283,12.9873482391105));
#3314=CARTESIAN_POINT('Ctrl Pts',(-38.8698923934155,13.8520609600594,12.3601724810572));
#3315=CARTESIAN_POINT('Origin',(-38.7714751239844,16.1105630104156,17.9984940705641));
#3316=CARTESIAN_POINT('',(-38.944037545237,16.1105630104156,8.11240019435882));
#3317=CARTESIAN_POINT('',(-38.944037545237,16.1105630104156,8.11240019435882));
#3318=CARTESIAN_POINT('',(-38.944037545237,16.1105630104156,8.11239957809448));
#3319=CARTESIAN_POINT('',(-38.8480346807674,13.395429320753,13.6123999999999));
#3320=CARTESIAN_POINT('',(-38.8480346807674,7.90431300669031,13.6123999999999));
#3321=CARTESIAN_POINT('',(-38.8698535119277,13.3770174066944,12.3623999999999));
#3322=CARTESIAN_POINT('Ctrl Pts',(-38.8480346807674,13.3954293207566,13.6123999999996));
#3323=CARTESIAN_POINT('Ctrl Pts',(-38.8589514334643,13.3862233611308,12.9869796568593));
#3324=CARTESIAN_POINT('Ctrl Pts',(-38.8698535119265,13.3770174015051,12.3624000000663));
#3325=CARTESIAN_POINT('',(-38.8698535119277,7.90431300669031,12.3623999999999));
#3326=CARTESIAN_POINT('Origin',(-10.1751552935462,-10.6862218144857,8.11240019435882));
#3327=CARTESIAN_POINT('Origin',(-41.194037545237,16.1105630104156,8.11240019435882));
#3328=CARTESIAN_POINT('',(-42.244037545237,16.1105630104156,8.11240019435882));
#3329=CARTESIAN_POINT('Origin',(-41.194037545237,16.1105630104156,8.11240019435882));
#3330=CARTESIAN_POINT('Ctrl Pts',(-51.329167161005,0.0122602419871957,18.));
#3331=CARTESIAN_POINT('Ctrl Pts',(-51.4117441123749,-0.187098153949398,
18.));
#3332=CARTESIAN_POINT('Ctrl Pts',(-51.4117441123749,-0.416775840120682,
18.));
#3333=CARTESIAN_POINT('Ctrl Pts',(-51.329167161005,-0.616134236057276,18.));
#3334=CARTESIAN_POINT('Ctrl Pts',(-51.2283875376669,-0.0294840448103296,
18.));
#3335=CARTESIAN_POINT('Ctrl Pts',(-51.3021896710268,-0.201776013075047,
17.9999584304009));
#3336=CARTESIAN_POINT('Ctrl Pts',(-51.3021896710268,-0.402097980995033,
17.9999584304009));
#3337=CARTESIAN_POINT('Ctrl Pts',(-51.2283875376669,-0.57438994925975,18.));
#3338=CARTESIAN_POINT('Ctrl Pts',(-51.0273174705556,-0.112769993595082,
17.9257894687944));
#3339=CARTESIAN_POINT('Ctrl Pts',(-51.0835712692825,-0.231168922073625,
17.9289643907719));
#3340=CARTESIAN_POINT('Ctrl Pts',(-51.0835712692825,-0.372705071996454,
17.9289643907719));
#3341=CARTESIAN_POINT('Ctrl Pts',(-51.0273174705556,-0.491104000474998,
17.9257894687944));
#3342=CARTESIAN_POINT('Ctrl Pts',(-50.909051296467,-0.161757446872581,17.7347756850437));
#3343=CARTESIAN_POINT('Ctrl Pts',(-50.9517073302926,-0.249634138665497,
17.7448381713594));
#3344=CARTESIAN_POINT('Ctrl Pts',(-50.9517073302926,-0.354239855404583,
17.7448381713594));
#3345=CARTESIAN_POINT('Ctrl Pts',(-50.909051296467,-0.442116547197498,17.7347756850437));
#3346=CARTESIAN_POINT('Ctrl Pts',(-50.8829676105888,-0.172561663320002,
17.6294095225513));
#3347=CARTESIAN_POINT('Ctrl Pts',(-50.9207387335661,-0.254650414588011,
17.6424043829324));
#3348=CARTESIAN_POINT('Ctrl Pts',(-50.9207387335661,-0.349223579482069,
17.6424043829324));
#3349=CARTESIAN_POINT('Ctrl Pts',(-50.8829676105888,-0.431312330750078,
17.6294095225513));
#3350=CARTESIAN_POINT('',(-50.8829676105888,-0.172561663320005,17.6294095225513));
#3351=CARTESIAN_POINT('',(-51.3291671610051,0.0122602419871955,18.));
#3352=CARTESIAN_POINT('Origin',(-51.329167161005,0.0122602419871955,17.5));
#3353=CARTESIAN_POINT('',(-51.329167161005,-0.616134236057272,18.));
#3354=CARTESIAN_POINT('Origin',(-50.5068232852675,-0.30193699703504,18.));
#3355=CARTESIAN_POINT('',(-50.8829676105888,-0.431312330750074,17.6294095225513));
#3356=CARTESIAN_POINT('Origin',(-51.3291671610051,-0.616134236057272,17.5));
#3357=CARTESIAN_POINT('Origin',(-50.5068232852675,-0.30193699703504,17.5));
#3358=CARTESIAN_POINT('Origin',(-50.6772468433776,-2.19000910845998,17.5));
#3359=CARTESIAN_POINT('',(-48.5828274230939,-7.24638487820646,18.));
#3360=CARTESIAN_POINT('',(-48.1366278726777,-7.06156297289926,17.6294095225513));
#3361=CARTESIAN_POINT('Origin',(-48.5828274230939,-7.24638487820646,17.5));
#3362=CARTESIAN_POINT('',(-50.2310472929614,-2.00518720315279,17.6294095225513));
#3363=CARTESIAN_POINT('',(-50.6772468433776,-2.19000910845998,18.));
#3364=CARTESIAN_POINT('Ctrl Pts',(-48.5828274230939,-7.24638487820646,18.));
#3365=CARTESIAN_POINT('Ctrl Pts',(-48.5002504717241,-7.44574327414305,18.));
#3366=CARTESIAN_POINT('Ctrl Pts',(-48.3378438223451,-7.60814992352199,18.));
#3367=CARTESIAN_POINT('Ctrl Pts',(-48.1384854264085,-7.69072687489187,18.));
#3368=CARTESIAN_POINT('Ctrl Pts',(-48.4820477997558,-7.20464059140894,18.));
#3369=CARTESIAN_POINT('Ctrl Pts',(-48.4124049696166,-7.37865539947774,17.9999584304009));
#3370=CARTESIAN_POINT('Ctrl Pts',(-48.2707559476798,-7.52030442141459,17.9999584304009));
#3371=CARTESIAN_POINT('Ctrl Pts',(-48.096741139611,-7.5899472515537,18.));
#3372=CARTESIAN_POINT('Ctrl Pts',(-48.2809805099245,-7.12135579301122,17.9257855511605));
#3373=CARTESIAN_POINT('Ctrl Pts',(-48.2370372672593,-7.24485392077086,17.928960473138));
#3374=CARTESIAN_POINT('Ctrl Pts',(-48.1369544689729,-7.34493671905726,17.928960473138));
#3375=CARTESIAN_POINT('Ctrl Pts',(-48.0134563412133,-7.38887996172242,17.9257855511605));
#3376=CARTESIAN_POINT('Ctrl Pts',(-48.1627115585558,-7.07236718934668,17.7347756850437));
#3377=CARTESIAN_POINT('Ctrl Pts',(-48.1307357246575,-7.1646677647983,17.7448381713594));
#3378=CARTESIAN_POINT('Ctrl Pts',(-48.0567683130004,-7.23863517645539,17.7448381713594));
#3379=CARTESIAN_POINT('Ctrl Pts',(-47.9644677375487,-7.27061101035379,17.7347756850437));
#3380=CARTESIAN_POINT('Ctrl Pts',(-48.1366278726777,-7.06156297289926,17.6294095225513));
#3381=CARTESIAN_POINT('Ctrl Pts',(-48.1052905771872,-7.14631670277029,17.6424043829324));
#3382=CARTESIAN_POINT('Ctrl Pts',(-48.0384172509724,-7.21319002898515,17.6424043829324));
#3383=CARTESIAN_POINT('Ctrl Pts',(-47.9536635211013,-7.24452732447561,17.6294095225513));
#3384=CARTESIAN_POINT('',(-48.1384854264085,-7.69072687489187,18.));
#3385=CARTESIAN_POINT('',(-47.9536635211013,-7.24452732447561,17.6294095225513));
#3386=CARTESIAN_POINT('Origin',(-48.1384854264085,-7.69072687489187,17.5));
#3387=CARTESIAN_POINT('Origin',(-47.77917149375,-6.88707094554793,17.5));
#3388=CARTESIAN_POINT('Origin',(-47.77917149375,-6.88707094554793,18.));
#3389=CARTESIAN_POINT('Origin',(-46.5646105540058,-8.3426471925193,17.5));
#3390=CARTESIAN_POINT('',(-41.5082347842593,-10.437066612803,18.));
#3391=CARTESIAN_POINT('',(-41.3234128789521,-9.99086706238673,17.6294095225513));
#3392=CARTESIAN_POINT('Origin',(-41.5082347842593,-10.437066612803,17.5));
#3393=CARTESIAN_POINT('',(-46.3797886486986,-7.89644764210304,17.6294095225513));
#3394=CARTESIAN_POINT('',(-46.5646105540058,-8.3426471925193,18.));
#3395=CARTESIAN_POINT('Ctrl Pts',(-41.5082347842593,-10.437066612803,18.));
#3396=CARTESIAN_POINT('Ctrl Pts',(-41.3088763883227,-10.5196435641729,18.));
#3397=CARTESIAN_POINT('Ctrl Pts',(-41.0791987021515,-10.5196435641729,18.));
#3398=CARTESIAN_POINT('Ctrl Pts',(-40.8798403062149,-10.437066612803,18.));
#3399=CARTESIAN_POINT('Ctrl Pts',(-41.4664904974618,-10.3362869894648,18.));
#3400=CARTESIAN_POINT('Ctrl Pts',(-41.2941985291971,-10.4100891228248,17.9999584304009));
#3401=CARTESIAN_POINT('Ctrl Pts',(-41.0938765612771,-10.4100891228248,17.9999584304009));
#3402=CARTESIAN_POINT('Ctrl Pts',(-40.9215845930124,-10.3362869894648,18.));
#3403=CARTESIAN_POINT('Ctrl Pts',(-41.383204548677,-10.1352169223536,17.9257894687944));
#3404=CARTESIAN_POINT('Ctrl Pts',(-41.2648056201985,-10.1914707210804,17.9289643907719));
#3405=CARTESIAN_POINT('Ctrl Pts',(-41.1232694702757,-10.1914707210804,17.9289643907719));
#3406=CARTESIAN_POINT('Ctrl Pts',(-41.0048705417971,-10.1352169223536,17.9257894687944));
#3407=CARTESIAN_POINT('Ctrl Pts',(-41.3342170953996,-10.0169507482649,17.7347756850437));
#3408=CARTESIAN_POINT('Ctrl Pts',(-41.2463404036066,-10.0596067820905,17.7448381713594));
#3409=CARTESIAN_POINT('Ctrl Pts',(-41.1417346868676,-10.0596067820905,17.7448381713594));
#3410=CARTESIAN_POINT('Ctrl Pts',(-41.0538579950746,-10.0169507482649,17.7347756850437));
#3411=CARTESIAN_POINT('Ctrl Pts',(-41.3234128789521,-9.99086706238673,17.6294095225513));
#3412=CARTESIAN_POINT('Ctrl Pts',(-41.2413241276841,-10.028638185364,17.6424043829324));
#3413=CARTESIAN_POINT('Ctrl Pts',(-41.1467509627901,-10.028638185364,17.6424043829324));
#3414=CARTESIAN_POINT('Ctrl Pts',(-41.0646622115221,-9.99086706238673,17.6294095225513));
#3415=CARTESIAN_POINT('',(-40.8798403062149,-10.437066612803,18.));
#3416=CARTESIAN_POINT('',(-41.0646622115221,-9.99086706238673,17.6294095225513));
#3417=CARTESIAN_POINT('Origin',(-40.8798403062149,-10.437066612803,17.5));
#3418=CARTESIAN_POINT('Origin',(-41.1940375452371,-9.61472273706546,17.5));
#3419=CARTESIAN_POINT('Origin',(-41.1940375452371,-9.61472273706546,18.));
#3420=CARTESIAN_POINT('Origin',(-39.3059654338122,-9.78514629517557,17.5));
#3421=CARTESIAN_POINT('',(-34.2495896640657,-7.69072687489188,18.));
#3422=CARTESIAN_POINT('',(-34.4344115693729,-7.24452732447561,17.6294095225513));
#3423=CARTESIAN_POINT('Origin',(-34.2495896640657,-7.69072687489188,17.5));
#3424=CARTESIAN_POINT('',(-39.4907873391194,-9.33894674475931,17.6294095225513));
#3425=CARTESIAN_POINT('',(-39.3059654338122,-9.78514629517557,18.));
#3426=CARTESIAN_POINT('Ctrl Pts',(-34.2495896640657,-7.69072687489188,18.));
#3427=CARTESIAN_POINT('Ctrl Pts',(-34.0502312681291,-7.608149923522,18.));
#3428=CARTESIAN_POINT('Ctrl Pts',(-33.8878246187501,-7.44574327414305,18.));
#3429=CARTESIAN_POINT('Ctrl Pts',(-33.8052476673803,-7.24638487820646,18.));
#3430=CARTESIAN_POINT('Ctrl Pts',(-34.2913339508632,-7.5899472515537,18.));
#3431=CARTESIAN_POINT('Ctrl Pts',(-34.1173191427944,-7.5203044214146,17.9999584304009));
#3432=CARTESIAN_POINT('Ctrl Pts',(-33.9756701208575,-7.37865539947774,17.9999584304009));
#3433=CARTESIAN_POINT('Ctrl Pts',(-33.9060272907184,-7.20464059140894,18.));
#3434=CARTESIAN_POINT('Ctrl Pts',(-34.3746233118087,-7.38886894675758,17.9258010888807));
#3435=CARTESIAN_POINT('Ctrl Pts',(-34.2511251840491,-7.34492570409243,17.9289760108582));
#3436=CARTESIAN_POINT('Ctrl Pts',(-34.1510488381797,-7.24484935822304,17.9289760108582));
#3437=CARTESIAN_POINT('Ctrl Pts',(-34.1071055955145,-7.12135123046339,17.9258010888807));
#3438=CARTESIAN_POINT('Ctrl Pts',(-34.4236073529254,-7.27061101035379,17.7347756850437));
#3439=CARTESIAN_POINT('Ctrl Pts',(-34.3313067774738,-7.23863517645539,17.7448381713594));
#3440=CARTESIAN_POINT('Ctrl Pts',(-34.2573393658167,-7.16466776479831,17.7448381713594));
#3441=CARTESIAN_POINT('Ctrl Pts',(-34.2253635319183,-7.07236718934669,17.7347756850437));
#3442=CARTESIAN_POINT('Ctrl Pts',(-34.4344115693729,-7.24452732447561,17.6294095225513));
#3443=CARTESIAN_POINT('Ctrl Pts',(-34.3496578395018,-7.21319002898515,17.6424043829324));
#3444=CARTESIAN_POINT('Ctrl Pts',(-34.282784513287,-7.14631670277029,17.6424043829324));
#3445=CARTESIAN_POINT('Ctrl Pts',(-34.2514472177965,-7.06156297289927,17.6294095225513));
#3446=CARTESIAN_POINT('',(-33.8052476673803,-7.24638487820646,18.));
#3447=CARTESIAN_POINT('',(-34.2514472177965,-7.06156297289927,17.6294095225513));
#3448=CARTESIAN_POINT('Origin',(-33.8052476673803,-7.24638487820646,17.5));
#3449=CARTESIAN_POINT('Origin',(-34.6089035967242,-6.88707094554793,17.5));
#3450=CARTESIAN_POINT('Origin',(-34.6089035967242,-6.88707094554793,18.));
#3451=CARTESIAN_POINT('Origin',(-33.1533273497528,-5.67251000580374,17.5));
#3452=CARTESIAN_POINT('',(-31.0589079294691,-0.616134236057266,18.));
#3453=CARTESIAN_POINT('',(-31.5051074798854,-0.431312330750072,17.6294095225513));
#3454=CARTESIAN_POINT('Origin',(-31.0589079294691,-0.616134236057266,17.5));
#3455=CARTESIAN_POINT('',(-33.5995269001691,-5.48768810049655,17.6294095225513));
#3456=CARTESIAN_POINT('',(-33.1533273497528,-5.67251000580374,18.));
#3457=CARTESIAN_POINT('Ctrl Pts',(-31.0589079294691,-0.616134236057266,
18.));
#3458=CARTESIAN_POINT('Ctrl Pts',(-30.9763309780992,-0.416775840120675,
18.));
#3459=CARTESIAN_POINT('Ctrl Pts',(-30.9763309780993,-0.187098153949395,
18.));
#3460=CARTESIAN_POINT('Ctrl Pts',(-31.0589079294691,0.0122602419871957,
18.));
#3461=CARTESIAN_POINT('Ctrl Pts',(-31.1596875528073,-0.574389949259742,
18.));
#3462=CARTESIAN_POINT('Ctrl Pts',(-31.0858854194474,-0.402097980995026,
17.9999584304009));
#3463=CARTESIAN_POINT('Ctrl Pts',(-31.0858854194474,-0.201776013075044,
17.9999584304009));
#3464=CARTESIAN_POINT('Ctrl Pts',(-31.1596875528073,-0.029484044810329,
18.));
#3465=CARTESIAN_POINT('Ctrl Pts',(-31.3607767227335,-0.491096087829954,
17.9258164152438));
#3466=CARTESIAN_POINT('Ctrl Pts',(-31.3045229240067,-0.372697159351413,
17.9289913372214));
#3467=CARTESIAN_POINT('Ctrl Pts',(-31.3045229240067,-0.231176834718659,
17.9289913372214));
#3468=CARTESIAN_POINT('Ctrl Pts',(-31.3607767227335,-0.112777906240117,
17.9258164152438));
#3469=CARTESIAN_POINT('Ctrl Pts',(-31.4790237940072,-0.442116547197492,
17.7347756850437));
#3470=CARTESIAN_POINT('Ctrl Pts',(-31.4363677601816,-0.354239855404578,
17.7448381713594));
#3471=CARTESIAN_POINT('Ctrl Pts',(-31.4363677601816,-0.249634138665493,
17.7448381713594));
#3472=CARTESIAN_POINT('Ctrl Pts',(-31.4790237940072,-0.161757446872579,
17.7347756850437));
#3473=CARTESIAN_POINT('Ctrl Pts',(-31.5051074798854,-0.431312330750072,
17.6294095225513));
#3474=CARTESIAN_POINT('Ctrl Pts',(-31.4673363569081,-0.349223579482064,
17.6424043829324));
#3475=CARTESIAN_POINT('Ctrl Pts',(-31.4673363569081,-0.254650414588008,
17.6424043829324));
#3476=CARTESIAN_POINT('Ctrl Pts',(-31.5051074798854,-0.17256166332,17.6294095225513));
#3477=CARTESIAN_POINT('',(-31.0589079294691,0.0122602419871925,18.));
#3478=CARTESIAN_POINT('',(-31.5051074798854,-0.17256166332,17.6294095225513));
#3479=CARTESIAN_POINT('Origin',(-31.0589079294691,0.0122602419871925,17.5));
#3480=CARTESIAN_POINT('Origin',(-31.8812518052067,-0.301936997035036,17.5));
#3481=CARTESIAN_POINT('Origin',(-31.8812518052067,-0.301936997035036,18.));
#3482=CARTESIAN_POINT('Origin',(-31.7108282470966,1.58613511438992,17.5));
#3483=CARTESIAN_POINT('',(-33.8052476673803,6.64251088413639,18.));
#3484=CARTESIAN_POINT('',(-34.2514472177965,6.4576889788292,17.6294095225513));
#3485=CARTESIAN_POINT('Origin',(-33.8052476673803,6.64251088413639,17.5));
#3486=CARTESIAN_POINT('',(-32.1570277975128,1.40131320908273,17.6294095225513));
#3487=CARTESIAN_POINT('',(-31.7108282470966,1.58613511438992,18.));
#3488=CARTESIAN_POINT('Ctrl Pts',(-33.8052476673802,6.6425108841364,18.));
#3489=CARTESIAN_POINT('Ctrl Pts',(-33.8878246187501,6.84186928007299,18.));
#3490=CARTESIAN_POINT('Ctrl Pts',(-34.0502312681291,7.00427592945193,18.));
#3491=CARTESIAN_POINT('Ctrl Pts',(-34.2495896640657,7.08685288082181,18.));
#3492=CARTESIAN_POINT('Ctrl Pts',(-33.9060272907184,6.60076659733887,18.));
#3493=CARTESIAN_POINT('Ctrl Pts',(-33.9756701208575,6.77478140540768,17.9999584304009));
#3494=CARTESIAN_POINT('Ctrl Pts',(-34.1173191427944,6.91643042734453,17.9999584304009));
#3495=CARTESIAN_POINT('Ctrl Pts',(-34.2913339508632,6.98607325748364,18.));
#3496=CARTESIAN_POINT('Ctrl Pts',(-34.1071061601032,6.51747700253305,17.92580188529));
#3497=CARTESIAN_POINT('Ctrl Pts',(-34.1510494027683,6.64097513029269,17.9289768072675));
#3498=CARTESIAN_POINT('Ctrl Pts',(-34.2511254179094,6.74105114543372,17.9289768072675));
#3499=CARTESIAN_POINT('Ctrl Pts',(-34.374623545669,6.78499438809887,17.92580188529));
#3500=CARTESIAN_POINT('Ctrl Pts',(-34.2253635319183,6.46849319527662,17.7347756850437));
#3501=CARTESIAN_POINT('Ctrl Pts',(-34.2573393658167,6.56079377072824,17.7448381713594));
#3502=CARTESIAN_POINT('Ctrl Pts',(-34.3313067774738,6.63476118238533,17.7448381713594));
#3503=CARTESIAN_POINT('Ctrl Pts',(-34.4236073529254,6.66673701628373,17.7347756850437));
#3504=CARTESIAN_POINT('Ctrl Pts',(-34.2514472177965,6.4576889788292,17.6294095225513));
#3505=CARTESIAN_POINT('Ctrl Pts',(-34.282784513287,6.54244270870023,17.6424043829324));
#3506=CARTESIAN_POINT('Ctrl Pts',(-34.3496578395018,6.60931603491508,17.6424043829324));
#3507=CARTESIAN_POINT('Ctrl Pts',(-34.4344115693729,6.64065333040555,17.6294095225513));
#3508=CARTESIAN_POINT('',(-34.2495896640657,7.08685288082181,18.));
#3509=CARTESIAN_POINT('',(-34.4344115693729,6.64065333040555,17.6294095225513));
#3510=CARTESIAN_POINT('Origin',(-34.2495896640657,7.08685288082181,17.5));
#3511=CARTESIAN_POINT('Origin',(-34.6089035967242,6.28319695147787,17.5));
#3512=CARTESIAN_POINT('Origin',(-34.6089035967242,6.28319695147787,18.));
#3513=CARTESIAN_POINT('Origin',(-35.8234645364684,7.73877319844925,17.5));
#3514=CARTESIAN_POINT('',(-40.8798403062149,9.83319261873292,18.));
#3515=CARTESIAN_POINT('',(-41.0646622115221,9.38699306831666,17.6294095225513));
#3516=CARTESIAN_POINT('Origin',(-40.8798403062149,9.83319261873292,17.5));
#3517=CARTESIAN_POINT('',(-36.0082864417756,7.29257364803299,17.6294095225513));
#3518=CARTESIAN_POINT('',(-35.8234645364684,7.73877319844925,18.));
#3519=CARTESIAN_POINT('Ctrl Pts',(-40.8798403062149,9.83319261873292,18.));
#3520=CARTESIAN_POINT('Ctrl Pts',(-41.0791987021515,9.9157695701028,18.));
#3521=CARTESIAN_POINT('Ctrl Pts',(-41.3088763883227,9.9157695701028,18.));
#3522=CARTESIAN_POINT('Ctrl Pts',(-41.5082347842593,9.83319261873292,18.));
#3523=CARTESIAN_POINT('Ctrl Pts',(-40.9215845930124,9.73241299539475,18.));
#3524=CARTESIAN_POINT('Ctrl Pts',(-41.0938765612771,9.80621512875469,17.9999584304009));
#3525=CARTESIAN_POINT('Ctrl Pts',(-41.2941985291971,9.80621512875469,17.9999584304009));
#3526=CARTESIAN_POINT('Ctrl Pts',(-41.4664904974618,9.73241299539474,18.));
#3527=CARTESIAN_POINT('Ctrl Pts',(-41.0048707258151,9.53134248402478,17.9257900954661));
#3528=CARTESIAN_POINT('Ctrl Pts',(-41.1232696542937,9.58759628275161,17.9289650174436));
#3529=CARTESIAN_POINT('Ctrl Pts',(-41.2648054361805,9.58759628275161,17.9289650174436));
#3530=CARTESIAN_POINT('Ctrl Pts',(-41.3832043646591,9.53134248402478,17.9257900954661));
#3531=CARTESIAN_POINT('Ctrl Pts',(-41.0538579950746,9.41307675419484,17.7347756850437));
#3532=CARTESIAN_POINT('Ctrl Pts',(-41.1417346868676,9.45573278802045,17.7448381713594));
#3533=CARTESIAN_POINT('Ctrl Pts',(-41.2463404036066,9.45573278802044,17.7448381713594));
#3534=CARTESIAN_POINT('Ctrl Pts',(-41.3342170953996,9.41307675419483,17.7347756850437));
#3535=CARTESIAN_POINT('Ctrl Pts',(-41.0646622115221,9.38699306831666,17.6294095225513));
#3536=CARTESIAN_POINT('Ctrl Pts',(-41.1467509627901,9.42476419129396,17.6424043829324));
#3537=CARTESIAN_POINT('Ctrl Pts',(-41.2413241276841,9.42476419129396,17.6424043829324));
#3538=CARTESIAN_POINT('Ctrl Pts',(-41.3234128789521,9.38699306831666,17.6294095225513));
#3539=CARTESIAN_POINT('',(-41.5082347842593,9.83319261873292,18.));
#3540=CARTESIAN_POINT('',(-41.3234128789521,9.38699306831666,17.6294095225513));
#3541=CARTESIAN_POINT('Origin',(-41.5082347842593,9.83319261873292,17.5));
#3542=CARTESIAN_POINT('Origin',(-41.1940375452371,9.01084874299539,17.5));
#3543=CARTESIAN_POINT('Origin',(-41.1940375452371,9.01084874299539,18.));
#3544=CARTESIAN_POINT('Origin',(-43.0821096566621,9.18127230110548,17.5));
#3545=CARTESIAN_POINT('',(-48.1384854264085,7.0868528808218,18.));
#3546=CARTESIAN_POINT('',(-47.9536635211013,6.64065333040554,17.6294095225513));
#3547=CARTESIAN_POINT('Origin',(-48.1384854264085,7.0868528808218,17.5));
#3548=CARTESIAN_POINT('',(-42.8972877513549,8.73507275068922,17.6294095225513));
#3549=CARTESIAN_POINT('',(-43.0821096566621,9.18127230110548,18.));
#3550=CARTESIAN_POINT('Ctrl Pts',(-48.1384854264085,7.0868528808218,18.));
#3551=CARTESIAN_POINT('Ctrl Pts',(-48.3378438223451,7.00427592945192,18.));
#3552=CARTESIAN_POINT('Ctrl Pts',(-48.5002504717241,6.84186928007297,18.));
#3553=CARTESIAN_POINT('Ctrl Pts',(-48.5828274230939,6.64251088413637,18.));
#3554=CARTESIAN_POINT('Ctrl Pts',(-48.096741139611,6.98607325748362,18.));
#3555=CARTESIAN_POINT('Ctrl Pts',(-48.2707559476798,6.91643042734451,17.9999584304009));
#3556=CARTESIAN_POINT('Ctrl Pts',(-48.4124049696166,6.77478140540766,17.9999584304009));
#3557=CARTESIAN_POINT('Ctrl Pts',(-48.4820477997558,6.60076659733885,18.));
#3558=CARTESIAN_POINT('Ctrl Pts',(-48.0134561726457,6.78500556069419,17.9257861252161));
#3559=CARTESIAN_POINT('Ctrl Pts',(-48.1369543004053,6.74106231802904,17.9289610471936));
#3560=CARTESIAN_POINT('Ctrl Pts',(-48.2370368603012,6.64097975813319,17.9289610471936));
#3561=CARTESIAN_POINT('Ctrl Pts',(-48.2809801029663,6.51748163037355,17.9257861252161));
#3562=CARTESIAN_POINT('Ctrl Pts',(-47.9644677375487,6.66673701628371,17.7347756850437));
#3563=CARTESIAN_POINT('Ctrl Pts',(-48.0567683130004,6.63476118238531,17.7448381713594));
#3564=CARTESIAN_POINT('Ctrl Pts',(-48.1307357246575,6.56079377072823,17.7448381713594));
#3565=CARTESIAN_POINT('Ctrl Pts',(-48.1627115585558,6.4684931952766,17.7347756850437));
#3566=CARTESIAN_POINT('Ctrl Pts',(-47.9536635211013,6.64065333040553,17.6294095225513));
#3567=CARTESIAN_POINT('Ctrl Pts',(-48.0384172509724,6.60931603491507,17.6424043829324));
#3568=CARTESIAN_POINT('Ctrl Pts',(-48.1052905771872,6.54244270870021,17.6424043829324));
#3569=CARTESIAN_POINT('Ctrl Pts',(-48.1366278726777,6.45768897882918,17.6294095225513));
#3570=CARTESIAN_POINT('',(-48.5828274230939,6.64251088413637,18.));
#3571=CARTESIAN_POINT('',(-48.1366278726777,6.45768897882919,17.6294095225513));
#3572=CARTESIAN_POINT('Origin',(-48.5828274230939,6.64251088413637,17.5));
#3573=CARTESIAN_POINT('Origin',(-47.77917149375,6.28319695147785,17.5));
#3574=CARTESIAN_POINT('Origin',(-47.77917149375,6.28319695147785,18.));
#3575=CARTESIAN_POINT('Origin',(-49.2347477407214,5.06863601173366,17.5));
#3576=CARTESIAN_POINT('',(-49.2347477407214,5.06863601173366,18.));
#3577=CARTESIAN_POINT('',(-48.7885481903051,4.88381410642647,17.6294095225513));
#3578=CARTESIAN_POINT('Origin',(-31.3440375452371,-0.301936997035034,18.));
#3579=CARTESIAN_POINT('',(-34.2516472524865,6.45748894413924,17.6284341215238));
#3580=CARTESIAN_POINT('',(-31.5053903716569,-0.17256166332,17.6284341215238));
#3581=CARTESIAN_POINT('Origin',(-34.5639869377778,6.3281136104242,17.7190207873097));
#3582=CARTESIAN_POINT('',(-34.4346116040628,6.64045329571559,17.6284341215238));
#3583=CARTESIAN_POINT('Origin',(-34.2290357505496,6.66306479765247,18.));
#3584=CARTESIAN_POINT('',(-41.0646622115221,9.38671017654517,17.6284341215238));
#3585=CARTESIAN_POINT('Origin',(-41.1940375452371,9.07437049125379,17.7190207873097));
#3586=CARTESIAN_POINT('',(-41.3234128789521,9.38671017654517,17.6284341215238));
#3587=CARTESIAN_POINT('Origin',(-41.1940375452371,9.54806300296496,18.));
#3588=CARTESIAN_POINT('',(-47.9534634864114,6.64045329571558,17.6284341215239));
#3589=CARTESIAN_POINT('Origin',(-47.8240881526963,6.32811361042419,17.7190207873097));
#3590=CARTESIAN_POINT('',(-48.1364278379877,6.45748894413923,17.6284341215239));
#3591=CARTESIAN_POINT('Origin',(-48.1590393399246,6.66306479765246,18.));
#3592=CARTESIAN_POINT('',(-50.8826847188173,-0.172561663320005,17.6284341215238));
#3593=CARTESIAN_POINT('Origin',(-50.5703450335259,-0.30193699703504,17.7190207873097));
#3594=CARTESIAN_POINT('',(-50.8826847188173,-0.431312330750074,17.6284341215238));
#3595=CARTESIAN_POINT('Origin',(-41.1940375452371,-0.301936997035037,18.));
#3596=CARTESIAN_POINT('',(-51.4611931411821,-0.301936997035036,18.));
#3597=CARTESIAN_POINT('Origin',(-41.1940375452371,-0.301936997035037,18.));
#3598=CARTESIAN_POINT('Origin',(-51.0440375452371,-0.301936997035036,18.));
#3599=CARTESIAN_POINT('',(-48.1364278379877,-7.0613629382093,17.6284341215238));
#3600=CARTESIAN_POINT('Origin',(-47.8240881526963,-6.93198760449426,17.7190207873097));
#3601=CARTESIAN_POINT('',(-47.9534634864114,-7.24432728978565,17.6284341215238));
#3602=CARTESIAN_POINT('Origin',(-48.1590393399246,-7.26693879172253,18.));
#3603=CARTESIAN_POINT('',(-41.3234128789521,-9.99058417061524,17.6284341215238));
#3604=CARTESIAN_POINT('Origin',(-41.1940375452371,-9.67824448532386,17.7190207873097));
#3605=CARTESIAN_POINT('',(-41.0646622115221,-9.99058417061524,17.6284341215238));
#3606=CARTESIAN_POINT('Origin',(-41.1940375452371,-10.151936997035,18.));
#3607=CARTESIAN_POINT('',(-34.4346116040628,-7.24432728978566,17.6284341215238));
#3608=CARTESIAN_POINT('Origin',(-34.5639869377779,-6.93198760449427,17.7190207873097));
#3609=CARTESIAN_POINT('',(-34.2516472524865,-7.06136293820931,17.6284341215238));
#3610=CARTESIAN_POINT('Origin',(-34.2290357505496,-7.26693879172253,18.));
#3611=CARTESIAN_POINT('',(-31.5053903716569,-0.431312330750072,17.6284341215238));
#3612=CARTESIAN_POINT('Origin',(-31.8177300569483,-0.301936997035036,17.7190207873097));
#3613=CARTESIAN_POINT('Origin',(-45.2595078288676,4.14380095489282,16.967));
#3614=CARTESIAN_POINT('',(-50.2366431315133,5.68368766825403,16.9844311485495));
#3615=CARTESIAN_POINT('',(-50.183621378509,5.65351361306009,17.0458140137818));
#3616=CARTESIAN_POINT('Ctrl Pts',(-50.236643131513,5.6836876682539,16.9844311485499));
#3617=CARTESIAN_POINT('Ctrl Pts',(-50.2365863577827,5.68366706203819,16.9844906985886));
#3618=CARTESIAN_POINT('Ctrl Pts',(-50.2365296062048,5.68364643461983,16.984550240753));
#3619=CARTESIAN_POINT('Ctrl Pts',(-50.2180904147102,5.6769348634847,17.0039011157687));
#3620=CARTESIAN_POINT('Ctrl Pts',(-50.1995213589043,5.66698599645762,17.0250611709758));
#3621=CARTESIAN_POINT('Ctrl Pts',(-50.183621378509,5.65351361306009,17.0458140137818));
#3622=CARTESIAN_POINT('',(-50.5616262742804,5.77076663891218,16.9844311485495));
#3623=CARTESIAN_POINT('',(-45.2079409967684,4.33625099227263,16.9844311485495));
#3624=CARTESIAN_POINT('',(-50.6131931063796,5.57831660153237,17.167));
#3625=CARTESIAN_POINT('Origin',(-50.6131931063796,5.57831660153237,16.967));
#3626=CARTESIAN_POINT('',(-50.2846360676122,5.49028000832709,17.167));
#3627=CARTESIAN_POINT('',(-45.2595078288676,4.14380095489282,17.167));
#3628=CARTESIAN_POINT('Ctrl Pts',(-50.183621378509,5.65351361306009,17.0458140137818));
#3629=CARTESIAN_POINT('Ctrl Pts',(-50.1887508106138,5.64425647296022,17.0697648744847));
#3630=CARTESIAN_POINT('Ctrl Pts',(-50.1967799129719,5.63073324422874,17.0914687692449));
#3631=CARTESIAN_POINT('Ctrl Pts',(-50.215986795173,5.59923409516669,17.1267986461053));
#3632=CARTESIAN_POINT('Ctrl Pts',(-50.2286770206986,5.57882470917808,17.1422801582027));
#3633=CARTESIAN_POINT('Ctrl Pts',(-50.2561187368068,5.53515699425786,17.1622303989021));
#3634=CARTESIAN_POINT('Ctrl Pts',(-50.2708031532852,5.51199008417973,17.167));
#3635=CARTESIAN_POINT('Ctrl Pts',(-50.2846360676122,5.49028000832708,17.167));
#3636=CARTESIAN_POINT('Origin',(-50.7319311270743,5.37265631689907,16.967));
#3637=CARTESIAN_POINT('',(-50.7857390895122,5.67793607134154,16.9844311485495));
#3638=CARTESIAN_POINT('Origin',(-50.6131931063796,5.57831660153237,16.967));
#3639=CARTESIAN_POINT('',(-51.1686103059952,5.01478367163733,16.9844311485495));
#3640=CARTESIAN_POINT('',(-50.9044771102069,5.47227578670824,16.9844311485495));
#3641=CARTESIAN_POINT('',(-50.9960643228626,4.91516420182816,17.167));
#3642=CARTESIAN_POINT('Origin',(-50.9960643228626,4.91516420182816,16.967));
#3643=CARTESIAN_POINT('',(-50.7319311270743,5.37265631689907,17.167));
#3644=CARTESIAN_POINT('Origin',(-50.6131931063796,5.57831660153236,16.967));
#3645=CARTESIAN_POINT('Origin',(-50.6131931063796,5.57831660153236,16.967));
#3646=CARTESIAN_POINT('Origin',(-47.2222999834709,1.14139986243621,16.967));
#3647=CARTESIAN_POINT('',(-50.7555438773005,4.67464375626602,17.167));
#3648=CARTESIAN_POINT('',(-50.846400981199,4.50554566698078,17.0458140137818));
#3649=CARTESIAN_POINT('Ctrl Pts',(-50.7555438773005,4.67464375626602,17.167));
#3650=CARTESIAN_POINT('Ctrl Pts',(-50.7674288973435,4.65180906312412,17.167));
#3651=CARTESIAN_POINT('Ctrl Pts',(-50.7801498217591,4.62750853037503,17.1622303989021));
#3652=CARTESIAN_POINT('Ctrl Pts',(-50.8042463141512,4.5819094496418,17.1422801582027));
#3653=CARTESIAN_POINT('Ctrl Pts',(-50.8155762481301,4.56071469896257,17.1267986461053));
#3654=CARTESIAN_POINT('Ctrl Pts',(-50.8332518703149,4.52833147651791,17.0914687692449));
#3655=CARTESIAN_POINT('Ctrl Pts',(-50.8409487787585,4.51461645554045,17.0697648744847));
#3656=CARTESIAN_POINT('Ctrl Pts',(-50.846400981199,4.50554566698077,17.0458140137818));
#3657=CARTESIAN_POINT('',(-47.2222999834709,1.14139986243621,17.167));
#3658=CARTESIAN_POINT('',(-51.1369475281432,4.77428099654761,16.9844311485495));
#3659=CARTESIAN_POINT('Origin',(-50.9960643228626,4.91516420182815,16.967));
#3660=CARTESIAN_POINT('',(-50.8990433560343,4.53637682443869,16.9844311485495));
#3661=CARTESIAN_POINT('',(-47.3631831887515,1.00051665715566,16.9844311485495));
#3662=CARTESIAN_POINT('Ctrl Pts',(-50.846400981199,4.50554566698078,17.0458140137818));
#3663=CARTESIAN_POINT('Ctrl Pts',(-50.8660183976684,4.51257926222399,17.0250611709758));
#3664=CARTESIAN_POINT('Ctrl Pts',(-50.8839188971557,4.52368610276262,17.0039011157687));
#3665=CARTESIAN_POINT('Ctrl Pts',(-50.8989508840054,4.5362991254547,16.9845502407528));
#3666=CARTESIAN_POINT('Ctrl Pts',(-50.8989971236628,4.53633796005384,16.9844906985883));
#3667=CARTESIAN_POINT('Ctrl Pts',(-50.8990433560343,4.53637682443869,16.9844311485495));
#3668=CARTESIAN_POINT('Origin',(-50.9960643228626,4.91516420182816,16.967));
#3669=CARTESIAN_POINT('Origin',(-50.9960643228626,4.91516420182816,16.967));
#3670=CARTESIAN_POINT('Origin',(-41.1940375452371,-0.543511492307791,17.167));
#3671=CARTESIAN_POINT('Origin',(-41.1940375452371,-0.301936997035037,17.167));
#3672=CARTESIAN_POINT('Origin',(-35.3494684217579,0.957706547681669,16.967));
#3673=CARTESIAN_POINT('',(-31.4890317344399,4.53637682443873,16.9844311485495));
#3674=CARTESIAN_POINT('',(-31.5416741092753,4.5055456669808,17.0458140137819));
#3675=CARTESIAN_POINT('Ctrl Pts',(-31.4890317344402,4.53637682443849,16.9844311485499));
#3676=CARTESIAN_POINT('Ctrl Pts',(-31.4890779668116,4.53633796005372,16.9844906985886));
#3677=CARTESIAN_POINT('Ctrl Pts',(-31.4891242064689,4.53629912545466,16.984550240753));
#3678=CARTESIAN_POINT('Ctrl Pts',(-31.5041561933185,4.52368610276265,17.0039011157687));
#3679=CARTESIAN_POINT('Ctrl Pts',(-31.5220566928058,4.51257926222402,17.0250611709759));
#3680=CARTESIAN_POINT('Ctrl Pts',(-31.5416741092753,4.5055456669808,17.0458140137819));
#3681=CARTESIAN_POINT('',(-31.2511275623311,4.7742809965476,16.9844311485495));
#3682=CARTESIAN_POINT('',(-35.2085852164773,0.816823342401119,16.9844311485495));
#3683=CARTESIAN_POINT('',(-31.3920107676116,4.91516420182815,17.167));
#3684=CARTESIAN_POINT('Origin',(-31.3920107676116,4.91516420182815,16.967));
#3685=CARTESIAN_POINT('',(-31.6325312131737,4.67464375626602,17.167));
#3686=CARTESIAN_POINT('',(-35.3494684217579,0.957706547681669,17.167));
#3687=CARTESIAN_POINT('Ctrl Pts',(-31.5416741092753,4.5055456669808,17.0458140137819));
#3688=CARTESIAN_POINT('Ctrl Pts',(-31.5471263117157,4.51461645554047,17.0697648744848));
#3689=CARTESIAN_POINT('Ctrl Pts',(-31.5548232201593,4.52833147651792,17.091468769245));
#3690=CARTESIAN_POINT('Ctrl Pts',(-31.5724988423441,4.56071469896257,17.1267986461053));
#3691=CARTESIAN_POINT('Ctrl Pts',(-31.5838287763231,4.58190944964179,17.1422801582027));
#3692=CARTESIAN_POINT('Ctrl Pts',(-31.6079252687151,4.62750853037502,17.1622303989021));
#3693=CARTESIAN_POINT('Ctrl Pts',(-31.6206461931308,4.65180906312411,17.167));
#3694=CARTESIAN_POINT('Ctrl Pts',(-31.6325312131737,4.67464375626602,17.167));
#3695=CARTESIAN_POINT('Origin',(-31.4061439634,4.93964361500693,16.967));
#3696=CARTESIAN_POINT('',(-31.2194647844791,5.01478367163732,16.9844311485495));
#3697=CARTESIAN_POINT('Origin',(-31.3920107676116,4.91516420182815,16.967));
#3698=CARTESIAN_POINT('',(-31.6023360009621,5.67793607134154,16.9844311485495));
#3699=CARTESIAN_POINT('',(-31.2335979802674,5.0392630848161,16.9844311485495));
#3700=CARTESIAN_POINT('',(-31.7748819840946,5.57831660153237,17.167));
#3701=CARTESIAN_POINT('Origin',(-31.7748819840946,5.57831660153237,16.967));
#3702=CARTESIAN_POINT('',(-31.4061439634,4.93964361500693,17.167));
#3703=CARTESIAN_POINT('Origin',(-31.3920107676116,4.91516420182815,16.967));
#3704=CARTESIAN_POINT('Origin',(-31.3920107676116,4.91516420182815,16.967));
#3705=CARTESIAN_POINT('Origin',(-36.8776375271465,4.21103737459835,16.967));
#3706=CARTESIAN_POINT('',(-32.103439022862,5.49028000832709,17.167));
#3707=CARTESIAN_POINT('',(-32.2044536908594,5.65351363521933,17.0458139550715));
#3708=CARTESIAN_POINT('Ctrl Pts',(-32.103439022862,5.49028000832709,17.167));
#3709=CARTESIAN_POINT('Ctrl Pts',(-32.1172719371891,5.51199008417974,17.167));
#3710=CARTESIAN_POINT('Ctrl Pts',(-32.1319563536674,5.53515699425786,17.1622303989021));
#3711=CARTESIAN_POINT('Ctrl Pts',(-32.1593980697756,5.57882470917808,17.1422801582027));
#3712=CARTESIAN_POINT('Ctrl Pts',(-32.1720882953012,5.59923409516669,17.1267986461053));
#3713=CARTESIAN_POINT('Ctrl Pts',(-32.1912951842898,5.63073325536017,17.0914687567598));
#3714=CARTESIAN_POINT('Ctrl Pts',(-32.1993242913831,5.64425649241043,17.0697648425999));
#3715=CARTESIAN_POINT('Ctrl Pts',(-32.2044537232094,5.65351363335259,17.0458139612793));
#3716=CARTESIAN_POINT('',(-36.8776375271465,4.21103737459835,17.167));
#3717=CARTESIAN_POINT('',(-31.8264488161939,5.77076663891218,16.9844311485495));
#3718=CARTESIAN_POINT('Origin',(-31.7748819840946,5.57831660153236,16.967));
#3719=CARTESIAN_POINT('',(-32.1514319589609,5.68368766825404,16.9844311485495));
#3720=CARTESIAN_POINT('',(-36.9292043592458,4.40348741197817,16.9844311485495));
#3721=CARTESIAN_POINT('Ctrl Pts',(-32.2044536779124,5.65351364191367,17.0458139693358));
#3722=CARTESIAN_POINT('Ctrl Pts',(-32.188652548413,5.66690225889228,17.0251901521514));
#3723=CARTESIAN_POINT('Ctrl Pts',(-32.1701487547148,5.67689434448776,17.0040632197066));
#3724=CARTESIAN_POINT('Ctrl Pts',(-32.1514319589609,5.68368766825404,16.9844311485495));
#3725=CARTESIAN_POINT('Origin',(-31.7748819840946,5.57831660153236,16.967));
#3726=CARTESIAN_POINT('Origin',(-31.7748819840946,5.57831660153236,16.967));
#3727=CARTESIAN_POINT('Origin',(-41.1940375452371,-0.543511492307791,17.167));
#3728=CARTESIAN_POINT('Origin',(-41.1940375452371,-0.301936997035037,17.167));
#3729=CARTESIAN_POINT('Origin',(-42.9731363850858,-6.18849936513413,16.967));
#3730=CARTESIAN_POINT('',(-41.8564377697581,-11.1258754837978,16.9844311485495));
#3731=CARTESIAN_POINT('',(-41.8568171479271,-11.064870271146,17.0458140137819));
#3732=CARTESIAN_POINT('Ctrl Pts',(-41.8564377697581,-11.1258754837975,16.9844311485499));
#3733=CARTESIAN_POINT('Ctrl Pts',(-41.856448311117,-11.125816013197,16.9844906985886));
#3734=CARTESIAN_POINT('Ctrl Pts',(-41.8564588230376,-11.1257565511796,16.984550240753));
#3735=CARTESIAN_POINT('Ctrl Pts',(-41.8598660276826,-11.1064319573525,17.0039011157687));
#3736=CARTESIAN_POINT('Ctrl Pts',(-41.8605345840012,-11.0853762497867,17.0250611709758));
#3737=CARTESIAN_POINT('Ctrl Pts',(-41.8568171479271,-11.064870271146,17.0458140137819));
#3738=CARTESIAN_POINT('',(-41.7693587990999,-11.4508586265649,16.9844311485495));
#3739=CARTESIAN_POINT('',(-43.1655864224656,-6.24006619723339,16.9844311485495));
#3740=CARTESIAN_POINT('',(-41.5769087617201,-11.3992917944656,17.167));
#3741=CARTESIAN_POINT('Origin',(-41.5769087617201,-11.3992917944656,16.967));
#3742=CARTESIAN_POINT('',(-41.6649453549254,-11.0707347556982,17.167));
#3743=CARTESIAN_POINT('',(-42.9731363850858,-6.18849936513413,17.167));
#3744=CARTESIAN_POINT('Ctrl Pts',(-41.8568171479271,-11.064870271146,17.0458140137819));
#3745=CARTESIAN_POINT('Ctrl Pts',(-41.8462355133818,-11.0646839196058,17.0697648744848));
#3746=CARTESIAN_POINT('Ctrl Pts',(-41.8305095025801,-11.0648757118518,17.091468769245));
#3747=CARTESIAN_POINT('Ctrl Pts',(-41.7936269981942,-11.0657597852344,17.1267986461052));
#3748=CARTESIAN_POINT('Ctrl Pts',(-41.7696068386896,-11.066545149925,17.1422801582027));
#3749=CARTESIAN_POINT('Ctrl Pts',(-41.7180686301894,-11.068476515738,17.1622303989021));
#3750=CARTESIAN_POINT('Ctrl Pts',(-41.6906632892954,-11.069610138409,17.167));
#3751=CARTESIAN_POINT('Ctrl Pts',(-41.6649453549254,-11.0707347556982,17.167));
#3752=CARTESIAN_POINT('Origin',(-41.4440375452371,-11.3992917944656,16.967));
#3753=CARTESIAN_POINT('',(-41.5769087617201,-11.598530734084,16.9844311485495));
#3754=CARTESIAN_POINT('Origin',(-41.5769087617201,-11.3992917944656,16.967));
#3755=CARTESIAN_POINT('',(-40.8111663287541,-11.598530734084,16.9844311485495));
#3756=CARTESIAN_POINT('',(-41.4440375452371,-11.598530734084,16.9844311485495));
#3757=CARTESIAN_POINT('',(-40.8111663287541,-11.3992917944656,17.167));
#3758=CARTESIAN_POINT('Origin',(-40.8111663287541,-11.3992917944656,16.967));
#3759=CARTESIAN_POINT('',(-41.4440375452371,-11.3992917944656,17.167));
#3760=CARTESIAN_POINT('Origin',(-41.5769087617201,-11.3992917944656,16.967));
#3761=CARTESIAN_POINT('Origin',(-41.5769087617201,-11.3992917944656,16.967));
#3762=CARTESIAN_POINT('Origin',(-39.482175125094,-6.43942909959422,16.967));
#3763=CARTESIAN_POINT('',(-40.7231297355489,-11.0707347556982,17.167));
#3764=CARTESIAN_POINT('',(-40.5312579425472,-11.064870271146,17.0458140137819));
#3765=CARTESIAN_POINT('Ctrl Pts',(-40.7231297355489,-11.0707347556982,17.167));
#3766=CARTESIAN_POINT('Ctrl Pts',(-40.6974118011789,-11.069610138409,17.167));
#3767=CARTESIAN_POINT('Ctrl Pts',(-40.6700064602848,-11.068476515738,17.1622303989021));
#3768=CARTESIAN_POINT('Ctrl Pts',(-40.6184682517846,-11.066545149925,17.1422801582027));
#3769=CARTESIAN_POINT('Ctrl Pts',(-40.59444809228,-11.0657597852344,17.1267986461052));
#3770=CARTESIAN_POINT('Ctrl Pts',(-40.5575655878942,-11.0648757118518,17.091468769245));
#3771=CARTESIAN_POINT('Ctrl Pts',(-40.5418395770925,-11.0646839196058,17.0697648744848));
#3772=CARTESIAN_POINT('Ctrl Pts',(-40.5312579425472,-11.064870271146,17.0458140137819));
#3773=CARTESIAN_POINT('',(-39.482175125094,-6.43942909959422,17.167));
#3774=CARTESIAN_POINT('',(-40.6187162913743,-11.4508586265649,16.9844311485495));
#3775=CARTESIAN_POINT('Origin',(-40.8111663287541,-11.3992917944656,16.967));
#3776=CARTESIAN_POINT('',(-40.5316373207162,-11.1258754837978,16.9844311485495));
#3777=CARTESIAN_POINT('',(-39.2897250877142,-6.49099593169348,16.9844311485495));
#3778=CARTESIAN_POINT('Ctrl Pts',(-40.5312579425472,-11.064870271146,17.0458140137819));
#3779=CARTESIAN_POINT('Ctrl Pts',(-40.527540506473,-11.0853762497867,17.0250611709759));
#3780=CARTESIAN_POINT('Ctrl Pts',(-40.5282090627916,-11.1064319573524,17.0039011157687));
#3781=CARTESIAN_POINT('Ctrl Pts',(-40.5316162674366,-11.1257565511797,16.9845502407529));
#3782=CARTESIAN_POINT('Ctrl Pts',(-40.5316267793573,-11.1258160131972,16.9844906985883));
#3783=CARTESIAN_POINT('Ctrl Pts',(-40.5316373207162,-11.1258754837978,16.9844311485495));
#3784=CARTESIAN_POINT('Origin',(-40.8111663287541,-11.3992917944656,16.967));
#3785=CARTESIAN_POINT('Origin',(-40.8111663287541,-11.3992917944656,16.967));
#3786=CARTESIAN_POINT('Origin',(-41.1940375452371,-0.543511492307791,17.167));
#3787=CARTESIAN_POINT('Origin',(-41.1940375452371,-0.301936997035037,17.167));
#3788=CARTESIAN_POINT('Origin',(-51.1868233378121,4.89005030107275,17.517));
#3789=CARTESIAN_POINT('',(-51.177458044248,4.76894768592385,16.613909078045));
#3790=CARTESIAN_POINT('',(-51.0762026726399,4.7822782084902,17.5400229256415));
#3791=CARTESIAN_POINT('Origin',(-44.2653381017736,-3.37323755357136,6.67219231416269));
#3792=CARTESIAN_POINT('Origin',(-41.1940375452371,-0.301936997035037,17.9999995231628));
#3793=CARTESIAN_POINT('Origin',(-41.1940375452371,-0.301936997035037,17.0458140137819));
#3794=CARTESIAN_POINT('Origin',(-41.1940375452371,-0.301936997035037,17.0458140137819));
#3795=CARTESIAN_POINT('',(-51.977358439296,-0.301936997035036,17.0458139612793));
#3796=CARTESIAN_POINT('Origin',(-41.1940375452371,-0.301936997035037,17.0458140137819));
#3797=CARTESIAN_POINT('',(-51.9608885546916,-0.301936997035037,17.5174497483513));
#3798=CARTESIAN_POINT('',(-51.9440375452371,-0.301936997035036,17.9999995231628));
#3799=CARTESIAN_POINT('Origin',(-41.1940375452371,-0.301936997035037,17.5174497483513));
#3800=CARTESIAN_POINT('Origin',(-41.1940375452371,-0.301936997035037,17.0458140137819));
#3801=CARTESIAN_POINT('Origin',(-31.7012517526622,5.75607570485718,17.517));
#3802=CARTESIAN_POINT('',(-31.8108123406279,5.80851643029122,16.6139090780451));
#3803=CARTESIAN_POINT('',(-31.8498954552438,5.71416144492582,17.5400229256415));
#3804=CARTESIAN_POINT('Origin',(-42.3182115715866,3.89353758585102,6.67219231416268));
#3805=CARTESIAN_POINT('Origin',(-40.6940375452371,-11.551936997035,17.517));
#3806=CARTESIAN_POINT('',(-40.5938422508355,-11.4832751073202,16.6139090780451));
#3807=CARTESIAN_POINT('',(-40.6560145078277,-11.4022506445211,17.5400229256415));
#3808=CARTESIAN_POINT('Origin',(-36.9985629623513,-1.42611102338471,6.67219231416265));
#3809=CARTESIAN_POINT('Origin',(-50.9353194673593,4.92316141377075,17.522591777092));
#3810=CARTESIAN_POINT('',(-51.2276856224497,5.00700625868032,16.444109506835));
#3811=CARTESIAN_POINT('',(-51.1078654504919,5.02278088357992,17.5400229256415));
#3812=CARTESIAN_POINT('Ctrl Pts',(-51.177458044248,4.76894768592386,16.613909078045));
#3813=CARTESIAN_POINT('Ctrl Pts',(-51.1907720094576,4.77999671848658,16.59560328654));
#3814=CARTESIAN_POINT('Ctrl Pts',(-51.2034826019514,4.79312182085391,16.5767658356035));
#3815=CARTESIAN_POINT('Ctrl Pts',(-51.2300051270597,4.82944162871924,16.5328010300344));
#3816=CARTESIAN_POINT('Ctrl Pts',(-51.2420411339814,4.85451230093672,16.5083671227515));
#3817=CARTESIAN_POINT('Ctrl Pts',(-51.2478548662772,4.88201534791873,16.4886519864296));
#3818=CARTESIAN_POINT('Ctrl Pts',(-51.252499974359,4.90398997958568,16.4728998096173));
#3819=CARTESIAN_POINT('Ctrl Pts',(-51.2531358256576,4.93301364606933,16.4573770606654));
#3820=CARTESIAN_POINT('Ctrl Pts',(-51.2445050284182,4.96942214470217,16.4470630937886));
#3821=CARTESIAN_POINT('Ctrl Pts',(-51.2406017541243,4.98103325982526,16.4448923826868));
#3822=CARTESIAN_POINT('Ctrl Pts',(-51.2330813609189,4.99723822728386,16.4438802422209));
#3823=CARTESIAN_POINT('Ctrl Pts',(-51.2304700605096,5.00222775397301,16.4438564255715));
#3824=CARTESIAN_POINT('Ctrl Pts',(-51.2276856224497,5.00700625868032,16.444109506835));
#3825=CARTESIAN_POINT('Origin',(-50.5904188457158,5.52333467256467,17.5066590925996));
#3826=CARTESIAN_POINT('',(-50.5772627498463,5.80851643029122,16.613909078045));
#3827=CARTESIAN_POINT('',(-50.5388520136165,5.71578470994449,17.5240902411492));
#3828=CARTESIAN_POINT('',(-50.808541310543,5.73298550260629,16.4441095068349));
#3829=CARTESIAN_POINT('Ctrl Pts',(-50.808541310543,5.73298550260628,16.444109506835));
#3830=CARTESIAN_POINT('Ctrl Pts',(-50.8057952231043,5.73778614905509,16.4438564255715));
#3831=CARTESIAN_POINT('Ctrl Pts',(-50.8027798164432,5.74254236489099,16.4438802422209));
#3832=CARTESIAN_POINT('Ctrl Pts',(-50.7925060995593,5.75715770018268,16.4448923826868));
#3833=CARTESIAN_POINT('Ctrl Pts',(-50.7844022160434,5.76634359244063,16.4470630937886));
#3834=CARTESIAN_POINT('Ctrl Pts',(-50.7571869299334,5.7920223314213,16.4573770606654));
#3835=CARTESIAN_POINT('Ctrl Pts',(-50.7317337717983,5.80598350128552,16.4728998096173));
#3836=CARTESIAN_POINT('Ctrl Pts',(-50.710380628495,5.81294803551683,16.4886519864296));
#3837=CARTESIAN_POINT('Ctrl Pts',(-50.6836554249792,5.82166471914887,16.5083671227515));
#3838=CARTESIAN_POINT('Ctrl Pts',(-50.6559255824881,5.82377656750325,16.5328010300344));
#3839=CARTESIAN_POINT('Ctrl Pts',(-50.611210443662,5.81896729091966,16.5767658356035));
#3840=CARTESIAN_POINT('Ctrl Pts',(-50.5934884753377,5.8145221461065,16.59560328654));
#3841=CARTESIAN_POINT('Ctrl Pts',(-50.5772627498463,5.80851643029122,16.613909078045));
#3842=CARTESIAN_POINT('',(-50.7629648288484,5.62295414237385,17.5240902411492));
#3843=CARTESIAN_POINT('Origin',(-31.7983286231445,5.521711407546,17.522591777092));
#3844=CARTESIAN_POINT('',(-31.5795337799313,5.73298550260628,16.444109506835));
#3845=CARTESIAN_POINT('',(-31.625782640012,5.62133087735518,17.5400229256415));
#3846=CARTESIAN_POINT('Ctrl Pts',(-31.8108123406279,5.80851643029121,16.6139090780451));
#3847=CARTESIAN_POINT('Ctrl Pts',(-31.7945866151365,5.8145221461065,16.5956032865401));
#3848=CARTESIAN_POINT('Ctrl Pts',(-31.7768646468122,5.81896729091965,16.5767658356036));
#3849=CARTESIAN_POINT('Ctrl Pts',(-31.7321495079862,5.82377656750324,16.5328010300345));
#3850=CARTESIAN_POINT('Ctrl Pts',(-31.704419665495,5.82166471914886,16.5083671227515));
#3851=CARTESIAN_POINT('Ctrl Pts',(-31.6776944619792,5.81294803551682,16.4886519864297));
#3852=CARTESIAN_POINT('Ctrl Pts',(-31.6563413186759,5.80598350128552,16.4728998096174));
#3853=CARTESIAN_POINT('Ctrl Pts',(-31.6308881605408,5.7920223314213,16.4573770606655));
#3854=CARTESIAN_POINT('Ctrl Pts',(-31.6036728744308,5.76634359244063,16.4470630937887));
#3855=CARTESIAN_POINT('Ctrl Pts',(-31.5955689909149,5.75715770018268,16.4448923826869));
#3856=CARTESIAN_POINT('Ctrl Pts',(-31.585295274031,5.74254236489099,16.4438802422209));
#3857=CARTESIAN_POINT('Ctrl Pts',(-31.5822798673699,5.73778614905509,16.4438564255716));
#3858=CARTESIAN_POINT('Ctrl Pts',(-31.5795337799313,5.73298550260628,16.444109506835));
#3859=CARTESIAN_POINT('Origin',(-31.4510136451786,4.92293207802469,17.5066590925996));
#3860=CARTESIAN_POINT('',(-31.2106170462263,4.76894768592385,16.6139090780451));
#3861=CARTESIAN_POINT('',(-31.3101304398981,4.78204887274414,17.5240902411492));
#3862=CARTESIAN_POINT('',(-31.1603894680245,5.00700625868032,16.444109506835));
#3863=CARTESIAN_POINT('Ctrl Pts',(-31.1603894680245,5.00700625868032,16.444109506835));
#3864=CARTESIAN_POINT('Ctrl Pts',(-31.1576050299646,5.00222775397301,16.4438564255716));
#3865=CARTESIAN_POINT('Ctrl Pts',(-31.1549937295554,4.99723822728385,16.4438802422209));
#3866=CARTESIAN_POINT('Ctrl Pts',(-31.1474733363499,4.98103325982526,16.4448923826869));
#3867=CARTESIAN_POINT('Ctrl Pts',(-31.143570062056,4.96942214470217,16.4470630937886));
#3868=CARTESIAN_POINT('Ctrl Pts',(-31.1349392648166,4.93301364606933,16.4573770606654));
#3869=CARTESIAN_POINT('Ctrl Pts',(-31.1355751161152,4.90398997958567,16.4728998096174));
#3870=CARTESIAN_POINT('Ctrl Pts',(-31.140220224197,4.88201534791873,16.4886519864297));
#3871=CARTESIAN_POINT('Ctrl Pts',(-31.1463472687897,4.85303011318124,16.5094296062528));
#3872=CARTESIAN_POINT('Ctrl Pts',(-31.1592937661072,4.82693246920721,16.5352641114696));
#3873=CARTESIAN_POINT('Ctrl Pts',(-31.1863795629589,4.79129902560345,16.5794027270056));
#3874=CARTESIAN_POINT('Ctrl Pts',(-31.1981856828002,4.7792642623255,16.5968168036236));
#3875=CARTESIAN_POINT('Ctrl Pts',(-31.2106170462263,4.76894768592385,16.6139090780451));
#3876=CARTESIAN_POINT('',(-31.2784676620461,5.02255154783387,17.5240902411492));
#3877=CARTESIAN_POINT('Origin',(-40.8484645452075,-11.3506838124219,17.522591777092));
#3878=CARTESIAN_POINT('',(-40.7748932333304,-11.6458027523917,16.444109506835));
#3879=CARTESIAN_POINT('',(-40.8484645452075,-11.5499227520402,17.5400229256415));
#3880=CARTESIAN_POINT('Ctrl Pts',(-40.5938422508355,-11.4832751073202,16.6139090780451));
#3881=CARTESIAN_POINT('Ctrl Pts',(-40.5967540111172,-11.5003298556982,16.59560328654));
#3882=CARTESIAN_POINT('Ctrl Pts',(-40.6017653869477,-11.5179001028787,16.5767658356035));
#3883=CARTESIAN_POINT('Ctrl Pts',(-40.6199580006655,-11.5590291873276,16.5328010300344));
#3884=CARTESIAN_POINT('Ctrl Pts',(-40.6356518362349,-11.5819880111907,16.5083671227515));
#3885=CARTESIAN_POINT('Ctrl Pts',(-40.6565633074549,-11.6007743745407,16.4886519864296));
#3886=CARTESIAN_POINT('Ctrl Pts',(-40.6732713426764,-11.6157844719763,16.4728998096173));
#3887=CARTESIAN_POINT('Ctrl Pts',(-40.6980886495129,-11.6308469685957,16.4573770606654));
#3888=CARTESIAN_POINT('Ctrl Pts',(-40.7339347328623,-11.6415767282479,16.4470630937886));
#3889=CARTESIAN_POINT('Ctrl Pts',(-40.7459418906721,-11.644001951113,16.4448923826869));
#3890=CARTESIAN_POINT('Ctrl Pts',(-40.7637360007615,-11.64559158328,16.4438802422209));
#3891=CARTESIAN_POINT('Ctrl Pts',(-40.7693627078318,-11.6458248941332,16.4438564255715));
#3892=CARTESIAN_POINT('Ctrl Pts',(-40.7748932333304,-11.6458027523917,16.444109506835));
#3893=CARTESIAN_POINT('Origin',(-41.5406801448169,-11.3520777416945,17.5066590925996));
#3894=CARTESIAN_POINT('',(-41.7942328396387,-11.4832751073202,16.6139090780451));
#3895=CARTESIAN_POINT('',(-41.7331301821967,-11.4036445737937,17.5240902411492));
#3896=CARTESIAN_POINT('',(-41.6131818571439,-11.6458027523917,16.444109506835));
#3897=CARTESIAN_POINT('Ctrl Pts',(-41.6131818571439,-11.6458027523917,16.444109506835));
#3898=CARTESIAN_POINT('Ctrl Pts',(-41.6187123826425,-11.6458248941332,16.4438564255715));
#3899=CARTESIAN_POINT('Ctrl Pts',(-41.6243390897127,-11.64559158328,16.4438802422209));
#3900=CARTESIAN_POINT('Ctrl Pts',(-41.6421331998021,-11.644001951113,16.4448923826869));
#3901=CARTESIAN_POINT('Ctrl Pts',(-41.6541403576119,-11.6415767282479,16.4470630937886));
#3902=CARTESIAN_POINT('Ctrl Pts',(-41.6899864409613,-11.6308469685957,16.4573770606654));
#3903=CARTESIAN_POINT('Ctrl Pts',(-41.7148037477978,-11.6157844719763,16.4728998096173));
#3904=CARTESIAN_POINT('Ctrl Pts',(-41.7315117830193,-11.6007743745407,16.4886519864296));
#3905=CARTESIAN_POINT('Ctrl Pts',(-41.7524232542393,-11.5819880111907,16.5083671227515));
#3906=CARTESIAN_POINT('Ctrl Pts',(-41.7681170898087,-11.5590291873276,16.5328010300344));
#3907=CARTESIAN_POINT('Ctrl Pts',(-41.7863097035266,-11.5179001028787,16.5767658356035));
#3908=CARTESIAN_POINT('Ctrl Pts',(-41.791321079357,-11.5003298556982,16.59560328654));
#3909=CARTESIAN_POINT('Ctrl Pts',(-41.7942328396387,-11.4832751073202,16.6139090780451));
#3910=CARTESIAN_POINT('',(-41.5406801448169,-11.5513166813128,17.5240902411492));
#3911=CARTESIAN_POINT('Origin',(-50.6868233378121,5.75607570485718,17.517));
#3912=CARTESIAN_POINT('Origin',(-51.7068305377572,5.76762686713125,7.35422356132247));
#3913=CARTESIAN_POINT('Origin',(-50.1849638688919,5.62160286544612,17.517));
#3914=CARTESIAN_POINT('Origin',(-40.0698635188876,3.89353758585096,6.67219231416266));
#3915=CARTESIAN_POINT('Origin',(-31.2012517526622,4.89005030107275,17.517));
#3916=CARTESIAN_POINT('Origin',(-30.6812445527171,5.7676268671314,7.35422356132252));
#3917=CARTESIAN_POINT('Origin',(-31.5686383821713,4.52266367156363,17.517));
#3918=CARTESIAN_POINT('Origin',(-38.1227369887007,-3.3732375535713,6.67219231416268));
#3919=CARTESIAN_POINT('Origin',(-41.6940375452371,-11.551936997035,17.517));
#3920=CARTESIAN_POINT('Origin',(-41.1940375452371,-12.4410647253677,7.35422356132254));
#3921=CARTESIAN_POINT('Origin',(-41.8285103846482,-11.0500775281149,17.517));
#3922=CARTESIAN_POINT('Origin',(-45.389512128123,-1.42611102338474,6.67219231416268));
#3923=CARTESIAN_POINT('Origin',(-41.1940375452371,-0.301936997035035,6.29218750000024));
#3924=CARTESIAN_POINT('',(-54.5482496754027,-0.301936997035037,13.6123999999998));
#3925=CARTESIAN_POINT('Origin',(-41.1940375452371,-0.301936997035035,6.29218750000024));
#3926=CARTESIAN_POINT('Origin',(-41.1940375452371,-0.301936997035046,13.6123999999999));
#3927=CARTESIAN_POINT('Origin',(-53.0900668929829,1.28794063432923,12.3623999999999));
#3928=CARTESIAN_POINT('',(-54.9806283024471,1.3740686926651,13.1123999999999));
#3929=CARTESIAN_POINT('',(-54.9828997732306,1.24172859415236,12.3623999999998));
#3930=CARTESIAN_POINT('Origin',(-41.2274387546733,1.06616766181283,9.46302830390431));
#3931=CARTESIAN_POINT('',(-53.0932945955844,1.42014647480784,13.1123999999999));
#3932=CARTESIAN_POINT('',(-47.1649916968722,1.43259672936584,12.3623999999999));
#3933=CARTESIAN_POINT('Origin',(-55.2719638558391,3.19580785583529,12.3623999999999));
#3934=CARTESIAN_POINT('',(-54.679294356661,2.96356047348101,12.3623999999998));
#3935=CARTESIAN_POINT('',(-54.7224228517884,2.83842457071158,13.1123999999999));
#3936=CARTESIAN_POINT('Origin',(-41.6933437667733,-1.57611096297859,9.46302830390414));
#3937=CARTESIAN_POINT('',(-48.5759171445481,0.571850788741768,12.3623999999999));
#3938=CARTESIAN_POINT('',(-52.9646688241417,2.14961947392535,13.1123999999999));
#3939=CARTESIAN_POINT('Origin',(-41.1940375452371,-1.77247300243015,13.1123999999999));
#3940=CARTESIAN_POINT('Origin',(-41.1940375452371,-0.301936997035037,13.1123999999999));
#3941=CARTESIAN_POINT('Origin',(-41.1940375452371,-0.301936997034962,12.3623999999999));
#3942=CARTESIAN_POINT('',(-50.76466971641,9.74388924295696,12.3623999999999));
#3943=CARTESIAN_POINT('Origin',(-41.1940375452371,-0.301936997035037,12.3623999999999));
#3944=CARTESIAN_POINT('',(-44.6531170053015,4.86484827215429,12.3623999999999));
#3945=CARTESIAN_POINT('Origin',(-49.2849710798993,8.56260019690913,12.3623999999999));
#3946=CARTESIAN_POINT('',(-50.6778630932499,9.84380756674906,13.1123999999999));
#3947=CARTESIAN_POINT('Origin',(-40.3402236326573,0.767561858054633,9.46302830390415));
#3948=CARTESIAN_POINT('',(-49.2024633673534,8.66595047359566,13.1123999999999));
#3949=CARTESIAN_POINT('Origin',(-49.7300477128423,11.4266076134894,12.3623999999999));
#3950=CARTESIAN_POINT('',(-49.4253222761503,10.8677351860971,12.3623999999999));
#3951=CARTESIAN_POINT('',(-49.5387964280099,10.7995979854383,13.1123999999999));
#3952=CARTESIAN_POINT('Origin',(-42.3955515395533,-0.957063030570153,9.46302830390422));
#3953=CARTESIAN_POINT('',(-46.2872254298699,5.11240402335947,12.3623999999999));
#3954=CARTESIAN_POINT('',(-48.6350341044642,9.1420801588052,13.1123999999999));
#3955=CARTESIAN_POINT('Origin',(-41.1940375452371,-1.77247300243015,13.1123999999999));
#3956=CARTESIAN_POINT('Origin',(-41.1940375452371,-0.301936997035037,13.1123999999999));
#3957=CARTESIAN_POINT('Origin',(-41.1940375452371,-0.301936997034962,12.3623999999999));
#3958=CARTESIAN_POINT('Origin',(-41.1940375452371,-0.301936997035037,12.3623999999999));
#3959=CARTESIAN_POINT('Origin',(-41.1940375452371,-0.301936997034962,12.3623999999999));
#3960=CARTESIAN_POINT('',(-53.6233649031712,-6.4685767975514,12.3623999999998));
#3961=CARTESIAN_POINT('',(-47.4105453542554,-4.37755746191038,12.3623999999998));
#3962=CARTESIAN_POINT('Origin',(-41.1940375452371,-0.301936997035037,12.3623999999999));
#3963=CARTESIAN_POINT('Origin',(-33.8691484536942,9.20538780659587,12.3623999999999));
#3964=CARTESIAN_POINT('',(-32.8492786624646,10.7995979854384,13.1123999999999));
#3965=CARTESIAN_POINT('',(-32.9627528143242,10.8677351860973,12.3623999999999));
#3966=CARTESIAN_POINT('Origin',(-39.992523550921,-0.957063030570118,9.46302830390417));
#3967=CARTESIAN_POINT('',(-33.7530409860102,9.14208015880533,13.1123999999999));
#3968=CARTESIAN_POINT('',(-36.7064101986355,4.00179411991272,12.3623999999999));
#3969=CARTESIAN_POINT('Origin',(-31.1259384913941,10.1410323941165,12.3623999999999));
#3970=CARTESIAN_POINT('',(-31.6234053740645,9.74388924295713,12.3623999999999));
#3971=CARTESIAN_POINT('',(-31.7102119972246,9.84380756674923,13.1123999999999));
#3972=CARTESIAN_POINT('Origin',(-42.047851457817,0.767561858054646,9.46302830390439));
#3973=CARTESIAN_POINT('',(-36.7463753255823,5.65406437075795,12.3623999999999));
#3974=CARTESIAN_POINT('',(-33.185611723121,8.6659504735958,13.1123999999999));
#3975=CARTESIAN_POINT('Origin',(-41.1940375452371,-1.77247300243015,13.1123999999999));
#3976=CARTESIAN_POINT('Origin',(-41.1940375452371,-0.301936997035037,13.1123999999999));
#3977=CARTESIAN_POINT('Origin',(-41.1940375452371,-0.301936997034962,12.3623999999999));
#3978=CARTESIAN_POINT('',(-27.7087807338133,2.96356047348125,12.3623999999999));
#3979=CARTESIAN_POINT('Origin',(-41.1940375452371,-0.301936997035037,12.3623999999999));
#3980=CARTESIAN_POINT('',(-34.9899305161878,0.11032105449501,12.3623999999999));
#3981=CARTESIAN_POINT('Origin',(-29.4716563751584,2.27274838734175,12.3623999999999));
#3982=CARTESIAN_POINT('',(-27.6656522386859,2.83842457071183,13.1123999999999));
#3983=CARTESIAN_POINT('Origin',(-40.694731323701,-1.57611096297859,9.46302830390425));
#3984=CARTESIAN_POINT('',(-29.4234062663326,2.14961947392558,13.1123999999999));
#3985=CARTESIAN_POINT('Origin',(-26.7688148793013,1.22619234981113,12.3623999999999));
#3986=CARTESIAN_POINT('',(-27.4051753172437,1.24172859415263,12.3623999999999));
#3987=CARTESIAN_POINT('',(-27.4074467880272,1.37406869266536,13.1123999999999));
#3988=CARTESIAN_POINT('Origin',(-41.160636335801,1.06616766181283,9.46302830390399));
#3989=CARTESIAN_POINT('',(-33.958486734507,1.40172258710683,12.3623999999999));
#3990=CARTESIAN_POINT('',(-29.2947804948899,1.42014647480807,13.1123999999999));
#3991=CARTESIAN_POINT('Origin',(-41.1940375452371,-1.77247300243015,13.1123999999999));
#3992=CARTESIAN_POINT('Origin',(-41.1940375452371,-0.301936997035037,13.1123999999999));
#3993=CARTESIAN_POINT('Origin',(-41.1940375452371,-0.301936997034962,12.3623999999999));
#3994=CARTESIAN_POINT('',(-28.764710187303,-6.46857679755118,12.3623999999999));
#3995=CARTESIAN_POINT('Origin',(-41.1940375452371,-0.301936997035037,12.3623999999999));
#3996=CARTESIAN_POINT('',(-36.1764214636015,-3.97405213497145,12.3623999999999));
#3997=CARTESIAN_POINT('Origin',(-41.1940375452371,-0.301936997034962,12.3623999999999));
#3998=CARTESIAN_POINT('Origin',(-41.1940375452371,-0.301936997035037,12.3623999999999));
#3999=CARTESIAN_POINT('Origin',(-30.5591967258573,-5.86461493770297,12.3623999999999));
#4000=CARTESIAN_POINT('',(-28.8121076510976,-6.59215892279474,13.1123999999999));
#4001=CARTESIAN_POINT('Origin',(-41.6305700267083,-1.5989587358558,9.46302830390451));
#4002=CARTESIAN_POINT('',(-30.6013807380496,-5.98995172973192,13.1123999999999));
#4003=CARTESIAN_POINT('Origin',(-29.1614132710919,-8.40367639914948,12.3623999999999));
#4004=CARTESIAN_POINT('',(-29.6389071430347,-7.98273034070065,12.3623999999999));
#4005=CARTESIAN_POINT('',(-29.5555806150175,-7.87989187035775,13.1123999999999));
#4006=CARTESIAN_POINT('Origin',(-40.2890500108933,0.724622090906466,9.46302830390435));
#4007=CARTESIAN_POINT('',(-34.5561927819622,-3.64778045003151,12.3623999999999));
#4008=CARTESIAN_POINT('',(-30.9717438860276,-6.63143951928099,13.1123999999999));
#4009=CARTESIAN_POINT('Origin',(-41.1940375452371,-1.77247300243015,13.1123999999999));
#4010=CARTESIAN_POINT('Origin',(-41.1940375452371,-0.301936997035037,13.1123999999999));
#4011=CARTESIAN_POINT('Origin',(-41.1940375452371,-0.301936997034962,12.3623999999999));
#4012=CARTESIAN_POINT('',(-35.6364600481566,-13.0152747713548,12.3623999999998));
#4013=CARTESIAN_POINT('Origin',(-41.1940375452371,-0.301936997035037,12.3623999999999));
#4014=CARTESIAN_POINT('',(-39.7107107402036,-6.34020184038362,12.3623999999999));
#4015=CARTESIAN_POINT('Origin',(-36.6228972890343,-11.3991394320302,12.3623999999999));
#4016=CARTESIAN_POINT('',(-35.7522056707997,-13.0794776692087,13.1123999999999));
#4017=CARTESIAN_POINT('Origin',(-42.3621503301171,-1.01491562234782,9.46302830390453));
#4018=CARTESIAN_POINT('',(-36.7357770541167,-11.4680376247183,13.1123999999999));
#4019=CARTESIAN_POINT('Origin',(-37.1842102884781,-14.2426512410569,12.3623999999999));
#4020=CARTESIAN_POINT('',(-37.2794129049859,-13.6132607075433,12.3623999999998));
#4021=CARTESIAN_POINT('',(-37.1494777866984,-13.5880431285659,13.1123999999999));
#4022=CARTESIAN_POINT('Origin',(-39.8409174111211,-0.0972618861811569,9.46302830390465));
#4023=CARTESIAN_POINT('',(-38.2598201655809,-7.13172615060479,12.3623999999999));
#4024=CARTESIAN_POINT('',(-37.4318320884487,-11.7213809386263,13.1123999999999));
#4025=CARTESIAN_POINT('Origin',(-41.1940375452371,-1.77247300243015,13.1123999999999));
#4026=CARTESIAN_POINT('Origin',(-41.1940375452371,-0.301936997035037,13.1123999999999));
#4027=CARTESIAN_POINT('Origin',(-41.1940375452371,-0.301936997034962,12.3623999999999));
#4028=CARTESIAN_POINT('',(-38.9440375452369,-13.9932891946815,12.3623999999998));
#4029=CARTESIAN_POINT('Origin',(-41.1940375452371,-0.301936997035037,12.3623999999999));
#4030=CARTESIAN_POINT('',(-38.9440375452369,-16.7144370044855,12.3623999999998));
#4031=CARTESIAN_POINT('',(-38.9440375452369,-7.14761309585823,12.3623999999999));
#4032=CARTESIAN_POINT('',(-43.4440375452369,-16.7144370044855,12.3623999999998));
#4033=CARTESIAN_POINT('Origin',(-41.1940375452369,-16.7144370044855,12.3623999999999));
#4034=CARTESIAN_POINT('',(-43.4440375452369,-13.9932891946816,12.3623999999998));
#4035=CARTESIAN_POINT('',(-43.4440375452369,-8.50818700076023,12.3623999999998));
#4036=CARTESIAN_POINT('',(-45.1086621854881,-13.6132607075433,12.3623999999998));
#4037=CARTESIAN_POINT('Origin',(-41.1940375452371,-0.301936997035037,12.3623999999999));
#4038=CARTESIAN_POINT('',(-43.9390651142221,-5.88098031775436,12.3623999999998));
#4039=CARTESIAN_POINT('',(-42.2440375452369,-16.7144370044855,12.3623999999999));
#4040=CARTESIAN_POINT('Origin',(-41.1940375452369,-16.7144370044855,12.3623999999999));
#4041=CARTESIAN_POINT('Origin',(-44.8254851806537,-11.741159575356,12.3623999999999));
#4042=CARTESIAN_POINT('',(-45.2385973037756,-13.588043128566,13.1123999999999));
#4043=CARTESIAN_POINT('Origin',(-42.547157679353,-0.0972618861812014,9.46302830390419));
#4044=CARTESIAN_POINT('',(-44.9562430020253,-11.7213809386263,13.1123999999999));
#4045=CARTESIAN_POINT('Origin',(-47.0832500435677,-13.5586109544056,12.3623999999999));
#4046=CARTESIAN_POINT('',(-46.7516150423174,-13.0152747713549,12.3623999999998));
#4047=CARTESIAN_POINT('',(-46.6358694196743,-13.0794776692088,13.1123999999999));
#4048=CARTESIAN_POINT('Origin',(-40.0259247603571,-1.01491562234779,9.46302830390426));
#4049=CARTESIAN_POINT('',(-43.3364004713345,-7.41993760157133,12.3623999999998));
#4050=CARTESIAN_POINT('',(-45.6522980363573,-11.4680376247184,13.1123999999999));
#4051=CARTESIAN_POINT('Origin',(-41.1940375452371,-1.77247300243015,13.1123999999999));
#4052=CARTESIAN_POINT('Origin',(-41.1940375452371,-0.301936997035037,13.1123999999999));
#4053=CARTESIAN_POINT('Origin',(-41.1940375452371,-0.301936997034962,12.3623999999999));
#4054=CARTESIAN_POINT('',(-52.7491679474394,-7.98273034070086,12.3623999999998));
#4055=CARTESIAN_POINT('Origin',(-41.1940375452371,-0.301936997035037,12.3623999999999));
#4056=CARTESIAN_POINT('',(-46.8829905811293,-2.81126242120064,12.3623999999998));
#4057=CARTESIAN_POINT('Origin',(-51.3288783646168,-6.73064034148769,12.3623999999999));
#4058=CARTESIAN_POINT('',(-52.8324944754566,-7.87989187035796,13.1123999999999));
#4059=CARTESIAN_POINT('Origin',(-42.099025079581,0.724622090906415,9.46302830390423));
#4060=CARTESIAN_POINT('',(-51.4163312044466,-6.63143951928118,13.1123999999999));
#4061=CARTESIAN_POINT('Origin',(-54.2266618193822,-6.67162559158084,12.3623999999999));
#4062=CARTESIAN_POINT('',(-53.5759674393765,-6.59215892279497,13.1123999999999));
#4063=CARTESIAN_POINT('Origin',(-40.7575050637659,-1.5989587358558,9.46302830390441));
#4064=CARTESIAN_POINT('',(-51.7866943524246,-5.98995172973211,13.1123999999999));
#4065=CARTESIAN_POINT('Origin',(-41.1940375452371,-1.77247300243015,13.1123999999999));
#4066=CARTESIAN_POINT('Origin',(-41.1940375452371,-0.301936997035037,13.1123999999999));
#4067=CARTESIAN_POINT('Origin',(-41.1940375452371,-0.301936997035037,17.5));
#4068=CARTESIAN_POINT('Origin',(-51.4611931411821,-0.301936997035038,17.5));
#4069=CARTESIAN_POINT('Origin',(-41.1940375452371,-0.301936997034962,13.6123999999999));
#4070=CARTESIAN_POINT('',(-43.4658563712768,-14.0118025217376,13.6123999999998));
#4071=CARTESIAN_POINT('Origin',(-41.1940375452371,-0.301936997035037,13.6123999999999));
#4072=CARTESIAN_POINT('',(-43.4658563712767,-16.7144370044855,13.6123999999998));
#4073=CARTESIAN_POINT('',(-43.4658563712768,-7.14761309585827,13.6123999999998));
#4074=CARTESIAN_POINT('',(-38.9222187191971,-16.7144370044855,13.6123999999998));
#4075=CARTESIAN_POINT('Origin',(-41.1940375452369,-16.7144370044855,13.6123999999999));
#4076=CARTESIAN_POINT('',(-38.9222187191971,-14.0118025217375,13.6123999999998));
#4077=CARTESIAN_POINT('',(-38.9222187191971,-8.50818700076023,13.6123999999999));
#4078=CARTESIAN_POINT('Origin',(-41.1940375452371,-0.301936997035037,13.6123999999999));
#4079=CARTESIAN_POINT('',(-42.2440375452369,-16.7144370044855,13.6123999999999));
#4080=CARTESIAN_POINT('Origin',(-41.1940375452369,-16.7144370044855,13.6123999999999));
#4081=CARTESIAN_POINT('Origin',(-41.1940375452371,-0.301936997035037,12.3624002933502));
#4082=CARTESIAN_POINT('Ctrl Pts',(-38.9222187191971,-14.011802521756,13.6123999999998));
#4083=CARTESIAN_POINT('Ctrl Pts',(-38.9331355056027,-14.0025458560552,12.9869777256946));
#4084=CARTESIAN_POINT('Ctrl Pts',(-38.9440375503549,-13.9932891903545,12.3624000001421));
#4085=CARTESIAN_POINT('Origin',(-41.1940375452369,-16.7144370044855,12.3623999999999));
#4086=CARTESIAN_POINT('',(-42.2440375452369,-16.7144370044855,12.3623999999999));
#4087=CARTESIAN_POINT('Origin',(-41.1940375452371,-0.301936997035037,12.3624002933502));
#4088=CARTESIAN_POINT('Ctrl Pts',(-43.4658563712768,-14.0118025217321,13.6123999999999));
#4089=CARTESIAN_POINT('Ctrl Pts',(-43.4549395848712,-14.0025458560313,12.9869777256948));
#4090=CARTESIAN_POINT('Ctrl Pts',(-43.444037540119,-13.9932891903305,12.3624000001426));
#4091=CARTESIAN_POINT('Origin',(-38.9440375503566,-16.7144370044855,12.3624000000445));
#4092=CARTESIAN_POINT('',(-38.9440375452369,-16.7144370044855,12.3624002933502));
#4093=CARTESIAN_POINT('Origin',(-41.1940375452369,-16.7144370044855,12.3624002933502));
#4094=CARTESIAN_POINT('',(-43.4440375452369,-16.7144370044855,12.3624002933502));
#4095=CARTESIAN_POINT('Origin',(-43.4440375401173,-13.9932891946816,12.3624000000445));
#4096=CARTESIAN_POINT('Origin',(-41.194037545237,16.1105630104156,8.11239957809448));
#4097=CARTESIAN_POINT('Origin',(-41.194037545237,16.1105630104156,18.));
#4098=CARTESIAN_POINT('',(-42.244037545237,16.1105630104156,18.));
#4099=UNCERTAINTY_MEASURE_WITH_UNIT(LENGTH_MEASURE(0.01),#4103,
'DISTANCE_ACCURACY_VALUE',
'Maximum model space distance between geometric entities at asserted c
onnectivities');
#4100=UNCERTAINTY_MEASURE_WITH_UNIT(LENGTH_MEASURE(0.01),#4103,
'DISTANCE_ACCURACY_VALUE',
'Maximum model space distance between geometric entities at asserted c
onnectivities');
#4101=(
GEOMETRIC_REPRESENTATION_CONTEXT(3)
GLOBAL_UNCERTAINTY_ASSIGNED_CONTEXT((#4099))
GLOBAL_UNIT_ASSIGNED_CONTEXT((#4103,#4105,#4106))
REPRESENTATION_CONTEXT('','3D')
);
#4102=(
GEOMETRIC_REPRESENTATION_CONTEXT(3)
GLOBAL_UNCERTAINTY_ASSIGNED_CONTEXT((#4100))
GLOBAL_UNIT_ASSIGNED_CONTEXT((#4103,#4105,#4106))
REPRESENTATION_CONTEXT('','3D')
);
#4103=(
LENGTH_UNIT()
NAMED_UNIT(*)
SI_UNIT(.MILLI.,.METRE.)
);
#4104=(
LENGTH_UNIT()
NAMED_UNIT(*)
SI_UNIT($,.METRE.)
);
#4105=(
NAMED_UNIT(*)
PLANE_ANGLE_UNIT()
SI_UNIT($,.RADIAN.)
);
#4106=(
NAMED_UNIT(*)
SI_UNIT($,.STERADIAN.)
SOLID_ANGLE_UNIT()
);
#4107=SHAPE_DEFINITION_REPRESENTATION(#4108,#4109);
#4108=PRODUCT_DEFINITION_SHAPE('',$,#4111);
#4109=SHAPE_REPRESENTATION('',(#2105),#4101);
#4110=PRODUCT_DEFINITION_CONTEXT('part definition',#4115,'design');
#4111=PRODUCT_DEFINITION('ScrewPlateOctagon','ScrewPlateOctagon',#4112,
#4110);
#4112=PRODUCT_DEFINITION_FORMATION('',$,#4117);
#4113=PRODUCT_RELATED_PRODUCT_CATEGORY('ScrewPlateOctagon',
'ScrewPlateOctagon',(#4117));
#4114=APPLICATION_PROTOCOL_DEFINITION('international standard',
'automotive_design',2009,#4115);
#4115=APPLICATION_CONTEXT(
'Core Data for Automotive Mechanical Design Process');
#4116=PRODUCT_CONTEXT('part definition',#4115,'mechanical');
#4117=PRODUCT('ScrewPlateOctagon','ScrewPlateOctagon',$,(#4116));
#4118=PRESENTATION_STYLE_ASSIGNMENT((#4120));
#4119=PRESENTATION_STYLE_ASSIGNMENT((#4121));
#4120=SURFACE_STYLE_USAGE(.BOTH.,#4122);
#4121=SURFACE_STYLE_USAGE(.BOTH.,#4123);
#4122=SURFACE_SIDE_STYLE('',(#4124));
#4123=SURFACE_SIDE_STYLE('',(#4125));
#4124=SURFACE_STYLE_FILL_AREA(#4126);
#4125=SURFACE_STYLE_FILL_AREA(#4127);
#4126=FILL_AREA_STYLE('Steel - Satin',(#4128));
#4127=FILL_AREA_STYLE('OffWhite',(#4129));
#4128=FILL_AREA_STYLE_COLOUR('Steel - Satin',#4130);
#4129=FILL_AREA_STYLE_COLOUR('OffWhite',#4131);
#4130=COLOUR_RGB('Steel - Satin',0.627450980392157,0.627450980392157,0.627450980392157);
#4131=COLOUR_RGB('OffWhite',0.886274509803922,0.886274509803922,0.886274509803922);
ENDSEC;
END-ISO-10303-21;
