ISO-10303-21;
HEADER;
/* Generated by software containing ST-Developer
 * from STEP Tools, Inc. (www.steptools.com) 
 */

FILE_DESCRIPTION(
/* description */ (''),
/* implementation_level */ '2;1');

FILE_NAME(
/* name */ 'ScrewPlateRound.step',
/* time_stamp */ '2025-09-28T19:28:00-07:00',
/* author */ (''),
/* organization */ (''),
/* preprocessor_version */ 'ST-DEVELOPER v20.1',
/* originating_system */ 'Autodesk Translation Framework v14.17.0.0',
/* authorisation */ '');

FILE_SCHEMA (('AUTOMOTIVE_DESIGN { 1 0 10303 214 3 1 1 }'));
ENDSEC;

DATA;
#10=MECHANICAL_DESIGN_GEOMETRIC_PRESENTATION_REPRESENTATION('',(#13),#3074);
#11=SHAPE_REPRESENTATION_RELATIONSHIP('SRR','None',#3081,#12);
#12=ADVANCED_BREP_SHAPE_REPRESENTATION('',(#14),#3073);
#13=STYLED_ITEM('',(#3091),#14);
#14=MANIFOLD_SOLID_BREP('Body1',#1607);
#15=ELLIPSE('',#1715,79.6114964142551,13.7564882179013);
#16=ELLIPSE('',#1718,79.6114964142569,13.7564882179013);
#17=ELLIPSE('',#1765,79.6114964142581,13.7564882179013);
#18=ELLIPSE('',#1767,79.6114964142595,13.7564882179013);
#19=ELLIPSE('',#1771,79.6114964142574,13.7564882179013);
#20=ELLIPSE('',#1773,79.6114964142579,13.7564882179013);
#21=ELLIPSE('',#1781,79.6114964142576,13.7564882179013);
#22=ELLIPSE('',#1783,79.6114964142575,13.7564882179013);
#23=ELLIPSE('',#1787,79.611496414257,13.7564882179013);
#24=ELLIPSE('',#1789,79.6114964142575,13.7564882179013);
#25=ELLIPSE('',#1797,79.6114964142547,13.7564882179013);
#26=ELLIPSE('',#1799,79.6114964142584,13.7564882179013);
#27=ELLIPSE('',#1807,79.6114964142575,13.7564882179013);
#28=ELLIPSE('',#1809,79.6114964142571,13.7564882179013);
#29=ELLIPSE('',#1813,79.6114964142554,13.7564882179013);
#30=ELLIPSE('',#1815,79.6114964142571,13.7564882179013);
#31=SPHERICAL_SURFACE('',#1647,0.2);
#32=SPHERICAL_SURFACE('',#1651,0.2);
#33=SPHERICAL_SURFACE('',#1660,0.2);
#34=SPHERICAL_SURFACE('',#1664,0.2);
#35=SPHERICAL_SURFACE('',#1673,0.2);
#36=SPHERICAL_SURFACE('',#1677,0.2);
#37=SPHERICAL_SURFACE('',#1711,15.2289360318643);
#38=SPHERICAL_SURFACE('',#1732,13.9789360318643);
#39=CYLINDRICAL_SURFACE('',#1642,0.2);
#40=CYLINDRICAL_SURFACE('',#1644,0.2);
#41=CYLINDRICAL_SURFACE('',#1649,0.2);
#42=CYLINDRICAL_SURFACE('',#1655,0.2);
#43=CYLINDRICAL_SURFACE('',#1657,0.2);
#44=CYLINDRICAL_SURFACE('',#1662,0.2);
#45=CYLINDRICAL_SURFACE('',#1668,0.2);
#46=CYLINDRICAL_SURFACE('',#1670,0.2);
#47=CYLINDRICAL_SURFACE('',#1675,0.2);
#48=CYLINDRICAL_SURFACE('',#1693,0.2);
#49=CYLINDRICAL_SURFACE('',#1694,0.2);
#50=CYLINDRICAL_SURFACE('',#1695,0.2);
#51=CYLINDRICAL_SURFACE('',#1696,0.2);
#52=CYLINDRICAL_SURFACE('',#1697,0.2);
#53=CYLINDRICAL_SURFACE('',#1698,0.2);
#54=CYLINDRICAL_SURFACE('',#1838,1.05);
#55=CYLINDRICAL_SURFACE('',#1844,1.05);
#56=CONICAL_SURFACE('',#1629,1.99996192378908,0.0174532925199433);
#57=CONICAL_SURFACE('',#1636,15.3958951405483,0.612062831520398);
#58=CONICAL_SURFACE('',#1638,14.3001827518943,0.0349065850398866);
#59=CONICAL_SURFACE('',#1683,10.75,0.0349065850398866);
#60=CONICAL_SURFACE('',#1825,9.5,0.261799387799149);
#61=CONICAL_SURFACE('',#1837,13.875,0.0174532925199433);
#62=CONICAL_SURFACE('',#1839,13.875,0.0174532925199433);
#63=CONICAL_SURFACE('',#1841,2.25,0.0174532925199433);
#64=CONICAL_SURFACE('',#1843,2.25,0.0174532925199433);
#65=FACE_BOUND('',#392,.T.);
#66=FACE_BOUND('',#395,.T.);
#67=FACE_BOUND('',#439,.T.);
#68=FACE_BOUND('',#472,.T.);
#69=FACE_BOUND('',#475,.T.);
#70=FACE_BOUND('',#477,.T.);
#71=FACE_BOUND('',#478,.T.);
#72=(
BOUNDED_CURVE()
B_SPLINE_CURVE(2,(#2413,#2414,#2415),.UNSPECIFIED.,.F.,.F.)
B_SPLINE_CURVE_WITH_KNOTS((3,3),(0.,0.368196200937809),.UNSPECIFIED.)
CURVE()
GEOMETRIC_REPRESENTATION_ITEM()
RATIONAL_B_SPLINE_CURVE((1.,1.00239673425698,1.))
REPRESENTATION_ITEM('')
);
#73=(
BOUNDED_CURVE()
B_SPLINE_CURVE(2,(#2417,#2418,#2419),.UNSPECIFIED.,.F.,.F.)
B_SPLINE_CURVE_WITH_KNOTS((3,3),(0.,0.126052287789325),.UNSPECIFIED.)
CURVE()
GEOMETRIC_REPRESENTATION_ITEM()
RATIONAL_B_SPLINE_CURVE((1.,1.00000392908553,1.00000606203968))
REPRESENTATION_ITEM('')
);
#74=(
BOUNDED_CURVE()
B_SPLINE_CURVE(2,(#2423,#2424,#2425),.UNSPECIFIED.,.F.,.F.)
B_SPLINE_CURVE_WITH_KNOTS((3,3),(65.3583735308072,65.4701185339311),
 .UNSPECIFIED.)
CURVE()
GEOMETRIC_REPRESENTATION_ITEM()
RATIONAL_B_SPLINE_CURVE((1.,1.,1.))
REPRESENTATION_ITEM('')
);
#75=(
BOUNDED_CURVE()
B_SPLINE_CURVE(2,(#2477,#2478,#2479),.UNSPECIFIED.,.F.,.F.)
B_SPLINE_CURVE_WITH_KNOTS((3,3),(0.,0.368196200937808),.UNSPECIFIED.)
CURVE()
GEOMETRIC_REPRESENTATION_ITEM()
RATIONAL_B_SPLINE_CURVE((1.,1.00239673427543,1.))
REPRESENTATION_ITEM('')
);
#76=(
BOUNDED_CURVE()
B_SPLINE_CURVE(2,(#2483,#2484,#2485),.UNSPECIFIED.,.F.,.F.)
B_SPLINE_CURVE_WITH_KNOTS((3,3),(0.,0.126052287316137),.UNSPECIFIED.)
CURVE()
GEOMETRIC_REPRESENTATION_ITEM()
RATIONAL_B_SPLINE_CURVE((1.,1.00000392906895,1.0000060620141))
REPRESENTATION_ITEM('')
);
#77=(
BOUNDED_CURVE()
B_SPLINE_CURVE(2,(#2493,#2494,#2495),.UNSPECIFIED.,.F.,.F.)
B_SPLINE_CURVE_WITH_KNOTS((3,3),(231.509821524174,231.621566527298),
 .UNSPECIFIED.)
CURVE()
GEOMETRIC_REPRESENTATION_ITEM()
RATIONAL_B_SPLINE_CURVE((1.,1.,1.))
REPRESENTATION_ITEM('')
);
#78=(
BOUNDED_CURVE()
B_SPLINE_CURVE(2,(#3054,#3055,#3056),.UNSPECIFIED.,.F.,.F.)
B_SPLINE_CURVE_WITH_KNOTS((3,3),(65.3953242753349,65.5072456085856),
 .UNSPECIFIED.)
CURVE()
GEOMETRIC_REPRESENTATION_ITEM()
RATIONAL_B_SPLINE_CURVE((1.,1.,1.))
REPRESENTATION_ITEM('')
);
#79=(
BOUNDED_CURVE()
B_SPLINE_CURVE(2,(#3060,#3061,#3062),.UNSPECIFIED.,.F.,.F.)
B_SPLINE_CURVE_WITH_KNOTS((3,3),(65.3953242753761,65.507245608627),
 .UNSPECIFIED.)
CURVE()
GEOMETRIC_REPRESENTATION_ITEM()
RATIONAL_B_SPLINE_CURVE((1.,1.,1.))
REPRESENTATION_ITEM('')
);
#80=LINE('',#2407,#162);
#81=LINE('',#2409,#163);
#82=LINE('',#2411,#164);
#83=LINE('',#2421,#165);
#84=LINE('',#2427,#166);
#85=LINE('',#2431,#167);
#86=LINE('',#2471,#168);
#87=LINE('',#2491,#169);
#88=LINE('',#2496,#170);
#89=LINE('',#2497,#171);
#90=LINE('',#2508,#172);
#91=LINE('',#2512,#173);
#92=LINE('',#2525,#174);
#93=LINE('',#2528,#175);
#94=LINE('',#2542,#176);
#95=LINE('',#2546,#177);
#96=LINE('',#2567,#178);
#97=LINE('',#2571,#179);
#98=LINE('',#2584,#180);
#99=LINE('',#2587,#181);
#100=LINE('',#2601,#182);
#101=LINE('',#2605,#183);
#102=LINE('',#2626,#184);
#103=LINE('',#2630,#185);
#104=LINE('',#2643,#186);
#105=LINE('',#2646,#187);
#106=LINE('',#2660,#188);
#107=LINE('',#2664,#189);
#108=LINE('',#2675,#190);
#109=LINE('',#2681,#191);
#110=LINE('',#2688,#192);
#111=LINE('',#2692,#193);
#112=LINE('',#2696,#194);
#113=LINE('',#2712,#195);
#114=LINE('',#2727,#196);
#115=LINE('',#2730,#197);
#116=LINE('',#2746,#198);
#117=LINE('',#2761,#199);
#118=LINE('',#2764,#200);
#119=LINE('',#2780,#201);
#120=LINE('',#2795,#202);
#121=LINE('',#2817,#203);
#122=LINE('',#2820,#204);
#123=LINE('',#2826,#205);
#124=LINE('',#2829,#206);
#125=LINE('',#2837,#207);
#126=LINE('',#2843,#208);
#127=LINE('',#2847,#209);
#128=LINE('',#2851,#210);
#129=LINE('',#2919,#211);
#130=LINE('',#2920,#212);
#131=LINE('',#2924,#213);
#132=LINE('',#2931,#214);
#133=LINE('',#2932,#215);
#134=LINE('',#2937,#216);
#135=LINE('',#2938,#217);
#136=LINE('',#2945,#218);
#137=LINE('',#2951,#219);
#138=LINE('',#2952,#220);
#139=LINE('',#2956,#221);
#140=LINE('',#2963,#222);
#141=LINE('',#2964,#223);
#142=LINE('',#2969,#224);
#143=LINE('',#2970,#225);
#144=LINE('',#2981,#226);
#145=LINE('',#2982,#227);
#146=LINE('',#2987,#228);
#147=LINE('',#2988,#229);
#148=LINE('',#2995,#230);
#149=LINE('',#3001,#231);
#150=LINE('',#3002,#232);
#151=LINE('',#3006,#233);
#152=LINE('',#3012,#234);
#153=LINE('',#3017,#235);
#154=LINE('',#3018,#236);
#155=LINE('',#3033,#237);
#156=LINE('',#3045,#238);
#157=LINE('',#3049,#239);
#158=LINE('',#3058,#240);
#159=LINE('',#3064,#241);
#160=LINE('',#3066,#242);
#161=LINE('',#3070,#243);
#162=VECTOR('',#1855,10.);
#163=VECTOR('',#1856,10.);
#164=VECTOR('',#1857,10.);
#165=VECTOR('',#1858,10.);
#166=VECTOR('',#1859,10.);
#167=VECTOR('',#1864,10.);
#168=VECTOR('',#1879,10.);
#169=VECTOR('',#1896,10.);
#170=VECTOR('',#1897,10.);
#171=VECTOR('',#1898,10.);
#172=VECTOR('',#1901,10.);
#173=VECTOR('',#1904,10.);
#174=VECTOR('',#1909,10.);
#175=VECTOR('',#1912,10.);
#176=VECTOR('',#1919,10.);
#177=VECTOR('',#1922,10.);
#178=VECTOR('',#1933,10.);
#179=VECTOR('',#1936,10.);
#180=VECTOR('',#1941,10.);
#181=VECTOR('',#1944,10.);
#182=VECTOR('',#1951,10.);
#183=VECTOR('',#1954,10.);
#184=VECTOR('',#1965,10.);
#185=VECTOR('',#1968,10.);
#186=VECTOR('',#1973,10.);
#187=VECTOR('',#1976,10.);
#188=VECTOR('',#1983,10.);
#189=VECTOR('',#1986,10.);
#190=VECTOR('',#1997,10.);
#191=VECTOR('',#2004,10.75);
#192=VECTOR('',#2015,10.);
#193=VECTOR('',#2020,10.);
#194=VECTOR('',#2025,10.);
#195=VECTOR('',#2028,10.);
#196=VECTOR('',#2029,10.);
#197=VECTOR('',#2032,10.);
#198=VECTOR('',#2035,10.);
#199=VECTOR('',#2036,10.);
#200=VECTOR('',#2039,10.);
#201=VECTOR('',#2042,10.);
#202=VECTOR('',#2043,10.);
#203=VECTOR('',#2078,10.);
#204=VECTOR('',#2081,10.);
#205=VECTOR('',#2086,10.);
#206=VECTOR('',#2089,10.);
#207=VECTOR('',#2100,10.);
#208=VECTOR('',#2107,10.);
#209=VECTOR('',#2110,10.);
#210=VECTOR('',#2113,10.);
#211=VECTOR('',#2186,10.);
#212=VECTOR('',#2187,10.);
#213=VECTOR('',#2192,10.);
#214=VECTOR('',#2201,10.);
#215=VECTOR('',#2202,10.);
#216=VECTOR('',#2207,10.);
#217=VECTOR('',#2208,10.);
#218=VECTOR('',#2219,10.);
#219=VECTOR('',#2226,10.);
#220=VECTOR('',#2227,10.);
#221=VECTOR('',#2232,10.);
#222=VECTOR('',#2241,10.);
#223=VECTOR('',#2242,10.);
#224=VECTOR('',#2247,10.);
#225=VECTOR('',#2248,10.);
#226=VECTOR('',#2265,10.);
#227=VECTOR('',#2266,10.);
#228=VECTOR('',#2271,10.);
#229=VECTOR('',#2272,10.);
#230=VECTOR('',#2283,10.);
#231=VECTOR('',#2290,10.);
#232=VECTOR('',#2291,10.);
#233=VECTOR('',#2296,10.);
#234=VECTOR('',#2305,10.);
#235=VECTOR('',#2310,10.);
#236=VECTOR('',#2311,10.);
#237=VECTOR('',#2332,9.5);
#238=VECTOR('',#2349,10.);
#239=VECTOR('',#2352,10.);
#240=VECTOR('',#2361,1.05);
#241=VECTOR('',#2366,10.);
#242=VECTOR('',#2369,10.);
#243=VECTOR('',#2376,1.05);
#244=PLANE('',#1624);
#245=PLANE('',#1626);
#246=PLANE('',#1631);
#247=PLANE('',#1640);
#248=PLANE('',#1653);
#249=PLANE('',#1666);
#250=PLANE('',#1679);
#251=PLANE('',#1681);
#252=PLANE('',#1689);
#253=PLANE('',#1691);
#254=PLANE('',#1699);
#255=PLANE('',#1701);
#256=PLANE('',#1703);
#257=PLANE('',#1705);
#258=PLANE('',#1707);
#259=PLANE('',#1709);
#260=PLANE('',#1714);
#261=PLANE('',#1717);
#262=PLANE('',#1720);
#263=PLANE('',#1723);
#264=PLANE('',#1726);
#265=PLANE('',#1764);
#266=PLANE('',#1766);
#267=PLANE('',#1768);
#268=PLANE('',#1770);
#269=PLANE('',#1772);
#270=PLANE('',#1774);
#271=PLANE('',#1776);
#272=PLANE('',#1778);
#273=PLANE('',#1780);
#274=PLANE('',#1782);
#275=PLANE('',#1784);
#276=PLANE('',#1786);
#277=PLANE('',#1788);
#278=PLANE('',#1790);
#279=PLANE('',#1792);
#280=PLANE('',#1794);
#281=PLANE('',#1796);
#282=PLANE('',#1798);
#283=PLANE('',#1800);
#284=PLANE('',#1802);
#285=PLANE('',#1804);
#286=PLANE('',#1806);
#287=PLANE('',#1808);
#288=PLANE('',#1810);
#289=PLANE('',#1812);
#290=PLANE('',#1814);
#291=PLANE('',#1816);
#292=PLANE('',#1818);
#293=PLANE('',#1827);
#294=PLANE('',#1831);
#295=PLANE('',#1832);
#296=PLANE('',#1840);
#297=PLANE('',#1842);
#298=FACE_OUTER_BOUND('',#389,.T.);
#299=FACE_OUTER_BOUND('',#390,.T.);
#300=FACE_OUTER_BOUND('',#391,.T.);
#301=FACE_OUTER_BOUND('',#393,.T.);
#302=FACE_OUTER_BOUND('',#394,.T.);
#303=FACE_OUTER_BOUND('',#396,.T.);
#304=FACE_OUTER_BOUND('',#397,.T.);
#305=FACE_OUTER_BOUND('',#398,.T.);
#306=FACE_OUTER_BOUND('',#399,.T.);
#307=FACE_OUTER_BOUND('',#400,.T.);
#308=FACE_OUTER_BOUND('',#401,.T.);
#309=FACE_OUTER_BOUND('',#402,.T.);
#310=FACE_OUTER_BOUND('',#403,.T.);
#311=FACE_OUTER_BOUND('',#404,.T.);
#312=FACE_OUTER_BOUND('',#405,.T.);
#313=FACE_OUTER_BOUND('',#406,.T.);
#314=FACE_OUTER_BOUND('',#407,.T.);
#315=FACE_OUTER_BOUND('',#408,.T.);
#316=FACE_OUTER_BOUND('',#409,.T.);
#317=FACE_OUTER_BOUND('',#410,.T.);
#318=FACE_OUTER_BOUND('',#411,.T.);
#319=FACE_OUTER_BOUND('',#412,.T.);
#320=FACE_OUTER_BOUND('',#413,.T.);
#321=FACE_OUTER_BOUND('',#414,.T.);
#322=FACE_OUTER_BOUND('',#415,.T.);
#323=FACE_OUTER_BOUND('',#416,.T.);
#324=FACE_OUTER_BOUND('',#417,.T.);
#325=FACE_OUTER_BOUND('',#418,.T.);
#326=FACE_OUTER_BOUND('',#419,.T.);
#327=FACE_OUTER_BOUND('',#420,.T.);
#328=FACE_OUTER_BOUND('',#421,.T.);
#329=FACE_OUTER_BOUND('',#422,.T.);
#330=FACE_OUTER_BOUND('',#423,.T.);
#331=FACE_OUTER_BOUND('',#424,.T.);
#332=FACE_OUTER_BOUND('',#425,.T.);
#333=FACE_OUTER_BOUND('',#426,.T.);
#334=FACE_OUTER_BOUND('',#427,.T.);
#335=FACE_OUTER_BOUND('',#428,.T.);
#336=FACE_OUTER_BOUND('',#429,.T.);
#337=FACE_OUTER_BOUND('',#430,.T.);
#338=FACE_OUTER_BOUND('',#431,.T.);
#339=FACE_OUTER_BOUND('',#432,.T.);
#340=FACE_OUTER_BOUND('',#433,.T.);
#341=FACE_OUTER_BOUND('',#434,.T.);
#342=FACE_OUTER_BOUND('',#435,.T.);
#343=FACE_OUTER_BOUND('',#436,.T.);
#344=FACE_OUTER_BOUND('',#437,.T.);
#345=FACE_OUTER_BOUND('',#438,.T.);
#346=FACE_OUTER_BOUND('',#440,.T.);
#347=FACE_OUTER_BOUND('',#441,.T.);
#348=FACE_OUTER_BOUND('',#442,.T.);
#349=FACE_OUTER_BOUND('',#443,.T.);
#350=FACE_OUTER_BOUND('',#444,.T.);
#351=FACE_OUTER_BOUND('',#445,.T.);
#352=FACE_OUTER_BOUND('',#446,.T.);
#353=FACE_OUTER_BOUND('',#447,.T.);
#354=FACE_OUTER_BOUND('',#448,.T.);
#355=FACE_OUTER_BOUND('',#449,.T.);
#356=FACE_OUTER_BOUND('',#450,.T.);
#357=FACE_OUTER_BOUND('',#451,.T.);
#358=FACE_OUTER_BOUND('',#452,.T.);
#359=FACE_OUTER_BOUND('',#453,.T.);
#360=FACE_OUTER_BOUND('',#454,.T.);
#361=FACE_OUTER_BOUND('',#455,.T.);
#362=FACE_OUTER_BOUND('',#456,.T.);
#363=FACE_OUTER_BOUND('',#457,.T.);
#364=FACE_OUTER_BOUND('',#458,.T.);
#365=FACE_OUTER_BOUND('',#459,.T.);
#366=FACE_OUTER_BOUND('',#460,.T.);
#367=FACE_OUTER_BOUND('',#461,.T.);
#368=FACE_OUTER_BOUND('',#462,.T.);
#369=FACE_OUTER_BOUND('',#463,.T.);
#370=FACE_OUTER_BOUND('',#464,.T.);
#371=FACE_OUTER_BOUND('',#465,.T.);
#372=FACE_OUTER_BOUND('',#466,.T.);
#373=FACE_OUTER_BOUND('',#467,.T.);
#374=FACE_OUTER_BOUND('',#468,.T.);
#375=FACE_OUTER_BOUND('',#469,.T.);
#376=FACE_OUTER_BOUND('',#470,.T.);
#377=FACE_OUTER_BOUND('',#471,.T.);
#378=FACE_OUTER_BOUND('',#473,.T.);
#379=FACE_OUTER_BOUND('',#474,.T.);
#380=FACE_OUTER_BOUND('',#476,.T.);
#381=FACE_OUTER_BOUND('',#479,.T.);
#382=FACE_OUTER_BOUND('',#480,.T.);
#383=FACE_OUTER_BOUND('',#481,.T.);
#384=FACE_OUTER_BOUND('',#482,.T.);
#385=FACE_OUTER_BOUND('',#483,.T.);
#386=FACE_OUTER_BOUND('',#484,.T.);
#387=FACE_OUTER_BOUND('',#485,.T.);
#388=FACE_OUTER_BOUND('',#486,.T.);
#389=EDGE_LOOP('',(#1025,#1026,#1027,#1028));
#390=EDGE_LOOP('',(#1029,#1030,#1031,#1032,#1033,#1034,#1035,#1036,#1037,
#1038));
#391=EDGE_LOOP('',(#1039,#1040,#1041,#1042));
#392=EDGE_LOOP('',(#1043));
#393=EDGE_LOOP('',(#1044,#1045));
#394=EDGE_LOOP('',(#1046,#1047,#1048,#1049,#1050,#1051));
#395=EDGE_LOOP('',(#1052));
#396=EDGE_LOOP('',(#1053,#1054,#1055,#1056,#1057,#1058));
#397=EDGE_LOOP('',(#1059,#1060,#1061,#1062));
#398=EDGE_LOOP('',(#1063,#1064,#1065,#1066,#1067,#1068,#1069,#1070,#1071,
#1072));
#399=EDGE_LOOP('',(#1073,#1074,#1075,#1076,#1077));
#400=EDGE_LOOP('',(#1078,#1079,#1080,#1081));
#401=EDGE_LOOP('',(#1082,#1083,#1084));
#402=EDGE_LOOP('',(#1085,#1086,#1087,#1088,#1089));
#403=EDGE_LOOP('',(#1090,#1091,#1092));
#404=EDGE_LOOP('',(#1093,#1094,#1095,#1096));
#405=EDGE_LOOP('',(#1097,#1098,#1099,#1100,#1101));
#406=EDGE_LOOP('',(#1102,#1103,#1104,#1105));
#407=EDGE_LOOP('',(#1106,#1107,#1108));
#408=EDGE_LOOP('',(#1109,#1110,#1111,#1112,#1113));
#409=EDGE_LOOP('',(#1114,#1115,#1116));
#410=EDGE_LOOP('',(#1117,#1118,#1119,#1120));
#411=EDGE_LOOP('',(#1121,#1122,#1123,#1124,#1125));
#412=EDGE_LOOP('',(#1126,#1127,#1128,#1129));
#413=EDGE_LOOP('',(#1130,#1131,#1132));
#414=EDGE_LOOP('',(#1133,#1134,#1135,#1136,#1137));
#415=EDGE_LOOP('',(#1138,#1139,#1140));
#416=EDGE_LOOP('',(#1141,#1142,#1143,#1144));
#417=EDGE_LOOP('',(#1145,#1146,#1147));
#418=EDGE_LOOP('',(#1148,#1149,#1150,#1151,#1152,#1153,#1154,#1155,#1156,
#1157,#1158,#1159,#1160,#1161,#1162,#1163));
#419=EDGE_LOOP('',(#1164,#1165,#1166));
#420=EDGE_LOOP('',(#1167,#1168,#1169));
#421=EDGE_LOOP('',(#1170,#1171,#1172,#1173));
#422=EDGE_LOOP('',(#1174,#1175,#1176,#1177));
#423=EDGE_LOOP('',(#1178,#1179,#1180,#1181));
#424=EDGE_LOOP('',(#1182,#1183,#1184,#1185));
#425=EDGE_LOOP('',(#1186,#1187,#1188,#1189));
#426=EDGE_LOOP('',(#1190,#1191,#1192,#1193));
#427=EDGE_LOOP('',(#1194,#1195,#1196,#1197));
#428=EDGE_LOOP('',(#1198,#1199,#1200));
#429=EDGE_LOOP('',(#1201,#1202,#1203,#1204));
#430=EDGE_LOOP('',(#1205,#1206,#1207));
#431=EDGE_LOOP('',(#1208,#1209,#1210,#1211));
#432=EDGE_LOOP('',(#1212,#1213,#1214));
#433=EDGE_LOOP('',(#1215,#1216,#1217,#1218,#1219,#1220,#1221,#1222,#1223,
#1224,#1225,#1226,#1227,#1228,#1229,#1230,#1231,#1232,#1233,#1234,#1235,
#1236,#1237,#1238,#1239,#1240,#1241,#1242));
#434=EDGE_LOOP('',(#1243,#1244,#1245,#1246));
#435=EDGE_LOOP('',(#1247,#1248,#1249,#1250));
#436=EDGE_LOOP('',(#1251,#1252,#1253,#1254));
#437=EDGE_LOOP('',(#1255,#1256,#1257,#1258));
#438=EDGE_LOOP('',(#1259,#1260,#1261,#1262,#1263,#1264,#1265,#1266));
#439=EDGE_LOOP('',(#1267));
#440=EDGE_LOOP('',(#1268,#1269,#1270,#1271,#1272,#1273,#1274,#1275,#1276,
#1277,#1278,#1279,#1280,#1281,#1282,#1283,#1284,#1285,#1286,#1287,#1288,
#1289,#1290,#1291,#1292,#1293,#1294,#1295,#1296,#1297,#1298,#1299,#1300,
#1301,#1302,#1303,#1304,#1305,#1306,#1307));
#441=EDGE_LOOP('',(#1308,#1309,#1310,#1311));
#442=EDGE_LOOP('',(#1312,#1313,#1314,#1315));
#443=EDGE_LOOP('',(#1316,#1317,#1318,#1319));
#444=EDGE_LOOP('',(#1320,#1321,#1322,#1323));
#445=EDGE_LOOP('',(#1324,#1325,#1326,#1327));
#446=EDGE_LOOP('',(#1328,#1329,#1330,#1331));
#447=EDGE_LOOP('',(#1332,#1333,#1334,#1335));
#448=EDGE_LOOP('',(#1336,#1337,#1338,#1339));
#449=EDGE_LOOP('',(#1340,#1341,#1342,#1343));
#450=EDGE_LOOP('',(#1344,#1345,#1346,#1347));
#451=EDGE_LOOP('',(#1348,#1349,#1350,#1351));
#452=EDGE_LOOP('',(#1352,#1353,#1354,#1355));
#453=EDGE_LOOP('',(#1356,#1357,#1358,#1359));
#454=EDGE_LOOP('',(#1360,#1361,#1362,#1363));
#455=EDGE_LOOP('',(#1364,#1365,#1366,#1367));
#456=EDGE_LOOP('',(#1368,#1369,#1370,#1371));
#457=EDGE_LOOP('',(#1372,#1373,#1374,#1375));
#458=EDGE_LOOP('',(#1376,#1377,#1378,#1379));
#459=EDGE_LOOP('',(#1380,#1381,#1382,#1383));
#460=EDGE_LOOP('',(#1384,#1385,#1386,#1387));
#461=EDGE_LOOP('',(#1388,#1389,#1390,#1391));
#462=EDGE_LOOP('',(#1392,#1393,#1394,#1395));
#463=EDGE_LOOP('',(#1396,#1397,#1398,#1399));
#464=EDGE_LOOP('',(#1400,#1401,#1402,#1403));
#465=EDGE_LOOP('',(#1404,#1405,#1406,#1407));
#466=EDGE_LOOP('',(#1408,#1409,#1410,#1411));
#467=EDGE_LOOP('',(#1412,#1413,#1414,#1415));
#468=EDGE_LOOP('',(#1416,#1417,#1418,#1419,#1420));
#469=EDGE_LOOP('',(#1421,#1422,#1423,#1424,#1425));
#470=EDGE_LOOP('',(#1426,#1427,#1428,#1429,#1430));
#471=EDGE_LOOP('',(#1431));
#472=EDGE_LOOP('',(#1432));
#473=EDGE_LOOP('',(#1433,#1434,#1435,#1436));
#474=EDGE_LOOP('',(#1437));
#475=EDGE_LOOP('',(#1438));
#476=EDGE_LOOP('',(#1439,#1440,#1441,#1442,#1443,#1444,#1445,#1446));
#477=EDGE_LOOP('',(#1447));
#478=EDGE_LOOP('',(#1448));
#479=EDGE_LOOP('',(#1449,#1450,#1451,#1452,#1453,#1454,#1455,#1456,#1457,
#1458,#1459,#1460,#1461,#1462,#1463,#1464,#1465,#1466,#1467,#1468));
#480=EDGE_LOOP('',(#1469,#1470,#1471,#1472));
#481=EDGE_LOOP('',(#1473,#1474,#1475,#1476,#1477,#1478,#1479,#1480,#1481,
#1482,#1483,#1484,#1485,#1486,#1487,#1488,#1489,#1490,#1491,#1492));
#482=EDGE_LOOP('',(#1493,#1494,#1495,#1496));
#483=EDGE_LOOP('',(#1497,#1498,#1499,#1500));
#484=EDGE_LOOP('',(#1501,#1502,#1503,#1504));
#485=EDGE_LOOP('',(#1505,#1506,#1507,#1508));
#486=EDGE_LOOP('',(#1509,#1510,#1511,#1512));
#487=CIRCLE('',#1622,13.7982844589587);
#488=CIRCLE('',#1623,14.2918228951997);
#489=CIRCLE('',#1625,13.8018699999969);
#490=CIRCLE('',#1627,2.25);
#491=CIRCLE('',#1628,1.05);
#492=CIRCLE('',#1630,2.00003806764507);
#493=CIRCLE('',#1632,16.4482443856021);
#494=CIRCLE('',#1633,2.27181185649869);
#495=CIRCLE('',#1634,16.4482443856021);
#496=CIRCLE('',#1635,1.05);
#497=CIRCLE('',#1637,14.3435458954946);
#498=CIRCLE('',#1639,14.2998171469544);
#499=CIRCLE('',#1641,13.8018699999969);
#500=CIRCLE('',#1643,0.200000000000002);
#501=CIRCLE('',#1645,0.2);
#502=CIRCLE('',#1646,0.2);
#503=CIRCLE('',#1648,0.199999999999998);
#504=CIRCLE('',#1650,0.2);
#505=CIRCLE('',#1652,0.199999999999998);
#506=CIRCLE('',#1654,10.7790889843351);
#507=CIRCLE('',#1656,0.2);
#508=CIRCLE('',#1658,0.2);
#509=CIRCLE('',#1659,0.199999999999996);
#510=CIRCLE('',#1661,0.200000000000001);
#511=CIRCLE('',#1663,0.2);
#512=CIRCLE('',#1665,0.2);
#513=CIRCLE('',#1667,10.7790889843351);
#514=CIRCLE('',#1669,0.200000000000003);
#515=CIRCLE('',#1671,0.2);
#516=CIRCLE('',#1672,0.199999999999998);
#517=CIRCLE('',#1674,0.2);
#518=CIRCLE('',#1676,0.2);
#519=CIRCLE('',#1678,0.2);
#520=CIRCLE('',#1680,10.7790889843351);
#521=CIRCLE('',#1682,14.5914466310461);
#522=CIRCLE('',#1684,10.7833208922255);
#523=CIRCLE('',#1685,10.7668510094545);
#524=CIRCLE('',#1686,10.7833208922255);
#525=CIRCLE('',#1687,10.7833208922255);
#526=CIRCLE('',#1688,10.7833208922255);
#527=CIRCLE('',#1690,14.591446631046);
#528=CIRCLE('',#1692,14.591446631046);
#529=CIRCLE('',#1700,9.13422958230688);
#530=CIRCLE('',#1702,14.5914466310461);
#531=CIRCLE('',#1704,9.13422958230691);
#532=CIRCLE('',#1706,14.5914466310461);
#533=CIRCLE('',#1708,9.13422958230693);
#534=CIRCLE('',#1710,14.5914466310461);
#535=CIRCLE('',#1712,15.2289360318643);
#536=CIRCLE('',#1713,13.3542121301656);
#537=CIRCLE('',#1716,13.9561909887477);
#538=CIRCLE('',#1719,13.9561909887477);
#539=CIRCLE('',#1721,13.8880912935757);
#540=CIRCLE('',#1722,12.2022683972203);
#541=CIRCLE('',#1724,13.875);
#542=CIRCLE('',#1725,12.5921869739851);
#543=CIRCLE('',#1727,12.5921869739851);
#544=CIRCLE('',#1728,13.875);
#545=CIRCLE('',#1729,2.25);
#546=CIRCLE('',#1730,13.875);
#547=CIRCLE('',#1731,1.05);
#548=CIRCLE('',#1733,12.5921869739851);
#549=CIRCLE('',#1734,13.9561909887477);
#550=CIRCLE('',#1735,12.2022683972203);
#551=CIRCLE('',#1736,13.9561909887477);
#552=CIRCLE('',#1737,12.5921869739851);
#553=CIRCLE('',#1738,13.9561909887477);
#554=CIRCLE('',#1739,12.2022683972203);
#555=CIRCLE('',#1740,13.9561909887477);
#556=CIRCLE('',#1741,12.5921869739851);
#557=CIRCLE('',#1742,13.9561909887477);
#558=CIRCLE('',#1743,12.2022683972203);
#559=CIRCLE('',#1744,13.9561909887477);
#560=CIRCLE('',#1745,12.5921869739851);
#561=CIRCLE('',#1746,13.9561909887477);
#562=CIRCLE('',#1747,12.2022683972203);
#563=CIRCLE('',#1748,13.9561909887477);
#564=CIRCLE('',#1749,13.9561909887477);
#565=CIRCLE('',#1750,12.2022683972203);
#566=CIRCLE('',#1751,13.9561909887477);
#567=CIRCLE('',#1752,12.5921869739851);
#568=CIRCLE('',#1753,13.9789360318643);
#569=CIRCLE('',#1754,9.27603419020227);
#570=CIRCLE('',#1755,12.5921869739851);
#571=CIRCLE('',#1756,13.9561909887477);
#572=CIRCLE('',#1757,12.2022683972203);
#573=CIRCLE('',#1758,13.9561909887477);
#574=CIRCLE('',#1759,12.5921869739851);
#575=CIRCLE('',#1760,13.9561909887477);
#576=CIRCLE('',#1761,12.2022683972203);
#577=CIRCLE('',#1762,13.9561909887477);
#578=CIRCLE('',#1763,12.5921869739851);
#579=CIRCLE('',#1769,13.8880912935757);
#580=CIRCLE('',#1775,13.8880912935757);
#581=CIRCLE('',#1777,13.875);
#582=CIRCLE('',#1779,13.875);
#583=CIRCLE('',#1785,13.8880912935757);
#584=CIRCLE('',#1791,13.8880912935757);
#585=CIRCLE('',#1793,13.875);
#586=CIRCLE('',#1795,13.875);
#587=CIRCLE('',#1801,13.8880912935757);
#588=CIRCLE('',#1803,13.875);
#589=CIRCLE('',#1805,13.875);
#590=CIRCLE('',#1811,13.8880912935757);
#591=CIRCLE('',#1817,13.8880912935757);
#592=CIRCLE('',#1819,13.875);
#593=CIRCLE('',#1821,9.88366349398948);
#594=CIRCLE('',#1822,0.5);
#595=CIRCLE('',#1823,9.40070058084495);
#596=CIRCLE('',#1824,9.40070058084495);
#597=CIRCLE('',#1826,9.1650635094611);
#598=CIRCLE('',#1828,10.2671555959449);
#599=CIRCLE('',#1830,0.5);
#600=CIRCLE('',#1833,13.8968188260398);
#601=CIRCLE('',#1834,2.27181882603982);
#602=CIRCLE('',#1835,13.8968188260398);
#603=CIRCLE('',#1836,1.05);
#604=B_SPLINE_CURVE_WITH_KNOTS('',3,(#2381,#2382,#2383,#2384,#2385,#2386,
#2387,#2388,#2389,#2390),.UNSPECIFIED.,.F.,.F.,(4,2,2,2,4),(0.0744457594383155,
0.0932724483732196,0.112013981387842,0.130608613862839,0.141413346313224),
 .UNSPECIFIED.);
#605=B_SPLINE_CURVE_WITH_KNOTS('',3,(#2394,#2395,#2396,#2397,#2398,#2399,
#2400,#2401,#2402,#2403),.UNSPECIFIED.,.F.,.F.,(4,2,2,2,4),(0.156691791463632,
0.167496523914017,0.186091156389014,0.204832689403636,0.22365937833854),
 .UNSPECIFIED.);
#606=B_SPLINE_CURVE_WITH_KNOTS('',3,(#2438,#2439,#2440,#2441,#2442,#2443,
#2444,#2445,#2446,#2447,#2448,#2449,#2450,#2451,#2452,#2453,#2454,#2455,
#2456,#2457,#2458,#2459,#2460,#2461,#2462,#2463,#2464),.UNSPECIFIED.,.F.,
 .F.,(4,3,2,2,2,2,2,2,2,2,2,2,4),(1.63718502308253,1.67271854125855,1.79905299437876,
1.92538744749898,1.99425404346176,2.02868734144316,2.06312063942455,2.09755393740594,
2.13198723538734,2.20085383135012,2.32718828447034,2.45352273759055,2.48905625576657),
 .UNSPECIFIED.);
#607=B_SPLINE_CURVE_WITH_KNOTS('',3,(#2501,#2502,#2503,#2504,#2505,#2506),
 .UNSPECIFIED.,.F.,.F.,(4,2,4),(0.132269237038442,0.132294673280965,0.140536974338059),
 .UNSPECIFIED.);
#608=B_SPLINE_CURVE_WITH_KNOTS('',3,(#2513,#2514,#2515,#2516,#2517,#2518,
#2519,#2520),.UNSPECIFIED.,.F.,.F.,(4,2,2,4),(0.0693758054979806,0.0767871633191234,
0.0847002005040963,0.0923935444976655),.UNSPECIFIED.);
#609=B_SPLINE_CURVE_WITH_KNOTS('',3,(#2534,#2535,#2536,#2537,#2538,#2539,
#2540,#2541),.UNSPECIFIED.,.F.,.F.,(4,2,2,4),(0.0311310262314322,0.0388243702250015,
0.0467374074099743,0.0541487652311173),.UNSPECIFIED.);
#610=B_SPLINE_CURVE_WITH_KNOTS('',3,(#2547,#2548,#2549,#2550,#2551,#2552),
 .UNSPECIFIED.,.F.,.F.,(4,2,4),(0.00978995908931434,0.0180322601464072,
0.0180576963889841),.UNSPECIFIED.);
#611=B_SPLINE_CURVE_WITH_KNOTS('',3,(#2560,#2561,#2562,#2563,#2564,#2565),
 .UNSPECIFIED.,.F.,.F.,(4,2,4),(0.13226923703844,0.132294673280966,0.140536974338053),
 .UNSPECIFIED.);
#612=B_SPLINE_CURVE_WITH_KNOTS('',3,(#2572,#2573,#2574,#2575,#2576,#2577,
#2578,#2579),.UNSPECIFIED.,.F.,.F.,(4,2,2,4),(0.0693758054979779,0.0767871633191227,
0.084700200504096,0.0923935444976647),.UNSPECIFIED.);
#613=B_SPLINE_CURVE_WITH_KNOTS('',3,(#2593,#2594,#2595,#2596,#2597,#2598,
#2599,#2600),.UNSPECIFIED.,.F.,.F.,(4,2,2,4),(0.0311310262314322,0.0388243702250009,
0.0467374074099739,0.0541487652311207),.UNSPECIFIED.);
#614=B_SPLINE_CURVE_WITH_KNOTS('',3,(#2606,#2607,#2608,#2609,#2610,#2611),
 .UNSPECIFIED.,.F.,.F.,(4,2,4),(0.00978995908931864,0.0180322601464071,
0.0180576963889841),.UNSPECIFIED.);
#615=B_SPLINE_CURVE_WITH_KNOTS('',3,(#2619,#2620,#2621,#2622,#2623,#2624),
 .UNSPECIFIED.,.F.,.F.,(4,2,4),(0.13178620681872,0.131811643061245,0.140053944118342),
 .UNSPECIFIED.);
#616=B_SPLINE_CURVE_WITH_KNOTS('',3,(#2631,#2632,#2633,#2634,#2635,#2636,
#2637,#2638),.UNSPECIFIED.,.F.,.F.,(4,2,2,4),(0.0693758054979852,0.0767871633191232,
0.0847002005040962,0.092393544497665),.UNSPECIFIED.);
#617=B_SPLINE_CURVE_WITH_KNOTS('',3,(#2652,#2653,#2654,#2655,#2656,#2657,
#2658,#2659),.UNSPECIFIED.,.F.,.F.,(4,2,2,4),(0.0311310262314324,0.0388243702250014,
0.0467374074099746,0.0541487706465816),.UNSPECIFIED.);
#618=B_SPLINE_CURVE_WITH_KNOTS('',3,(#2665,#2666,#2667,#2668),
 .UNSPECIFIED.,.F.,.F.,(4,4),(0.00983452597289042,0.0180557722574637),
 .UNSPECIFIED.);
#619=B_SPLINE_CURVE_WITH_KNOTS('',3,(#2697,#2698,#2699,#2700,#2701,#2702,
#2703,#2704,#2705,#2706,#2707,#2708,#2709),.UNSPECIFIED.,.F.,.F.,(4,2,3,
2,2,4),(-0.017536907323615,-0.0103005500291179,0.,0.00823002604056251,0.0116438937292435,
0.0132049033819861),.UNSPECIFIED.);
#620=B_SPLINE_CURVE_WITH_KNOTS('',3,(#2714,#2715,#2716,#2717,#2718,#2719,
#2720,#2721,#2722,#2723,#2724,#2725,#2726),.UNSPECIFIED.,.F.,.F.,(4,2,2,
3,2,4),(-0.0132049033819857,-0.0116438937292429,-0.00823002604056153,0.,
0.0103005500291178,0.0175369073236152),.UNSPECIFIED.);
#621=B_SPLINE_CURVE_WITH_KNOTS('',3,(#2731,#2732,#2733,#2734,#2735,#2736,
#2737,#2738,#2739,#2740,#2741,#2742,#2743),.UNSPECIFIED.,.F.,.F.,(4,2,3,
2,2,4),(-0.017536907323616,-0.0103005500291179,0.,0.00823002604056189,0.0116438937292431,
0.0132049033819852),.UNSPECIFIED.);
#622=B_SPLINE_CURVE_WITH_KNOTS('',3,(#2748,#2749,#2750,#2751,#2752,#2753,
#2754,#2755,#2756,#2757,#2758,#2759,#2760),.UNSPECIFIED.,.F.,.F.,(4,2,2,
3,2,4),(-0.0132049033819849,-0.0116438937292428,-0.00823002604056144,0.,
0.010300550029118,0.0175369073236154),.UNSPECIFIED.);
#623=B_SPLINE_CURVE_WITH_KNOTS('',3,(#2765,#2766,#2767,#2768,#2769,#2770,
#2771,#2772,#2773,#2774,#2775,#2776,#2777),.UNSPECIFIED.,.F.,.F.,(4,2,3,
2,2,4),(-0.0175369073236156,-0.0103005500291179,0.,0.00823002604056093,
0.0116438937292423,0.0132049033819848),.UNSPECIFIED.);
#624=B_SPLINE_CURVE_WITH_KNOTS('',3,(#2782,#2783,#2784,#2785,#2786,#2787,
#2788,#2789,#2790,#2791,#2792,#2793,#2794),.UNSPECIFIED.,.F.,.F.,(4,2,2,
3,2,4),(-0.0132049033819852,-0.0116438937292432,-0.00823002604056189,0.,
0.0108556648546786,0.0175585889542382),.UNSPECIFIED.);
#625=VERTEX_POINT('',#2379);
#626=VERTEX_POINT('',#2380);
#627=VERTEX_POINT('',#2391);
#628=VERTEX_POINT('',#2393);
#629=VERTEX_POINT('',#2406);
#630=VERTEX_POINT('',#2408);
#631=VERTEX_POINT('',#2410);
#632=VERTEX_POINT('',#2412);
#633=VERTEX_POINT('',#2416);
#634=VERTEX_POINT('',#2420);
#635=VERTEX_POINT('',#2422);
#636=VERTEX_POINT('',#2426);
#637=VERTEX_POINT('',#2430);
#638=VERTEX_POINT('',#2433);
#639=VERTEX_POINT('',#2436);
#640=VERTEX_POINT('',#2437);
#641=VERTEX_POINT('',#2468);
#642=VERTEX_POINT('',#2470);
#643=VERTEX_POINT('',#2473);
#644=VERTEX_POINT('',#2476);
#645=VERTEX_POINT('',#2482);
#646=VERTEX_POINT('',#2488);
#647=VERTEX_POINT('',#2490);
#648=VERTEX_POINT('',#2492);
#649=VERTEX_POINT('',#2499);
#650=VERTEX_POINT('',#2500);
#651=VERTEX_POINT('',#2507);
#652=VERTEX_POINT('',#2509);
#653=VERTEX_POINT('',#2511);
#654=VERTEX_POINT('',#2522);
#655=VERTEX_POINT('',#2524);
#656=VERTEX_POINT('',#2526);
#657=VERTEX_POINT('',#2532);
#658=VERTEX_POINT('',#2533);
#659=VERTEX_POINT('',#2543);
#660=VERTEX_POINT('',#2545);
#661=VERTEX_POINT('',#2558);
#662=VERTEX_POINT('',#2559);
#663=VERTEX_POINT('',#2566);
#664=VERTEX_POINT('',#2568);
#665=VERTEX_POINT('',#2570);
#666=VERTEX_POINT('',#2581);
#667=VERTEX_POINT('',#2583);
#668=VERTEX_POINT('',#2585);
#669=VERTEX_POINT('',#2591);
#670=VERTEX_POINT('',#2592);
#671=VERTEX_POINT('',#2602);
#672=VERTEX_POINT('',#2604);
#673=VERTEX_POINT('',#2617);
#674=VERTEX_POINT('',#2618);
#675=VERTEX_POINT('',#2625);
#676=VERTEX_POINT('',#2627);
#677=VERTEX_POINT('',#2629);
#678=VERTEX_POINT('',#2640);
#679=VERTEX_POINT('',#2642);
#680=VERTEX_POINT('',#2644);
#681=VERTEX_POINT('',#2650);
#682=VERTEX_POINT('',#2651);
#683=VERTEX_POINT('',#2661);
#684=VERTEX_POINT('',#2663);
#685=VERTEX_POINT('',#2674);
#686=VERTEX_POINT('',#2678);
#687=VERTEX_POINT('',#2680);
#688=VERTEX_POINT('',#2687);
#689=VERTEX_POINT('',#2691);
#690=VERTEX_POINT('',#2695);
#691=VERTEX_POINT('',#2711);
#692=VERTEX_POINT('',#2713);
#693=VERTEX_POINT('',#2729);
#694=VERTEX_POINT('',#2745);
#695=VERTEX_POINT('',#2747);
#696=VERTEX_POINT('',#2763);
#697=VERTEX_POINT('',#2779);
#698=VERTEX_POINT('',#2781);
#699=VERTEX_POINT('',#2809);
#700=VERTEX_POINT('',#2813);
#701=VERTEX_POINT('',#2814);
#702=VERTEX_POINT('',#2816);
#703=VERTEX_POINT('',#2818);
#704=VERTEX_POINT('',#2822);
#705=VERTEX_POINT('',#2823);
#706=VERTEX_POINT('',#2825);
#707=VERTEX_POINT('',#2827);
#708=VERTEX_POINT('',#2834);
#709=VERTEX_POINT('',#2836);
#710=VERTEX_POINT('',#2840);
#711=VERTEX_POINT('',#2842);
#712=VERTEX_POINT('',#2844);
#713=VERTEX_POINT('',#2846);
#714=VERTEX_POINT('',#2848);
#715=VERTEX_POINT('',#2850);
#716=VERTEX_POINT('',#2853);
#717=VERTEX_POINT('',#2856);
#718=VERTEX_POINT('',#2858);
#719=VERTEX_POINT('',#2860);
#720=VERTEX_POINT('',#2862);
#721=VERTEX_POINT('',#2864);
#722=VERTEX_POINT('',#2866);
#723=VERTEX_POINT('',#2868);
#724=VERTEX_POINT('',#2870);
#725=VERTEX_POINT('',#2872);
#726=VERTEX_POINT('',#2874);
#727=VERTEX_POINT('',#2876);
#728=VERTEX_POINT('',#2878);
#729=VERTEX_POINT('',#2880);
#730=VERTEX_POINT('',#2882);
#731=VERTEX_POINT('',#2884);
#732=VERTEX_POINT('',#2887);
#733=VERTEX_POINT('',#2889);
#734=VERTEX_POINT('',#2891);
#735=VERTEX_POINT('',#2893);
#736=VERTEX_POINT('',#2895);
#737=VERTEX_POINT('',#2898);
#738=VERTEX_POINT('',#2900);
#739=VERTEX_POINT('',#2902);
#740=VERTEX_POINT('',#2904);
#741=VERTEX_POINT('',#2906);
#742=VERTEX_POINT('',#2908);
#743=VERTEX_POINT('',#2910);
#744=VERTEX_POINT('',#2912);
#745=VERTEX_POINT('',#2916);
#746=VERTEX_POINT('',#2917);
#747=VERTEX_POINT('',#2922);
#748=VERTEX_POINT('',#2928);
#749=VERTEX_POINT('',#2929);
#750=VERTEX_POINT('',#2934);
#751=VERTEX_POINT('',#2935);
#752=VERTEX_POINT('',#2944);
#753=VERTEX_POINT('',#2948);
#754=VERTEX_POINT('',#2949);
#755=VERTEX_POINT('',#2954);
#756=VERTEX_POINT('',#2960);
#757=VERTEX_POINT('',#2961);
#758=VERTEX_POINT('',#2966);
#759=VERTEX_POINT('',#2967);
#760=VERTEX_POINT('',#2978);
#761=VERTEX_POINT('',#2979);
#762=VERTEX_POINT('',#2984);
#763=VERTEX_POINT('',#2985);
#764=VERTEX_POINT('',#2994);
#765=VERTEX_POINT('',#2998);
#766=VERTEX_POINT('',#2999);
#767=VERTEX_POINT('',#3004);
#768=VERTEX_POINT('',#3010);
#769=VERTEX_POINT('',#3014);
#770=VERTEX_POINT('',#3015);
#771=VERTEX_POINT('',#3024);
#772=VERTEX_POINT('',#3026);
#773=VERTEX_POINT('',#3028);
#774=VERTEX_POINT('',#3032);
#775=VERTEX_POINT('',#3036);
#776=VERTEX_POINT('',#3042);
#777=VERTEX_POINT('',#3044);
#778=VERTEX_POINT('',#3046);
#779=VERTEX_POINT('',#3048);
#780=VERTEX_POINT('',#3051);
#781=EDGE_CURVE('',#625,#626,#604,.T.);
#782=EDGE_CURVE('',#626,#627,#487,.T.);
#783=EDGE_CURVE('',#627,#628,#605,.T.);
#784=EDGE_CURVE('',#628,#625,#488,.T.);
#785=EDGE_CURVE('',#629,#625,#80,.T.);
#786=EDGE_CURVE('',#630,#629,#81,.T.);
#787=EDGE_CURVE('',#630,#631,#82,.T.);
#788=EDGE_CURVE('',#632,#631,#72,.T.);
#789=EDGE_CURVE('',#632,#633,#73,.F.);
#790=EDGE_CURVE('',#634,#633,#83,.T.);
#791=EDGE_CURVE('',#634,#635,#74,.T.);
#792=EDGE_CURVE('',#635,#636,#84,.T.);
#793=EDGE_CURVE('',#636,#626,#489,.F.);
#794=EDGE_CURVE('',#628,#637,#85,.T.);
#795=EDGE_CURVE('',#637,#629,#490,.T.);
#796=EDGE_CURVE('',#638,#638,#491,.T.);
#797=EDGE_CURVE('',#639,#640,#606,.T.);
#798=EDGE_CURVE('',#640,#639,#492,.F.);
#799=EDGE_CURVE('',#631,#639,#493,.T.);
#800=EDGE_CURVE('',#630,#641,#494,.F.);
#801=EDGE_CURVE('',#641,#642,#86,.F.);
#802=EDGE_CURVE('',#640,#642,#495,.T.);
#803=EDGE_CURVE('',#643,#643,#496,.F.);
#804=EDGE_CURVE('',#642,#644,#75,.T.);
#805=EDGE_CURVE('',#644,#632,#497,.T.);
#806=EDGE_CURVE('',#644,#645,#76,.F.);
#807=EDGE_CURVE('',#633,#645,#498,.T.);
#808=EDGE_CURVE('',#627,#646,#499,.F.);
#809=EDGE_CURVE('',#646,#647,#87,.T.);
#810=EDGE_CURVE('',#647,#648,#77,.T.);
#811=EDGE_CURVE('',#648,#645,#88,.T.);
#812=EDGE_CURVE('',#641,#637,#89,.T.);
#813=EDGE_CURVE('',#649,#650,#607,.T.);
#814=EDGE_CURVE('',#649,#651,#90,.T.);
#815=EDGE_CURVE('',#651,#652,#500,.T.);
#816=EDGE_CURVE('',#652,#653,#91,.T.);
#817=EDGE_CURVE('',#653,#650,#608,.F.);
#818=EDGE_CURVE('',#652,#654,#501,.T.);
#819=EDGE_CURVE('',#654,#655,#92,.T.);
#820=EDGE_CURVE('',#655,#656,#502,.T.);
#821=EDGE_CURVE('',#656,#652,#93,.T.);
#822=EDGE_CURVE('',#651,#654,#503,.T.);
#823=EDGE_CURVE('',#657,#658,#609,.T.);
#824=EDGE_CURVE('',#657,#656,#94,.T.);
#825=EDGE_CURVE('',#656,#659,#504,.T.);
#826=EDGE_CURVE('',#659,#660,#95,.T.);
#827=EDGE_CURVE('',#660,#658,#610,.F.);
#828=EDGE_CURVE('',#655,#659,#505,.T.);
#829=EDGE_CURVE('',#653,#657,#506,.T.);
#830=EDGE_CURVE('',#661,#662,#611,.T.);
#831=EDGE_CURVE('',#661,#663,#96,.T.);
#832=EDGE_CURVE('',#663,#664,#507,.T.);
#833=EDGE_CURVE('',#664,#665,#97,.T.);
#834=EDGE_CURVE('',#665,#662,#612,.F.);
#835=EDGE_CURVE('',#664,#666,#508,.T.);
#836=EDGE_CURVE('',#666,#667,#98,.T.);
#837=EDGE_CURVE('',#667,#668,#509,.T.);
#838=EDGE_CURVE('',#668,#664,#99,.T.);
#839=EDGE_CURVE('',#663,#666,#510,.T.);
#840=EDGE_CURVE('',#669,#670,#613,.T.);
#841=EDGE_CURVE('',#669,#668,#100,.T.);
#842=EDGE_CURVE('',#668,#671,#511,.T.);
#843=EDGE_CURVE('',#671,#672,#101,.T.);
#844=EDGE_CURVE('',#672,#670,#614,.F.);
#845=EDGE_CURVE('',#667,#671,#512,.T.);
#846=EDGE_CURVE('',#665,#669,#513,.T.);
#847=EDGE_CURVE('',#673,#674,#615,.T.);
#848=EDGE_CURVE('',#673,#675,#102,.T.);
#849=EDGE_CURVE('',#675,#676,#514,.T.);
#850=EDGE_CURVE('',#676,#677,#103,.T.);
#851=EDGE_CURVE('',#677,#674,#616,.F.);
#852=EDGE_CURVE('',#676,#678,#515,.T.);
#853=EDGE_CURVE('',#678,#679,#104,.T.);
#854=EDGE_CURVE('',#679,#680,#516,.T.);
#855=EDGE_CURVE('',#680,#676,#105,.T.);
#856=EDGE_CURVE('',#675,#678,#517,.T.);
#857=EDGE_CURVE('',#681,#682,#617,.T.);
#858=EDGE_CURVE('',#681,#680,#106,.T.);
#859=EDGE_CURVE('',#680,#683,#518,.T.);
#860=EDGE_CURVE('',#683,#684,#107,.T.);
#861=EDGE_CURVE('',#684,#682,#618,.F.);
#862=EDGE_CURVE('',#679,#683,#519,.T.);
#863=EDGE_CURVE('',#677,#681,#520,.T.);
#864=EDGE_CURVE('',#685,#659,#108,.T.);
#865=EDGE_CURVE('',#660,#685,#521,.T.);
#866=EDGE_CURVE('',#670,#686,#522,.F.);
#867=EDGE_CURVE('',#686,#687,#109,.T.);
#868=EDGE_CURVE('',#687,#687,#523,.T.);
#869=EDGE_CURVE('',#686,#650,#524,.F.);
#870=EDGE_CURVE('',#674,#658,#525,.T.);
#871=EDGE_CURVE('',#662,#682,#526,.T.);
#872=EDGE_CURVE('',#688,#671,#110,.T.);
#873=EDGE_CURVE('',#672,#688,#527,.T.);
#874=EDGE_CURVE('',#689,#683,#111,.T.);
#875=EDGE_CURVE('',#684,#689,#528,.T.);
#876=EDGE_CURVE('',#655,#690,#112,.T.);
#877=EDGE_CURVE('',#685,#690,#619,.T.);
#878=EDGE_CURVE('',#651,#691,#113,.T.);
#879=EDGE_CURVE('',#692,#691,#620,.T.);
#880=EDGE_CURVE('',#692,#654,#114,.T.);
#881=EDGE_CURVE('',#667,#693,#115,.T.);
#882=EDGE_CURVE('',#688,#693,#621,.T.);
#883=EDGE_CURVE('',#663,#694,#116,.T.);
#884=EDGE_CURVE('',#695,#694,#622,.T.);
#885=EDGE_CURVE('',#695,#666,#117,.T.);
#886=EDGE_CURVE('',#679,#696,#118,.T.);
#887=EDGE_CURVE('',#689,#696,#623,.T.);
#888=EDGE_CURVE('',#675,#697,#119,.T.);
#889=EDGE_CURVE('',#698,#697,#624,.T.);
#890=EDGE_CURVE('',#698,#678,#120,.T.);
#891=EDGE_CURVE('',#690,#692,#529,.T.);
#892=EDGE_CURVE('',#691,#649,#530,.T.);
#893=EDGE_CURVE('',#693,#695,#531,.T.);
#894=EDGE_CURVE('',#694,#661,#532,.T.);
#895=EDGE_CURVE('',#696,#698,#533,.T.);
#896=EDGE_CURVE('',#697,#673,#534,.T.);
#897=EDGE_CURVE('',#686,#699,#535,.T.);
#898=EDGE_CURVE('',#699,#699,#536,.T.);
#899=EDGE_CURVE('',#700,#701,#15,.T.);
#900=EDGE_CURVE('',#702,#700,#121,.T.);
#901=EDGE_CURVE('',#703,#702,#537,.T.);
#902=EDGE_CURVE('',#701,#703,#122,.T.);
#903=EDGE_CURVE('',#704,#705,#16,.T.);
#904=EDGE_CURVE('',#706,#704,#123,.T.);
#905=EDGE_CURVE('',#707,#706,#538,.T.);
#906=EDGE_CURVE('',#705,#707,#124,.T.);
#907=EDGE_CURVE('',#705,#700,#539,.T.);
#908=EDGE_CURVE('',#702,#707,#540,.T.);
#909=EDGE_CURVE('',#704,#708,#541,.T.);
#910=EDGE_CURVE('',#708,#709,#125,.T.);
#911=EDGE_CURVE('',#706,#709,#542,.T.);
#912=EDGE_CURVE('',#710,#703,#543,.T.);
#913=EDGE_CURVE('',#710,#711,#126,.T.);
#914=EDGE_CURVE('',#711,#712,#544,.T.);
#915=EDGE_CURVE('',#712,#713,#127,.T.);
#916=EDGE_CURVE('',#713,#714,#545,.T.);
#917=EDGE_CURVE('',#714,#715,#128,.T.);
#918=EDGE_CURVE('',#715,#701,#546,.T.);
#919=EDGE_CURVE('',#716,#716,#547,.T.);
#920=EDGE_CURVE('',#636,#717,#548,.T.);
#921=EDGE_CURVE('',#717,#718,#549,.T.);
#922=EDGE_CURVE('',#718,#719,#550,.T.);
#923=EDGE_CURVE('',#719,#720,#551,.T.);
#924=EDGE_CURVE('',#720,#721,#552,.T.);
#925=EDGE_CURVE('',#721,#722,#553,.T.);
#926=EDGE_CURVE('',#722,#723,#554,.T.);
#927=EDGE_CURVE('',#723,#724,#555,.T.);
#928=EDGE_CURVE('',#724,#725,#556,.T.);
#929=EDGE_CURVE('',#725,#726,#557,.T.);
#930=EDGE_CURVE('',#726,#727,#558,.T.);
#931=EDGE_CURVE('',#727,#728,#559,.T.);
#932=EDGE_CURVE('',#728,#729,#560,.T.);
#933=EDGE_CURVE('',#729,#730,#561,.T.);
#934=EDGE_CURVE('',#730,#731,#562,.T.);
#935=EDGE_CURVE('',#731,#710,#563,.T.);
#936=EDGE_CURVE('',#709,#732,#564,.T.);
#937=EDGE_CURVE('',#732,#733,#565,.T.);
#938=EDGE_CURVE('',#733,#734,#566,.T.);
#939=EDGE_CURVE('',#734,#735,#567,.T.);
#940=EDGE_CURVE('',#735,#736,#568,.T.);
#941=EDGE_CURVE('',#736,#736,#569,.T.);
#942=EDGE_CURVE('',#735,#737,#570,.T.);
#943=EDGE_CURVE('',#737,#738,#571,.T.);
#944=EDGE_CURVE('',#738,#739,#572,.T.);
#945=EDGE_CURVE('',#739,#740,#573,.T.);
#946=EDGE_CURVE('',#740,#741,#574,.T.);
#947=EDGE_CURVE('',#741,#742,#575,.T.);
#948=EDGE_CURVE('',#742,#743,#576,.T.);
#949=EDGE_CURVE('',#743,#744,#577,.T.);
#950=EDGE_CURVE('',#744,#646,#578,.T.);
#951=EDGE_CURVE('',#745,#746,#17,.T.);
#952=EDGE_CURVE('',#730,#745,#129,.T.);
#953=EDGE_CURVE('',#746,#729,#130,.T.);
#954=EDGE_CURVE('',#711,#747,#18,.T.);
#955=EDGE_CURVE('',#747,#731,#131,.T.);
#956=EDGE_CURVE('',#747,#745,#579,.T.);
#957=EDGE_CURVE('',#748,#749,#19,.T.);
#958=EDGE_CURVE('',#726,#748,#132,.T.);
#959=EDGE_CURVE('',#749,#725,#133,.T.);
#960=EDGE_CURVE('',#750,#751,#20,.T.);
#961=EDGE_CURVE('',#728,#750,#134,.T.);
#962=EDGE_CURVE('',#751,#727,#135,.T.);
#963=EDGE_CURVE('',#751,#748,#580,.T.);
#964=EDGE_CURVE('',#750,#746,#581,.T.);
#965=EDGE_CURVE('',#724,#752,#136,.T.);
#966=EDGE_CURVE('',#752,#749,#582,.T.);
#967=EDGE_CURVE('',#753,#754,#21,.T.);
#968=EDGE_CURVE('',#722,#753,#137,.T.);
#969=EDGE_CURVE('',#754,#721,#138,.T.);
#970=EDGE_CURVE('',#752,#755,#22,.T.);
#971=EDGE_CURVE('',#755,#723,#139,.T.);
#972=EDGE_CURVE('',#755,#753,#583,.T.);
#973=EDGE_CURVE('',#756,#757,#23,.T.);
#974=EDGE_CURVE('',#718,#756,#140,.T.);
#975=EDGE_CURVE('',#757,#717,#141,.T.);
#976=EDGE_CURVE('',#758,#759,#24,.T.);
#977=EDGE_CURVE('',#720,#758,#142,.T.);
#978=EDGE_CURVE('',#759,#719,#143,.T.);
#979=EDGE_CURVE('',#759,#756,#584,.T.);
#980=EDGE_CURVE('',#758,#754,#585,.T.);
#981=EDGE_CURVE('',#635,#757,#586,.T.);
#982=EDGE_CURVE('',#760,#761,#25,.T.);
#983=EDGE_CURVE('',#742,#760,#144,.T.);
#984=EDGE_CURVE('',#761,#741,#145,.T.);
#985=EDGE_CURVE('',#762,#763,#26,.T.);
#986=EDGE_CURVE('',#744,#762,#146,.T.);
#987=EDGE_CURVE('',#763,#743,#147,.T.);
#988=EDGE_CURVE('',#763,#760,#587,.T.);
#989=EDGE_CURVE('',#762,#647,#588,.T.);
#990=EDGE_CURVE('',#740,#764,#148,.T.);
#991=EDGE_CURVE('',#764,#761,#589,.T.);
#992=EDGE_CURVE('',#765,#766,#27,.T.);
#993=EDGE_CURVE('',#738,#765,#149,.T.);
#994=EDGE_CURVE('',#766,#737,#150,.T.);
#995=EDGE_CURVE('',#764,#767,#28,.T.);
#996=EDGE_CURVE('',#767,#739,#151,.T.);
#997=EDGE_CURVE('',#767,#765,#590,.T.);
#998=EDGE_CURVE('',#768,#708,#29,.T.);
#999=EDGE_CURVE('',#732,#768,#152,.T.);
#1000=EDGE_CURVE('',#769,#770,#30,.T.);
#1001=EDGE_CURVE('',#734,#769,#153,.T.);
#1002=EDGE_CURVE('',#770,#733,#154,.T.);
#1003=EDGE_CURVE('',#770,#768,#591,.T.);
#1004=EDGE_CURVE('',#769,#766,#592,.T.);
#1005=EDGE_CURVE('',#771,#771,#593,.T.);
#1006=EDGE_CURVE('',#771,#772,#594,.T.);
#1007=EDGE_CURVE('',#772,#773,#595,.T.);
#1008=EDGE_CURVE('',#773,#772,#596,.T.);
#1009=EDGE_CURVE('',#773,#774,#155,.T.);
#1010=EDGE_CURVE('',#774,#774,#597,.T.);
#1011=EDGE_CURVE('',#775,#775,#598,.T.);
#1012=EDGE_CURVE('',#775,#687,#599,.T.);
#1013=EDGE_CURVE('',#648,#776,#600,.F.);
#1014=EDGE_CURVE('',#776,#777,#156,.F.);
#1015=EDGE_CURVE('',#777,#778,#601,.F.);
#1016=EDGE_CURVE('',#778,#779,#157,.F.);
#1017=EDGE_CURVE('',#779,#634,#602,.F.);
#1018=EDGE_CURVE('',#780,#780,#603,.T.);
#1019=EDGE_CURVE('',#712,#779,#78,.F.);
#1020=EDGE_CURVE('',#780,#716,#158,.T.);
#1021=EDGE_CURVE('',#715,#776,#79,.F.);
#1022=EDGE_CURVE('',#713,#778,#159,.T.);
#1023=EDGE_CURVE('',#714,#777,#160,.T.);
#1024=EDGE_CURVE('',#638,#643,#161,.T.);
#1025=ORIENTED_EDGE('',*,*,#781,.T.);
#1026=ORIENTED_EDGE('',*,*,#782,.T.);
#1027=ORIENTED_EDGE('',*,*,#783,.T.);
#1028=ORIENTED_EDGE('',*,*,#784,.T.);
#1029=ORIENTED_EDGE('',*,*,#781,.F.);
#1030=ORIENTED_EDGE('',*,*,#785,.F.);
#1031=ORIENTED_EDGE('',*,*,#786,.F.);
#1032=ORIENTED_EDGE('',*,*,#787,.T.);
#1033=ORIENTED_EDGE('',*,*,#788,.F.);
#1034=ORIENTED_EDGE('',*,*,#789,.T.);
#1035=ORIENTED_EDGE('',*,*,#790,.F.);
#1036=ORIENTED_EDGE('',*,*,#791,.T.);
#1037=ORIENTED_EDGE('',*,*,#792,.T.);
#1038=ORIENTED_EDGE('',*,*,#793,.T.);
#1039=ORIENTED_EDGE('',*,*,#784,.F.);
#1040=ORIENTED_EDGE('',*,*,#794,.T.);
#1041=ORIENTED_EDGE('',*,*,#795,.T.);
#1042=ORIENTED_EDGE('',*,*,#785,.T.);
#1043=ORIENTED_EDGE('',*,*,#796,.T.);
#1044=ORIENTED_EDGE('',*,*,#797,.F.);
#1045=ORIENTED_EDGE('',*,*,#798,.F.);
#1046=ORIENTED_EDGE('',*,*,#798,.T.);
#1047=ORIENTED_EDGE('',*,*,#799,.F.);
#1048=ORIENTED_EDGE('',*,*,#787,.F.);
#1049=ORIENTED_EDGE('',*,*,#800,.T.);
#1050=ORIENTED_EDGE('',*,*,#801,.T.);
#1051=ORIENTED_EDGE('',*,*,#802,.F.);
#1052=ORIENTED_EDGE('',*,*,#803,.F.);
#1053=ORIENTED_EDGE('',*,*,#797,.T.);
#1054=ORIENTED_EDGE('',*,*,#802,.T.);
#1055=ORIENTED_EDGE('',*,*,#804,.T.);
#1056=ORIENTED_EDGE('',*,*,#805,.T.);
#1057=ORIENTED_EDGE('',*,*,#788,.T.);
#1058=ORIENTED_EDGE('',*,*,#799,.T.);
#1059=ORIENTED_EDGE('',*,*,#805,.F.);
#1060=ORIENTED_EDGE('',*,*,#806,.T.);
#1061=ORIENTED_EDGE('',*,*,#807,.F.);
#1062=ORIENTED_EDGE('',*,*,#789,.F.);
#1063=ORIENTED_EDGE('',*,*,#783,.F.);
#1064=ORIENTED_EDGE('',*,*,#808,.T.);
#1065=ORIENTED_EDGE('',*,*,#809,.T.);
#1066=ORIENTED_EDGE('',*,*,#810,.T.);
#1067=ORIENTED_EDGE('',*,*,#811,.T.);
#1068=ORIENTED_EDGE('',*,*,#806,.F.);
#1069=ORIENTED_EDGE('',*,*,#804,.F.);
#1070=ORIENTED_EDGE('',*,*,#801,.F.);
#1071=ORIENTED_EDGE('',*,*,#812,.T.);
#1072=ORIENTED_EDGE('',*,*,#794,.F.);
#1073=ORIENTED_EDGE('',*,*,#813,.F.);
#1074=ORIENTED_EDGE('',*,*,#814,.T.);
#1075=ORIENTED_EDGE('',*,*,#815,.T.);
#1076=ORIENTED_EDGE('',*,*,#816,.T.);
#1077=ORIENTED_EDGE('',*,*,#817,.T.);
#1078=ORIENTED_EDGE('',*,*,#818,.T.);
#1079=ORIENTED_EDGE('',*,*,#819,.T.);
#1080=ORIENTED_EDGE('',*,*,#820,.T.);
#1081=ORIENTED_EDGE('',*,*,#821,.T.);
#1082=ORIENTED_EDGE('',*,*,#818,.F.);
#1083=ORIENTED_EDGE('',*,*,#815,.F.);
#1084=ORIENTED_EDGE('',*,*,#822,.T.);
#1085=ORIENTED_EDGE('',*,*,#823,.F.);
#1086=ORIENTED_EDGE('',*,*,#824,.T.);
#1087=ORIENTED_EDGE('',*,*,#825,.T.);
#1088=ORIENTED_EDGE('',*,*,#826,.T.);
#1089=ORIENTED_EDGE('',*,*,#827,.T.);
#1090=ORIENTED_EDGE('',*,*,#825,.F.);
#1091=ORIENTED_EDGE('',*,*,#820,.F.);
#1092=ORIENTED_EDGE('',*,*,#828,.T.);
#1093=ORIENTED_EDGE('',*,*,#816,.F.);
#1094=ORIENTED_EDGE('',*,*,#821,.F.);
#1095=ORIENTED_EDGE('',*,*,#824,.F.);
#1096=ORIENTED_EDGE('',*,*,#829,.F.);
#1097=ORIENTED_EDGE('',*,*,#830,.F.);
#1098=ORIENTED_EDGE('',*,*,#831,.T.);
#1099=ORIENTED_EDGE('',*,*,#832,.T.);
#1100=ORIENTED_EDGE('',*,*,#833,.T.);
#1101=ORIENTED_EDGE('',*,*,#834,.T.);
#1102=ORIENTED_EDGE('',*,*,#835,.T.);
#1103=ORIENTED_EDGE('',*,*,#836,.T.);
#1104=ORIENTED_EDGE('',*,*,#837,.T.);
#1105=ORIENTED_EDGE('',*,*,#838,.T.);
#1106=ORIENTED_EDGE('',*,*,#835,.F.);
#1107=ORIENTED_EDGE('',*,*,#832,.F.);
#1108=ORIENTED_EDGE('',*,*,#839,.T.);
#1109=ORIENTED_EDGE('',*,*,#840,.F.);
#1110=ORIENTED_EDGE('',*,*,#841,.T.);
#1111=ORIENTED_EDGE('',*,*,#842,.T.);
#1112=ORIENTED_EDGE('',*,*,#843,.T.);
#1113=ORIENTED_EDGE('',*,*,#844,.T.);
#1114=ORIENTED_EDGE('',*,*,#842,.F.);
#1115=ORIENTED_EDGE('',*,*,#837,.F.);
#1116=ORIENTED_EDGE('',*,*,#845,.T.);
#1117=ORIENTED_EDGE('',*,*,#833,.F.);
#1118=ORIENTED_EDGE('',*,*,#838,.F.);
#1119=ORIENTED_EDGE('',*,*,#841,.F.);
#1120=ORIENTED_EDGE('',*,*,#846,.F.);
#1121=ORIENTED_EDGE('',*,*,#847,.F.);
#1122=ORIENTED_EDGE('',*,*,#848,.T.);
#1123=ORIENTED_EDGE('',*,*,#849,.T.);
#1124=ORIENTED_EDGE('',*,*,#850,.T.);
#1125=ORIENTED_EDGE('',*,*,#851,.T.);
#1126=ORIENTED_EDGE('',*,*,#852,.T.);
#1127=ORIENTED_EDGE('',*,*,#853,.T.);
#1128=ORIENTED_EDGE('',*,*,#854,.T.);
#1129=ORIENTED_EDGE('',*,*,#855,.T.);
#1130=ORIENTED_EDGE('',*,*,#852,.F.);
#1131=ORIENTED_EDGE('',*,*,#849,.F.);
#1132=ORIENTED_EDGE('',*,*,#856,.T.);
#1133=ORIENTED_EDGE('',*,*,#857,.F.);
#1134=ORIENTED_EDGE('',*,*,#858,.T.);
#1135=ORIENTED_EDGE('',*,*,#859,.T.);
#1136=ORIENTED_EDGE('',*,*,#860,.T.);
#1137=ORIENTED_EDGE('',*,*,#861,.T.);
#1138=ORIENTED_EDGE('',*,*,#859,.F.);
#1139=ORIENTED_EDGE('',*,*,#854,.F.);
#1140=ORIENTED_EDGE('',*,*,#862,.T.);
#1141=ORIENTED_EDGE('',*,*,#850,.F.);
#1142=ORIENTED_EDGE('',*,*,#855,.F.);
#1143=ORIENTED_EDGE('',*,*,#858,.F.);
#1144=ORIENTED_EDGE('',*,*,#863,.F.);
#1145=ORIENTED_EDGE('',*,*,#826,.F.);
#1146=ORIENTED_EDGE('',*,*,#864,.F.);
#1147=ORIENTED_EDGE('',*,*,#865,.F.);
#1148=ORIENTED_EDGE('',*,*,#866,.T.);
#1149=ORIENTED_EDGE('',*,*,#867,.T.);
#1150=ORIENTED_EDGE('',*,*,#868,.F.);
#1151=ORIENTED_EDGE('',*,*,#867,.F.);
#1152=ORIENTED_EDGE('',*,*,#869,.T.);
#1153=ORIENTED_EDGE('',*,*,#817,.F.);
#1154=ORIENTED_EDGE('',*,*,#829,.T.);
#1155=ORIENTED_EDGE('',*,*,#823,.T.);
#1156=ORIENTED_EDGE('',*,*,#870,.F.);
#1157=ORIENTED_EDGE('',*,*,#851,.F.);
#1158=ORIENTED_EDGE('',*,*,#863,.T.);
#1159=ORIENTED_EDGE('',*,*,#857,.T.);
#1160=ORIENTED_EDGE('',*,*,#871,.F.);
#1161=ORIENTED_EDGE('',*,*,#834,.F.);
#1162=ORIENTED_EDGE('',*,*,#846,.T.);
#1163=ORIENTED_EDGE('',*,*,#840,.T.);
#1164=ORIENTED_EDGE('',*,*,#843,.F.);
#1165=ORIENTED_EDGE('',*,*,#872,.F.);
#1166=ORIENTED_EDGE('',*,*,#873,.F.);
#1167=ORIENTED_EDGE('',*,*,#860,.F.);
#1168=ORIENTED_EDGE('',*,*,#874,.F.);
#1169=ORIENTED_EDGE('',*,*,#875,.F.);
#1170=ORIENTED_EDGE('',*,*,#828,.F.);
#1171=ORIENTED_EDGE('',*,*,#876,.T.);
#1172=ORIENTED_EDGE('',*,*,#877,.F.);
#1173=ORIENTED_EDGE('',*,*,#864,.T.);
#1174=ORIENTED_EDGE('',*,*,#822,.F.);
#1175=ORIENTED_EDGE('',*,*,#878,.T.);
#1176=ORIENTED_EDGE('',*,*,#879,.F.);
#1177=ORIENTED_EDGE('',*,*,#880,.T.);
#1178=ORIENTED_EDGE('',*,*,#845,.F.);
#1179=ORIENTED_EDGE('',*,*,#881,.T.);
#1180=ORIENTED_EDGE('',*,*,#882,.F.);
#1181=ORIENTED_EDGE('',*,*,#872,.T.);
#1182=ORIENTED_EDGE('',*,*,#839,.F.);
#1183=ORIENTED_EDGE('',*,*,#883,.T.);
#1184=ORIENTED_EDGE('',*,*,#884,.F.);
#1185=ORIENTED_EDGE('',*,*,#885,.T.);
#1186=ORIENTED_EDGE('',*,*,#862,.F.);
#1187=ORIENTED_EDGE('',*,*,#886,.T.);
#1188=ORIENTED_EDGE('',*,*,#887,.F.);
#1189=ORIENTED_EDGE('',*,*,#874,.T.);
#1190=ORIENTED_EDGE('',*,*,#856,.F.);
#1191=ORIENTED_EDGE('',*,*,#888,.T.);
#1192=ORIENTED_EDGE('',*,*,#889,.F.);
#1193=ORIENTED_EDGE('',*,*,#890,.T.);
#1194=ORIENTED_EDGE('',*,*,#819,.F.);
#1195=ORIENTED_EDGE('',*,*,#880,.F.);
#1196=ORIENTED_EDGE('',*,*,#891,.F.);
#1197=ORIENTED_EDGE('',*,*,#876,.F.);
#1198=ORIENTED_EDGE('',*,*,#814,.F.);
#1199=ORIENTED_EDGE('',*,*,#892,.F.);
#1200=ORIENTED_EDGE('',*,*,#878,.F.);
#1201=ORIENTED_EDGE('',*,*,#836,.F.);
#1202=ORIENTED_EDGE('',*,*,#885,.F.);
#1203=ORIENTED_EDGE('',*,*,#893,.F.);
#1204=ORIENTED_EDGE('',*,*,#881,.F.);
#1205=ORIENTED_EDGE('',*,*,#831,.F.);
#1206=ORIENTED_EDGE('',*,*,#894,.F.);
#1207=ORIENTED_EDGE('',*,*,#883,.F.);
#1208=ORIENTED_EDGE('',*,*,#853,.F.);
#1209=ORIENTED_EDGE('',*,*,#890,.F.);
#1210=ORIENTED_EDGE('',*,*,#895,.F.);
#1211=ORIENTED_EDGE('',*,*,#886,.F.);
#1212=ORIENTED_EDGE('',*,*,#848,.F.);
#1213=ORIENTED_EDGE('',*,*,#896,.F.);
#1214=ORIENTED_EDGE('',*,*,#888,.F.);
#1215=ORIENTED_EDGE('',*,*,#865,.T.);
#1216=ORIENTED_EDGE('',*,*,#877,.T.);
#1217=ORIENTED_EDGE('',*,*,#891,.T.);
#1218=ORIENTED_EDGE('',*,*,#879,.T.);
#1219=ORIENTED_EDGE('',*,*,#892,.T.);
#1220=ORIENTED_EDGE('',*,*,#813,.T.);
#1221=ORIENTED_EDGE('',*,*,#869,.F.);
#1222=ORIENTED_EDGE('',*,*,#897,.T.);
#1223=ORIENTED_EDGE('',*,*,#898,.F.);
#1224=ORIENTED_EDGE('',*,*,#897,.F.);
#1225=ORIENTED_EDGE('',*,*,#866,.F.);
#1226=ORIENTED_EDGE('',*,*,#844,.F.);
#1227=ORIENTED_EDGE('',*,*,#873,.T.);
#1228=ORIENTED_EDGE('',*,*,#882,.T.);
#1229=ORIENTED_EDGE('',*,*,#893,.T.);
#1230=ORIENTED_EDGE('',*,*,#884,.T.);
#1231=ORIENTED_EDGE('',*,*,#894,.T.);
#1232=ORIENTED_EDGE('',*,*,#830,.T.);
#1233=ORIENTED_EDGE('',*,*,#871,.T.);
#1234=ORIENTED_EDGE('',*,*,#861,.F.);
#1235=ORIENTED_EDGE('',*,*,#875,.T.);
#1236=ORIENTED_EDGE('',*,*,#887,.T.);
#1237=ORIENTED_EDGE('',*,*,#895,.T.);
#1238=ORIENTED_EDGE('',*,*,#889,.T.);
#1239=ORIENTED_EDGE('',*,*,#896,.T.);
#1240=ORIENTED_EDGE('',*,*,#847,.T.);
#1241=ORIENTED_EDGE('',*,*,#870,.T.);
#1242=ORIENTED_EDGE('',*,*,#827,.F.);
#1243=ORIENTED_EDGE('',*,*,#899,.F.);
#1244=ORIENTED_EDGE('',*,*,#900,.F.);
#1245=ORIENTED_EDGE('',*,*,#901,.F.);
#1246=ORIENTED_EDGE('',*,*,#902,.F.);
#1247=ORIENTED_EDGE('',*,*,#903,.F.);
#1248=ORIENTED_EDGE('',*,*,#904,.F.);
#1249=ORIENTED_EDGE('',*,*,#905,.F.);
#1250=ORIENTED_EDGE('',*,*,#906,.F.);
#1251=ORIENTED_EDGE('',*,*,#907,.F.);
#1252=ORIENTED_EDGE('',*,*,#906,.T.);
#1253=ORIENTED_EDGE('',*,*,#908,.F.);
#1254=ORIENTED_EDGE('',*,*,#900,.T.);
#1255=ORIENTED_EDGE('',*,*,#904,.T.);
#1256=ORIENTED_EDGE('',*,*,#909,.T.);
#1257=ORIENTED_EDGE('',*,*,#910,.T.);
#1258=ORIENTED_EDGE('',*,*,#911,.F.);
#1259=ORIENTED_EDGE('',*,*,#902,.T.);
#1260=ORIENTED_EDGE('',*,*,#912,.F.);
#1261=ORIENTED_EDGE('',*,*,#913,.T.);
#1262=ORIENTED_EDGE('',*,*,#914,.T.);
#1263=ORIENTED_EDGE('',*,*,#915,.T.);
#1264=ORIENTED_EDGE('',*,*,#916,.T.);
#1265=ORIENTED_EDGE('',*,*,#917,.T.);
#1266=ORIENTED_EDGE('',*,*,#918,.T.);
#1267=ORIENTED_EDGE('',*,*,#919,.T.);
#1268=ORIENTED_EDGE('',*,*,#782,.F.);
#1269=ORIENTED_EDGE('',*,*,#793,.F.);
#1270=ORIENTED_EDGE('',*,*,#920,.T.);
#1271=ORIENTED_EDGE('',*,*,#921,.T.);
#1272=ORIENTED_EDGE('',*,*,#922,.T.);
#1273=ORIENTED_EDGE('',*,*,#923,.T.);
#1274=ORIENTED_EDGE('',*,*,#924,.T.);
#1275=ORIENTED_EDGE('',*,*,#925,.T.);
#1276=ORIENTED_EDGE('',*,*,#926,.T.);
#1277=ORIENTED_EDGE('',*,*,#927,.T.);
#1278=ORIENTED_EDGE('',*,*,#928,.T.);
#1279=ORIENTED_EDGE('',*,*,#929,.T.);
#1280=ORIENTED_EDGE('',*,*,#930,.T.);
#1281=ORIENTED_EDGE('',*,*,#931,.T.);
#1282=ORIENTED_EDGE('',*,*,#932,.T.);
#1283=ORIENTED_EDGE('',*,*,#933,.T.);
#1284=ORIENTED_EDGE('',*,*,#934,.T.);
#1285=ORIENTED_EDGE('',*,*,#935,.T.);
#1286=ORIENTED_EDGE('',*,*,#912,.T.);
#1287=ORIENTED_EDGE('',*,*,#901,.T.);
#1288=ORIENTED_EDGE('',*,*,#908,.T.);
#1289=ORIENTED_EDGE('',*,*,#905,.T.);
#1290=ORIENTED_EDGE('',*,*,#911,.T.);
#1291=ORIENTED_EDGE('',*,*,#936,.T.);
#1292=ORIENTED_EDGE('',*,*,#937,.T.);
#1293=ORIENTED_EDGE('',*,*,#938,.T.);
#1294=ORIENTED_EDGE('',*,*,#939,.T.);
#1295=ORIENTED_EDGE('',*,*,#940,.T.);
#1296=ORIENTED_EDGE('',*,*,#941,.T.);
#1297=ORIENTED_EDGE('',*,*,#940,.F.);
#1298=ORIENTED_EDGE('',*,*,#942,.T.);
#1299=ORIENTED_EDGE('',*,*,#943,.T.);
#1300=ORIENTED_EDGE('',*,*,#944,.T.);
#1301=ORIENTED_EDGE('',*,*,#945,.T.);
#1302=ORIENTED_EDGE('',*,*,#946,.T.);
#1303=ORIENTED_EDGE('',*,*,#947,.T.);
#1304=ORIENTED_EDGE('',*,*,#948,.T.);
#1305=ORIENTED_EDGE('',*,*,#949,.T.);
#1306=ORIENTED_EDGE('',*,*,#950,.T.);
#1307=ORIENTED_EDGE('',*,*,#808,.F.);
#1308=ORIENTED_EDGE('',*,*,#951,.F.);
#1309=ORIENTED_EDGE('',*,*,#952,.F.);
#1310=ORIENTED_EDGE('',*,*,#933,.F.);
#1311=ORIENTED_EDGE('',*,*,#953,.F.);
#1312=ORIENTED_EDGE('',*,*,#954,.F.);
#1313=ORIENTED_EDGE('',*,*,#913,.F.);
#1314=ORIENTED_EDGE('',*,*,#935,.F.);
#1315=ORIENTED_EDGE('',*,*,#955,.F.);
#1316=ORIENTED_EDGE('',*,*,#956,.F.);
#1317=ORIENTED_EDGE('',*,*,#955,.T.);
#1318=ORIENTED_EDGE('',*,*,#934,.F.);
#1319=ORIENTED_EDGE('',*,*,#952,.T.);
#1320=ORIENTED_EDGE('',*,*,#957,.F.);
#1321=ORIENTED_EDGE('',*,*,#958,.F.);
#1322=ORIENTED_EDGE('',*,*,#929,.F.);
#1323=ORIENTED_EDGE('',*,*,#959,.F.);
#1324=ORIENTED_EDGE('',*,*,#960,.F.);
#1325=ORIENTED_EDGE('',*,*,#961,.F.);
#1326=ORIENTED_EDGE('',*,*,#931,.F.);
#1327=ORIENTED_EDGE('',*,*,#962,.F.);
#1328=ORIENTED_EDGE('',*,*,#963,.F.);
#1329=ORIENTED_EDGE('',*,*,#962,.T.);
#1330=ORIENTED_EDGE('',*,*,#930,.F.);
#1331=ORIENTED_EDGE('',*,*,#958,.T.);
#1332=ORIENTED_EDGE('',*,*,#953,.T.);
#1333=ORIENTED_EDGE('',*,*,#932,.F.);
#1334=ORIENTED_EDGE('',*,*,#961,.T.);
#1335=ORIENTED_EDGE('',*,*,#964,.T.);
#1336=ORIENTED_EDGE('',*,*,#959,.T.);
#1337=ORIENTED_EDGE('',*,*,#928,.F.);
#1338=ORIENTED_EDGE('',*,*,#965,.T.);
#1339=ORIENTED_EDGE('',*,*,#966,.T.);
#1340=ORIENTED_EDGE('',*,*,#967,.F.);
#1341=ORIENTED_EDGE('',*,*,#968,.F.);
#1342=ORIENTED_EDGE('',*,*,#925,.F.);
#1343=ORIENTED_EDGE('',*,*,#969,.F.);
#1344=ORIENTED_EDGE('',*,*,#970,.F.);
#1345=ORIENTED_EDGE('',*,*,#965,.F.);
#1346=ORIENTED_EDGE('',*,*,#927,.F.);
#1347=ORIENTED_EDGE('',*,*,#971,.F.);
#1348=ORIENTED_EDGE('',*,*,#972,.F.);
#1349=ORIENTED_EDGE('',*,*,#971,.T.);
#1350=ORIENTED_EDGE('',*,*,#926,.F.);
#1351=ORIENTED_EDGE('',*,*,#968,.T.);
#1352=ORIENTED_EDGE('',*,*,#973,.F.);
#1353=ORIENTED_EDGE('',*,*,#974,.F.);
#1354=ORIENTED_EDGE('',*,*,#921,.F.);
#1355=ORIENTED_EDGE('',*,*,#975,.F.);
#1356=ORIENTED_EDGE('',*,*,#976,.F.);
#1357=ORIENTED_EDGE('',*,*,#977,.F.);
#1358=ORIENTED_EDGE('',*,*,#923,.F.);
#1359=ORIENTED_EDGE('',*,*,#978,.F.);
#1360=ORIENTED_EDGE('',*,*,#979,.F.);
#1361=ORIENTED_EDGE('',*,*,#978,.T.);
#1362=ORIENTED_EDGE('',*,*,#922,.F.);
#1363=ORIENTED_EDGE('',*,*,#974,.T.);
#1364=ORIENTED_EDGE('',*,*,#969,.T.);
#1365=ORIENTED_EDGE('',*,*,#924,.F.);
#1366=ORIENTED_EDGE('',*,*,#977,.T.);
#1367=ORIENTED_EDGE('',*,*,#980,.T.);
#1368=ORIENTED_EDGE('',*,*,#975,.T.);
#1369=ORIENTED_EDGE('',*,*,#920,.F.);
#1370=ORIENTED_EDGE('',*,*,#792,.F.);
#1371=ORIENTED_EDGE('',*,*,#981,.T.);
#1372=ORIENTED_EDGE('',*,*,#982,.F.);
#1373=ORIENTED_EDGE('',*,*,#983,.F.);
#1374=ORIENTED_EDGE('',*,*,#947,.F.);
#1375=ORIENTED_EDGE('',*,*,#984,.F.);
#1376=ORIENTED_EDGE('',*,*,#985,.F.);
#1377=ORIENTED_EDGE('',*,*,#986,.F.);
#1378=ORIENTED_EDGE('',*,*,#949,.F.);
#1379=ORIENTED_EDGE('',*,*,#987,.F.);
#1380=ORIENTED_EDGE('',*,*,#988,.F.);
#1381=ORIENTED_EDGE('',*,*,#987,.T.);
#1382=ORIENTED_EDGE('',*,*,#948,.F.);
#1383=ORIENTED_EDGE('',*,*,#983,.T.);
#1384=ORIENTED_EDGE('',*,*,#986,.T.);
#1385=ORIENTED_EDGE('',*,*,#989,.T.);
#1386=ORIENTED_EDGE('',*,*,#809,.F.);
#1387=ORIENTED_EDGE('',*,*,#950,.F.);
#1388=ORIENTED_EDGE('',*,*,#984,.T.);
#1389=ORIENTED_EDGE('',*,*,#946,.F.);
#1390=ORIENTED_EDGE('',*,*,#990,.T.);
#1391=ORIENTED_EDGE('',*,*,#991,.T.);
#1392=ORIENTED_EDGE('',*,*,#992,.F.);
#1393=ORIENTED_EDGE('',*,*,#993,.F.);
#1394=ORIENTED_EDGE('',*,*,#943,.F.);
#1395=ORIENTED_EDGE('',*,*,#994,.F.);
#1396=ORIENTED_EDGE('',*,*,#995,.F.);
#1397=ORIENTED_EDGE('',*,*,#990,.F.);
#1398=ORIENTED_EDGE('',*,*,#945,.F.);
#1399=ORIENTED_EDGE('',*,*,#996,.F.);
#1400=ORIENTED_EDGE('',*,*,#997,.F.);
#1401=ORIENTED_EDGE('',*,*,#996,.T.);
#1402=ORIENTED_EDGE('',*,*,#944,.F.);
#1403=ORIENTED_EDGE('',*,*,#993,.T.);
#1404=ORIENTED_EDGE('',*,*,#998,.F.);
#1405=ORIENTED_EDGE('',*,*,#999,.F.);
#1406=ORIENTED_EDGE('',*,*,#936,.F.);
#1407=ORIENTED_EDGE('',*,*,#910,.F.);
#1408=ORIENTED_EDGE('',*,*,#1000,.F.);
#1409=ORIENTED_EDGE('',*,*,#1001,.F.);
#1410=ORIENTED_EDGE('',*,*,#938,.F.);
#1411=ORIENTED_EDGE('',*,*,#1002,.F.);
#1412=ORIENTED_EDGE('',*,*,#1003,.F.);
#1413=ORIENTED_EDGE('',*,*,#1002,.T.);
#1414=ORIENTED_EDGE('',*,*,#937,.F.);
#1415=ORIENTED_EDGE('',*,*,#999,.T.);
#1416=ORIENTED_EDGE('',*,*,#994,.T.);
#1417=ORIENTED_EDGE('',*,*,#942,.F.);
#1418=ORIENTED_EDGE('',*,*,#939,.F.);
#1419=ORIENTED_EDGE('',*,*,#1001,.T.);
#1420=ORIENTED_EDGE('',*,*,#1004,.T.);
#1421=ORIENTED_EDGE('',*,*,#1005,.T.);
#1422=ORIENTED_EDGE('',*,*,#1006,.T.);
#1423=ORIENTED_EDGE('',*,*,#1007,.T.);
#1424=ORIENTED_EDGE('',*,*,#1008,.T.);
#1425=ORIENTED_EDGE('',*,*,#1006,.F.);
#1426=ORIENTED_EDGE('',*,*,#1008,.F.);
#1427=ORIENTED_EDGE('',*,*,#1009,.T.);
#1428=ORIENTED_EDGE('',*,*,#1010,.F.);
#1429=ORIENTED_EDGE('',*,*,#1009,.F.);
#1430=ORIENTED_EDGE('',*,*,#1007,.F.);
#1431=ORIENTED_EDGE('',*,*,#1011,.F.);
#1432=ORIENTED_EDGE('',*,*,#1005,.F.);
#1433=ORIENTED_EDGE('',*,*,#1011,.T.);
#1434=ORIENTED_EDGE('',*,*,#1012,.T.);
#1435=ORIENTED_EDGE('',*,*,#868,.T.);
#1436=ORIENTED_EDGE('',*,*,#1012,.F.);
#1437=ORIENTED_EDGE('',*,*,#941,.F.);
#1438=ORIENTED_EDGE('',*,*,#1010,.T.);
#1439=ORIENTED_EDGE('',*,*,#790,.T.);
#1440=ORIENTED_EDGE('',*,*,#807,.T.);
#1441=ORIENTED_EDGE('',*,*,#811,.F.);
#1442=ORIENTED_EDGE('',*,*,#1013,.T.);
#1443=ORIENTED_EDGE('',*,*,#1014,.T.);
#1444=ORIENTED_EDGE('',*,*,#1015,.T.);
#1445=ORIENTED_EDGE('',*,*,#1016,.T.);
#1446=ORIENTED_EDGE('',*,*,#1017,.T.);
#1447=ORIENTED_EDGE('',*,*,#898,.T.);
#1448=ORIENTED_EDGE('',*,*,#1018,.T.);
#1449=ORIENTED_EDGE('',*,*,#951,.T.);
#1450=ORIENTED_EDGE('',*,*,#964,.F.);
#1451=ORIENTED_EDGE('',*,*,#960,.T.);
#1452=ORIENTED_EDGE('',*,*,#963,.T.);
#1453=ORIENTED_EDGE('',*,*,#957,.T.);
#1454=ORIENTED_EDGE('',*,*,#966,.F.);
#1455=ORIENTED_EDGE('',*,*,#970,.T.);
#1456=ORIENTED_EDGE('',*,*,#972,.T.);
#1457=ORIENTED_EDGE('',*,*,#967,.T.);
#1458=ORIENTED_EDGE('',*,*,#980,.F.);
#1459=ORIENTED_EDGE('',*,*,#976,.T.);
#1460=ORIENTED_EDGE('',*,*,#979,.T.);
#1461=ORIENTED_EDGE('',*,*,#973,.T.);
#1462=ORIENTED_EDGE('',*,*,#981,.F.);
#1463=ORIENTED_EDGE('',*,*,#791,.F.);
#1464=ORIENTED_EDGE('',*,*,#1017,.F.);
#1465=ORIENTED_EDGE('',*,*,#1019,.F.);
#1466=ORIENTED_EDGE('',*,*,#914,.F.);
#1467=ORIENTED_EDGE('',*,*,#954,.T.);
#1468=ORIENTED_EDGE('',*,*,#956,.T.);
#1469=ORIENTED_EDGE('',*,*,#1018,.F.);
#1470=ORIENTED_EDGE('',*,*,#1020,.T.);
#1471=ORIENTED_EDGE('',*,*,#919,.F.);
#1472=ORIENTED_EDGE('',*,*,#1020,.F.);
#1473=ORIENTED_EDGE('',*,*,#899,.T.);
#1474=ORIENTED_EDGE('',*,*,#918,.F.);
#1475=ORIENTED_EDGE('',*,*,#1021,.T.);
#1476=ORIENTED_EDGE('',*,*,#1013,.F.);
#1477=ORIENTED_EDGE('',*,*,#810,.F.);
#1478=ORIENTED_EDGE('',*,*,#989,.F.);
#1479=ORIENTED_EDGE('',*,*,#985,.T.);
#1480=ORIENTED_EDGE('',*,*,#988,.T.);
#1481=ORIENTED_EDGE('',*,*,#982,.T.);
#1482=ORIENTED_EDGE('',*,*,#991,.F.);
#1483=ORIENTED_EDGE('',*,*,#995,.T.);
#1484=ORIENTED_EDGE('',*,*,#997,.T.);
#1485=ORIENTED_EDGE('',*,*,#992,.T.);
#1486=ORIENTED_EDGE('',*,*,#1004,.F.);
#1487=ORIENTED_EDGE('',*,*,#1000,.T.);
#1488=ORIENTED_EDGE('',*,*,#1003,.T.);
#1489=ORIENTED_EDGE('',*,*,#998,.T.);
#1490=ORIENTED_EDGE('',*,*,#909,.F.);
#1491=ORIENTED_EDGE('',*,*,#903,.T.);
#1492=ORIENTED_EDGE('',*,*,#907,.T.);
#1493=ORIENTED_EDGE('',*,*,#915,.F.);
#1494=ORIENTED_EDGE('',*,*,#1019,.T.);
#1495=ORIENTED_EDGE('',*,*,#1016,.F.);
#1496=ORIENTED_EDGE('',*,*,#1022,.F.);
#1497=ORIENTED_EDGE('',*,*,#916,.F.);
#1498=ORIENTED_EDGE('',*,*,#1022,.T.);
#1499=ORIENTED_EDGE('',*,*,#1015,.F.);
#1500=ORIENTED_EDGE('',*,*,#1023,.F.);
#1501=ORIENTED_EDGE('',*,*,#917,.F.);
#1502=ORIENTED_EDGE('',*,*,#1023,.T.);
#1503=ORIENTED_EDGE('',*,*,#1014,.F.);
#1504=ORIENTED_EDGE('',*,*,#1021,.F.);
#1505=ORIENTED_EDGE('',*,*,#800,.F.);
#1506=ORIENTED_EDGE('',*,*,#786,.T.);
#1507=ORIENTED_EDGE('',*,*,#795,.F.);
#1508=ORIENTED_EDGE('',*,*,#812,.F.);
#1509=ORIENTED_EDGE('',*,*,#796,.F.);
#1510=ORIENTED_EDGE('',*,*,#1024,.T.);
#1511=ORIENTED_EDGE('',*,*,#803,.T.);
#1512=ORIENTED_EDGE('',*,*,#1024,.F.);
#1513=TOROIDAL_SURFACE('',#1621,14.2918228951997,0.5);
#1514=TOROIDAL_SURFACE('',#1820,9.88366349398948,0.5);
#1515=TOROIDAL_SURFACE('',#1829,10.2671555959449,0.5);
#1516=ADVANCED_FACE('',(#298),#1513,.T.);
#1517=ADVANCED_FACE('',(#299),#244,.T.);
#1518=ADVANCED_FACE('',(#300,#65),#245,.F.);
#1519=ADVANCED_FACE('',(#301),#56,.F.);
#1520=ADVANCED_FACE('',(#302,#66),#246,.T.);
#1521=ADVANCED_FACE('',(#303),#57,.T.);
#1522=ADVANCED_FACE('',(#304),#58,.T.);
#1523=ADVANCED_FACE('',(#305),#247,.T.);
#1524=ADVANCED_FACE('',(#306),#39,.T.);
#1525=ADVANCED_FACE('',(#307),#40,.T.);
#1526=ADVANCED_FACE('',(#308),#31,.T.);
#1527=ADVANCED_FACE('',(#309),#41,.T.);
#1528=ADVANCED_FACE('',(#310),#32,.T.);
#1529=ADVANCED_FACE('',(#311),#248,.T.);
#1530=ADVANCED_FACE('',(#312),#42,.T.);
#1531=ADVANCED_FACE('',(#313),#43,.T.);
#1532=ADVANCED_FACE('',(#314),#33,.T.);
#1533=ADVANCED_FACE('',(#315),#44,.T.);
#1534=ADVANCED_FACE('',(#316),#34,.T.);
#1535=ADVANCED_FACE('',(#317),#249,.T.);
#1536=ADVANCED_FACE('',(#318),#45,.T.);
#1537=ADVANCED_FACE('',(#319),#46,.T.);
#1538=ADVANCED_FACE('',(#320),#35,.T.);
#1539=ADVANCED_FACE('',(#321),#47,.T.);
#1540=ADVANCED_FACE('',(#322),#36,.T.);
#1541=ADVANCED_FACE('',(#323),#250,.T.);
#1542=ADVANCED_FACE('',(#324),#251,.T.);
#1543=ADVANCED_FACE('',(#325),#59,.T.);
#1544=ADVANCED_FACE('',(#326),#252,.T.);
#1545=ADVANCED_FACE('',(#327),#253,.T.);
#1546=ADVANCED_FACE('',(#328),#48,.T.);
#1547=ADVANCED_FACE('',(#329),#49,.T.);
#1548=ADVANCED_FACE('',(#330),#50,.T.);
#1549=ADVANCED_FACE('',(#331),#51,.T.);
#1550=ADVANCED_FACE('',(#332),#52,.T.);
#1551=ADVANCED_FACE('',(#333),#53,.T.);
#1552=ADVANCED_FACE('',(#334),#254,.T.);
#1553=ADVANCED_FACE('',(#335),#255,.T.);
#1554=ADVANCED_FACE('',(#336),#256,.T.);
#1555=ADVANCED_FACE('',(#337),#257,.T.);
#1556=ADVANCED_FACE('',(#338),#258,.T.);
#1557=ADVANCED_FACE('',(#339),#259,.T.);
#1558=ADVANCED_FACE('',(#340),#37,.T.);
#1559=ADVANCED_FACE('',(#341),#260,.F.);
#1560=ADVANCED_FACE('',(#342),#261,.F.);
#1561=ADVANCED_FACE('',(#343),#262,.F.);
#1562=ADVANCED_FACE('',(#344),#263,.F.);
#1563=ADVANCED_FACE('',(#345,#67),#264,.F.);
#1564=ADVANCED_FACE('',(#346),#38,.F.);
#1565=ADVANCED_FACE('',(#347),#265,.F.);
#1566=ADVANCED_FACE('',(#348),#266,.F.);
#1567=ADVANCED_FACE('',(#349),#267,.F.);
#1568=ADVANCED_FACE('',(#350),#268,.F.);
#1569=ADVANCED_FACE('',(#351),#269,.F.);
#1570=ADVANCED_FACE('',(#352),#270,.F.);
#1571=ADVANCED_FACE('',(#353),#271,.F.);
#1572=ADVANCED_FACE('',(#354),#272,.F.);
#1573=ADVANCED_FACE('',(#355),#273,.F.);
#1574=ADVANCED_FACE('',(#356),#274,.F.);
#1575=ADVANCED_FACE('',(#357),#275,.F.);
#1576=ADVANCED_FACE('',(#358),#276,.F.);
#1577=ADVANCED_FACE('',(#359),#277,.F.);
#1578=ADVANCED_FACE('',(#360),#278,.F.);
#1579=ADVANCED_FACE('',(#361),#279,.F.);
#1580=ADVANCED_FACE('',(#362),#280,.F.);
#1581=ADVANCED_FACE('',(#363),#281,.F.);
#1582=ADVANCED_FACE('',(#364),#282,.F.);
#1583=ADVANCED_FACE('',(#365),#283,.F.);
#1584=ADVANCED_FACE('',(#366),#284,.F.);
#1585=ADVANCED_FACE('',(#367),#285,.F.);
#1586=ADVANCED_FACE('',(#368),#286,.F.);
#1587=ADVANCED_FACE('',(#369),#287,.F.);
#1588=ADVANCED_FACE('',(#370),#288,.F.);
#1589=ADVANCED_FACE('',(#371),#289,.F.);
#1590=ADVANCED_FACE('',(#372),#290,.F.);
#1591=ADVANCED_FACE('',(#373),#291,.F.);
#1592=ADVANCED_FACE('',(#374),#292,.F.);
#1593=ADVANCED_FACE('',(#375),#1514,.T.);
#1594=ADVANCED_FACE('',(#376),#60,.F.);
#1595=ADVANCED_FACE('',(#377,#68),#293,.T.);
#1596=ADVANCED_FACE('',(#378),#1515,.T.);
#1597=ADVANCED_FACE('',(#379,#69),#294,.F.);
#1598=ADVANCED_FACE('',(#380,#70,#71),#295,.T.);
#1599=ADVANCED_FACE('',(#381),#61,.T.);
#1600=ADVANCED_FACE('',(#382),#54,.F.);
#1601=ADVANCED_FACE('',(#383),#62,.T.);
#1602=ADVANCED_FACE('',(#384),#296,.T.);
#1603=ADVANCED_FACE('',(#385),#63,.T.);
#1604=ADVANCED_FACE('',(#386),#297,.T.);
#1605=ADVANCED_FACE('',(#387),#64,.T.);
#1606=ADVANCED_FACE('',(#388),#55,.F.);
#1607=CLOSED_SHELL('',(#1516,#1517,#1518,#1519,#1520,#1521,#1522,#1523,
#1524,#1525,#1526,#1527,#1528,#1529,#1530,#1531,#1532,#1533,#1534,#1535,
#1536,#1537,#1538,#1539,#1540,#1541,#1542,#1543,#1544,#1545,#1546,#1547,
#1548,#1549,#1550,#1551,#1552,#1553,#1554,#1555,#1556,#1557,#1558,#1559,
#1560,#1561,#1562,#1563,#1564,#1565,#1566,#1567,#1568,#1569,#1570,#1571,
#1572,#1573,#1574,#1575,#1576,#1577,#1578,#1579,#1580,#1581,#1582,#1583,
#1584,#1585,#1586,#1587,#1588,#1589,#1590,#1591,#1592,#1593,#1594,#1595,
#1596,#1597,#1598,#1599,#1600,#1601,#1602,#1603,#1604,#1605,#1606));
#1608=DERIVED_UNIT_ELEMENT(#1610,1.);
#1609=DERIVED_UNIT_ELEMENT(#3076,-3.);
#1610=(
MASS_UNIT()
NAMED_UNIT(*)
SI_UNIT(.KILO.,.GRAM.)
);
#1611=DERIVED_UNIT((#1608,#1609));
#1612=MEASURE_REPRESENTATION_ITEM('density measure',
POSITIVE_RATIO_MEASURE(7850.),#1611);
#1613=PROPERTY_DEFINITION_REPRESENTATION(#1618,#1615);
#1614=PROPERTY_DEFINITION_REPRESENTATION(#1619,#1616);
#1615=REPRESENTATION('material name',(#1617),#3073);
#1616=REPRESENTATION('density',(#1612),#3073);
#1617=DESCRIPTIVE_REPRESENTATION_ITEM('Steel','Steel');
#1618=PROPERTY_DEFINITION('material property','material name',#3083);
#1619=PROPERTY_DEFINITION('material property','density of part',#3083);
#1620=AXIS2_PLACEMENT_3D('',#2377,#1845,#1846);
#1621=AXIS2_PLACEMENT_3D('',#2378,#1847,#1848);
#1622=AXIS2_PLACEMENT_3D('',#2392,#1849,#1850);
#1623=AXIS2_PLACEMENT_3D('',#2404,#1851,#1852);
#1624=AXIS2_PLACEMENT_3D('',#2405,#1853,#1854);
#1625=AXIS2_PLACEMENT_3D('',#2428,#1860,#1861);
#1626=AXIS2_PLACEMENT_3D('',#2429,#1862,#1863);
#1627=AXIS2_PLACEMENT_3D('',#2432,#1865,#1866);
#1628=AXIS2_PLACEMENT_3D('',#2434,#1867,#1868);
#1629=AXIS2_PLACEMENT_3D('',#2435,#1869,#1870);
#1630=AXIS2_PLACEMENT_3D('',#2465,#1871,#1872);
#1631=AXIS2_PLACEMENT_3D('',#2466,#1873,#1874);
#1632=AXIS2_PLACEMENT_3D('',#2467,#1875,#1876);
#1633=AXIS2_PLACEMENT_3D('',#2469,#1877,#1878);
#1634=AXIS2_PLACEMENT_3D('',#2472,#1880,#1881);
#1635=AXIS2_PLACEMENT_3D('',#2474,#1882,#1883);
#1636=AXIS2_PLACEMENT_3D('',#2475,#1884,#1885);
#1637=AXIS2_PLACEMENT_3D('',#2480,#1886,#1887);
#1638=AXIS2_PLACEMENT_3D('',#2481,#1888,#1889);
#1639=AXIS2_PLACEMENT_3D('',#2486,#1890,#1891);
#1640=AXIS2_PLACEMENT_3D('',#2487,#1892,#1893);
#1641=AXIS2_PLACEMENT_3D('',#2489,#1894,#1895);
#1642=AXIS2_PLACEMENT_3D('',#2498,#1899,#1900);
#1643=AXIS2_PLACEMENT_3D('',#2510,#1902,#1903);
#1644=AXIS2_PLACEMENT_3D('',#2521,#1905,#1906);
#1645=AXIS2_PLACEMENT_3D('',#2523,#1907,#1908);
#1646=AXIS2_PLACEMENT_3D('',#2527,#1910,#1911);
#1647=AXIS2_PLACEMENT_3D('',#2529,#1913,#1914);
#1648=AXIS2_PLACEMENT_3D('',#2530,#1915,#1916);
#1649=AXIS2_PLACEMENT_3D('',#2531,#1917,#1918);
#1650=AXIS2_PLACEMENT_3D('',#2544,#1920,#1921);
#1651=AXIS2_PLACEMENT_3D('',#2553,#1923,#1924);
#1652=AXIS2_PLACEMENT_3D('',#2554,#1925,#1926);
#1653=AXIS2_PLACEMENT_3D('',#2555,#1927,#1928);
#1654=AXIS2_PLACEMENT_3D('',#2556,#1929,#1930);
#1655=AXIS2_PLACEMENT_3D('',#2557,#1931,#1932);
#1656=AXIS2_PLACEMENT_3D('',#2569,#1934,#1935);
#1657=AXIS2_PLACEMENT_3D('',#2580,#1937,#1938);
#1658=AXIS2_PLACEMENT_3D('',#2582,#1939,#1940);
#1659=AXIS2_PLACEMENT_3D('',#2586,#1942,#1943);
#1660=AXIS2_PLACEMENT_3D('',#2588,#1945,#1946);
#1661=AXIS2_PLACEMENT_3D('',#2589,#1947,#1948);
#1662=AXIS2_PLACEMENT_3D('',#2590,#1949,#1950);
#1663=AXIS2_PLACEMENT_3D('',#2603,#1952,#1953);
#1664=AXIS2_PLACEMENT_3D('',#2612,#1955,#1956);
#1665=AXIS2_PLACEMENT_3D('',#2613,#1957,#1958);
#1666=AXIS2_PLACEMENT_3D('',#2614,#1959,#1960);
#1667=AXIS2_PLACEMENT_3D('',#2615,#1961,#1962);
#1668=AXIS2_PLACEMENT_3D('',#2616,#1963,#1964);
#1669=AXIS2_PLACEMENT_3D('',#2628,#1966,#1967);
#1670=AXIS2_PLACEMENT_3D('',#2639,#1969,#1970);
#1671=AXIS2_PLACEMENT_3D('',#2641,#1971,#1972);
#1672=AXIS2_PLACEMENT_3D('',#2645,#1974,#1975);
#1673=AXIS2_PLACEMENT_3D('',#2647,#1977,#1978);
#1674=AXIS2_PLACEMENT_3D('',#2648,#1979,#1980);
#1675=AXIS2_PLACEMENT_3D('',#2649,#1981,#1982);
#1676=AXIS2_PLACEMENT_3D('',#2662,#1984,#1985);
#1677=AXIS2_PLACEMENT_3D('',#2669,#1987,#1988);
#1678=AXIS2_PLACEMENT_3D('',#2670,#1989,#1990);
#1679=AXIS2_PLACEMENT_3D('',#2671,#1991,#1992);
#1680=AXIS2_PLACEMENT_3D('',#2672,#1993,#1994);
#1681=AXIS2_PLACEMENT_3D('',#2673,#1995,#1996);
#1682=AXIS2_PLACEMENT_3D('',#2676,#1998,#1999);
#1683=AXIS2_PLACEMENT_3D('',#2677,#2000,#2001);
#1684=AXIS2_PLACEMENT_3D('',#2679,#2002,#2003);
#1685=AXIS2_PLACEMENT_3D('',#2682,#2005,#2006);
#1686=AXIS2_PLACEMENT_3D('',#2683,#2007,#2008);
#1687=AXIS2_PLACEMENT_3D('',#2684,#2009,#2010);
#1688=AXIS2_PLACEMENT_3D('',#2685,#2011,#2012);
#1689=AXIS2_PLACEMENT_3D('',#2686,#2013,#2014);
#1690=AXIS2_PLACEMENT_3D('',#2689,#2016,#2017);
#1691=AXIS2_PLACEMENT_3D('',#2690,#2018,#2019);
#1692=AXIS2_PLACEMENT_3D('',#2693,#2021,#2022);
#1693=AXIS2_PLACEMENT_3D('',#2694,#2023,#2024);
#1694=AXIS2_PLACEMENT_3D('',#2710,#2026,#2027);
#1695=AXIS2_PLACEMENT_3D('',#2728,#2030,#2031);
#1696=AXIS2_PLACEMENT_3D('',#2744,#2033,#2034);
#1697=AXIS2_PLACEMENT_3D('',#2762,#2037,#2038);
#1698=AXIS2_PLACEMENT_3D('',#2778,#2040,#2041);
#1699=AXIS2_PLACEMENT_3D('',#2796,#2044,#2045);
#1700=AXIS2_PLACEMENT_3D('',#2797,#2046,#2047);
#1701=AXIS2_PLACEMENT_3D('',#2798,#2048,#2049);
#1702=AXIS2_PLACEMENT_3D('',#2799,#2050,#2051);
#1703=AXIS2_PLACEMENT_3D('',#2800,#2052,#2053);
#1704=AXIS2_PLACEMENT_3D('',#2801,#2054,#2055);
#1705=AXIS2_PLACEMENT_3D('',#2802,#2056,#2057);
#1706=AXIS2_PLACEMENT_3D('',#2803,#2058,#2059);
#1707=AXIS2_PLACEMENT_3D('',#2804,#2060,#2061);
#1708=AXIS2_PLACEMENT_3D('',#2805,#2062,#2063);
#1709=AXIS2_PLACEMENT_3D('',#2806,#2064,#2065);
#1710=AXIS2_PLACEMENT_3D('',#2807,#2066,#2067);
#1711=AXIS2_PLACEMENT_3D('',#2808,#2068,#2069);
#1712=AXIS2_PLACEMENT_3D('',#2810,#2070,#2071);
#1713=AXIS2_PLACEMENT_3D('',#2811,#2072,#2073);
#1714=AXIS2_PLACEMENT_3D('',#2812,#2074,#2075);
#1715=AXIS2_PLACEMENT_3D('',#2815,#2076,#2077);
#1716=AXIS2_PLACEMENT_3D('',#2819,#2079,#2080);
#1717=AXIS2_PLACEMENT_3D('',#2821,#2082,#2083);
#1718=AXIS2_PLACEMENT_3D('',#2824,#2084,#2085);
#1719=AXIS2_PLACEMENT_3D('',#2828,#2087,#2088);
#1720=AXIS2_PLACEMENT_3D('',#2830,#2090,#2091);
#1721=AXIS2_PLACEMENT_3D('',#2831,#2092,#2093);
#1722=AXIS2_PLACEMENT_3D('',#2832,#2094,#2095);
#1723=AXIS2_PLACEMENT_3D('',#2833,#2096,#2097);
#1724=AXIS2_PLACEMENT_3D('',#2835,#2098,#2099);
#1725=AXIS2_PLACEMENT_3D('',#2838,#2101,#2102);
#1726=AXIS2_PLACEMENT_3D('',#2839,#2103,#2104);
#1727=AXIS2_PLACEMENT_3D('',#2841,#2105,#2106);
#1728=AXIS2_PLACEMENT_3D('',#2845,#2108,#2109);
#1729=AXIS2_PLACEMENT_3D('',#2849,#2111,#2112);
#1730=AXIS2_PLACEMENT_3D('',#2852,#2114,#2115);
#1731=AXIS2_PLACEMENT_3D('',#2854,#2116,#2117);
#1732=AXIS2_PLACEMENT_3D('',#2855,#2118,#2119);
#1733=AXIS2_PLACEMENT_3D('',#2857,#2120,#2121);
#1734=AXIS2_PLACEMENT_3D('',#2859,#2122,#2123);
#1735=AXIS2_PLACEMENT_3D('',#2861,#2124,#2125);
#1736=AXIS2_PLACEMENT_3D('',#2863,#2126,#2127);
#1737=AXIS2_PLACEMENT_3D('',#2865,#2128,#2129);
#1738=AXIS2_PLACEMENT_3D('',#2867,#2130,#2131);
#1739=AXIS2_PLACEMENT_3D('',#2869,#2132,#2133);
#1740=AXIS2_PLACEMENT_3D('',#2871,#2134,#2135);
#1741=AXIS2_PLACEMENT_3D('',#2873,#2136,#2137);
#1742=AXIS2_PLACEMENT_3D('',#2875,#2138,#2139);
#1743=AXIS2_PLACEMENT_3D('',#2877,#2140,#2141);
#1744=AXIS2_PLACEMENT_3D('',#2879,#2142,#2143);
#1745=AXIS2_PLACEMENT_3D('',#2881,#2144,#2145);
#1746=AXIS2_PLACEMENT_3D('',#2883,#2146,#2147);
#1747=AXIS2_PLACEMENT_3D('',#2885,#2148,#2149);
#1748=AXIS2_PLACEMENT_3D('',#2886,#2150,#2151);
#1749=AXIS2_PLACEMENT_3D('',#2888,#2152,#2153);
#1750=AXIS2_PLACEMENT_3D('',#2890,#2154,#2155);
#1751=AXIS2_PLACEMENT_3D('',#2892,#2156,#2157);
#1752=AXIS2_PLACEMENT_3D('',#2894,#2158,#2159);
#1753=AXIS2_PLACEMENT_3D('',#2896,#2160,#2161);
#1754=AXIS2_PLACEMENT_3D('',#2897,#2162,#2163);
#1755=AXIS2_PLACEMENT_3D('',#2899,#2164,#2165);
#1756=AXIS2_PLACEMENT_3D('',#2901,#2166,#2167);
#1757=AXIS2_PLACEMENT_3D('',#2903,#2168,#2169);
#1758=AXIS2_PLACEMENT_3D('',#2905,#2170,#2171);
#1759=AXIS2_PLACEMENT_3D('',#2907,#2172,#2173);
#1760=AXIS2_PLACEMENT_3D('',#2909,#2174,#2175);
#1761=AXIS2_PLACEMENT_3D('',#2911,#2176,#2177);
#1762=AXIS2_PLACEMENT_3D('',#2913,#2178,#2179);
#1763=AXIS2_PLACEMENT_3D('',#2914,#2180,#2181);
#1764=AXIS2_PLACEMENT_3D('',#2915,#2182,#2183);
#1765=AXIS2_PLACEMENT_3D('',#2918,#2184,#2185);
#1766=AXIS2_PLACEMENT_3D('',#2921,#2188,#2189);
#1767=AXIS2_PLACEMENT_3D('',#2923,#2190,#2191);
#1768=AXIS2_PLACEMENT_3D('',#2925,#2193,#2194);
#1769=AXIS2_PLACEMENT_3D('',#2926,#2195,#2196);
#1770=AXIS2_PLACEMENT_3D('',#2927,#2197,#2198);
#1771=AXIS2_PLACEMENT_3D('',#2930,#2199,#2200);
#1772=AXIS2_PLACEMENT_3D('',#2933,#2203,#2204);
#1773=AXIS2_PLACEMENT_3D('',#2936,#2205,#2206);
#1774=AXIS2_PLACEMENT_3D('',#2939,#2209,#2210);
#1775=AXIS2_PLACEMENT_3D('',#2940,#2211,#2212);
#1776=AXIS2_PLACEMENT_3D('',#2941,#2213,#2214);
#1777=AXIS2_PLACEMENT_3D('',#2942,#2215,#2216);
#1778=AXIS2_PLACEMENT_3D('',#2943,#2217,#2218);
#1779=AXIS2_PLACEMENT_3D('',#2946,#2220,#2221);
#1780=AXIS2_PLACEMENT_3D('',#2947,#2222,#2223);
#1781=AXIS2_PLACEMENT_3D('',#2950,#2224,#2225);
#1782=AXIS2_PLACEMENT_3D('',#2953,#2228,#2229);
#1783=AXIS2_PLACEMENT_3D('',#2955,#2230,#2231);
#1784=AXIS2_PLACEMENT_3D('',#2957,#2233,#2234);
#1785=AXIS2_PLACEMENT_3D('',#2958,#2235,#2236);
#1786=AXIS2_PLACEMENT_3D('',#2959,#2237,#2238);
#1787=AXIS2_PLACEMENT_3D('',#2962,#2239,#2240);
#1788=AXIS2_PLACEMENT_3D('',#2965,#2243,#2244);
#1789=AXIS2_PLACEMENT_3D('',#2968,#2245,#2246);
#1790=AXIS2_PLACEMENT_3D('',#2971,#2249,#2250);
#1791=AXIS2_PLACEMENT_3D('',#2972,#2251,#2252);
#1792=AXIS2_PLACEMENT_3D('',#2973,#2253,#2254);
#1793=AXIS2_PLACEMENT_3D('',#2974,#2255,#2256);
#1794=AXIS2_PLACEMENT_3D('',#2975,#2257,#2258);
#1795=AXIS2_PLACEMENT_3D('',#2976,#2259,#2260);
#1796=AXIS2_PLACEMENT_3D('',#2977,#2261,#2262);
#1797=AXIS2_PLACEMENT_3D('',#2980,#2263,#2264);
#1798=AXIS2_PLACEMENT_3D('',#2983,#2267,#2268);
#1799=AXIS2_PLACEMENT_3D('',#2986,#2269,#2270);
#1800=AXIS2_PLACEMENT_3D('',#2989,#2273,#2274);
#1801=AXIS2_PLACEMENT_3D('',#2990,#2275,#2276);
#1802=AXIS2_PLACEMENT_3D('',#2991,#2277,#2278);
#1803=AXIS2_PLACEMENT_3D('',#2992,#2279,#2280);
#1804=AXIS2_PLACEMENT_3D('',#2993,#2281,#2282);
#1805=AXIS2_PLACEMENT_3D('',#2996,#2284,#2285);
#1806=AXIS2_PLACEMENT_3D('',#2997,#2286,#2287);
#1807=AXIS2_PLACEMENT_3D('',#3000,#2288,#2289);
#1808=AXIS2_PLACEMENT_3D('',#3003,#2292,#2293);
#1809=AXIS2_PLACEMENT_3D('',#3005,#2294,#2295);
#1810=AXIS2_PLACEMENT_3D('',#3007,#2297,#2298);
#1811=AXIS2_PLACEMENT_3D('',#3008,#2299,#2300);
#1812=AXIS2_PLACEMENT_3D('',#3009,#2301,#2302);
#1813=AXIS2_PLACEMENT_3D('',#3011,#2303,#2304);
#1814=AXIS2_PLACEMENT_3D('',#3013,#2306,#2307);
#1815=AXIS2_PLACEMENT_3D('',#3016,#2308,#2309);
#1816=AXIS2_PLACEMENT_3D('',#3019,#2312,#2313);
#1817=AXIS2_PLACEMENT_3D('',#3020,#2314,#2315);
#1818=AXIS2_PLACEMENT_3D('',#3021,#2316,#2317);
#1819=AXIS2_PLACEMENT_3D('',#3022,#2318,#2319);
#1820=AXIS2_PLACEMENT_3D('',#3023,#2320,#2321);
#1821=AXIS2_PLACEMENT_3D('',#3025,#2322,#2323);
#1822=AXIS2_PLACEMENT_3D('',#3027,#2324,#2325);
#1823=AXIS2_PLACEMENT_3D('',#3029,#2326,#2327);
#1824=AXIS2_PLACEMENT_3D('',#3030,#2328,#2329);
#1825=AXIS2_PLACEMENT_3D('',#3031,#2330,#2331);
#1826=AXIS2_PLACEMENT_3D('',#3034,#2333,#2334);
#1827=AXIS2_PLACEMENT_3D('',#3035,#2335,#2336);
#1828=AXIS2_PLACEMENT_3D('',#3037,#2337,#2338);
#1829=AXIS2_PLACEMENT_3D('',#3038,#2339,#2340);
#1830=AXIS2_PLACEMENT_3D('',#3039,#2341,#2342);
#1831=AXIS2_PLACEMENT_3D('',#3040,#2343,#2344);
#1832=AXIS2_PLACEMENT_3D('',#3041,#2345,#2346);
#1833=AXIS2_PLACEMENT_3D('',#3043,#2347,#2348);
#1834=AXIS2_PLACEMENT_3D('',#3047,#2350,#2351);
#1835=AXIS2_PLACEMENT_3D('',#3050,#2353,#2354);
#1836=AXIS2_PLACEMENT_3D('',#3052,#2355,#2356);
#1837=AXIS2_PLACEMENT_3D('',#3053,#2357,#2358);
#1838=AXIS2_PLACEMENT_3D('',#3057,#2359,#2360);
#1839=AXIS2_PLACEMENT_3D('',#3059,#2362,#2363);
#1840=AXIS2_PLACEMENT_3D('',#3063,#2364,#2365);
#1841=AXIS2_PLACEMENT_3D('',#3065,#2367,#2368);
#1842=AXIS2_PLACEMENT_3D('',#3067,#2370,#2371);
#1843=AXIS2_PLACEMENT_3D('',#3068,#2372,#2373);
#1844=AXIS2_PLACEMENT_3D('',#3069,#2374,#2375);
#1845=DIRECTION('axis',(0.,0.,1.));
#1846=DIRECTION('refdir',(1.,0.,0.));
#1847=DIRECTION('center_axis',(0.,0.,-1.));
#1848=DIRECTION('ref_axis',(-1.,0.,0.));
#1849=DIRECTION('center_axis',(0.,0.,1.));
#1850=DIRECTION('ref_axis',(6.40824909483037E-15,1.,0.));
#1851=DIRECTION('center_axis',(0.,0.,-1.));
#1852=DIRECTION('ref_axis',(6.40824909483037E-15,1.,0.));
#1853=DIRECTION('center_axis',(0.999847695156391,2.02903993622624E-15,-0.0174524064372835));
#1854=DIRECTION('ref_axis',(2.02816844844978E-15,-1.,-6.76346645408747E-17));
#1855=DIRECTION('',(1.92025092988609E-15,-1.,-4.80062732471523E-16));
#1856=DIRECTION('',(-0.0174524064372835,0.,-0.999847695156391));
#1857=DIRECTION('',(2.02934901591074E-15,-1.,0.));
#1858=DIRECTION('',(-2.00235840718469E-15,1.,1.54629093830602E-15));
#1859=DIRECTION('',(2.00235840718469E-15,-1.,-1.54629093830602E-15));
#1860=DIRECTION('center_axis',(0.999847695156391,2.02903993622624E-15,-0.0174524064372835));
#1861=DIRECTION('ref_axis',(0.0174524064372835,0.,0.999847695156391));
#1862=DIRECTION('center_axis',(0.,0.,1.));
#1863=DIRECTION('ref_axis',(1.,0.,0.));
#1864=DIRECTION('',(-2.43521881909288E-15,1.,6.76449671970246E-17));
#1865=DIRECTION('center_axis',(0.,0.,-1.));
#1866=DIRECTION('ref_axis',(1.,0.,0.));
#1867=DIRECTION('center_axis',(0.,0.,1.));
#1868=DIRECTION('ref_axis',(1.,0.,0.));
#1869=DIRECTION('center_axis',(0.,0.,1.));
#1870=DIRECTION('ref_axis',(-6.21481352754528E-15,-1.,0.));
#1871=DIRECTION('center_axis',(0.,0.,-1.));
#1872=DIRECTION('ref_axis',(-3.23352455922077E-15,1.,0.));
#1873=DIRECTION('center_axis',(0.,0.,1.));
#1874=DIRECTION('ref_axis',(1.,0.,0.));
#1875=DIRECTION('center_axis',(0.,0.,1.));
#1876=DIRECTION('ref_axis',(1.,-2.19128029228059E-30,0.));
#1877=DIRECTION('center_axis',(0.,0.,-1.));
#1878=DIRECTION('ref_axis',(1.,0.,0.));
#1879=DIRECTION('',(-2.43521881909288E-15,1.,0.));
#1880=DIRECTION('center_axis',(0.,0.,1.));
#1881=DIRECTION('ref_axis',(1.,-2.19128029228059E-30,0.));
#1882=DIRECTION('center_axis',(0.,0.,-1.));
#1883=DIRECTION('ref_axis',(1.,0.,0.));
#1884=DIRECTION('center_axis',(0.,2.54581193794643E-16,-1.));
#1885=DIRECTION('ref_axis',(1.,2.81686037112577E-17,7.21116255008226E-16));
#1886=DIRECTION('center_axis',(1.54804541738021E-15,-3.09609083476042E-16,
-1.));
#1887=DIRECTION('ref_axis',(1.,6.04705241164145E-17,1.54804541738021E-15));
#1888=DIRECTION('center_axis',(1.48029736616688E-15,1.48029736616688E-15,
-1.));
#1889=DIRECTION('ref_axis',(1.,-2.19128029228059E-30,1.48029736616688E-15));
#1890=DIRECTION('center_axis',(-1.47269285430532E-15,-1.54629093830603E-15,
1.));
#1891=DIRECTION('ref_axis',(1.,-2.19128029228059E-30,1.48029736616688E-15));
#1892=DIRECTION('center_axis',(-0.999847695156391,-2.43484792347149E-15,
-0.0174524064372835));
#1893=DIRECTION('ref_axis',(-2.43639938655384E-15,1.,6.76346645408747E-17));
#1894=DIRECTION('center_axis',(-0.999847695156391,-2.43484792347149E-15,
-0.0174524064372835));
#1895=DIRECTION('ref_axis',(0.0174524064372835,0.,-0.999847695156391));
#1896=DIRECTION('',(-2.46220942781893E-15,1.,1.54629093830602E-15));
#1897=DIRECTION('',(-2.46220942781893E-15,1.,1.54629093830602E-15));
#1898=DIRECTION('',(0.0174524064372835,4.25004285945306E-17,-0.999847695156391));
#1899=DIRECTION('center_axis',(0.258819045102545,-0.965925826289062,0.));
#1900=DIRECTION('ref_axis',(-0.652570029523972,-0.174855612415713,0.73727733681011));
#1901=DIRECTION('',(0.258819045102545,-0.965925826289062,-2.41905780816896E-18));
#1902=DIRECTION('center_axis',(-0.258819045102547,0.965925826289061,0.));
#1903=DIRECTION('ref_axis',(-0.962250186899051,-0.257834160496326,0.0871557427476568));
#1904=DIRECTION('',(-0.258819045102545,0.965925826289062,0.));
#1905=DIRECTION('center_axis',(1.,0.,0.));
#1906=DIRECTION('ref_axis',(0.,-0.675590207615652,0.737277336810131));
#1907=DIRECTION('center_axis',(1.,0.,0.));
#1908=DIRECTION('ref_axis',(0.,0.,1.));
#1909=DIRECTION('',(1.,0.,0.));
#1910=DIRECTION('center_axis',(-1.,0.,0.));
#1911=DIRECTION('ref_axis',(0.,-0.996194698091746,0.0871557427476577));
#1912=DIRECTION('',(-1.,0.,0.));
#1913=DIRECTION('center_axis',(-0.872471704118669,0.356689229643273,-0.334014848425566));
#1914=DIRECTION('ref_axis',(-0.488664635012877,-0.636840151158977,0.596356853200785));
#1915=DIRECTION('center_axis',(0.066727898882484,0.086961490900035,0.993974389313514));
#1916=DIRECTION('ref_axis',(-0.605093269636563,-0.788572901925817,0.109612560360707));
#1917=DIRECTION('center_axis',(0.258819045102545,0.965925826289062,0.));
#1918=DIRECTION('ref_axis',(0.652570029523955,-0.174855612415717,0.737277336810124));
#1919=DIRECTION('',(-0.258819045102545,-0.965925826289062,0.));
#1920=DIRECTION('center_axis',(0.258819045102547,0.965925826289061,0.));
#1921=DIRECTION('ref_axis',(0.,0.,1.));
#1922=DIRECTION('',(0.258819045102545,0.965925826289062,2.41905780816884E-18));
#1923=DIRECTION('center_axis',(-0.872471704118669,-0.356689229643273,0.334014848425566));
#1924=DIRECTION('ref_axis',(0.488664635012875,-0.636840151158982,0.596356853200782));
#1925=DIRECTION('center_axis',(-0.0667278988824794,0.086961490900035,0.993974389313514));
#1926=DIRECTION('ref_axis',(0.605093269636564,-0.788572901925818,0.109612560360696));
#1927=DIRECTION('center_axis',(0.,0.,1.));
#1928=DIRECTION('ref_axis',(1.,0.,0.));
#1929=DIRECTION('center_axis',(0.,0.,1.));
#1930=DIRECTION('ref_axis',(1.,0.,0.));
#1931=DIRECTION('center_axis',(-0.965925826289077,0.25881904510249,0.));
#1932=DIRECTION('ref_axis',(0.174855612415679,0.652570029523963,0.737277336810126));
#1933=DIRECTION('',(-0.965925826289077,0.25881904510249,0.));
#1934=DIRECTION('center_axis',(0.965925826289076,-0.258819045102494,0.));
#1935=DIRECTION('ref_axis',(0.257834160496273,0.962250186899066,0.0871557427476576));
#1936=DIRECTION('',(0.965925826289077,-0.25881904510249,0.));
#1937=DIRECTION('center_axis',(-0.499999999999998,-0.86602540378444,0.));
#1938=DIRECTION('ref_axis',(-0.585078282343163,0.33779510380783,0.737277336810126));
#1939=DIRECTION('center_axis',(-0.500000000000002,-0.866025403784438,0.));
#1940=DIRECTION('ref_axis',(0.,0.,1.));
#1941=DIRECTION('',(-0.499999999999998,-0.86602540378444,0.));
#1942=DIRECTION('center_axis',(0.499999999999991,0.866025403784444,0.));
#1943=DIRECTION('ref_axis',(-0.862729915662827,0.498097349045864,0.0871557427476485));
#1944=DIRECTION('',(0.499999999999998,0.86602540378444,0.));
#1945=DIRECTION('center_axis',(-0.951649032942005,-0.239389865206316,-0.192500936457591));
#1946=DIRECTION('ref_axis',(-0.307187431547184,0.741616063431685,0.596356853200779));
#1947=DIRECTION('center_axis',(0.0419469108291554,-0.101268801023402,0.993974389313514));
#1948=DIRECTION('ref_axis',(-0.380377530985496,0.918312594127158,0.109612560360694));
#1949=DIRECTION('center_axis',(0.707106781186523,-0.707106781186572,0.));
#1950=DIRECTION('ref_axis',(-0.477714417108299,-0.477714417108238,0.737277336810114));
#1951=DIRECTION('',(-0.707106781186523,0.707106781186572,0.));
#1952=DIRECTION('center_axis',(0.707106781186525,-0.70710678118657,0.));
#1953=DIRECTION('ref_axis',(0.,0.,1.));
#1954=DIRECTION('',(0.707106781186523,-0.707106781186572,4.83811561633785E-18));
#1955=DIRECTION('center_axis',(-0.591254937650975,-0.0778401892526219,-0.802719442670014));
#1956=DIRECTION('ref_axis',(-0.795852066560033,-0.104775912272707,0.596356853200789));
#1957=DIRECTION('center_axis',(0.108674809711637,0.0143073101233751,0.993974389313514));
#1958=DIRECTION('ref_axis',(-0.985470800622056,-0.129739692201336,0.109612560360694));
#1959=DIRECTION('center_axis',(0.,0.,1.));
#1960=DIRECTION('ref_axis',(1.,0.,0.));
#1961=DIRECTION('center_axis',(0.,0.,1.));
#1962=DIRECTION('ref_axis',(1.,0.,0.));
#1963=DIRECTION('center_axis',(0.707106781186529,0.707106781186566,0.));
#1964=DIRECTION('ref_axis',(0.477714417108275,-0.477714417108249,0.737277336810123));
#1965=DIRECTION('',(0.707106781186529,0.707106781186566,0.));
#1966=DIRECTION('center_axis',(-0.707106781186529,-0.707106781186566,0.));
#1967=DIRECTION('ref_axis',(0.704416026402777,-0.704416026402741,0.0871557427476564));
#1968=DIRECTION('',(-0.707106781186529,-0.707106781186566,0.));
#1969=DIRECTION('center_axis',(-0.500000000000011,0.866025403784432,0.));
#1970=DIRECTION('ref_axis',(0.585078282343154,0.337795103807837,0.73727733681013));
#1971=DIRECTION('center_axis',(-0.500000000000006,0.866025403784435,0.));
#1972=DIRECTION('ref_axis',(0.,0.,1.));
#1973=DIRECTION('',(-0.500000000000011,0.866025403784432,0.));
#1974=DIRECTION('center_axis',(0.500000000000006,-0.866025403784435,0.));
#1975=DIRECTION('ref_axis',(0.862729915662818,0.498097349045879,0.0871557427476587));
#1976=DIRECTION('',(0.500000000000011,-0.866025403784432,0.));
#1977=DIRECTION('center_axis',(0.591254937650983,-0.0778401892526186,-0.802719442670008));
#1978=DIRECTION('ref_axis',(0.795852066560025,-0.104775912272701,0.5963568532008));
#1979=DIRECTION('center_axis',(-0.108674809711641,0.0143073101233722,0.993974389313514));
#1980=DIRECTION('ref_axis',(0.985470800622056,-0.12973969220133,0.109612560360694));
#1981=DIRECTION('center_axis',(-0.965925826289077,-0.258819045102489,0.));
#1982=DIRECTION('ref_axis',(-0.17485561241568,0.652570029523961,0.737277336810127));
#1983=DIRECTION('',(0.965925826289077,0.258819045102489,0.));
#1984=DIRECTION('center_axis',(-0.965925826289076,-0.258819045102494,0.));
#1985=DIRECTION('ref_axis',(0.,0.,1.));
#1986=DIRECTION('',(-0.965925826289077,-0.258819045102489,0.));
#1987=DIRECTION('center_axis',(-0.951649032942009,0.239389865206299,0.192500936457592));
#1988=DIRECTION('ref_axis',(0.30718743154715,0.741616063431695,0.596356853200784));
#1989=DIRECTION('center_axis',(-0.0419469108291571,-0.101268801023405,0.993974389313514));
#1990=DIRECTION('ref_axis',(0.380377530985498,0.918312594127157,0.109612560360695));
#1991=DIRECTION('center_axis',(0.,0.,1.));
#1992=DIRECTION('ref_axis',(1.,0.,0.));
#1993=DIRECTION('center_axis',(0.,0.,1.));
#1994=DIRECTION('ref_axis',(1.,0.,0.));
#1995=DIRECTION('center_axis',(0.962250186899052,-0.257834160496324,0.087155742747655));
#1996=DIRECTION('ref_axis',(-0.258819045102545,-0.965925826289062,0.));
#1997=DIRECTION('',(-0.0667278988824794,0.086961490900035,0.993974389313514));
#1998=DIRECTION('center_axis',(0.962250186899052,-0.257834160496324,0.087155742747655));
#1999=DIRECTION('ref_axis',(-0.0902056697508793,0.,0.995923158253083));
#2000=DIRECTION('center_axis',(0.,0.,-1.));
#2001=DIRECTION('ref_axis',(1.,0.,0.));
#2002=DIRECTION('center_axis',(0.,0.,-1.));
#2003=DIRECTION('ref_axis',(1.,0.,0.));
#2004=DIRECTION('',(0.034899496702501,-4.27395569285714E-18,0.999390827019096));
#2005=DIRECTION('center_axis',(0.,0.,1.));
#2006=DIRECTION('ref_axis',(1.,-6.12244861837821E-17,0.));
#2007=DIRECTION('center_axis',(0.,0.,-1.));
#2008=DIRECTION('ref_axis',(1.,0.,0.));
#2009=DIRECTION('center_axis',(0.,0.,-1.));
#2010=DIRECTION('ref_axis',(1.,0.,0.));
#2011=DIRECTION('center_axis',(0.,0.,-1.));
#2012=DIRECTION('ref_axis',(1.,0.,0.));
#2013=DIRECTION('center_axis',(-0.704416026402783,-0.704416026402734,0.0871557427476581));
#2014=DIRECTION('ref_axis',(-0.707106781186523,0.707106781186572,0.));
#2015=DIRECTION('',(0.108674809711637,0.0143073101233751,0.993974389313514));
#2016=DIRECTION('center_axis',(-0.704416026402783,-0.704416026402734,0.0871557427476581));
#2017=DIRECTION('ref_axis',(0.,0.122791346617484,0.992432509138967));
#2018=DIRECTION('center_axis',(-0.257834160496268,0.962250186899067,0.0871557427476575));
#2019=DIRECTION('ref_axis',(0.965925826289077,0.258819045102489,0.));
#2020=DIRECTION('',(-0.0419469108291571,-0.101268801023405,0.993974389313514));
#2021=DIRECTION('center_axis',(-0.257834160496268,0.962250186899067,0.0871557427476575));
#2022=DIRECTION('ref_axis',(0.,0.0902056697508805,-0.995923158253083));
#2023=DIRECTION('center_axis',(0.0667278988824794,-0.086961490900035,-0.993974389313514));
#2024=DIRECTION('ref_axis',(0.605093269636575,-0.788572901925809,0.109612560360696));
#2025=DIRECTION('',(0.0667278988824794,-0.086961490900035,-0.993974389313514));
#2026=DIRECTION('center_axis',(-0.066727898882484,-0.086961490900035,-0.993974389313514));
#2027=DIRECTION('ref_axis',(-0.605093269636575,-0.788572901925809,0.109612560360696));
#2028=DIRECTION('',(-0.066727898882484,-0.086961490900035,-0.993974389313514));
#2029=DIRECTION('',(0.066727898882484,0.086961490900035,0.993974389313514));
#2030=DIRECTION('center_axis',(-0.108674809711637,-0.0143073101233751,-0.993974389313514));
#2031=DIRECTION('ref_axis',(-0.985470800622056,-0.129739692201336,0.109612560360695));
#2032=DIRECTION('',(-0.108674809711637,-0.0143073101233751,-0.993974389313514));
#2033=DIRECTION('center_axis',(-0.0419469108291554,0.101268801023402,-0.993974389313514));
#2034=DIRECTION('ref_axis',(-0.380377530985495,0.918312594127158,0.109612560360698));
#2035=DIRECTION('',(-0.0419469108291554,0.101268801023402,-0.993974389313514));
#2036=DIRECTION('',(0.0419469108291554,-0.101268801023402,0.993974389313514));
#2037=DIRECTION('center_axis',(0.0419469108291571,0.101268801023405,-0.993974389313514));
#2038=DIRECTION('ref_axis',(0.380377530985495,0.918312594127158,0.109612560360698));
#2039=DIRECTION('',(0.0419469108291571,0.101268801023405,-0.993974389313514));
#2040=DIRECTION('center_axis',(0.108674809711641,-0.0143073101233722,-0.993974389313514));
#2041=DIRECTION('ref_axis',(0.985470800622056,-0.12973969220133,0.109612560360698));
#2042=DIRECTION('',(0.108674809711641,-0.0143073101233722,-0.993974389313514));
#2043=DIRECTION('',(-0.108674809711641,0.0143073101233722,0.993974389313514));
#2044=DIRECTION('center_axis',(0.,-0.996194698091746,0.0871557427476574));
#2045=DIRECTION('ref_axis',(-1.,0.,0.));
#2046=DIRECTION('center_axis',(0.,-0.996194698091746,0.0871557427476574));
#2047=DIRECTION('ref_axis',(0.,0.0871557427476574,0.996194698091746));
#2048=DIRECTION('center_axis',(-0.962250186899052,-0.257834160496323,0.0871557427476594));
#2049=DIRECTION('ref_axis',(-0.258819045102545,0.965925826289062,0.));
#2050=DIRECTION('center_axis',(-0.962250186899052,-0.257834160496323,0.0871557427476594));
#2051=DIRECTION('ref_axis',(-0.0902056697508838,0.,-0.995923158253083));
#2052=DIRECTION('center_axis',(-0.862729915662823,0.498097349045871,0.0871557427476521));
#2053=DIRECTION('ref_axis',(0.499999999999998,0.86602540378444,0.));
#2054=DIRECTION('center_axis',(-0.862729915662823,0.498097349045871,0.0871557427476521));
#2055=DIRECTION('ref_axis',(0.,0.1723586617232,-0.985034259165126));
#2056=DIRECTION('center_axis',(0.257834160496269,0.962250186899067,0.0871557427476543));
#2057=DIRECTION('ref_axis',(0.965925826289077,-0.25881904510249,0.));
#2058=DIRECTION('center_axis',(0.257834160496269,0.962250186899067,0.0871557427476543));
#2059=DIRECTION('ref_axis',(0.,0.0902056697508772,-0.995923158253083));
#2060=DIRECTION('center_axis',(0.862729915662815,0.498097349045884,0.0871557427476565));
#2061=DIRECTION('ref_axis',(0.500000000000011,-0.866025403784432,0.));
#2062=DIRECTION('center_axis',(0.862729915662815,0.498097349045884,0.0871557427476565));
#2063=DIRECTION('ref_axis',(0.,0.172358661723204,-0.985034259165125));
#2064=DIRECTION('center_axis',(0.704416026402777,-0.70441602640274,0.0871557427476586));
#2065=DIRECTION('ref_axis',(-0.707106781186529,-0.707106781186566,0.));
#2066=DIRECTION('center_axis',(0.704416026402777,-0.70441602640274,0.0871557427476586));
#2067=DIRECTION('ref_axis',(0.,0.122791346617483,0.992432509138967));
#2068=DIRECTION('center_axis',(0.,0.,1.));
#2069=DIRECTION('ref_axis',(1.,0.,-1.16643528850833E-16));
#2070=DIRECTION('center_axis',(1.23022471834863E-16,-1.,1.30104260698259E-18));
#2071=DIRECTION('ref_axis',(-1.,-1.23022471834863E-16,1.45804411063541E-16));
#2072=DIRECTION('center_axis',(1.47269285430532E-15,1.54629093830603E-15,
-1.));
#2073=DIRECTION('ref_axis',(0.,1.,1.54629093830603E-15));
#2074=DIRECTION('center_axis',(0.973731233011072,-0.147288140227549,0.173648177666935));
#2075=DIRECTION('ref_axis',(0.149560297202213,0.988752606823762,0.));
#2076=DIRECTION('center_axis',(0.973731233011072,-0.147288140227549,0.173648177666935));
#2077=DIRECTION('ref_axis',(-0.171695088338378,0.0259708730604896,0.984807753012207));
#2078=DIRECTION('',(-0.149560297202213,-0.988752606823762,0.));
#2079=DIRECTION('center_axis',(-0.973731233011072,0.147288140227549,-0.173648177666935));
#2080=DIRECTION('ref_axis',(-0.17556293242403,0.,0.984468210131071));
#2081=DIRECTION('',(0.149560297202213,0.988752606823762,1.74915557713552E-15));
#2082=DIRECTION('center_axis',(-0.840596391731575,0.513073110385655,0.173648177666931));
#2083=DIRECTION('ref_axis',(-0.520988090128586,-0.853563946019376,0.));
#2084=DIRECTION('center_axis',(-0.840596391731575,0.513073110385655,0.173648177666931));
#2085=DIRECTION('ref_axis',(0.14821982374846,-0.0904686324370041,0.984807753012208));
#2086=DIRECTION('',(-0.520988090128587,-0.853563946019376,-2.08711363250504E-15));
#2087=DIRECTION('center_axis',(0.840596391731575,-0.513073110385655,-0.173648177666931));
#2088=DIRECTION('ref_axis',(0.,0.320584021793014,-0.947220082647647));
#2089=DIRECTION('',(0.520988090128586,0.853563946019376,0.));
#2090=DIRECTION('center_axis',(0.,0.,1.));
#2091=DIRECTION('ref_axis',(-1.,0.,0.));
#2092=DIRECTION('center_axis',(0.,0.,1.));
#2093=DIRECTION('ref_axis',(1.,0.,0.));
#2094=DIRECTION('center_axis',(0.,0.,-1.));
#2095=DIRECTION('ref_axis',(0.,1.,0.));
#2096=DIRECTION('center_axis',(-1.47269285430532E-15,-1.54629093830603E-15,
1.));
#2097=DIRECTION('ref_axis',(1.,0.,1.47269285430532E-15));
#2098=DIRECTION('center_axis',(1.47269285430532E-15,1.54629093830603E-15,
-1.));
#2099=DIRECTION('ref_axis',(1.,0.,0.));
#2100=DIRECTION('',(0.75012775929456,0.661292934134127,2.12725906254657E-15));
#2101=DIRECTION('center_axis',(1.47269285430532E-15,1.54629093830603E-15,
-1.));
#2102=DIRECTION('ref_axis',(0.,-1.,-1.54629093830603E-15));
#2103=DIRECTION('center_axis',(-1.47269285430532E-15,-1.54629093830603E-15,
1.));
#2104=DIRECTION('ref_axis',(1.,0.,1.47269285430532E-15));
#2105=DIRECTION('center_axis',(1.47269285430532E-15,1.54629093830603E-15,
-1.));
#2106=DIRECTION('ref_axis',(0.,-1.,-1.54629093830603E-15));
#2107=DIRECTION('',(0.149560297202234,-0.988752606823759,-1.30864281518053E-15));
#2108=DIRECTION('center_axis',(1.47269285430532E-15,1.54629093830603E-15,
-1.));
#2109=DIRECTION('ref_axis',(1.,0.,0.));
#2110=DIRECTION('',(2.02934901591074E-15,-1.,-1.54629093830602E-15));
#2111=DIRECTION('center_axis',(1.47269285430532E-15,1.54629093830603E-15,
-1.));
#2112=DIRECTION('ref_axis',(1.,0.,0.));
#2113=DIRECTION('',(-2.43521881909288E-15,1.,1.54629093830602E-15));
#2114=DIRECTION('center_axis',(1.47269285430532E-15,1.54629093830603E-15,
-1.));
#2115=DIRECTION('ref_axis',(1.,0.,0.));
#2116=DIRECTION('center_axis',(-1.47269285430532E-15,-1.54629093830603E-15,
1.));
#2117=DIRECTION('ref_axis',(1.,0.,0.));
#2118=DIRECTION('center_axis',(0.,0.,1.));
#2119=DIRECTION('ref_axis',(1.,0.,-1.27073822739523E-16));
#2120=DIRECTION('center_axis',(1.47269285430532E-15,1.54629093830603E-15,
-1.));
#2121=DIRECTION('ref_axis',(0.,-1.,-1.54629093830603E-15));
#2122=DIRECTION('center_axis',(0.864632543458471,-0.471441274376235,-0.173648177666931));
#2123=DIRECTION('ref_axis',(0.,0.345634006585154,-0.938369401404316));
#2124=DIRECTION('center_axis',(0.,0.,-1.));
#2125=DIRECTION('ref_axis',(0.,1.,0.));
#2126=DIRECTION('center_axis',(-0.614420887618774,0.769631914132147,-0.173648177666931));
#2127=DIRECTION('ref_axis',(0.,0.220092425457957,0.975479022970783));
#2128=DIRECTION('center_axis',(1.47269285430532E-15,1.54629093830603E-15,
-1.));
#2129=DIRECTION('ref_axis',(0.,-1.,-1.54629093830603E-15));
#2130=DIRECTION('center_axis',(0.359310345392315,-0.916920054359708,-0.17364817766693));
#2131=DIRECTION('ref_axis',(0.,0.186074586777308,-0.982535621825313));
#2132=DIRECTION('center_axis',(0.,0.,-1.));
#2133=DIRECTION('ref_axis',(0.,1.,0.));
#2134=DIRECTION('center_axis',(0.0240361517268917,0.984514384761907,-0.17364817766693));
#2135=DIRECTION('ref_axis',(0.,0.173698360865478,0.984798903041959));
#2136=DIRECTION('center_axis',(1.47269285430532E-15,1.54629093830603E-15,
-1.));
#2137=DIRECTION('ref_axis',(0.,-1.,-1.54629093830603E-15));
#2138=DIRECTION('center_axis',(-0.314137156572589,-0.933361750476975,-0.173648177666931));
#2139=DIRECTION('ref_axis',(0.,0.182907386682119,-0.983130147995228));
#2140=DIRECTION('center_axis',(0.,0.,-1.));
#2141=DIRECTION('ref_axis',(0.,1.,0.));
#2142=DIRECTION('center_axis',(0.651246408547467,0.738731633102969,-0.173648177666929));
#2143=DIRECTION('ref_axis',(0.,0.228825775388415,0.973467392632075));
#2144=DIRECTION('center_axis',(1.47269285430532E-15,1.54629093830603E-15,
-1.));
#2145=DIRECTION('ref_axis',(0.,-1.,-1.54629093830603E-15));
#2146=DIRECTION('center_axis',(-0.840596391731567,-0.513073110385669,-0.173648177666929));
#2147=DIRECTION('ref_axis',(0.,0.320584021793002,-0.947220082647652));
#2148=DIRECTION('center_axis',(0.,0.,-1.));
#2149=DIRECTION('ref_axis',(0.,1.,0.));
#2150=DIRECTION('center_axis',(0.97373123301107,0.147288140227571,-0.173648177666926));
#2151=DIRECTION('ref_axis',(-0.175562932424021,0.,-0.984468210131073));
#2152=DIRECTION('center_axis',(-0.65124640854748,0.738731633102957,-0.173648177666935));
#2153=DIRECTION('ref_axis',(0.,0.228825775388425,0.973467392632073));
#2154=DIRECTION('center_axis',(0.,0.,-1.));
#2155=DIRECTION('ref_axis',(0.,1.,0.));
#2156=DIRECTION('center_axis',(0.314137156572605,-0.93336175047697,-0.173648177666931));
#2157=DIRECTION('ref_axis',(0.,0.18290738668212,-0.983130147995227));
#2158=DIRECTION('center_axis',(1.47269285430532E-15,1.54629093830603E-15,
-1.));
#2159=DIRECTION('ref_axis',(0.,-1.,-1.54629093830603E-15));
#2160=DIRECTION('center_axis',(-1.21613619418684E-16,1.,-1.30104260698259E-18));
#2161=DIRECTION('ref_axis',(-1.,-1.21613619418684E-16,7.94211392122019E-17));
#2162=DIRECTION('center_axis',(0.,0.,1.));
#2163=DIRECTION('ref_axis',(0.,-1.,0.));
#2164=DIRECTION('center_axis',(1.47269285430532E-15,1.54629093830603E-15,
-1.));
#2165=DIRECTION('ref_axis',(0.,-1.,-1.54629093830603E-15));
#2166=DIRECTION('center_axis',(-0.0240361517269056,0.984514384761907,-0.17364817766693));
#2167=DIRECTION('ref_axis',(0.,0.173698360865479,0.984798903041959));
#2168=DIRECTION('center_axis',(0.,0.,-1.));
#2169=DIRECTION('ref_axis',(0.,1.,0.));
#2170=DIRECTION('center_axis',(-0.359310345392299,-0.916920054359714,-0.173648177666931));
#2171=DIRECTION('ref_axis',(0.,0.186074586777308,-0.982535621825313));
#2172=DIRECTION('center_axis',(1.47269285430532E-15,1.54629093830603E-15,
-1.));
#2173=DIRECTION('ref_axis',(0.,-1.,-1.54629093830603E-15));
#2174=DIRECTION('center_axis',(0.614420887618758,0.769631914132158,-0.173648177666936));
#2175=DIRECTION('ref_axis',(0.,0.220092425457961,0.975479022970782));
#2176=DIRECTION('center_axis',(0.,0.,-1.));
#2177=DIRECTION('ref_axis',(0.,1.,0.));
#2178=DIRECTION('center_axis',(-0.864632543458464,-0.47144127437625,-0.173648177666928));
#2179=DIRECTION('ref_axis',(0.,0.345634006585138,-0.938369401404321));
#2180=DIRECTION('center_axis',(1.47269285430532E-15,1.54629093830603E-15,
-1.));
#2181=DIRECTION('ref_axis',(0.,-1.,-1.54629093830603E-15));
#2182=DIRECTION('center_axis',(0.840596391731567,0.513073110385669,0.173648177666929));
#2183=DIRECTION('ref_axis',(-0.5209880901286,0.853563946019367,0.));
#2184=DIRECTION('center_axis',(0.840596391731567,0.513073110385669,0.173648177666929));
#2185=DIRECTION('ref_axis',(-0.148219823748456,-0.0904686324370052,0.984807753012208));
#2186=DIRECTION('',(0.5209880901286,-0.853563946019367,0.));
#2187=DIRECTION('',(-0.520988090128601,0.853563946019367,5.52602757483914E-16));
#2188=DIRECTION('center_axis',(-0.97373123301107,-0.147288140227571,0.173648177666926));
#2189=DIRECTION('ref_axis',(0.149560297202234,-0.988752606823759,0.));
#2190=DIRECTION('center_axis',(-0.97373123301107,-0.147288140227571,0.173648177666926));
#2191=DIRECTION('ref_axis',(0.171695088338368,0.0259708730604918,0.984807753012209));
#2192=DIRECTION('',(-0.149560297202234,0.988752606823759,0.));
#2193=DIRECTION('center_axis',(0.,0.,1.));
#2194=DIRECTION('ref_axis',(-1.,0.,0.));
#2195=DIRECTION('center_axis',(0.,0.,1.));
#2196=DIRECTION('ref_axis',(1.,0.,0.));
#2197=DIRECTION('center_axis',(0.314137156572589,0.933361750476975,0.173648177666931));
#2198=DIRECTION('ref_axis',(-0.947760359950583,0.318983228565926,0.));
#2199=DIRECTION('center_axis',(0.314137156572589,0.933361750476975,0.173648177666931));
#2200=DIRECTION('ref_axis',(-0.0553908563467874,-0.164576859370373,0.984807753012208));
#2201=DIRECTION('',(0.947760359950583,-0.318983228565926,0.));
#2202=DIRECTION('',(-0.947760359950583,0.318983228565926,-9.02519033889972E-16));
#2203=DIRECTION('center_axis',(-0.651246408547467,-0.738731633102969,0.173648177666929));
#2204=DIRECTION('ref_axis',(0.750127759294571,-0.661292934134114,0.));
#2205=DIRECTION('center_axis',(-0.651246408547467,-0.738731633102969,0.173648177666929));
#2206=DIRECTION('ref_axis',(0.114832312916406,0.130258318418879,0.984807753012208));
#2207=DIRECTION('',(0.750127759294571,-0.661292934134114,8.21565193117929E-17));
#2208=DIRECTION('',(-0.750127759294571,0.661292934134114,0.));
#2209=DIRECTION('center_axis',(0.,0.,1.));
#2210=DIRECTION('ref_axis',(-1.,0.,0.));
#2211=DIRECTION('center_axis',(0.,0.,1.));
#2212=DIRECTION('ref_axis',(1.,0.,0.));
#2213=DIRECTION('center_axis',(-1.47269285430532E-15,-1.54629093830603E-15,
1.));
#2214=DIRECTION('ref_axis',(1.,0.,1.47269285430532E-15));
#2215=DIRECTION('center_axis',(1.47269285430532E-15,1.54629093830603E-15,
-1.));
#2216=DIRECTION('ref_axis',(1.,0.,0.));
#2217=DIRECTION('center_axis',(-1.47269285430532E-15,-1.54629093830603E-15,
1.));
#2218=DIRECTION('ref_axis',(1.,0.,1.47269285430532E-15));
#2219=DIRECTION('',(0.999702106071562,-0.0244069481108091,1.43451390535012E-15));
#2220=DIRECTION('center_axis',(1.47269285430532E-15,1.54629093830603E-15,
-1.));
#2221=DIRECTION('ref_axis',(1.,0.,0.));
#2222=DIRECTION('center_axis',(-0.359310345392315,0.916920054359708,0.17364817766693));
#2223=DIRECTION('ref_axis',(-0.931065024168571,-0.364853286637215,0.));
#2224=DIRECTION('center_axis',(-0.359310345392315,0.916920054359708,0.17364817766693));
#2225=DIRECTION('ref_axis',(0.0633561083403421,-0.161677744736289,0.984807753012208));
#2226=DIRECTION('',(0.931065024168571,0.364853286637215,0.));
#2227=DIRECTION('',(-0.931065024168572,-0.364853286637214,-1.93534213892496E-15));
#2228=DIRECTION('center_axis',(-0.0240361517268917,-0.984514384761907,0.17364817766693));
#2229=DIRECTION('ref_axis',(0.999702106071562,-0.0244069481108094,0.));
#2230=DIRECTION('center_axis',(-0.0240361517268917,-0.984514384761907,0.17364817766693));
#2231=DIRECTION('ref_axis',(0.00423822206185354,0.173596448929119,0.984807753012208));
#2232=DIRECTION('',(-0.999702106071562,0.0244069481108094,0.));
#2233=DIRECTION('center_axis',(0.,0.,1.));
#2234=DIRECTION('ref_axis',(-1.,0.,0.));
#2235=DIRECTION('center_axis',(0.,0.,1.));
#2236=DIRECTION('ref_axis',(1.,0.,0.));
#2237=DIRECTION('center_axis',(-0.864632543458471,0.471441274376235,0.173648177666931));
#2238=DIRECTION('ref_axis',(-0.478714015942958,-0.87797089413019,0.));
#2239=DIRECTION('center_axis',(-0.864632543458471,0.471441274376235,0.173648177666931));
#2240=DIRECTION('ref_axis',(0.152458045810314,-0.0831278164921131,0.984807753012208));
#2241=DIRECTION('',(0.478714015942958,0.87797089413019,0.));
#2242=DIRECTION('',(-0.478714015942958,-0.87797089413019,-2.06259714822495E-15));
#2243=DIRECTION('center_axis',(0.614420887618774,-0.769631914132147,0.173648177666931));
#2244=DIRECTION('ref_axis',(0.781504726966347,0.623899320186563,0.));
#2245=DIRECTION('center_axis',(0.614420887618774,-0.769631914132147,0.173648177666931));
#2246=DIRECTION('ref_axis',(-0.108338979998034,0.135706871675798,0.984807753012208));
#2247=DIRECTION('',(0.781504726966346,0.623899320186564,2.11564629222894E-15));
#2248=DIRECTION('',(-0.781504726966347,-0.623899320186563,0.));
#2249=DIRECTION('center_axis',(0.,0.,1.));
#2250=DIRECTION('ref_axis',(-1.,0.,0.));
#2251=DIRECTION('center_axis',(0.,0.,1.));
#2252=DIRECTION('ref_axis',(1.,0.,0.));
#2253=DIRECTION('center_axis',(-1.47269285430532E-15,-1.54629093830603E-15,
1.));
#2254=DIRECTION('ref_axis',(1.,0.,1.47269285430532E-15));
#2255=DIRECTION('center_axis',(1.47269285430532E-15,1.54629093830603E-15,
-1.));
#2256=DIRECTION('ref_axis',(1.,0.,0.));
#2257=DIRECTION('center_axis',(-1.47269285430532E-15,-1.54629093830603E-15,
1.));
#2258=DIRECTION('ref_axis',(1.,0.,1.47269285430532E-15));
#2259=DIRECTION('center_axis',(1.47269285430532E-15,1.54629093830603E-15,
-1.));
#2260=DIRECTION('ref_axis',(1.,0.,0.));
#2261=DIRECTION('center_axis',(-0.614420887618758,-0.769631914132158,0.173648177666936));
#2262=DIRECTION('ref_axis',(0.781504726966359,-0.623899320186549,0.));
#2263=DIRECTION('center_axis',(-0.614420887618758,-0.769631914132158,0.173648177666936));
#2264=DIRECTION('ref_axis',(0.108338979998035,0.135706871675805,0.984807753012207));
#2265=DIRECTION('',(-0.781504726966359,0.623899320186549,0.));
#2266=DIRECTION('',(0.781504726966359,-0.623899320186549,1.86186561789438E-16));
#2267=DIRECTION('center_axis',(0.864632543458464,0.47144127437625,0.173648177666928));
#2268=DIRECTION('ref_axis',(-0.478714015942973,0.877970894130182,0.));
#2269=DIRECTION('center_axis',(0.864632543458464,0.47144127437625,0.173648177666928));
#2270=DIRECTION('ref_axis',(-0.15245804581031,-0.0831278164921141,0.984807753012208));
#2271=DIRECTION('',(-0.478714015942973,0.877970894130182,6.52599727154919E-16));
#2272=DIRECTION('',(0.478714015942973,-0.877970894130182,0.));
#2273=DIRECTION('center_axis',(0.,0.,1.));
#2274=DIRECTION('ref_axis',(-1.,0.,0.));
#2275=DIRECTION('center_axis',(0.,0.,1.));
#2276=DIRECTION('ref_axis',(1.,0.,0.));
#2277=DIRECTION('center_axis',(-1.47269285430532E-15,-1.54629093830603E-15,
1.));
#2278=DIRECTION('ref_axis',(1.,0.,1.47269285430532E-15));
#2279=DIRECTION('center_axis',(1.47269285430532E-15,1.54629093830603E-15,
-1.));
#2280=DIRECTION('ref_axis',(1.,0.,0.));
#2281=DIRECTION('center_axis',(-1.47269285430532E-15,-1.54629093830603E-15,
1.));
#2282=DIRECTION('ref_axis',(1.,0.,1.47269285430532E-15));
#2283=DIRECTION('',(-0.931065024168578,0.364853286637199,-8.07003477048404E-16));
#2284=DIRECTION('center_axis',(1.47269285430532E-15,1.54629093830603E-15,
-1.));
#2285=DIRECTION('ref_axis',(1.,0.,0.));
#2286=DIRECTION('center_axis',(0.0240361517269056,-0.984514384761907,0.17364817766693));
#2287=DIRECTION('ref_axis',(0.999702106071561,0.0244069481108234,0.));
#2288=DIRECTION('center_axis',(0.0240361517269056,-0.984514384761907,0.17364817766693));
#2289=DIRECTION('ref_axis',(-0.00423822206185577,0.173596448929119,0.984807753012208));
#2290=DIRECTION('',(-0.999702106071561,-0.0244069481108234,0.));
#2291=DIRECTION('',(0.999702106071561,0.0244069481108237,1.50999439074104E-15));
#2292=DIRECTION('center_axis',(0.359310345392299,0.916920054359714,0.173648177666931));
#2293=DIRECTION('ref_axis',(-0.931065024168578,0.364853286637199,0.));
#2294=DIRECTION('center_axis',(0.359310345392299,0.916920054359714,0.173648177666931));
#2295=DIRECTION('ref_axis',(-0.0633561083403399,-0.161677744736291,0.984807753012208));
#2296=DIRECTION('',(0.931065024168578,-0.364853286637199,0.));
#2297=DIRECTION('center_axis',(0.,0.,1.));
#2298=DIRECTION('ref_axis',(-1.,0.,0.));
#2299=DIRECTION('center_axis',(0.,0.,1.));
#2300=DIRECTION('ref_axis',(1.,0.,0.));
#2301=DIRECTION('center_axis',(0.65124640854748,-0.738731633102957,0.173648177666935));
#2302=DIRECTION('ref_axis',(0.75012775929456,0.661292934134127,0.));
#2303=DIRECTION('center_axis',(0.65124640854748,-0.738731633102957,0.173648177666935));
#2304=DIRECTION('ref_axis',(-0.114832312916411,0.130258318418881,0.984807753012207));
#2305=DIRECTION('',(-0.75012775929456,-0.661292934134127,0.));
#2306=DIRECTION('center_axis',(-0.314137156572605,0.93336175047697,0.173648177666931));
#2307=DIRECTION('ref_axis',(-0.947760359950578,-0.318983228565942,0.));
#2308=DIRECTION('center_axis',(-0.314137156572605,0.93336175047697,0.173648177666931));
#2309=DIRECTION('ref_axis',(0.0553908563467901,-0.164576859370373,0.984807753012208));
#2310=DIRECTION('',(-0.947760359950578,-0.318983228565941,-1.88900078549617E-15));
#2311=DIRECTION('',(0.947760359950578,0.318983228565942,0.));
#2312=DIRECTION('center_axis',(0.,0.,1.));
#2313=DIRECTION('ref_axis',(-1.,0.,0.));
#2314=DIRECTION('center_axis',(0.,0.,1.));
#2315=DIRECTION('ref_axis',(1.,0.,0.));
#2316=DIRECTION('center_axis',(-1.47269285430532E-15,-1.54629093830603E-15,
1.));
#2317=DIRECTION('ref_axis',(1.,0.,1.47269285430532E-15));
#2318=DIRECTION('center_axis',(1.47269285430532E-15,1.54629093830603E-15,
-1.));
#2319=DIRECTION('ref_axis',(1.,0.,0.));
#2320=DIRECTION('center_axis',(0.,0.,-1.));
#2321=DIRECTION('ref_axis',(-1.,0.,0.));
#2322=DIRECTION('center_axis',(0.,0.,1.));
#2323=DIRECTION('ref_axis',(1.,0.,0.));
#2324=DIRECTION('center_axis',(-1.23626441955279E-16,-1.,0.));
#2325=DIRECTION('ref_axis',(1.,-1.23626441955279E-16,0.));
#2326=DIRECTION('center_axis',(0.,0.,-1.));
#2327=DIRECTION('ref_axis',(1.,-6.27406411639059E-17,0.));
#2328=DIRECTION('center_axis',(0.,0.,-1.));
#2329=DIRECTION('ref_axis',(1.,-6.27406411639059E-17,0.));
#2330=DIRECTION('center_axis',(0.,0.,1.));
#2331=DIRECTION('ref_axis',(1.,0.,0.));
#2332=DIRECTION('',(0.258819045102521,-3.16961915143176E-17,-0.965925826289068));
#2333=DIRECTION('center_axis',(0.,0.,1.));
#2334=DIRECTION('ref_axis',(1.,0.,0.));
#2335=DIRECTION('center_axis',(0.,0.,1.));
#2336=DIRECTION('ref_axis',(1.,0.,0.));
#2337=DIRECTION('center_axis',(0.,0.,-1.));
#2338=DIRECTION('ref_axis',(1.,0.,0.));
#2339=DIRECTION('center_axis',(0.,0.,1.));
#2340=DIRECTION('ref_axis',(1.,0.,0.));
#2341=DIRECTION('center_axis',(1.22445508471977E-16,-1.,0.));
#2342=DIRECTION('ref_axis',(-1.,-1.22445508471977E-16,0.));
#2343=DIRECTION('center_axis',(0.,0.,1.));
#2344=DIRECTION('ref_axis',(1.,0.,0.));
#2345=DIRECTION('center_axis',(-1.47269285430532E-15,-1.54629093830603E-15,
1.));
#2346=DIRECTION('ref_axis',(1.,0.,1.47269285430532E-15));
#2347=DIRECTION('center_axis',(1.47269285430532E-15,1.54629093830603E-15,
-1.));
#2348=DIRECTION('ref_axis',(1.,0.,0.));
#2349=DIRECTION('',(-2.43521881909288E-15,1.,1.54629093830602E-15));
#2350=DIRECTION('center_axis',(1.47269285430532E-15,1.54629093830603E-15,
-1.));
#2351=DIRECTION('ref_axis',(1.,0.,0.));
#2352=DIRECTION('',(2.02934901591074E-15,-1.,-1.54629093830602E-15));
#2353=DIRECTION('center_axis',(1.47269285430532E-15,1.54629093830603E-15,
-1.));
#2354=DIRECTION('ref_axis',(1.,0.,0.));
#2355=DIRECTION('center_axis',(1.47269285430532E-15,1.54629093830603E-15,
-1.));
#2356=DIRECTION('ref_axis',(1.,0.,0.));
#2357=DIRECTION('center_axis',(0.,0.,1.));
#2358=DIRECTION('ref_axis',(1.,0.,0.));
#2359=DIRECTION('center_axis',(0.,0.,1.));
#2360=DIRECTION('ref_axis',(1.,0.,0.));
#2361=DIRECTION('',(0.,0.,-1.));
#2362=DIRECTION('center_axis',(0.,0.,1.));
#2363=DIRECTION('ref_axis',(-0.999996326929869,-0.00271037391695631,0.));
#2364=DIRECTION('center_axis',(0.999847695156391,2.05602643415185E-15,-0.0174524064372835));
#2365=DIRECTION('ref_axis',(-2.02934901591074E-15,1.,1.54629093830602E-15));
#2366=DIRECTION('',(0.0174524064372835,2.35507599532296E-19,0.999847695156391));
#2367=DIRECTION('center_axis',(0.,0.,1.));
#2368=DIRECTION('ref_axis',(1.,0.,0.));
#2369=DIRECTION('',(-0.0174524064372835,-4.22649209949983E-17,0.999847695156391));
#2370=DIRECTION('center_axis',(-0.999847695156391,-2.40786142554588E-15,
-0.0174524064372835));
#2371=DIRECTION('ref_axis',(2.43521881909288E-15,-1.,-1.54629093830602E-15));
#2372=DIRECTION('center_axis',(0.,0.,1.));
#2373=DIRECTION('ref_axis',(1.,0.,0.));
#2374=DIRECTION('center_axis',(0.,0.,-1.));
#2375=DIRECTION('ref_axis',(1.,0.,0.));
#2376=DIRECTION('',(0.,0.,1.));
#2377=CARTESIAN_POINT('',(0.,0.,0.));
#2378=CARTESIAN_POINT('Origin',(-41.1940375452371,-0.301936997035035,8.61240019435882));
#2379=CARTESIAN_POINT('',(-38.944037545237,13.8116628863311,8.11240019435882));
#2380=CARTESIAN_POINT('',(-38.9367085669084,13.3104514742781,8.53227646533438));
#2381=CARTESIAN_POINT('Ctrl Pts',(-38.9440375344801,13.8116628846163,8.11240019435882));
#2382=CARTESIAN_POINT('Ctrl Pts',(-38.9440375344801,13.7489072548332,8.11240019435882));
#2383=CARTESIAN_POINT('Ctrl Pts',(-38.9437833721233,13.6750220631634,8.12696114602527));
#2384=CARTESIAN_POINT('Ctrl Pts',(-38.9429534923822,13.5591738704217,8.17450492455004));
#2385=CARTESIAN_POINT('Ctrl Pts',(-38.9422324579999,13.4966195136611,8.21581295664433));
#2386=CARTESIAN_POINT('Ctrl Pts',(-38.9407049764824,13.4081404278406,8.30332231417575));
#2387=CARTESIAN_POINT('Ctrl Pts',(-38.9396304547526,13.3664095923725,8.3648816228485));
#2388=CARTESIAN_POINT('Ctrl Pts',(-38.9380537020491,13.3284463165737,8.45521372473149));
#2389=CARTESIAN_POINT('Ctrl Pts',(-38.9373827766374,13.316919579164,8.4936510158276));
#2390=CARTESIAN_POINT('Ctrl Pts',(-38.9367085669084,13.3104514742781,8.53227646533438));
#2391=CARTESIAN_POINT('',(-43.4513665235656,13.3104514742781,8.53227646533438));
#2392=CARTESIAN_POINT('Origin',(-41.1940375452371,-0.301936997035035,8.53227646533438));
#2393=CARTESIAN_POINT('',(-43.444037545237,13.8116628863312,8.11240019435882));
#2394=CARTESIAN_POINT('Ctrl Pts',(-43.4513665235656,13.3104514742781,8.53227646533438));
#2395=CARTESIAN_POINT('Ctrl Pts',(-43.4506923138366,13.316919579164,8.4936510158276));
#2396=CARTESIAN_POINT('Ctrl Pts',(-43.4500213884249,13.3284463165737,8.45521372473149));
#2397=CARTESIAN_POINT('Ctrl Pts',(-43.4484446357214,13.3664095923725,8.3648816228485));
#2398=CARTESIAN_POINT('Ctrl Pts',(-43.4473701139916,13.4081404278406,8.30332231417575));
#2399=CARTESIAN_POINT('Ctrl Pts',(-43.445842632474,13.4966195136611,8.21581295664433));
#2400=CARTESIAN_POINT('Ctrl Pts',(-43.4451215980918,13.5591738704217,8.17450492455004));
#2401=CARTESIAN_POINT('Ctrl Pts',(-43.4442917183507,13.6750220631634,8.12696114602527));
#2402=CARTESIAN_POINT('Ctrl Pts',(-43.4440375559939,13.7489072548333,8.11240019435882));
#2403=CARTESIAN_POINT('Ctrl Pts',(-43.4440375559939,13.8116628846163,8.11240019435882));
#2404=CARTESIAN_POINT('Origin',(-41.1940375452371,-0.301936997035035,8.11240019435882));
#2405=CARTESIAN_POINT('Origin',(-38.7714751239844,16.1105630104156,17.9984940705641));
#2406=CARTESIAN_POINT('',(-38.944037545237,16.1105630104156,8.11240019435882));
#2407=CARTESIAN_POINT('',(-38.944037545237,16.1105630104156,8.11240019435882));
#2408=CARTESIAN_POINT('',(-38.9222256887383,16.1105630104156,9.362));
#2409=CARTESIAN_POINT('',(-38.944037545237,16.1105630104156,8.11239957809448));
#2410=CARTESIAN_POINT('',(-38.9222256887383,15.988661956262,9.362));
#2411=CARTESIAN_POINT('',(-38.9222256887383,2.71217059796489,9.362));
#2412=CARTESIAN_POINT('',(-38.8698923934154,13.8520609600592,12.3601724810572));
#2413=CARTESIAN_POINT('Ctrl Pts',(-38.8698923934154,13.852060960059,12.3601724810572));
#2414=CARTESIAN_POINT('Ctrl Pts',(-38.8942226664461,14.8476553394153,10.9662920726626));
#2415=CARTESIAN_POINT('Ctrl Pts',(-38.9222256887383,15.988661956262,9.362));
#2416=CARTESIAN_POINT('',(-38.8480346807674,13.804126982553,13.6123999999999));
#2417=CARTESIAN_POINT('Ctrl Pts',(-38.8480346807674,13.804126982553,13.6124000000005));
#2418=CARTESIAN_POINT('Ctrl Pts',(-38.858944999847,13.8280685919493,12.9873482385536));
#2419=CARTESIAN_POINT('Ctrl Pts',(-38.8698923934155,13.8520609600592,12.3601724810572));
#2420=CARTESIAN_POINT('',(-38.8480346807674,13.395429320753,13.6123999999999));
#2421=CARTESIAN_POINT('',(-38.8480346807674,7.90431300669031,13.6123999999999));
#2422=CARTESIAN_POINT('',(-38.8698535119277,13.3770174066944,12.3623999999999));
#2423=CARTESIAN_POINT('Ctrl Pts',(-38.8480346807674,13.3954293207566,13.6123999999996));
#2424=CARTESIAN_POINT('Ctrl Pts',(-38.8589514334643,13.3862233611308,12.9869796568593));
#2425=CARTESIAN_POINT('Ctrl Pts',(-38.8698535119265,13.3770174015051,12.3624000000663));
#2426=CARTESIAN_POINT('',(-38.8698535119277,12.0738999995931,12.3623999999999));
#2427=CARTESIAN_POINT('',(-38.8698535119277,7.90431300669031,12.3623999999999));
#2428=CARTESIAN_POINT('Origin',(-38.9764851075491,-0.301936997035031,6.25347997821867));
#2429=CARTESIAN_POINT('Origin',(-10.1751552935462,-10.6862218144857,8.11240019435882));
#2430=CARTESIAN_POINT('',(-43.444037545237,16.1105630104156,8.11240019435882));
#2431=CARTESIAN_POINT('',(-43.444037545237,16.1105630104156,8.11240019435882));
#2432=CARTESIAN_POINT('Origin',(-41.194037545237,16.1105630104156,8.11240019435882));
#2433=CARTESIAN_POINT('',(-42.244037545237,16.1105630104156,8.11240019435882));
#2434=CARTESIAN_POINT('Origin',(-41.194037545237,16.1105630104156,8.11240019435882));
#2435=CARTESIAN_POINT('Origin',(-41.194037545237,16.1105630104156,9.35763772141162));
#2436=CARTESIAN_POINT('',(-39.1958527286495,16.024483333437,9.362));
#2437=CARTESIAN_POINT('',(-43.1922223618245,16.024483333437,9.362));
#2438=CARTESIAN_POINT('Ctrl Pts',(-39.1958527286495,16.024483333437,9.362));
#2439=CARTESIAN_POINT('Ctrl Pts',(-39.1971549752084,15.953399363849,9.46273548616281));
#2440=CARTESIAN_POINT('Ctrl Pts',(-39.202221738895,15.8837808601591,9.56204525664609));
#2441=CARTESIAN_POINT('Ctrl Pts',(-39.2105337005397,15.8162369308497,9.65898833935163));
#2442=CARTESIAN_POINT('Ctrl Pts',(-39.240085717414,15.5760939388547,10.0036559086231));
#2443=CARTESIAN_POINT('Ctrl Pts',(-39.3172937947139,15.3199688051948,10.3796344993144));
#2444=CARTESIAN_POINT('Ctrl Pts',(-39.5865864351075,14.8399862411936,11.1022033141296));
#2445=CARTESIAN_POINT('Ctrl Pts',(-39.7767501705182,14.6157538582586,11.4492589366397));
#2446=CARTESIAN_POINT('Ctrl Pts',(-40.1652248326233,14.3361158573815,11.8900102125086));
#2447=CARTESIAN_POINT('Ctrl Pts',(-40.3384034332637,14.2391416775325,12.0448376880373));
#2448=CARTESIAN_POINT('Ctrl Pts',(-40.6377784752429,14.1348607008112,12.2125484352701));
#2449=CARTESIAN_POINT('Ctrl Pts',(-40.7441923252037,14.1067855938433,12.2579256592611));
#2450=CARTESIAN_POINT('Ctrl Pts',(-40.9649337412915,14.0686655366257,12.3196246686045));
#2451=CARTESIAN_POINT('Ctrl Pts',(-41.079259885299,14.0586144912487,12.3359477759205));
#2452=CARTESIAN_POINT('Ctrl Pts',(-41.308815205175,14.0586144912487,12.3359477759205));
#2453=CARTESIAN_POINT('Ctrl Pts',(-41.4231413491825,14.0686655366257,12.3196246686045));
#2454=CARTESIAN_POINT('Ctrl Pts',(-41.6438827652703,14.1067855938433,12.2579256592611));
#2455=CARTESIAN_POINT('Ctrl Pts',(-41.7502966152311,14.1348607008112,12.2125484352701));
#2456=CARTESIAN_POINT('Ctrl Pts',(-42.0496716572103,14.2391416775325,12.0448376880373));
#2457=CARTESIAN_POINT('Ctrl Pts',(-42.2228502578507,14.3361158573815,11.8900102125086));
#2458=CARTESIAN_POINT('Ctrl Pts',(-42.6113249199557,14.6157538582586,11.4492589366397));
#2459=CARTESIAN_POINT('Ctrl Pts',(-42.8014886553665,14.8399862411936,11.1022033141296));
#2460=CARTESIAN_POINT('Ctrl Pts',(-43.0707812957601,15.3199688051949,10.3796344993144));
#2461=CARTESIAN_POINT('Ctrl Pts',(-43.14798937306,15.5760939388547,10.0036559086231));
#2462=CARTESIAN_POINT('Ctrl Pts',(-43.185853351579,15.8837808601591,9.56204525664609));
#2463=CARTESIAN_POINT('Ctrl Pts',(-43.1909201152656,15.9533993638491,9.46273548616281));
#2464=CARTESIAN_POINT('Ctrl Pts',(-43.1922223618245,16.024483333437,9.362));
#2465=CARTESIAN_POINT('Origin',(-41.194037545237,16.1105630104156,9.362));
#2466=CARTESIAN_POINT('Origin',(-10.1751552935462,-10.6862218144857,9.362));
#2467=CARTESIAN_POINT('Origin',(-41.1940375452371,-0.301936997035039,9.362));
#2468=CARTESIAN_POINT('',(-43.4658494017357,16.1105630104156,9.362));
#2469=CARTESIAN_POINT('Origin',(-41.194037545237,16.1105630104156,9.362));
#2470=CARTESIAN_POINT('',(-43.4658494017357,15.988661956262,9.362));
#2471=CARTESIAN_POINT('',(-43.4658494017357,1.35159669306285,9.362));
#2472=CARTESIAN_POINT('Origin',(-41.1940375452371,-0.301936997035039,9.362));
#2473=CARTESIAN_POINT('',(-42.244037545237,16.1105630104156,9.362));
#2474=CARTESIAN_POINT('Origin',(-41.194037545237,16.1105630104156,9.362));
#2475=CARTESIAN_POINT('Origin',(-41.1940375452371,-0.301936997035039,10.8610862405286));
#2476=CARTESIAN_POINT('',(-43.5181826970585,13.8520609600589,12.3601724810572));
#2477=CARTESIAN_POINT('Ctrl Pts',(-43.4658494017357,15.988661956262,9.362));
#2478=CARTESIAN_POINT('Ctrl Pts',(-43.4938524240292,14.8476553393601,10.9662920727401));
#2479=CARTESIAN_POINT('Ctrl Pts',(-43.5181826970585,13.8520609600591,12.3601724810572));
#2480=CARTESIAN_POINT('Origin',(-41.1940375452371,-0.301936997035039,12.3601724810572));
#2481=CARTESIAN_POINT('Origin',(-41.1940375452371,-0.30193699703504,13.6019304443394));
#2482=CARTESIAN_POINT('',(-43.5400404097066,13.804126982553,13.6123999999999));
#2483=CARTESIAN_POINT('Ctrl Pts',(-43.5400404097066,13.804126982553,13.6124000000005));
#2484=CARTESIAN_POINT('Ctrl Pts',(-43.5291300906149,13.8280685919757,12.9873482378585));
#2485=CARTESIAN_POINT('Ctrl Pts',(-43.5181826970585,13.8520609600589,12.3601724810572));
#2486=CARTESIAN_POINT('Origin',(-41.1940375452371,-0.30193699703504,13.6123999999999));
#2487=CARTESIAN_POINT('Origin',(-43.6165999664895,13.3894152006115,17.9984940705641));
#2488=CARTESIAN_POINT('',(-43.5182215785463,12.0738999995932,12.3623999999999));
#2489=CARTESIAN_POINT('Origin',(-43.4115899829248,-0.301936997035041,6.25347997821867));
#2490=CARTESIAN_POINT('',(-43.5182215785463,13.3770174066945,12.3623999999999));
#2491=CARTESIAN_POINT('',(-43.5182215785463,6.54373910178827,12.3623999999999));
#2492=CARTESIAN_POINT('',(-43.5400404097066,13.3954293207531,13.6123999999999));
#2493=CARTESIAN_POINT('Ctrl Pts',(-43.5182215785475,13.3770174014934,12.3624000000676));
#2494=CARTESIAN_POINT('Ctrl Pts',(-43.5291236570096,13.3862233611191,12.9869796568601));
#2495=CARTESIAN_POINT('Ctrl Pts',(-43.5400404097066,13.3954293207449,13.6124));
#2496=CARTESIAN_POINT('',(-43.5400404097066,6.54373910178827,13.6123999999999));
#2497=CARTESIAN_POINT('',(-43.444037545237,16.1105630104156,8.11239957809448));
#2498=CARTESIAN_POINT('Origin',(-42.9731363850858,-6.18849936513413,16.967));
#2499=CARTESIAN_POINT('',(-41.8564377697581,-11.1258754837978,16.9844311485495));
#2500=CARTESIAN_POINT('',(-41.8568171479271,-11.064870271146,17.0458140137819));
#2501=CARTESIAN_POINT('Ctrl Pts',(-41.8564377697581,-11.1258754837975,16.9844311485499));
#2502=CARTESIAN_POINT('Ctrl Pts',(-41.856448311117,-11.125816013197,16.9844906985886));
#2503=CARTESIAN_POINT('Ctrl Pts',(-41.8564588230376,-11.1257565511796,16.984550240753));
#2504=CARTESIAN_POINT('Ctrl Pts',(-41.8598660276826,-11.1064319573525,17.0039011157687));
#2505=CARTESIAN_POINT('Ctrl Pts',(-41.8605345840012,-11.0853762497867,17.0250611709758));
#2506=CARTESIAN_POINT('Ctrl Pts',(-41.8568171479271,-11.064870271146,17.0458140137819));
#2507=CARTESIAN_POINT('',(-41.7693587990999,-11.4508586265649,16.9844311485495));
#2508=CARTESIAN_POINT('',(-43.1655864224656,-6.24006619723339,16.9844311485495));
#2509=CARTESIAN_POINT('',(-41.5769087617201,-11.3992917944656,17.167));
#2510=CARTESIAN_POINT('Origin',(-41.5769087617201,-11.3992917944656,16.967));
#2511=CARTESIAN_POINT('',(-41.6649453549254,-11.0707347556982,17.167));
#2512=CARTESIAN_POINT('',(-42.9731363850858,-6.18849936513413,17.167));
#2513=CARTESIAN_POINT('Ctrl Pts',(-41.8568171479271,-11.064870271146,17.0458140137819));
#2514=CARTESIAN_POINT('Ctrl Pts',(-41.8462355133818,-11.0646839196058,17.0697648744848));
#2515=CARTESIAN_POINT('Ctrl Pts',(-41.8305095025801,-11.0648757118518,17.091468769245));
#2516=CARTESIAN_POINT('Ctrl Pts',(-41.7936269981942,-11.0657597852344,17.1267986461052));
#2517=CARTESIAN_POINT('Ctrl Pts',(-41.7696068386896,-11.066545149925,17.1422801582027));
#2518=CARTESIAN_POINT('Ctrl Pts',(-41.7180686301894,-11.068476515738,17.1622303989021));
#2519=CARTESIAN_POINT('Ctrl Pts',(-41.6906632892954,-11.069610138409,17.167));
#2520=CARTESIAN_POINT('Ctrl Pts',(-41.6649453549254,-11.0707347556982,17.167));
#2521=CARTESIAN_POINT('Origin',(-41.4440375452371,-11.3992917944656,16.967));
#2522=CARTESIAN_POINT('',(-41.5769087617201,-11.598530734084,16.9844311485495));
#2523=CARTESIAN_POINT('Origin',(-41.5769087617201,-11.3992917944656,16.967));
#2524=CARTESIAN_POINT('',(-40.8111663287541,-11.598530734084,16.9844311485495));
#2525=CARTESIAN_POINT('',(-41.4440375452371,-11.598530734084,16.9844311485495));
#2526=CARTESIAN_POINT('',(-40.8111663287541,-11.3992917944656,17.167));
#2527=CARTESIAN_POINT('Origin',(-40.8111663287541,-11.3992917944656,16.967));
#2528=CARTESIAN_POINT('',(-41.4440375452371,-11.3992917944656,17.167));
#2529=CARTESIAN_POINT('Origin',(-41.5769087617201,-11.3992917944656,16.967));
#2530=CARTESIAN_POINT('Origin',(-41.5769087617201,-11.3992917944656,16.967));
#2531=CARTESIAN_POINT('Origin',(-39.482175125094,-6.43942909959422,16.967));
#2532=CARTESIAN_POINT('',(-40.7231297355489,-11.0707347556982,17.167));
#2533=CARTESIAN_POINT('',(-40.5312579425472,-11.064870271146,17.0458140137819));
#2534=CARTESIAN_POINT('Ctrl Pts',(-40.7231297355489,-11.0707347556982,17.167));
#2535=CARTESIAN_POINT('Ctrl Pts',(-40.6974118011789,-11.069610138409,17.167));
#2536=CARTESIAN_POINT('Ctrl Pts',(-40.6700064602848,-11.068476515738,17.1622303989021));
#2537=CARTESIAN_POINT('Ctrl Pts',(-40.6184682517846,-11.066545149925,17.1422801582027));
#2538=CARTESIAN_POINT('Ctrl Pts',(-40.59444809228,-11.0657597852344,17.1267986461052));
#2539=CARTESIAN_POINT('Ctrl Pts',(-40.5575655878942,-11.0648757118518,17.091468769245));
#2540=CARTESIAN_POINT('Ctrl Pts',(-40.5418395770925,-11.0646839196058,17.0697648744848));
#2541=CARTESIAN_POINT('Ctrl Pts',(-40.5312579425472,-11.064870271146,17.0458140137819));
#2542=CARTESIAN_POINT('',(-39.482175125094,-6.43942909959422,17.167));
#2543=CARTESIAN_POINT('',(-40.6187162913743,-11.4508586265649,16.9844311485495));
#2544=CARTESIAN_POINT('Origin',(-40.8111663287541,-11.3992917944656,16.967));
#2545=CARTESIAN_POINT('',(-40.5316373207162,-11.1258754837978,16.9844311485495));
#2546=CARTESIAN_POINT('',(-39.2897250877142,-6.49099593169348,16.9844311485495));
#2547=CARTESIAN_POINT('Ctrl Pts',(-40.5312579425472,-11.064870271146,17.0458140137819));
#2548=CARTESIAN_POINT('Ctrl Pts',(-40.527540506473,-11.0853762497867,17.0250611709759));
#2549=CARTESIAN_POINT('Ctrl Pts',(-40.5282090627916,-11.1064319573524,17.0039011157687));
#2550=CARTESIAN_POINT('Ctrl Pts',(-40.5316162674366,-11.1257565511797,16.9845502407529));
#2551=CARTESIAN_POINT('Ctrl Pts',(-40.5316267793573,-11.1258160131972,16.9844906985883));
#2552=CARTESIAN_POINT('Ctrl Pts',(-40.5316373207162,-11.1258754837978,16.9844311485495));
#2553=CARTESIAN_POINT('Origin',(-40.8111663287541,-11.3992917944656,16.967));
#2554=CARTESIAN_POINT('Origin',(-40.8111663287541,-11.3992917944656,16.967));
#2555=CARTESIAN_POINT('Origin',(-41.1940375452371,-0.543511492307791,17.167));
#2556=CARTESIAN_POINT('Origin',(-41.1940375452371,-0.301936997035037,17.167));
#2557=CARTESIAN_POINT('Origin',(-45.2595078288676,4.14380095489282,16.967));
#2558=CARTESIAN_POINT('',(-50.2366431315133,5.68368766825403,16.9844311485495));
#2559=CARTESIAN_POINT('',(-50.183621378509,5.65351361306009,17.0458140137818));
#2560=CARTESIAN_POINT('Ctrl Pts',(-50.236643131513,5.6836876682539,16.9844311485499));
#2561=CARTESIAN_POINT('Ctrl Pts',(-50.2365863577827,5.68366706203819,16.9844906985886));
#2562=CARTESIAN_POINT('Ctrl Pts',(-50.2365296062048,5.68364643461983,16.984550240753));
#2563=CARTESIAN_POINT('Ctrl Pts',(-50.2180904147102,5.6769348634847,17.0039011157687));
#2564=CARTESIAN_POINT('Ctrl Pts',(-50.1995213589043,5.66698599645762,17.0250611709758));
#2565=CARTESIAN_POINT('Ctrl Pts',(-50.183621378509,5.65351361306009,17.0458140137818));
#2566=CARTESIAN_POINT('',(-50.5616262742804,5.77076663891218,16.9844311485495));
#2567=CARTESIAN_POINT('',(-45.2079409967684,4.33625099227263,16.9844311485495));
#2568=CARTESIAN_POINT('',(-50.6131931063796,5.57831660153237,17.167));
#2569=CARTESIAN_POINT('Origin',(-50.6131931063796,5.57831660153237,16.967));
#2570=CARTESIAN_POINT('',(-50.2846360676122,5.49028000832709,17.167));
#2571=CARTESIAN_POINT('',(-45.2595078288676,4.14380095489282,17.167));
#2572=CARTESIAN_POINT('Ctrl Pts',(-50.183621378509,5.65351361306009,17.0458140137818));
#2573=CARTESIAN_POINT('Ctrl Pts',(-50.1887508106138,5.64425647296022,17.0697648744847));
#2574=CARTESIAN_POINT('Ctrl Pts',(-50.1967799129719,5.63073324422874,17.0914687692449));
#2575=CARTESIAN_POINT('Ctrl Pts',(-50.215986795173,5.59923409516669,17.1267986461053));
#2576=CARTESIAN_POINT('Ctrl Pts',(-50.2286770206986,5.57882470917808,17.1422801582027));
#2577=CARTESIAN_POINT('Ctrl Pts',(-50.2561187368068,5.53515699425786,17.1622303989021));
#2578=CARTESIAN_POINT('Ctrl Pts',(-50.2708031532852,5.51199008417973,17.167));
#2579=CARTESIAN_POINT('Ctrl Pts',(-50.2846360676122,5.49028000832708,17.167));
#2580=CARTESIAN_POINT('Origin',(-50.7319311270743,5.37265631689907,16.967));
#2581=CARTESIAN_POINT('',(-50.7857390895122,5.67793607134154,16.9844311485495));
#2582=CARTESIAN_POINT('Origin',(-50.6131931063796,5.57831660153237,16.967));
#2583=CARTESIAN_POINT('',(-51.1686103059952,5.01478367163733,16.9844311485495));
#2584=CARTESIAN_POINT('',(-50.9044771102069,5.47227578670824,16.9844311485495));
#2585=CARTESIAN_POINT('',(-50.9960643228626,4.91516420182816,17.167));
#2586=CARTESIAN_POINT('Origin',(-50.9960643228626,4.91516420182816,16.967));
#2587=CARTESIAN_POINT('',(-50.7319311270743,5.37265631689907,17.167));
#2588=CARTESIAN_POINT('Origin',(-50.6131931063796,5.57831660153236,16.967));
#2589=CARTESIAN_POINT('Origin',(-50.6131931063796,5.57831660153236,16.967));
#2590=CARTESIAN_POINT('Origin',(-47.2222999834709,1.14139986243621,16.967));
#2591=CARTESIAN_POINT('',(-50.7555438773005,4.67464375626602,17.167));
#2592=CARTESIAN_POINT('',(-50.846400981199,4.50554566698078,17.0458140137818));
#2593=CARTESIAN_POINT('Ctrl Pts',(-50.7555438773005,4.67464375626602,17.167));
#2594=CARTESIAN_POINT('Ctrl Pts',(-50.7674288973435,4.65180906312412,17.167));
#2595=CARTESIAN_POINT('Ctrl Pts',(-50.7801498217591,4.62750853037503,17.1622303989021));
#2596=CARTESIAN_POINT('Ctrl Pts',(-50.8042463141512,4.5819094496418,17.1422801582027));
#2597=CARTESIAN_POINT('Ctrl Pts',(-50.8155762481301,4.56071469896257,17.1267986461053));
#2598=CARTESIAN_POINT('Ctrl Pts',(-50.8332518703149,4.52833147651791,17.0914687692449));
#2599=CARTESIAN_POINT('Ctrl Pts',(-50.8409487787585,4.51461645554045,17.0697648744847));
#2600=CARTESIAN_POINT('Ctrl Pts',(-50.846400981199,4.50554566698077,17.0458140137818));
#2601=CARTESIAN_POINT('',(-47.2222999834709,1.14139986243621,17.167));
#2602=CARTESIAN_POINT('',(-51.1369475281432,4.77428099654761,16.9844311485495));
#2603=CARTESIAN_POINT('Origin',(-50.9960643228626,4.91516420182815,16.967));
#2604=CARTESIAN_POINT('',(-50.8990433560343,4.53637682443869,16.9844311485495));
#2605=CARTESIAN_POINT('',(-47.3631831887515,1.00051665715566,16.9844311485495));
#2606=CARTESIAN_POINT('Ctrl Pts',(-50.846400981199,4.50554566698078,17.0458140137818));
#2607=CARTESIAN_POINT('Ctrl Pts',(-50.8660183976684,4.51257926222399,17.0250611709758));
#2608=CARTESIAN_POINT('Ctrl Pts',(-50.8839188971557,4.52368610276262,17.0039011157687));
#2609=CARTESIAN_POINT('Ctrl Pts',(-50.8989508840054,4.5362991254547,16.9845502407528));
#2610=CARTESIAN_POINT('Ctrl Pts',(-50.8989971236628,4.53633796005384,16.9844906985883));
#2611=CARTESIAN_POINT('Ctrl Pts',(-50.8990433560343,4.53637682443869,16.9844311485495));
#2612=CARTESIAN_POINT('Origin',(-50.9960643228626,4.91516420182816,16.967));
#2613=CARTESIAN_POINT('Origin',(-50.9960643228626,4.91516420182816,16.967));
#2614=CARTESIAN_POINT('Origin',(-41.1940375452371,-0.543511492307791,17.167));
#2615=CARTESIAN_POINT('Origin',(-41.1940375452371,-0.301936997035037,17.167));
#2616=CARTESIAN_POINT('Origin',(-35.3494684217579,0.957706547681669,16.967));
#2617=CARTESIAN_POINT('',(-31.4890317344399,4.53637682443873,16.9844311485495));
#2618=CARTESIAN_POINT('',(-31.5416741092753,4.5055456669808,17.0458140137819));
#2619=CARTESIAN_POINT('Ctrl Pts',(-31.4890317344402,4.53637682443849,16.9844311485499));
#2620=CARTESIAN_POINT('Ctrl Pts',(-31.4890779668116,4.53633796005372,16.9844906985886));
#2621=CARTESIAN_POINT('Ctrl Pts',(-31.4891242064689,4.53629912545466,16.984550240753));
#2622=CARTESIAN_POINT('Ctrl Pts',(-31.5041561933185,4.52368610276265,17.0039011157687));
#2623=CARTESIAN_POINT('Ctrl Pts',(-31.5220566928058,4.51257926222402,17.0250611709759));
#2624=CARTESIAN_POINT('Ctrl Pts',(-31.5416741092753,4.5055456669808,17.0458140137819));
#2625=CARTESIAN_POINT('',(-31.2511275623311,4.7742809965476,16.9844311485495));
#2626=CARTESIAN_POINT('',(-35.2085852164773,0.816823342401119,16.9844311485495));
#2627=CARTESIAN_POINT('',(-31.3920107676116,4.91516420182815,17.167));
#2628=CARTESIAN_POINT('Origin',(-31.3920107676116,4.91516420182815,16.967));
#2629=CARTESIAN_POINT('',(-31.6325312131737,4.67464375626602,17.167));
#2630=CARTESIAN_POINT('',(-35.3494684217579,0.957706547681669,17.167));
#2631=CARTESIAN_POINT('Ctrl Pts',(-31.5416741092753,4.5055456669808,17.0458140137819));
#2632=CARTESIAN_POINT('Ctrl Pts',(-31.5471263117157,4.51461645554047,17.0697648744848));
#2633=CARTESIAN_POINT('Ctrl Pts',(-31.5548232201593,4.52833147651792,17.091468769245));
#2634=CARTESIAN_POINT('Ctrl Pts',(-31.5724988423441,4.56071469896257,17.1267986461053));
#2635=CARTESIAN_POINT('Ctrl Pts',(-31.5838287763231,4.58190944964179,17.1422801582027));
#2636=CARTESIAN_POINT('Ctrl Pts',(-31.6079252687151,4.62750853037502,17.1622303989021));
#2637=CARTESIAN_POINT('Ctrl Pts',(-31.6206461931308,4.65180906312411,17.167));
#2638=CARTESIAN_POINT('Ctrl Pts',(-31.6325312131737,4.67464375626602,17.167));
#2639=CARTESIAN_POINT('Origin',(-31.4061439634,4.93964361500693,16.967));
#2640=CARTESIAN_POINT('',(-31.2194647844791,5.01478367163732,16.9844311485495));
#2641=CARTESIAN_POINT('Origin',(-31.3920107676116,4.91516420182815,16.967));
#2642=CARTESIAN_POINT('',(-31.6023360009621,5.67793607134154,16.9844311485495));
#2643=CARTESIAN_POINT('',(-31.2335979802674,5.0392630848161,16.9844311485495));
#2644=CARTESIAN_POINT('',(-31.7748819840946,5.57831660153237,17.167));
#2645=CARTESIAN_POINT('Origin',(-31.7748819840946,5.57831660153237,16.967));
#2646=CARTESIAN_POINT('',(-31.4061439634,4.93964361500693,17.167));
#2647=CARTESIAN_POINT('Origin',(-31.3920107676116,4.91516420182815,16.967));
#2648=CARTESIAN_POINT('Origin',(-31.3920107676116,4.91516420182815,16.967));
#2649=CARTESIAN_POINT('Origin',(-36.8776375271465,4.21103737459835,16.967));
#2650=CARTESIAN_POINT('',(-32.103439022862,5.49028000832709,17.167));
#2651=CARTESIAN_POINT('',(-32.2044536908594,5.65351363521933,17.0458139550715));
#2652=CARTESIAN_POINT('Ctrl Pts',(-32.103439022862,5.49028000832709,17.167));
#2653=CARTESIAN_POINT('Ctrl Pts',(-32.1172719371891,5.51199008417974,17.167));
#2654=CARTESIAN_POINT('Ctrl Pts',(-32.1319563536674,5.53515699425786,17.1622303989021));
#2655=CARTESIAN_POINT('Ctrl Pts',(-32.1593980697756,5.57882470917808,17.1422801582027));
#2656=CARTESIAN_POINT('Ctrl Pts',(-32.1720882953012,5.59923409516669,17.1267986461053));
#2657=CARTESIAN_POINT('Ctrl Pts',(-32.1912951842898,5.63073325536017,17.0914687567598));
#2658=CARTESIAN_POINT('Ctrl Pts',(-32.1993242913831,5.64425649241043,17.0697648425999));
#2659=CARTESIAN_POINT('Ctrl Pts',(-32.2044537232094,5.65351363335259,17.0458139612793));
#2660=CARTESIAN_POINT('',(-36.8776375271465,4.21103737459835,17.167));
#2661=CARTESIAN_POINT('',(-31.8264488161939,5.77076663891218,16.9844311485495));
#2662=CARTESIAN_POINT('Origin',(-31.7748819840946,5.57831660153236,16.967));
#2663=CARTESIAN_POINT('',(-32.1514319589609,5.68368766825404,16.9844311485495));
#2664=CARTESIAN_POINT('',(-36.9292043592458,4.40348741197817,16.9844311485495));
#2665=CARTESIAN_POINT('Ctrl Pts',(-32.2044536779124,5.65351364191367,17.0458139693358));
#2666=CARTESIAN_POINT('Ctrl Pts',(-32.188652548413,5.66690225889228,17.0251901521514));
#2667=CARTESIAN_POINT('Ctrl Pts',(-32.1701487547148,5.67689434448776,17.0040632197066));
#2668=CARTESIAN_POINT('Ctrl Pts',(-32.1514319589609,5.68368766825404,16.9844311485495));
#2669=CARTESIAN_POINT('Origin',(-31.7748819840946,5.57831660153236,16.967));
#2670=CARTESIAN_POINT('Origin',(-31.7748819840946,5.57831660153236,16.967));
#2671=CARTESIAN_POINT('Origin',(-41.1940375452371,-0.543511492307791,17.167));
#2672=CARTESIAN_POINT('Origin',(-41.1940375452371,-0.301936997035037,17.167));
#2673=CARTESIAN_POINT('Origin',(-40.6940375452371,-11.551936997035,17.517));
#2674=CARTESIAN_POINT('',(-40.5938422508355,-11.4832751073202,16.6139090780451));
#2675=CARTESIAN_POINT('',(-40.6560145078277,-11.4022506445211,17.5400229256415));
#2676=CARTESIAN_POINT('Origin',(-36.9985629623513,-1.42611102338471,6.67219231416265));
#2677=CARTESIAN_POINT('Origin',(-41.1940375452371,-0.301936997035037,17.9999995231628));
#2678=CARTESIAN_POINT('',(-51.977358439296,-0.301936997035036,17.0458139612793));
#2679=CARTESIAN_POINT('Origin',(-41.1940375452371,-0.301936997035037,17.0458140137819));
#2680=CARTESIAN_POINT('',(-51.9608885546916,-0.301936997035037,17.5174497483513));
#2681=CARTESIAN_POINT('',(-51.9440375452371,-0.301936997035036,17.9999995231628));
#2682=CARTESIAN_POINT('Origin',(-41.1940375452371,-0.301936997035037,17.5174497483513));
#2683=CARTESIAN_POINT('Origin',(-41.1940375452371,-0.301936997035037,17.0458140137819));
#2684=CARTESIAN_POINT('Origin',(-41.1940375452371,-0.301936997035037,17.0458140137819));
#2685=CARTESIAN_POINT('Origin',(-41.1940375452371,-0.301936997035037,17.0458140137819));
#2686=CARTESIAN_POINT('Origin',(-51.1868233378121,4.89005030107275,17.517));
#2687=CARTESIAN_POINT('',(-51.177458044248,4.76894768592385,16.613909078045));
#2688=CARTESIAN_POINT('',(-51.0762026726399,4.7822782084902,17.5400229256415));
#2689=CARTESIAN_POINT('Origin',(-44.2653381017736,-3.37323755357136,6.67219231416269));
#2690=CARTESIAN_POINT('Origin',(-31.7012517526622,5.75607570485718,17.517));
#2691=CARTESIAN_POINT('',(-31.8108123406279,5.80851643029122,16.6139090780451));
#2692=CARTESIAN_POINT('',(-31.8498954552438,5.71416144492582,17.5400229256415));
#2693=CARTESIAN_POINT('Origin',(-42.3182115715866,3.89353758585102,6.67219231416268));
#2694=CARTESIAN_POINT('Origin',(-40.8484645452075,-11.3506838124219,17.522591777092));
#2695=CARTESIAN_POINT('',(-40.7748932333304,-11.6458027523917,16.444109506835));
#2696=CARTESIAN_POINT('',(-40.8484645452075,-11.5499227520402,17.5400229256415));
#2697=CARTESIAN_POINT('Ctrl Pts',(-40.5938422508355,-11.4832751073202,16.6139090780451));
#2698=CARTESIAN_POINT('Ctrl Pts',(-40.5967540111172,-11.5003298556982,16.59560328654));
#2699=CARTESIAN_POINT('Ctrl Pts',(-40.6017653869477,-11.5179001028787,16.5767658356035));
#2700=CARTESIAN_POINT('Ctrl Pts',(-40.6199580006655,-11.5590291873276,16.5328010300344));
#2701=CARTESIAN_POINT('Ctrl Pts',(-40.6356518362349,-11.5819880111907,16.5083671227515));
#2702=CARTESIAN_POINT('Ctrl Pts',(-40.6565633074549,-11.6007743745407,16.4886519864296));
#2703=CARTESIAN_POINT('Ctrl Pts',(-40.6732713426764,-11.6157844719763,16.4728998096173));
#2704=CARTESIAN_POINT('Ctrl Pts',(-40.6980886495129,-11.6308469685957,16.4573770606654));
#2705=CARTESIAN_POINT('Ctrl Pts',(-40.7339347328623,-11.6415767282479,16.4470630937886));
#2706=CARTESIAN_POINT('Ctrl Pts',(-40.7459418906721,-11.644001951113,16.4448923826869));
#2707=CARTESIAN_POINT('Ctrl Pts',(-40.7637360007615,-11.64559158328,16.4438802422209));
#2708=CARTESIAN_POINT('Ctrl Pts',(-40.7693627078318,-11.6458248941332,16.4438564255715));
#2709=CARTESIAN_POINT('Ctrl Pts',(-40.7748932333304,-11.6458027523917,16.444109506835));
#2710=CARTESIAN_POINT('Origin',(-41.5406801448169,-11.3520777416945,17.5066590925996));
#2711=CARTESIAN_POINT('',(-41.7942328396387,-11.4832751073202,16.6139090780451));
#2712=CARTESIAN_POINT('',(-41.7331301821967,-11.4036445737937,17.5240902411492));
#2713=CARTESIAN_POINT('',(-41.6131818571439,-11.6458027523917,16.444109506835));
#2714=CARTESIAN_POINT('Ctrl Pts',(-41.6131818571439,-11.6458027523917,16.444109506835));
#2715=CARTESIAN_POINT('Ctrl Pts',(-41.6187123826425,-11.6458248941332,16.4438564255715));
#2716=CARTESIAN_POINT('Ctrl Pts',(-41.6243390897127,-11.64559158328,16.4438802422209));
#2717=CARTESIAN_POINT('Ctrl Pts',(-41.6421331998021,-11.644001951113,16.4448923826869));
#2718=CARTESIAN_POINT('Ctrl Pts',(-41.6541403576119,-11.6415767282479,16.4470630937886));
#2719=CARTESIAN_POINT('Ctrl Pts',(-41.6899864409613,-11.6308469685957,16.4573770606654));
#2720=CARTESIAN_POINT('Ctrl Pts',(-41.7148037477978,-11.6157844719763,16.4728998096173));
#2721=CARTESIAN_POINT('Ctrl Pts',(-41.7315117830193,-11.6007743745407,16.4886519864296));
#2722=CARTESIAN_POINT('Ctrl Pts',(-41.7524232542393,-11.5819880111907,16.5083671227515));
#2723=CARTESIAN_POINT('Ctrl Pts',(-41.7681170898087,-11.5590291873276,16.5328010300344));
#2724=CARTESIAN_POINT('Ctrl Pts',(-41.7863097035266,-11.5179001028787,16.5767658356035));
#2725=CARTESIAN_POINT('Ctrl Pts',(-41.791321079357,-11.5003298556982,16.59560328654));
#2726=CARTESIAN_POINT('Ctrl Pts',(-41.7942328396387,-11.4832751073202,16.6139090780451));
#2727=CARTESIAN_POINT('',(-41.5406801448169,-11.5513166813128,17.5240902411492));
#2728=CARTESIAN_POINT('Origin',(-50.9353194673593,4.92316141377075,17.522591777092));
#2729=CARTESIAN_POINT('',(-51.2276856224497,5.00700625868032,16.444109506835));
#2730=CARTESIAN_POINT('',(-51.1078654504919,5.02278088357992,17.5400229256415));
#2731=CARTESIAN_POINT('Ctrl Pts',(-51.177458044248,4.76894768592386,16.613909078045));
#2732=CARTESIAN_POINT('Ctrl Pts',(-51.1907720094576,4.77999671848658,16.59560328654));
#2733=CARTESIAN_POINT('Ctrl Pts',(-51.2034826019514,4.79312182085391,16.5767658356035));
#2734=CARTESIAN_POINT('Ctrl Pts',(-51.2300051270597,4.82944162871924,16.5328010300344));
#2735=CARTESIAN_POINT('Ctrl Pts',(-51.2420411339814,4.85451230093672,16.5083671227515));
#2736=CARTESIAN_POINT('Ctrl Pts',(-51.2478548662772,4.88201534791873,16.4886519864296));
#2737=CARTESIAN_POINT('Ctrl Pts',(-51.252499974359,4.90398997958568,16.4728998096173));
#2738=CARTESIAN_POINT('Ctrl Pts',(-51.2531358256576,4.93301364606933,16.4573770606654));
#2739=CARTESIAN_POINT('Ctrl Pts',(-51.2445050284182,4.96942214470217,16.4470630937886));
#2740=CARTESIAN_POINT('Ctrl Pts',(-51.2406017541243,4.98103325982526,16.4448923826868));
#2741=CARTESIAN_POINT('Ctrl Pts',(-51.2330813609189,4.99723822728386,16.4438802422209));
#2742=CARTESIAN_POINT('Ctrl Pts',(-51.2304700605096,5.00222775397301,16.4438564255715));
#2743=CARTESIAN_POINT('Ctrl Pts',(-51.2276856224497,5.00700625868032,16.444109506835));
#2744=CARTESIAN_POINT('Origin',(-50.5904188457158,5.52333467256467,17.5066590925996));
#2745=CARTESIAN_POINT('',(-50.5772627498463,5.80851643029122,16.613909078045));
#2746=CARTESIAN_POINT('',(-50.5388520136165,5.71578470994449,17.5240902411492));
#2747=CARTESIAN_POINT('',(-50.808541310543,5.73298550260629,16.4441095068349));
#2748=CARTESIAN_POINT('Ctrl Pts',(-50.808541310543,5.73298550260628,16.444109506835));
#2749=CARTESIAN_POINT('Ctrl Pts',(-50.8057952231043,5.73778614905509,16.4438564255715));
#2750=CARTESIAN_POINT('Ctrl Pts',(-50.8027798164432,5.74254236489099,16.4438802422209));
#2751=CARTESIAN_POINT('Ctrl Pts',(-50.7925060995593,5.75715770018268,16.4448923826868));
#2752=CARTESIAN_POINT('Ctrl Pts',(-50.7844022160434,5.76634359244063,16.4470630937886));
#2753=CARTESIAN_POINT('Ctrl Pts',(-50.7571869299334,5.7920223314213,16.4573770606654));
#2754=CARTESIAN_POINT('Ctrl Pts',(-50.7317337717983,5.80598350128552,16.4728998096173));
#2755=CARTESIAN_POINT('Ctrl Pts',(-50.710380628495,5.81294803551683,16.4886519864296));
#2756=CARTESIAN_POINT('Ctrl Pts',(-50.6836554249792,5.82166471914887,16.5083671227515));
#2757=CARTESIAN_POINT('Ctrl Pts',(-50.6559255824881,5.82377656750325,16.5328010300344));
#2758=CARTESIAN_POINT('Ctrl Pts',(-50.611210443662,5.81896729091966,16.5767658356035));
#2759=CARTESIAN_POINT('Ctrl Pts',(-50.5934884753377,5.8145221461065,16.59560328654));
#2760=CARTESIAN_POINT('Ctrl Pts',(-50.5772627498463,5.80851643029122,16.613909078045));
#2761=CARTESIAN_POINT('',(-50.7629648288484,5.62295414237385,17.5240902411492));
#2762=CARTESIAN_POINT('Origin',(-31.7983286231445,5.521711407546,17.522591777092));
#2763=CARTESIAN_POINT('',(-31.5795337799313,5.73298550260628,16.444109506835));
#2764=CARTESIAN_POINT('',(-31.625782640012,5.62133087735518,17.5400229256415));
#2765=CARTESIAN_POINT('Ctrl Pts',(-31.8108123406279,5.80851643029121,16.6139090780451));
#2766=CARTESIAN_POINT('Ctrl Pts',(-31.7945866151365,5.8145221461065,16.5956032865401));
#2767=CARTESIAN_POINT('Ctrl Pts',(-31.7768646468122,5.81896729091965,16.5767658356036));
#2768=CARTESIAN_POINT('Ctrl Pts',(-31.7321495079862,5.82377656750324,16.5328010300345));
#2769=CARTESIAN_POINT('Ctrl Pts',(-31.704419665495,5.82166471914886,16.5083671227515));
#2770=CARTESIAN_POINT('Ctrl Pts',(-31.6776944619792,5.81294803551682,16.4886519864297));
#2771=CARTESIAN_POINT('Ctrl Pts',(-31.6563413186759,5.80598350128552,16.4728998096174));
#2772=CARTESIAN_POINT('Ctrl Pts',(-31.6308881605408,5.7920223314213,16.4573770606655));
#2773=CARTESIAN_POINT('Ctrl Pts',(-31.6036728744308,5.76634359244063,16.4470630937887));
#2774=CARTESIAN_POINT('Ctrl Pts',(-31.5955689909149,5.75715770018268,16.4448923826869));
#2775=CARTESIAN_POINT('Ctrl Pts',(-31.585295274031,5.74254236489099,16.4438802422209));
#2776=CARTESIAN_POINT('Ctrl Pts',(-31.5822798673699,5.73778614905509,16.4438564255716));
#2777=CARTESIAN_POINT('Ctrl Pts',(-31.5795337799313,5.73298550260628,16.444109506835));
#2778=CARTESIAN_POINT('Origin',(-31.4510136451786,4.92293207802469,17.5066590925996));
#2779=CARTESIAN_POINT('',(-31.2106170462263,4.76894768592385,16.6139090780451));
#2780=CARTESIAN_POINT('',(-31.3101304398981,4.78204887274414,17.5240902411492));
#2781=CARTESIAN_POINT('',(-31.1603894680245,5.00700625868032,16.444109506835));
#2782=CARTESIAN_POINT('Ctrl Pts',(-31.1603894680245,5.00700625868032,16.444109506835));
#2783=CARTESIAN_POINT('Ctrl Pts',(-31.1576050299646,5.00222775397301,16.4438564255716));
#2784=CARTESIAN_POINT('Ctrl Pts',(-31.1549937295554,4.99723822728385,16.4438802422209));
#2785=CARTESIAN_POINT('Ctrl Pts',(-31.1474733363499,4.98103325982526,16.4448923826869));
#2786=CARTESIAN_POINT('Ctrl Pts',(-31.143570062056,4.96942214470217,16.4470630937886));
#2787=CARTESIAN_POINT('Ctrl Pts',(-31.1349392648166,4.93301364606933,16.4573770606654));
#2788=CARTESIAN_POINT('Ctrl Pts',(-31.1355751161152,4.90398997958567,16.4728998096174));
#2789=CARTESIAN_POINT('Ctrl Pts',(-31.140220224197,4.88201534791873,16.4886519864297));
#2790=CARTESIAN_POINT('Ctrl Pts',(-31.1463472687897,4.85303011318124,16.5094296062528));
#2791=CARTESIAN_POINT('Ctrl Pts',(-31.1592937661072,4.82693246920721,16.5352641114696));
#2792=CARTESIAN_POINT('Ctrl Pts',(-31.1863795629589,4.79129902560345,16.5794027270056));
#2793=CARTESIAN_POINT('Ctrl Pts',(-31.1981856828002,4.7792642623255,16.5968168036236));
#2794=CARTESIAN_POINT('Ctrl Pts',(-31.2106170462263,4.76894768592385,16.6139090780451));
#2795=CARTESIAN_POINT('',(-31.2784676620461,5.02255154783387,17.5240902411492));
#2796=CARTESIAN_POINT('Origin',(-41.6940375452371,-11.551936997035,17.517));
#2797=CARTESIAN_POINT('Origin',(-41.1940375452371,-12.4410647253677,7.35422356132254));
#2798=CARTESIAN_POINT('Origin',(-41.8285103846482,-11.0500775281149,17.517));
#2799=CARTESIAN_POINT('Origin',(-45.389512128123,-1.42611102338474,6.67219231416268));
#2800=CARTESIAN_POINT('Origin',(-50.6868233378121,5.75607570485718,17.517));
#2801=CARTESIAN_POINT('Origin',(-51.7068305377572,5.76762686713125,7.35422356132247));
#2802=CARTESIAN_POINT('Origin',(-50.1849638688919,5.62160286544612,17.517));
#2803=CARTESIAN_POINT('Origin',(-40.0698635188876,3.89353758585096,6.67219231416266));
#2804=CARTESIAN_POINT('Origin',(-31.2012517526622,4.89005030107275,17.517));
#2805=CARTESIAN_POINT('Origin',(-30.6812445527171,5.7676268671314,7.35422356132252));
#2806=CARTESIAN_POINT('Origin',(-31.5686383821713,4.52266367156363,17.517));
#2807=CARTESIAN_POINT('Origin',(-38.1227369887007,-3.3732375535713,6.67219231416268));
#2808=CARTESIAN_POINT('Origin',(-41.1940375452371,-0.301936997035035,6.29218750000024));
#2809=CARTESIAN_POINT('',(-54.5482496754027,-0.301936997035037,13.6123999999998));
#2810=CARTESIAN_POINT('Origin',(-41.1940375452371,-0.301936997035035,6.29218750000024));
#2811=CARTESIAN_POINT('Origin',(-41.1940375452371,-0.301936997035046,13.6123999999999));
#2812=CARTESIAN_POINT('Origin',(-44.8254851806537,-11.741159575356,12.3623999999999));
#2813=CARTESIAN_POINT('',(-45.2385973037756,-13.588043128566,13.1123999999999));
#2814=CARTESIAN_POINT('',(-45.1086621854881,-13.6132607075433,12.3623999999998));
#2815=CARTESIAN_POINT('Origin',(-42.547157679353,-0.0972618861812014,9.46302830390419));
#2816=CARTESIAN_POINT('',(-44.9833983584137,-11.9009067213408,13.1123999999999));
#2817=CARTESIAN_POINT('',(-44.9562430020253,-11.7213809386263,13.1123999999999));
#2818=CARTESIAN_POINT('',(-44.9148341971206,-12.3318515878845,12.3623999999999));
#2819=CARTESIAN_POINT('Origin',(-41.9702092524542,-0.184532025953085,6.15377065770782));
#2820=CARTESIAN_POINT('',(-43.9390651142221,-5.88098031775436,12.3623999999998));
#2821=CARTESIAN_POINT('Origin',(-47.0832500435677,-13.5586109544056,12.3623999999999));
#2822=CARTESIAN_POINT('',(-46.7516150423174,-13.0152747713549,12.3623999999998));
#2823=CARTESIAN_POINT('',(-46.6358694196743,-13.0794776692088,13.1123999999999));
#2824=CARTESIAN_POINT('Origin',(-40.0259247603571,-1.01491562234779,9.46302830390426));
#2825=CARTESIAN_POINT('',(-46.0764219906713,-11.9090682065451,12.3623999999999));
#2826=CARTESIAN_POINT('',(-43.3364004713345,-7.41993760157133,12.3623999999998));
#2827=CARTESIAN_POINT('',(-45.7468927752432,-11.6230174795865,13.1123999999999));
#2828=CARTESIAN_POINT('Origin',(-40.5239890612902,-0.710913127731567,6.15377065770783));
#2829=CARTESIAN_POINT('',(-45.6522980363573,-11.4680376247184,13.1123999999999));
#2830=CARTESIAN_POINT('Origin',(-41.1940375452371,-1.77247300243015,13.1123999999999));
#2831=CARTESIAN_POINT('Origin',(-41.1940375452371,-0.301936997035037,13.1123999999999));
#2832=CARTESIAN_POINT('Origin',(-41.1940375452371,-0.301936997035035,13.1123999999999));
#2833=CARTESIAN_POINT('Origin',(-41.1940375452371,-0.301936997034962,12.3623999999999));
#2834=CARTESIAN_POINT('',(-52.7491679474394,-7.98273034070086,12.3623999999998));
#2835=CARTESIAN_POINT('Origin',(-41.1940375452371,-0.301936997035037,12.3623999999999));
#2836=CARTESIAN_POINT('',(-51.7770131889735,-7.12570423455736,12.3623999999999));
#2837=CARTESIAN_POINT('',(-46.8829905811293,-2.81126242120064,12.3623999999998));
#2838=CARTESIAN_POINT('Origin',(-41.1940375452371,-0.301936997035045,12.3623999999999));
#2839=CARTESIAN_POINT('Origin',(-41.1940375452371,-0.301936997034962,12.3623999999999));
#2840=CARTESIAN_POINT('',(-37.4732408933535,-12.3318515878845,12.3623999999998));
#2841=CARTESIAN_POINT('Origin',(-41.1940375452371,-0.301936997035045,12.3623999999999));
#2842=CARTESIAN_POINT('',(-37.2794129049859,-13.6132607075433,12.3623999999998));
#2843=CARTESIAN_POINT('',(-38.2598201655809,-7.13172615060479,12.3623999999999));
#2844=CARTESIAN_POINT('',(-38.9440375452369,-13.9932891946815,12.3623999999998));
#2845=CARTESIAN_POINT('Origin',(-41.1940375452371,-0.301936997035037,12.3623999999999));
#2846=CARTESIAN_POINT('',(-38.9440375452369,-16.7144370044855,12.3623999999998));
#2847=CARTESIAN_POINT('',(-38.9440375452369,-7.14761309585823,12.3623999999999));
#2848=CARTESIAN_POINT('',(-43.4440375452369,-16.7144370044855,12.3623999999998));
#2849=CARTESIAN_POINT('Origin',(-41.1940375452369,-16.7144370044855,12.3623999999999));
#2850=CARTESIAN_POINT('',(-43.4440375452369,-13.9932891946816,12.3623999999998));
#2851=CARTESIAN_POINT('',(-43.4440375452369,-8.50818700076023,12.3623999999998));
#2852=CARTESIAN_POINT('Origin',(-41.1940375452371,-0.301936997035037,12.3623999999999));
#2853=CARTESIAN_POINT('',(-42.2440375452369,-16.7144370044855,12.3623999999999));
#2854=CARTESIAN_POINT('Origin',(-41.1940375452369,-16.7144370044855,12.3623999999999));
#2855=CARTESIAN_POINT('Origin',(-41.1940375452371,-0.301936997035035,6.29218750000024));
#2856=CARTESIAN_POINT('',(-33.5831592754594,9.72989756850815,12.3623999999999));
#2857=CARTESIAN_POINT('Origin',(-41.1940375452371,-0.301936997035045,12.3623999999999));
#2858=CARTESIAN_POINT('',(-33.6661218640626,9.30149153317898,13.1123999999999));
#2859=CARTESIAN_POINT('Origin',(-40.5048295845389,-0.677727940552058,6.15377065770783));
#2860=CARTESIAN_POINT('',(-33.0437155128501,8.77923059343423,13.1123999999999));
#2861=CARTESIAN_POINT('Origin',(-41.1940375452371,-0.301936997035035,13.1123999999999));
#2862=CARTESIAN_POINT('',(-32.6362242301462,8.93532472123703,12.3623999999999));
#2863=CARTESIAN_POINT('Origin',(-41.6837990863332,0.311544933572777,6.15377065770783));
#2864=CARTESIAN_POINT('',(-28.9154275782626,2.49071587554258,12.3623999999999));
#2865=CARTESIAN_POINT('Origin',(-41.1940375452371,-0.301936997035045,12.3623999999999));
#2866=CARTESIAN_POINT('',(-29.2543546996734,2.21586513680168,13.1123999999999));
#2867=CARTESIAN_POINT('Origin',(-40.9076273791161,-1.03282389872481,6.15377065770783));
#2868=CARTESIAN_POINT('',(-29.1132666340563,1.41571495530256,13.1123999999999));
#2869=CARTESIAN_POINT('Origin',(-41.1940375452371,-0.301936997035035,13.1123999999999));
#2870=CARTESIAN_POINT('',(-28.7007748300251,1.27335964693204,12.3623999999999));
#2871=CARTESIAN_POINT('Origin',(-41.1748780684859,0.482830077178613,6.15377065770782));
#2872=CARTESIAN_POINT('',(-29.9929939461626,-6.05517913338156,12.3623999999999));
#2873=CARTESIAN_POINT('Origin',(-41.1940375452371,-0.301936997035045,12.3623999999999));
#2874=CARTESIAN_POINT('',(-30.4292978335175,-6.04786886025162,13.1123999999999));
#2875=CARTESIAN_POINT('Origin',(-41.4444396735156,-1.04592975269377,6.15377065770783));
#2876=CARTESIAN_POINT('',(-30.8355447274172,-6.75150912090297,13.1123999999999));
#2877=CARTESIAN_POINT('Origin',(-41.1940375452371,-0.301936997035035,13.1123999999999));
#2878=CARTESIAN_POINT('',(-30.6110619015006,-7.12570423455721,12.3623999999999));
#2879=CARTESIAN_POINT('Origin',(-40.6749219827443,0.286913985045266,6.15377065770783));
#2880=CARTESIAN_POINT('',(-36.3116530998027,-11.9090682065451,12.3623999999998));
#2881=CARTESIAN_POINT('Origin',(-41.1940375452371,-0.301936997035045,12.3623999999999));
#2882=CARTESIAN_POINT('',(-36.6411823152308,-11.6230174795864,13.1123999999999));
#2883=CARTESIAN_POINT('Origin',(-41.8640860291841,-0.710913127731601,6.15377065770783));
#2884=CARTESIAN_POINT('',(-37.4046767320603,-11.9009067213408,13.1123999999999));
#2885=CARTESIAN_POINT('Origin',(-41.1940375452371,-0.301936997035035,13.1123999999999));
#2886=CARTESIAN_POINT('Origin',(-40.41786583802,-0.184532025953075,6.15377065770784));
#2887=CARTESIAN_POINT('',(-51.5525303630569,-6.75150912090311,13.1123999999999));
#2888=CARTESIAN_POINT('Origin',(-41.7131531077299,0.286913985045264,6.15377065770783));
#2889=CARTESIAN_POINT('',(-51.9587772569566,-6.0478688602518,13.1123999999999));
#2890=CARTESIAN_POINT('Origin',(-41.1940375452371,-0.301936997035035,13.1123999999999));
#2891=CARTESIAN_POINT('',(-52.3950811443115,-6.05517913338174,12.3623999999999));
#2892=CARTESIAN_POINT('Origin',(-40.9436354169585,-1.04592975269375,6.15377065770783));
#2893=CARTESIAN_POINT('',(-53.7862245192222,-0.301936997035037,12.3623999999998));
#2894=CARTESIAN_POINT('Origin',(-41.1940375452371,-0.301936997035045,12.3623999999999));
#2895=CARTESIAN_POINT('',(-50.4700717354394,-0.301936997035036,16.75));
#2896=CARTESIAN_POINT('Origin',(-41.1940375452371,-0.301936997035035,6.29218750000024));
#2897=CARTESIAN_POINT('Origin',(-41.1940375452371,-0.301936997035035,16.75));
#2898=CARTESIAN_POINT('',(-53.6873002604491,1.2733596469318,12.3623999999998));
#2899=CARTESIAN_POINT('Origin',(-41.1940375452371,-0.301936997035045,12.3623999999999));
#2900=CARTESIAN_POINT('',(-53.2748084564179,1.41571495530233,13.1123999999999));
#2901=CARTESIAN_POINT('Origin',(-41.2131970219883,0.482830077178556,6.15377065770783));
#2902=CARTESIAN_POINT('',(-53.1337203908009,2.21586513680143,13.1123999999999));
#2903=CARTESIAN_POINT('Origin',(-41.1940375452371,-0.301936997035035,13.1123999999999));
#2904=CARTESIAN_POINT('',(-53.4726475122116,2.49071587554234,12.3623999999998));
#2905=CARTESIAN_POINT('Origin',(-41.4804477113581,-1.03282389872484,6.15377065770782));
#2906=CARTESIAN_POINT('',(-49.7518508603281,8.93532472123685,12.3623999999999));
#2907=CARTESIAN_POINT('Origin',(-41.1940375452371,-0.301936997035045,12.3623999999999));
#2908=CARTESIAN_POINT('',(-49.3443595776242,8.77923059343406,13.1123999999999));
#2909=CARTESIAN_POINT('Origin',(-40.704276004141,0.311544933572736,6.15377065770783));
#2910=CARTESIAN_POINT('',(-48.7219532264118,9.30149153317881,13.1123999999999));
#2911=CARTESIAN_POINT('Origin',(-41.1940375452371,-0.301936997035035,13.1123999999999));
#2912=CARTESIAN_POINT('',(-48.804915815015,9.72989756850797,12.3623999999999));
#2913=CARTESIAN_POINT('Origin',(-41.8832455059353,-0.677727940552114,6.15377065770782));
#2914=CARTESIAN_POINT('Origin',(-41.1940375452371,-0.301936997035045,12.3623999999999));
#2915=CARTESIAN_POINT('Origin',(-36.6228972890343,-11.3991394320302,12.3623999999999));
#2916=CARTESIAN_POINT('',(-35.7522056707997,-13.0794776692087,13.1123999999999));
#2917=CARTESIAN_POINT('',(-35.6364600481566,-13.0152747713548,12.3623999999998));
#2918=CARTESIAN_POINT('Origin',(-42.3621503301171,-1.01491562234782,9.46302830390453));
#2919=CARTESIAN_POINT('',(-36.7357770541167,-11.4680376247183,13.1123999999999));
#2920=CARTESIAN_POINT('',(-39.7107107402036,-6.34020184038362,12.3623999999999));
#2921=CARTESIAN_POINT('Origin',(-37.1842102884781,-14.2426512410569,12.3623999999999));
#2922=CARTESIAN_POINT('',(-37.1494777866984,-13.5880431285659,13.1123999999999));
#2923=CARTESIAN_POINT('Origin',(-39.8409174111211,-0.0972618861811569,9.46302830390465));
#2924=CARTESIAN_POINT('',(-37.4318320884487,-11.7213809386263,13.1123999999999));
#2925=CARTESIAN_POINT('Origin',(-41.1940375452371,-1.77247300243015,13.1123999999999));
#2926=CARTESIAN_POINT('Origin',(-41.1940375452371,-0.301936997035037,13.1123999999999));
#2927=CARTESIAN_POINT('Origin',(-30.5591967258573,-5.86461493770297,12.3623999999999));
#2928=CARTESIAN_POINT('',(-28.8121076510976,-6.59215892279474,13.1123999999999));
#2929=CARTESIAN_POINT('',(-28.764710187303,-6.46857679755118,12.3623999999999));
#2930=CARTESIAN_POINT('Origin',(-41.6305700267083,-1.5989587358558,9.46302830390451));
#2931=CARTESIAN_POINT('',(-30.6013807380496,-5.98995172973192,13.1123999999999));
#2932=CARTESIAN_POINT('',(-36.1764214636015,-3.97405213497145,12.3623999999999));
#2933=CARTESIAN_POINT('Origin',(-29.1614132710919,-8.40367639914948,12.3623999999999));
#2934=CARTESIAN_POINT('',(-29.6389071430347,-7.98273034070065,12.3623999999999));
#2935=CARTESIAN_POINT('',(-29.5555806150175,-7.87989187035775,13.1123999999999));
#2936=CARTESIAN_POINT('Origin',(-40.2890500108933,0.724622090906466,9.46302830390435));
#2937=CARTESIAN_POINT('',(-34.5561927819622,-3.64778045003151,12.3623999999999));
#2938=CARTESIAN_POINT('',(-30.9717438860276,-6.63143951928099,13.1123999999999));
#2939=CARTESIAN_POINT('Origin',(-41.1940375452371,-1.77247300243015,13.1123999999999));
#2940=CARTESIAN_POINT('Origin',(-41.1940375452371,-0.301936997035037,13.1123999999999));
#2941=CARTESIAN_POINT('Origin',(-41.1940375452371,-0.301936997034962,12.3623999999999));
#2942=CARTESIAN_POINT('Origin',(-41.1940375452371,-0.301936997035037,12.3623999999999));
#2943=CARTESIAN_POINT('Origin',(-41.1940375452371,-0.301936997034962,12.3623999999999));
#2944=CARTESIAN_POINT('',(-27.4051753172437,1.24172859415263,12.3623999999999));
#2945=CARTESIAN_POINT('',(-33.958486734507,1.40172258710683,12.3623999999999));
#2946=CARTESIAN_POINT('Origin',(-41.1940375452371,-0.301936997035037,12.3623999999999));
#2947=CARTESIAN_POINT('Origin',(-29.4716563751584,2.27274838734175,12.3623999999999));
#2948=CARTESIAN_POINT('',(-27.6656522386859,2.83842457071183,13.1123999999999));
#2949=CARTESIAN_POINT('',(-27.7087807338133,2.96356047348125,12.3623999999999));
#2950=CARTESIAN_POINT('Origin',(-40.694731323701,-1.57611096297859,9.46302830390425));
#2951=CARTESIAN_POINT('',(-29.4234062663326,2.14961947392558,13.1123999999999));
#2952=CARTESIAN_POINT('',(-34.9899305161878,0.11032105449501,12.3623999999999));
#2953=CARTESIAN_POINT('Origin',(-26.7688148793013,1.22619234981113,12.3623999999999));
#2954=CARTESIAN_POINT('',(-27.4074467880272,1.37406869266536,13.1123999999999));
#2955=CARTESIAN_POINT('Origin',(-41.160636335801,1.06616766181283,9.46302830390399));
#2956=CARTESIAN_POINT('',(-29.2947804948899,1.42014647480807,13.1123999999999));
#2957=CARTESIAN_POINT('Origin',(-41.1940375452371,-1.77247300243015,13.1123999999999));
#2958=CARTESIAN_POINT('Origin',(-41.1940375452371,-0.301936997035037,13.1123999999999));
#2959=CARTESIAN_POINT('Origin',(-33.8691484536942,9.20538780659587,12.3623999999999));
#2960=CARTESIAN_POINT('',(-32.8492786624646,10.7995979854384,13.1123999999999));
#2961=CARTESIAN_POINT('',(-32.9627528143242,10.8677351860973,12.3623999999999));
#2962=CARTESIAN_POINT('Origin',(-39.992523550921,-0.957063030570118,9.46302830390417));
#2963=CARTESIAN_POINT('',(-33.7530409860102,9.14208015880533,13.1123999999999));
#2964=CARTESIAN_POINT('',(-36.7064101986355,4.00179411991272,12.3623999999999));
#2965=CARTESIAN_POINT('Origin',(-31.1259384913941,10.1410323941165,12.3623999999999));
#2966=CARTESIAN_POINT('',(-31.6234053740645,9.74388924295713,12.3623999999999));
#2967=CARTESIAN_POINT('',(-31.7102119972246,9.84380756674923,13.1123999999999));
#2968=CARTESIAN_POINT('Origin',(-42.047851457817,0.767561858054646,9.46302830390439));
#2969=CARTESIAN_POINT('',(-36.7463753255823,5.65406437075795,12.3623999999999));
#2970=CARTESIAN_POINT('',(-33.185611723121,8.6659504735958,13.1123999999999));
#2971=CARTESIAN_POINT('Origin',(-41.1940375452371,-1.77247300243015,13.1123999999999));
#2972=CARTESIAN_POINT('Origin',(-41.1940375452371,-0.301936997035037,13.1123999999999));
#2973=CARTESIAN_POINT('Origin',(-41.1940375452371,-0.301936997034962,12.3623999999999));
#2974=CARTESIAN_POINT('Origin',(-41.1940375452371,-0.301936997035037,12.3623999999999));
#2975=CARTESIAN_POINT('Origin',(-41.1940375452371,-0.301936997034962,12.3623999999999));
#2976=CARTESIAN_POINT('Origin',(-41.1940375452371,-0.301936997035037,12.3623999999999));
#2977=CARTESIAN_POINT('Origin',(-49.2849710798993,8.56260019690913,12.3623999999999));
#2978=CARTESIAN_POINT('',(-50.6778630932499,9.84380756674906,13.1123999999999));
#2979=CARTESIAN_POINT('',(-50.76466971641,9.74388924295696,12.3623999999999));
#2980=CARTESIAN_POINT('Origin',(-40.3402236326573,0.767561858054633,9.46302830390415));
#2981=CARTESIAN_POINT('',(-49.2024633673534,8.66595047359566,13.1123999999999));
#2982=CARTESIAN_POINT('',(-44.6531170053015,4.86484827215429,12.3623999999999));
#2983=CARTESIAN_POINT('Origin',(-49.7300477128423,11.4266076134894,12.3623999999999));
#2984=CARTESIAN_POINT('',(-49.4253222761503,10.8677351860971,12.3623999999999));
#2985=CARTESIAN_POINT('',(-49.5387964280099,10.7995979854383,13.1123999999999));
#2986=CARTESIAN_POINT('Origin',(-42.3955515395533,-0.957063030570153,9.46302830390422));
#2987=CARTESIAN_POINT('',(-46.2872254298699,5.11240402335947,12.3623999999999));
#2988=CARTESIAN_POINT('',(-48.6350341044642,9.1420801588052,13.1123999999999));
#2989=CARTESIAN_POINT('Origin',(-41.1940375452371,-1.77247300243015,13.1123999999999));
#2990=CARTESIAN_POINT('Origin',(-41.1940375452371,-0.301936997035037,13.1123999999999));
#2991=CARTESIAN_POINT('Origin',(-41.1940375452371,-0.301936997034962,12.3623999999999));
#2992=CARTESIAN_POINT('Origin',(-41.1940375452371,-0.301936997035037,12.3623999999999));
#2993=CARTESIAN_POINT('Origin',(-41.1940375452371,-0.301936997034962,12.3623999999999));
#2994=CARTESIAN_POINT('',(-54.679294356661,2.96356047348101,12.3623999999998));
#2995=CARTESIAN_POINT('',(-48.5759171445481,0.571850788741768,12.3623999999999));
#2996=CARTESIAN_POINT('Origin',(-41.1940375452371,-0.301936997035037,12.3623999999999));
#2997=CARTESIAN_POINT('Origin',(-53.0900668929829,1.28794063432923,12.3623999999999));
#2998=CARTESIAN_POINT('',(-54.9806283024471,1.3740686926651,13.1123999999999));
#2999=CARTESIAN_POINT('',(-54.9828997732306,1.24172859415236,12.3623999999998));
#3000=CARTESIAN_POINT('Origin',(-41.2274387546733,1.06616766181283,9.46302830390431));
#3001=CARTESIAN_POINT('',(-53.0932945955844,1.42014647480784,13.1123999999999));
#3002=CARTESIAN_POINT('',(-47.1649916968722,1.43259672936584,12.3623999999999));
#3003=CARTESIAN_POINT('Origin',(-55.2719638558391,3.19580785583529,12.3623999999999));
#3004=CARTESIAN_POINT('',(-54.7224228517884,2.83842457071158,13.1123999999999));
#3005=CARTESIAN_POINT('Origin',(-41.6933437667733,-1.57611096297859,9.46302830390414));
#3006=CARTESIAN_POINT('',(-52.9646688241417,2.14961947392535,13.1123999999999));
#3007=CARTESIAN_POINT('Origin',(-41.1940375452371,-1.77247300243015,13.1123999999999));
#3008=CARTESIAN_POINT('Origin',(-41.1940375452371,-0.301936997035037,13.1123999999999));
#3009=CARTESIAN_POINT('Origin',(-51.3288783646168,-6.73064034148769,12.3623999999999));
#3010=CARTESIAN_POINT('',(-52.8324944754566,-7.87989187035796,13.1123999999999));
#3011=CARTESIAN_POINT('Origin',(-42.099025079581,0.724622090906415,9.46302830390423));
#3012=CARTESIAN_POINT('',(-51.4163312044466,-6.63143951928118,13.1123999999999));
#3013=CARTESIAN_POINT('Origin',(-54.2266618193822,-6.67162559158084,12.3623999999999));
#3014=CARTESIAN_POINT('',(-53.6233649031712,-6.4685767975514,12.3623999999998));
#3015=CARTESIAN_POINT('',(-53.5759674393765,-6.59215892279497,13.1123999999999));
#3016=CARTESIAN_POINT('Origin',(-40.7575050637659,-1.5989587358558,9.46302830390441));
#3017=CARTESIAN_POINT('',(-47.4105453542554,-4.37755746191038,12.3623999999998));
#3018=CARTESIAN_POINT('',(-51.7866943524246,-5.98995172973211,13.1123999999999));
#3019=CARTESIAN_POINT('Origin',(-41.1940375452371,-1.77247300243015,13.1123999999999));
#3020=CARTESIAN_POINT('Origin',(-41.1940375452371,-0.301936997035037,13.1123999999999));
#3021=CARTESIAN_POINT('Origin',(-41.1940375452371,-0.301936997034962,12.3623999999999));
#3022=CARTESIAN_POINT('Origin',(-41.1940375452371,-0.301936997035037,12.3623999999999));
#3023=CARTESIAN_POINT('Origin',(-41.1940375452371,-0.301936997035034,17.5));
#3024=CARTESIAN_POINT('',(-31.3103740512476,-0.301936997035035,18.));
#3025=CARTESIAN_POINT('Origin',(-41.1940375452371,-0.301936997035034,18.));
#3026=CARTESIAN_POINT('',(-31.7933369643921,-0.301936997035035,17.6294095225513));
#3027=CARTESIAN_POINT('Origin',(-31.3103740512476,-0.301936997035035,17.5));
#3028=CARTESIAN_POINT('',(-50.594738126082,-0.301936997035032,17.6294095225513));
#3029=CARTESIAN_POINT('Origin',(-41.1940375452371,-0.301936997035033,17.6294095225513));
#3030=CARTESIAN_POINT('Origin',(-41.1940375452371,-0.301936997035033,17.6294095225513));
#3031=CARTESIAN_POINT('Origin',(-41.1940375452371,-0.301936997035034,18.));
#3032=CARTESIAN_POINT('',(-50.3591010546982,-0.301936997035035,16.75));
#3033=CARTESIAN_POINT('',(-50.6940375452371,-0.301936997035033,18.));
#3034=CARTESIAN_POINT('Origin',(-41.1940375452371,-0.301936997035034,16.75));
#3035=CARTESIAN_POINT('Origin',(-41.1940375452371,-0.301936997035037,18.));
#3036=CARTESIAN_POINT('',(-51.4611931411821,-0.301936997035036,18.));
#3037=CARTESIAN_POINT('Origin',(-41.1940375452371,-0.301936997035037,18.));
#3038=CARTESIAN_POINT('Origin',(-41.1940375452371,-0.301936997035037,17.5));
#3039=CARTESIAN_POINT('Origin',(-51.4611931411821,-0.301936997035038,17.5));
#3040=CARTESIAN_POINT('Origin',(-41.1940375452371,-0.301936997035037,16.75));
#3041=CARTESIAN_POINT('Origin',(-41.1940375452371,-0.301936997034962,13.6123999999999));
#3042=CARTESIAN_POINT('',(-43.4658563712768,-14.0118025217376,13.6123999999998));
#3043=CARTESIAN_POINT('Origin',(-41.1940375452371,-0.301936997035037,13.6123999999999));
#3044=CARTESIAN_POINT('',(-43.4658563712767,-16.7144370044855,13.6123999999998));
#3045=CARTESIAN_POINT('',(-43.4658563712768,-7.14761309585827,13.6123999999998));
#3046=CARTESIAN_POINT('',(-38.9222187191971,-16.7144370044855,13.6123999999998));
#3047=CARTESIAN_POINT('Origin',(-41.1940375452369,-16.7144370044855,13.6123999999999));
#3048=CARTESIAN_POINT('',(-38.9222187191971,-14.0118025217375,13.6123999999998));
#3049=CARTESIAN_POINT('',(-38.9222187191971,-8.50818700076023,13.6123999999999));
#3050=CARTESIAN_POINT('Origin',(-41.1940375452371,-0.301936997035037,13.6123999999999));
#3051=CARTESIAN_POINT('',(-42.2440375452369,-16.7144370044855,13.6123999999999));
#3052=CARTESIAN_POINT('Origin',(-41.1940375452369,-16.7144370044855,13.6123999999999));
#3053=CARTESIAN_POINT('Origin',(-41.1940375452371,-0.301936997035037,12.3624002933502));
#3054=CARTESIAN_POINT('Ctrl Pts',(-38.9222187191971,-14.011802521756,13.6123999999998));
#3055=CARTESIAN_POINT('Ctrl Pts',(-38.9331355056027,-14.0025458560552,12.9869777256946));
#3056=CARTESIAN_POINT('Ctrl Pts',(-38.9440375503549,-13.9932891903545,12.3624000001421));
#3057=CARTESIAN_POINT('Origin',(-41.1940375452369,-16.7144370044855,12.3623999999999));
#3058=CARTESIAN_POINT('',(-42.2440375452369,-16.7144370044855,12.3623999999999));
#3059=CARTESIAN_POINT('Origin',(-41.1940375452371,-0.301936997035037,12.3624002933502));
#3060=CARTESIAN_POINT('Ctrl Pts',(-43.4658563712768,-14.0118025217321,13.6123999999999));
#3061=CARTESIAN_POINT('Ctrl Pts',(-43.4549395848712,-14.0025458560313,12.9869777256948));
#3062=CARTESIAN_POINT('Ctrl Pts',(-43.444037540119,-13.9932891903305,12.3624000001426));
#3063=CARTESIAN_POINT('Origin',(-38.9440375503566,-16.7144370044855,12.3624000000445));
#3064=CARTESIAN_POINT('',(-38.9440375452369,-16.7144370044855,12.3624002933502));
#3065=CARTESIAN_POINT('Origin',(-41.1940375452369,-16.7144370044855,12.3624002933502));
#3066=CARTESIAN_POINT('',(-43.4440375452369,-16.7144370044855,12.3624002933502));
#3067=CARTESIAN_POINT('Origin',(-43.4440375401173,-13.9932891946816,12.3624000000445));
#3068=CARTESIAN_POINT('Origin',(-41.194037545237,16.1105630104156,8.11239957809448));
#3069=CARTESIAN_POINT('Origin',(-41.194037545237,16.1105630104156,18.));
#3070=CARTESIAN_POINT('',(-42.244037545237,16.1105630104156,18.));
#3071=UNCERTAINTY_MEASURE_WITH_UNIT(LENGTH_MEASURE(0.01),#3075,
'DISTANCE_ACCURACY_VALUE',
'Maximum model space distance between geometric entities at asserted c
onnectivities');
#3072=UNCERTAINTY_MEASURE_WITH_UNIT(LENGTH_MEASURE(0.01),#3075,
'DISTANCE_ACCURACY_VALUE',
'Maximum model space distance between geometric entities at asserted c
onnectivities');
#3073=(
GEOMETRIC_REPRESENTATION_CONTEXT(3)
GLOBAL_UNCERTAINTY_ASSIGNED_CONTEXT((#3071))
GLOBAL_UNIT_ASSIGNED_CONTEXT((#3075,#3077,#3078))
REPRESENTATION_CONTEXT('','3D')
);
#3074=(
GEOMETRIC_REPRESENTATION_CONTEXT(3)
GLOBAL_UNCERTAINTY_ASSIGNED_CONTEXT((#3072))
GLOBAL_UNIT_ASSIGNED_CONTEXT((#3075,#3077,#3078))
REPRESENTATION_CONTEXT('','3D')
);
#3075=(
LENGTH_UNIT()
NAMED_UNIT(*)
SI_UNIT(.MILLI.,.METRE.)
);
#3076=(
LENGTH_UNIT()
NAMED_UNIT(*)
SI_UNIT($,.METRE.)
);
#3077=(
NAMED_UNIT(*)
PLANE_ANGLE_UNIT()
SI_UNIT($,.RADIAN.)
);
#3078=(
NAMED_UNIT(*)
SI_UNIT($,.STERADIAN.)
SOLID_ANGLE_UNIT()
);
#3079=SHAPE_DEFINITION_REPRESENTATION(#3080,#3081);
#3080=PRODUCT_DEFINITION_SHAPE('',$,#3083);
#3081=SHAPE_REPRESENTATION('',(#1620),#3073);
#3082=PRODUCT_DEFINITION_CONTEXT('part definition',#3087,'design');
#3083=PRODUCT_DEFINITION('ScrewPlateRound','ScrewPlateRound',#3084,#3082);
#3084=PRODUCT_DEFINITION_FORMATION('',$,#3089);
#3085=PRODUCT_RELATED_PRODUCT_CATEGORY('ScrewPlateRound',
'ScrewPlateRound',(#3089));
#3086=APPLICATION_PROTOCOL_DEFINITION('international standard',
'automotive_design',2009,#3087);
#3087=APPLICATION_CONTEXT(
'Core Data for Automotive Mechanical Design Process');
#3088=PRODUCT_CONTEXT('part definition',#3087,'mechanical');
#3089=PRODUCT('ScrewPlateRound','ScrewPlateRound',$,(#3088));
#3090=PRESENTATION_STYLE_ASSIGNMENT((#3092));
#3091=PRESENTATION_STYLE_ASSIGNMENT((#3093));
#3092=SURFACE_STYLE_USAGE(.BOTH.,#3094);
#3093=SURFACE_STYLE_USAGE(.BOTH.,#3095);
#3094=SURFACE_SIDE_STYLE('',(#3096));
#3095=SURFACE_SIDE_STYLE('',(#3097));
#3096=SURFACE_STYLE_FILL_AREA(#3098);
#3097=SURFACE_STYLE_FILL_AREA(#3099);
#3098=FILL_AREA_STYLE('Steel - Satin',(#3100));
#3099=FILL_AREA_STYLE('OffWhite',(#3101));
#3100=FILL_AREA_STYLE_COLOUR('Steel - Satin',#3102);
#3101=FILL_AREA_STYLE_COLOUR('OffWhite',#3103);
#3102=COLOUR_RGB('Steel - Satin',0.627450980392157,0.627450980392157,0.627450980392157);
#3103=COLOUR_RGB('OffWhite',0.886274509803922,0.886274509803922,0.886274509803922);
ENDSEC;
END-ISO-10303-21;
