                                                                        S      1
,,11HButton_East,11HButton_East,7Hunknown,7Hunknown,32,38,7,99,15,,1.,2,G      1
2HMM,1,0.08,15H20250928.192930,0.01,10000.,7Hunknown,7Hunknown,11,0,;   G      2
     186       1                                                00000000D      1
     186            -339       1       0                               0D      2
     514       2                                                00010000D      3
     514                       3       1                               0D      4
     510       5                                                00010000D      5
     510            -339       1       1                               0D      6
     510       6                                                00010000D      7
     510            -339       1       1                               0D      8
     510       7                                                00010000D      9
     510            -339       1       1                               0D     10
     510       8                                                00010000D     11
     510            -339       1       1                               0D     12
     510       9                                                00010000D     13
     510            -339       1       1                               0D     14
     510      10                                                00010000D     15
     510            -339       1       1                               0D     16
     510      11                                                00010000D     17
     510            -339       1       1                               0D     18
     510      12                                                00010000D     19
     510            -339       1       1                               0D     20
     510      13                                                00010000D     21
     510            -339       1       1                               0D     22
     510      14                                                00010000D     23
     510            -339       1       1                               0D     24
     510      15                                                00010000D     25
     510            -339       1       1                               0D     26
     510      16                                                00010000D     27
     510            -339       1       1                               0D     28
     510      17                                                00010000D     29
     510            -339       1       1                               0D     30
     510      18                                                00010000D     31
     510            -339       1       1                               0D     32
     510      19                                                00010000D     33
     510            -339       1       1                               0D     34
     510      20                                                00010000D     35
     510            -339       1       1                               0D     36
     510      21                                                00010000D     37
     510            -339       1       1                               0D     38
     510      22                                                00010000D     39
     510            -339       1       1                               0D     40
     510      23                                                00010000D     41
     510            -339       1       1                               0D     42
     510      24                                                00010000D     43
     510            -339       1       1                               0D     44
     510      25                                                00010000D     45
     510            -339       1       1                               0D     46
     510      26                                                00010000D     47
     510            -339       1       1                               0D     48
     510      27                                                00010000D     49
     510            -339       1       1                               0D     50
     510      28                                                00010000D     51
     510            -339       1       1                               0D     52
     510      29                                                00010000D     53
     510            -339       1       1                               0D     54
     510      30                                                00010000D     55
     510            -339       1       1                               0D     56
     510      31                                                00010000D     57
     510            -339       1       1                               0D     58
     510      32                                                00010000D     59
     510            -339       1       1                               0D     60
     510      33                                                00010000D     61
     510            -339       1       1                               0D     62
     508      34                                                00010000D     63
     508                       1       1                               0D     64
     508      35                                                00010000D     65
     508                       1       1                               0D     66
     508      36                                                00010000D     67
     508                       1       1                               0D     68
     508      37                                                00010000D     69
     508                       1       1                               0D     70
     508      38                                                00010000D     71
     508                       1       1                               0D     72
     508      39                                                00010000D     73
     508                       1       1                               0D     74
     508      40                                                00010000D     75
     508                       1       1                               0D     76
     508      41                                                00010000D     77
     508                       1       1                               0D     78
     508      42                                                00010000D     79
     508                       5       1                               0D     80
     508      47                                                00010000D     81
     508                       2       1                               0D     82
     508      49                                                00010000D     83
     508                       1       1                               0D     84
     508      50                                                00010000D     85
     508                       1       1                               0D     86
     508      51                                                00010000D     87
     508                       1       1                               0D     88
     508      52                                                00010000D     89
     508                       1       1                               0D     90
     508      53                                                00010000D     91
     508                       1       1                               0D     92
     508      54                                                00010000D     93
     508                       1       1                               0D     94
     508      55                                                00010000D     95
     508                       2       1                               0D     96
     508      57                                                00010000D     97
     508                       2       1                               0D     98
     508      59                                                00010000D     99
     508                       4       1                               0D    100
     508      63                                                00010000D    101
     508                       1       1                               0D    102
     508      64                                                00010000D    103
     508                       1       1                               0D    104
     508      65                                                00010000D    105
     508                       1       1                               0D    106
     508      66                                                00010000D    107
     508                       1       1                               0D    108
     508      67                                                00010000D    109
     508                       2       1                               0D    110
     508      69                                                00010000D    111
     508                       1       1                               0D    112
     508      70                                                00010000D    113
     508                       1       1                               0D    114
     508      71                                                00010000D    115
     508                       1       1                               0D    116
     508      72                                                00010000D    117
     508                       1       1                               0D    118
     508      73                                                00010000D    119
     508                       1       1                               0D    120
     508      74                                                00010000D    121
     508                       1       1                               0D    122
     508      75                                                00010000D    123
     508                       1       1                               0D    124
     508      76                                                00010000D    125
     508                       1       1                               0D    126
     508      77                                                00010000D    127
     508                       1       1                               0D    128
     126      78                                                00010000D    129
     126       0               6       0                               0D    130
     126      84                                                00010000D    131
     126       0               4       0                               0D    132
     126      88                                                00010000D    133
     126       0               5       0                               0D    134
     126      93                                                00010000D    135
     126       0               4       0                               0D    136
     126      97                                                00010000D    137
     126       0               6       0                               0D    138
     126     103                                                00010000D    139
     126       0               4       0                               0D    140
     126     107                                                00010000D    141
     126       0               4       0                               0D    142
     126     111                                                00010000D    143
     126       0               6       0                               0D    144
     126     117                                                00010000D    145
     126       0               4       0                               0D    146
     126     121                                                00010000D    147
     126       0               5       0                               0D    148
     126     126                                                00010000D    149
     126       0               3       0                               0D    150
     126     129                                                00010000D    151
     126       0               5       0                               0D    152
     126     134                                                00010000D    153
     126       0               4       0                               0D    154
     126     138                                                00010000D    155
     126       0               5       0                               0D    156
     126     143                                                00010000D    157
     126       0               3       0                               0D    158
     126     146                                                00010000D    159
     126       0               3       0                               0D    160
     126     149                                                00010000D    161
     126       0               4       0                               0D    162
     126     153                                                00010000D    163
     126       0               5       0                               0D    164
     126     158                                                00010000D    165
     126       0               5       0                               0D    166
     126     163                                                00010000D    167
     126       0               3       0                               0D    168
     126     166                                                00010000D    169
     126       0               4       0                               0D    170
     126     170                                                00010000D    171
     126       0               6       0                               0D    172
     126     176                                                00010000D    173
     126       0               6       0                               0D    174
     126     182                                                00010000D    175
     126       0               5       0                               0D    176
     126     187                                                00010000D    177
     126       0             103       0                               0D    178
     126     290                                                00010000D    179
     126       0             327       0                               0D    180
     126     617                                                00010000D    181
     126       0               6       0                               0D    182
     126     623                                                00010000D    183
     126       0               6       0                               0D    184
     126     629                                                00010000D    185
     126       0               6       0                               0D    186
     126     635                                                00010000D    187
     126       0               7       0                               0D    188
     126     642                                                00010000D    189
     126       0               6       0                               0D    190
     126     648                                                00010000D    191
     126       0               6       0                               0D    192
     126     654                                                00010000D    193
     126       0               7       0                               0D    194
     126     661                                                00010000D    195
     126       0               6       0                               0D    196
     126     667                                                00010000D    197
     126       0               6       0                               0D    198
     126     673                                                00010000D    199
     126       0               6       0                               0D    200
     126     679                                                00010000D    201
     126       0               9       0                               0D    202
     126     688                                                00010000D    203
     126       0              11       0                               0D    204
     126     699                                                00010000D    205
     126       0               4       0                               0D    206
     126     703                                                00010000D    207
     126       0              13       0                               0D    208
     126     716                                                00010000D    209
     126       0              12       0                               0D    210
     126     728                                                00010000D    211
     126       0               4       0                               0D    212
     126     732                                                00010000D    213
     126       0              12       0                               0D    214
     126     744                                                00010000D    215
     126       0              13       0                               0D    216
     126     757                                                00010000D    217
     126       0               4       0                               0D    218
     126     761                                                00010000D    219
     126       0              13       0                               0D    220
     126     774                                                00010000D    221
     126       0              10       0                               0D    222
     126     784                                                00010000D    223
     126       0              15       0                               0D    224
     126     799                                                00010000D    225
     126       0               5       0                               0D    226
     126     804                                                00010000D    227
     126       0               6       0                               0D    228
     126     810                                                00010000D    229
     126       0              13       0                               0D    230
     126     823                                                00010000D    231
     126       0               5       0                               0D    232
     126     828                                                00010000D    233
     126       0              12       0                               0D    234
     126     840                                                00010000D    235
     126       0               7       0                               0D    236
     126     847                                                00010000D    237
     126       0               4       0                               0D    238
     126     851                                                00010000D    239
     126       0               4       0                               0D    240
     126     855                                                00010000D    241
     126       0               4       0                               0D    242
     126     859                                                00010000D    243
     126       0               4       0                               0D    244
     126     863                                                00010000D    245
     126       0               4       0                               0D    246
     126     867                                                00010000D    247
     126       0               4       0                               0D    248
     126     871                                                00010000D    249
     126       0               6       0                               0D    250
     126     877                                                00010000D    251
     126       0               6       0                               0D    252
     126     883                                                00010000D    253
     126       0              10       0                               0D    254
     126     893                                                00010000D    255
     126       0               4       0                               0D    256
     126     897                                                00010000D    257
     126       0               4       0                               0D    258
     126     901                                                00010000D    259
     126       0               4       0                               0D    260
     126     905                                                00010000D    261
     126       0               4       0                               0D    262
     126     909                                                00010000D    263
     126       0               4       0                               0D    264
     126     913                                                00010000D    265
     126       0               4       0                               0D    266
     126     917                                                00010000D    267
     126       0               4       0                               0D    268
     126     921                                                00010000D    269
     126       0               4       0                               0D    270
     126     925                                                00010000D    271
     126       0               4       0                               0D    272
     126     929                                                00010000D    273
     126       0               4       0                               0D    274
     128     933                                                00010000D    275
     128       0    -339       8       0                               0D    276
     128     941                                                00010000D    277
     128       0    -339       7       0                               0D    278
     128     948                                                00010000D    279
     128       0    -339       9       0                               0D    280
     128     957                                                00010000D    281
     128       0    -339       9       0                               0D    282
     128     966                                                00010000D    283
     128       0    -339       8       0                               0D    284
     128     974                                                00010000D    285
     128       0    -339       8       0                               0D    286
     128     982                                                00010000D    287
     128       0    -339       9       0                               0D    288
     128     991                                                00010000D    289
     128       0    -339       8       0                               0D    290
     128     999                                                00010000D    291
     128       0    -339      27       0                               0D    292
     128    1026                                                00010000D    293
     128       0    -339      22       0                               0D    294
     128    1048                                                00010000D    295
     128       0    -339       8       0                               0D    296
     128    1056                                                00010000D    297
     128       0    -339      22       0                               0D    298
     128    1078                                                00010000D    299
     128       0    -339       8       0                               0D    300
     128    1086                                                00010000D    301
     128       0    -339      23       0                               0D    302
     128    1109                                                00010000D    303
     128       0    -339       8       0                               0D    304
     128    1117                                                00010000D    305
     128       0    -339     140       0                               0D    306
     128    1257                                                00010000D    307
     128       0    -339      24       0                               0D    308
     128    1281                                                00010000D    309
     128       0    -339      27       0                               0D    310
     128    1308                                                00010000D    311
     128       0    -339       6       0                               0D    312
     128    1314                                                00010000D    313
     128       0    -339      34       0                               0D    314
     128    1348                                                00010000D    315
     128       0    -339       7       0                               0D    316
     128    1355                                                00010000D    317
     128       0    -339       9       0                               0D    318
     128    1364                                                00010000D    319
     128       0    -339       7       0                               0D    320
     128    1371                                                00010000D    321
     128       0    -339       9       0                               0D    322
     128    1380                                                00010000D    323
     128       0    -339       9       0                               0D    324
     128    1389                                                00010000D    325
     128       0    -339       9       0                               0D    326
     128    1398                                                00010000D    327
     128       0    -339       9       0                               0D    328
     128    1407                                                00010000D    329
     128       0    -339       9       0                               0D    330
     128    1416                                                00010000D    331
     128       0    -339       8       0                               0D    332
     502    1424                                                00010000D    333
     502                      39       1                               0D    334
     504    1463                                                00010001D    335
     504                      21       1                               0D    336
     406    1484                                                00000000D    337
     406                       1      15                               0D    338
     314    1485                                                00000200D    339
     314                       2       0                               0D    340
     314    1487                                                00000200D    341
     314                       2       0                               0D    342
186,3,1,0,0,1,337;                                                     1P      1
514,29,5,1,7,1,9,1,11,1,13,1,15,1,17,1,19,1,21,1,23,1,25,1,27,1,       3P      2
29,1,31,1,33,1,35,1,37,1,39,1,41,1,43,1,45,1,47,1,49,1,51,1,53,        3P      3
1,55,1,57,1,59,1,61,1;                                                 3P      4
510,275,1,1,63;                                                        5P      5
510,277,1,1,65;                                                        7P      6
510,279,1,1,67;                                                        9P      7
510,281,1,1,69;                                                       11P      8
510,283,1,1,71;                                                       13P      9
510,285,1,1,73;                                                       15P     10
510,287,1,1,75;                                                       17P     11
510,289,1,1,77;                                                       19P     12
510,291,1,1,79;                                                       21P     13
510,293,1,1,81;                                                       23P     14
510,295,1,1,83;                                                       25P     15
510,297,1,1,85;                                                       27P     16
510,299,1,1,87;                                                       29P     17
510,301,1,1,89;                                                       31P     18
510,303,1,1,91;                                                       33P     19
510,305,1,1,93;                                                       35P     20
510,307,1,1,95;                                                       37P     21
510,309,1,1,97;                                                       39P     22
510,311,5,1,99,101,103,105,107;                                       41P     23
510,313,1,1,109;                                                      43P     24
510,315,1,1,111;                                                      45P     25
510,317,1,1,113;                                                      47P     26
510,319,1,1,115;                                                      49P     27
510,321,1,1,117;                                                      51P     28
510,323,1,1,119;                                                      53P     29
510,325,1,1,121;                                                      55P     30
510,327,1,1,123;                                                      57P     31
510,329,1,1,125;                                                      59P     32
510,331,1,1,127;                                                      61P     33
508,4,0,335,1,0,0,0,335,2,0,0,0,335,3,0,0,0,335,4,0,0;                63P     34
508,4,0,335,5,0,0,0,335,6,1,0,0,335,7,1,0,0,335,2,1,0;                65P     35
508,4,0,335,8,0,0,0,335,9,1,0,0,335,10,1,0,0,335,6,0,0;               67P     36
508,4,0,335,11,1,0,0,335,3,1,0,0,335,7,0,0,0,335,10,0,0;              69P     37
508,4,0,335,12,0,0,0,335,13,0,0,0,335,14,0,0,0,335,15,1,0;            71P     38
508,4,0,335,16,0,0,0,335,14,1,0,0,335,17,0,0,0,335,18,0,0;            73P     39
508,4,0,335,19,0,0,0,335,20,0,0,0,335,18,1,0,0,335,21,0,0;            75P     40
508,4,0,335,22,0,0,0,335,21,1,0,0,335,17,1,0,0,335,13,1,0;            77P     41
508,21,0,335,1,1,0,0,335,23,0,0,0,335,24,1,0,0,335,25,0,0,0,335,      79P     42
26,0,0,0,335,24,0,0,0,335,27,0,0,0,335,28,1,0,0,335,29,1,0,0,         79P     43
335,30,1,0,0,335,31,0,0,0,335,19,1,0,0,335,22,1,0,0,335,12,1,0,       79P     44
0,335,32,0,0,0,335,33,1,0,0,335,34,1,0,0,335,35,1,0,0,335,36,0,       79P     45
0,0,335,8,1,0,0,335,5,1,0;                                            79P     46
508,5,0,335,37,0,0,0,335,38,0,0,0,335,39,1,0,0,335,40,0,0,0,335,      81P     47
39,0,0;                                                               81P     48
508,1,0,335,40,1,0;                                                   83P     49
508,4,0,335,41,0,0,0,335,42,1,0,0,335,43,0,0,0,335,42,0,0;            85P     50
508,1,0,335,43,1,0;                                                   87P     51
508,4,0,335,44,0,0,0,335,45,1,0,0,335,46,0,0,0,335,45,0,0;            89P     52
508,1,0,335,46,1,0;                                                   91P     53
508,4,0,335,25,1,0,0,335,26,1,0,0,335,47,0,0,0,335,47,1,0;            93P     54
508,5,0,335,48,1,0,0,335,49,1,0,0,335,50,1,0,0,335,51,1,0,0,335,      95P     55
49,0,0;                                                               95P     56
508,5,0,335,48,0,0,0,335,52,1,0,0,335,53,0,0,0,335,54,0,0,0,335,      97P     57
52,0,0;                                                               97P     58
508,17,0,335,36,1,0,0,335,55,0,0,0,335,56,0,0,0,335,57,0,0,0,         99P     59
335,32,1,0,0,335,15,0,0,0,335,16,1,0,0,335,20,1,0,0,335,31,1,0,       99P     60
0,335,58,0,0,0,335,59,0,0,0,335,60,0,0,0,335,27,1,0,0,335,23,1,       99P     61
0,0,335,4,1,0,0,335,11,0,0,0,335,9,0,0;                               99P     62
508,2,0,335,51,0,0,0,335,50,0,0;                                     101P     63
508,1,0,335,44,1,0;                                                  103P     64
508,2,0,335,37,1,0,0,335,38,1,0;                                     105P     65
508,1,0,335,41,1,0;                                                  107P     66
508,6,0,335,54,1,0,0,335,61,1,0,0,335,62,1,0,0,335,63,1,0,0,335,     109P     67
61,0,0,0,335,53,1,0;                                                 109P     68
508,2,0,335,63,0,0,0,335,62,0,0;                                     111P     69
508,4,0,335,30,0,0,0,335,64,0,0,0,335,65,0,0,0,335,58,1,0;           113P     70
508,4,0,335,29,0,0,0,335,66,1,0,0,335,67,1,0,0,335,64,1,0;           115P     71
508,4,0,335,28,0,0,0,335,60,1,0,0,335,68,1,0,0,335,66,0,0;           117P     72
508,4,0,335,59,1,0,0,335,65,1,0,0,335,67,0,0,0,335,68,0,0;           119P     73
508,4,0,335,35,0,0,0,335,69,0,0,0,335,70,0,0,0,335,55,1,0;           121P     74
508,4,0,335,56,1,0,0,335,70,1,0,0,335,71,0,0,0,335,72,0,0;           123P     75
508,4,0,335,33,0,0,0,335,57,1,0,0,335,72,1,0,0,335,73,0,0;           125P     76
508,4,0,335,34,0,0,0,335,73,1,0,0,335,71,1,0,0,335,69,1,0;           127P     77
126,2,2,0,0,0,0,-9590.35891448156,-9590.35891448156,                 129P     78
-9590.35891448156,-9588.90737014925,-9588.90737014925,               129P     79
-9588.90737014925,1.,1.,1.,57.378053414847,-2.9305243289303,         129P     80
11.3400000004771,57.3921858104336,-2.92925442772757,                 129P     81
10.7160511036737,57.4063441526769,-2.92795857986808,                 129P     82
10.0900000024998,-9590.35891448156,-9588.90737014925,0.,0.,0.;       129P     83
126,1,1,0,0,1,0,-0.741825575334817,-0.741825575334817,               131P     84
-0.583908643117496,-0.583908643117496,1.,1.,58.4946947261524,        131P     85
-4.04716564021758,11.34,57.378053389802,-2.93052430386714,11.34,     131P     86
-0.741825575334817,-0.583908643117496,0.,0.,0.;                      131P     87
126,1,1,0,0,1,0,-0.00174497492463663,-0.00174497492463663,           133P     88
0.123293104221021,0.123293104221021,1.,1.,58.5255512131028,          133P     89
-4.04716564021758,10.0899999996573,58.4946947261524,                 133P     90
-4.04716564021758,11.34,-0.00174497492463663,0.123293104221021,      133P     91
0.,0.,0.;                                                            133P     92
126,1,1,0,0,1,0,0.5417202149177,0.5417202149177,                     135P     93
0.700000000000002,0.700000000000002,1.,1.,57.4063441334195,          135P     94
-2.92795854665313,10.09,58.525551226984,-4.04716564021758,10.09,     135P     95
0.5417202149177,0.700000000000002,0.,0.,0.;                          135P     96
126,2,2,0,0,0,0,2.17696093683862,2.17696093683862,                   137P     97
2.17696093683862,2.53542804354607,2.53542804354607,                  137P     98
2.53542804354607,1.,0.983980620416005,1.,55.9946963282569,           137P     99
-4.31388136540254,11.34,56.8116916627938,-3.74751963840046,          137P    100
11.34,57.3780533897958,-2.93052430386363,11.34,2.17696093683862,     137P    101
2.53542804354607,0.,0.,0.;                                           137P    102
126,1,1,0,0,1,0,0.72994376276865,0.72994376276865,                   139P    103
0.887860694985971,0.887860694985971,1.,1.,55.9946963282604,          139P    104
-4.31388136540868,11.34,57.1113376646109,-5.43052270175911,          139P    105
11.34,0.72994376276865,0.887860694985971,0.,0.,0.;                   139P    106
126,1,1,0,0,1,0,0.346189343531153,0.346189343531153,                 141P    107
0.541825575334817,0.541825575334817,1.,1.,57.1113376646109,          141P    108
-5.43052270175912,11.34,58.4946947261524,-4.04716564021758,          141P    109
11.34,0.346189343531153,0.541825575334817,0.,0.,0.;                  141P    110
126,2,2,0,0,0,0,-10453.4673962031,-10453.4673962031,                 143P    111
-10453.4673962031,-10452.0158518837,-10452.0158518837,               143P    112
-10452.0158518837,1.,1.,1.,55.9921306433121,-4.34217216753817,       143P    113
10.0900000011458,55.9934264912397,-4.32801382534184,                 143P    114
10.7160511031786,55.9946963925111,-4.31388142980173,                 143P    115
11.3400000008781,-10453.4673962031,-10452.0158518837,0.,0.,0.;       143P    116
126,1,1,0,0,1,0,0.541720214917699,0.541720214917699,                 145P    117
0.700000000000002,0.700000000000002,1.,1.,55.9921305710464,          145P    118
-4.34217210902622,10.09,57.1113376646109,-5.46137920259067,          145P    119
10.09,0.541720214917699,0.700000000000002,0.,0.,0.;                  145P    120
126,1,1,0,0,1,0,-0.00254827621513135,-0.00254827621513135,           147P    121
0.122489802930526,0.122489802930526,1.,1.,57.1113376646109,          147P    122
-5.46137918870956,10.0899999996573,57.1113376646109,                 147P    123
-5.43052270175911,11.34,-0.00254827621513135,0.122489802930526,      147P    124
0.,0.,0.;                                                            147P    125
126,1,1,0,0,1,0,0.,0.,0.200000000000001,0.200000000000001,1.,1.,     149P    126
57.1113376646109,-5.46137920259068,10.09,58.525551226984,            149P    127
-4.04716564021758,10.09,0.,0.200000000000001,0.,0.,0.;               149P    128
126,2,2,0,0,0,0,0.,0.,0.,0.200051681044331,0.200051681044331,        151P    129
0.200051681044331,1.,1.00000000050075,1.,47.4806288064221,           151P    130
-0.769614813420446,12.09,47.4660618164363,-0.787022814724616,        151P    131
11.0926962732159,47.4514948264966,-0.804524943282862,                151P    132
10.0899999996573,0.,0.200051681044331,0.,0.,0.;                      151P    133
126,1,1,0,0,1,0,0.247983518239634,0.247983518239634,                 153P    134
0.405685687164904,0.405685687164904,1.,1.,45.9036071171694,          153P    135
-0.769614813420446,12.09,47.4806288064221,-0.769614813420446,        153P    136
12.09,0.247983518239634,0.405685687164904,0.,0.,0.;                  153P    137
126,1,1,0,0,1,0,-0.00174497492463681,-0.00174497492463681,           155P    138
0.198315951687849,0.198315951687849,1.,1.,45.868696987307,           155P    139
-0.804524943282862,10.0899999996573,45.9036071171694,                155P    140
-0.769614813420446,12.09,-0.00174497492463681,0.198315951687849,     155P    141
0.,0.,0.;                                                            155P    142
126,1,1,0,0,1,0,0.,0.,0.1582797850823,0.1582797850823,1.,1.,         157P    143
45.8686969774916,-0.804524953098285,10.09,47.4514948283146,          157P    144
-0.804524953098285,10.09,0.,0.1582797850823,0.,0.,0.;                157P    145
126,1,1,0,0,1,0,-0.1,-0.1,0.1,0.1,1.,1.,45.8686969774916,            159P    146
-0.804524953098285,10.09,45.8686969774916,1.19547504690172,          159P    147
10.09,-0.1,0.1,0.,0.,0.;                                             159P    148
126,1,1,0,0,1,0,-0.0465089860322162,-0.0465089860322162,             161P    149
0.146508986032216,0.146508986032216,1.,1.,45.9036071171694,          161P    150
1.16056490722388,12.09,45.9036071171694,-0.769614813420446,          161P    151
12.09,-0.0465089860322162,0.146508986032216,0.,0.,0.;                161P    152
126,1,1,0,0,1,0,-0.00254827621513154,-0.00254827621513154,           163P    153
0.197512650397355,0.197512650397355,1.,1.,45.868696987307,           163P    154
1.19547503708629,10.0899999996573,45.9036071171694,                  163P    155
1.16056490722388,12.09,-0.00254827621513154,0.197512650397355,       163P    156
0.,0.,0.;                                                            163P    157
126,2,2,0,0,0,0,0.,0.,0.,0.200051681044331,0.200051681044331,        165P    158
0.200051681044331,1.,1.00000000070662,1.,47.4514948264966,           165P    159
1.19547503708629,10.0899999996573,47.466061816437,                   165P    160
1.17797290852713,11.0926962732683,47.4806288064221,                  165P    161
1.16056490722388,12.09,0.,0.200051681044331,0.,0.,0.;                165P    162
126,1,1,0,0,1,0,0.,0.,0.1582797850823,0.1582797850823,1.,1.,         167P    163
45.8686969774916,1.19547504690172,10.09,47.4514948283146,            167P    164
1.19547504690172,10.09,0.,0.1582797850823,0.,0.,0.;                  167P    165
126,1,1,0,0,1,0,-0.259650567513751,-0.259650567513751,               169P    166
-0.101948398588481,-0.101948398588481,1.,1.,47.4806288064221,        169P    167
1.16056490722388,12.09,45.9036071171694,1.16056490722388,12.09,      169P    168
-0.259650567513751,-0.101948398588481,0.,0.,0.;                      169P    169
126,2,2,0,0,0,0,-0.177236664594862,-0.177236664594862,               171P    170
-0.177236664594862,0.177236664594862,0.177236664594862,              171P    171
0.177236664594862,1.,0.984334654593409,1.,47.4806288064221,          171P    172
1.16056490722388,12.09,47.3077656560452,0.195475046901714,12.09,     171P    173
47.4806288064221,-0.769614813420447,12.09,-0.177236664594862,        171P    174
0.177236664594862,0.,0.,0.;                                          171P    175
126,2,2,0,0,0,0,3.14159265358979,3.14159265358979,                   173P    176
3.14159265358979,3.74444861321123,3.74444861321123,                  173P    177
3.74444861321123,1.,0.954913518354544,1.,58.3774245188615,           173P    178
0.195475046901717,10.09,58.3774245188615,-1.51719696005628,          173P    179
10.09,57.4063441277567,-2.9279585548799,10.09,3.14159265358979,      173P    180
3.74444861321123,0.,0.,0.;                                           173P    181
126,1,1,0,0,1,0,-0.0909230318188914,-0.0909230318188914,             175P    182
1.24888547712999,1.24888547712999,1.,1.,58.3774245188735,            175P    183
0.195475046901716,10.0899999993116,58.2488186643188,                 175P    184
0.195475046901716,17.4578244722406,-0.0909230318188914,              175P    185
1.24888547712999,0.,0.,0.;                                           175P    186
126,72,3,0,0,1,0,0.847748446620439,0.847748446620439,                177P    187
0.847748446620439,0.847748446620439,0.884823101343691,               177P    188
0.884823101343691,0.884823101343691,0.92137129953478,                177P    189
0.92137129953478,0.92137129953478,0.957445288504518,                 177P    190
0.957445288504518,0.957445288504518,0.993095839194008,               177P    191
0.993095839194008,0.993095839194008,1.02837240385309,                177P    192
1.02837240385309,1.02837240385309,1.06332326753052,                  177P    193
1.06332326753052,1.06332326753052,1.09799569407182,                  177P    194
1.09799569407182,1.09799569407182,1.1324360672841,                   177P    195
1.1324360672841,1.1324360672841,1.16762763251408,                    177P    196
1.16762763251408,1.16762763251408,1.20170376363429,                  177P    197
1.20170376363429,1.20170376363429,1.23570565231411,                  177P    198
1.23570565231411,1.23570565231411,1.26967468329235,                  177P    199
1.26967468329235,1.26967468329235,1.30365211500312,                  177P    200
1.30365211500312,1.30365211500312,1.33767918582128,                  177P    201
1.33767918582128,1.33767918582128,1.37179721961225,                  177P    202
1.37179721961225,1.37179721961225,1.40604773105623,                  177P    203
1.40604773105623,1.40604773105623,1.44222940354468,                  177P    204
1.44222940354468,1.44222940354468,1.47702245764364,                  177P    205
1.47702245764364,1.47702245764364,1.51207321539929,                  177P    206
1.51207321539929,1.51207321539929,1.54742056987943,                  177P    207
1.54742056987943,1.54742056987943,1.58444070515052,                  177P    208
1.58444070515052,1.58444070515052,1.62070675583744,                  177P    209
1.62070675583744,1.62070675583744,1.65810393340062,                  177P    210
1.65810393340062,1.65810393340062,1.6955011109638,                   177P    211
1.6955011109638,1.6955011109638,1.6955011109638,1.,1.,1.,1.,1.,      177P    212
1.,1.,1.,1.,1.,1.,1.,1.,1.,1.,1.,1.,1.,1.,1.,1.,1.,1.,1.,1.,1.,      177P    213
1.,1.,1.,1.,1.,1.,1.,1.,1.,1.,1.,1.,1.,1.,1.,1.,1.,1.,1.,1.,1.,      177P    214
1.,1.,1.,1.,1.,1.,1.,1.,1.,1.,1.,1.,1.,1.,1.,1.,1.,1.,1.,1.,1.,      177P    215
1.,1.,1.,1.,1.,52.8686969774916,-5.18464007676668,                   177P    216
17.4578242566104,52.9796127385934,-5.18464007676668,                 177P    217
17.4578242566104,53.0919530557604,-5.18120826413599,                 177P    218
17.4578242566104,53.2054313201436,-5.17409185615519,                 177P    219
17.4578242566104,53.317298204084,-5.16707650048344,                  177P    220
17.4578242566104,53.4302707373261,-5.15647995217512,                 177P    221
17.4578242566104,53.5440313703016,-5.14208640022124,                 177P    222
17.4578242566104,53.6563159704259,-5.12787960316643,                 177P    223
17.4578242566104,53.7693680572174,-5.10997323701766,                 177P    224
17.4578242566104,53.8828438328033,-5.08819270379825,                 177P    225
17.4578242566104,53.9949876240803,-5.06666783156318,                 177P    226
17.4578242566104,54.1075448431912,-5.04135880480073,                 177P    227
17.4578242566104,54.2201507936687,-5.01213585702204,                 177P    228
17.4578242566104,54.3315754706006,-4.98321946760009,                 177P    229
17.4578242566104,54.4430474207169,-4.95047050691555,                 177P    230
17.4578242566104,54.5541869662445,-4.91380692239093,                 177P    231
17.4578242566104,54.6643003841027,-4.87748184490592,                 177P    232
17.4578242566104,54.7740870100491,-4.8373138396013,                  177P    233
17.4578242566104,54.8831585587685,-4.79327061523466,                 177P    234
17.4578242566104,54.9913611856227,-4.7495782625767,                  177P    235
17.4578242566104,55.0988595451428,-4.7020720230111,                  177P    236
17.4578242566104,55.2052634447038,-4.6507704986959,                  177P    237
17.4578242566104,55.3109552112653,-4.59981232183826,                 177P    238
17.4578242566104,55.4155665562745,-4.54510942296842,                 177P    239
17.4578242566104,55.5187122610499,-4.48673145653579,                 177P    240
17.4578242566104,55.6241077158385,-4.42708018617806,                 177P    241
17.4578242566104,55.7279722444665,-4.36359156765133,                 177P    242
17.4578242566104,55.8299011653192,-4.29639633392803,                 177P    243
17.4578242566104,55.9285993405558,-4.23133092464475,                 177P    244
17.4578242566104,56.0254821566551,-4.16279052541451,                 177P    245
17.4578242566104,56.1201965500411,-4.09094411991287,                 177P    246
17.4578242566104,56.2147045870283,-4.01925424780577,                 177P    247
17.4578242566104,56.3070531144244,-3.94427298723953,                 177P    248
17.4578242566104,56.3969136434152,-3.86621498339649,                 177P    249
17.4578242566104,56.4866873357461,-3.78823241085141,                 177P    250
17.4578242566104,56.573977357598,-3.70717935850145,                  177P    251
17.4578242566104,56.6584859686381,-3.62331247618853,                 177P    252
17.4578242566104,56.7430154791334,-3.53942485312363,                 177P    253
17.4578242566104,56.8247617884712,-3.45272241027216,                 177P    254
17.4578242566104,56.9034634852803,-3.36349923953979,                 177P    255
17.4578242566104,56.9822801608203,-3.2741457187977,                  177P    256
17.4578242566104,57.0580429852342,-3.18226457058239,                 177P    257
17.4578242566104,57.1305317170068,-3.08818196883344,                 177P    258
17.4578242566104,57.2032142295068,-2.99384786047698,                 177P    259
17.4578242566104,57.2726048749334,-2.89730103693612,                 177P    260
17.4578242566104,57.3385285589113,-2.79889373093237,                 177P    261
17.4578242566104,57.4047082193909,-2.70010431706689,                 177P    262
17.4578242566104,57.4673937944312,-2.59944050387533,                 177P    263
17.4578242566104,57.5264583537026,-2.49727405136236,                 177P    264
17.4578242566104,57.5888531749515,-2.38934710463118,                 177P    265
17.4578242566104,57.6472065874901,-2.27974391390185,                 177P    266
17.4578242566104,57.7014309913928,-2.16891085535857,                 177P    267
17.4578242566104,57.7535743139292,-2.06233146483754,                 177P    268
17.4578242566104,57.801899972146,-1.95461540647616,                  177P    269
17.4578242566104,57.8463847059691,-1.84615754043838,                 177P    270
17.4578242566104,57.8911989273544,-1.73689635346777,                 177P    271
17.4578242566104,57.9321152844023,-1.62688288808838,                 177P    272
17.4578242566104,57.9691622425606,-1.51651000669819,                 177P    273
17.4578242566104,58.0065226891324,-1.40520315876378,                 177P    274
17.4578242566104,58.0399482386887,-1.29353130183884,                 177P    275
17.4578242566104,58.0695177539619,-1.18187821024024,                 177P    276
17.4578242566104,58.1004866191406,-1.0649412395615,                  177P    277
17.4578242566104,58.1272259355184,-0.948025551907219,                177P    278
17.4578242566104,58.1498782743177,-0.831541434942276,                177P    279
17.4578242566104,58.1720691945036,-0.717430050444724,                177P    280
17.4578242566104,58.1903386160077,-0.603733057884988,                177P    281
17.4578242566104,58.204862626008,-0.490801075018799,                 177P    282
17.4578242566104,58.2198396353769,-0.37434677862272,                 177P    283
17.4578242566104,58.2308343585705,-0.258706414937007,                177P    284
17.4578242566104,58.2380773214274,-0.1442210909636,                  177P    285
17.4578242566104,58.2453202842844,-0.0297357669901928,               177P    286
17.4578242566104,58.24881210116,0.0835943984251954,                  177P    287
17.4578242566104,58.24881210116,0.195475046901716,                   177P    288
17.4578242566104,0.847748446620439,1.6955011109638,0.,0.,0.;         177P    289
126,234,3,0,0,1,0,1.6955011109638,1.6955011109638,                   179P    290
1.6955011109638,1.6955011109638,1.73266590859141,                    179P    291
1.73266590859141,1.73266590859141,1.76928284404553,                  179P    292
1.76928284404553,1.76928284404553,1.80540704353289,                  179P    293
1.80540704353289,1.80540704353289,1.84109200658469,                  179P    294
1.84109200658469,1.84109200658469,1.8763897809364,                   179P    295
1.8763897809364,1.8763897809364,1.91135113041556,                    179P    296
1.91135113041556,1.91135113041556,1.94770994497279,                  179P    297
1.94770994497279,1.94770994497279,1.98350065305257,                  179P    298
1.98350065305257,1.98350065305257,2.01873213131861,                  179P    299
2.01873213131861,2.01873213131861,2.05341311773673,                  179P    300
2.05341311773673,2.05341311773673,2.08755221374207,                  179P    301
2.08755221374207,2.08755221374207,2.12152172949482,                  179P    302
2.12152172949482,2.12152172949482,2.15551547653846,                  179P    303
2.15551547653846,2.15551547653846,2.18957865794955,                  179P    304
2.18957865794955,2.18957865794955,2.22375660249617,                  179P    305
2.22375660249617,2.22375660249617,2.25809489791297,                  179P    306
2.25809489791297,2.25809489791297,2.29263952475131,                  179P    307
2.29263952475131,2.29263952475131,2.32743699137092,                  179P    308
2.32743699137092,2.32743699137092,2.36253447064993,                  179P    309
2.36253447064993,2.36253447064993,2.39797993900551,                  179P    310
2.39797993900551,2.39797993900551,2.43382231833472,                  179P    311
2.43382231833472,2.43382231833472,2.47011162150819,                  179P    312
2.47011162150819,2.47011162150819,2.50689910207382,                  179P    313
2.50689910207382,2.50689910207382,2.53395247957389,                  179P    314
2.53395247957389,2.53395247957389,2.54062706032174,                  179P    315
2.54062706032174,2.54062706032174,2.54294533636612,                  179P    316
2.54294533636612,2.54294533636612,2.5452799715854,                   179P    317
2.5452799715854,2.5452799715854,2.58231555606254,                    179P    318
2.58231555606254,2.58231555606254,2.61882039959542,                  179P    319
2.61882039959542,2.61882039959542,2.65484834427481,                  179P    320
2.65484834427481,2.65484834427481,2.69045168623703,                  179P    321
2.69045168623703,2.69045168623703,2.72568134364663,                  179P    322
2.72568134364663,2.72568134364663,2.7605870181279,                   179P    323
2.7605870181279,2.7605870181279,2.79521735040793,                    179P    324
2.79521735040793,2.79521735040793,2.82962007089214,                  179P    325
2.82962007089214,2.82962007089214,2.86384214585629,                  179P    326
2.86384214585629,2.86384214585629,2.89792991990884,                  179P    327
2.89792991990884,2.89792991990884,2.93192925535019,                  179P    328
2.93192925535019,2.93192925535019,2.96588566903592,                  179P    329
2.96588566903592,2.96588566903592,2.99984446733326,                  179P    330
2.99984446733326,2.99984446733326,3.03385087974845,                  179P    331
3.03385087974845,3.03385087974845,3.06795019179375,                  179P    332
3.06795019179375,3.06795019179375,3.10218787766075,                  179P    333
3.10218787766075,3.10218787766075,3.13769185842381,                  179P    334
3.13769185842381,3.13769185842381,3.17250678403538,                  179P    335
3.17250678403538,3.17250678403538,3.20761756149431,                  179P    336
3.20761756149431,3.20761756149431,3.24307076693127,                  179P    337
3.24307076693127,3.24307076693127,3.27891388669266,                  179P    338
3.27891388669266,3.27891388669266,3.31519545270385,                  179P    339
3.31519545270385,3.31519545270385,3.35196518171793,                  179P    340
3.35196518171793,3.35196518171793,3.3796636217292,                   179P    341
3.3796636217292,3.3796636217292,3.38637183766943,                    179P    342
3.38637183766943,3.38637183766943,3.38994091678915,                  179P    343
3.38994091678915,3.38994091678915,3.39223237284468,                  179P    344
3.39223237284468,3.39223237284468,3.4292780618212,                   179P    345
3.4292780618212,3.4292780618212,3.46579954624165,                    179P    346
3.46579954624165,3.46579954624165,3.50184900096663,                  179P    347
3.50184900096663,3.50184900096663,3.53747713130026,                  179P    348
3.53747713130026,3.53747713130026,3.57273333037532,                  179P    349
3.57273333037532,3.57273333037532,3.60766583037952,                  179P    350
3.60766583037952,3.60766583037952,3.64232184831862,                  179P    351
3.64232184831862,3.64232184831862,3.67674772697222,                  179P    352
3.67674772697222,3.67674772697222,3.71184569791637,                  179P    353
3.71184569791637,3.71184569791637,3.74591226088841,                  179P    354
3.74591226088841,3.74591226088841,3.7799061888711,                   179P    355
3.7799061888711,3.7799061888711,3.81386885254949,                    179P    356
3.81386885254949,3.81386885254949,3.84784150042857,                  179P    357
3.84784150042857,3.84784150042857,3.88186536502503,                  179P    358
3.88186536502503,3.88186536502503,3.91598176838099,                  179P    359
3.91598176838099,3.91598176838099,3.95023222737073,                  179P    360
3.95023222737073,3.95023222737073,3.98624260670923,                  179P    361
3.98624260670923,3.98624260670923,4.02103755021829,                  179P    362
4.02103755021829,4.02103755021829,4.05609143833067,                  179P    363
4.05609143833067,4.05609143833067,4.09144317679077,                  179P    364
4.09144317679077,4.09144317679077,4.12816119811275,                  179P    365
4.12816119811275,4.12816119811275,4.16442950982416,                  179P    366
4.16442950982416,4.16442950982416,4.20137238595142,                  179P    367
4.20137238595142,4.20137238595142,4.23831526207869,                  179P    368
4.23831526207869,4.23831526207869,4.23831526207869,1.,1.,1.,1.,      179P    369
1.,1.,1.,1.,1.,1.,1.,1.,1.,1.,1.,1.,1.,1.,1.,1.,1.,1.,1.,1.,1.,      179P    370
1.,1.,1.,1.,1.,1.,1.,1.,1.,1.,1.,1.,1.,1.,1.,1.,1.,1.,1.,1.,1.,      179P    371
1.,1.,1.,1.,1.,1.,1.,1.,1.,1.,1.,1.,1.,1.,1.,1.,1.,1.,1.,1.,1.,      179P    372
1.,1.,1.,1.,1.,1.,1.,1.,1.,1.,1.,1.,1.,1.,1.,1.,1.,1.,1.,1.,1.,      179P    373
1.,1.,1.,1.,1.,1.,1.,1.,1.,1.,1.,1.,1.,1.,1.,1.,1.,1.,1.,1.,1.,      179P    374
1.,1.,1.,1.,1.,1.,1.,1.,1.,1.,1.,1.,1.,1.,1.,1.,1.,1.,1.,1.,1.,      179P    375
1.,1.,1.,1.,1.,1.,1.,1.,1.,1.,1.,1.,1.,1.,1.,1.,1.,1.,1.,1.,1.,      179P    376
1.,1.,1.,1.,1.,1.,1.,1.,1.,1.,1.,1.,1.,1.,1.,1.,1.,1.,1.,1.,1.,      179P    377
1.,1.,1.,1.,1.,1.,1.,1.,1.,1.,1.,1.,1.,1.,1.,1.,1.,1.,1.,1.,1.,      179P    378
1.,1.,1.,1.,1.,1.,1.,1.,1.,1.,1.,1.,1.,1.,1.,1.,1.,1.,1.,1.,1.,      179P    379
1.,1.,1.,1.,1.,1.,1.,1.,1.,1.,1.,1.,1.,1.,1.,1.,1.,1.,1.,1.,1.,      179P    380
58.24881210116,0.195475046901715,17.4578242566103,                   179P    381
58.24881210116,0.306679894498497,17.4578242566103,                   179P    382
58.2453623655369,0.419316753672252,17.4578242566103,                 179P    383
58.2382081617147,0.533096708570428,17.4578242566103,                 179P    384
58.2311594210702,0.645199384501159,17.4578242566103,                 179P    385
58.2205141261504,0.758411486582939,17.4578242566103,                 179P    386
58.2060552453102,0.872413349018789,17.4578242566103,                 179P    387
58.1917909304692,0.984881144848466,17.4578242566103,                 179P    388
58.1738145152692,1.09811728845666,17.4578242566103,                  179P    389
58.1519507845793,1.21177616065617,17.4578242566103,                  179P    390
58.1303528963793,1.32405304741095,17.4578242566103,                  179P    391
58.1049612466072,1.4367420672369,17.4578242566103,                   179P    392
58.0756459192623,1.54947706378285,17.4578242566103,                  179P    393
58.0466486688472,1.66098886397283,17.4578242566103,                  179P    394
58.0138120896744,1.77254520325863,17.4578242566103,                  179P    395
57.9770543113405,1.8837653340377,17.4578242566103,                   179P    396
57.9406468732508,1.99392542012529,17.4578242566103,                  179P    397
57.9003923723702,2.10375517600465,17.4578242566103,                  179P    398
57.8562589049702,2.21286562968211,17.4578242566103,                  179P    399
57.8103613472137,2.32633741525722,17.4578242566103,                  179P    400
57.7602678743833,2.43903070772373,17.4578242566103,                  179P    401
57.7060019460996,2.55049508601076,17.4578242566103,                  179P    402
57.6525839229454,2.66021783338705,17.4578242566103,                  179P    403
57.5951228261484,2.76874907232746,17.4578242566103,                  179P    404
57.5337014308186,2.87565642030994,17.4578242566103,                  179P    405
57.4732397447908,2.98089334098019,17.4578242566103,                  179P    406
57.408940700989,3.08455606681368,17.4578242566103,                   179P    407
57.3409410454387,3.18623945431279,17.4578242566103,                  179P    408
57.2740038845064,3.28633403888223,17.4578242566103,                  179P    409
57.2034811183043,3.38451007425475,17.4578242566103,                  179P    410
57.1295565490359,3.48039733753577,17.4578242566103,                  179P    411
57.0567870511623,3.57478636232802,17.4578242566103,                  179P    412
56.9807215841891,3.66695709140086,17.4578242566103,                  179P    413
56.901582968363,3.7565801181624,17.4578242566103,                    179P    414
56.8228374603818,3.84575795752021,17.4578242566103,                  179P    415
56.7410496206384,3.93241288873518,17.4578242566103,                  179P    416
56.6564811281855,4.01625114236682,17.4578242566103,                  179P    417
56.5718523109473,4.10014919988633,17.4578242566103,                  179P    418
56.4844392828991,4.18122615154093,17.4578242566103,                  179P    419
56.3945408697502,4.25922498893158,17.4578242566103,                  179P    420
56.3044588334355,4.33738314385581,17.4578242566103,                  179P    421
56.2118817269353,4.41245026719032,17.4578242566103,                  179P    422
56.1171402484542,4.4842108815345,17.4578242566103,                   179P    423
56.0220795740352,4.55621326639946,17.4578242566103,                  179P    424
55.9248404500933,4.62488658455614,17.4578242566103,                  179P    425
55.8257795277865,4.69006084924957,17.4578242566103,                  179P    426
55.7262538465451,4.75554088862302,17.4578242566103,                  179P    427
55.6248897988646,4.81748882298712,17.4578242566103,                  179P    428
55.5220635608606,4.87578321177569,17.4578242566103,                  179P    429
55.4186194621386,4.93442787899133,17.4578242566103,                  179P    430
55.3136961316056,4.98937492316243,17.4578242566103,                  179P    431
55.2076824853807,5.0405535331401,17.4578242566103,                   179P    432
55.1008929017794,5.09210673070884,17.4578242566103,                  179P    433
54.9929975644579,5.13983619359219,17.4578242566103,                  179P    434
54.8843911484396,5.18372281070932,17.4578242566103,                  179P    435
54.7748483625397,5.22798780424269,17.4578242566103,                  179P    436
54.6645827432934,5.268343569858,17.4578242566103,                    179P    437
54.5539877118655,5.30482274348284,17.4578242566103,                  179P    438
54.4422961383596,5.341663605588,17.4578242566103,                    179P    439
54.3302691083994,5.3745508850172,17.4578242566103,                   179P    440
54.2182919072854,5.40356800588393,17.4578242566103,                  179P    441
54.105060808791,5.43291005442774,17.4578242566103,                   179P    442
53.9918811260309,5.45829513364809,17.4578242566103,                  179P    443
53.8791234120064,5.47985553702154,17.4578242566103,                  179P    444
53.7649597056353,5.5016847802025,17.4578242566103,                   179P    445
53.6512289517805,5.5195937951545,17.4578242566103,                   179P    446
53.5382808024134,5.53376093708486,17.4578242566103,                  179P    447
53.4237821075802,5.54812256469569,17.4578242566103,                  179P    448
53.3100879657432,5.55863936065686,17.4578242566103,                  179P    449
53.1975215118974,5.56553213873028,17.4578242566103,                  179P    450
53.1147405569934,5.57060106229822,17.4578242566103,                  179P    451
53.0325685998855,5.57371085626769,17.4578242566103,                  179P    452
52.9511190541055,5.5749587902745,17.4578242566103,                   179P    453
52.931023908123,5.57526667923574,17.4578242566103,                   179P    454
52.910972673524,5.57546126863338,17.4578242566103,                   179P    455
52.8909669314847,5.57554407927245,17.4578242566103,                  179P    456
52.884018355346,5.5755728418162,17.4578242566103,                    179P    457
52.8770752668875,5.57558811983987,17.4578242566103,                  179P    458
52.8701377309937,5.57558997765875,17.4578242566103,                  179P    459
52.8631512396,5.57559184858755,17.4578242566103,                     179P    460
52.8561620474899,5.57558011709321,17.4578242566103,                  179P    461
52.8491658914144,5.57555471923019,17.4578242566103,                  179P    462
52.7381820738093,5.5751518191568,17.4578242566103,                   179P    463
52.6257917279456,5.57130770089558,17.4578242566103,                  179P    464
52.5122833690263,5.5637716187787,17.4578242566103,                   179P    465
52.4004016493093,5.55634353299549,17.4578242566103,                  179P    466
52.2874339467175,5.54532804801148,17.4578242566103,                  179P    467
52.1736992614389,5.53051177766628,17.4578242566103,                  179P    468
52.0614504047728,5.51588906690543,17.4578242566103,                  179P    469
51.9484547742374,5.49756377562029,17.4578242566103,                  179P    470
51.8350571283273,5.47536400464932,17.4578242566103,                  179P    471
51.7229959158163,5.45342586622936,17.4578242566103,                  179P    472
51.6105424846904,5.42770363564661,17.4578242566103,                  179P    473
51.4980619951958,5.39807040779926,17.4578242566103,                  179P    474
51.3867620752511,5.36874820354915,17.4578242566103,                  179P    475
51.2754361057331,5.33559633870706,17.4578242566103,                  179P    476
51.1644637498222,5.29853568240597,17.4578242566103,                  179P    477
51.0545119303421,5.26181584747065,17.4578242566103,                  179P    478
50.9449077488317,5.22125853333728,17.4578242566103,                  179P    479
50.8360390376142,5.17683434365786,17.4578242566103,                  179P    480
50.7280291022558,5.13276057992941,17.4578242566103,                  179P    481
50.6207436181116,5.08488054500435,17.4578242566103,                  179P    482
50.5145719426006,5.03321564185149,17.4578242566103,                  179P    483
50.4090980924969,4.98189031214807,17.4578242566103,                  179P    484
50.3047240194248,4.9268296400453,17.4578242566103,                   179P    485
50.2018337906377,4.86810594250314,17.4578242566103,                  179P    486
50.0994838289755,4.80969059769392,17.4578242566103,                  179P    487
49.9986027365951,4.7476506314912,17.4578242566103,                   179P    488
49.8995624535768,4.68210840865783,17.4578242566103,                  179P    489
49.8009108436682,4.61682339934188,17.4578242566103,                  179P    490
49.7040861777305,4.5480637049963,17.4578242566103,                   179P    491
49.6094415652753,4.47599988643536,17.4578242566103,                  179P    492
49.5150425023849,4.40412303297289,17.4578242566103,                  179P    493
49.422812718989,4.32895941193434,17.4578242566103,                   179P    494
49.3330800804759,4.25072496539787,17.4578242566103,                  179P    495
49.2434607230706,4.17258928431524,17.4578242566103,                  179P    496
49.1563326844993,4.09139085075909,17.4578242566103,                  179P    497
49.0719926141559,4.00738726012925,17.4578242566103,                  179P    498
48.9876466209752,3.92337777029168,17.4578242566103,                  179P    499
48.9060893981423,3.83656313416659,17.4578242566103,                  179P    500
48.8275809910517,3.74723803562515,17.4578242566103,                  179P    501
48.7489625061982,3.65778769308266,17.4578242566103,                  179P    502
48.6734017250534,3.56582031536548,17.4578242566103,                  179P    503
48.6011174123871,3.47166237357096,17.4578242566103,                  179P    504
48.5286356314955,3.37724720858403,17.4578242566103,                  179P    505
48.4594484882415,3.28063001868574,17.4578242566103,                  179P    506
48.3937296098559,3.18216314620532,17.4578242566103,                  179P    507
48.3277440465488,3.08329669858279,17.4578242566103,                  179P    508
48.2652550995735,2.98256608472217,17.4578242566103,                  179P    509
48.2063883068022,2.88034312618235,17.4578242566103,                  179P    510
48.1453443014844,2.77433940946974,17.4578242566103,                  179P    511
48.0881956808199,2.66673152028507,17.4578242566103,                  179P    512
48.0350243522949,2.55794149033529,17.4578242566103,                  179P    513
47.9828849637677,2.45126283857342,17.4578242566103,                  179P    514
47.9345696792558,2.34344808578865,17.4578242566103,                  179P    515
47.8901014780683,2.23489300236061,17.4578242566103,                  179P    516
47.8452553929923,2.1254154346415,17.4578242566103,                   179P    517
47.8043218918467,2.01518546504532,17.4578242566103,                  179P    518
47.7672719567127,1.90459806801428,17.4578242566103,                  179P    519
47.7298606814065,1.79293213551631,17.4578242566103,                  179P    520
47.6964088346542,1.68090229577771,17.4578242566103,                  179P    521
47.6668363181043,1.56889574874251,17.4578242566103,                  179P    522
47.6369385630416,1.45565735379452,17.4578242566103,                  179P    523
47.6110055914708,1.34244323735761,17.4578242566103,                  179P    524
47.588908130089,1.22962613391422,17.4578242566103,                   179P    525
47.5665403644162,1.11542901008621,17.4578242566103,                  179P    526
47.5481020965527,1.00163907231645,17.4578242566103,                  179P    527
47.5334176981882,0.888608335499121,17.4578242566103,                 179P    528
47.5185357234568,0.774056787152164,17.4578242566103,                 179P    529
47.5075088315002,0.660285326488427,17.4578242566103,                 179P    530
47.5001186755451,0.547619562399667,17.4578242566103,                 179P    531
47.494551710629,0.462749045493157,17.4578242566103,                  179P    532
47.4910476347661,0.378505115269955,17.4578242566103,                 179P    533
47.4895026687851,0.29501063402933,17.4578242566103,                  179P    534
47.4891284973365,0.274789314353867,17.4578242566103,                 179P    535
47.4888692020639,0.254611887761367,17.4578242566103,                 179P    536
47.4887232452468,0.234479973281636,17.4578242566103,                 179P    537
47.4886455895134,0.223768869725962,17.4578242566103,                 179P    538
47.4886000164424,0.213070648579945,17.4578242566103,                 179P    539
47.4885862919294,0.202385547978263,17.4578242566103,                 179P    540
47.4885774803796,0.195525392275247,17.4578242566103,                 179P    541
47.4885817784034,0.188670699597508,17.4578242566103,                 179P    542
47.4885992155155,0.181807000025271,17.4578242566103,                 179P    543
47.4888811191671,0.0708424109520239,17.4578242566103,                179P    544
47.4926014912343,-0.0415341507548032,17.4578242566103,               179P    545
47.5000116972311,-0.155034732476965,17.4578242566103,                179P    546
47.5073170472014,-0.266929256282549,17.4578242566103,                179P    547
47.5182090408832,-0.379916001473364,17.4578242566103,                179P    548
47.5329018885767,-0.493676252188416,17.4578242566103,                179P    549
47.5474048354342,-0.605966184340209,17.4578242566103,                179P    550
47.5656114771567,-0.719009458510544,17.4578242566103,                179P    551
47.5876946505462,-0.832461316266392,17.4578242566103,                179P    552
47.6095197290586,-0.944587216798154,17.4578242566103,                179P    553
47.6351316571032,-1.05711183039446,17.4578242566103,                 179P    554
47.6646583073969,-1.1696697307995,17.4578242566103,                  179P    555
47.6938767213588,-1.28105261019815,17.4578242566103,                 179P    556
47.7269288837297,-1.39246764138583,17.4578242566103,                 179P    557
47.7638948529289,-1.50353466848713,17.4578242566103,                 179P    558
47.8005214250802,-1.61358195170174,17.4578242566103,                 179P    559
47.8409905185736,-1.72328709277359,17.4578242566103,                 179P    560
47.8853323659853,-1.83226159593729,17.4578242566103,                 179P    561
47.9293232586831,-1.94037359296273,17.4578242566103,                 179P    562
47.9771260062968,-2.04776593252208,17.4578242566103,                 179P    563
48.0287199221949,-2.1540484895046,17.4578242566103,                  179P    564
48.0799712197645,-2.25962525877175,17.4578242566103,                 179P    565
48.1349635658493,-2.36410637288457,17.4578242566103,                 179P    566
48.1936252362487,-2.46710696275691,17.4578242566103,                 179P    567
48.2534321513875,-2.57211842076344,17.4578242566103,                 179P    568
48.3170532493133,-2.6755903348878,17.4578242566103,                  179P    569
48.3843565910035,-2.77712146827445,17.4578242566103,                 179P    570
48.4496821202646,-2.87566895281826,17.4578242566103,                 179P    571
48.5184762946288,-2.97238753571699,17.4578242566103,                 179P    572
48.5905683189578,-3.06692497837987,17.4578242566103,                 179P    573
48.6625066323467,-3.16126085312569,17.4578242566103,                 179P    574
48.7377285162282,-3.2534243548628,17.4578242566103,                  179P    575
48.8160176367635,-3.34308806616565,17.4578242566103,                 179P    576
48.8942347545902,-3.43266931351913,17.4578242566103,                 179P    577
48.9755131464803,-3.51975489030655,17.4578242566103,                 179P    578
49.0595946332177,-3.60404835410169,17.4578242566103,                 179P    579
49.143700837876,-3.68836659813399,17.4578242566103,                  179P    580
49.2306113806927,-3.76989067560831,17.4578242566103,                 179P    581
49.3200308325109,-3.84836067372215,17.4578242566103,                 179P    582
49.4095850919193,-3.92694897217367,17.4578242566103,                 179P    583
49.5016553574084,-4.00247364292414,17.4578242566103,                 179P    584
49.5959143380416,-4.07471611261803,17.4578242566103,                 179P    585
49.6904296860583,-4.14715506876659,17.4578242566103,                 179P    586
49.7871451453671,-4.21629370316221,17.4578242566103,                 179P    587
49.885707609023,-4.28195872385684,17.4578242566103,                  179P    588
49.9846573600901,-4.34788176606313,17.4578242566103,                 179P    589
50.0854680987301,-4.41030369882997,17.4578242566103,                 179P    590
50.1877674497153,-4.46909949007618,17.4578242566103,                 179P    591
50.2953233349126,-4.53091643527148,17.4578242566103,                 179P    592
50.4045241252477,-4.58872452325226,17.4578242566103,                 179P    593
50.5149294292348,-4.6424394906546,17.4578242566103,                  179P    594
50.6216082919932,-4.69434145033092,17.4578242566103,                 179P    595
50.7294111265533,-4.74242237992244,17.4578242566103,                 179P    596
50.8379430222565,-4.78666075185192,17.4578242566103,                 179P    597
50.9472826143042,-4.83122834655101,17.4578242566103,                 179P    598
51.057361601655,-4.87189614968433,17.4578242566103,                  179P    599
51.1677873122315,-4.90869433259092,17.4578242566103,                 179P    600
51.2791513020706,-4.94580518699171,17.4578242566103,                 179P    601
51.3908674186181,-4.97898064906456,17.4578242566103,                 179P    602
51.5025523079777,-5.00830122479602,17.4578242566103,                 179P    603
51.6185536229761,-5.03875498949831,17.4578242566103,                 179P    604
51.7345206117951,-5.06505029655963,17.4578242566103,                 179P    605
51.8500536901497,-5.08732767486244,17.4578242566103,                 179P    606
51.964171759367,-5.10933220754992,17.4578242566103,                  179P    607
52.0778662159417,-5.1274172392897,17.4578242566103,                  179P    608
52.1907871075858,-5.1417599069119,17.4578242566103,                  179P    609
52.3058082462973,-5.15636933779794,17.4578242566103,                 179P    610
52.4200264232054,-5.16709636045585,17.4578242566103,                 179P    611
52.5331134306051,-5.17416390064257,17.4578242566103,                 179P    612
52.6462004380047,-5.18123144082929,17.4578242566103,                 179P    613
52.7581561654392,-5.18464007676668,17.4578242566103,                 179P    614
52.8686969774916,-5.18464007676668,17.4578242566103,                 179P    615
1.6955011109638,4.23831526207869,0.,0.,0.;                           179P    616
126,2,2,0,0,0,0,1.70896745446776,1.70896745446776,                   181P    617
1.70896745446776,3.14159265358979,3.14159265358979,                  181P    618
3.14159265358979,1.,0.754232027843688,1.,53.6274245084559,           181P    619
5.65170191707534,10.09,58.3774245188615,4.99118030283007,10.09,      181P    620
58.3774245188615,0.195475046901717,10.09,1.70896745446776,           181P    621
3.14159265358979,0.,0.,0.;                                           181P    622
126,2,2,0,0,0,0,-10444.6742054523,-10444.6742054523,                 183P    623
-10444.6742054523,-10442.3048915786,-10442.3048915786,               183P    624
-10442.3048915786,1.,1.,1.,53.6274245083245,5.6517019834971,         183P    625
10.0900000012308,53.6099205577913,5.63646365741952,                  183P    626
11.0928006556603,53.5925143784502,5.62122533134194,                  183P    627
12.0900000022428,-10444.6742054523,-10442.3048915786,0.,0.,0.;       183P    628
126,2,2,0,0,0,0,-1.70341740286727,-1.70341740286727,                 185P    629
-1.70341740286727,-1.43817525072252,-1.43817525072252,               185P    630
-1.43817525072252,1.,0.99121870712158,1.,53.5925143786023,           185P    631
5.62122526456174,12.09,52.8686969774916,5.71778548372655,12.09,      185P    632
52.1448795763808,5.62122526456174,12.09,-1.70341740286727,           185P    633
-1.43817525072252,0.,0.,0.;                                          185P    634
126,2,2,0,0,0,0,-9598.68825766155,-9598.68825766155,                 187P    635
-9598.68825766155,-9596.31894375779,-9596.31894375779,               187P    636
-9596.31894375779,1.00000000022782,1.00000000022781,                 187P    637
1.00000000022781,52.1448795764947,5.62122526395267,                  187P    638
12.0900000010045,52.1274733971489,5.63646359022086,                  187P    639
11.092800654142,52.1099694466084,5.65170191648905,                   187P    640
10.0899999993011,-9598.68825766155,-9596.31894375779,0.,0.,0.;       187P    641
126,2,2,0,0,0,0,0.182542205589016,0.182542205589016,                 189P    642
0.182542205589016,1.43262519912203,1.43262519912203,                 189P    643
1.43262519912203,1.,0.810938839162074,1.,47.4514948283146,           189P    644
1.19547504690171,10.09,48.1730423686796,5.10424393330077,10.09,      189P    645
52.1099694465272,5.65170191707534,10.09,0.182542205589016,           189P    646
1.43262519912203,0.,0.,0.;                                           189P    647
126,2,2,0,0,0,0,-1.43262519912203,-1.43262519912203,                 191P    648
-1.43262519912203,-0.182542205589017,-0.182542205589017,             191P    649
-0.182542205589017,1.,0.810938839162074,1.,52.1099694465272,         191P    650
-5.26075182327191,10.09,48.1730423686796,-4.71329383949734,          191P    651
10.09,47.4514948283146,-0.804524953098284,10.09,                     191P    652
-1.43262519912203,-0.182542205589017,0.,0.,0.;                       191P    653
126,2,2,0,0,0,0,-10444.6741998828,-10444.6741998828,                 193P    654
-10444.6741998828,-10442.3048859787,-10442.3048859787,               193P    655
-10442.3048859787,1.00000000022781,1.00000000022781,                 193P    656
1.00000000022782,52.1099694466256,-5.26075182267066,                 193P    657
10.0900000002856,52.1274733971683,-5.24551349640046,                 193P    658
11.0928006552607,52.1448795765164,-5.23027517013025,                 193P    659
12.0900000022562,-10444.6741998828,-10442.3048859787,0.,0.,0.;       193P    660
126,2,2,0,0,0,0,1.43817525072252,1.43817525072252,                   195P    661
1.43817525072252,1.70341740286727,1.70341740286727,                  195P    662
1.70341740286727,1.,0.991218707121558,1.,52.1448795763808,           195P    663
-5.23027517075831,12.09,52.8686969774916,-5.32683538992312,          195P    664
12.09,53.5925143786023,-5.23027517075831,12.09,1.43817525072252,     195P    665
1.70341740286727,0.,0.,0.;                                           195P    666
126,2,2,0,0,0,0,-9598.68825293987,-9598.68825293987,                 197P    667
-9598.68825293987,-9596.31893906834,-9596.31893906834,               197P    668
-9596.31893906834,1.,1.,1.,53.5925143784353,-5.23027523752534,       197P    669
12.0900000031008,53.6099205577604,-5.24551356358906,                 197P    670
11.0928006574227,53.6274245082775,-5.26075188965279,                 197P    671
10.0900000039124,-9598.68825293987,-9596.31893906834,0.,0.,0.;       197P    672
126,2,2,0,0,0,0,-2.17365228641631,-2.17365228641631,                 199P    673
-2.17365228641631,-1.70896745305797,-1.70896745305797,               199P    674
-1.70896745305797,1.,0.973129705928538,1.,55.9921305792731,          199P    675
-4.34217210336351,10.09,54.9184526666568,-5.08122508802763,          199P    676
10.09,53.6274245007637,-5.26075182434156,10.09,                      199P    677
-2.17365228641631,-1.70896745305797,0.,0.,0.;                        199P    678
126,4,2,0,0,0,0,-5.53443162135027,-5.53443162135027,                 201P    679
-5.53443162135027,-4.33801213747003,-4.33801213747003,               201P    680
-3.14159265358979,-3.14159265358979,-3.14159265358979,1.,            201P    681
0.826345147498813,1.,0.826345147498878,1.,48.4586584086524,          201P    682
-0.804524953098287,10.09,48.2846872657973,-0.617312498591732,        201P    683
10.09,48.0468219928934,-0.710771439389396,10.09,                     201P    684
47.8089567199896,-0.804230380187058,10.09,47.8089567199896,          201P    685
-1.05979732184551,10.09,-5.53443162135027,-3.14159265358979,0.,      201P    686
0.,0.;                                                               201P    687
126,6,2,0,0,0,0,-3.14159265358979,-3.14159265358979,                 203P    688
-3.14159265358979,-1.84481054045009,-1.84481054045009,               203P    689
-0.548028427310388,-0.548028427310388,0.748753685829314,             203P    690
0.748753685829314,0.748753685829314,1.,0.797056478410003,1.,         203P    691
0.797056478410045,1.,0.797056478410098,1.,47.8089567199896,          203P    692
-1.05979732184551,10.09,47.8089567199896,-1.34392309532893,          203P    693
10.09,48.082482447658,-1.42080697830192,10.09,48.3560081753264,      203P    694
-1.49769086127492,10.09,48.5040392376151,-1.25517434687795,          203P    695
10.09,48.6520702999037,-1.01265783248099,10.09,48.4586584086524,     203P    696
-0.804524953098287,10.09,-3.14159265358979,0.748753685829314,0.,     203P    697
0.,0.;                                                               203P    698
126,1,1,0,0,1,0,-6.0131372393256D-15,-6.0131372393256D-15,           205P    699
0.667301790108884,0.667301790108884,1.,1.,47.8089567199896,          205P    700
-1.05979732184551,10.09,47.8198719557167,-1.05979732184551,          205P    701
10.34,-6.0131372393256D-15,0.667301790108884,0.,0.,0.;               205P    702
126,8,2,0,1,0,0,-3.14159265358979,-3.14159265358979,                 207P    703
-3.14159265358979,-1.5707963267949,-1.5707963267949,0.,0.,           207P    704
1.5707963267949,1.5707963267949,3.14159265358979,                    207P    705
3.14159265358979,3.14159265358979,1.,0.707106781186569,1.,           207P    706
0.707106781186569,1.,0.707106781186569,1.,0.707106781186569,1.,      207P    707
47.8198719557167,-1.05979732184551,10.34,47.8198719557167,           207P    708
-0.695712557572641,10.34,48.1839567199896,-0.695712557572641,        207P    709
10.34,48.5480414842624,-0.695712557572641,10.34,                     207P    710
48.5480414842624,-1.05979732184551,10.34,48.5480414842624,           207P    711
-1.42388208611838,10.34,48.1839567199896,-1.42388208611838,          207P    712
10.34,47.8198719557167,-1.42388208611838,10.34,47.8198719557167,     207P    713
-1.05979732184551,10.34,-3.14159265358979,3.14159265358979,0.,       207P    714
0.,0.;                                                               207P    715
126,8,2,0,1,0,0,-3.14159265358979,-3.14159265358979,                 209P    716
-3.14159265358979,-1.5707963267949,-1.5707963267949,0.,0.,           209P    717
1.5707963267949,1.5707963267949,3.14159265358979,                    209P    718
3.14159265358979,3.14159265358979,1.,0.707106781186527,1.,           209P    719
0.707106781186527,1.,0.707106781186529,1.,0.707106781186529,1.,      209P    720
48.293473769137,-2.22952495309828,10.09,48.293473769137,             209P    721
-2.60452495309828,10.09,48.668473769137,-2.60452495309828,10.09,     209P    722
49.043473769137,-2.60452495309828,10.09,49.043473769137,             209P    723
-2.22952495309828,10.09,49.043473769137,-1.85452495309829,10.09,     209P    724
48.668473769137,-1.85452495309829,10.09,48.293473769137,             209P    725
-1.85452495309829,10.09,48.293473769137,-2.22952495309828,10.09,     209P    726
-3.14159265358979,3.14159265358979,0.,0.,0.;                         209P    727
126,1,1,0,0,1,0,-5.91555380432536D-15,-5.91555380432536D-15,         211P    728
0.667301790108884,0.667301790108884,1.,1.,48.293473769137,           211P    729
-2.22952495309828,10.09,48.3043890048642,-2.22952495309828,          211P    730
10.34,-5.91555380432536D-15,0.667301790108884,0.,0.,0.;              211P    731
126,8,2,0,1,0,0,-3.14159265358979,-3.14159265358979,                 213P    732
-3.14159265358979,-1.5707963267949,-1.5707963267949,0.,0.,           213P    733
1.5707963267949,1.5707963267949,3.14159265358979,                    213P    734
3.14159265358979,3.14159265358979,1.,0.707106781186569,1.,           213P    735
0.707106781186569,1.,0.707106781186567,1.,0.707106781186567,1.,      213P    736
48.3043890048642,-2.22952495309828,10.34,48.3043890048642,           213P    737
-1.86544018882542,10.34,48.668473769137,-1.86544018882542,10.34,     213P    738
49.0325585334099,-1.86544018882542,10.34,49.0325585334099,           213P    739
-2.22952495309828,10.34,49.0325585334099,-2.59360971737115,          213P    740
10.34,48.668473769137,-2.59360971737115,10.34,48.3043890048642,      213P    741
-2.59360971737115,10.34,48.3043890048642,-2.22952495309828,          213P    742
10.34,-3.14159265358979,3.14159265358979,0.,0.,0.;                   213P    743
126,8,2,0,1,0,0,-3.14159265358979,-3.14159265358979,                 215P    744
-3.14159265358979,-1.5707963267949,-1.5707963267949,0.,0.,           215P    745
1.5707963267949,1.5707963267949,3.14159265358979,                    215P    746
3.14159265358979,3.14159265358979,1.,0.707106781186528,1.,           215P    747
0.707106781186529,1.,0.707106781186528,1.,0.707106781186528,1.,      215P    748
47.6436969774916,0.195475046901715,10.09,47.6436969774916,           215P    749
-0.179524953098281,10.09,48.0186969774916,-0.179524953098281,        215P    750
10.09,48.3936969774916,-0.179524953098281,10.09,                     215P    751
48.3936969774916,0.195475046901715,10.09,48.3936969774916,           215P    752
0.570475046901712,10.09,48.0186969774916,0.570475046901712,          215P    753
10.09,47.6436969774916,0.570475046901712,10.09,47.6436969774916,     215P    754
0.195475046901715,10.09,-3.14159265358979,3.14159265358979,0.,       215P    755
0.,0.;                                                               215P    756
126,1,1,0,0,1,0,-5.91754529508244D-15,-5.91754529508244D-15,         217P    757
0.667301790108884,0.667301790108884,1.,1.,47.6436969774916,          217P    758
0.195475046901715,10.09,47.6546122132187,0.195475046901715,          217P    759
10.34,-5.91754529508244D-15,0.667301790108884,0.,0.,0.;              217P    760
126,8,2,0,1,0,0,-3.14159265358979,-3.14159265358979,                 219P    761
-3.14159265358979,-1.5707963267949,-1.5707963267949,0.,0.,           219P    762
1.5707963267949,1.5707963267949,3.14159265358979,                    219P    763
3.14159265358979,3.14159265358979,1.,0.707106781186568,1.,           219P    764
0.707106781186568,1.,0.707106781186568,1.,0.707106781186568,1.,      219P    765
47.6546122132187,0.195475046901715,10.34,47.6546122132187,           219P    766
0.559559811174584,10.34,48.0186969774916,0.559559811174584,          219P    767
10.34,48.3827817417644,0.559559811174584,10.34,48.3827817417644,     219P    768
0.195475046901715,10.34,48.3827817417644,-0.168609717371153,         219P    769
10.34,48.0186969774916,-0.168609717371153,10.34,                     219P    770
47.6546122132187,-0.168609717371153,10.34,47.6546122132187,          219P    771
0.195475046901715,10.34,-3.14159265358979,3.14159265358979,0.,       219P    772
0.,0.;                                                               219P    773
126,6,3,0,0,1,0,0.,0.,0.,0.,0.352984628831786,0.352984628831786,     221P    774
0.352984628831786,0.995260005518165,0.995260005518165,               221P    775
0.995260005518165,0.995260005518165,1.,1.,1.,1.,1.,1.,1.,            221P    776
52.8686969774916,0.195475046901716,19.405,52.8686969774916,          221P    777
-0.862069377318566,19.405,52.8686969774916,-1.79911506413864,        221P    778
19.3360959149987,52.8686969774916,-2.60750016145065,                 221P    779
19.1966604202555,52.8686969774916,-4.07840229280425,                 221P    780
18.942949698613,52.8686969774916,-5.15210571949873,                  221P    781
18.46606470959,52.8686969774916,-5.18464663992477,                   221P    782
17.4578244722651,0.,0.995260005518165,0.,0.,0.;                      221P    783
126,8,2,0,1,0,0,-3.14159265358979,-3.14159265358979,                 223P    784
-3.14159265358979,-1.5707963267949,-1.5707963267949,0.,0.,           223P    785
1.5707963267949,1.5707963267949,3.14159265358979,                    223P    786
3.14159265358979,3.14159265358979,1.,0.707106781186551,1.,           223P    787
0.707106781186551,1.,0.707106781186551,1.,0.707106781186551,1.,      223P    788
52.8686969774916,3.87810493663923,10.5896954135095,                  223P    789
49.1860670877541,3.87810493663923,10.5896954135095,                  223P    790
49.1860670877541,0.195475046901716,10.5896954135095,                 223P    791
49.1860670877541,-3.4871548428358,10.5896954135095,                  223P    792
52.8686969774916,-3.4871548428358,10.5896954135095,                  223P    793
56.5513268672291,-3.4871548428358,10.5896954135095,                  223P    794
56.5513268672291,0.195475046901716,10.5896954135095,                 223P    795
56.5513268672291,3.87810493663923,10.5896954135095,                  223P    796
52.8686969774916,3.87810493663923,10.5896954135095,                  223P    797
-3.14159265358979,3.14159265358979,0.,0.,0.;                         223P    798
126,1,1,0,0,1,0,-0.0912553986417183,-0.0912553986417183,             225P    799
0.0912553986417181,0.0912553986417181,1.,1.,52.8686969774916,        225P    800
3.87810493663923,10.5896954135095,52.8686969774916,                  225P    801
4.39555468499049,10.09,-0.0912553986417183,0.0912553986417181,       225P    802
0.,0.,0.;                                                            225P    803
126,2,2,0,0,0,0,-3.14159265358979,-3.14159265358979,                 227P    804
-3.14159265358979,-2.0729952831463,-2.0729952831463,                 227P    805
-2.0729952831463,1.,0.860625976742659,1.,52.8686969774916,           227P    806
4.39555468499049,10.09,55.353909498941,4.39555468499049,10.09,       227P    807
56.5501768440873,2.21720078451756,10.09,-3.14159265358979,           227P    808
-2.0729952831463,0.,0.,0.;                                           227P    809
126,8,2,0,0,0,0,-8.35618059032588,-8.35618059032588,                 229P    810
-8.35618059032588,-7.05253360614186,-7.05253360614186,               229P    811
-5.74888662195784,-5.74888662195784,-4.44523963777382,               229P    812
-4.44523963777382,-3.14159265358979,-3.14159265358979,               229P    813
-3.14159265358979,1.,0.794978922997508,1.,0.794978922997509,1.,      229P    814
0.794978922997509,1.,0.794978922997504,1.,56.5501768440873,          229P    815
2.21720078451755,10.09,58.0929268522843,-0.592083871998479,          229P    816
10.09,55.7905547354519,-2.82171175681712,10.09,53.4881826186194,     229P    817
-5.05133964163576,10.09,50.7298585238061,-3.4192225940254,10.09,     229P    818
47.9715344289927,-1.78710554641504,10.09,48.8176053390691,           229P    819
1.30422456928772,10.09,49.6636762491454,4.39555468499049,10.09,      229P    820
52.8686969774916,4.39555468499049,10.09,-8.35618059032588,           229P    821
-3.14159265358979,0.,0.,0.;                                          229P    822
126,1,1,0,0,1,0,-0.455533807629575,-0.455533807629575,               231P    823
-0.342629315976644,-0.342629315976644,1.,1.,52.8686969774916,        231P    824
3.87810493663923,10.5896954135095,52.8686969774916,                  231P    825
3.86382131312798,10.9987248741756,-0.455533807629575,                231P    826
-0.342629315976644,0.,0.,0.;                                         231P    827
126,6,2,0,0,0,0,-1.5707963267949,-1.5707963267949,                   233P    828
-1.5707963267949,0.,0.,1.5707963267949,1.5707963267949,              233P    829
3.14159265358979,3.14159265358979,3.14159265358979,1.,               233P    830
0.707106781186548,1.,0.707106781186548,1.,0.707106781186548,1.,      233P    831
56.5370432437178,0.195475046901716,10.9987248741756,                 233P    832
56.5370432437178,-3.47287121932455,10.9987248741756,                 233P    833
52.8686969774916,-3.47287121932455,10.9987248741756,                 233P    834
49.2003507112653,-3.47287121932455,10.9987248741756,                 233P    835
49.2003507112653,0.195475046901716,10.9987248741756,                 233P    836
49.2003507112653,3.86382131312798,10.9987248741756,                  233P    837
52.8686969774916,3.86382131312798,10.9987248741756,                  233P    838
-1.5707963267949,3.14159265358979,0.,0.,0.;                          233P    839
126,2,2,0,0,0,0,-3.14159265358979,-3.14159265358979,                 235P    840
-3.14159265358979,-1.5707963267949,-1.5707963267949,                 235P    841
-1.5707963267949,1.,0.707106781186548,1.,52.8686969774916,           235P    842
3.86382131312798,10.9987248741756,56.5370432437178,                  235P    843
3.86382131312798,10.9987248741756,56.5370432437178,                  235P    844
0.195475046901716,10.9987248741756,-3.14159265358979,                235P    845
-1.5707963267949,0.,0.,0.;                                           235P    846
126,1,1,0,0,1,0,-0.325872753096593,-0.325872753096593,               237P    847
-0.220622690379321,-0.220622690379321,1.,1.,53.6274245084575,        237P    848
-6.31325248406421,10.09,53.6274245084575,-5.2607518568915,10.09,     237P    849
-0.325872753096593,-0.220622690379321,0.,0.,0.;                      237P    850
126,1,1,0,0,1,0,-0.038372753096592,-0.038372753096592,               239P    851
0.113372753096592,0.113372753096592,1.,1.,52.1099694465256,          239P    852
-6.31325248406421,10.09,53.6274245084575,-6.31325248406421,          239P    853
10.09,-0.038372753096592,0.113372753096592,0.,0.,0.;                 239P    854
126,1,1,0,0,1,0,0.273191503046842,0.273191503046842,                 241P    855
0.3784415691253,0.3784415691253,1.,1.,52.1099694465256,              241P    856
-5.26075182327963,10.09,52.1099694465256,-6.31325248406421,          241P    857
10.09,0.273191503046842,0.3784415691253,0.,0.,0.;                    241P    858
126,1,1,0,0,1,0,-0.325872753096593,-0.325872753096593,               243P    859
-0.220622687018134,-0.220622687018134,1.,1.,52.1099694465256,        243P    860
6.70420257786765,10.09,52.1099694465256,5.65170191708306,10.09,      243P    861
-0.325872753096593,-0.220622687018134,0.,0.,0.;                      243P    862
126,1,1,0,0,1,0,-0.038372753096592,-0.038372753096592,               245P    863
0.113372753096592,0.113372753096592,1.,1.,53.6274245084575,          245P    864
6.70420257786764,10.09,52.1099694465256,6.70420257786764,10.09,      245P    865
-0.038372753096592,0.113372753096592,0.,0.,0.;                       245P    866
126,1,1,0,0,1,0,0.273191503046842,0.273191503046842,                 247P    867
0.3784415691253,0.3784415691253,1.,1.,53.6274245084575,              247P    868
5.65170191708306,10.09,53.6274245084575,6.70420257786764,10.09,      247P    869
0.273191503046842,0.3784415691253,0.,0.,0.;                          247P    870
126,2,2,0,0,0,0,0.0349065850398863,0.0349065850398863,               249P    871
0.0349065850398863,1.57079632679491,1.57079632679491,                249P    872
1.57079632679491,1.,0.719339800338707,1.,56.5370432437178,           249P    873
0.195475046901716,10.9987248741756,56.5286177306648,                 249P    874
0.195475046901716,11.24,56.2871955369631,0.195475046901716,          249P    875
11.24,0.0349065850398863,1.57079632679491,0.,0.,0.;                  249P    876
126,2,2,0,0,0,0,1.5707963267949,1.5707963267949,1.5707963267949,     251P    877
3.14159265358979,3.14159265358979,3.14159265358979,1.,               251P    878
0.707106781186546,1.,56.2871955369631,0.195475046901716,11.24,       251P    879
56.2871955369631,3.61397360637321,11.24,52.8686969774916,            251P    880
3.61397360637321,11.24,1.5707963267949,3.14159265358979,0.,0.,       251P    881
0.;                                                                  251P    882
126,6,2,0,0,0,0,-3.14159265358979,-3.14159265358979,                 253P    883
-3.14159265358979,-1.5707963267949,-1.5707963267949,0.,0.,           253P    884
1.5707963267949,1.5707963267949,1.5707963267949,1.,                  253P    885
0.707106781186546,1.,0.707106781186547,1.,0.707106781186547,1.,      253P    886
52.8686969774916,3.61397360637321,11.24,49.4501984180201,            253P    887
3.61397360637321,11.24,49.4501984180201,0.195475046901716,11.24,     253P    888
49.4501984180201,-3.22302351256977,11.24,52.8686969774916,           253P    889
-3.22302351256977,11.24,56.2871955369631,-3.22302351256977,          253P    890
11.24,56.2871955369631,0.195475046901716,11.24,                      253P    891
-3.14159265358979,1.5707963267949,0.,0.,0.;                          253P    892
126,1,1,0,0,1,0,-0.32238174011095,-0.32238174011095,                 255P    893
-0.217575021765031,-0.217575021765031,1.,1.,52.1448795763821,        255P    894
6.66929244801121,12.09,52.1448795763821,5.62122526455202,12.09,      255P    895
-0.32238174011095,-0.217575021765031,0.,0.,0.;                       255P    896
126,1,1,0,0,1,0,-0.0513239628276823,-0.0513239628276823,             257P    897
0.148736963750528,0.148736963750528,1.,1.,52.1099694465256,          257P    898
6.70420257786765,10.09,52.1448795763821,6.66929244801121,12.09,      257P    899
-0.0513239628276823,0.148736963750528,0.,0.,0.;                      257P    900
126,1,1,0,0,1,0,0.270143837793738,0.270143837793738,                 259P    901
0.374950556139657,0.374950556139657,1.,1.,53.5925143786011,          259P    902
5.62122526455202,12.09,53.5925143786011,6.66929244801121,12.09,      259P    903
0.270143837793738,0.374950556139657,0.,0.,0.;                        259P    904
126,1,1,0,0,1,0,-0.0348817401109489,-0.0348817401109489,             261P    905
0.109881740110949,0.109881740110949,1.,1.,53.5925143786011,          261P    906
6.66929244801121,12.09,52.1448795763821,6.66929244801121,12.09,      261P    907
-0.0348817401109489,0.109881740110949,0.,0.,0.;                      261P    908
126,1,1,0,0,1,0,-0.0509325442940063,-0.0509325442940063,             263P    909
0.149128382284204,0.149128382284204,1.,1.,53.6274245084575,          263P    910
6.70420257786764,10.09,53.5925143786011,6.66929244801121,12.09,      263P    911
-0.0509325442940063,0.149128382284204,0.,0.,0.;                      263P    912
126,1,1,0,0,1,0,-0.322381740110949,-0.322381740110949,               265P    913
-0.217575021765031,-0.217575021765031,1.,1.,53.5925143786011,        265P    914
-6.27834235420778,12.09,53.5925143786011,-5.23027517074859,          265P    915
12.09,-0.322381740110949,-0.217575021765031,0.,0.,0.;                265P    916
126,1,1,0,0,1,0,-0.0513239628276823,-0.0513239628276823,             267P    917
0.148736963750528,0.148736963750528,1.,1.,53.6274245084575,          267P    918
-6.31325248406421,10.09,53.5925143786011,-6.27834235420778,          267P    919
12.09,-0.0513239628276823,0.148736963750528,0.,0.,0.;                267P    920
126,1,1,0,0,1,0,-0.0348817401109489,-0.0348817401109489,             269P    921
0.109881740110949,0.109881740110949,1.,1.,52.1448795763821,          269P    922
-6.27834235420778,12.09,53.5925143786011,-6.27834235420778,          269P    923
12.09,-0.0348817401109489,0.109881740110949,0.,0.,0.;                269P    924
126,1,1,0,0,1,0,-0.0509325442940063,-0.0509325442940063,             271P    925
0.149128382284204,0.149128382284204,1.,1.,52.1099694465256,          271P    926
-6.31325248406421,10.09,52.1448795763821,-6.27834235420777,          271P    927
12.09,-0.0509325442940063,0.149128382284204,0.,0.,0.;                271P    928
126,1,1,0,0,1,0,0.270143837793739,0.270143837793739,                 273P    929
0.374950556139657,0.374950556139657,1.,1.,52.1448795763821,          273P    930
-5.23027517074859,12.09,52.1448795763821,-6.27834235420777,          273P    931
12.09,0.270143837793739,0.374950556139657,0.,0.,0.;                  273P    932
128,1,1,1,1,0,0,1,0,0,-0.001,-0.001,0.16109881631549,                275P    933
0.16109881631549,-0.00100000002570003,-0.00100000002570003,          275P    934
0.12601904106178,0.12601904106178,1.,1.,1.,1.,58.5327456950047,      275P    935
-4.05411330782061,10.0800015227058,57.3865339726147,                 275P    936
-2.90790158543065,10.0800015227058,58.5170706372248,                 275P    937
-4.06978836560052,11.3499984774287,57.3708589148348,                 275P    938
-2.92357664321056,11.3499984774287,-0.001,0.16109881631549,          275P    939
-0.00100000002570003,0.12601904106178;                               275P    940
128,1,1,1,1,0,0,1,0,0,1.42602132068912,1.42602132068912,             277P    941
1.67802116047867,1.67802116047867,0.311599935076534,                 277P    942
0.311599935076534,0.563599774866083,0.563599774866083,1.,1.,1.,      277P    943
1.,58.5046947261524,-2.92052430386363,11.34,55.9846963282569,        277P    944
-2.92052430386363,11.34,58.5046947261524,-5.44052270175912,          277P    945
11.34,55.9846963282569,-5.44052270175912,11.34,1.42602132068912,     277P    946
1.67802116047867,0.311599935076534,0.563599774866083;                277P    947
128,1,1,1,1,0,0,1,0,0,0.130971422986817,0.130971422986817,           279P    948
0.293070239302308,0.293070239302308,-0.00100000002570011,            279P    949
-0.00100000002570011,0.126019041101679,0.126019041101679,1.,1.,      279P    950
1.,1.,55.9720736098239,-4.32236194822143,10.0800015227058,           279P    951
57.1182853322139,-5.46857367061139,10.0800015227058,                 279P    952
55.9877486676088,-4.3066868904366,11.3499984778276,                  279P    953
57.1339603899987,-5.45289861282656,11.3499984778276,                 279P    954
0.130971422986817,0.293070239302308,-0.00100000002570011,            279P    955
0.126019041101679;                                                   279P    956
128,1,1,1,1,0,0,1,0,0,-0.00100000000000039,-0.00100000000000039,     281P    957
0.201000000000001,0.201000000000001,-0.00100000002570025,            281P    958
-0.00100000002570025,0.12601904101406,0.12601904101406,1.,1.,1.,     281P    959
1.,57.1043899970078,-5.46857367061138,10.0800015227058,              281P    960
58.5327456950047,-4.04021797261455,10.0800015227058,                 281P    961
57.0887149392338,-5.45289861283736,11.3499984769516,                 281P    962
58.5170706372307,-4.02454291484053,11.3499984769516,                 281P    963
-0.00100000000000039,0.201000000000001,-0.00100000002570025,         281P    964
0.12601904101406;                                                    281P    965
128,1,1,1,1,0,0,1,0,0,-0.001,-0.001,0.162193182893054,               283P    966
0.162193182893054,-0.00100000002570033,-0.00100000002570033,         283P    967
0.201030465617353,0.201030465617353,1.,1.,1.,1.,                     283P    968
45.8586969774916,-0.804699467347235,10.0800015227058,                283P    969
47.4906288064221,-0.804699467347235,10.0800015227058,                283P    970
45.8586969774916,-0.769440289356073,12.0999984769516,                283P    971
47.4906288064221,-0.769440289356073,12.0999984769516,-0.001,         283P    972
0.162193182893054,-0.00100000002570033,0.201030465617353;            283P    973
128,1,1,1,1,0,0,1,0,0,-0.001,-0.001,0.201,0.201,                     285P    974
-0.00100000002570011,-0.00100000002570011,0.201030465617353,         285P    975
0.201030465617353,1.,1.,1.,1.,45.8685224632426,1.20547504690172,     285P    976
10.0800015227058,45.8685224632426,-0.814524953098285,                285P    977
10.0800015227058,45.9037816412338,1.20547504690172,                  285P    978
12.0999984769516,45.9037816412338,-0.814524953098285,                285P    979
12.0999984769516,-0.001,0.201,-0.00100000002570011,                  285P    980
0.201030465617353;                                                   285P    981
128,1,1,1,1,0,0,1,0,0,0.129877056409251,0.129877056409251,           287P    982
0.293070239302305,0.293070239302305,-0.00100000002570011,            287P    983
-0.00100000002570011,0.201030465617353,0.201030465617353,1.,1.,      287P    984
1.,1.,47.4906288064221,1.19564956115067,10.0800015227058,            287P    985
45.8586969774916,1.19564956115067,10.0800015227058,                  287P    986
47.4906288064221,1.1603903831595,12.0999984769516,                   287P    987
45.8586969774916,1.1603903831595,12.0999984769516,                   287P    988
0.129877056409251,0.293070239302305,-0.00100000002570011,            287P    989
0.201030465617353;                                                   287P    990
128,1,1,1,1,0,0,1,0,0,0.491476022511484,0.491476022511484,           289P    991
0.651178191436754,0.651178191436754,-0.0975089860322164,             289P    992
-0.0975089860322164,0.0975089860322161,0.0975089860322161,1.,1.,     289P    993
1.,1.,47.4906288064221,1.17056490722388,12.09,45.8936071171694,      289P    994
1.17056490722388,12.09,47.4906288064221,-0.779614813420447,          289P    995
12.09,45.8936071171694,-0.779614813420447,12.09,                     289P    996
0.491476022511484,0.651178191436754,-0.0975089860322164,             289P    997
0.0975089860322161;                                                  289P    998
128,1,8,1,2,0,1,0,0,1,-1.24888547712999,-1.24888547712999,           291P    999
0.0909230318188914,0.0909230318188914,-3.14159265358979,             291P   1000
-3.14159265358979,-3.14159265358979,-1.5707963267949,                291P   1001
-1.5707963267949,0.,0.,1.5707963267949,1.5707963267949,              291P   1002
3.14159265358979,3.14159265358979,3.14159265358979,1.,1.,            291P   1003
0.707106781186548,0.707106781186548,1.,1.,0.707106781186548,         291P   1004
0.707106781186548,1.,1.,0.707106781186548,0.707106781186548,1.,      291P   1005
1.,0.707106781186548,0.707106781186548,1.,1.,58.3774245188735,       291P   1006
0.195475046901716,10.0899999993116,58.2488186643188,                 291P   1007
0.195475046901716,17.4578244722406,58.3774245188735,                 291P   1008
-5.31325249448026,10.0899999993116,58.2488186643188,                 291P   1009
-5.18464663992557,17.4578244722406,52.8686969774916,                 291P   1010
-5.31325249448026,10.0899999993116,52.8686969774916,                 291P   1011
-5.18464663992557,17.4578244722406,47.3599694361096,                 291P   1012
-5.31325249448026,10.0899999993116,47.4885752906643,                 291P   1013
-5.18464663992557,17.4578244722406,47.3599694361096,                 291P   1014
0.195475046901716,10.0899999993116,47.4885752906643,                 291P   1015
0.195475046901716,17.4578244722406,47.3599694361096,                 291P   1016
5.70420258828369,10.0899999993116,47.4885752906643,                  291P   1017
5.575596733729,17.4578244722406,52.8686969774916,                    291P   1018
5.70420258828369,10.0899999993116,52.8686969774916,                  291P   1019
5.575596733729,17.4578244722406,58.3774245188735,                    291P   1020
5.70420258828369,10.0899999993116,58.2488186643188,                  291P   1021
5.575596733729,17.4578244722406,58.3774245188735,                    291P   1022
0.195475046901716,10.0899999993116,58.2488186643188,                 291P   1023
0.195475046901716,17.4578244722406,-1.24888547712999,                291P   1024
0.0909230318188914,-3.14159265358979,3.14159265358979;               291P   1025
128,1,8,1,2,0,1,0,0,1,-6.0131372393256D-15,-6.0131372393256D-15,     293P   1026
0.667301790108884,0.667301790108884,-3.14159265358979,               293P   1027
-3.14159265358979,-3.14159265358979,-1.5707963267949,                293P   1028
-1.5707963267949,0.,0.,1.5707963267949,1.5707963267949,              293P   1029
3.14159265358979,3.14159265358979,3.14159265358979,1.,1.,            293P   1030
0.707106781186548,0.707106781186548,1.,1.,0.707106781186548,         293P   1031
0.707106781186548,1.,1.,0.707106781186548,0.707106781186548,1.,      293P   1032
1.,0.707106781186548,0.707106781186548,1.,1.,47.8089567199896,       293P   1033
-1.05979732184551,10.09,47.8198719557167,-1.05979732184551,          293P   1034
10.34,47.8089567199896,-1.43479732184551,10.09,47.8198719557167,     293P   1035
-1.42388208611838,10.34,48.1839567199896,-1.43479732184551,          293P   1036
10.09,48.1839567199896,-1.42388208611838,10.34,48.5589567199896,     293P   1037
-1.43479732184551,10.09,48.5480414842624,-1.42388208611838,          293P   1038
10.34,48.5589567199896,-1.05979732184551,10.09,48.5480414842624,     293P   1039
-1.05979732184551,10.34,48.5589567199896,-0.684797321845513,         293P   1040
10.09,48.5480414842624,-0.695712557572642,10.34,                     293P   1041
48.1839567199896,-0.684797321845513,10.09,48.1839567199896,          293P   1042
-0.695712557572642,10.34,47.8089567199896,-0.684797321845513,        293P   1043
10.09,47.8198719557167,-0.695712557572642,10.34,                     293P   1044
47.8089567199896,-1.05979732184551,10.09,47.8198719557167,           293P   1045
-1.05979732184551,10.34,-6.0131372393256D-15,0.667301790108884,      293P   1046
-3.14159265358979,3.14159265358979;                                  293P   1047
128,1,1,1,1,0,0,1,0,0,0.827431120754017,0.827431120754017,           295P   1048
0.90224807360859,0.90224807360859,0.0881187604474355,                295P   1049
0.0881187604474355,0.162935713302009,0.162935713302009,1.,1.,1.,     295P   1050
1.,47.8098719557167,-0.685712557572641,10.34,48.5580414842624,       295P   1051
-0.685712557572641,10.34,47.8098719557167,-1.43388208611838,         295P   1052
10.34,48.5580414842624,-1.43388208611838,10.34,                      295P   1053
0.827431120754017,0.90224807360859,0.0881187604474355,               295P   1054
0.162935713302009;                                                   295P   1055
128,1,8,1,2,0,1,0,0,1,-5.91555380432536D-15,                         297P   1056
-5.91555380432536D-15,0.667301790108884,0.667301790108884,           297P   1057
-3.14159265358979,-3.14159265358979,-3.14159265358979,               297P   1058
-1.5707963267949,-1.5707963267949,0.,0.,1.5707963267949,             297P   1059
1.5707963267949,3.14159265358979,3.14159265358979,                   297P   1060
3.14159265358979,1.,1.,0.707106781186548,0.707106781186548,1.,       297P   1061
1.,0.707106781186548,0.707106781186548,1.,1.,0.707106781186548,      297P   1062
0.707106781186548,1.,1.,0.707106781186548,0.707106781186548,1.,      297P   1063
1.,48.293473769137,-2.22952495309828,10.09,48.3043890048642,         297P   1064
-2.22952495309828,10.34,48.293473769137,-2.60452495309828,10.09,     297P   1065
48.3043890048642,-2.59360971737115,10.34,48.668473769137,            297P   1066
-2.60452495309828,10.09,48.668473769137,-2.59360971737115,10.34,     297P   1067
49.043473769137,-2.60452495309828,10.09,49.0325585334099,            297P   1068
-2.59360971737115,10.34,49.043473769137,-2.22952495309828,10.09,     297P   1069
49.0325585334099,-2.22952495309828,10.34,49.043473769137,            297P   1070
-1.85452495309829,10.09,49.0325585334099,-1.86544018882542,          297P   1071
10.34,48.668473769137,-1.85452495309829,10.09,48.668473769137,       297P   1072
-1.86544018882542,10.34,48.293473769137,-1.85452495309829,10.09,     297P   1073
48.3043890048642,-1.86544018882542,10.34,48.293473769137,            297P   1074
-2.22952495309828,10.09,48.3043890048642,-2.22952495309828,          297P   1075
10.34,-5.91555380432536D-15,0.667301790108884,-3.14159265358979,     297P   1076
3.14159265358979;                                                    297P   1077
128,1,1,1,1,0,0,1,0,0,0.875882825668762,0.875882825668762,           299P   1078
0.950699778523335,0.950699778523335,0.205091523572713,               299P   1079
0.205091523572713,0.279908476427287,0.279908476427287,1.,1.,1.,      299P   1080
1.,48.2943890048642,-1.85544018882542,10.34,49.0425585334099,        299P   1081
-1.85544018882542,10.34,48.2943890048642,-2.60360971737115,          299P   1082
10.34,49.0425585334099,-2.60360971737115,10.34,                      299P   1083
0.875882825668762,0.950699778523335,0.205091523572713,               299P   1084
0.279908476427287;                                                   299P   1085
128,1,8,1,2,0,1,0,0,1,-5.91754529508244D-15,                         301P   1086
-5.91754529508244D-15,0.667301790108884,0.667301790108884,           301P   1087
-3.14159265358979,-3.14159265358979,-3.14159265358979,               301P   1088
-1.5707963267949,-1.5707963267949,0.,0.,1.5707963267949,             301P   1089
1.5707963267949,3.14159265358979,3.14159265358979,                   301P   1090
3.14159265358979,1.,1.,0.707106781186548,0.707106781186548,1.,       301P   1091
1.,0.707106781186548,0.707106781186548,1.,1.,0.707106781186548,      301P   1092
0.707106781186548,1.,1.,0.707106781186548,0.707106781186548,1.,      301P   1093
1.,47.6436969774916,0.195475046901715,10.09,47.6546122132187,        301P   1094
0.195475046901715,10.34,47.6436969774916,-0.179524953098281,         301P   1095
10.09,47.6546122132187,-0.168609717371152,10.34,                     301P   1096
48.0186969774916,-0.179524953098281,10.09,48.0186969774916,          301P   1097
-0.168609717371152,10.34,48.3936969774916,-0.179524953098281,        301P   1098
10.09,48.3827817417644,-0.168609717371152,10.34,                     301P   1099
48.3936969774916,0.195475046901715,10.09,48.3827817417644,           301P   1100
0.195475046901715,10.34,48.3936969774916,0.570475046901712,          301P   1101
10.09,48.3827817417644,0.559559811174583,10.34,48.0186969774916,     301P   1102
0.570475046901712,10.09,48.0186969774916,0.559559811174583,          301P   1103
10.34,47.6436969774916,0.570475046901712,10.09,47.6546122132187,     301P   1104
0.559559811174583,10.34,47.6436969774916,0.195475046901715,          301P   1105
10.09,47.6546122132187,0.195475046901715,10.34,                      301P   1106
-5.91754529508244D-15,0.667301790108884,-3.14159265358979,           301P   1107
3.14159265358979;                                                    301P   1108
128,1,1,1,1,0,0,1,0,0,0.810905146504215,0.810905146504215,           303P   1109
0.885722099358789,0.885722099358789,-0.037408476427287,              303P   1110
-0.037408476427287,0.0374084764272867,0.0374084764272867,1.,1.,      303P   1111
1.,1.,47.6446122132187,0.569559811174584,10.34,48.3927817417644,     303P   1112
0.569559811174584,10.34,47.6446122132187,-0.178609717371153,         303P   1113
10.34,48.3927817417644,-0.178609717371153,10.34,                     303P   1114
0.810905146504215,0.885722099358789,-0.037408476427287,              303P   1115
0.0374084764272867;                                                  303P   1116
128,12,8,3,2,0,1,0,0,1,-1.01005626246892,-1.01005626246892,          305P   1117
-1.01005626246892,-1.01005626246892,-0.657071633637132,              305P   1118
-0.657071633637132,-0.657071633637132,-0.0100562624689182,           305P   1119
-0.0100562624689182,-0.0100562624689182,-5.62624689182112D-5,        305P   1120
-5.62624689182112D-5,-5.62624689182112D-5,0.,0.,0.,0.,0.,0.,0.,      305P   1121
1.5707963267949,1.5707963267949,3.14159265358979,                    305P   1122
3.14159265358979,4.71238898038469,4.71238898038469,                  305P   1123
6.28318530717959,6.28318530717959,6.28318530717959,1.,1.,1.,1.,      305P   1124
1.,1.,1.,1.,1.,1.,1.,1.,1.,0.707106781186548,0.707106781186548,      305P   1125
0.707106781186548,0.707106781186548,0.707106781186548,               305P   1126
0.707106781186548,0.707106781186548,0.707106781186548,               305P   1127
0.707106781186548,0.707106781186548,0.707106781186548,               305P   1128
0.707106781186548,0.707106781186548,1.,1.,1.,1.,1.,1.,1.,1.,1.,      305P   1129
1.,1.,1.,1.,0.707106781186548,0.707106781186548,                     305P   1130
0.707106781186548,0.707106781186548,0.707106781186548,               305P   1131
0.707106781186548,0.707106781186548,0.707106781186548,               305P   1132
0.707106781186548,0.707106781186548,0.707106781186548,               305P   1133
0.707106781186548,0.707106781186548,1.,1.,1.,1.,1.,1.,1.,1.,1.,      305P   1134
1.,1.,1.,1.,0.707106781186548,0.707106781186548,                     305P   1135
0.707106781186548,0.707106781186548,0.707106781186548,               305P   1136
0.707106781186548,0.707106781186548,0.707106781186548,               305P   1137
0.707106781186548,0.707106781186548,0.707106781186548,               305P   1138
0.707106781186548,0.707106781186548,1.,1.,1.,1.,1.,1.,1.,1.,1.,      305P   1139
1.,1.,1.,1.,0.707106781186548,0.707106781186548,                     305P   1140
0.707106781186548,0.707106781186548,0.707106781186548,               305P   1141
0.707106781186548,0.707106781186548,0.707106781186548,               305P   1142
0.707106781186548,0.707106781186548,0.707106781186548,               305P   1143
0.707106781186548,0.707106781186548,1.,1.,1.,1.,1.,1.,1.,1.,1.,      305P   1144
1.,1.,1.,1.,52.8686969774916,0.195475046901716,19.405,               305P   1145
52.8686969774916,-0.862069377318566,19.405,52.8686969774916,         305P   1146
-1.79911506413864,19.3360959149987,52.8686969774916,                 305P   1147
-2.60750016145065,19.1966604202555,52.8686969774916,                 305P   1148
-4.08925755557628,18.9410773126175,52.8686969774916,                 305P   1149
-5.16733672644063,18.4589890298653,52.8686969774916,                 305P   1150
-5.18520336291617,17.4354100575916,52.8686969774916,                 305P   1151
-5.18547679491248,17.4197451481858,52.8686969774916,                 305P   1152
-5.1857502269088,17.40408023878,52.8686969774916,                    305P   1153
-5.18602365890512,17.3884153293742,52.8686969774916,                 305P   1154
-5.18602519730103,17.3883271947264,52.8686969774916,                 305P   1155
-5.18602673569695,17.3882390600785,52.8686969774916,                 305P   1156
-5.18602827409287,17.3881509254306,52.8686969774916,                 305P   1157
0.195475046901716,19.405,53.9262414017118,-0.862069377318566,        305P   1158
19.405,54.8632870885319,-1.79911506413863,19.3360959149987,          305P   1159
55.6716721858439,-2.60750016145064,19.1966604202555,                 305P   1160
57.1534295799696,-4.08925755557627,18.9410773126175,                 305P   1161
58.2315087508339,-5.16733672644063,18.4589890298653,                 305P   1162
58.2493753873094,-5.18520336291617,17.4354100575916,                 305P   1163
58.2496488193058,-5.18547679491248,17.4197451481858,                 305P   1164
58.2499222513021,-5.1857502269088,17.40408023878,                    305P   1165
58.2501956832984,-5.18602365890511,17.3884153293742,                 305P   1166
58.2501972216943,-5.18602519730103,17.3883271947264,                 305P   1167
58.2501987600902,-5.18602673569695,17.3882390600785,                 305P   1168
58.2502002984862,-5.18602827409287,17.3881509254306,                 305P   1169
52.8686969774916,0.195475046901716,19.405,53.9262414017118,          305P   1170
0.195475046901716,19.405,54.8632870885319,0.195475046901725,         305P   1171
19.3360959149987,55.6716721858439,0.195475046901725,                 305P   1172
19.1966604202555,57.1534295799696,0.195475046901725,                 305P   1173
18.9410773126175,58.2315087508339,0.195475046901716,                 305P   1174
18.4589890298653,58.2493753873094,0.195475046901716,                 305P   1175
17.4354100575916,58.2496488193058,0.195475046901716,                 305P   1176
17.4197451481858,58.2499222513021,0.195475046901716,                 305P   1177
17.40408023878,58.2501956832984,0.195475046901716,                   305P   1178
17.3884153293742,58.2501972216943,0.195475046901716,                 305P   1179
17.3883271947264,58.2501987600902,0.195475046901716,                 305P   1180
17.3882390600785,58.2502002984862,0.195475046901716,                 305P   1181
17.3881509254306,52.8686969774916,0.195475046901716,19.405,          305P   1182
53.9262414017118,1.253019471122,19.405,54.8632870885319,             305P   1183
2.19006515794208,19.3360959149987,55.6716721858439,                  305P   1184
2.9984502552541,19.1966604202555,57.1534295799696,                   305P   1185
4.48020764937972,18.9410773126175,58.2315087508339,                  305P   1186
5.55828682024406,18.4589890298653,58.2493753873094,                  305P   1187
5.5761534567196,17.4354100575916,58.2496488193058,                   305P   1188
5.57642688871591,17.4197451481858,58.2499222513021,                  305P   1189
5.57670032071223,17.40408023878,58.2501956832984,                    305P   1190
5.57697375270855,17.3884153293742,58.2501972216943,                  305P   1191
5.57697529110447,17.3883271947264,58.2501987600902,                  305P   1192
5.57697682950038,17.3882390600785,58.2502002984862,                  305P   1193
5.5769783678963,17.3881509254306,52.8686969774916,                   305P   1194
0.195475046901716,19.405,52.8686969774916,1.253019471122,19.405,     305P   1195
52.8686969774916,2.19006515794207,19.3360959149987,                  305P   1196
52.8686969774916,2.99845025525409,19.1966604202555,                  305P   1197
52.8686969774916,4.48020764937971,18.9410773126175,                  305P   1198
52.8686969774916,5.55828682024406,18.4589890298653,                  305P   1199
52.8686969774916,5.5761534567196,17.4354100575916,                   305P   1200
52.8686969774916,5.57642688871591,17.4197451481858,                  305P   1201
52.8686969774916,5.57670032071223,17.40408023878,                    305P   1202
52.8686969774916,5.57697375270855,17.3884153293742,                  305P   1203
52.8686969774916,5.57697529110447,17.3883271947264,                  305P   1204
52.8686969774916,5.57697682950039,17.3882390600785,                  305P   1205
52.8686969774916,5.57697836789631,17.3881509254306,                  305P   1206
52.8686969774916,0.195475046901716,19.405,51.8111525532713,          305P   1207
1.253019471122,19.405,50.8741068664512,2.19006515794206,             305P   1208
19.3360959149987,50.0657217691392,2.99845025525408,                  305P   1209
19.1966604202555,48.5839643750136,4.4802076493797,                   305P   1210
18.9410773126175,47.5058852041492,5.55828682024406,                  305P   1211
18.4589890298653,47.4880185676737,5.5761534567196,                   305P   1212
17.4354100575916,47.4877451356774,5.57642688871591,                  305P   1213
17.4197451481858,47.4874717036811,5.57670032071223,                  305P   1214
17.40408023878,47.4871982716847,5.57697375270855,                    305P   1215
17.3884153293742,47.4871967332888,5.57697529110447,                  305P   1216
17.3883271947264,47.4871951948929,5.57697682950038,                  305P   1217
17.3882390600785,47.487193656497,5.5769783678963,                    305P   1218
17.3881509254306,52.8686969774916,0.195475046901716,19.405,          305P   1219
51.8111525532713,0.195475046901716,19.405,50.8741068664512,          305P   1220
0.195475046901707,19.3360959149987,50.0657217691392,                 305P   1221
0.195475046901707,19.1966604202555,48.5839643750136,                 305P   1222
0.195475046901707,18.9410773126175,47.5058852041492,                 305P   1223
0.195475046901716,18.4589890298653,47.4880185676737,                 305P   1224
0.195475046901716,17.4354100575916,47.4877451356774,                 305P   1225
0.195475046901716,17.4197451481858,47.4874717036811,                 305P   1226
0.195475046901716,17.40408023878,47.4871982716847,                   305P   1227
0.195475046901716,17.3884153293742,47.4871967332888,                 305P   1228
0.195475046901716,17.3883271947264,47.4871951948929,                 305P   1229
0.195475046901716,17.3882390600785,47.487193656497,                  305P   1230
0.195475046901716,17.3881509254306,52.8686969774916,                 305P   1231
0.195475046901716,19.405,51.8111525532713,-0.862069377318566,        305P   1232
19.405,50.8741068664512,-1.79911506413865,19.3360959149987,          305P   1233
50.0657217691392,-2.60750016145066,19.1966604202555,                 305P   1234
48.5839643750136,-4.08925755557629,18.9410773126175,                 305P   1235
47.5058852041492,-5.16733672644063,18.4589890298653,                 305P   1236
47.4880185676737,-5.18520336291617,17.4354100575916,                 305P   1237
47.4877451356774,-5.18547679491248,17.4197451481858,                 305P   1238
47.4874717036811,-5.1857502269088,17.40408023878,                    305P   1239
47.4871982716847,-5.18602365890511,17.3884153293742,                 305P   1240
47.4871967332888,-5.18602519730103,17.3883271947264,                 305P   1241
47.4871951948929,-5.18602673569695,17.3882390600785,                 305P   1242
47.487193656497,-5.18602827409287,17.3881509254306,                  305P   1243
52.8686969774916,0.195475046901716,19.405,52.8686969774916,          305P   1244
-0.862069377318566,19.405,52.8686969774916,-1.79911506413864,        305P   1245
19.3360959149987,52.8686969774916,-2.60750016145065,                 305P   1246
19.1966604202555,52.8686969774916,-4.08925755557628,                 305P   1247
18.9410773126175,52.8686969774916,-5.16733672644063,                 305P   1248
18.4589890298653,52.8686969774916,-5.18520336291617,                 305P   1249
17.4354100575916,52.8686969774916,-5.18547679491248,                 305P   1250
17.4197451481858,52.8686969774916,-5.1857502269088,                  305P   1251
17.40408023878,52.8686969774916,-5.18602365890512,                   305P   1252
17.3884153293742,52.8686969774916,-5.18602519730103,                 305P   1253
17.3883271947264,52.8686969774916,-5.18602673569695,                 305P   1254
17.3882390600785,52.8686969774916,-5.18602827409287,                 305P   1255
17.3881509254306,-1.01005626246892,0.,0.,6.28318530717959;           305P   1256
128,1,8,1,2,0,1,0,0,1,-0.0912553986417181,-0.0912553986417181,       307P   1257
0.0912553986417183,0.0912553986417183,-3.14159265358979,             307P   1258
-3.14159265358979,-3.14159265358979,-1.5707963267949,                307P   1259
-1.5707963267949,0.,0.,1.5707963267949,1.5707963267949,              307P   1260
3.14159265358979,3.14159265358979,3.14159265358979,1.,1.,            307P   1261
0.707106781186548,0.707106781186548,1.,1.,0.707106781186548,         307P   1262
0.707106781186548,1.,1.,0.707106781186548,0.707106781186548,1.,      307P   1263
1.,0.707106781186548,0.707106781186548,1.,1.,52.8686969774916,       307P   1264
4.39555468499049,10.09,52.8686969774916,3.87810493663923,            307P   1265
10.5896954135095,48.6686173394028,4.39555468499049,10.09,            307P   1266
49.1860670877541,3.87810493663923,10.5896954135095,                  307P   1267
48.6686173394028,0.195475046901716,10.09,49.1860670877541,           307P   1268
0.195475046901716,10.5896954135095,48.6686173394028,                 307P   1269
-4.00460459118705,10.09,49.1860670877541,-3.4871548428358,           307P   1270
10.5896954135095,52.8686969774916,-4.00460459118706,10.09,           307P   1271
52.8686969774916,-3.4871548428358,10.5896954135095,                  307P   1272
57.0687766155803,-4.00460459118705,10.09,56.5513268672291,           307P   1273
-3.4871548428358,10.5896954135095,57.0687766155803,                  307P   1274
0.195475046901716,10.09,56.5513268672291,0.195475046901716,          307P   1275
10.5896954135095,57.0687766155803,4.39555468499049,10.09,            307P   1276
56.5513268672291,3.87810493663923,10.5896954135095,                  307P   1277
52.8686969774916,4.39555468499049,10.09,52.8686969774916,            307P   1278
3.87810493663923,10.5896954135095,-0.0912553986417181,               307P   1279
0.0912553986417183,-3.14159265358979,3.14159265358979;               307P   1280
128,1,8,1,2,0,1,0,0,1,-0.455533807629575,-0.455533807629575,         309P   1281
-0.342629315976644,-0.342629315976644,-3.14159265358979,             309P   1282
-3.14159265358979,-3.14159265358979,-1.5707963267949,                309P   1283
-1.5707963267949,0.,0.,1.5707963267949,1.5707963267949,              309P   1284
3.14159265358979,3.14159265358979,3.14159265358979,1.,1.,            309P   1285
0.707106781186548,0.707106781186548,1.,1.,0.707106781186548,         309P   1286
0.707106781186548,1.,1.,0.707106781186548,0.707106781186548,1.,      309P   1287
1.,0.707106781186548,0.707106781186548,1.,1.,52.8686969774916,       309P   1288
3.87810493663923,10.5896954135095,52.8686969774916,                  309P   1289
3.86382131312798,10.9987248741756,49.1860670877541,                  309P   1290
3.87810493663923,10.5896954135095,49.2003507112653,                  309P   1291
3.86382131312798,10.9987248741756,49.1860670877541,                  309P   1292
0.195475046901716,10.5896954135095,49.2003507112653,                 309P   1293
0.195475046901716,10.9987248741756,49.1860670877541,                 309P   1294
-3.4871548428358,10.5896954135095,49.2003507112653,                  309P   1295
-3.47287121932455,10.9987248741756,52.8686969774916,                 309P   1296
-3.4871548428358,10.5896954135095,52.8686969774916,                  309P   1297
-3.47287121932455,10.9987248741756,56.5513268672291,                 309P   1298
-3.4871548428358,10.5896954135095,56.5370432437178,                  309P   1299
-3.47287121932455,10.9987248741756,56.5513268672291,                 309P   1300
0.195475046901716,10.5896954135095,56.5370432437178,                 309P   1301
0.195475046901716,10.9987248741756,56.5513268672291,                 309P   1302
3.87810493663923,10.5896954135095,56.5370432437178,                  309P   1303
3.86382131312798,10.9987248741756,52.8686969774916,                  309P   1304
3.87810493663923,10.5896954135095,52.8686969774916,                  309P   1305
3.86382131312798,10.9987248741756,-0.455533807629575,                309P   1306
-0.342629315976644,-3.14159265358979,3.14159265358979;               309P   1307
128,1,1,1,1,0,0,1,0,0,-0.56668542494924,-0.56668542494924,0.701,     311P   1308
0.701,-0.651872753096593,-0.651872753096593,0.651872753096593,       311P   1309
0.651872753096593,1.,1.,1.,1.,45.8586969774916,6.71420257786765,     311P   1310
10.09,58.535551226984,6.71420257786765,10.09,45.8586969774916,       311P   1311
-6.32325248406421,10.09,58.535551226984,-6.32325248406421,10.09,     311P   1312
-0.56668542494924,0.701,-0.651872753096593,0.651872753096593;        311P   1313
128,2,8,2,2,0,1,0,0,1,-1.57079632679491,-1.57079632679491,           313P   1314
-1.57079632679491,-0.0349065850398863,-0.0349065850398863,           313P   1315
-0.0349065850398863,-3.14159265358979,-3.14159265358979,             313P   1316
-3.14159265358979,-1.5707963267949,-1.5707963267949,0.,0.,           313P   1317
1.5707963267949,1.5707963267949,3.14159265358979,                    313P   1318
3.14159265358979,3.14159265358979,1.,0.719339800338707,1.,           313P   1319
0.707106781186548,0.508650050796877,0.707106781186548,1.,            313P   1320
0.719339800338707,1.,0.707106781186548,0.508650050796877,            313P   1321
0.707106781186548,1.,0.719339800338707,1.,0.707106781186548,         313P   1322
0.508650050796877,0.707106781186548,1.,0.719339800338707,1.,         313P   1323
0.707106781186548,0.508650050796877,0.707106781186548,1.,            313P   1324
0.719339800338707,1.,56.2871955369631,0.195475046901716,11.24,       313P   1325
56.5286177306648,0.195475046901716,11.24,56.5370432437178,           313P   1326
0.195475046901716,10.9987248741756,56.2871955369631,                 313P   1327
-3.22302351256977,11.24,56.5286177306648,-3.46444570627153,          313P   1328
11.24,56.5370432437178,-3.47287121932454,10.9987248741756,           313P   1329
52.8686969774916,-3.22302351256977,11.24,52.8686969774916,           313P   1330
-3.46444570627154,11.24,52.8686969774916,-3.47287121932454,          313P   1331
10.9987248741756,49.4501984180201,-3.22302351256977,11.24,           313P   1332
49.2087762243183,-3.46444570627153,11.24,49.2003507112653,           313P   1333
-3.47287121932454,10.9987248741756,49.4501984180201,                 313P   1334
0.195475046901716,11.24,49.2087762243183,0.195475046901716,          313P   1335
11.24,49.2003507112653,0.195475046901716,10.9987248741756,           313P   1336
49.4501984180201,3.6139736063732,11.24,49.2087762243183,             313P   1337
3.85539580007497,11.24,49.2003507112653,3.86382131312797,            313P   1338
10.9987248741756,52.8686969774916,3.6139736063732,11.24,             313P   1339
52.8686969774916,3.85539580007497,11.24,52.8686969774916,            313P   1340
3.86382131312797,10.9987248741756,56.2871955369631,                  313P   1341
3.6139736063732,11.24,56.5286177306648,3.85539580007497,11.24,       313P   1342
56.5370432437178,3.86382131312797,10.9987248741756,                  313P   1343
56.2871955369631,0.195475046901716,11.24,56.5286177306648,           313P   1344
0.195475046901716,11.24,56.5370432437178,0.195475046901716,          313P   1345
10.9987248741756,-1.57079632679491,-0.0349065850398863,              313P   1346
-3.14159265358979,3.14159265358979;                                  313P   1347
128,1,1,1,1,0,0,1,0,0,-3.46462550201368,-3.46462550201368,           315P   1348
-2.77892579011938,-2.77892579011938,-2.48880494231152,               315P   1349
-2.48880494231152,-1.80310523041723,-1.80310523041723,1.,1.,1.,      315P   1350
1.,49.4401984180201,-3.23302351256977,11.24,49.4401984180201,        315P   1351
3.6239736063732,11.24,56.297195536963,-3.23302351256977,11.24,       315P   1352
56.297195536963,3.62397360637321,11.24,-3.46462550201368,            315P   1353
-2.77892579011938,-2.48880494231152,-1.80310523041723;               315P   1354
128,1,1,1,1,0,0,1,0,0,-0.00187275309659363,-0.00187275309659363,     317P   1355
0.108424978294904,0.108424978294904,-0.0510076164706236,             317P   1356
-0.0510076164706236,0.151022849308524,0.151022849308524,1.,1.,       317P   1357
1.,1.,52.1097949224491,6.71420257786765,10.0800015223512,            317P   1358
52.1097949224491,5.61122526395267,10.0800015223512,                  317P   1359
52.145054100464,6.71420257786765,12.0999984779577,                   317P   1360
52.145054100464,5.61122526395267,12.0999984779577,                   317P   1361
-0.00187275309659363,0.108424978294904,-0.0510076164706236,          317P   1362
0.151022849308524;                                                   317P   1363
128,1,1,1,1,0,0,1,0,0,-0.0733817401110791,-0.0733817401110791,       319P   1364
0.0733817401110773,0.0733817401110773,-0.64838174011095,             319P   1365
-0.64838174011095,-0.54157502176503,-0.54157502176503,1.,1.,1.,      319P   1366
1.,53.6025143786023,6.67929244801121,12.09,52.1348795763808,         319P   1367
6.67929244801121,12.09,53.6025143786023,5.61122526455202,12.09,      319P   1368
52.1348795763808,5.61122526455202,12.09,-0.0733817401110791,         319P   1369
0.0733817401110773,-0.64838174011095,-0.54157502176503;              319P   1370
128,1,1,1,1,0,0,1,0,0,-0.00328734617755411,-0.00328734617755411,     321P   1371
0.107010385154008,0.107010385154008,-0.0510076164008883,             321P   1372
-0.0510076164008883,0.151022849432402,0.151022849432402,1.,1.,       321P   1373
1.,1.,53.6275990325219,5.61122526455202,10.0800015230484,            321P   1374
53.6275990325219,6.71420257786764,10.0800015230484,                  321P   1375
53.5923398544975,5.61122526455202,12.0999984791963,                  321P   1376
53.5923398544975,6.71420257786764,12.0999984791963,                  321P   1377
-0.00328734617755411,0.107010385154008,-0.0510076164008883,          321P   1378
0.151022849432402;                                                   321P   1379
128,1,1,1,1,0,0,1,0,0,-0.0018727530965924,-0.0018727530965924,       323P   1380
0.151872753096592,0.151872753096592,-0.0510076164008883,             323P   1381
-0.0510076164008883,0.151022849207893,0.151022849207893,1.,1.,       323P   1382
1.,1.,53.6374245084575,6.70437710193202,10.0800015230484,            323P   1383
52.0999694465256,6.70437710193202,10.0800015230484,                  323P   1384
53.6374245084575,6.66911792394684,12.0999984769516,                  323P   1385
52.0999694465257,6.66911792394684,12.0999984769516,                  323P   1386
-0.0018727530965924,0.151872753096592,-0.0510076164008883,           323P   1387
0.151022849207893;                                                   323P   1388
128,1,1,1,1,0,0,1,0,0,-0.00187275309659274,-0.00187275309659274,     325P   1389
0.10842497823497,0.10842497823497,-0.0510076164008883,               325P   1390
-0.0510076164008883,0.15102284951822,0.15102284951822,1.,1.,1.,      325P   1391
1.,53.6275990325219,-6.32325248406421,10.0800015230484,              325P   1392
53.6275990325219,-5.22027517074859,10.0800015230484,                 325P   1393
53.5923398544825,-6.32325248406421,12.0999984800544,                 325P   1394
53.5923398544825,-5.22027517074859,12.0999984800544,                 325P   1395
-0.00187275309659274,0.10842497823497,-0.0510076164008883,           325P   1396
0.15102284951822;                                                    325P   1397
128,1,1,1,1,0,0,1,0,0,-0.0018727530965924,-0.0018727530965924,       327P   1398
0.151872753096592,0.151872753096592,-0.0510076164008883,             327P   1399
-0.0510076164008883,0.151022849207894,0.151022849207894,1.,1.,       327P   1400
1.,1.,52.0999694465256,-6.31342700812858,10.0800015230484,           327P   1401
53.6374245084575,-6.31342700812858,10.0800015230484,                 327P   1402
52.0999694465256,-6.2781678301434,12.0999984769516,                  327P   1403
53.6374245084575,-6.2781678301434,12.0999984769516,                  327P   1404
-0.0018727530965924,0.151872753096592,-0.0510076164008883,           327P   1405
0.151022849207894;                                                   327P   1406
128,1,1,1,1,0,0,1,0,0,-0.00328734623938776,-0.00328734623938776,     329P   1407
0.107010385154008,0.107010385154008,-0.0510076164008883,             329P   1408
-0.0510076164008883,0.151022849433713,0.151022849433713,1.,1.,       329P   1409
1.,1.,52.1097949224613,-5.22027517013025,10.0800015230484,           329P   1410
52.1097949224613,-6.32325248406421,10.0800015230484,                 329P   1411
52.1450541004859,-5.22027517013025,12.0999984792094,                 329P   1412
52.1450541004859,-6.32325248406421,12.0999984792094,                 329P   1413
-0.00328734623938776,0.107010385154008,-0.0510076164008883,          329P   1414
0.151022849433713;                                                   329P   1415
128,1,1,1,1,0,0,1,0,0,-0.0733817401110791,-0.0733817401110791,       331P   1416
0.0733817401110782,0.0733817401110782,0.541575021765031,             331P   1417
0.541575021765031,0.64838174011095,0.64838174011095,1.,1.,1.,1.,     331P   1418
53.6025143786024,-5.22027517074859,12.09,52.1348795763808,           331P   1419
-5.22027517074859,12.09,53.6025143786023,-6.28834235420778,          331P   1420
12.09,52.1348795763808,-6.28834235420778,12.09,                      331P   1421
-0.0733817401110791,0.0733817401110782,0.541575021765031,            331P   1422
0.64838174011095;                                                    331P   1423
502,50,57.3780533898015,-2.93052430386757,11.34,                     333P   1424
57.4063441277555,-2.92795855487871,10.09,58.4946947261524,           333P   1425
-4.04716564021758,11.34,58.525551226984,-4.04716564021758,10.09,     333P   1426
55.9946963282609,-4.31388136540824,11.34,57.1113376646109,           333P   1427
-5.43052270175911,11.34,55.9921305792727,-4.34217210336291,          333P   1428
10.09,57.1113376646109,-5.46137920259068,10.09,47.4806288064221,     333P   1429
-0.769614813420446,12.09,47.4514948283146,-0.804524953098285,        333P   1430
10.09,45.9036071171694,-0.769614813420446,12.09,                     333P   1431
45.8686969774916,-0.804524953098285,10.09,45.8686969774916,          333P   1432
1.19547504690172,10.09,45.9036071171694,1.16056490722388,12.09,      333P   1433
47.4514948283146,1.19547504690172,10.09,47.4806288064221,            333P   1434
1.16056490722388,12.09,58.3774245188735,0.195475046901716,           333P   1435
10.0899999993116,58.2488186643188,0.195475046901716,                 333P   1436
17.4578244722406,52.8686969774916,-5.18464663992485,                 333P   1437
17.4578244722693,53.6274245084569,5.65170191708306,10.09,            333P   1438
53.592514378601,5.62122526455202,12.0899999999999,                   333P   1439
52.1448795763821,5.62122526455202,12.0899999999999,                  333P   1440
52.1099694465262,5.65170191708306,10.09,52.1099694465271,            333P   1441
-5.2607518232732,10.09,52.1448795763821,-5.23027517074859,           333P   1442
12.0899999999999,53.5925143786011,-5.23027517074859,                 333P   1443
12.0899999999999,53.62742450529,-5.2607518568915,                    333P   1444
10.0900000019562,48.4586584086524,-0.804524953098285,10.09,          333P   1445
47.8089567199896,-1.05979732184551,10.09,47.8198719557167,           333P   1446
-1.05979732184551,10.34,48.293473769137,-2.22952495309828,10.09,     333P   1447
48.3043890048642,-2.22952495309828,10.34,47.6436969774916,           333P   1448
0.195475046901715,10.09,47.6546122132187,0.195475046901715,          333P   1449
10.34,52.8686969774916,0.195475046901716,19.405,                     333P   1450
52.8686969774916,3.87810493663923,10.5896954135095,                  333P   1451
52.8686969774916,4.39555468499049,10.09,56.5501768440873,            333P   1452
2.21720078451756,10.09,52.8686969774916,3.86382131312798,            333P   1453
10.9987248741756,56.5370432437178,0.195475046901716,                 333P   1454
10.9987248741756,53.6274245084575,-6.31325248406421,10.09,           333P   1455
52.1099694465256,-6.31325248406421,10.09,52.1099694465256,           333P   1456
6.70420257786765,10.09,53.6274245084575,6.70420257786764,10.09,      333P   1457
56.2871955369631,0.195475046901716,11.24,52.8686969774916,           333P   1458
3.61397360637321,11.24,52.1448795763821,6.66929244801121,12.09,      333P   1459
53.5925143786011,6.66929244801121,12.09,53.5925143786011,            333P   1460
-6.27834235420778,12.09,52.1448795763821,-6.27834235420777,          333P   1461
12.09;                                                               333P   1462
504,73,129,333,1,333,2,131,333,3,333,1,133,333,4,333,3,135,333,      335P   1463
2,333,4,137,333,5,333,1,139,333,5,333,6,141,333,6,333,3,143,333,     335P   1464
7,333,5,145,333,7,333,8,147,333,8,333,6,149,333,8,333,4,151,333,     335P   1465
9,333,10,153,333,11,333,9,155,333,12,333,11,157,333,12,333,10,       335P   1466
159,333,12,333,13,161,333,14,333,11,163,333,13,333,14,165,333,       335P   1467
15,333,16,167,333,13,333,15,169,333,16,333,14,171,333,16,333,9,      335P   1468
173,333,17,333,2,175,333,17,333,18,177,333,19,333,18,179,333,18,     335P   1469
333,19,181,333,20,333,17,183,333,20,333,21,185,333,21,333,22,        335P   1470
187,333,22,333,23,189,333,15,333,23,191,333,24,333,10,193,333,       335P   1471
24,333,25,195,333,25,333,26,197,333,26,333,27,199,333,7,333,27,      335P   1472
201,333,28,333,29,203,333,29,333,28,205,333,29,333,30,207,333,       335P   1473
30,333,30,209,333,31,333,31,211,333,31,333,32,213,333,32,333,32,     335P   1474
215,333,33,333,33,217,333,33,333,34,219,333,34,333,34,221,333,       335P   1475
35,333,19,223,333,36,333,36,225,333,36,333,37,227,333,37,333,38,     335P   1476
229,333,38,333,37,231,333,36,333,39,233,333,40,333,39,235,333,       335P   1477
39,333,40,237,333,41,333,27,239,333,42,333,41,241,333,24,333,42,     335P   1478
243,333,43,333,23,245,333,44,333,43,247,333,20,333,44,249,333,       335P   1479
40,333,45,251,333,45,333,46,253,333,46,333,45,255,333,47,333,22,     335P   1480
257,333,43,333,47,259,333,21,333,48,261,333,48,333,47,263,333,       335P   1481
44,333,48,265,333,49,333,26,267,333,41,333,49,269,333,50,333,49,     335P   1482
271,333,42,333,50,273,333,25,333,50;                                 335P   1483
406,1,14HButton (1) (1);                                             337P   1484
314,96.4705882352941,96.4705882352941,95.2941176470588,10HClearP     339P   1485
arts;                                                                339P   1486
314,62.7450980392157,62.7450980392157,62.7450980392157,13HSteel      341P   1487
- Satin;                                                             341P   1488
S      1G      2D    342P   1488                                        T      1
