                                                                        S      1
,,2HGL,2HGL,7Hunknown,7Hunknown,32,38,7,99,15,,1.,2,2HMM,1,0.08,15H20250G      1
928.193058,0.01,10000.,7Hunknown,7Hunknown,11,0,;                       G      2
     186       1                                                00000000D      1
     186           -1047       1       0                               0D      2
     514       2                                                00010000D      3
     514                       8       1                               0D      4
     140      10                                                00010000D      5
     140       0   -1047       1       0                               0D      6
     140      11                                                00010000D      7
     140       0   -1047       1       0                               0D      8
     140      12                                                00010000D      9
     140       0   -1047       1       0                               0D     10
     140      13                                                00010000D     11
     140       0   -1047       1       0                               0D     12
     140      14                                                00010000D     13
     140       0   -1047       1       0                               0D     14
     140      15                                                00010000D     15
     140       0   -1047       1       0                               0D     16
     140      16                                                00010000D     17
     140       0   -1047       1       0                               0D     18
     140      17                                                00010000D     19
     140       0   -1047       1       0                               0D     20
     140      18                                                00010000D     21
     140       0   -1047       1       0                               0D     22
     510      19                                                00010000D     23
     510           -1047       1       1                               0D     24
     510      20                                                00010000D     25
     510           -1047       1       1                               0D     26
     510      21                                                00010000D     27
     510           -1047       1       1                               0D     28
     510      22                                                00010000D     29
     510           -1047       1       1                               0D     30
     510      23                                                00010000D     31
     510           -1047       1       1                               0D     32
     510      24                                                00010000D     33
     510           -1047       1       1                               0D     34
     510      25                                                00010000D     35
     510           -1047       1       1                               0D     36
     510      26                                                00010000D     37
     510           -1047       1       1                               0D     38
     510      27                                                00010000D     39
     510           -1047       1       1                               0D     40
     510      28                                                00010000D     41
     510           -1047       1       1                               0D     42
     510      29                                                00010000D     43
     510           -1047       1       1                               0D     44
     510      30                                                00010000D     45
     510           -1047       1       1                               0D     46
     510      31                                                00010000D     47
     510           -1047       1       1                               0D     48
     510      32                                                00010000D     49
     510           -1047       1       1                               0D     50
     510      33                                                00010000D     51
     510           -1047       1       1                               0D     52
     510      34                                                00010000D     53
     510           -1047       1       1                               0D     54
     510      35                                                00010000D     55
     510           -1047       1       1                               0D     56
     510      36                                                00010000D     57
     510           -1047       1       1                               0D     58
     510      37                                                00010000D     59
     510           -1047       1       1                               0D     60
     510      38                                                00010000D     61
     510           -1047       1       1                               0D     62
     510      39                                                00010000D     63
     510           -1047       1       1                               0D     64
     510      40                                                00010000D     65
     510           -1047       1       1                               0D     66
     510      41                                                00010000D     67
     510           -1047       1       1                               0D     68
     510      42                                                00010000D     69
     510           -1047       1       1                               0D     70
     510      43                                                00010000D     71
     510           -1047       1       1                               0D     72
     510      44                                                00010000D     73
     510           -1047       1       1                               0D     74
     510      45                                                00010000D     75
     510           -1047       1       1                               0D     76
     510      46                                                00010000D     77
     510           -1047       1       1                               0D     78
     510      47                                                00010000D     79
     510           -1047       1       1                               0D     80
     510      48                                                00010000D     81
     510           -1047       1       1                               0D     82
     510      49                                                00010000D     83
     510           -1047       1       1                               0D     84
     510      50                                                00010000D     85
     510           -1047       1       1                               0D     86
     510      51                                                00010000D     87
     510           -1047       1       1                               0D     88
     510      52                                                00010000D     89
     510           -1047       1       1                               0D     90
     510      53                                                00010000D     91
     510           -1047       1       1                               0D     92
     510      54                                                00010000D     93
     510           -1047       1       1                               0D     94
     510      55                                                00010000D     95
     510           -1047       1       1                               0D     96
     510      56                                                00010000D     97
     510           -1047       1       1                               0D     98
     510      57                                                00010000D     99
     510           -1047       1       1                               0D    100
     510      58                                                00010000D    101
     510           -1047       1       1                               0D    102
     510      59                                                00010000D    103
     510           -1047       1       1                               0D    104
     510      60                                                00010000D    105
     510           -1047       1       1                               0D    106
     510      61                                                00010000D    107
     510           -1047       1       1                               0D    108
     510      62                                                00010000D    109
     510           -1047       1       1                               0D    110
     510      63                                                00010000D    111
     510           -1047       1       1                               0D    112
     510      64                                                00010000D    113
     510           -1047       1       1                               0D    114
     510      65                                                00010000D    115
     510           -1047       1       1                               0D    116
     510      66                                                00010000D    117
     510           -1047       1       1                               0D    118
     510      67                                                00010000D    119
     510           -1047       1       1                               0D    120
     510      68                                                00010000D    121
     510           -1047       1       1                               0D    122
     510      69                                                00010000D    123
     510           -1047       1       1                               0D    124
     510      70                                                00010000D    125
     510           -1047       1       1                               0D    126
     510      71                                                00010000D    127
     510           -1047       1       1                               0D    128
     510      72                                                00010000D    129
     510           -1047       1       1                               0D    130
     510      73                                                00010000D    131
     510           -1047       1       1                               0D    132
     510      74                                                00010000D    133
     510           -1047       1       1                               0D    134
     510      75                                                00010000D    135
     510           -1047       1       1                               0D    136
     510      76                                                00010000D    137
     510           -1047       1       1                               0D    138
     510      77                                                00010000D    139
     510           -1047       1       1                               0D    140
     510      78                                                00010000D    141
     510           -1047       1       1                               0D    142
     510      79                                                00010000D    143
     510           -1047       1       1                               0D    144
     510      80                                                00010000D    145
     510           -1047       1       1                               0D    146
     510      81                                                00010000D    147
     510           -1047       1       1                               0D    148
     510      82                                                00010000D    149
     510           -1047       1       1                               0D    150
     510      83                                                00010000D    151
     510           -1047       1       1                               0D    152
     510      84                                                00010000D    153
     510           -1047       1       1                               0D    154
     510      85                                                00010000D    155
     510           -1047       1       1                               0D    156
     510      86                                                00010000D    157
     510           -1047       1       1                               0D    158
     510      87                                                00010000D    159
     510           -1047       1       1                               0D    160
     510      88                                                00010000D    161
     510           -1047       1       1                               0D    162
     510      89                                                00010000D    163
     510           -1047       1       1                               0D    164
     510      90                                                00010000D    165
     510           -1047       1       1                               0D    166
     510      91                                                00010000D    167
     510           -1047       1       1                               0D    168
     510      92                                                00010000D    169
     510           -1047       1       1                               0D    170
     510      93                                                00010000D    171
     510           -1047       1       1                               0D    172
     510      94                                                00010000D    173
     510           -1047       1       1                               0D    174
     510      95                                                00010000D    175
     510           -1047       1       1                               0D    176
     510      96                                                00010000D    177
     510           -1047       1       1                               0D    178
     510      97                                                00010000D    179
     510           -1047       1       1                               0D    180
     510      98                                                00010000D    181
     510           -1047       1       1                               0D    182
     510      99                                                00010000D    183
     510           -1047       1       1                               0D    184
     510     100                                                00010000D    185
     510           -1047       1       1                               0D    186
     510     101                                                00010000D    187
     510           -1047       1       1                               0D    188
     510     102                                                00010000D    189
     510           -1047       1       1                               0D    190
     510     103                                                00010000D    191
     510           -1047       1       1                               0D    192
     510     104                                                00010000D    193
     510           -1047       1       1                               0D    194
     508     105                                                00010000D    195
     508                       2       1                               0D    196
     508     107                                                00010000D    197
     508                       2       1                               0D    198
     508     109                                                00010000D    199
     508                       1       1                               0D    200
     508     110                                                00010000D    201
     508                       2       1                               0D    202
     508     112                                                00010000D    203
     508                       1       1                               0D    204
     508     113                                                00010000D    205
     508                       1       1                               0D    206
     508     114                                                00010000D    207
     508                       2       1                               0D    208
     508     116                                                00010000D    209
     508                       1       1                               0D    210
     508     117                                                00010000D    211
     508                       1       1                               0D    212
     508     118                                                00010000D    213
     508                       3       1                               0D    214
     508     121                                                00010000D    215
     508                       2       1                               0D    216
     508     123                                                00010000D    217
     508                       2       1                               0D    218
     508     125                                                00010000D    219
     508                       3       1                               0D    220
     508     128                                                00010000D    221
     508                       2       1                               0D    222
     508     130                                                00010000D    223
     508                       2       1                               0D    224
     508     132                                                00010000D    225
     508                       1       1                               0D    226
     508     133                                                00010000D    227
     508                       2       1                               0D    228
     508     135                                                00010000D    229
     508                       1       1                               0D    230
     508     136                                                00010000D    231
     508                       3       1                               0D    232
     508     139                                                00010000D    233
     508                       3       1                               0D    234
     508     142                                                00010000D    235
     508                       2       1                               0D    236
     508     144                                                00010000D    237
     508                       1       1                               0D    238
     508     145                                                00010000D    239
     508                       2       1                               0D    240
     508     147                                                00010000D    241
     508                       2       1                               0D    242
     508     149                                                00010000D    243
     508                       2       1                               0D    244
     508     151                                                00010000D    245
     508                       2       1                               0D    246
     508     153                                                00010000D    247
     508                       2       1                               0D    248
     508     155                                                00010000D    249
     508                       2       1                               0D    250
     508     157                                                00010000D    251
     508                       7       1                               0D    252
     508     164                                                00010000D    253
     508                       2       1                               0D    254
     508     166                                                00010000D    255
     508                       3       1                               0D    256
     508     169                                                00010000D    257
     508                       2       1                               0D    258
     508     171                                                00010000D    259
     508                       2       1                               0D    260
     508     173                                                00010000D    261
     508                       2       1                               0D    262
     508     175                                                00010000D    263
     508                       2       1                               0D    264
     508     177                                                00010000D    265
     508                       2       1                               0D    266
     508     179                                                00010000D    267
     508                       2       1                               0D    268
     508     181                                                00010000D    269
     508                       2       1                               0D    270
     508     183                                                00010000D    271
     508                       2       1                               0D    272
     508     185                                                00010000D    273
     508                       2       1                               0D    274
     508     187                                                00010000D    275
     508                       2       1                               0D    276
     508     189                                                00010000D    277
     508                       2       1                               0D    278
     508     191                                                00010000D    279
     508                       2       1                               0D    280
     508     193                                                00010000D    281
     508                       2       1                               0D    282
     508     195                                                00010000D    283
     508                       2       1                               0D    284
     508     197                                                00010000D    285
     508                       2       1                               0D    286
     508     199                                                00010000D    287
     508                       2       1                               0D    288
     508     201                                                00010000D    289
     508                       2       1                               0D    290
     508     203                                                00010000D    291
     508                       6       1                               0D    292
     508     209                                                00010000D    293
     508                       2       1                               0D    294
     508     211                                                00010000D    295
     508                       2       1                               0D    296
     508     213                                                00010000D    297
     508                       2       1                               0D    298
     508     215                                                00010000D    299
     508                       2       1                               0D    300
     508     217                                                00010000D    301
     508                       2       1                               0D    302
     508     219                                                00010000D    303
     508                       2       1                               0D    304
     508     221                                                00010000D    305
     508                       1       1                               0D    306
     508     222                                                00010000D    307
     508                       2       1                               0D    308
     508     224                                                00010000D    309
     508                       2       1                               0D    310
     508     226                                                00010000D    311
     508                       2       1                               0D    312
     508     228                                                00010000D    313
     508                       2       1                               0D    314
     508     230                                                00010000D    315
     508                       2       1                               0D    316
     508     232                                                00010000D    317
     508                       3       1                               0D    318
     508     235                                                00010000D    319
     508                       2       1                               0D    320
     508     237                                                00010000D    321
     508                       2       1                               0D    322
     508     239                                                00010000D    323
     508                       1       1                               0D    324
     508     240                                                00010000D    325
     508                       1       1                               0D    326
     508     241                                                00010000D    327
     508                       2       1                               0D    328
     508     243                                                00010000D    329
     508                       2       1                               0D    330
     508     245                                                00010000D    331
     508                       2       1                               0D    332
     508     247                                                00010000D    333
     508                       2       1                               0D    334
     508     249                                                00010000D    335
     508                       3       1                               0D    336
     508     252                                                00010000D    337
     508                       2       1                               0D    338
     508     254                                                00010000D    339
     508                       2       1                               0D    340
     508     256                                                00010000D    341
     508                       2       1                               0D    342
     508     258                                                00010000D    343
     508                       2       1                               0D    344
     508     260                                                00010000D    345
     508                       2       1                               0D    346
     508     262                                                00010000D    347
     508                       2       1                               0D    348
     508     264                                                00010000D    349
     508                       1       1                               0D    350
     508     265                                                00010000D    351
     508                       2       1                               0D    352
     508     267                                                00010000D    353
     508                       2       1                               0D    354
     508     269                                                00010000D    355
     508                       3       1                               0D    356
     508     272                                                00010000D    357
     508                       2       1                               0D    358
     508     274                                                00010000D    359
     508                       2       1                               0D    360
     508     276                                                00010000D    361
     508                       5       1                               0D    362
     508     281                                                00010000D    363
     508                       1       1                               0D    364
     508     282                                                00010000D    365
     508                       1       1                               0D    366
     508     283                                                00010000D    367
     508                       1       1                               0D    368
     126     284                                                00010000D    369
     126       0              13       0                               0D    370
     126     297                                                00010000D    371
     126       0               4       0                               0D    372
     126     301                                                00010000D    373
     126       0              14       0                               0D    374
     126     315                                                00010000D    375
     126       0              59       0                               0D    376
     126     374                                                00010000D    377
     126       0               8       0                               0D    378
     126     382                                                00010000D    379
     126       0               8       0                               0D    380
     126     390                                                00010000D    381
     126       0               8       0                               0D    382
     126     398                                                00010000D    383
     126       0              12       0                               0D    384
     126     410                                                00010000D    385
     126       0              13       0                               0D    386
     126     423                                                00010000D    387
     126       0              16       0                               0D    388
     126     439                                                00010000D    389
     126       0               6       0                               0D    390
     126     445                                                00010000D    391
     126       0               6       0                               0D    392
     126     451                                                00010000D    393
     126       0               7       0                               0D    394
     126     458                                                00010000D    395
     126       0               6       0                               0D    396
     126     464                                                00010000D    397
     126       0               7       0                               0D    398
     126     471                                                00010000D    399
     126       0               4       0                               0D    400
     126     475                                                00010000D    401
     126       0               6       0                               0D    402
     126     481                                                00010000D    403
     126       0              12       0                               0D    404
     126     493                                                00010000D    405
     126       0               8       0                               0D    406
     126     501                                                00010000D    407
     126       0               4       0                               0D    408
     126     505                                                00010000D    409
     126       0               4       0                               0D    410
     126     509                                                00010000D    411
     126       0               7       0                               0D    412
     126     516                                                00010000D    413
     126       0               6       0                               0D    414
     126     522                                                00010000D    415
     126       0               6       0                               0D    416
     126     528                                                00010000D    417
     126       0               6       0                               0D    418
     126     534                                                00010000D    419
     126       0               7       0                               0D    420
     126     541                                                00010000D    421
     126       0               6       0                               0D    422
     126     547                                                00010000D    423
     126       0               4       0                               0D    424
     126     551                                                00010000D    425
     126       0               5       0                               0D    426
     126     556                                                00010000D    427
     126       0               8       0                               0D    428
     126     564                                                00010000D    429
     126       0             102       0                               0D    430
     126     666                                                00010000D    431
     126       0               6       0                               0D    432
     126     672                                                00010000D    433
     126       0               4       0                               0D    434
     126     676                                                00010000D    435
     126       0               7       0                               0D    436
     126     683                                                00010000D    437
     126       0               4       0                               0D    438
     126     687                                                00010000D    439
     126       0               4       0                               0D    440
     126     691                                                00010000D    441
     126       0               6       0                               0D    442
     126     697                                                00010000D    443
     126       0               6       0                               0D    444
     126     703                                                00010000D    445
     126       0               8       0                               0D    446
     126     711                                                00010000D    447
     126       0              12       0                               0D    448
     126     723                                                00010000D    449
     126       0               6       0                               0D    450
     126     729                                                00010000D    451
     126       0               6       0                               0D    452
     126     735                                                00010000D    453
     126       0               5       0                               0D    454
     126     740                                                00010000D    455
     126       0              15       0                               0D    456
     126     755                                                00010000D    457
     126       0               8       0                               0D    458
     126     763                                                00010000D    459
     126       0               8       0                               0D    460
     126     771                                                00010000D    461
     126       0               6       0                               0D    462
     126     777                                                00010000D    463
     126       0               6       0                               0D    464
     126     783                                                00010000D    465
     126       0               8       0                               0D    466
     126     791                                                00010000D    467
     126       0               7       0                               0D    468
     126     798                                                00010000D    469
     126       0               6       0                               0D    470
     126     804                                                00010000D    471
     126       0              25       0                               0D    472
     126     829                                                00010000D    473
     126       0               4       0                               0D    474
     126     833                                                00010000D    475
     126       0             111       0                               0D    476
     126     944                                                00010000D    477
     126       0              11       0                               0D    478
     126     955                                                00010000D    479
     126       0               4       0                               0D    480
     126     959                                                00010000D    481
     126       0               8       0                               0D    482
     126     967                                                00010000D    483
     126       0              12       0                               0D    484
     126     979                                                00010000D    485
     126       0               5       0                               0D    486
     126     984                                                00010000D    487
     126       0               5       0                               0D    488
     126     989                                                00010000D    489
     126       0               4       0                               0D    490
     126     993                                                00010000D    491
     126       0               4       0                               0D    492
     126     997                                                00010000D    493
     126       0               5       0                               0D    494
     126    1002                                                00010000D    495
     126       0              11       0                               0D    496
     126    1013                                                00010000D    497
     126       0               8       0                               0D    498
     126    1021                                                00010000D    499
     126       0              18       0                               0D    500
     126    1039                                                00010000D    501
     126       0              21       0                               0D    502
     126    1060                                                00010000D    503
     126       0              17       0                               0D    504
     126    1077                                                00010000D    505
     126       0               8       0                               0D    506
     126    1085                                                00010000D    507
     126       0               8       0                               0D    508
     126    1093                                                00010000D    509
     126       0              13       0                               0D    510
     126    1106                                                00010000D    511
     126       0              12       0                               0D    512
     126    1118                                                00010000D    513
     126       0              15       0                               0D    514
     126    1133                                                00010000D    515
     126       0               4       0                               0D    516
     126    1137                                                00010000D    517
     126       0               5       0                               0D    518
     126    1142                                                00010000D    519
     126       0               8       0                               0D    520
     126    1150                                                00010000D    521
     126       0              13       0                               0D    522
     126    1163                                                00010000D    523
     126       0               6       0                               0D    524
     126    1169                                                00010000D    525
     126       0               4       0                               0D    526
     126    1173                                                00010000D    527
     126       0               4       0                               0D    528
     126    1177                                                00010000D    529
     126       0              12       0                               0D    530
     126    1189                                                00010000D    531
     126       0              11       0                               0D    532
     126    1200                                                00010000D    533
     126       0               5       0                               0D    534
     126    1205                                                00010000D    535
     126       0               5       0                               0D    536
     126    1210                                                00010000D    537
     126       0               4       0                               0D    538
     126    1214                                                00010000D    539
     126       0               4       0                               0D    540
     126    1218                                                00010000D    541
     126       0               5       0                               0D    542
     126    1223                                                00010000D    543
     126       0              12       0                               0D    544
     126    1235                                                00010000D    545
     126       0               6       0                               0D    546
     126    1241                                                00010000D    547
     126       0               8       0                               0D    548
     126    1249                                                00010000D    549
     126       0              10       0                               0D    550
     126    1259                                                00010000D    551
     126       0               8       0                               0D    552
     126    1267                                                00010000D    553
     126       0               8       0                               0D    554
     126    1275                                                00010000D    555
     126       0               6       0                               0D    556
     126    1281                                                00010000D    557
     126       0               7       0                               0D    558
     126    1288                                                00010000D    559
     126       0               8       0                               0D    560
     126    1296                                                00010000D    561
     126       0               8       0                               0D    562
     126    1304                                                00010000D    563
     126       0               8       0                               0D    564
     126    1312                                                00010000D    565
     126       0              11       0                               0D    566
     126    1323                                                00010000D    567
     126       0               8       0                               0D    568
     126    1331                                                00010000D    569
     126       0               7       0                               0D    570
     126    1338                                                00010000D    571
     126       0              64       0                               0D    572
     126    1402                                                00010000D    573
     126       0               8       0                               0D    574
     126    1410                                                00010000D    575
     126       0              69       0                               0D    576
     126    1479                                                00010000D    577
     126       0               8       0                               0D    578
     126    1487                                                00010000D    579
     126       0               5       0                               0D    580
     126    1492                                                00010000D    581
     126       0              18       0                               0D    582
     126    1510                                                00010000D    583
     126       0              12       0                               0D    584
     126    1522                                                00010000D    585
     126       0               6       0                               0D    586
     126    1528                                                00010000D    587
     126       0               4       0                               0D    588
     126    1532                                                00010000D    589
     126       0              73       0                               0D    590
     126    1605                                                00010000D    591
     126       0               8       0                               0D    592
     126    1613                                                00010000D    593
     126       0              73       0                               0D    594
     126    1686                                                00010000D    595
     126       0               8       0                               0D    596
     126    1694                                                00010000D    597
     126       0               6       0                               0D    598
     126    1700                                                00010000D    599
     126       0               7       0                               0D    600
     126    1707                                                00010000D    601
     126       0               4       0                               0D    602
     126    1711                                                00010000D    603
     126       0               6       0                               0D    604
     126    1717                                                00010000D    605
     126       0              12       0                               0D    606
     126    1729                                                00010000D    607
     126       0               5       0                               0D    608
     126    1734                                                00010000D    609
     126       0              85       0                               0D    610
     126    1819                                                00010000D    611
     126       0              86       0                               0D    612
     126    1905                                                00010000D    613
     126       0               8       0                               0D    614
     126    1913                                                00010000D    615
     126       0               6       0                               0D    616
     126    1919                                                00010000D    617
     126       0               6       0                               0D    618
     126    1925                                                00010000D    619
     126       0               4       0                               0D    620
     126    1929                                                00010000D    621
     126       0               4       0                               0D    622
     126    1933                                                00010000D    623
     126       0               4       0                               0D    624
     126    1937                                                00010000D    625
     126       0               8       0                               0D    626
     126    1945                                                00010000D    627
     126       0               4       0                               0D    628
     126    1949                                                00010000D    629
     126       0               4       0                               0D    630
     126    1953                                                00010000D    631
     126       0               4       0                               0D    632
     126    1957                                                00010000D    633
     126       0               6       0                               0D    634
     126    1963                                                00010000D    635
     126       0               6       0                               0D    636
     126    1969                                                00010000D    637
     126       0               4       0                               0D    638
     126    1973                                                00010000D    639
     126       0               4       0                               0D    640
     126    1977                                                00010000D    641
     126       0               4       0                               0D    642
     126    1981                                                00010000D    643
     126       0               6       0                               0D    644
     126    1987                                                00010000D    645
     126       0               6       0                               0D    646
     126    1993                                                00010000D    647
     126       0              93       0                               0D    648
     126    2086                                                00010000D    649
     126       0               8       0                               0D    650
     126    2094                                                00010000D    651
     126       0              90       0                               0D    652
     126    2184                                                00010000D    653
     126       0               7       0                               0D    654
     126    2191                                                00010000D    655
     126       0               7       0                               0D    656
     126    2198                                                00010000D    657
     126       0               7       0                               0D    658
     126    2205                                                00010000D    659
     126       0               6       0                               0D    660
     126    2211                                                00010000D    661
     126       0              12       0                               0D    662
     126    2223                                                00010000D    663
     126       0              12       0                               0D    664
     126    2235                                                00010000D    665
     126       0              19       0                               0D    666
     126    2254                                                00010000D    667
     126       0              39       0                               0D    668
     126    2293                                                00010000D    669
     126       0               8       0                               0D    670
     126    2301                                                00010000D    671
     126       0               8       0                               0D    672
     126    2309                                                00010000D    673
     126       0               6       0                               0D    674
     126    2315                                                00010000D    675
     126       0               4       0                               0D    676
     126    2319                                                00010000D    677
     126       0               4       0                               0D    678
     126    2323                                                00010000D    679
     126       0               4       0                               0D    680
     126    2327                                                00010000D    681
     126       0               6       0                               0D    682
     126    2333                                                00010000D    683
     126       0               4       0                               0D    684
     126    2337                                                00010000D    685
     126       0               4       0                               0D    686
     126    2341                                                00010000D    687
     126       0               4       0                               0D    688
     126    2345                                                00010000D    689
     126       0               7       0                               0D    690
     126    2352                                                00010000D    691
     126       0              19       0                               0D    692
     126    2371                                                00010000D    693
     126       0              11       0                               0D    694
     126    2382                                                00010000D    695
     126       0              36       0                               0D    696
     126    2418                                                00010000D    697
     126       0               8       0                               0D    698
     126    2426                                                00010000D    699
     126       0               7       0                               0D    700
     126    2433                                                00010000D    701
     126       0               8       0                               0D    702
     126    2441                                                00010000D    703
     126       0               7       0                               0D    704
     126    2448                                                00010000D    705
     126       0              19       0                               0D    706
     126    2467                                                00010000D    707
     126       0               6       0                               0D    708
     126    2473                                                00010000D    709
     126       0               4       0                               0D    710
     126    2477                                                00010000D    711
     126       0               4       0                               0D    712
     126    2481                                                00010000D    713
     126       0               4       0                               0D    714
     126    2485                                                00010000D    715
     126       0               6       0                               0D    716
     126    2491                                                00010000D    717
     126       0               4       0                               0D    718
     126    2495                                                00010000D    719
     126       0               4       0                               0D    720
     126    2499                                                00010000D    721
     126       0               5       0                               0D    722
     126    2504                                                00010000D    723
     126       0               6       0                               0D    724
     126    2510                                                00010000D    725
     126       0               4       0                               0D    726
     126    2514                                                00010000D    727
     126       0               4       0                               0D    728
     126    2518                                                00010000D    729
     126       0               5       0                               0D    730
     126    2523                                                00010000D    731
     126       0               4       0                               0D    732
     126    2527                                                00010000D    733
     126       0               6       0                               0D    734
     126    2533                                                00010000D    735
     126       0               5       0                               0D    736
     126    2538                                                00010000D    737
     126       0               4       0                               0D    738
     126    2542                                                00010000D    739
     126       0               4       0                               0D    740
     126    2546                                                00010000D    741
     126       0               4       0                               0D    742
     126    2550                                                00010000D    743
     126       0               5       0                               0D    744
     126    2555                                                00010000D    745
     126       0               5       0                               0D    746
     126    2560                                                00010000D    747
     126       0               4       0                               0D    748
     126    2564                                                00010000D    749
     126       0               4       0                               0D    750
     126    2568                                                00010000D    751
     126       0               5       0                               0D    752
     126    2573                                                00010000D    753
     126       0               5       0                               0D    754
     126    2578                                                00010000D    755
     126       0               5       0                               0D    756
     126    2583                                                00010000D    757
     126       0               4       0                               0D    758
     126    2587                                                00010000D    759
     126       0               5       0                               0D    760
     126    2592                                                00010000D    761
     126       0               4       0                               0D    762
     126    2596                                                00010000D    763
     126       0               4       0                               0D    764
     126    2600                                                00010000D    765
     126       0               5       0                               0D    766
     126    2605                                                00010000D    767
     126       0               5       0                               0D    768
     126    2610                                                00010000D    769
     126       0               5       0                               0D    770
     126    2615                                                00010000D    771
     126       0               8       0                               0D    772
     126    2623                                                00010000D    773
     126       0              13       0                               0D    774
     126    2636                                                00010000D    775
     126       0               5       0                               0D    776
     126    2641                                                00010000D    777
     126       0               4       0                               0D    778
     126    2645                                                00010000D    779
     126       0               4       0                               0D    780
     126    2649                                                00010000D    781
     126       0               4       0                               0D    782
     126    2653                                                00010000D    783
     126       0               8       0                               0D    784
     126    2661                                                00010000D    785
     126       0               5       0                               0D    786
     126    2666                                                00010000D    787
     126       0               8       0                               0D    788
     126    2674                                                00010000D    789
     126       0               8       0                               0D    790
     126    2682                                                00010000D    791
     126       0              15       0                               0D    792
     126    2697                                                00010000D    793
     126       0               7       0                               0D    794
     126    2704                                                00010000D    795
     126       0              10       0                               0D    796
     126    2714                                                00010000D    797
     126       0               7       0                               0D    798
     126    2721                                                00010000D    799
     126       0               8       0                               0D    800
     126    2729                                                00010000D    801
     126       0               7       0                               0D    802
     126    2736                                                00010000D    803
     126       0               8       0                               0D    804
     126    2744                                                00010000D    805
     126       0               8       0                               0D    806
     126    2752                                                00010000D    807
     126       0               5       0                               0D    808
     126    2757                                                00010000D    809
     126       0               8       0                               0D    810
     126    2765                                                00010000D    811
     126       0               4       0                               0D    812
     126    2769                                                00010000D    813
     126       0               4       0                               0D    814
     126    2773                                                00010000D    815
     126       0               4       0                               0D    816
     126    2777                                                00010000D    817
     126       0               8       0                               0D    818
     126    2785                                                00010000D    819
     126       0               6       0                               0D    820
     126    2791                                                00010000D    821
     126       0               4       0                               0D    822
     126    2795                                                00010000D    823
     126       0               4       0                               0D    824
     126    2799                                                00010000D    825
     126       0               6       0                               0D    826
     126    2805                                                00010000D    827
     126       0              12       0                               0D    828
     126    2817                                                00010000D    829
     126       0              16       0                               0D    830
     126    2833                                                00010000D    831
     126       0              12       0                               0D    832
     126    2845                                                00010000D    833
     126       0               6       0                               0D    834
     126    2851                                                00010000D    835
     126       0               4       0                               0D    836
     126    2855                                                00010000D    837
     126       0               6       0                               0D    838
     126    2861                                                00010000D    839
     126       0               4       0                               0D    840
     126    2865                                                00010000D    841
     126       0               6       0                               0D    842
     126    2871                                                00010000D    843
     126       0               6       0                               0D    844
     126    2877                                                00010000D    845
     126       0               4       0                               0D    846
     126    2881                                                00010000D    847
     126       0               6       0                               0D    848
     126    2887                                                00010000D    849
     126       0               5       0                               0D    850
     126    2892                                                00010000D    851
     126       0               4       0                               0D    852
     126    2896                                                00010000D    853
     126       0               6       0                               0D    854
     126    2902                                                00010000D    855
     126       0               8       0                               0D    856
     126    2910                                                00010000D    857
     126       0              16       0                               0D    858
     126    2926                                                00010000D    859
     126       0              19       0                               0D    860
     126    2945                                                00010000D    861
     126       0              15       0                               0D    862
     126    2960                                                00010000D    863
     126       0               6       0                               0D    864
     126    2966                                                00010000D    865
     126       0               4       0                               0D    866
     126    2970                                                00010000D    867
     126       0              13       0                               0D    868
     128    2983                                                00010000D    869
     128       0   -1047      26       0                               0D    870
     128    3009                                                00010000D    871
     128       0             385       0                               0D    872
     128    3394                                                00010000D    873
     128       0   -1047      11       0                               0D    874
     128    3405                                                00010000D    875
     128       0   -1047       9       0                               0D    876
     128    3414                                                00010000D    877
     128       0   -1047      11       0                               0D    878
     128    3425                                                00010000D    879
     128       0   -1047      11       0                               0D    880
     128    3436                                                00010000D    881
     128       0   -1047       9       0                               0D    882
     128    3445                                                00010000D    883
     128       0   -1047       7       0                               0D    884
     128    3452                                                00010000D    885
     128       0   -1047      11       0                               0D    886
     128    3463                                                00010000D    887
     128       0   -1047      15       0                               0D    888
     128    3478                                                00010000D    889
     128       0   -1047      11       0                               0D    890
     128    3489                                                00010000D    891
     128       0   -1047       9       0                               0D    892
     128    3498                                                00010000D    893
     128       0   -1047       9       0                               0D    894
     128    3507                                                00010000D    895
     128       0   -1047     102       0                               0D    896
     128    3609                                                00010000D    897
     128       0   -1047      50       0                               0D    898
     128    3659                                                00010000D    899
     128       0             273       0                               0D    900
     128    3932                                                00010000D    901
     128       0   -1047       9       0                               0D    902
     128    3941                                                00010000D    903
     128       0   -1047       7       0                               0D    904
     128    3948                                                00010000D    905
     128       0   -1047       9       0                               0D    906
     128    3957                                                00010000D    907
     128       0   -1047      11       0                               0D    908
     128    3968                                                00010000D    909
     128       0             382       0                               0D    910
     128    4350                                                00010000D    911
     128       0   -1047      26       0                               0D    912
     128    4376                                                00010000D    913
     128       0   -1047      35       0                               0D    914
     128    4411                                                00010000D    915
     128       0   -1047       9       0                               0D    916
     128    4420                                                00010000D    917
     128       0   -1047      35       0                               0D    918
     128    4455                                                00010000D    919
     128       0   -1047      10       0                               0D    920
     128    4465                                                00010000D    921
     128       0   -1047       9       0                               0D    922
     128    4474                                                00010000D    923
     128       0   -1047      44       0                               0D    924
     128    4518                                                00010000D    925
     128       0   -1047       7       0                               0D    926
     128    4525                                                00010000D    927
     128       0   -1047      44       0                               0D    928
     128    4569                                                00010000D    929
     128       0   -1047       9       0                               0D    930
     128    4578                                                00010000D    931
     128       0   -1047       7       0                               0D    932
     128    4585                                                00010000D    933
     128       0   -1047      11       0                               0D    934
     128    4596                                                00010000D    935
     128       0   -1047      11       0                               0D    936
     128    4607                                                00010000D    937
     128       0             224       0                               0D    938
     128    4831                                                00010000D    939
     128       0   -1047       7       0                               0D    940
     128    4838                                                00010000D    941
     128       0   -1047       8       0                               0D    942
     128    4846                                                00010000D    943
     128       0   -1047     218       0                               0D    944
     128    5064                                                00010000D    945
     128       0   -1047      26       0                               0D    946
     128    5090                                                00010000D    947
     128       0   -1047      26       0                               0D    948
     128    5116                                                00010000D    949
     128       0   -1047     126       0                               0D    950
     128    5242                                                00010000D    951
     128       0   -1047       8       0                               0D    952
     128    5250                                                00010000D    953
     128       0   -1047       9       0                               0D    954
     128    5259                                                00010000D    955
     128       0   -1047       9       0                               0D    956
     128    5268                                                00010000D    957
     128       0   -1047       9       0                               0D    958
     128    5277                                                00010000D    959
     128       0   -1047       9       0                               0D    960
     128    5286                                                00010000D    961
     128       0   -1047       9       0                               0D    962
     128    5295                                                00010000D    963
     128       0   -1047       9       0                               0D    964
     128    5304                                                00010000D    965
     128       0   -1047      27       0                               0D    966
     128    5331                                                00010000D    967
     128       0   -1047       9       0                               0D    968
     128    5340                                                00010000D    969
     128       0   -1047       9       0                               0D    970
     128    5349                                                00010000D    971
     128       0   -1047       9       0                               0D    972
     128    5358                                                00010000D    973
     128       0   -1047       9       0                               0D    974
     128    5367                                                00010000D    975
     128       0   -1047       7       0                               0D    976
     128    5374                                                00010000D    977
     128       0   -1047       9       0                               0D    978
     128    5383                                                00010000D    979
     128       0             273       0                               0D    980
     128    5656                                                00010000D    981
     128       0   -1047       9       0                               0D    982
     128    5665                                                00010000D    983
     128       0   -1047       7       0                               0D    984
     128    5672                                                00010000D    985
     128       0   -1047       9       0                               0D    986
     128    5681                                                00010000D    987
     128       0   -1047       9       0                               0D    988
     128    5690                                                00010000D    989
     128       0   -1047       9       0                               0D    990
     128    5699                                                00010000D    991
     128       0   -1047       9       0                               0D    992
     128    5708                                                00010000D    993
     128       0   -1047       9       0                               0D    994
     128    5717                                                00010000D    995
     128       0   -1047      57       0                               0D    996
     128    5774                                                00010000D    997
     128       0   -1047      25       0                               0D    998
     128    5799                                                00010000D    999
     128       0   -1047      25       0                               0D   1000
     128    5824                                                00010000D   1001
     128       0   -1047      31       0                               0D   1002
     128    5855                                                00010000D   1003
     128       0   -1047      26       0                               0D   1004
     128    5881                                                00010000D   1005
     128       0   -1047      30       0                               0D   1006
     128    5911                                                00010000D   1007
     128       0   -1047       9       0                               0D   1008
     128    5920                                                00010000D   1009
     128       0   -1047       9       0                               0D   1010
     128    5929                                                00010000D   1011
     128       0   -1047       7       0                               0D   1012
     128    5936                                                00010000D   1013
     128       0   -1047       8       0                               0D   1014
     128    5944                                                00010000D   1015
     128       0             327       0                               0D   1016
     128    6271                                                00010000D   1017
     128       0   -1047       9       0                               0D   1018
     128    6280                                                00010000D   1019
     128       0   -1047       7       0                               0D   1020
     128    6287                                                00010000D   1021
     128       0   -1047       9       0                               0D   1022
     128    6296                                                00010000D   1023
     128       0   -1047       8       0                               0D   1024
     128    6304                                                00010000D   1025
     128       0   -1047       7       0                               0D   1026
     128    6311                                                00010000D   1027
     128       0   -1047       8       0                               0D   1028
     128    6319                                                00010000D   1029
     128       0             382       0                               0D   1030
     128    6701                                                00010000D   1031
     128       0             327       0                               0D   1032
     128    7028                                                00010000D   1033
     128       0   -1047       8       0                               0D   1034
     128    7036                                                00010000D   1035
     128       0   -1047      25       0                               0D   1036
     128    7061                                                00010000D   1037
     128       0             450       0                               0D   1038
     128    7511                                                00010000D   1039
     128       0   -1047       9       0                               0D   1040
     502    7520                                                00010000D   1041
     502                     141       1                               0D   1042
     504    7661                                                00010001D   1043
     504                      85       1                               0D   1044
     406    7746                                                00000000D   1045
     406                       1      15                               0D   1046
     314    7747                                                00000200D   1047
     314                       1       0                               0D   1048
     314    7748                                                00000200D   1049
     314                       2       0                               0D   1050
186,3,1,0,0,1,1045;                                                    1P      1
514,86,23,1,25,1,27,1,29,1,31,1,33,1,35,1,37,1,39,1,41,1,43,1,         3P      2
45,1,47,1,49,1,51,1,53,1,55,1,57,1,59,1,61,1,63,1,65,1,67,1,69,        3P      3
1,71,1,73,1,75,1,77,1,79,1,81,1,83,1,85,1,87,1,89,1,91,1,93,1,         3P      4
95,1,97,1,99,1,101,1,103,1,105,1,107,1,109,1,111,1,113,1,115,1,        3P      5
117,1,119,1,121,1,123,1,125,1,127,1,129,1,131,1,133,1,135,1,137,       3P      6
1,139,1,141,1,143,1,145,1,147,1,149,1,151,1,153,1,155,1,157,1,         3P      7
159,1,161,1,163,1,165,1,167,1,169,1,171,1,173,1,175,1,177,1,179,       3P      8
1,181,1,183,1,185,1,187,1,189,1,191,1,193,1;                           3P      9
140,0.,0.,0.,-0.3,871;                                                 5P     10
140,0.,0.,0.,-0.3,899;                                                 7P     11
140,0.,0.,0.,-0.3,909;                                                 9P     12
140,0.,0.,0.,0.4,937;                                                 11P     13
140,0.,0.,0.,-0.3,979;                                                13P     14
140,0.,0.,0.,-0.3,1015;                                               15P     15
140,0.,0.,0.,-0.3,1029;                                               17P     16
140,0.,0.,0.,-0.3,1031;                                               19P     17
140,0.,0.,0.,-0.3,1037;                                               21P     18
510,869,1,1,195;                                                      23P     19
510,5,1,1,197;                                                        25P     20
510,873,1,1,199;                                                      27P     21
510,875,1,1,201;                                                      29P     22
510,877,1,1,203;                                                      31P     23
510,879,1,1,205;                                                      33P     24
510,881,1,1,207;                                                      35P     25
510,883,1,1,209;                                                      37P     26
510,885,1,1,211;                                                      39P     27
510,887,1,1,213;                                                      41P     28
510,889,1,1,215;                                                      43P     29
510,891,1,1,217;                                                      45P     30
510,893,1,1,219;                                                      47P     31
510,895,1,1,221;                                                      49P     32
510,897,1,1,223;                                                      51P     33
510,7,1,1,225;                                                        53P     34
510,901,1,1,227;                                                      55P     35
510,903,1,1,229;                                                      57P     36
510,905,1,1,231;                                                      59P     37
510,907,1,1,233;                                                      61P     38
510,9,1,1,235;                                                        63P     39
510,911,1,1,237;                                                      65P     40
510,913,1,1,239;                                                      67P     41
510,915,1,1,241;                                                      69P     42
510,917,1,1,243;                                                      71P     43
510,919,1,1,245;                                                      73P     44
510,921,1,1,247;                                                      75P     45
510,923,1,1,249;                                                      77P     46
510,925,1,1,251;                                                      79P     47
510,927,1,1,253;                                                      81P     48
510,929,1,1,255;                                                      83P     49
510,931,1,1,257;                                                      85P     50
510,933,1,1,259;                                                      87P     51
510,935,1,1,261;                                                      89P     52
510,11,1,1,263;                                                       91P     53
510,939,1,1,265;                                                      93P     54
510,941,1,1,267;                                                      95P     55
510,943,1,1,269;                                                      97P     56
510,945,1,1,271;                                                      99P     57
510,947,1,1,273;                                                     101P     58
510,949,1,1,275;                                                     103P     59
510,951,1,1,277;                                                     105P     60
510,953,1,1,279;                                                     107P     61
510,955,1,1,281;                                                     109P     62
510,957,1,1,283;                                                     111P     63
510,959,1,1,285;                                                     113P     64
510,961,1,1,287;                                                     115P     65
510,963,1,1,289;                                                     117P     66
510,965,1,1,291;                                                     119P     67
510,967,1,1,293;                                                     121P     68
510,969,1,1,295;                                                     123P     69
510,971,1,1,297;                                                     125P     70
510,973,1,1,299;                                                     127P     71
510,975,1,1,301;                                                     129P     72
510,977,1,1,303;                                                     131P     73
510,13,1,1,305;                                                      133P     74
510,981,1,1,307;                                                     135P     75
510,983,1,1,309;                                                     137P     76
510,985,1,1,311;                                                     139P     77
510,987,1,1,313;                                                     141P     78
510,989,1,1,315;                                                     143P     79
510,991,1,1,317;                                                     145P     80
510,993,1,1,319;                                                     147P     81
510,995,1,1,321;                                                     149P     82
510,997,1,1,323;                                                     151P     83
510,999,1,1,325;                                                     153P     84
510,1001,1,1,327;                                                    155P     85
510,1003,1,1,329;                                                    157P     86
510,1005,1,1,331;                                                    159P     87
510,1007,1,1,333;                                                    161P     88
510,1009,1,1,335;                                                    163P     89
510,1011,1,1,337;                                                    165P     90
510,1013,1,1,339;                                                    167P     91
510,15,1,1,341;                                                      169P     92
510,1017,1,1,343;                                                    171P     93
510,1019,1,1,345;                                                    173P     94
510,1021,1,1,347;                                                    175P     95
510,1023,1,1,349;                                                    177P     96
510,1025,1,1,351;                                                    179P     97
510,1027,1,1,353;                                                    181P     98
510,17,1,1,355;                                                      183P     99
510,19,1,1,357;                                                      185P    100
510,1033,1,1,359;                                                    187P    101
510,1035,1,1,361;                                                    189P    102
510,21,1,1,363;                                                      191P    103
510,1039,2,1,365,367;                                                193P    104
508,5,0,1043,1,0,0,0,1043,2,1,0,0,1043,3,0,0,0,1043,4,0,0,0,         195P    105
1043,2,0,0;                                                          195P    106
508,6,0,1043,5,0,0,0,1043,6,0,0,0,1043,7,0,0,0,1043,8,0,0,0,         197P    107
1043,9,1,0,0,1043,10,1,0;                                            197P    108
508,4,0,1043,11,1,0,0,1043,12,1,0,0,1043,13,1,0,0,1043,14,1,0;       199P    109
508,8,0,1043,13,0,0,0,1043,15,0,0,0,1043,16,1,0,0,1043,17,0,0,0,     201P    110
1043,18,0,0,0,1043,19,0,0,0,1043,20,0,0,0,1043,21,1,0;               201P    111
508,4,0,1043,12,0,0,0,1043,22,1,0,0,1043,23,0,0,0,1043,15,1,0;       203P    112
508,4,0,1043,24,1,0,0,1043,25,1,0,0,1043,26,1,0,0,1043,27,1,0;       205P    113
508,8,0,1043,24,0,0,0,1043,28,1,0,0,1043,29,0,0,0,1043,30,0,0,0,     207P    114
1043,31,0,0,0,1043,32,0,0,0,1043,33,0,0,0,1043,34,0,0;               207P    115
508,4,0,1043,27,0,0,0,1043,35,0,0,0,1043,36,0,0,0,1043,28,0,0;       209P    116
508,4,0,1043,25,0,0,0,1043,34,1,0,0,1043,37,0,0,0,1043,38,1,0;       211P    117
508,10,0,1043,17,1,0,0,1043,39,0,0,0,1043,32,1,0,0,1043,40,0,0,      213P    118
0,1043,41,1,0,0,1043,42,1,0,0,1043,43,1,0,0,1043,44,0,0,0,1043,      213P    119
45,0,0,0,1043,46,0,0;                                                213P    120
508,6,0,1043,47,1,0,0,1043,48,0,0,0,1043,49,0,0,0,1043,50,0,0,0,     215P    121
1043,51,1,0,0,1043,52,0,0;                                           215P    122
508,8,0,1043,26,0,0,0,1043,38,0,0,0,1043,53,1,0,0,1043,47,0,0,0,     217P    123
1043,54,0,0,0,1043,55,0,0,0,1043,56,0,0,0,1043,35,1,0;               217P    124
508,12,0,1043,29,1,0,0,1043,36,1,0,0,1043,56,1,0,0,1043,57,1,0,      219P    125
0,1043,58,0,0,0,1043,59,1,0,0,1043,60,0,0,0,1043,61,0,0,0,1043,      219P    126
62,0,0,0,1043,63,0,0,0,1043,64,0,0,0,1043,65,1,0;                    219P    127
508,7,0,1043,54,1,0,0,1043,52,1,0,0,1043,66,1,0,0,1043,67,1,0,0,     221P    128
1043,68,1,0,0,1043,58,1,0,0,1043,69,1,0;                             221P    129
508,7,0,1043,31,1,0,0,1043,70,1,0,0,1043,64,1,0,0,1043,71,1,0,0,     223P    130
1043,72,1,0,0,1043,73,1,0,0,1043,40,1,0;                             223P    131
508,3,0,1043,55,1,0,0,1043,69,0,0,0,1043,57,0,0;                     225P    132
508,8,0,1043,11,0,0,0,1043,74,1,0,0,1043,75,0,0,0,1043,76,1,0,0,     227P    133
1043,77,0,0,0,1043,78,0,0,0,1043,79,0,0,0,1043,22,0,0;               227P    134
508,4,0,1043,14,0,0,0,1043,21,0,0,0,1043,80,0,0,0,1043,74,0,0;       229P    135
508,11,0,1043,75,1,0,0,1043,80,1,0,0,1043,20,1,0,0,1043,81,0,0,      231P    136
0,1043,82,0,0,0,1043,83,1,0,0,1043,84,0,0,0,1043,85,0,0,0,1043,      231P    137
86,0,0,0,1043,87,0,0,0,1043,88,0,0;                                  231P    138
508,9,0,1043,89,0,0,0,1043,78,1,0,0,1043,90,0,0,0,1043,91,0,0,0,     233P    139
1043,92,0,0,0,1043,93,0,0,0,1043,94,1,0,0,1043,95,0,0,0,1043,96,     233P    140
0,0;                                                                 233P    141
508,5,0,1043,19,1,0,0,1043,97,0,0,0,1043,98,0,0,0,1043,99,0,0,0,     235P    142
1043,81,1,0;                                                         235P    143
508,4,0,1043,77,1,0,0,1043,100,1,0,0,1043,101,0,0,0,1043,90,1,0;     237P    144
508,4,0,1043,102,1,0,0,1043,103,1,0,0,1043,104,1,0,0,1043,105,1,     239P    145
0;                                                                   239P    146
508,7,0,1043,105,0,0,0,1043,106,0,0,0,1043,94,0,0,0,1043,107,0,      241P    147
0,0,1043,108,0,0,0,1043,109,1,0,0,1043,110,1,0;                      241P    148
508,4,0,1043,111,1,0,0,1043,112,1,0,0,1043,113,1,0,0,1043,114,1,     243P    149
0;                                                                   243P    150
508,4,0,1043,103,0,0,0,1043,115,1,0,0,1043,114,0,0,0,1043,116,1,     245P    151
0;                                                                   245P    152
508,7,0,1043,112,0,0,0,1043,117,0,0,0,1043,118,1,0,0,1043,119,1,     247P    153
0,0,1043,66,0,0,0,1043,51,0,0,0,1043,120,0,0;                        247P    154
508,4,0,1043,121,1,0,0,1043,96,1,0,0,1043,122,1,0,0,1043,123,1,      249P    155
0;                                                                   249P    156
508,27,0,1043,121,0,0,0,1043,124,1,0,0,1043,125,1,0,0,1043,126,      251P    157
0,0,0,1043,127,0,0,0,1043,128,1,0,0,1043,129,1,0,0,1043,130,0,0,     251P    158
0,1043,131,1,0,0,1043,132,1,0,0,1043,133,1,0,0,1043,134,1,0,0,       251P    159
1043,135,0,0,0,1043,136,0,0,0,1043,137,1,0,0,1043,138,1,0,0,         251P    160
1043,139,1,0,0,1043,140,0,0,0,1043,48,1,0,0,1043,53,0,0,0,1043,      251P    161
37,1,0,0,1043,33,1,0,0,1043,39,1,0,0,1043,16,0,0,0,1043,23,1,0,      251P    162
0,1043,79,1,0,0,1043,89,1,0;                                         251P    163
508,4,0,1043,140,1,0,0,1043,141,1,0,0,1043,142,1,0,0,1043,49,1,      253P    164
0;                                                                   253P    165
508,12,0,1043,120,1,0,0,1043,50,1,0,0,1043,142,0,0,0,1043,143,0,     255P    166
0,0,1043,144,0,0,0,1043,145,0,0,0,1043,122,0,0,0,1043,95,1,0,0,      255P    167
1043,106,1,0,0,1043,104,0,0,0,1043,116,0,0,0,1043,113,0,0;           255P    168
508,6,0,1043,102,0,0,0,1043,110,0,0,0,1043,146,1,0,0,1043,117,1,     257P    169
0,0,1043,111,0,0,0,1043,115,0,0;                                     257P    170
508,4,0,1043,123,0,0,0,1043,145,1,0,0,1043,147,0,0,0,1043,124,0,     259P    171
0;                                                                   259P    172
508,4,0,1043,141,0,0,0,1043,139,0,0,0,1043,148,0,0,0,1043,143,1,     261P    173
0;                                                                   261P    174
508,4,0,1043,149,0,0,0,1043,150,0,0,0,1043,151,0,0,0,1043,152,0,     263P    175
0;                                                                   263P    176
508,4,0,1043,153,0,0,0,1043,154,1,0,0,1043,155,1,0,0,1043,156,1,     265P    177
0;                                                                   265P    178
508,4,0,1043,157,0,0,0,1043,158,1,0,0,1043,159,1,0,0,1043,160,1,     267P    179
0;                                                                   267P    180
508,5,0,1043,161,0,0,0,1043,150,1,0,0,1043,162,0,0,0,1043,163,1,     269P    181
0,0,1043,164,1,0;                                                    269P    182
508,4,0,1043,161,1,0,0,1043,165,1,0,0,1043,166,0,0,0,1043,151,1,     271P    183
0;                                                                   271P    184
508,4,0,1043,166,1,0,0,1043,167,1,0,0,1043,168,0,0,0,1043,152,1,     273P    185
0;                                                                   273P    186
508,4,0,1043,168,1,0,0,1043,169,1,0,0,1043,162,1,0,0,1043,149,1,     275P    187
0;                                                                   275P    188
508,4,0,1043,170,0,0,0,1043,171,1,0,0,1043,172,1,0,0,1043,173,1,     277P    189
0;                                                                   277P    190
508,4,0,1043,174,0,0,0,1043,132,0,0,0,1043,175,1,0,0,1043,158,0,     279P    191
0;                                                                   279P    192
508,4,0,1043,131,0,0,0,1043,176,1,0,0,1043,159,0,0,0,1043,175,0,     281P    193
0;                                                                   281P    194
508,4,0,1043,177,0,0,0,1043,160,0,0,0,1043,176,0,0,0,1043,130,1,     283P    195
0;                                                                   283P    196
508,4,0,1043,178,0,0,0,1043,128,0,0,0,1043,179,1,0,0,1043,154,0,     285P    197
0;                                                                   285P    198
508,4,0,1043,127,1,0,0,1043,180,1,0,0,1043,155,0,0,0,1043,179,0,     287P    199
0;                                                                   287P    200
508,4,0,1043,181,0,0,0,1043,156,0,0,0,1043,180,0,0,0,1043,126,1,     289P    201
0;                                                                   289P    202
508,24,0,1043,169,0,0,0,1043,167,0,0,0,1043,165,0,0,0,1043,164,      291P    203
0,0,0,1043,182,1,0,0,1043,133,0,0,0,1043,174,1,0,0,1043,157,1,0,     291P    204
0,1043,177,1,0,0,1043,129,0,0,0,1043,178,1,0,0,1043,153,1,0,0,       291P    205
1043,181,1,0,0,1043,125,0,0,0,1043,147,1,0,0,1043,144,1,0,0,         291P    206
1043,148,1,0,0,1043,138,0,0,0,1043,183,1,0,0,1043,170,1,0,0,         291P    207
1043,184,1,0,0,1043,134,0,0,0,1043,182,0,0,0,1043,163,0,0;           291P    208
508,4,0,1043,183,0,0,0,1043,137,0,0,0,1043,185,1,0,0,1043,171,0,     293P    209
0;                                                                   293P    210
508,4,0,1043,136,1,0,0,1043,186,1,0,0,1043,172,0,0,0,1043,185,0,     295P    211
0;                                                                   295P    212
508,4,0,1043,184,0,0,0,1043,173,0,0,0,1043,186,0,0,0,1043,135,1,     297P    213
0;                                                                   297P    214
508,4,0,1043,86,1,0,0,1043,187,1,0,0,1043,188,1,0,0,1043,189,1,      299P    215
0;                                                                   299P    216
508,4,0,1043,187,0,0,0,1043,85,1,0,0,1043,190,0,0,0,1043,191,1,      301P    217
0;                                                                   301P    218
508,4,0,1043,192,1,0,0,1043,190,1,0,0,1043,84,1,0,0,1043,193,1,      303P    219
0;                                                                   303P    220
508,3,0,1043,30,1,0,0,1043,65,0,0,0,1043,70,0,0;                     305P    221
508,4,0,1043,194,1,0,0,1043,195,1,0,0,1043,60,1,0,0,1043,196,1,      307P    222
0;                                                                   307P    223
508,4,0,1043,197,0,0,0,1043,61,1,0,0,1043,195,0,0,0,1043,198,1,      309P    224
0;                                                                   309P    225
508,4,0,1043,62,1,0,0,1043,197,1,0,0,1043,199,1,0,0,1043,200,1,      311P    226
0;                                                                   311P    227
508,5,0,1043,200,0,0,0,1043,201,0,0,0,1043,202,1,0,0,1043,71,0,      313P    228
0,0,1043,63,1,0;                                                     313P    229
508,5,0,1043,193,0,0,0,1043,83,0,0,0,1043,203,0,0,0,1043,7,1,0,      315P    230
0,1043,204,1,0;                                                      315P    231
508,10,0,1043,188,0,0,0,1043,191,0,0,0,1043,192,0,0,0,1043,204,      317P    232
0,0,0,1043,6,1,0,0,1043,205,0,0,0,1043,206,0,0,0,1043,207,0,0,0,     317P    233
1043,208,0,0,0,1043,209,1,0;                                         317P    234
508,4,0,1043,87,1,0,0,1043,189,0,0,0,1043,209,0,0,0,1043,210,0,      319P    235
0;                                                                   319P    236
508,7,0,1043,203,1,0,0,1043,82,1,0,0,1043,99,1,0,0,1043,211,1,0,     321P    237
0,1043,44,1,0,0,1043,212,1,0,0,1043,8,1,0;                           321P    238
508,4,0,1043,213,0,0,0,1043,45,1,0,0,1043,211,0,0,0,1043,98,1,0;     323P    239
508,4,0,1043,18,1,0,0,1043,46,1,0,0,1043,213,1,0,0,1043,97,1,0;      325P    240
508,4,0,1043,214,1,0,0,1043,215,0,0,0,1043,91,1,0,0,1043,101,1,      327P    241
0;                                                                   327P    242
508,4,0,1043,215,1,0,0,1043,216,1,0,0,1043,217,0,0,0,1043,92,1,      329P    243
0;                                                                   329P    244
508,4,0,1043,107,1,0,0,1043,93,1,0,0,1043,217,1,0,0,1043,218,1,      331P    245
0;                                                                   331P    246
508,5,0,1043,59,0,0,0,1043,68,0,0,0,1043,219,1,0,0,1043,220,1,0,     333P    247
0,1043,196,0,0;                                                      333P    248
508,10,0,1043,199,0,0,0,1043,198,0,0,0,1043,194,0,0,0,1043,220,      335P    249
0,0,0,1043,221,1,0,0,1043,222,0,0,0,1043,223,0,0,0,1043,224,0,0,     335P    250
0,1043,225,1,0,0,1043,201,1,0;                                       335P    251
508,4,0,1043,226,1,0,0,1043,227,0,0,0,1043,223,1,0,0,1043,228,0,     337P    252
0;                                                                   337P    253
508,4,0,1043,229,1,0,0,1043,230,1,0,0,1043,224,1,0,0,1043,227,1,     339P    254
0;                                                                   339P    255
508,6,0,1043,231,1,0,0,1043,232,0,0,0,1043,72,0,0,0,1043,202,0,      341P    256
0,0,1043,225,0,0,0,1043,230,0,0;                                     341P    257
508,5,0,1043,233,1,0,0,1043,234,1,0,0,1043,41,0,0,0,1043,73,0,0,     343P    258
0,1043,232,1,0;                                                      343P    259
508,4,0,1043,235,1,0,0,1043,236,0,0,0,1043,42,0,0,0,1043,234,0,      345P    260
0;                                                                   345P    261
508,5,0,1043,237,1,0,0,1043,9,0,0,0,1043,212,0,0,0,1043,43,0,0,      347P    262
0,1043,236,1,0;                                                      347P    263
508,4,0,1043,238,1,0,0,1043,239,1,0,0,1043,205,1,0,0,1043,5,1,0;     349P    264
508,5,0,1043,240,1,0,0,1043,241,1,0,0,1043,242,1,0,0,1043,206,1,     351P    265
0,0,1043,239,0,0;                                                    351P    266
508,4,0,1043,243,1,0,0,1043,244,0,0,0,1043,207,1,0,0,1043,242,0,     353P    267
0;                                                                   353P    268
508,11,0,1043,76,0,0,0,1043,88,1,0,0,1043,210,1,0,0,1043,208,1,      355P    269
0,0,1043,244,1,0,0,1043,245,1,0,0,1043,108,1,0,0,1043,218,0,0,0,     355P    270
1043,216,0,0,0,1043,214,0,0,0,1043,100,0,0;                          355P    271
508,6,0,1043,246,1,0,0,1043,247,1,0,0,1043,221,0,0,0,1043,219,0,     357P    272
0,0,1043,67,0,0,0,1043,119,0,0;                                      357P    273
508,4,0,1043,248,1,0,0,1043,228,1,0,0,1043,222,1,0,0,1043,247,0,     359P    274
0;                                                                   359P    275
508,20,0,1043,10,0,0,0,1043,237,0,0,0,1043,235,0,0,0,1043,233,0,     361P    276
0,0,1043,231,0,0,0,1043,229,0,0,0,1043,226,0,0,0,1043,248,0,0,0,     361P    277
1043,246,0,0,0,1043,118,0,0,0,1043,146,0,0,0,1043,109,0,0,0,         361P    278
1043,245,0,0,0,1043,243,0,0,0,1043,241,0,0,0,1043,249,1,0,0,         361P    279
1043,250,1,0,0,1043,249,0,0,0,1043,240,0,0,0,1043,238,0,0;           361P    280
508,2,0,1043,3,1,0,0,1043,4,1,0;                                     363P    281
508,1,0,1043,250,0,0;                                                365P    282
508,1,0,1043,1,1,0;                                                  367P    283
126,8,2,0,1,0,0,-3.14159265358979,-3.14159265358979,                 369P    284
-3.14159265358979,-1.5707963267949,-1.5707963267949,0.,0.,           369P    285
1.5707963267949,1.5707963267949,3.14159265358979,                    369P    286
3.14159265358979,3.14159265358979,1.,0.707106781186545,1.,           369P    287
0.707106781186545,1.,0.707106781186545,1.,0.707106781186545,1.,      369P    288
-42.3704438741867,-25.117067,-3.5800000834465,-42.3704438741867,     369P    289
-26.6243981258133,-3.5800000834465,-43.877775,-26.6243981258133,     369P    290
-3.5800000834465,-45.3851061258133,-26.6243981258133,                369P    291
-3.5800000834465,-45.3851061258133,-25.117067,-3.5800000834465,      369P    292
-45.3851061258133,-23.6097358741867,-3.5800000834465,-43.877775,     369P    293
-23.6097358741867,-3.5800000834465,-42.3704438741867,                369P    294
-23.6097358741867,-3.5800000834465,-42.3704438741867,-25.117067,     369P    295
-3.5800000834465,-3.14159265358979,3.14159265358979,0.,0.,0.;        369P    296
126,1,1,0,0,1,0,-0.280042596212818,-0.280042596212818,               371P    297
7.47648802202717,7.47648802202717,1.,1.,-42.3704438741867,           371P    298
-25.117067,-3.5800000834465,-42.5734990615258,-25.117067,            371P    299
-15.2130239750324,-0.280042596212818,7.47648802202717,0.,0.,0.;      371P    300
126,7,3,0,0,1,0,-1.05193957316391,-1.05193957316391,                 373P    301
-1.05193957316391,-1.05193957316391,-1.04145273585229,               373P    302
-1.04145273585229,-0.999451609371087,-0.999451609371087,             373P    303
-0.974507110590386,-0.974507110590386,-0.974507110590386,            373P    304
-0.974507110590386,1.,1.,1.,1.,1.,1.,1.,1.,-42.7806179903743,        373P    305
-25.8161286240287,-15.4042328052816,-42.7635204836312,               373P    306
-25.7897901706837,-15.3889761577315,-42.7472051749865,               373P    307
-25.7625425592694,-15.3744062943516,-42.669916792369,                373P    308
-25.6216051495807,-15.3052932616132,-42.6232034985611,               373P    309
-25.496311722303,-15.2632841053318,-42.5814542636878,                373P    310
-25.2810330550452,-15.223560445689,-42.573535953231,                 373P    311
-25.1992772572291,-15.2151374994065,-42.5734990615258,               373P    312
-25.117067,-15.2130239750324,-1.05193957316391,                      373P    313
-0.974507110590386,0.,0.,0.;                                         373P    314
126,40,3,0,0,1,0,-0.974507110590386,-0.974507110590386,              375P    315
-0.974507110590386,-0.974507110590386,-0.960265766407079,            375P    316
-0.960265766407079,-0.917521495119923,-0.917521495119923,            375P    317
-0.917521495119923,-0.867931945492872,-0.867931945492872,            375P    318
-0.82390559854659,-0.82390559854659,-0.786988479317505,              375P    319
-0.786988479317505,-0.749604292530593,-0.749604292530593,            375P    320
-0.703886101530139,-0.703886101530139,-0.641508799415952,            375P    321
-0.641508799415952,-0.582267268835015,-0.582267268835015,            375P    322
-0.535894962554106,-0.535894962554106,-0.49629904296071,             375P    323
-0.49629904296071,-0.457601701192503,-0.457601701192503,             375P    324
-0.411371767270299,-0.411371767270299,-0.367790748549295,            375P    325
-0.367790748549295,-0.331487292377465,-0.331487292377465,            375P    326
-0.294108633290164,-0.294108633290164,-0.246385994353917,            375P    327
-0.246385994353917,-0.177451103611941,-0.177451103611941,            375P    328
-0.134418078043989,-0.134418078043989,-0.134418078043989,            375P    329
-0.134418078043989,1.,1.,1.,1.,1.,1.,1.,1.,1.,1.,1.,1.,1.,1.,1.,     375P    330
1.,1.,1.,1.,1.,1.,1.,1.,1.,1.,1.,1.,1.,1.,1.,1.,1.,1.,1.,1.,1.,      375P    331
1.,1.,1.,1.,1.,-42.5734990615258,-25.117067,-15.2130239750324,       375P    332
-42.5734779992678,-25.0701314179749,-15.2118173190752,               375P    333
-42.5760258467617,-25.023047728278,-15.2126662984568,                375P    334
-42.5967006572739,-24.8348627248336,-15.2242330176116,               375P    335
-42.6351716118453,-24.6999086926986,-15.2508887751772,               375P    336
-42.6925686032121,-24.5758996955667,-15.2912392658781,               375P    337
-42.7591574317525,-24.4320312862501,-15.3380516830941,               375P    338
-42.8495160665693,-24.30637647867,-15.4020501536972,                 375P    339
-43.0483804464483,-24.1092764276682,-15.5417762920504,               375P    340
-43.1532879130861,-24.0336803949126,-15.6151279143684,               375P    341
-43.3575993551715,-23.9267254865757,-15.7575113527414,               375P    342
-43.4551839244866,-23.8901665151766,-15.8253637413352,               375P    343
-43.6554739995496,-23.8409695624712,-15.9648453258793,               375P    344
-43.7582696522969,-23.8286254864641,-16.0365435677323,               375P    345
-43.9862595743862,-23.8284233546194,-16.1966913599438,               375P    346
-44.1113518695042,-23.8466381058028,-16.2852966340129,               375P    347
-44.3967853984594,-23.9323257575367,-16.4916903946874,               375P    348
-44.5530747851261,-24.0152507416004,-16.6082454211543,               375P    349
-44.8193642905561,-24.2390708071657,-16.8198551003152,               375P    350
-44.9307762018692,-24.376537834317,-16.9153841230876,                375P    351
-45.0751110249582,-24.6647519623375,-17.0578511255616,               375P    352
-45.1191318832752,-24.8049713927391,-17.1101829836563,               375P    353
-45.1536947700455,-25.0810259770748,-17.1778047135366,               375P    354
-45.1507280798097,-25.2117557869346,-17.1966544347821,               375P    355
-45.1045633572515,-25.4681613021473,-17.2038658593565,               375P    356
-45.063099319342,-25.5894566393364,-17.1927467321351,                375P    357
-44.9363475566193,-25.8360214932772,-17.1361721448797,               375P    358
-44.8470934340545,-25.9519019420918,-17.0857456616816,               375P    359
-44.6496627811337,-26.1389086339301,-16.9591542477625,               375P    360
-44.5444427809416,-26.2107629623875,-16.8856785650349,               375P    361
-44.3450756089944,-26.3105041086424,-16.7381876598083,               375P    362
-44.2518028653745,-26.3438346598558,-16.6661797428379,               375P    363
-44.0620002280455,-26.38916008064,-16.5151842645438,                 375P    364
-43.9648227594662,-26.4006485086052,-16.435558450289,                375P    365
-43.7460413567867,-26.4022996357044,-16.2526811038708,               375P    366
-43.6238218260967,-26.3856904057481,-16.1479092731448,               375P    367
-43.3352918067662,-26.3033499399297,-15.897221485485,                375P    368
-43.1699833124439,-26.2180607892281,-15.7507104346838,               375P    369
-42.9340757513024,-26.0169868245278,-15.5410366656318,               375P    370
-42.8507780799192,-25.9242091923199,-15.4668388784567,               375P    371
-42.7806179903743,-25.8161286240287,-15.4042328052816,               375P    372
-0.974507110590386,-0.134418078043989,0.,0.,0.;                      375P    373
126,3,3,0,0,1,0,0.155462140242868,0.155462140242868,                 377P    374
0.155462140242868,0.155462140242868,0.26289448776803,                377P    375
0.26289448776803,0.26289448776803,0.26289448776803,1.,1.,1.,1.,      377P    376
-40.349356270102,-24.4515340081693,-13.4833787506083,                377P    377
-40.6330624747674,-24.4478237906011,-13.6959369727308,               377P    378
-40.9120199943622,-24.4441032538109,-13.909086382687,                377P    379
-41.1849104489751,-24.4404341776918,-14.1192876127719,               377P    380
0.155462140242868,0.26289448776803,0.,0.,0.;                         377P    381
126,3,3,0,0,1,0,0.0668091889713089,0.0668091889713089,               379P    382
0.0668091889713089,0.0668091889713089,0.352263736016422,             379P    383
0.352263736016422,0.352263736016422,0.352263736016422,1.,1.,1.,      379P    384
1.,-40.352824286424,-21.792017713576,-13.6820612689317,              379P    385
-40.3518552270172,-22.7240141658703,-13.6265438926982,               379P    386
-40.3506330359014,-23.6152425312122,-13.556524610569,                379P    387
-40.3493562701674,-24.451534008176,-13.4833787506566,                379P    388
0.0668091889713089,0.352263736016422,0.,0.,0.;                       379P    389
126,3,3,0,0,1,0,0.0976235131596428,0.0976235131596428,               381P    390
0.0976235131596428,0.0976235131596428,0.279659079575437,             381P    391
0.279659079575437,0.279659079575437,0.279659079575437,1.,1.,1.,      381P    392
1.,-38.8167443457938,-21.8080562470628,-12.7632143008585,            381P    393
-39.3312077962082,-21.802963773921,-13.054961891758,                 381P    394
-39.8330355090532,-21.7976775145329,-13.3578114892764,               381P    395
-40.352824286424,-21.792017713576,-13.6820612689317,                 381P    396
0.0976235131596428,0.279659079575437,0.,0.,0.;                       381P    397
126,6,3,0,0,1,0,-0.7526886618994,-0.7526886618994,                   383P    398
-0.7526886618994,-0.7526886618994,-0.29955475312981,                 383P    399
-0.29955475312981,-0.29955475312981,-0.199692910487951,              383P    400
-0.199692910487951,-0.199692910487951,-0.199692910487951,1.,1.,      383P    401
1.,1.,1.,1.,1.,-43.081888110559,-19.3291139120103,                   383P    402
-15.2223524049023,-41.7060198938289,-19.462295110816,                383P    403
-14.5323610642693,-40.3923492244815,-20.0844584730316,               383P    404
-13.817670165353,-39.4138667899666,-21.0901115656168,                383P    405
-13.176229040373,-39.1982284168229,-21.3117378198884,                383P    406
-13.0348679737057,-38.9981273210009,-21.5517342390325,               383P    407
-12.8969171200264,-38.8167637945348,-21.8080847089504,               383P    408
-12.7631809442737,-0.7526886618994,-0.199692910487951,0.,0.,0.;      383P    409
126,6,3,0,0,1,0,-0.399310005466349,-0.399310005466349,               385P    410
-0.399310005466349,-0.399310005466349,-0.109861050841186,            385P    411
-0.109861050841186,-0.109861050841186,-0.0689958789693033,           385P    412
-0.0689958789693033,-0.0689958789693033,-0.0689958789693033,1.,      385P    413
1.,1.,1.,1.,1.,1.,-43.0818881101174,-19.3291139109842,               385P    414
-15.22235240534,-43.0808040086442,-20.0774016342099,                 385P    415
-15.2844605371474,-43.0794297216985,-21.0399180123129,               385P    416
-15.3631933835341,-43.0782472351079,-22.0190461363708,               385P    417
-15.4309379949382,-43.0780802885117,-22.1572820444121,               385P    418
-15.4405023590313,-43.0779166903501,-22.2955477468395,               385P    419
-15.4498748914284,-43.0777563231438,-22.4338350879129,               385P    420
-15.4590623225238,-0.399310005466349,-0.0689958789693033,0.,0.,      385P    421
0.;                                                                  385P    422
126,9,3,0,0,1,0,-1.99592779378732,-1.99592779378732,                 387P    423
-1.99592779378732,-1.99592779378732,-1.90493942012874,               387P    424
-1.90493942012874,-1.79346917150287,-1.79346917150287,               387P    425
-1.68726094144949,-1.68726094144949,-1.67537615397677,               387P    426
-1.67537615397677,-1.67537615397677,-1.67537615397677,1.,1.,1.,      387P    427
1.,1.,1.,1.,1.,1.,1.,-43.0777563231425,-22.4338350879133,            387P    428
-15.4590623225229,-42.8303738753344,-22.5104637197846,               387P    429
-15.3014754783336,-42.592193001201,-22.6217712439574,                387P    430
-15.1469643601191,-42.0999152692062,-22.944188193949,                387P    431
-14.8179578888326,-41.8552011836264,-23.1716576926983,               387P    432
-14.6471968212657,-41.4615070753747,-23.7035114358211,               387P    433
-14.3554384657368,-41.3099101545469,-24.0022727672487,               387P    434
-14.2332920002399,-41.2040163714271,-24.3663627547152,               387P    435
-14.1371802612469,-41.1940907170688,-24.4032755944279,               387P    436
-14.1279845370763,-41.1849104489744,-24.4404341776918,               387P    437
-14.1192876127714,-1.99592779378732,-1.67537615397677,0.,0.,0.;      387P    438
126,2,2,0,0,0,0,0.,0.,0.,0.44263337520382,0.44263337520382,          389P    439
0.44263337520382,1.,1.03377723426762,1.05113183877209,               389P    440
-38.6801190899952,-25.4861540130384,3.5,-38.026002229199,            389P    441
-25.5051737077498,2.41036241975461,-37.1796707766378,                389P    442
-25.5297916753589,0.999999999999979,0.,0.44263337520382,0.,0.,       389P    443
0.;                                                                  389P    444
126,2,2,0,0,0,0,-0.0624706165485273,-0.0624706165485273,             391P    445
-0.0624706165485273,0.0624706165485273,0.0624706165485273,           391P    446
0.0624706165485273,1.,0.998049345540132,1.,-37.1796707766378,        391P    447
-25.5297916753589,1.,-37.1538540189929,-25.117067,1.,                391P    448
-37.1796707766378,-24.7043423246411,1.,-0.0624706165485273,          391P    449
0.0624706165485273,0.,0.,0.;                                         391P    450
126,2,2,0,0,0,0,1.40117623350265,1.40117623350265,                   393P    451
1.40117623350265,1.84590580020357,1.84590580020357,                  393P    452
1.84590580020357,1.05171116938007,1.03406207770716,1.,               393P    453
-37.1796707766378,-24.7043423246411,0.999999999999979,               393P    454
-38.0260022290771,-24.7289602922467,2.4103624195514,                 393P    455
-38.6801190899953,-24.7479799869617,3.50000000000009,                393P    456
1.40117623350265,1.84590580020357,0.,0.,0.;                          393P    457
126,2,2,0,0,0,0,-0.0722771590692078,-0.0722771590692078,             395P    458
-0.0722771590692078,0.0722771590692078,0.0722771590692078,           395P    459
0.0722771590692078,1.,0.997389143025062,1.,-38.6801190899952,        395P    460
-24.7479799869617,3.5,-38.6533959792952,-25.117067,3.5,              395P    461
-38.6801190899952,-25.4861540130384,3.5,-0.0722771590692078,         395P    462
0.0722771590692078,0.,0.,0.;                                         395P    463
126,2,2,0,0,0,0,-1.6449115007728,-1.6449115007728,                   397P    464
-1.6449115007728,-1.63326694334342,-1.63326694334342,                397P    465
-1.63326694334342,1.,0.999983050583165,1.,-37.1849239964953,         397P    466
-24.627540038957,-3.40000000000018,-37.1820738018835,                397P    467
-24.6659258887712,-1.20087613698058,-37.1796707766378,               397P    468
-24.7043423246411,1.00000000000071,-1.6449115007728,                 397P    469
-1.63326694334342,0.,0.,0.;                                          397P    470
126,1,1,0,0,1,0,0.516383105772976,0.516383105772976,                 399P    471
0.52435860110344,0.52435860110344,1.,1.,-37.1849239964953,           399P    472
-24.627540038957,-3.4,-37.1051690431907,-24.627540038957,-3.4,       399P    473
0.516383105772976,0.52435860110344,0.,0.,0.;                         399P    474
126,2,2,0,0,0,0,10432.6625359873,10432.6625359873,                   401P    475
10432.6625359873,10441.5466529089,10441.5466529089,                  401P    476
10441.5466529089,1.,1.,1.,-37.245675009358,-24.4983392698267,        401P    477
-10.801907102061,-37.1754220262838,-24.562252267621,                 401P    478
-7.14033391071268,-37.1051690432095,-24.6275400388446,               401P    479
-3.40000000235591,10432.6625359873,10441.5466529089,0.,0.,0.;        401P    480
126,7,3,0,0,1,0,-0.10940133342977,-0.10940133342977,                 403P    481
-0.10940133342977,-0.10940133342977,-0.0771415934299358,             403P    482
-0.0771415934299358,-0.043665360868792,-0.043665360868792,0.,0.,     403P    483
0.,0.,1.,1.,1.,1.,1.,1.,1.,1.,-37.76338369459,-24.4824645817525,     403P    484
-11.7113673768059,-37.6715554007833,-24.4834386856432,               403P    485
-11.6555610022839,-37.5888481582545,-24.4846564318215,               403P    486
-11.585796369029,-37.444231588009,-24.4875281625125,                 403P    487
-11.4212750279324,-37.3839206804262,-24.4891828757432,               403P    488
-11.3264765718522,-37.2802598285093,-24.4932898218669,               403P    489
-11.0911897860086,-37.2484667762128,-24.4957995184413,               403P    490
-10.9474093655587,-37.2456750886853,-24.4983392699053,               403P    491
-10.8019071016323,-0.10940133342977,0.,0.,0.,0.;                     403P    492
126,3,3,0,0,1,0,-0.132938667128676,-0.132938667128676,               405P    493
-0.132938667128676,-0.132938667128676,-0.0186289399445307,           405P    494
-0.0186289399445307,-0.0186289399445307,-0.0186289399445307,1.,      405P    495
1.,1.,1.,-38.7264144701393,-24.471716666531,-12.3271150274612,       405P    496
-38.4102840120105,-24.4754108272625,-12.1154767008909,               405P    497
-38.0891173335485,-24.4790092370899,-11.9093239399477,               405P    498
-37.7633836901745,-24.4824645817994,-11.7113673741225,               405P    499
-0.132938667128676,-0.0186289399445307,0.,0.,0.;                     405P    500
126,1,1,0,0,1,0,-0.640554002121827,-0.640554002121827,               407P    501
0.942639646594872,0.942639646594872,1.,1.,-39.0026777906368,         407P    502
-24.7479799869617,3.5,-38.7264144702078,-24.4717166665327,           407P    503
-12.3271150273592,-0.640554002121827,0.942639646594872,0.,0.,0.;     407P    504
126,1,1,0,0,1,0,0.338763892665305,0.338763892665305,                 409P    505
0.371019762729458,0.371019762729458,1.,1.,-39.0026777906368,         409P    506
-24.7479799869617,3.5,-38.6801190899952,-24.7479799869617,3.5,       409P    507
0.338763892665305,0.371019762729458,0.,0.,0.;                        409P    508
126,2,2,0,0,0,0,-1.50832571024637,-1.50832571024637,                 411P    509
-1.50832571024637,-1.496681152817,-1.496681152817,                   411P    510
-1.496681152817,1.,0.999983050583165,1.,-37.1796707766378,           411P    511
-25.5297916753589,1.00000000000059,-37.1820738018835,                411P    512
-25.5682081112289,-1.20087613698058,-37.1849239964953,               411P    513
-25.6065939610431,-3.40000000000007,-1.50832571024637,               411P    514
-1.496681152817,0.,0.,0.;                                            411P    515
126,2,2,0,0,0,0,-0.0741151739779003,-0.0741151739779003,             413P    516
-0.0741151739779003,0.0741151739779002,0.0741151739779002,           413P    517
0.0741151739779002,1.,0.997254727500447,1.,-37.1849239964954,        413P    518
-24.627540038957,-3.4,-37.1485760424068,-25.117067,-3.4,             413P    519
-37.1849239964954,-25.6065939610431,-3.4,-0.0741151739779003,        413P    520
0.0741151739779002,0.,0.,0.;                                         413P    521
126,2,2,0,0,0,0,0.,0.,0.,0.509422374720884,0.509422374720884,        415P    522
0.509422374720884,1.,1.04217442793221,1.06827751717993,              415P    523
-48.8754309100047,-24.7479799869617,3.50000000000009,                415P    524
-49.5295477709903,-24.7289602922447,2.41036241943872,                415P    525
-50.3758792233622,-24.7043423246411,0.999999999999979,0.,            415P    526
0.509422374720884,0.,0.,0.;                                          415P    527
126,2,2,0,0,0,0,-0.0624706165485273,-0.0624706165485273,             417P    528
-0.0624706165485273,0.0624706165485273,0.0624706165485273,           417P    529
0.0624706165485273,1.,0.998049345539103,1.,-50.3758792233622,        417P    530
-24.7043423246411,1.,-50.401695981007,-25.117067,1.,                 417P    531
-50.3758792233622,-25.5297916753589,1.,-0.0624706165485273,          417P    532
0.0624706165485273,0.,0.,0.;                                         417P    533
126,2,2,0,0,0,0,2.21483821412495,2.21483821412495,                   419P    534
2.21483821412495,2.7282704129435,2.7282704129435,                    419P    535
2.7282704129435,1.06922735796206,1.04263764081946,1.,                419P    536
-50.3758792233622,-25.5297916753589,0.999999999999979,               419P    537
-49.5295477710236,-25.5051737077563,2.41036241938324,                419P    538
-48.8754309100047,-25.4861540130384,3.5,2.21483821412495,            419P    539
2.7282704129435,0.,0.,0.;                                            419P    540
126,2,2,0,0,0,0,-0.0722771590692079,-0.0722771590692079,             421P    541
-0.0722771590692079,0.0722771590692079,0.0722771590692079,           421P    542
0.0722771590692079,1.,0.997389143026388,1.,-48.8754309100047,        421P    543
-25.4861540130384,3.5,-48.9021540207047,-25.117067,3.5,              421P    544
-48.8754309100047,-24.7479799869617,3.5,-0.0722771590692079,         421P    545
0.0722771590692079,0.,0.,0.;                                         421P    546
126,1,1,0,0,1,0,-0.648511419271493,-0.648511419271493,               423P    547
-0.616255549207342,-0.616255549207342,1.,1.,-48.8754309100047,       423P    548
-24.7479799869617,3.5,-48.5528722093632,-24.7479799869617,3.5,       423P    549
-0.648511419271493,-0.616255549207342,0.,0.,0.;                      423P    550
126,1,1,0,0,1,0,-1.63026492392838,-1.63026492392838,                 425P    551
0.640801718950155,0.640801718950155,1.,1.,-48.9491676418175,         425P    552
-24.3516845545074,-19.2037501197487,-48.5528722093632,               425P    553
-24.7479799869617,3.5,-1.63026492392838,0.640801718950155,0.,0.,     425P    554
0.;                                                                  425P    555
126,3,3,0,0,1,0,-0.100177080201453,-0.100177080201453,               427P    556
-0.100177080201453,-0.100177080201453,-0.0595219984988685,           427P    557
-0.0595219984988685,-0.0595219984988685,-0.0595219984988685,1.,      427P    558
1.,1.,1.,-49.3195682530392,-24.3487601279881,-19.3712904068622,      427P    559
-49.1956459074614,-24.349717274178,-19.3164555383661,                427P    560
-49.0721786488365,-24.3506922399926,-19.2605997811332,               427P    561
-48.9491676418175,-24.3516845545097,-19.2037501197488,               427P    562
-0.100177080201453,-0.0595219984988685,0.,0.,0.;                     427P    563
126,72,3,0,0,1,0,-0.119708832068878,-0.119708832068878,              429P    564
-0.119708832068878,-0.119708832068878,-0.113915339468319,            429P    565
-0.113915339468319,-0.113915339468319,-0.107703229502359,            429P    566
-0.107703229502359,-0.107703229502359,-0.106449034056292,            429P    567
-0.106449034056292,-0.106449034056292,-0.0996946512980356,           429P    568
-0.0996946512980356,-0.0996946512980356,-0.092630092392128,          429P    569
-0.092630092392128,-0.092630092392128,-0.0921549772807259,           429P    570
-0.0921549772807259,-0.0921549772807259,-0.0866564148195542,         429P    571
-0.0866564148195542,-0.0866564148195542,-0.0797876715916259,         429P    572
-0.0797876715916259,-0.0797876715916259,-0.0727564863199061,         429P    573
-0.0727564863199061,-0.0727564863199061,-0.0693325110488904,         429P    574
-0.0693325110488904,-0.0693325110488904,-0.0685349726850392,         429P    575
-0.0685349726850392,-0.0685349726850392,-0.0615798307980061,         429P    576
-0.0615798307980061,-0.0615798307980061,-0.0544735460790056,         429P    577
-0.0544735460790056,-0.0544735460790056,-0.047480871062877,          429P    578
-0.047480871062877,-0.047480871062877,-0.0465782755545708,           429P    579
-0.0465782755545708,-0.0465782755545708,-0.0394554539686608,         429P    580
-0.0394554539686608,-0.0394554539686608,-0.0330507507176633,         429P    581
-0.0330507507176633,-0.0330507507176633,-0.0323326323827508,         429P    582
-0.0323326323827508,-0.0323326323827508,-0.0252434854248299,         429P    583
-0.0252434854248299,-0.0252434854248299,-0.0236541711455826,         429P    584
-0.0236541711455826,-0.0236541711455826,-0.017093616392799,          429P    585
-0.017093616392799,-0.017093616392799,-0.0108524478571733,           429P    586
-0.0108524478571733,-0.0108524478571733,-0.00517215665831638,        429P    587
-0.00517215665831638,-0.00517215665831638,0.,0.,0.,0.,1.,1.,1.,      429P    588
1.,1.,1.,1.,1.,1.,1.,1.,1.,1.,1.,1.,1.,1.,1.,1.,1.,1.,1.,1.,1.,      429P    589
1.,1.,1.,1.,1.,1.,1.,1.,1.,1.,1.,1.,1.,1.,1.,1.,1.,1.,1.,1.,1.,      429P    590
1.,1.,1.,1.,1.,1.,1.,1.,1.,1.,1.,1.,1.,1.,1.,1.,1.,1.,1.,1.,1.,      429P    591
1.,1.,1.,1.,1.,1.,1.,-50.1542897559824,-24.3585192373242,            429P    592
-18.8136601447463,-50.1539055814977,-24.3581814199315,               429P    593
-18.8329649816765,-50.1526352216466,-24.3578303745254,               429P    594
-18.8522959057781,-50.1505263747532,-24.3574826074518,               429P    595
-18.8715340624345,-50.1482651500125,-24.3571097119546,               429P    596
-18.8921623005168,-50.1450403807187,-24.3567402989502,               429P    597
-18.9126845059849,-50.1408836331571,-24.3563801726202,               429P    598
-18.9330046281719,-50.1400444056014,-24.3563074648276,               429P    599
-18.9371071641621,-50.139167091663,-24.3562350996143,                429P    600
-18.9412015983189,-50.138251800708,-24.3561630759373,                429P    601
-18.9452873302564,-50.1333225646272,-24.3557751974099,               429P    602
-18.9672907567878,-50.1273067499062,-24.3553995135209,               429P    603
-18.988985394821,-50.1202225506641,-24.35503447027,                  429P    604
-19.0102799577152,-50.1128130293743,-24.3546526634281,               429P    605
-19.0325524138857,-50.104235338334,-24.3542820165377,                429P    606
-19.0543883715228,-50.094466408575,-24.3539149129884,                429P    607
-19.075716160787,-50.0938094155181,-24.3538902240523,                429P    608
-19.0771505256365,-50.0931470166722,-24.3538655506823,               429P    609
-19.0785825998311,-50.0924791972269,-24.3538408905128,               429P    610
-19.0800123645384,-50.0847504450892,-24.3535554955024,               429P    611
-19.0965591978415,-50.076322878149,-24.3532737392432,                429P    612
-19.1127412677558,-50.067183866512,-24.3529911058852,                429P    613
-19.128529253988,-50.0557675145593,-24.3526380434298,                429P    614
-19.1482514312444,-50.0432434380488,-24.3522832951284,               429P    615
-19.1673585069437,-50.0296945248935,-24.3519389258905,               429P    616
-19.1857102884471,-50.0158251873067,-24.3515864125073,               429P    617
-19.2044960796077,-50.0008814605006,-24.3512442756785,               429P    618
-19.2224920001153,-49.9849003110419,-24.3509347549569,               429P    619
-19.2395432906185,-49.9771179730102,-24.350784027696,                429P    620
-19.2478467550794,-49.9690888965044,-24.3506412207414,               429P    621
-19.2559259955816,-49.960813583644,-24.3505102326676,                429P    622
-19.2637610426197,-49.9588860348281,-24.3504797219291,               429P    623
-19.2655860413715,-49.9569466111,-24.3504498832077,                  429P    624
-19.2673963692261,-49.9549953616248,-24.350420754641,                429P    625
-19.2691918151318,-49.9379789802537,-24.3501667313568,               429P    626
-19.2848494707264,-49.9200665721189,-24.3499651158558,               429P    627
-19.2993780956068,-49.9013869723992,-24.349778844663,                429P    628
-19.3127943633007,-49.8823014445694,-24.3495885255937,               429P    629
-19.3265021811494,-49.8624137085455,-24.349414170893,                429P    630
-19.3390493227019,-49.8418303846474,-24.349236886561,                429P    631
-19.3504138574312,-49.8215761307775,-24.3490624365118,               429P    632
-19.3615967048985,-49.8006469417397,-24.3488851788824,               429P    633
-19.371634806881,-49.7791354500285,-24.3487068779688,                429P    634
-19.3804628893775,-49.7763588050749,-24.3486838633709,               429P    635
-19.3816023943008,-49.7735724629831,-24.3486608585512,               429P    636
-19.3827216732113,-49.7707766307817,-24.3486378915885,               429P    637
-19.3838205256976,-49.7487133546283,-24.3484566480791,               429P    638
-19.3924921068616,-49.7262367644695,-24.3482763018183,               429P    639
-19.3998260608797,-49.7034527046879,-24.3481128997022,               429P    640
-19.4057591339321,-49.6829657192996,-24.3479659716834,               429P    641
-19.4110940383387,-49.6622291074995,-24.3478330072928,               429P    642
-19.4152959299775,-49.6413319938717,-24.347741650825,                429P    643
-19.4182749895153,-49.638988934427,-24.3477314076097,                429P    644
-19.4186090123718,-49.6366438797238,-24.3477217034598,               429P    645
-19.4189276152752,-49.6342969743258,-24.3477125895237,               429P    646
-19.4192306353685,-49.6111287074067,-24.3476226182345,               429P    647
-19.422222000257,-49.5877769166861,-24.3475893804528,                429P    648
-19.4236973684039,-49.564301577641,-24.347596757296,                 429P    649
-19.4237088321705,-49.5590386466035,-24.3475984111088,               429P    650
-19.4237114022298,-49.5537696727019,-24.3476021394535,               429P    651
-19.4236402783754,-49.5484956487956,-24.3476078077012,               429P    652
-19.4234958662816,-49.5267249247438,-24.3476312057475,               429P    653
-19.4228997453877,-49.5050274406637,-24.3476854188171,               429P    654
-19.4210610441103,-49.483457659,-24.3477635241317,                   429P    655
-19.4180461234323,-49.462937954842,-24.3478378270603,                429P    656
-19.4151779775541,-49.4425330738673,-24.3479342029648,               429P    657
-19.4112443714442,-49.4223310225648,-24.348048649279,                429P    658
-19.4062853530648,-49.4039444762704,-24.3481528106051,               429P    659
-19.4017719885731,-49.3857257346143,-24.3482722354582,               429P    660
-19.3964085455355,-49.3677818846425,-24.3484005805522,               429P    661
-19.3902219688525,-49.3514432146944,-24.3485174444434,               429P    662
-19.3845888168426,-49.3353324023465,-24.3486418769728,               429P    663
-19.3782728143318,-49.3195673100441,-24.348763159491,                429P    664
-19.3712985138598,-0.119708832068878,0.,0.,0.,0.;                    429P    665
126,2,2,0,0,0,0,9597.736057293,9597.736057293,9597.736057293,        431P    666
9616.45672534098,9616.45672534098,9616.45672534098,1.,1.,1.,         431P    667
-50.4503809568085,-24.6275400388614,-3.40000000139217,               431P    668
-50.3023434211563,-24.4899652294048,-11.2816555565191,               431P    669
-50.1543058855041,-24.3584948522769,-18.8135884177558,               431P    670
9597.736057293,9616.45672534098,0.,0.,0.;                            431P    671
126,1,1,0,0,1,0,0.802187094927959,0.802187094927959,                 433P    672
0.810162582494947,0.810162582494947,1.,1.,-50.3706260035047,         433P    673
-24.627540038957,-3.4,-50.4503808791745,-24.627540038957,-3.4,       433P    674
0.802187094927959,0.810162582494947,0.,0.,0.;                        433P    675
126,2,2,0,0,0,0,1.63326694334342,1.63326694334342,                   435P    676
1.63326694334342,1.6449115007728,1.6449115007728,                    435P    677
1.6449115007728,1.,0.999983050583165,1.,-50.3758792233621,           435P    678
-24.7043423246411,0.999999999998591,-50.3734761981164,               435P    679
-24.6659258887711,-1.20087613698167,-50.3706260035046,               435P    680
-24.627540038957,-3.40000000000025,1.63326694334342,                 435P    681
1.6449115007728,0.,0.,0.;                                            435P    682
126,1,1,0,0,1,0,0.119797307741246,0.119797307741246,                 437P    683
0.152053177805398,0.152053177805398,1.,1.,-48.5528722093632,         437P    684
-25.4861540130384,3.5,-48.8754309100047,-25.4861540130384,3.5,       437P    685
0.119797307741246,0.152053177805398,0.,0.,0.;                        437P    686
126,1,1,0,0,1,0,0.113091298696163,0.113091298696163,                 439P    687
0.186908701303837,0.186908701303837,1.,1.,-48.5528722093632,         439P    688
-24.7479799869617,3.5,-48.5528722093632,-25.4861540130384,3.5,       439P    689
0.113091298696163,0.186908701303837,0.,0.,0.;                        439P    690
126,2,2,0,0,0,0,3.06747747961189,3.06747747961189,                   441P    691
3.06747747961189,3.21570782756769,3.21570782756769,                  441P    692
3.21570782756769,1.,0.997254727500447,1.,-50.3706260035046,          441P    693
-25.6065939610431,-3.4,-50.4069739575932,-25.117067,-3.4,            441P    694
-50.3706260035046,-24.627540038957,-3.4,3.06747747961189,            441P    695
3.21570782756769,0.,0.,0.;                                           441P    696
126,2,2,0,0,0,0,1.496681152817,1.496681152817,1.496681152817,        443P    697
1.50832571024637,1.50832571024637,1.50832571024637,1.,               443P    698
0.999983050583165,1.,-50.3706260035046,-25.6065939610431,            443P    699
-3.40000000000006,-50.3734761981164,-25.5682081112289,               443P    700
-1.20087613698056,-50.3758792233622,-25.5297916753589,               443P    701
1.00000000000063,1.496681152817,1.50832571024637,0.,0.,0.;           443P    702
126,4,2,0,0,0,0,-3.06836016447924,-3.06836016447924,                 445P    703
-3.06836016447924,-1.57079632637746,-1.57079632637746,               445P    704
-0.0732324882756911,-0.0732324882756911,-0.0732324882756911,1.,      445P    705
0.732518617045188,1.,0.732518617045187,1.,-50.4503808791745,         445P    706
-24.627540038957,-3.4,-49.9954518144952,-18.4265284641934,-3.4,      445P    707
-43.7777749972071,-18.4265284667889,-3.4,-37.5600981799191,          445P    708
-18.4265284693844,-3.4,-37.1051691204167,-24.6275400445277,-3.4,     445P    709
-3.06836016447924,-0.0732324882756911,0.,0.,0.;                      445P    710
126,6,3,0,0,1,0,0.861205128581125,0.861205128581125,                 447P    711
0.861205128581125,0.861205128581125,1.20428178648848,                447P    712
1.20428178648848,1.20428178648848,1.71972372511717,                  447P    713
1.71972372511717,1.71972372511717,1.71972372511717,1.,1.,1.,1.,      447P    714
1.,1.,1.,-44.4709192308593,-18.6672841710124,-15.0652256263861,      447P    715
-45.6200051955572,-18.7999239156061,-15.5864252362503,               447P    716
-46.7294302585028,-19.2476088799782,-16.1048948279918,               447P    717
-47.6455683285469,-19.9428256347908,-16.6205204713168,               447P    718
-49.02198369226,-20.9873265170529,-17.3952018000416,                 447P    719
-49.9539944709099,-22.5874534855988,-18.1974864289062,               447P    720
-50.1542897559877,-24.3585192373705,-18.8136601447624,               447P    721
0.861205128581125,1.71972372511717,0.,0.,0.;                         447P    722
126,2,2,0,0,0,0,0.131644559234179,0.131644559234179,                 449P    723
0.131644559234179,1.23641049835227,1.23641049835227,                 449P    724
1.23641049835227,1.,1.,1.,-44.4709192309989,-18.6672841709419,       449P    725
-15.0652256260962,-44.3759052784683,-18.5615121751812,               449P    726
-9.62187993123051,-44.277775,-18.4557401796492,-4.,                  449P    727
0.131644559234179,1.23641049835227,0.,0.,0.;                         449P    728
126,2,2,0,0,0,0,-1.64571595937307,-1.64571595937307,                 451P    729
-1.64571595937307,-1.49587669421673,-1.49587669421673,               451P    730
-1.49587669421673,1.,0.997194836799257,1.,-44.277775,                451P    731
-18.4557401796492,-4.,-43.777775,-18.4182101189357,-4.,              451P    732
-43.277775,-18.4557401796492,-4.,-1.64571595937307,                  451P    733
-1.49587669421673,0.,0.,0.;                                          451P    734
126,2,2,0,0,0,0,0.,0.,0.,1.04243499747198,1.04243499747198,          453P    735
1.04243499747198,1.,1.,1.,-43.277775,-18.4557401796492,-4.,          453P    736
-43.1853045165178,-18.5554116333396,-9.29763045069775,               453P    737
-43.0956012497826,-18.6550830870109,-14.4367271601124,0.,            453P    738
1.04243499747198,0.,0.,0.;                                           453P    739
126,9,3,0,0,1,0,0.,0.,0.,0.,0.172047793700916,0.172047793700916,     455P    740
0.172047793700916,0.299554753129808,0.299554753129808,               455P    741
0.299554753129808,0.724783194136886,0.724783194136886,               455P    742
0.724783194136886,0.724783194136886,1.,1.,1.,1.,1.,1.,1.,1.,1.,      455P    743
1.,-37.5494345881565,-23.077346572604,-11.2320439354047,             455P    744
-37.7481866710494,-22.4820893687877,-11.4395427608912,               455P    745
-38.0291085359037,-21.9273955457997,-11.667397486991,                455P    746
-38.3746533987123,-21.4286164522229,-11.9066719445647,               455P    747
-38.6307413952813,-21.0589644835424,-12.0840014987422,               455P    748
-38.922138903059,-20.7203843376582,-12.2680141617622,                455P    749
-39.2409163256506,-20.4170457042554,-12.4571577358421,               455P    750
-40.3040208577017,-19.4054286540426,-13.0879407730407,               455P    751
-41.6734580863146,-18.7943383206471,-13.7750118964474,               455P    752
-43.0956220662996,-18.6551514404264,-14.4366919644572,0.,            455P    753
0.724783194136886,0.,0.,0.;                                          455P    754
126,3,3,0,0,1,0,4.008739896198,4.008739896198,4.008739896198,        457P    755
4.008739896198,4.10810049365299,4.10810049365299,                    457P    756
4.10810049365299,4.10810049365299,1.,1.,1.,1.,-37.2903010323588,     457P    757
-24.1463884110417,-10.8962964960641,-37.3471758056283,               457P    758
-23.7784087932553,-10.9992108502447,-37.4346517985789,               457P    759
-23.4211179755282,-11.1122097496355,-37.5494345881565,               457P    760
-23.077346572604,-11.2320439354047,4.008739896198,                   457P    761
4.10810049365299,0.,0.,0.;                                           457P    762
126,3,3,0,0,1,0,3.97733886983371,3.97733886983371,                   459P    763
3.97733886983371,3.97733886983371,4.008739896198,4.008739896198,     459P    764
4.008739896198,4.008739896198,1.,1.,1.,1.,-37.2456750886853,         459P    765
-24.4983392699056,-10.8019071016322,-37.2574134263738,               459P    766
-24.3800310713189,-10.8322526408132,-37.2723272501866,               459P    767
-24.2626778119048,-10.8637653317368,-37.2903010323588,               459P    768
-24.1463884110417,-10.8962964960641,3.97733886983371,                459P    769
4.008739896198,0.,0.,0.;                                             459P    770
126,2,2,0,0,0,0,10422.2547956283,10422.2547956283,                   461P    771
10422.2547956283,10441.5466530792,10441.5466530792,                  461P    772
10441.5466530792,1.,1.,1.,-50.145272292437,-25.8836560939277,        461P    773
-19.2728789576884,-50.2978266258545,-25.7483663384519,               461P    774
-11.5221340574416,-50.450380959272,-25.6065939611493,                461P    775
-3.40000000147372,10422.2547956283,10441.5466530792,0.,0.,0.;        461P    776
126,2,2,0,0,0,0,1.86514890795454,1.86514890795454,                   463P    777
1.86514890795454,3.06836016533957,3.06836016533957,                  463P    778
3.06836016533957,1.,0.824427945267597,1.,-45.7188362973221,          463P    779
-31.5198466232903,-3.4,-50.1143223211398,-30.1873147690441,-3.4,     463P    780
-50.4503808795957,-25.6065939553024,-3.4,1.86514890795454,           463P    781
3.06836016533957,0.,0.,0.;                                           463P    782
126,3,3,0,0,1,0,-0.0490339485847443,-0.0490339485847443,             465P    783
-0.0490339485847443,-0.0490339485847443,0.226037507911087,           465P    784
0.226037507911087,0.226037507911087,0.226037507911087,1.,1.,1.,      465P    785
1.,-45.6674443176705,-31.4851474840315,-6.15000002379705,            465P    786
-45.6848474014068,-31.4966733047487,-5.23333620094101,               465P    787
-45.7019715299522,-31.5082396383738,-4.31667276664789,               465P    788
-45.7188362973235,-31.5198466232906,-3.39999999997787,               465P    789
-0.0490339485847443,0.226037507911087,0.,0.,0.;                      465P    790
126,2,2,0,0,0,0,1.65180705734531,1.65180705734531,                   467P    791
1.65180705734531,1.85926035680253,1.85926035680253,                  467P    792
1.85926035680253,1.,0.994625212703887,1.,-44.3153033900108,          467P    793
-31.7378194052157,-6.15000002384186,-45.0045254606406,               467P    794
-31.6818625581217,-6.15000002384186,-45.6674443176702,               467P    795
-31.4851474840307,-6.15000002384186,1.65180705734531,                467P    796
1.85926035680253,0.,0.,0.;                                           467P    797
126,2,2,0,0,0,0,9601.01472462159,9601.01472462159,                   469P    798
9601.01472462159,9613.3790071732,9613.3790071732,                    469P    799
9613.3790071732,1.,1.,1.,-44.3153033901572,-31.7378194833808,        469P    800
-6.1500000291602,-44.4054601659232,-31.640046374304,                 469P    801
-11.3150782535503,-44.492954130085,-31.5422732652272,                469P    802
-16.3276041032998,9601.01472462159,9613.3790071732,0.,0.,0.;         469P    803
126,15,3,0,0,1,0,1.86500696173632,1.86500696173632,                  471P    804
1.86500696173632,1.86500696173632,2.0548986210006,                   471P    805
2.0548986210006,2.0548986210006,2.20927843963678,                    471P    806
2.20927843963678,2.20927843963678,2.36365825827297,                  471P    807
2.36365825827297,2.36365825827297,2.56949801645455,                  471P    808
2.56949801645455,2.56949801645455,2.7541969541518,                   471P    809
2.7541969541518,2.7541969541518,2.7541969541518,1.,1.,1.,1.,1.,      471P    810
1.,1.,1.,1.,1.,1.,1.,1.,1.,1.,1.,-50.1452722067415,                  471P    811
-25.8836561089978,-19.2728789518019,-50.061549567573,                471P    812
-26.5547220344396,-19.4396697820606,-49.8684615438345,               471P    813
-27.2299269070266,-19.5554145948493,-49.5692718233516,               471P    814
-27.8605737049567,-19.5759134977564,-49.326033889864,                471P    815
-28.3732825762423,-19.5925788790865,-49.013187999954,                471P    816
-28.8541540037129,-19.5442022453558,-48.6588757298873,               471P    817
-29.2737545733091,-19.4223925902681,-48.3045634598206,               471P    818
-29.6933551429053,-19.3005829351804,-47.9087848095972,               471P    819
-30.0516848546271,-19.1053402587357,-47.5066156074908,               471P    820
-30.3444649557959,-18.8586005119367,-46.9703900046822,               471P    821
-30.7348384240209,-18.5296141828714,-46.4228034207481,               471P    822
-31.0086792512629,-18.1090775065098,-45.8922818983443,               471P    823
-31.2017345958641,-17.6481954770174,-45.4162477129219,               471P    824
-31.3749621461665,-17.234648444107,-44.950760884358,                 471P    825
-31.4832420664137,-16.7872900782059,-44.492954130454,                471P    826
-31.5422731845801,-16.3276041001877,1.86500696173632,                471P    827
2.7541969541518,0.,0.,0.;                                            471P    828
126,1,1,0,0,1,0,0.305728853461863,0.305728853461863,                 473P    829
0.313704349038749,0.313704349038749,1.,1.,-50.3706260035047,         473P    830
-25.6065939610431,-3.4,-50.4503809592735,-25.6065939610431,-3.4,     473P    831
0.305728853461863,0.313704349038749,0.,0.,0.;                        473P    832
126,78,3,0,0,1,0,-0.123090829449762,-0.123090829449762,              475P    833
-0.123090829449762,-0.123090829449762,-0.117648164672152,            475P    834
-0.117648164672152,-0.117648164672152,-0.111791251730015,            475P    835
-0.111791251730015,-0.111791251730015,-0.11110024808193,             475P    836
-0.11110024808193,-0.11110024808193,-0.107771749685302,              475P    837
-0.107771749685302,-0.107771749685302,-0.101882811472759,            475P    838
-0.101882811472759,-0.101882811472759,-0.0978944701816323,           475P    839
-0.0978944701816323,-0.0978944701816323,-0.0913722608525517,         475P    840
-0.0913722608525517,-0.0913722608525517,-0.0905621351259959,         475P    841
-0.0905621351259959,-0.0905621351259959,-0.0842219313118324,         475P    842
-0.0842219313118324,-0.0842219313118324,-0.0775498383919001,         475P    843
-0.0775498383919001,-0.0775498383919001,-0.0751156972808555,         475P    844
-0.0751156972808555,-0.0751156972808555,-0.0718705544514599,         475P    845
-0.0718705544514599,-0.0718705544514599,-0.0649835719595817,         475P    846
-0.0649835719595817,-0.0649835719595817,-0.0579791945560625,         475P    847
-0.0579791945560625,-0.0579791945560625,-0.0525178389235026,         475P    848
-0.0525178389235026,-0.0525178389235026,-0.0504461435962006,         475P    849
-0.0504461435962006,-0.0504461435962006,-0.0434283884988068,         475P    850
-0.0434283884988068,-0.0434283884988068,-0.0365267916090901,         475P    851
-0.0365267916090901,-0.0365267916090901,-0.0300866454235078,         475P    852
-0.0300866454235078,-0.0300866454235078,-0.0251736964556495,         475P    853
-0.0251736964556495,-0.0251736964556495,-0.024493621219771,          475P    854
-0.024493621219771,-0.024493621219771,-0.0180191910528714,           475P    855
-0.0180191910528714,-0.0180191910528714,-0.0118179092187943,         475P    856
-0.0118179092187943,-0.0118179092187943,-0.00590895460939716,        475P    857
-0.00590895460939716,-0.00590895460939716,-0.000494727738653162,     475P    858
-0.000494727738653162,-0.000494727738653162,0.,0.,0.,0.,1.,1.,       475P    859
1.,1.,1.,1.,1.,1.,1.,1.,1.,1.,1.,1.,1.,1.,1.,1.,1.,1.,1.,1.,1.,      475P    860
1.,1.,1.,1.,1.,1.,1.,1.,1.,1.,1.,1.,1.,1.,1.,1.,1.,1.,1.,1.,1.,      475P    861
1.,1.,1.,1.,1.,1.,1.,1.,1.,1.,1.,1.,1.,1.,1.,1.,1.,1.,1.,1.,1.,      475P    862
1.,1.,1.,1.,1.,1.,1.,1.,1.,1.,1.,1.,1.,1.,-49.2774151994573,         475P    863
-25.8935496877828,-19.8334176784783,-49.293665237142,                475P    864
-25.8936854726496,-19.84143168102,-49.3102901461967,                 475P    865
-25.8938091194043,-19.8486595426525,-49.3272050656123,               475P    866
-25.8939168776031,-19.8550718417725,-49.3454074011389,               475P    867
-25.8940328374159,-19.8619721891646,-49.3639457147034,               475P    868
-25.8941301478462,-19.8679292464845,-49.3827701404123,               475P    869
-25.8942110490256,-19.8729230632644,-49.3849910624179,               475P    870
-25.8942205938166,-19.8735122380818,-49.3872160248811,               475P    871
-25.8942299201288,-19.8740880109348,-49.3894449909194,               475P    872
-25.8942390399093,-19.8746503512658,-49.4001817068621,               475P    873
-25.8942829690186,-19.877359090786,-49.4109902806064,                475P    874
-25.8943220466077,-19.8797509145584,-49.4218622644259,               475P    875
-25.8943569614567,-19.8818244869159,-49.4410974970539,               475P    876
-25.8944187344738,-19.8854931500898,-49.4605275460865,               475P    877
-25.894466582395,-19.8881664797686,-49.4800438384929,                475P    878
-25.8944927106465,-19.8898537755422,-49.4932614393651,               475P    879
-25.8945104062616,-19.8909965131906,-49.5065198970374,               475P    880
-25.8945184156523,-19.8916868531559,-49.5197978414801,               475P    881
-25.8945176250223,-19.8919239444107,-49.5415115131028,               475P    882
-25.8945163320902,-19.8923116641872,-49.563180427972,                475P    883
-25.8944938946816,-19.8914869511397,-49.5847124442391,               475P    884
-25.8944540426008,-19.8894559411173,-49.5873869429315,               475P    885
-25.894449092561,-19.8892036687066,-49.5900593867747,                475P    886
-25.8944438921586,-19.8889327594435,-49.5927296449724,               475P    887
-25.8944384639949,-19.8886432014495,-49.6136276126029,               475P    888
-25.8943959821142,-19.8863770634439,-49.6343889670481,               475P    889
-25.8943381649224,-19.8829720072519,-49.6549204315569,               475P    890
-25.8942555413676,-19.8784918713144,-49.6765266516406,               475P    891
-25.8941685927378,-19.8737772147915,-49.6978794865126,               475P    892
-25.894054269836,-19.8678723196533,-49.7188967105323,                475P    893
-25.8939192821561,-19.860804299323,-49.7265643029415,                475P    894
-25.8938700353807,-19.8582257143024,-49.7341873786747,               475P    895
-25.8938181946832,-19.8554918583754,-49.7417622636111,               475P    896
-25.8937645934399,-19.8526024539144,-49.7518609318531,               475P    897
-25.8936931334537,-19.8487503641052,-49.7618469598996,               475P    898
-25.893618358037,-19.8446320791898,-49.7717109132899,                475P    899
-25.8935411729157,-19.8402498336439,-49.7926446218726,               475P    900
-25.8933773673122,-19.8309496425781,-49.8130288905385,               475P    901
-25.893201801975,-19.8204642229733,-49.8327724608103,                475P    902
-25.8930035017808,-19.808904233541,-49.8528525782841,                475P    903
-25.8928018213786,-19.7971471935224,-49.8722713495301,               475P    904
-25.8925769624713,-19.7842779789576,-49.8909177693135,               475P    905
-25.8923288551685,-19.7703636926912,-49.9054564961475,               475P    906
-25.8921354043965,-19.7595146391214,-49.9195255934007,               475P    907
-25.8919280981104,-19.7480291530867,-49.9330579660893,               475P    908
-25.8917096570055,-19.7359226296583,-49.9381912983885,               475P    909
-25.8916267941694,-19.7313301750182,-49.9432472233354,               475P    910
-25.8915423461322,-19.7266482230791,-49.9482256925743,               475P    911
-25.8914565817702,-19.7218794098793,-49.9650899859952,               475P    912
-25.8911660596644,-19.7057253148728,-49.9809820056854,               475P    913
-25.8908581074717,-19.6886594307316,-49.9959082501896,               475P    914
-25.8905403444077,-19.6707880657406,-50.0105874348029,               475P    915
-25.8902278409727,-19.6532125084114,-50.0243328372821,               475P    916
-25.8899061924447,-19.6348565150743,-50.0371030637219,               475P    917
-25.8895788642784,-19.6158090841662,-50.049019454437,                475P    918
-25.8892734217447,-19.5980351919108,-50.060086616018,                475P    919
-25.8889632534699,-19.5796581816826,-50.0702284862061,               475P    920
-25.8886439941141,-19.5607569008966,-50.0779653432955,               475P    921
-25.8884004429776,-19.5463378139298,-50.0851629501408,               475P    922
-25.8881515026609,-19.531613605258,-50.0917692286656,                475P    923
-25.8878908739978,-19.516627732559,-50.0926837031402,                475P    924
-25.8878547964605,-19.5145533122919,-50.0935863757697,               475P    925
-25.8878184507546,-19.512474905292,-50.0944771377591,                475P    926
-25.887781830474,-19.5103926050903,-50.1029573411125,                475P    927
-25.8874331992691,-19.4905687583575,-50.1103613521862,               475P    928
-25.8870607089209,-19.4703900222412,-50.116719689213,                475P    929
-25.8866880562118,-19.4498854863186,-50.1228097757353,               475P    930
-25.886331125267,-19.4302460118236,-50.1279397236267,                475P    931
-25.8859741759785,-19.4103066445975,-50.1321068114431,               475P    932
-25.8856254568302,-19.3901246328017,-50.1360774635468,               475P    933
-25.885293176235,-19.3708939971334,-50.139173175015,                 475P    934
-25.8849684946477,-19.3514422000141,-50.1413751463982,               475P    935
-25.8846450726647,-19.3318612130047,-50.1433927575358,               475P    936
-25.8843487292154,-19.3139196458359,-50.1446594400524,               475P    937
-25.8840534663377,-19.2958692631406,-50.1451555342861,               475P    938
-25.8837419448516,-19.2778249926585,-50.1452008651495,               475P    939
-25.8837134794171,-19.2761761882503,-50.1452397615529,               475P    940
-25.8836848687385,-19.2745274700992,-50.1452722086528,               475P    941
-25.8836560936781,-19.2728789479943,-0.123090829449762,0.,0.,0.,     475P    942
0.;                                                                  475P    943
126,5,3,0,0,1,0,-0.0821829327580559,-0.0821829327580559,             477P    944
-0.0821829327580559,-0.0821829327580559,-0.0538768993524005,         477P    945
-0.0538768993524005,-0.0463469811453259,-0.0463469811453259,         477P    946
-0.0463469811453259,-0.0463469811453259,1.,1.,1.,1.,1.,1.,           477P    947
-48.9573487060837,-25.8906305097585,-19.6724429776356,               477P    948
-49.041324764581,-25.8913811199494,-19.7154454066739,                477P    949
-49.1255524766525,-25.8921231493542,-19.7579562428021,               477P    950
-49.232507716854,-25.8930515127831,-19.8111421480261,                477P    951
-49.2549987122738,-25.8932459588099,-19.8222819534404,               477P    952
-49.2775071134044,-25.8934397786473,-19.8333858844904,               477P    953
-0.0821829327580559,-0.0463469811453259,0.,0.,0.;                    477P    954
126,1,1,0,0,1,0,-0.644229865984287,-0.644229865984287,               479P    955
1.67372034060905,1.67372034060905,1.,1.,-48.5528722093632,           479P    956
-25.4861540130384,3.5,-48.9573487060833,-25.8906305097585,           479P    957
-19.6724429776364,-0.644229865984287,1.67372034060905,0.,0.,0.;      479P    958
126,3,3,0,0,1,0,0.603417510878079,0.603417510878079,                 481P    959
0.603417510878079,0.603417510878079,0.67538433831842,                481P    960
0.67538433831842,0.67538433831842,0.67538433831842,1.,1.,1.,1.,      481P    961
-48.9573487060833,-25.8906305097603,-19.6724429776359,               481P    962
-48.9592695774153,-26.2516142090056,-19.782489622545,                481P    963
-48.9613261045964,-26.6380871158298,-19.9003079858403,               481P    964
-48.9634786303603,-27.0437062827706,-20.0236261042666,               481P    965
0.603417510878079,0.67538433831842,0.,0.,0.;                         481P    966
126,7,3,0,0,1,0,-0.182718445395286,-0.182718445395286,               483P    967
-0.182718445395286,-0.182718445395286,-0.1216322018955,              483P    968
-0.1216322018955,-0.0347118014806174,-0.0347118014806174,0.,0.,      483P    969
0.,0.,1.,1.,1.,1.,1.,1.,1.,1.,-48.96239543823,-28.551725520241,      483P    970
-19.9615700686825,-48.9635023656199,-28.4403084646273,               483P    971
-20.0249858963789,-48.9643813457785,-28.3048692673351,               483P    972
-20.075342635939,-48.9656907519868,-27.9257976597399,                483P    973
-20.1503584673693,-48.9657551627719,-27.6667952395199,               483P    974
-20.1540485616918,-48.9645444194664,-27.2673625918528,               483P    975
-20.0846851241783,-48.96406609701,-27.1544077373296,                 483P    976
-20.0572820460857,-48.9634786303603,-27.0437062827712,               483P    977
-20.0236261042668,-0.182718445395286,0.,0.,0.,0.;                    483P    978
126,1,1,0,0,1,0,-1.81181834994741,-1.81181834994741,                 485P    979
0.579082012480263,0.579082012480263,1.,1.,-48.96239543823,           485P    980
-28.551725520241,-19.9615700686825,-48.5451893223045,                485P    981
-28.1345194043155,3.94015230480657,-1.81181834994741,                485P    982
0.579082012480263,0.,0.,0.;                                          485P    983
126,1,1,0,0,1,0,-0.0959129783898078,-0.0959129783898078,             487P    984
0.0467477868934858,0.0467477868934858,1.,1.,-48.5277369158666,       487P    985
-27.117067,4.94,-48.5451893223045,-28.1345194043155,                 487P    986
3.94015230480657,-0.0959129783898078,0.0467477868934858,0.,0.,       487P    987
0.;                                                                  487P    988
126,1,1,0,0,1,0,0.00371337088825152,0.00371337088825152,             489P    989
0.403713370888251,0.403713370888251,1.,1.,-48.5277369158666,         489P    990
-23.117067,4.94,-48.5277369158666,-27.117067,4.94,                   489P    991
0.00371337088825152,0.403713370888251,0.,0.,0.;                      489P    992
126,1,1,0,0,1,0,0.166752579131047,0.166752579131047,                 491P    993
0.309413344414341,0.309413344414341,1.,1.,-48.5451893223045,         491P    994
-22.0996145956845,3.94015230480657,-48.5277369158666,-23.117067,     491P    995
4.94,0.166752579131047,0.309413344414341,0.,0.,0.;                   491P    996
126,1,1,0,0,1,0,-1.62993996799788,-1.62993996799788,                 493P    997
0.583008206041417,0.583008206041417,1.,1.,-48.9313432277303,         493P    998
-21.7134606902588,-18.1825901206034,-48.5451893223045,               493P    999
-22.0996145956845,3.94015230480657,-1.62993996799788,                493P   1000
0.583008206041417,0.,0.,0.;                                          493P   1001
126,5,3,0,0,1,0,-0.125978843219833,-0.125978843219833,               495P   1002
-0.125978843219833,-0.125978843219833,-0.0882977528630978,           495P   1003
-0.0882977528630978,-0.0660266806858189,-0.0660266806858189,         495P   1004
-0.0660266806858189,-0.0660266806858189,1.,1.,1.,1.,1.,1.,           495P   1005
-48.9412079392623,-22.8453862752464,-18.7477390657698,               495P   1006
-48.9398281451268,-22.5830597961861,-18.66869071269,                 495P   1007
-48.9380061370784,-22.3223509066443,-18.5643079415041,               495P   1008
-48.9343010551551,-21.942943456131,-18.3520439402814,                495P   1009
-48.932841865017,-21.8195003668688,-18.2684469932577,                495P   1010
-48.9313432277303,-21.7134606902591,-18.182590120603,                495P   1011
-0.125978843219833,-0.0660266806858189,0.,0.,0.;                     495P   1012
126,3,3,0,0,1,0,0.346944157517788,0.346944157517788,                 497P   1013
0.346944157517788,0.346944157517788,0.488302539015412,               497P   1014
0.488302539015412,0.488302539015412,0.488302539015412,1.,1.,1.,      497P   1015
1.,-48.941207939261,-22.845386275002,-18.7477390656962,              497P   1016
-48.9435871790139,-23.2977273678985,-18.8840456198489,               497P   1017
-48.9461838532772,-23.7892214104706,-19.0328089887618,               497P   1018
-48.9491676418174,-24.3516845545099,-19.2037501197482,               497P   1019
0.346944157517788,0.488302539015412,0.,0.,0.;                        497P   1020
126,11,3,0,0,1,0,-0.131797457215811,-0.131797457215811,              499P   1021
-0.131797457215811,-0.131797457215811,-0.101713033959749,            499P   1022
-0.101713033959749,-0.0696616790299912,-0.0696616790299912,          499P   1023
-0.0412849006301812,-0.0412849006301812,-0.0189336951728465,         499P   1024
-0.0189336951728465,0.,0.,0.,0.,1.,1.,1.,1.,1.,1.,1.,1.,1.,1.,       499P   1025
1.,1.,-44.4929541299696,-31.5422731846425,-16.3276040997014,         499P   1026
-44.4949943842767,-31.5399932329758,-16.4444901906688,               499P   1027
-44.4970430161384,-31.5235735146298,-16.5618562314208,               499P   1028
-44.5011074832176,-31.4602162305223,-16.7947093944412,               499P   1029
-44.5031469367434,-31.4108018856847,-16.9115496023633,               499P   1030
-44.5065792283351,-31.2843238418902,-17.1081854559599,               499P   1031
-44.5079096623243,-31.2151261747004,-17.1844059744657,               499P   1032
-44.5097099836314,-31.0803051635356,-17.2875463130743,               499P   1033
-44.5103423439986,-31.0139760989974,-17.3237742147415,               499P   1034
-44.5110263535604,-30.8819111701183,-17.3629610962917,               499P   1035
-44.5111429225713,-30.8192428744915,-17.3696393299599,               499P   1036
-44.5110239528504,-30.7564997816199,-17.362823559213,                499P   1037
-0.131797457215811,0.,0.,0.,0.;                                      499P   1038
126,12,3,0,0,1,0,-2.67307967098014,-2.67307967098014,                501P   1039
-2.67307967098014,-2.67307967098014,-2.56949801645455,               501P   1040
-2.56949801645455,-2.56949801645455,-2.36365825827297,               501P   1041
-2.36365825827297,-2.36365825827297,-2.20927843963678,               501P   1042
-2.20927843963678,-2.20927843963678,-2.17939392261899,               501P   1043
-2.17939392261899,-2.17939392261899,-2.17939392261899,1.,1.,1.,      501P   1044
1.,1.,1.,1.,1.,1.,1.,1.,1.,1.,-44.5109591280559,                     501P   1045
-30.7566980034992,-17.3629618473784,-44.7585176212866,               501P   1046
-30.7074817353882,-17.6097232016742,-45.0096714034823,               501P   1047
-30.6412423659727,-17.8507075523997,-45.2649590623623,               501P   1048
-30.5551298219347,-18.0821835232503,-45.7722723526477,               501P   1049
-30.3840050670507,-18.5421776996608,-46.2971832691848,               501P   1050
-30.1353263634751,-18.9641951914114,-46.8108223839204,               501P   1051
-29.7756917842341,-19.2972002986268,-47.1960517199721,               501P   1052
-29.5059658498034,-19.5469541290384,-47.5749406675106,               501P   1053
-29.1738272353109,-19.7466384931491,-47.9129005290306,               501P   1054
-28.7844110412908,-19.8741225993992,-47.9783220803846,               501P   1055
-28.7090286825084,-19.8988007016045,-48.0422099209362,               501P   1056
-28.6314999957474,-19.9207732873619,-48.1043685331956,               501P   1057
-28.5520378169997,-19.9400971529933,-2.67307967098014,               501P   1058
-2.17939392261899,0.,0.,0.;                                          501P   1059
126,9,3,0,0,1,0,-0.138847542234118,-0.138847542234118,               503P   1060
-0.138847542234118,-0.138847542234118,-0.11599269655858,             503P   1061
-0.11599269655858,-0.0901750829669568,-0.0901750829669568,           503P   1062
-0.0635109002711562,-0.0635109002711562,-0.0485148260777366,         503P   1063
-0.0485148260777366,-0.0485148260777366,-0.0485148260777366,1.,      503P   1064
1.,1.,1.,1.,1.,1.,1.,1.,1.,-48.1048172590352,-28.551346882364,       503P   1065
-19.9398779192346,-48.1689612298126,-28.5520820684068,               503P   1066
-19.981996699417,-48.238951297665,-28.552664764485,                  503P   1067
-20.015379335382,-48.3946077309995,-28.5535387408457,                503P   1068
-20.0654494075516,-48.4812078430192,-28.5537828880171,               503P   1069
-20.0794365896345,-48.6573760047912,-28.5537739458146,               503P   1070
-20.0789242911994,-48.7465889389339,-28.5535040318542,               503P   1071
-20.0634609305459,-48.8767092168161,-28.552626863747,                503P   1072
-20.0132080033425,-48.9213232001321,-28.5522208157552,               503P   1073
-19.9899455296859,-48.96239543823,-28.551725520241,                  503P   1074
-19.9615700686825,-0.138847542234118,-0.0485148260777366,0.,0.,      503P   1075
0.;                                                                  503P   1076
126,3,3,0,0,1,0,-2.00896820828581,-2.00896820828581,                 505P   1077
-2.00896820828581,-2.00896820828581,-1.88976635934637,               505P   1078
-1.88976635934637,-1.88976635934637,-1.88976635934637,1.,1.,1.,      505P   1079
1.,-48.9634147191696,-27.0439166185058,-20.0237702035383,            505P   1080
-49.108936324647,-26.6674121797255,-19.9897346938199,                505P   1081
-49.2136629883435,-26.2801164302401,-19.9227057959233,               505P   1082
-49.2774151994573,-25.8935496877828,-19.8334176784783,               505P   1083
-2.00896820828581,-1.88976635934637,0.,0.,0.;                        505P   1084
126,3,3,0,0,1,0,-1.72884904599544,-1.72884904599544,                 507P   1085
-1.72884904599544,-1.72884904599544,-1.56129831765614,               507P   1086
-1.56129831765614,-1.56129831765614,-1.56129831765614,1.,1.,1.,      507P   1087
1.,-49.3195673100526,-24.3487631595688,-19.3712985138878,            507P   1088
-49.2621881845563,-23.824992016034,-19.1826358750968,                507P   1089
-49.1324136236153,-23.3205537773613,-18.9738724307813,               507P   1090
-48.9404342562291,-22.8469261325808,-18.7522097771405,               507P   1091
-1.72884904599544,-1.56129831765614,0.,0.,0.;                        507P   1092
126,7,3,0,0,1,0,-0.0682935828906354,-0.0682935828906354,             509P   1093
-0.0682935828906354,-0.0682935828906354,-0.0656938604687475,         509P   1094
-0.0656938604687475,-0.0364531959294751,-0.0364531959294751,0.,      509P   1095
0.,0.,0.,1.,1.,1.,1.,1.,1.,1.,1.,-48.9313432277299,                  509P   1096
-21.7134606902588,-18.182590120603,-48.9243547550443,                509P   1097
-21.7134073427911,-18.1856463949821,-48.9172934768028,               509P   1098
-21.7133563650458,-18.1885668999608,-48.8299668655747,               509P   1099
-21.7127610590028,-18.2226719603207,-48.7439547652752,               509P   1100
-21.7125326070258,-18.2357599734092,-48.5499243117429,               509P   1101
-21.7125944611363,-18.2322163537932,-48.4371066628217,               509P   1102
-21.7130267824901,-18.2074486800186,-48.3249426664145,               509P   1103
-21.7138424051142,-18.1607216911785,-0.0682935828906354,0.,0.,       509P   1104
0.,0.;                                                               509P   1105
126,6,3,0,0,1,0,-1.41918367734186,-1.41918367734186,                 511P   1106
-1.41918367734186,-1.41918367734186,-1.20428178648848,               511P   1107
-1.20428178648848,-1.20428178648848,-0.906684700958665,              511P   1108
-0.906684700958665,-0.906684700958665,-0.906684700958665,1.,1.,      511P   1109
1.,1.,1.,1.,1.,-48.3238935272965,-21.7152506593566,                  511P   1110
-18.1647289400483,-47.9517181421691,-21.1854002992541,               511P   1111
-17.8590019254137,-47.4914300847264,-20.7222512148688,               511P   1112
-17.542103321815,-46.9645315472404,-20.3500212907272,                511P   1113
-17.229228472557,-46.2348801304794,-19.8345556513526,                511P   1114
-16.7959580024599,-45.379337206988,-19.4935184586696,                511P   1115
-16.358614768134,-44.4855970022556,-19.362461813876,                 511P   1116
-15.9162055763924,-1.41918367734186,-0.906684700958665,0.,0.,0.;     511P   1117
126,9,3,0,0,1,0,-0.119503436555308,-0.119503436555308,               513P   1118
-0.119503436555308,-0.119503436555308,-0.09696243841334,             513P   1119
-0.09696243841334,-0.0720408555022122,-0.0720408555022122,           513P   1120
-0.0366911449977178,-0.0366911449977178,0.,0.,0.,0.,1.,1.,1.,1.,     513P   1121
1.,1.,1.,1.,1.,1.,-44.4857683907972,-19.3622150870341,               513P   1122
-15.9159333782221,-44.4855803366502,-19.288123883806,                513P   1123
-15.905159763357,-44.4851836088154,-19.2163183257167,                513P   1124
-15.8824312388299,-44.4839777246034,-19.0744748040403,               513P   1125
-15.8133461785933,-44.4831367519106,-19.0062429330994,               513P   1126
-15.7651668873879,-44.4807229319586,-18.8609893830113,               513P   1127
-15.626879234956,-44.4790069188946,-18.7931117797072,                513P   1128
-15.5285689123327,-44.4751703064606,-18.6964485865103,               513P   1129
-15.3087695331986,-44.473053324943,-18.6696598989856,                513P   1130
-15.187487743302,-44.4709192317611,-18.6672841711164,                513P   1131
-15.0652256267951,-0.119503436555308,0.,0.,0.,0.;                    513P   1132
126,1,1,0,0,1,0,-0.867478004195553,-0.867478004195553,               515P   1133
-0.835222134131401,-0.835222134131401,1.,1.,-38.6801190899952,       515P   1134
-25.4861540130384,3.5,-39.0026777906368,-25.4861540130384,3.5,       515P   1135
-0.867478004195553,-0.835222134131401,0.,0.,0.;                      515P   1136
126,1,1,0,0,1,0,-0.924496528711083,-0.924496528711083,               517P   1137
0.637125855087695,0.637125855087695,1.,1.,-38.7301786018268,         517P   1138
-25.7586532018484,-12.1114680713357,-39.0026777906368,               517P   1139
-25.4861540130384,3.5,-0.924496528711083,0.637125855087695,0.,       517P   1140
0.,0.;                                                               517P   1141
126,3,3,0,0,1,0,0.514281083842854,0.514281083842854,                 519P   1142
0.514281083842854,0.514281083842854,0.636114221777415,               519P   1143
0.636114221777415,0.636114221777415,0.636114221777415,1.,1.,1.,      519P   1144
1.,-38.7301786018023,-25.758653201849,-12.1114680713696,             519P   1145
-38.4015184304447,-25.7544986470149,-11.8734537843354,               519P   1146
-38.0664723489445,-25.7504574777712,-11.6419353534203,               519P   1147
-37.7249015955678,-25.7465830864832,-11.4199716251886,               519P   1148
0.514281083842854,0.636114221777415,0.,0.,0.;                        519P   1149
126,7,3,0,0,1,0,-0.104754711994675,-0.104754711994675,               521P   1150
-0.104754711994675,-0.104754711994675,-0.0738058694837431,           521P   1151
-0.0738058694837431,-0.0420450761010539,-0.0420450761010539,0.,      521P   1152
0.,0.,0.,1.,1.,1.,1.,1.,1.,1.,1.,-37.2406631509904,                  521P   1153
-25.7312333458625,-10.5405855739854,-37.2426409149681,               521P   1154
-25.733034006921,-10.643745376937,-37.2591537630932,                 521P   1155
-25.7348208107336,-10.746111298651,-37.321512418831,                 521P   1156
-25.73830343659,-10.9456308003362,-37.3677724146058,                 521P   1157
-25.7399762595873,-11.041466765815,-37.5064041740308,                521P   1158
-25.7435235171423,-11.244689015039,-37.607389823748,                 521P   1159
-25.745250166201,-11.3436086733656,-37.7249015955678,                521P   1160
-25.7465830864832,-11.4199716251886,-0.104754711994675,0.,0.,0.,     521P   1161
0.;                                                                  521P   1162
126,2,2,0,0,0,0,9597.73605715218,9597.73605715218,                   523P   1163
9597.73605715218,9606.30327194196,9606.30327194196,                  523P   1164
9606.30327194196,1.,1.,1.,-37.105169040761,-25.60659396118,          523P   1165
-3.40000000324011,-37.1729160550039,-25.6695528758772,               523P   1166
-7.00691381055167,-37.2406630692468,-25.7312333459856,               523P   1167
-10.5405855764315,9597.73605715218,9606.30327194196,0.,0.,0.;        523P   1168
126,1,1,0,0,1,0,1.01284134723907,1.01284134723907,                   525P   1169
1.02081683480606,1.02081683480606,1.,1.,-37.1849239964953,           525P   1170
-25.6065939610431,-3.4,-37.1051691208254,-25.6065939610431,-3.4,     525P   1171
1.01284134723907,1.02081683480606,0.,0.,0.;                          525P   1172
126,1,1,0,0,1,0,0.113091298696163,0.113091298696163,                 527P   1173
0.186908701303837,0.186908701303837,1.,1.,-39.0026777906368,         527P   1174
-25.4861540130384,3.5,-39.0026777906368,-24.7479799869617,3.5,       527P   1175
0.113091298696163,0.186908701303837,0.,0.,0.;                        527P   1176
126,6,3,0,0,1,0,-1.23593534977527,-1.23593534977527,                 529P   1177
-1.23593534977527,-1.23593534977527,-1.23447756535512,               529P   1178
-1.23447756535512,-1.23447756535512,-1.18300536505184,               529P   1179
-1.18300536505184,-1.18300536505184,-1.18300536505184,1.,1.,1.,      529P   1180
1.,1.,1.,1.,-38.7200637576994,-21.9489797746857,                     529P   1181
-12.6909471032925,-38.7201120679036,-21.9709472316809,               529P   1182
-12.6881794135511,-38.7201606284835,-21.9929382685029,               529P   1183
-12.6853973797887,-38.7202094452822,-22.0149536221083,               529P   1184
-12.6826006672647,-38.7219330938586,-22.7922830233925,               529P   1185
-12.5838529064609,-38.7239657347903,-23.5999823206612,               529P   1186
-12.4674029854739,-38.72641089751,-24.4717424138718,                 529P   1187
-12.327319707081,-1.23593534977527,-1.18300536505184,0.,0.,0.;       529P   1188
126,6,3,0,0,1,0,-0.012995470373755,-0.012995470373755,               531P   1189
-0.012995470373755,-0.012995470373755,-0.00373628579849807,          531P   1190
-0.00373628579849807,-0.00373628579849807,0.,0.,0.,0.,1.,1.,1.,      531P   1191
1.,1.,1.,1.,-38.7198738162712,-21.8091013984779,                     531P   1192
-12.7033977845482,-38.7198942521675,-21.8445559621226,               531P   1193
-12.7016079794399,-38.719941438655,-21.8786139044936,                531P   1194
-12.6987933418072,-38.7199980352945,-21.9108596903025,               531P   1195
-12.6953600501159,-38.7200208732905,-21.9238715781853,               531P   1196
-12.6939746409707,-38.7200455707052,-21.9365888839676,               531P   1197
-12.6924883119334,-38.7200723168259,-21.9489860548322,               531P   1198
-12.6909269234766,-0.012995470373755,0.,0.,0.,0.;                    531P   1199
126,1,1,0,0,1,0,-1.08578765425245,-1.08578765425245,                 533P   1200
0.579082012480263,0.579082012480263,1.,1.,-38.7198450969983,         533P   1201
-21.8090990149874,-12.7034741664711,-39.0103606776955,               533P   1202
-22.0996145956845,3.94015230480657,-1.08578765425245,                533P   1203
0.579082012480263,0.,0.,0.;                                          533P   1204
126,1,1,0,0,1,0,-0.0958206698900678,-0.0958206698900678,             535P   1205
0.0468400953932258,0.0468400953932258,1.,1.,-39.0278130841334,       535P   1206
-23.117067,4.94,-39.0103606776955,-22.0996145956845,                 535P   1207
3.94015230480657,-0.0958206698900678,0.0468400953932258,0.,0.,       535P   1208
0.;                                                                  535P   1209
126,1,1,0,0,1,0,-0.103713370888251,-0.103713370888251,               537P   1210
0.296286629111748,0.296286629111748,1.,1.,-39.0278130841334,         537P   1211
-27.117067,4.94,-39.0278130841334,-23.117067,4.94,                   537P   1212
-0.103713370888251,0.296286629111748,0.,0.,0.;                       537P   1213
126,1,1,0,0,1,0,0.166660270631307,0.166660270631307,                 539P   1214
0.3093210359146,0.3093210359146,1.,1.,-39.0103606776955,             539P   1215
-28.1345194043155,3.94015230480657,-39.0278130841334,-27.117067,     539P   1216
4.94,0.166660270631307,0.3093210359146,0.,0.,0.;                     539P   1217
126,1,1,0,0,1,0,-0.973366773743139,-0.973366773743139,               541P   1218
0.583008206041417,0.583008206041417,1.,1.,-38.7387771477234,         541P   1219
-28.4061029342876,-11.6188577068373,-39.0103606776955,               541P   1220
-28.1345194043155,3.94015230480657,-0.973366773743139,               541P   1221
0.583008206041417,0.,0.,0.;                                          541P   1222
126,6,3,0,0,1,0,-1.15859838271866,-1.15859838271866,                 543P   1223
-1.15859838271866,-1.15859838271866,-1.15585937166612,               543P   1224
-1.15585937166612,-1.15585937166612,-1.11359748435269,               543P   1225
-1.11359748435269,-1.11359748435269,-1.11359748435269,1.,1.,1.,      543P   1226
1.,1.,1.,1.,-38.7301785222174,-25.7586538503366,                     543P   1227
-12.1114726321539,-38.73033069437,-25.8086791206161,                 543P   1228
-12.1027546953726,-38.7304841736571,-25.8589310269417,               543P   1229
-12.0939618729045,-38.7306389756788,-25.9094146459464,               543P   1230
-12.0850932710214,-38.7330275113477,-26.6883574748098,               543P   1231
-11.9482541541929,-38.7358205018566,-27.5467634570979,               543P   1232
-11.7882438351043,-38.7387771477234,-28.4061029342876,               543P   1233
-11.6188577068373,-1.15859838271866,-1.11359748435269,0.,0.,0.;      543P   1234
126,2,2,0,0,0,0,0.0732324891105543,0.0732324891105543,               545P   1235
0.0732324891105543,1.27644374563525,1.27644374563525,                545P   1236
1.27644374563525,1.,0.824427945511055,1.,-37.1051691208254,          545P   1237
-25.6065939610431,-3.4,-37.4412276829125,-30.1873147702726,-3.4,     545P   1238
-41.8367137026779,-31.5198466232903,-3.4,0.0732324891105543,         545P   1239
1.27644374563525,0.,0.,0.;                                           545P   1240
126,3,3,0,0,1,0,3.73233496210098,3.73233496210098,                   547P   1241
3.73233496210098,3.73233496210098,3.87067900768631,                  547P   1242
3.87067900768631,3.87067900768631,3.87067900768631,1.,1.,1.,1.,      547P   1243
-37.6018444210253,-27.352876441812,-10.4100296564982,                547P   1244
-37.4100510045675,-26.8236001702346,-10.4000692516894,               547P   1245
-37.2901883704019,-26.2733246768924,-10.4519447410911,               547P   1246
-37.2406772163094,-25.7312498750368,-10.5405828275613,               547P   1247
3.73233496210098,3.87067900768631,0.,0.,0.;                          547P   1248
126,4,3,0,0,1,0,3.43735604162169,3.43735604162169,                   549P   1249
3.43735604162169,3.43735604162169,3.56377557896996,                  549P   1250
3.73233496210098,3.73233496210098,3.73233496210098,                  549P   1251
3.73233496210098,1.,1.,1.,1.,1.,-39.4866814833169,                   549P   1252
-30.067981792223,-11.3528826878253,-39.171736198347,                 549P   1253
-29.8006031951357,-11.1107451564233,-38.4376327049716,               549P   1254
-29.0591391053449,-10.617554029781,-37.8355141655172,                549P   1255
-27.9977320285227,-10.4218389451658,-37.6018444210253,               549P   1256
-27.352876441812,-10.4100296564982,3.43735604162169,                 549P   1257
3.73233496210098,0.,0.,0.;                                           549P   1258
126,3,3,0,0,1,0,3.27808869535742,3.27808869535742,                   551P   1259
3.27808869535742,3.27808869535742,3.43735604162169,                  551P   1260
3.43735604162169,3.43735604162169,3.43735604162169,1.,1.,1.,1.,      551P   1261
-40.6742970525665,-30.8666643570375,-12.3843552900982,               551P   1262
-40.2824542256268,-30.6625472939278,-12.0118347044705,               551P   1263
-39.8835922642158,-30.4049524526701,-11.657779820181,                551P   1264
-39.4866814833169,-30.067981792223,-11.3528826878253,                551P   1265
3.27808869535742,3.43735604162169,0.,0.,0.;                          551P   1266
126,3,3,0,0,1,0,2.94582088639157,2.94582088639157,                   553P   1267
2.94582088639157,2.94582088639157,3.27808869535742,                  553P   1268
3.27808869535742,3.27808869535742,3.27808869535742,1.,1.,1.,1.,      553P   1269
-43.0881729749696,-31.5722168978095,-14.8685347445188,               553P   1270
-42.285196377603,-31.5055391039936,-14.0161535779115,                553P   1271
-41.4922003186033,-31.2927377953385,-13.1611795071906,               553P   1272
-40.6742970525665,-30.8666643570375,-12.3843552900982,               553P   1273
2.94582088639157,3.27808869535742,0.,0.,0.;                          553P   1274
126,2,2,0,0,0,0,10427.6986756204,10427.6986756204,                   555P   1275
10427.6986756204,10438.2679616546,10438.2679616546,                  555P   1276
10438.2679616546,1.,1.,1.,-43.0880560392747,-31.5706615259406,       555P   1277
-14.8689919801845,-43.1631784342954,-31.6542403306274,               555P   1278
-10.5652328518302,-43.2402466100608,-31.7378191353141,               555P   1279
-6.15000001927939,10427.6986756204,10438.2679616546,0.,0.,0.;        555P   1280
126,2,2,0,0,0,0,1.28233229678726,1.28233229678726,                   557P   1281
1.28233229678726,1.48978559624448,1.48978559624448,                  557P   1282
1.48978559624448,1.,0.994625212703735,1.,-41.8881056823298,          557P   1283
-31.4851474840307,-6.15000002384186,-42.5510245393593,               557P   1284
-31.6818625581217,-6.15000002384186,-43.2402466099892,               557P   1285
-31.7378194052157,-6.15000002384186,1.28233229678726,                557P   1286
1.48978559624448,0.,0.,0.;                                           557P   1287
126,3,3,0,0,1,0,-0.000903924573673477,-0.000903924573673477,         559P   1288
-0.000903924573673477,-0.000903924573673477,0.274167531923393,       559P   1289
0.274167531923393,0.274167531923393,0.274167531923393,1.,1.,1.,      559P   1290
1.,-41.8367137026765,-31.5198466232906,-3.39999999997787,            559P   1291
-41.8535784700487,-31.5082396383732,-4.31667276669585,               559P   1292
-41.8707025985969,-31.4966733047502,-5.23333620082475,               559P   1293
-41.8881056823295,-31.4851474840315,-6.1500000237969,                559P   1294
-0.000903924573673477,0.274167531923393,0.,0.,0.;                    559P   1295
126,3,3,0,0,1,0,-4.008739896198,-4.008739896198,-4.008739896198,     561P   1296
-4.008739896198,-4.0066631902991,-4.0066631902991,                   561P   1297
-4.0066631902991,-4.0066631902991,1.,1.,1.,1.,-37.7661792084848,     561P   1298
-24.462241440632,-11.7171355942957,-37.7652361277193,                561P   1299
-24.4689799829082,-11.7152081729876,-37.7643042849803,               561P   1300
-24.4757210525958,-11.7132854144662,-37.7633836965144,               561P   1301
-24.4824646090066,-11.7113673562729,-4.008739896198,                 561P   1302
-4.0066631902991,0.,0.,0.;                                           561P   1303
126,3,3,0,0,1,0,-4.10810049365299,-4.10810049365299,                 563P   1304
-4.10810049365299,-4.10810049365299,-4.008739896198,                 563P   1305
-4.008739896198,-4.008739896198,-4.008739896198,1.,1.,1.,1.,         563P   1306
-37.9768122981069,-23.5162280043925,-12.0224434431657,               563P   1307
-37.8821407381211,-23.8232652424253,-11.9121321019352,               563P   1308
-37.8112786405554,-24.1398385365497,-11.8093390610099,               563P   1309
-37.7661792084848,-24.462241440632,-11.7171355942957,                563P   1310
-4.10810049365299,-4.008739896198,0.,0.,0.;                          563P   1311
126,6,3,0,0,1,0,-0.181604248136108,-0.181604248136108,               565P   1312
-0.181604248136108,-0.181604248136108,-0.172047793700917,            565P   1313
-0.172047793700917,-0.172047793700917,0.,0.,0.,0.,1.,1.,1.,1.,       565P   1314
1.,1.,1.,-38.7200723168259,-21.9489860548322,-12.6909269234766,      565P   1315
-38.7033760660733,-21.9740786021497,-12.6782774473851,               565P   1316
-38.6868567202634,-21.9993175733389,-12.6656679032315,               565P   1317
-38.670517084063,-22.024701201521,-12.6530989960317,                 565P   1318
-38.3763495790306,-22.4816904808047,-12.4268170870206,               565P   1319
-38.1407407912822,-22.984577825744,-12.2134529918704,                565P   1320
-37.9768122981069,-23.5162280043925,-12.0224434431657,               565P   1321
-0.181604248136108,0.,0.,0.,0.;                                      565P   1322
126,3,3,0,0,1,0,-3.87873476927581,-3.87873476927581,                 567P   1323
-3.87873476927581,-3.87873476927581,-3.73233496210098,               567P   1324
-3.73233496210098,-3.73233496210098,-3.73233496210098,1.,1.,1.,      567P   1325
1.,-37.7249015955678,-25.7465830864829,-11.4199716251886,            567P   1326
-37.7615615959536,-26.2310475517504,-11.3369718054989,               567P   1327
-37.8589199591709,-26.7124621159876,-11.2914995234301,               567P   1328
-38.0124358807497,-27.166151566245,-11.3025253002107,                567P   1329
-3.87873476927581,-3.73233496210098,0.,0.,0.;                        567P   1330
126,4,3,0,0,1,0,-1.,-1.,-1.,-1.,-0.5,0.,0.,0.,0.,1.,1.,1.,1.,1.,     569P   1331
-37.6018444210253,-27.352876441812,-10.4100296564982,                569P   1332
-37.6023223346076,-27.3456582831211,-10.5765392585081,               569P   1333
-37.6753079875912,-27.3043802882118,-10.9263134635585,               569P   1334
-37.8896106074844,-27.2150080571257,-11.2010128708048,               569P   1335
-38.0124358807497,-27.166151566245,-11.3025253002107,-1.,0.,0.,      569P   1336
0.,0.;                                                               569P   1337
126,45,3,0,0,1,0,0.,0.,0.,0.,0.00291279280372573,                    571P   1338
0.00291279280372573,0.00291279280372573,0.00600935244773151,         571P   1339
0.00600935244773151,0.00600935244773151,0.00944955759989893,         571P   1340
0.00944955759989893,0.00944955759989893,0.0108491078822005,          571P   1341
0.0108491078822005,0.0108491078822005,0.0142467402981069,            571P   1342
0.0142467402981069,0.0142467402981069,0.0167278313050958,            571P   1343
0.0167278313050958,0.0167278313050958,0.0189308066133053,            571P   1344
0.0189308066133053,0.0189308066133053,0.0224009243279171,            571P   1345
0.0224009243279171,0.0224009243279171,0.0257499979023586,            571P   1346
0.0257499979023586,0.0257499979023586,0.0281691440752986,            571P   1347
0.0281691440752986,0.0281691440752986,0.028559913257699,             571P   1348
0.028559913257699,0.028559913257699,0.0319288583733316,              571P   1349
0.0319288583733316,0.0319288583733316,0.0339817750844263,            571P   1350
0.0339817750844263,0.0339817750844263,0.0368943520855011,            571P   1351
0.0368943520855011,0.0368943520855011,0.0393909841877116,            571P   1352
0.0393909841877116,0.0393909841877116,0.0393909841877116,1.,1.,      571P   1353
1.,1.,1.,1.,1.,1.,1.,1.,1.,1.,1.,1.,1.,1.,1.,1.,1.,1.,1.,1.,1.,      571P   1354
1.,1.,1.,1.,1.,1.,1.,1.,1.,1.,1.,1.,1.,1.,1.,1.,1.,1.,1.,1.,1.,      571P   1355
1.,1.,-43.2777750000004,-31.0341462893014,-3.99999999997705,         571P   1356
-43.2777749975229,-31.0438555980134,-3.99999999993994,               571P   1357
-43.278402117701,-31.05356833224,-4.00000056178855,                  571P   1358
-43.2796057842295,-31.0631859348256,-4.00000104701136,               571P   1359
-43.2808853895596,-31.0734103078056,-4.00000156284668,               571P   1360
-43.2828160481043,-31.0835283505847,-4.00000198117361,               571P   1361
-43.285367912035,-31.0934733747077,-4.00000200668916,                571P   1362
-43.2882029730225,-31.1045220633039,-4.00000203503634,               571P   1363
-43.2918035697838,-31.1153586601978,-4.00000155571134,               571P   1364
-43.2961801849863,-31.1259324947538,-4.00000100769211,               571P   1365
-43.2979606872446,-31.1302341606381,-4.00000078474597,               571P   1366
-43.2998648274138,-31.134479333792,-4.00000055860419,                571P   1367
-43.3018926740182,-31.1386644131975,-4.00000038693288,               571P   1368
-43.3068155963632,-31.1488243635981,-3.99999997017329,               571P   1369
-43.3124634202492,-31.158629289313,-3.99999980284094,                571P   1370
-43.3187720842694,-31.1679766349369,-3.99999964157631,               571P   1371
-43.3233789303465,-31.1748024513667,-3.99999952381424,               571P   1372
-43.3283394763155,-31.1813849061487,-3.99999943123008,               571P   1373
-43.3336461220563,-31.1876832142963,-3.99999957292851,               571P   1374
-43.3383579240432,-31.1932755191708,-3.99999969874338,               571P   1375
-43.3433428504294,-31.1986439603553,-4.00000001372957,               571P   1376
-43.3485770481541,-31.2037844185346,-4.0000003087299,                571P   1377
-43.356821935048,-31.2118816472792,-4.00000077341322,                571P   1378
-43.3656223489131,-31.2193549927484,-4.00000111454434,               571P   1379
-43.374889496707,-31.226182342673,-4.00000106805712,                 571P   1380
-43.3838333892028,-31.232771541973,-4.00000102319147,                571P   1381
-43.3932136238946,-31.2387596369733,-4.0000006444314,                571P   1382
-43.4029702735934,-31.2440854196488,-4.00000009580239,               571P   1383
-43.4100178230888,-31.247932407925,-3.99999969950958,                571P   1384
-43.4172622533707,-31.2514330460897,-3.99999922399546,               571P   1385
-43.424680901702,-31.2545471137078,-3.99999875221083,                571P   1386
-43.4258792497702,-31.2550501348442,-3.99999867600258,               571P   1387
-43.4270813766994,-31.2555427154745,-3.99999860010029,               571P   1388
-43.4282871887609,-31.256024694525,-3.99999852522685,                571P   1389
-43.438682877157,-31.2601799888549,-3.99999787971921,                571P   1390
-43.4493541064912,-31.2635509886333,-3.99999733439792,               571P   1391
-43.4602423677546,-31.2661640395376,-3.99999720972727,               571P   1392
-43.4668772913687,-31.2677563408913,-3.99999713375736,               571P   1393
-43.4735925343236,-31.2690662842238,-3.99999721046596,               571P   1394
-43.4803687162572,-31.2700924005049,-3.99999741490558,               571P   1395
-43.4899824290532,-31.2715482036872,-3.99999770495443,               571P   1396
-43.4996856719344,-31.2724286124127,-3.99999827255816,               571P   1397
-43.5094110801003,-31.2727249611655,-3.99999889334582,               571P   1398
-43.5177476034695,-31.2729789883756,-3.99999942547884,               571P   1399
-43.5261005579743,-31.2728032640083,-4.,-43.5343993466515,           571P   1400
-31.272180060906,-4.,0.,0.0393909841877116,0.,0.,0.;                 571P   1401
126,3,3,0,0,1,0,-0.16551956045008,-0.16551956045008,                 573P   1402
-0.16551956045008,-0.16551956045008,0.0495157473305631,              573P   1403
0.0495157473305631,0.0495157473305631,0.0495157473305631,1.,1.,      573P   1404
1.,1.,-43.5343993466515,-31.272180060906,-4.,-43.5223330057833,      573P   1405
-31.2730861908672,-4.71666742562494,-43.5102655934531,               573P   1406
-31.2740601665393,-5.43333273439407,-43.4981970570566,               573P   1407
-31.2751022129082,-6.15000002386552,-0.16551956045008,               573P   1408
0.0495157473305631,0.,0.,0.;                                         573P   1409
126,48,3,0,0,1,0,-0.0394548089710533,-0.0394548089710533,            575P   1410
-0.0394548089710533,-0.0394548089710533,-0.0365552532200395,         575P   1411
-0.0365552532200395,-0.0365552532200395,-0.0339518897053513,         575P   1412
-0.0339518897053513,-0.0339518897053513,-0.0305930339590839,         575P   1413
-0.0305930339590839,-0.0305930339590839,-0.0286113959461159,         575P   1414
-0.0286113959461159,-0.0286113959461159,-0.0280282674019827,         575P   1415
-0.0280282674019827,-0.0280282674019827,-0.0247208582371189,         575P   1416
-0.0247208582371189,-0.0247208582371189,-0.0212574161943531,         575P   1417
-0.0212574161943531,-0.0212574161943531,-0.0188325064272837,         575P   1418
-0.0188325064272837,-0.0188325064272837,-0.0167523913928999,         575P   1419
-0.0167523913928999,-0.0167523913928999,-0.0133689719562471,         575P   1420
-0.0133689719562471,-0.0133689719562471,-0.0108606931049778,         575P   1421
-0.0108606931049778,-0.0108606931049778,-0.00940020412299836,        575P   1422
-0.00940020412299836,-0.00940020412299836,-0.00615703957615557,      575P   1423
-0.00615703957615557,-0.00615703957615557,-0.00307851978807779,      575P   1424
-0.00307851978807779,-0.00307851978807779,-0.000249809816441602,     575P   1425
-0.000249809816441602,-0.000249809816441602,0.,0.,0.,0.,1.,1.,       575P   1426
1.,1.,1.,1.,1.,1.,1.,1.,1.,1.,1.,1.,1.,1.,1.,1.,1.,1.,1.,1.,1.,      575P   1427
1.,1.,1.,1.,1.,1.,1.,1.,1.,1.,1.,1.,1.,1.,1.,1.,1.,1.,1.,1.,1.,      575P   1428
1.,1.,1.,1.,1.,-43.4981970570566,-31.2751022129082,                  575P   1429
-6.15000002386552,-43.4885676382899,-31.2759336586216,               575P   1430
-6.15000002377033,-43.4788584930743,-31.2761596061209,               575P   1431
-6.14999924541718,-43.4691787991438,-31.2758057163244,               575P   1432
-6.14999861818438,-43.4604878946826,-31.2754879766898,               575P   1433
-6.14999805502397,-43.4518190425922,-31.2747028576949,               575P   1434
-6.14999758412973,-43.4432187824572,-31.2734547563458,               575P   1435
-6.14999733256447,-43.4321227395838,-31.2718444578361,               575P   1436
-6.14999700799534,-43.4211893450028,-31.2694713337987,               575P   1437
-6.14999707101176,-43.4104956080724,-31.266333126982,                575P   1438
-6.14999749414811,-43.4041865798786,-31.2644816661303,               575P   1439
-6.14999774378761,-43.397960070255,-31.2623632225985,                575P   1440
-6.14999810410849,-43.3918270659002,-31.2599704971007,               575P   1441
-6.1499984955106,-43.390022331697,-31.2592663995174,                 575P   1442
-6.1499986106869,-43.3882256809958,-31.2585385158492,                575P   1443
-6.1499987283749,-43.3864374320433,-31.2577873808801,                575P   1444
-6.1499988461282,-43.3762947781907,-31.2535270669133,                575P   1445
-6.14999951400558,-43.3664785438799,-31.2485465701912,               575P   1446
-6.15000017169459,-43.3570468307656,-31.2429398084882,               575P   1447
-6.15000060097814,-43.3471701599011,-31.237068537884,                575P   1448
-6.1500010505139,-43.3377134872222,-31.230509917729,                 575P   1449
-6.15000122151846,-43.3287485872096,-31.2233155736592,               575P   1450
-6.15000103636165,-43.3224718621098,-31.2182784934982,               575P   1451
-6.15000090672513,-43.3164362788225,-31.2129285837968,               575P   1452
-6.1500006055869,-43.3106746930353,-31.2072707560622,                575P   1453
-6.15000026911017,-43.3057323395586,-31.202417407417,                575P   1454
-6.14999998047662,-43.3010138870503,-31.1973590772467,               575P   1455
-6.149999683519,-43.296539769644,-31.1920989588045,                  575P   1456
-6.14999956169489,-43.2892623760652,-31.1835430920941,               575P   1457
-6.1499993635414,-43.2826287573488,-31.1744535764869,                575P   1458
-6.14999958202837,-43.2766645800303,-31.1649337749037,               575P   1459
-6.14999978460806,-43.2722430709288,-31.1578763238762,               575P   1460
-6.14999993478937,-43.2681903089561,-31.1505816638726,               575P   1461
-6.15000009177456,-43.2645354082863,-31.1430921080289,               575P   1462
-6.15000040466846,-43.2624072788099,-31.1387311838899,               575P   1463
-6.15000058685637,-43.2604144158362,-31.1343042730197,               575P   1464
-6.15000082835599,-43.2585567505057,-31.1298154828214,               575P   1465
-6.15000106347746,-43.2544316154214,-31.1198476669674,               575P   1466
-6.15000158558863,-43.2509995194316,-31.1096451526526,               575P   1467
-6.15000203976168,-43.2482506992263,-31.099249980841,                575P   1468
-6.15000204621986,-43.2456414275494,-31.089382537589,                575P   1469
-6.15000205235018,-43.2436483995883,-31.0793401731913,               575P   1470
-6.15000166723546,-43.2422996315974,-31.0691870523758,               575P   1471
-6.1500011583055,-43.2410603108432,-31.0598578175255,                575P   1472
-6.15000069067321,-43.2403654711893,-31.0504342774374,               575P   1473
-6.15000012907922,-43.2402605307972,-31.0410046944844,               575P   1474
-6.15000003636995,-43.2402512632723,-31.0401719465498,               575P   1475
-6.15000002818258,-43.2402466099906,-31.039339182858,                575P   1476
-6.1500000238419,-43.2402466099882,-31.0385064834692,                575P   1477
-6.15000002384186,-0.0394548089710533,0.,0.,0.,0.;                   575P   1478
126,3,3,0,0,1,0,-0.0499302791916236,-0.0499302791916236,             577P   1479
-0.0499302791916236,-0.0499302791916236,0.165102886643044,           577P   1480
0.165102886643044,0.165102886643044,0.165102886643044,1.,1.,1.,      577P   1481
1.,-43.2402466099882,-31.0385064834692,-6.15000002384186,            577P   1482
-43.2527560832478,-31.0369835901018,-5.43333278077555,               577P   1483
-43.2652655227366,-31.03553027678,-4.71666747244028,                 577P   1484
-43.2777750000004,-31.0341462893014,-3.99999999997705,               577P   1485
-0.0499302791916236,0.165102886643044,0.,0.,0.;                      577P   1486
126,1,1,0,0,1,0,0.0990177010605464,0.0990177010605464,               579P   1487
0.168948993236034,0.168948993236034,1.,1.,-43.2402466099882,         579P   1488
-31.7378194052241,-6.15000002384186,-43.2402466099882,               579P   1489
-31.0385064834692,-6.15000002384186,0.0990177010605464,              579P   1490
0.168948993236034,0.,0.,0.;                                          579P   1491
126,11,3,0,0,1,0,-0.16016104699463,-0.16016104699463,                581P   1492
-0.16016104699463,-0.16016104699463,-0.146099121379108,              581P   1493
-0.146099121379108,-0.131095659599114,-0.131095659599114,            581P   1494
-0.0983010304243681,-0.0983010304243681,-0.0548498158681335,         581P   1495
-0.0548498158681335,0.,0.,0.,0.,1.,1.,1.,1.,1.,1.,1.,1.,1.,1.,       581P   1496
1.,1.,-43.0709904628646,-30.8666556241539,-15.8466781983216,         581P   1497
-43.0709667585932,-30.9018348769181,-15.8480362151173,               581P   1498
-43.0710092898991,-30.9368865946384,-15.8455995982352,               581P   1499
-43.0712328669786,-31.0085159263015,-15.8327908759296,               581P   1500
-43.0714211723189,-31.0444588327702,-15.8220028702118,               581P   1501
-43.0722292108759,-31.1548215615267,-15.775710372285,                581P   1502
-43.0730778181092,-31.2220495133614,-15.7270937186586,               581P   1503
-43.0754578996677,-31.3564083504658,-15.5907389374983,               581P   1504
-43.0772092151708,-31.4213514367915,-15.4904061268309,               581P   1505
-43.0818605852224,-31.532263737491,-15.2239293150458,                581P   1506
-43.0848657695946,-31.5671124097784,-15.0517624081439,               581P   1507
-43.0880560391858,-31.570661802839,-14.8689919856716,                581P   1508
-0.16016104699463,0.,0.,0.,0.;                                       581P   1509
126,6,3,0,0,1,0,-2.0958377514412,-2.0958377514412,                   583P   1510
-2.0958377514412,-2.0958377514412,-2.05491170349982,                 583P   1511
-2.05491170349982,-2.05491170349982,-1.76881402024209,               583P   1512
-1.76881402024209,-1.76881402024209,-1.76881402024209,1.,1.,1.,      583P   1513
1.,1.,1.,1.,-43.0729076667579,-27.8039104135092,                     583P   1514
-15.7368416608366,-43.0728128778997,-27.9425728850557,               583P   1515
-15.7422721108848,-43.0727202742575,-28.0811150464346,               583P   1516
-15.7475773699918,-43.0726298942044,-28.2194364988173,               583P   1517
-15.752755239767,-43.0719980832891,-29.1863866213463,                583P   1518
-15.7889516628622,-43.0715347927906,-30.0588214672752,               583P   1519
-15.8154935577453,-43.0709904628646,-30.866655624154,                583P   1520
-15.8466781983216,-2.0958377514412,-1.76881402024209,0.,0.,0.;       583P   1521
126,2,2,0,0,0,0,16.054773871404,16.054773871404,16.054773871404,     585P   1522
17.168870729322,17.168870729322,17.168870729322,1.,1.,1.,            585P   1523
-43.0729076667583,-27.8039104135098,-15.7368416608091,               585P   1524
-43.1784258465756,-27.7253684600702,-9.69170918773306,               585P   1525
-43.2777749999995,-27.6468265066307,-4.00000000002511,               585P   1526
16.054773871404,17.168870729322,0.,0.,0.;                            585P   1527
126,1,1,0,0,1,0,0.948839799738252,0.948839799738252,                 587P   1528
1.28757177800547,1.28757177800547,1.,1.,-43.277775,                  587P   1529
-27.6468265066293,-4.,-43.277775,-31.0341462893015,-4.,              587P   1530
0.948839799738252,1.28757177800547,0.,0.,0.;                         587P   1531
126,51,3,0,0,1,0,0.,0.,0.,0.,0.00288625724345814,                    589P   1532
0.00288625724345814,0.00288625724345814,0.00597047001357399,         589P   1533
0.00597047001357399,0.00597047001357399,0.00926394958828879,         589P   1534
0.00926394958828879,0.00926394958828879,0.00945370931040812,         589P   1535
0.00945370931040812,0.00945370931040812,0.0108504407351855,          589P   1536
0.0108504407351855,0.0108504407351855,0.0141211360521935,            589P   1537
0.0141211360521935,0.0141211360521935,0.0175745038094871,            589P   1538
0.0175745038094871,0.0175745038094871,0.0189369453600344,            589P   1539
0.0189369453600344,0.0189369453600344,0.022375531911946,             589P   1540
0.022375531911946,0.022375531911946,0.0226892758207216,              589P   1541
0.0226892758207216,0.0226892758207216,0.0260962854758435,            589P   1542
0.0260962854758435,0.0260962854758435,0.0281750310781428,            589P   1543
0.0281750310781428,0.0281750310781428,0.0285613778921082,            589P   1544
0.0285613778921082,0.0285613778921082,0.0319236717712453,            589P   1545
0.0319236717712453,0.0319236717712453,0.0339847548753174,            589P   1546
0.0339847548753174,0.0339847548753174,0.0369169357783385,            589P   1547
0.0369169357783385,0.0369169357783385,0.0393912210401881,            589P   1548
0.0393912210401881,0.0393912210401881,0.0393912210401881,1.,1.,      589P   1549
1.,1.,1.,1.,1.,1.,1.,1.,1.,1.,1.,1.,1.,1.,1.,1.,1.,1.,1.,1.,1.,      589P   1550
1.,1.,1.,1.,1.,1.,1.,1.,1.,1.,1.,1.,1.,1.,1.,1.,1.,1.,1.,1.,1.,      589P   1551
1.,1.,1.,1.,1.,1.,1.,1.,-44.0211506533485,-31.272180060906,-4.,      589P   1552
-44.0307444972891,-31.272900517052,-4.,-44.0404029567272,            589P   1553
-31.2730225816239,-3.99999915201694,-44.0500143382605,               589P   1554
-31.2725758426043,-3.9999984683676,-44.0602849216365,                589P   1555
-31.2720984637454,-3.99999773782979,-44.070502907882,                589P   1556
-31.2709723116891,-3.99999717373726,-44.0805888752635,               589P   1557
-31.2692109454143,-3.99999704826112,-44.0913591852382,               589P   1558
-31.2673300687427,-3.99999691427131,-44.1019804735562,               589P   1559
-31.2647258474199,-3.99999725260015,-44.1123971605734,               589P   1560
-31.2613761078904,-3.99999772743285,-44.1129973366452,               589P   1561
-31.2611831066503,-3.99999775479119,-44.1135968402703,               589P   1562
-31.260987617977,-3.99999778250099,-44.1141956629589,                589P   1563
-31.2607896329153,-3.99999781046684,-44.1186033131055,               589P   1564
-31.2593323586623,-3.99999801631022,-44.1229604682818,               589P   1565
-31.2577444052214,-3.99999824891614,-44.1272628369492,               589P   1566
-31.256024691452,-3.99999849844838,-44.137337599214,                 589P   1567
-31.2519976754685,-3.99999908277254,-44.1471114807884,               589P   1568
-31.2472522181551,-3.99999976264246,-44.1565292342475,               589P   1569
-31.2418815335309,-4.00000027381184,-44.1664729810626,               589P   1570
-31.2362108894267,-4.00000081353068,-44.176021327094,                589P   1571
-31.2298427120428,-4.00000113760156,-44.1851052891329,               589P   1572
-31.2228301154524,-4.00000107814234,-44.18868914356,                 589P   1573
-31.2200634674602,-4.00000105468416,-44.1922005376084,               589P   1574
-31.2171959637968,-4.00000097537394,-44.1956341899787,               589P   1575
-31.2142289063868,-4.00000085071374,-44.2043001843914,               589P   1576
-31.2067405237075,-4.00000053609116,-44.2124095774679,               589P   1577
-31.198675792256,-3.99999992967593,-44.219876257596,                 589P   1578
-31.1900564800963,-3.99999964636421,-44.2205575332811,               589P   1579
-31.1892700358271,-3.99999962051425,-44.2212334318125,               589P   1580
-31.1884789500205,-3.99999959784875,-44.2219038704969,               589P   1581
-31.1876832251088,-3.99999957915492,-44.2291843021068,               589P   1582
-31.1790422845803,-3.99999937615484,-44.2358248561587,               589P   1583
-31.169855237186,-3.99999957113648,-44.2417928437801,                589P   1584
-31.1602246701416,-3.99999976396243,-44.245434139015,                589P   1585
-31.1543486965115,-3.99999988161285,-44.2488241682422,               589P   1586
-31.1483072764646,-4.00000001445408,-44.2519458345587,               589P   1587
-31.1421242320961,-4.00000023973841,-44.2525260141797,               589P   1588
-31.1409750777745,-4.00000028160879,-44.2530965373089,               589P   1589
-31.1398217597777,-4.00000032692693,-44.2536573106212,               589P   1590
-31.1386644333312,-4.00000037652262,-44.2585376010948,               589P   1591
-31.12859246823,-4.00000080814338,-44.2626832914561,                 589P   1592
-31.1182156344976,-4.00000149844981,-44.2661058706964,               589P   1593
-31.1075820756517,-4.00000179115147,-44.2682039086722,               589P   1594
-31.1010637137055,-4.00000197057732,-44.2700292925598,               589P   1595
-31.0944490742518,-4.00000201661523,-44.2715763900939,               589P   1596
-31.0877545315776,-4.00000191566441,-44.2737773541577,               589P   1597
-31.0782306020743,-4.00000177204765,-44.2754085069599,               589P   1598
-31.0685782248754,-4.00000130905397,-44.2764464040662,               589P   1599
-31.0588547191619,-4.00000082390031,-44.2773222209406,               589P   1600
-31.0506496568973,-4.00000041450928,-44.2777750021041,               589P   1601
-31.0423938536876,-3.99999999994553,-44.2777749999996,               589P   1602
-31.0341462893014,-3.99999999997705,0.,0.0393912210401881,0.,0.,     589P   1603
0.;                                                                  589P   1604
126,3,3,0,0,1,0,-7.27156524334138D-5,-7.27156524334138D-5,           591P   1605
-7.27156524334138D-5,-7.27156524334138D-5,0.214960450183146,         591P   1606
0.214960450183146,0.214960450183146,0.214960450183146,1.,1.,1.,      591P   1607
1.,-44.2777749999996,-31.0341462893015,-3.99999999997705,            591P   1608
-44.2902844772636,-31.03553027678,-4.71666747245521,                 591P   1609
-44.3027939167517,-31.0369835901018,-5.43333278074777,               591P   1610
-44.3153033900118,-31.0385064834692,-6.15000002384186,               591P   1611
-7.27156524334138D-5,0.214960450183146,0.,0.,0.;                     591P   1612
126,51,3,0,0,1,0,-0.0394550460803091,-0.0394550460803091,            593P   1613
-0.0394550460803091,-0.0394550460803091,-0.0365353474439129,         593P   1614
-0.0365353474439129,-0.0365353474439129,-0.0339549037491307,         593P   1615
-0.0339549037491307,-0.0339549037491307,-0.0306025357104567,         593P   1616
-0.0306025357104567,-0.0306025357104567,-0.0286128651002837,         593P   1617
-0.0286128651002837,-0.0286128651002837,-0.0280342271192369,         593P   1618
-0.0280342271192369,-0.0280342271192369,-0.0246363920517377,         593P   1619
-0.0246363920517377,-0.0246363920517377,-0.0227285316205711,         593P   1620
-0.0227285316205711,-0.0227285316205711,-0.0193008682467017,         593P   1621
-0.0193008682467017,-0.0193008682467017,-0.0188386714879481,         593P   1622
-0.0188386714879481,-0.0188386714879481,-0.0153961300504573,         593P   1623
-0.0153961300504573,-0.0153961300504573,-0.0121227486255388,         593P   1624
-0.0121227486255388,-0.0121227486255388,-0.0108620316469329,         593P   1625
-0.0108620316469329,-0.0108620316469329,-0.00940434966317862,        593P   1626
-0.00940434966317862,-0.00940434966317862,-0.00615494500879468,      593P   1627
-0.00615494500879468,-0.00615494500879468,-0.00307747250439734,      593P   1628
-0.00307747250439734,-0.00307747250439734,-0.000280567776158238,     593P   1629
-0.000280567776158238,-0.000280567776158238,0.,0.,0.,0.,1.,1.,       593P   1630
1.,1.,1.,1.,1.,1.,1.,1.,1.,1.,1.,1.,1.,1.,1.,1.,1.,1.,1.,1.,1.,      593P   1631
1.,1.,1.,1.,1.,1.,1.,1.,1.,1.,1.,1.,1.,1.,1.,1.,1.,1.,1.,1.,1.,      593P   1632
1.,1.,1.,1.,1.,1.,1.,1.,-44.3153033900118,-31.0385064834692,         593P   1633
-6.15000002384186,-44.3153033899952,-31.0482387499771,               593P   1634
-6.1500000238421,-44.31466994338,-31.0579816639519,                  593P   1635
-6.15000059431977,-44.3134507033205,-31.067640481975,                593P   1636
-6.15000107478421,-44.312373133093,-31.07617699179,                  593P   1637
-6.150001499421,-44.3108377285195,-31.08464941313,                   593P   1638
-6.15000185595584,-44.3088589488184,-31.093020370867,                593P   1639
-6.15000196799857,-44.3062882289694,-31.1038954506943,               593P   1640
-6.15000211355821,-44.3029812940462,-31.1145518296333,               593P   1641
-6.15000182722922,-44.2989538044934,-31.1249259207657,               593P   1642
-6.15000132062789,-44.2965634411731,-31.1310830681896,               593P   1643
-6.15000101995394,-44.2939184537036,-31.1371415596754,               593P   1644
-6.15000065454462,-44.2910145771287,-31.1430921298619,               593P   1645
-6.1500003941606,-44.2901700688619,-31.1448226805878,                593P   1646
-6.15000031843547,-44.2893036275298,-31.1465441129581,               593P   1647
-6.15000025222556,-44.28841556731,-31.1482558998354,                 593P   1648
-6.15000019284242,-44.2832007659042,-31.1583077278704,               593P   1649
-6.1499998441371,-44.2772743514215,-31.1679695094374,                593P   1650
-6.14999966168511,-44.2706990240092,-31.1771383397096,               593P   1651
-6.14999954494555,-44.267007024032,-31.1822865732551,                593P   1652
-6.14999947939712,-44.2631094137205,-31.1872796457539,               593P   1653
-6.14999945206979,-44.2590102239557,-31.1920989711833,               593P   1654
-6.14999956909915,-44.2516456167812,-31.2007573745922,               593P   1655
-6.14999977935418,-44.2436325324025,-31.2088573995994,               593P   1656
-6.15000041390908,-44.2350613964879,-31.2163819631766,               593P   1657
-6.15000078112572,-44.2339056379415,-31.2173965986635,               593P   1658
-6.15000083064235,-44.2327396784885,-31.2184007155731,               593P   1659
-6.1500008763245,-44.2315636942987,-31.2193942176823,                593P   1660
-6.15000091735313,-44.2228047096743,-31.2267940362974,               593P   1661
-6.15000122294317,-44.2135567687424,-31.2335537759872,               593P   1662
-6.15000118268805,-44.2038968814816,-31.2396385617594,               593P   1663
-6.15000080967727,-44.1947116629155,-31.2454243526012,               593P   1664
-6.15000045499553,-44.1851524632543,-31.2506003661962,               593P   1665
-6.14999982535433,-44.175274567774,-31.2550924655359,                593P   1666
-6.1499991891591,-44.1714701744178,-31.2568225620851,                593P   1667
-6.14999894413353,-44.1676185040762,-31.2584506914797,               593P   1668
-6.14999869897764,-44.1637229614992,-31.2599704953898,               593P   1669
-6.14999846792445,-44.1592188084437,-31.2617277421121,               593P   1670
-6.14999820077322,-44.1546559744449,-31.263340137411,                593P   1671
-6.14999795303818,-44.1500393581336,-31.2648089696241,               593P   1672
-6.14999773632004,-44.1397481871536,-31.2680832299107,               593P   1673
-6.14999725322089,-44.1292622073937,-31.2706236900192,               593P   1674
-6.14999688063368,-44.1186334507802,-31.2724548304058,               593P   1675
-6.14999697004432,-44.1085670817948,-31.2741890816891,               593P   1676
-6.14999705472408,-44.0983712660557,-31.2752862617494,               593P   1677
-6.14999757913055,-44.0881232764106,-31.2757353016774,               593P   1678
-6.14999831262279,-44.0788095780259,-31.2761434034219,               593P   1679
-6.14999897924384,-44.0694520828852,-31.2760154723466,               593P   1680
-6.14999983185776,-44.0601502926765,-31.2753265394114,               593P   1681
-6.1499999981332,-44.059217195969,-31.2752574300207,                 593P   1682
-6.1500000148129,-44.0582847025191,-31.2751826650635,                593P   1683
-6.15000002385613,-44.0573529429433,-31.2751022129082,               593P   1684
-6.1500000238653,-0.0394550460803091,0.,0.,0.,0.;                    593P   1685
126,3,3,0,0,1,0,-0.214545918322077,-0.214545918322077,               595P   1686
-0.214545918322077,-0.214545918322077,0.000489389459463065,          595P   1687
0.000489389459463065,0.000489389459463065,0.000489389459463065,      595P   1688
1.,1.,1.,1.,-44.0573529429433,-31.2751022129082,                     595P   1689
-6.1500000238653,-44.0452844065464,-31.2740601665393,                595P   1690
-5.43333273436639,-44.0332169942169,-31.2730861908672,               595P   1691
-4.71666742564004,-44.0211506533485,-31.272180060906,-4.,            595P   1692
-0.214545918322077,0.000489389459463065,0.,0.,0.;                    595P   1693
126,2,2,0,0,0,0,-1.64575130946107,-1.64575130946107,                 597P   1694
-1.64575130946107,-1.49584134412872,-1.49584134412872,               597P   1695
-1.49584134412872,1.,0.997192190238237,1.,-43.5343993466515,         597P   1696
-31.272180060906,-4.,-43.777775,-31.2539036029681,-4.,               597P   1697
-44.0211506533485,-31.272180060906,-4.,-1.64575130946107,            597P   1698
-1.49584134412872,0.,0.,0.;                                          597P   1699
126,2,2,0,0,0,0,1.48466589142912,1.48466589142912,                   599P   1700
1.48466589142912,1.65692676216067,1.65692676216067,                  599P   1701
1.65692676216067,1.,0.996293066544643,1.,-44.0573529429429,          599P   1702
-31.2751022129082,-6.15000002384186,-43.777775,                      599P   1703
-31.2509623198757,-6.15000002384186,-43.498197057057,                599P   1704
-31.2751022129082,-6.15000002384186,1.48466589142912,                599P   1705
1.65692676216067,0.,0.,0.;                                           599P   1706
126,1,1,0,0,1,0,0.134423997896882,0.134423997896882,                 601P   1707
0.46923344179099,0.46923344179099,1.,1.,-44.277775,                  601P   1708
-27.6860518503604,-4.,-44.277775,-31.0341462893015,-4.,              601P   1709
0.134423997896882,0.46923344179099,0.,0.,0.;                         601P   1710
126,2,2,0,0,0,0,51.7683125591052,51.7683125591052,                   603P   1711
51.7683125591052,53.0302820976545,53.0302820976545,                  603P   1712
53.0302820976545,1.,1.,1.,-44.2777750000028,-27.6860518503684,       603P   1713
-4.00000000016271,-44.387636025439,-27.7801308644811,                603P   1714
-10.2939339321145,-44.5055435109085,-27.8742098785938,               603P   1715
-17.0488492506429,51.7683125591052,53.0302820976545,0.,0.,0.;        603P   1716
126,6,3,0,0,1,0,0.0797904446445682,0.0797904446445682,               605P   1717
0.0797904446445682,0.0797904446445682,0.127074239009848,             605P   1718
0.127074239009848,0.127074239009848,0.444946143616943,               605P   1719
0.444946143616943,0.444946143616943,0.444946143616943,1.,1.,1.,      605P   1720
1.,1.,1.,1.,-44.5055435109098,-27.87420987859,-17.0488492507211,     605P   1721
-44.5058143713151,-28.0102767904333,-17.064366832947,                605P   1722
-44.5060831754567,-28.1467183776875,-17.0797666119021,               605P   1723
-44.5063504819193,-28.283862305349,-17.0950805888902,                605P   1724
-44.5081474869087,-29.2058314932337,-17.1980309357835,               605P   1725
-44.5095691436694,-29.9892522261688,-17.2794775970568,               605P   1726
-44.5110239528501,-30.7564997814823,-17.3628235591981,               605P   1727
0.0797904446445682,0.444946143616943,0.,0.,0.;                       605P   1728
126,1,1,0,0,1,0,0.0434807699199284,0.0434807699199284,               607P   1729
0.113412062095417,0.113412062095417,1.,1.,-44.3153033900118,         607P   1730
-31.0385064834692,-6.15000002384186,-44.3153033900118,               607P   1731
-31.7378194052241,-6.15000002384186,0.0434807699199284,              607P   1732
0.113412062095417,0.,0.,0.;                                          607P   1733
126,60,3,0,0,1,0,0.,0.,0.,0.,0.00233909810994747,                    609P   1734
0.00233909810994747,0.00233909810994747,0.00492894057952328,         609P   1735
0.00492894057952328,0.00492894057952328,0.005418310900152,           609P   1736
0.005418310900152,0.005418310900152,0.00767543974953299,             609P   1737
0.00767543974953299,0.00767543974953299,0.0104540732561203,          609P   1738
0.0104540732561203,0.0104540732561203,0.0115896664188612,            609P   1739
0.0115896664188612,0.0115896664188612,0.0143588859017271,            609P   1740
0.0143588859017271,0.0143588859017271,0.0154062919218126,            609P   1741
0.0154062919218126,0.0154062919218126,0.0183239257982051,            609P   1742
0.0183239257982051,0.0183239257982051,0.0212919579830142,            609P   1743
0.0212919579830142,0.0212919579830142,0.0231731212499863,            609P   1744
0.0231731212499863,0.0231731212499863,0.025268693177645,             609P   1745
0.025268693177645,0.025268693177645,0.0282554805608369,              609P   1746
0.0282554805608369,0.0282554805608369,0.0306433261826135,            609P   1747
0.0306433261826135,0.0306433261826135,0.033259163604111,             609P   1748
0.033259163604111,0.033259163604111,0.035176168218885,               609P   1749
0.035176168218885,0.035176168218885,0.037846444990068,               609P   1750
0.037846444990068,0.037846444990068,0.0403579261637732,              609P   1751
0.0403579261637732,0.0403579261637732,0.0425893549256871,            609P   1752
0.0425893549256871,0.0425893549256871,0.0435814745253458,            609P   1753
0.0435814745253458,0.0435814745253458,0.0435814745253458,1.,1.,      609P   1754
1.,1.,1.,1.,1.,1.,1.,1.,1.,1.,1.,1.,1.,1.,1.,1.,1.,1.,1.,1.,1.,      609P   1755
1.,1.,1.,1.,1.,1.,1.,1.,1.,1.,1.,1.,1.,1.,1.,1.,1.,1.,1.,1.,1.,      609P   1756
1.,1.,1.,1.,1.,1.,1.,1.,1.,1.,1.,1.,1.,1.,1.,1.,1.,                  609P   1757
-41.8931527610123,-31.8652822160847,-3.4,-41.8995049656933,          609P   1758
-31.8607608660158,-3.4,-41.9055854578465,-31.85586124111,            609P   1759
-3.39999953659677,-41.911336994065,-31.8506322845492,                609P   1760
-3.39999936090089,-41.9177050778579,-31.8448427993988,               609P   1761
-3.39999916637093,-41.9236712929701,-31.8386503072792,               609P   1762
-3.39999930865166,-41.9292063180201,-31.832082042642,                609P   1763
-3.39999943653181,-41.9302522028627,-31.8308409193655,               609P   1764
-3.39999946069573,-41.9312827816132,-31.8295862589771,               609P   1765
-3.39999948119941,-41.9322979606064,-31.8283180765949,               609P   1766
-3.39999949164459,-41.9369802833717,-31.8224688231351,               609P   1767
-3.39999953982101,-41.9413344029718,-31.8163349392374,               609P   1768
-3.39999942349823,-41.945335832553,-31.8099531320413,                609P   1769
-3.3999992403401,-41.9502617836398,-31.8020968223262,                609P   1770
-3.3999990148637,-41.9546146979493,-31.7939256885775,                609P   1771
-3.39999882979533,-41.9583584774781,-31.7855053989343,               609P   1772
-3.39999888975334,-41.9598885138884,-31.7820641306546,               609P   1773
-3.39999891425744,-41.9613169281076,-31.7785806089101,               609P   1774
-3.39999896938868,-41.962641350464,-31.7750569103146,                609P   1775
-3.39999903664134,-41.965871042499,-31.7664641368439,                609P   1776
-3.39999920064142,-41.968484477901,-31.7576359684102,                609P   1777
-3.39999944326716,-41.9704786099484,-31.7486502922056,               609P   1778
-3.39999954442574,-41.9712328534903,-31.745251626477,                609P   1779
-3.3999995826871,-41.9718982105082,-31.7418299514358,                609P   1780
-3.39999959982011,-41.972473325726,-31.7383880203741,                609P   1781
-3.39999958661811,-41.9740753555118,-31.7288002440264,               609P   1782
-3.3999995498429,-41.9749671336804,-31.7191326056246,                609P   1783
-3.39999931834634,-41.975123227244,-31.7094488404626,                609P   1784
-3.39999917608333,-41.9752820171197,-31.6995978009256,               609P   1785
-3.39999903136292,-41.9746806750595,-31.6897286320447,               609P   1786
-3.39999893920709,-41.9733522826378,-31.6799419633436,               609P   1787
-3.39999855168964,-41.9725103365697,-31.6737390920403,               609P   1788
-3.39999830607788,-41.971375230077,-31.6675689842099,                609P   1789
-3.3999979566573,-41.9699446329949,-31.6614583136939,                609P   1790
-3.39999762153984,-41.9683509812701,-31.6546511695096,               609P   1791
-3.39999724822682,-41.9663996026287,-31.6479549143837,               609P   1792
-3.39999690054778,-41.964086791301,-31.6414068421855,                609P   1793
-3.39999699329734,-41.9607903758441,-31.6320739726392,               609P   1794
-3.3999971254919,-41.9567604740008,-31.6230401224608,                609P   1795
-3.39999811342058,-41.952063519376,-31.6143311841621,                609P   1796
-3.39999872123247,-41.9483084470867,-31.6073686530144,               609P   1797
-3.39999920715959,-41.9441258355261,-31.6006141164929,               609P   1798
-3.39999947572329,-41.9395397563351,-31.5941027360608,               609P   1799
-3.39999935337681,-41.9345157977272,-31.5869696482076,               609P   1800
-3.39999921934868,-41.9290411429916,-31.5801743701439,               609P   1801
-3.39999859749776,-41.9231482166348,-31.5737702751398,               609P   1802
-3.3999978192702,-41.9188296122262,-31.5690770631017,                609P   1803
-3.39999724894965,-41.9142859930378,-31.5645946492476,               609P   1804
-3.39999661047757,-41.9095316581423,-31.5603620404429,               609P   1805
-3.39999623691023,-41.9029091440722,-31.554466260701,                609P   1806
-3.39999571655248,-41.8958762717584,-31.5490555450526,               609P   1807
-3.39999574204428,-41.8884684245742,-31.5441411882956,               609P   1808
-3.39999606811727,-41.8815011060768,-31.5395190777304,               609P   1809
-3.39999637479942,-41.8742390094751,-31.5353601527458,               609P   1810
-3.39999694479755,-41.8667224499513,-31.5316691795917,               609P   1811
-3.39999767505636,-41.8600440534387,-31.5283897826598,               609P   1812
-3.39999832388485,-41.8531639488406,-31.5254805768868,               609P   1813
-3.39999912416286,-41.8461458603504,-31.522964972806,                609P   1814
-3.39999962324822,-41.8430255352645,-31.5218465055011,               609P   1815
-3.39999984514748,-41.8398785036589,-31.5208060652104,               609P   1816
-3.40000000007528,-41.8367137026765,-31.5198466232906,               609P   1817
-3.39999999997787,0.,0.0435814745253458,0.,0.,0.;                    609P   1818
126,60,3,0,0,1,0,-0.0438006384221344,-0.0438006384221344,            611P   1819
-0.0438006384221344,-0.0438006384221344,-0.041597364758796,          611P   1820
-0.041597364758796,-0.041597364758796,-0.0391175719805051,           611P   1821
-0.0391175719805051,-0.0391175719805051,-0.0376465989793491,         611P   1822
-0.0376465989793491,-0.0376465989793491,-0.0353738362861403,         611P   1823
-0.0353738362861403,-0.0353738362861403,-0.0327606516166869,         611P   1824
-0.0327606516166869,-0.0327606516166869,-0.0304779296719078,         611P   1825
-0.0304779296719078,-0.0304779296719078,-0.027496093170352,          611P   1826
-0.027496093170352,-0.027496093170352,-0.025404243418036,            611P   1827
-0.025404243418036,-0.025404243418036,-0.0230432422569646,           611P   1828
-0.0230432422569646,-0.0230432422569646,-0.0200909762531326,         611P   1829
-0.0200909762531326,-0.0200909762531326,-0.0184067358853075,         611P   1830
-0.0184067358853075,-0.0184067358853075,-0.0153122892012326,         611P   1831
-0.0153122892012326,-0.0153122892012326,-0.0125651502099378,         611P   1832
-0.0125651502099378,-0.0125651502099378,-0.0116267678770645,         611P   1833
-0.0116267678770645,-0.0116267678770645,-0.00886758301874224,        611P   1834
-0.00886758301874224,-0.00886758301874224,-0.00762779240558731,      611P   1835
-0.00762779240558731,-0.00762779240558731,-0.00542708358790734,      611P   1836
-0.00542708358790734,-0.00542708358790734,-0.00271354179395367,      611P   1837
-0.00271354179395367,-0.00271354179395367,-0.000394082512873141,     611P   1838
-0.000394082512873141,-0.000394082512873141,0.,0.,0.,0.,1.,1.,       611P   1839
1.,1.,1.,1.,1.,1.,1.,1.,1.,1.,1.,1.,1.,1.,1.,1.,1.,1.,1.,1.,1.,      611P   1840
1.,1.,1.,1.,1.,1.,1.,1.,1.,1.,1.,1.,1.,1.,1.,1.,1.,1.,1.,1.,1.,      611P   1841
1.,1.,1.,1.,1.,1.,1.,1.,1.,1.,1.,1.,1.,1.,1.,1.,1.,                  611P   1842
-41.8881056823304,-31.4851474840309,-6.15000002384392,               611P   1843
-41.8951464220447,-31.4872367563617,-6.15000002377515,               611P   1844
-41.9020990577878,-31.489726861517,-6.14999922837472,                611P   1845
-41.9088771298247,-31.4925888447161,-6.14999847558109,               611P   1846
-41.9165058753444,-31.4958100175495,-6.14999762830903,               611P   1847
-41.9239144926176,-31.4995012914436,-6.14999680398808,               611P   1848
-41.9310445933635,-31.503644271283,-6.14999628382416,                611P   1849
-41.9352740538994,-31.5061018199707,-6.14999597527133,               611P   1850
-41.9394066207586,-31.508718819392,-6.14999575967458,                611P   1851
-41.9434366474904,-31.5114966696561,-6.14999564088203,               611P   1852
-41.949663338532,-31.515788654922,-6.14999545733871,                 611P   1853
-41.9556120158983,-31.5204418340755,-6.14999552423339,               611P   1854
-41.9612617826045,-31.5254496731556,-6.14999598903976,               611P   1855
-41.9677577902109,-31.531207603075,-6.14999652346638,                611P   1856
-41.9738589467655,-31.5374310286116,-6.14999753545181,               611P   1857
-41.9795291059694,-31.544024703616,-6.14999824698985,                611P   1858
-41.9844822181611,-31.5497845440151,-6.14999886854696,               611P   1859
-41.9891073367368,-31.5558283676504,-6.14999926283954,               611P   1860
-41.993382300945,-31.5621248187465,-6.1499992834489,                 611P   1861
-41.9989665309246,-31.5703496433914,-6.14999931037016,               611P   1862
-42.0039110954549,-31.5789418445337,-6.14999867953946,               611P   1863
-42.0081663314559,-31.5878423973774,-6.14999794515641,               611P   1864
-42.0111515100095,-31.594086408158,-6.14999742996418,                611P   1865
-42.0137974311036,-31.6004834963159,-6.1499968807588,                611P   1866
-42.0160796873032,-31.6070266409118,-6.14999679325666,               611P   1867
-42.0186555938811,-31.6144116703436,-6.14999669449591,               611P   1868
-42.0207690110263,-31.6219827846538,-6.14999716975487,               611P   1869
-42.022425240428,-31.6296858963339,-6.14999762331243,                611P   1870
-42.0244962388833,-31.63931809606,-6.14999819045428,                 611P   1871
-42.0258377773143,-31.6490818618736,-6.1499986678564,                611P   1872
-42.0264472943619,-31.6588757309734,-6.14999887088159,               611P   1873
-42.0267950181832,-31.6644630424398,-6.14999898670557,               611P   1874
-42.0269035842675,-31.6700604695678,-6.1499990342403,                611P   1875
-42.0267648748731,-31.6756489530039,-6.14999911822436,               611P   1876
-42.0265100247735,-31.6859166465992,-6.14999927252788,               611P   1877
-42.02542288651,-31.6961566693888,-6.14999953681361,                 611P   1878
-42.0235349783026,-31.7062923482469,-6.14999956869254,               611P   1879
-42.0218589609792,-31.7152904411007,-6.14999959699352,               611P   1880
-42.0195640106091,-31.7241397576355,-6.1499993978318,                611P   1881
-42.0166643434733,-31.732778120098,-6.14999919800378,                611P   1882
-42.0156738597664,-31.7357288578457,-6.14999912974546,               611P   1883
-42.0146125507195,-31.7386546424502,-6.14999906205415,               611P   1884
-42.0134802419019,-31.7415517571079,-6.14999900199085,               611P   1885
-42.0101508427489,-31.7500703263695,-6.14999882538291,               611P   1886
-42.0062075255057,-31.7583443845059,-6.14999875877059,               611P   1887
-42.0016844131783,-31.766331437248,-6.14999892634313,                611P   1888
-41.9996520331481,-31.7699202772587,-6.14999900163887,               611P   1889
-41.9975025816441,-31.7734505326559,-6.14999911631609,               611P   1890
-41.9952397568021,-31.7769148435981,-6.14999922594795,               611P   1891
-41.9912230958193,-31.7830642204016,-6.14999942055162,               611P   1892
-41.9868737655792,-31.7889700351412,-6.14999954446307,               611P   1893
-41.9822155193957,-31.7945979779601,-6.14999949740886,               611P   1894
-41.9764717582928,-31.8015374048985,-6.14999943938957,               611P   1895
-41.9702566148208,-31.8080542121075,-6.14999915136945,               611P   1896
-41.9635979547314,-31.8141257057578,-6.1499992832935,                611P   1897
-41.9579063191802,-31.8193154479349,-6.14999939605848,               611P   1898
-41.9518897413602,-31.8241788940469,-6.14999982036402,               611P   1899
-41.9455988241224,-31.8286730539747,-6.1499999800009,                611P   1900
-41.9445299799769,-31.8294366241103,-6.15000000712365,               611P   1901
-41.9434533223601,-31.8301894743821,-6.15000002388328,               611P   1902
-41.9423692424047,-31.8309313216504,-6.15000002388277,               611P   1903
-0.0438006384221344,0.,0.,0.,0.;                                     611P   1904
126,3,3,0,0,1,0,-0.273829175852324,-0.273829175852324,               613P   1905
-0.273829175852324,-0.273829175852324,0.00124427540490016,           613P   1906
0.00124427540490016,0.00124427540490016,0.00124427540490016,1.,      613P   1907
1.,1.,1.,-41.9423692424047,-31.8309313216504,-6.15000002388278,      613P   1908
-41.9256928395339,-31.842343162347,-5.23333618456464,                613P   1909
-41.909293770814,-31.8537934244849,-4.31667275020608,                613P   1910
-41.8931527610123,-31.8652822160847,-3.4,-0.273829175852324,         613P   1911
0.00124427540490016,0.,0.,0.;                                        613P   1912
126,2,2,0,0,0,0,2.1893823389698,2.1893823389698,2.1893823389698,     615P   1913
2.34927032729141,2.34927032729141,2.34927032729141,1.,               615P   1914
0.996806180429375,1.,-41.8931527610123,-31.8652822160847,-3.4,       615P   1915
-41.681027160804,-32.0162682351568,-3.4,-41.4956453220512,           615P   1916
-32.1991004590113,-3.4,2.1893823389698,2.34927032729141,0.,0.,       615P   1917
0.;                                                                  615P   1918
126,2,2,0,0,0,0,-1.25906082861128,-1.25906082861128,                 617P   1919
-1.25906082861128,-0.64955742900626,-0.64955742900626,               617P   1920
-0.64955742900626,1.,0.953921486017912,1.,-41.4956453220463,         617P   1921
-32.1991004589916,-3.4,-39.2679893059045,-31.4812557981118,-3.4,     617P   1922
-37.8523995628042,-29.6174269533314,-3.4,-1.25906082861128,          617P   1923
-0.64955742900626,0.,0.,0.;                                          617P   1924
126,1,1,0,0,1,0,-0.45470525137812,-0.45470525137812,                 619P   1925
-0.242050968540555,-0.242050968540555,1.,1.,-36.0689306811701,       619P   1926
-30.775625187296,-3.4,-37.8523995628042,-29.6174269533314,-3.4,      619P   1927
-0.45470525137812,-0.242050968540555,0.,0.,0.;                       619P   1928
126,1,1,0,0,1,0,-0.0297128677803164,-0.0297128677803164,             621P   1929
0.079712867780316,0.079712867780316,1.,1.,-35.4729554109545,         621P   1930
-29.8579037493912,-3.4,-36.0689306811701,-30.775625187296,-3.4,      621P   1931
-0.0297128677803164,0.079712867780316,0.,0.,0.;                      621P   1932
126,1,1,0,0,1,0,-0.544619098534949,-0.544619098534949,               623P   1933
-0.331964815697384,-0.331964815697384,1.,1.,-35.4729554109545,       623P   1934
-29.8579037493912,-3.4,-37.2564242925886,-28.6997055154266,-3.4,     623P   1935
-0.544619098534949,-0.331964815697384,0.,0.,0.;                      623P   1936
126,4,2,0,0,0,0,-0.502359877309997,-0.502359877309997,               625P   1937
-0.502359877309997,0.697677752473114,0.697677752473114,              625P   1938
1.89771538225622,1.89771538225622,1.89771538225622,1.,               625P   1939
0.825324991076687,1.,0.825324991076689,1.,-37.2564242925886,         625P   1940
-28.6997055154266,-3.4,-34.8053104556086,-24.2380293273581,-3.4,     625P   1941
-38.0757337470172,-20.3368955249843,-3.4,-41.3461570384257,          625P   1942
-16.4357617226104,-3.4,-46.1671679504786,-18.0704993880718,-3.4,     625P   1943
-0.502359877309997,1.89771538225622,0.,0.,0.;                        625P   1944
126,1,1,0,0,1,0,-0.518327817924931,-0.518327817924931,               627P   1945
-0.240921350151513,-0.240921350151513,1.,1.,-47.2954817051754,       627P   1946
-15.536265202521,-3.4,-46.1671679504786,-18.0704993880718,-3.4,      627P   1947
-0.518327817924931,-0.240921350151513,0.,0.,0.;                      627P   1948
126,1,1,0,0,1,0,-0.0933278179249288,-0.0933278179249288,             629P   1949
0.0433278179249369,0.0433278179249369,1.,1.,-47.2954817051754,       629P   1950
-15.536265202521,-3.4,-48.5438930590944,-16.0920937483506,-3.4,      629P   1951
-0.0933278179249288,0.0433278179249369,0.,0.,0.;                     629P   1952
126,1,1,0,0,1,0,-0.608241665081761,-0.608241665081761,               631P   1953
-0.330835197308341,-0.330835197308341,1.,1.,-48.5438930590944,       631P   1954
-16.0920937483506,-3.4,-47.4155793043977,-18.6263279339015,-3.4,     631P   1955
-0.608241665081761,-0.330835197308341,0.,0.,0.;                      631P   1956
126,2,2,0,0,0,0,-4.20154999488874,-4.20154999488874,                 633P   1957
-4.20154999488874,-3.14159265358979,-3.14159265358979,               633P   1958
-3.14159265358979,1.,0.862817853016332,1.,-47.4155793043977,         633P   1959
-18.6263279339015,-3.4,-51.2184277792441,-20.757675136414,-3.4,      633P   1960
-51.2184277792441,-25.117067,-3.4,-4.20154999488874,                 633P   1961
-3.14159265358979,0.,0.,0.;                                          633P   1962
126,2,2,0,0,0,0,-3.14159265358979,-3.14159265358979,                 635P   1963
-3.14159265358979,-2.66867239360176,-2.66867239360176,               635P   1964
-2.66867239360176,1.,0.972173323736219,1.,-51.2184277792441,         635P   1965
-25.117067,-3.4,-51.2184277792441,-26.9100267752126,-3.4,            635P   1966
-50.4017561856613,-28.5061947688039,-3.4,-3.14159265358979,          635P   1967
-2.66867239360176,0.,0.,0.;                                          635P   1968
126,1,1,0,0,1,0,-0.526531701021394,-0.526531701021394,               637P   1969
-0.240118934058233,-0.240118934058233,1.,1.,-52.8038157650195,       637P   1970
-30.0661104989519,-3.4,-50.4017561856613,-28.5061947688039,-3.4,     637P   1971
-0.526531701021394,-0.240118934058233,0.,0.,0.;                      637P   1972
126,1,1,0,0,1,0,-0.0515317010213922,-0.0515317010213922,             639P   1973
0.101531701021396,0.101531701021396,1.,1.,-51.9701727291724,         639P   1974
-31.3498082021807,-3.4,-52.8038157650195,-30.0661104989519,-3.4,     639P   1975
-0.0515317010213922,0.101531701021396,0.,0.,0.;                      639P   1976
126,1,1,0,0,1,0,-0.616445548178223,-0.616445548178223,               641P   1977
-0.330032781215061,-0.330032781215061,1.,1.,-51.9701727291724,       641P   1978
-31.3498082021807,-3.4,-49.5681131498143,-29.7898924720327,-3.4,     641P   1979
-0.616445548178223,-0.330032781215061,0.,0.,0.;                      641P   1980
126,2,2,0,0,0,0,-2.46259560726157,-2.46259560726157,                 643P   1981
-2.46259560726157,-1.88253182497851,-1.88253182497851,               643P   1982
-1.88253182497851,1.,0.958234755682565,1.,-49.5681131498143,         643P   1983
-29.7898924720327,-3.4,-48.1735199858551,-31.5180045209577,-3.4,     643P   1984
-46.0599046779536,-32.1991004589916,-3.4,-2.46259560726157,          643P   1985
-1.88253182497851,0.,0.,0.;                                          643P   1986
126,2,2,0,0,0,0,0.792322326298378,0.792322326298378,                 645P   1987
0.792322326298378,0.952210314619987,0.952210314619987,               645P   1988
0.952210314619987,1.,0.996806180428671,1.,-46.0599046779488,         645P   1989
-32.1991004590113,-3.4,-45.874522839196,-32.0162682351568,-3.4,      645P   1990
-45.6623972389877,-31.8652822160847,-3.4,0.792322326298378,          645P   1991
0.952210314619987,0.,0.,0.;                                          645P   1992
126,66,3,0,0,1,0,0.,0.,0.,0.,0.00226360065301556,                    647P   1993
0.00226360065301556,0.00226360065301556,0.0047103400563963,          647P   1994
0.0047103400563963,0.0047103400563963,0.00737822947385529,           647P   1995
0.00737822947385529,0.00737822947385529,0.00767112323370256,         647P   1996
0.00767112323370256,0.00767112323370256,0.00841455011405031,         647P   1997
0.00841455011405031,0.00841455011405031,0.0109927216253631,          647P   1998
0.0109927216253631,0.0109927216253631,0.0138143184251849,            647P   1999
0.0138143184251849,0.0138143184251849,0.0153981363525569,            647P   2000
0.0153981363525569,0.0153981363525569,0.0183213674276365,            647P   2001
0.0183213674276365,0.0183213674276365,0.0212810935678083,            647P   2002
0.0212810935678083,0.0212810935678083,0.0231627947188828,            647P   2003
0.0231627947188828,0.0231627947188828,0.0252660808360267,            647P   2004
0.0252660808360267,0.0252660808360267,0.0281932615722394,            647P   2005
0.0281932615722394,0.0281932615722394,0.0306342427944276,            647P   2006
0.0306342427944276,0.0306342427944276,0.0319994052661802,            647P   2007
0.0319994052661802,0.0319994052661802,0.0349201589162324,            647P   2008
0.0349201589162324,0.0349201589162324,0.0374687322748706,            647P   2009
0.0374687322748706,0.0374687322748706,0.0378409125662845,            647P   2010
0.0378409125662845,0.0378409125662845,0.0381705538356916,            647P   2011
0.0381705538356916,0.0381705538356916,0.0408758718197623,            647P   2012
0.0408758718197623,0.0408758718197623,0.0432106704019385,            647P   2013
0.0432106704019385,0.0432106704019385,0.0435811898038331,            647P   2014
0.0435811898038331,0.0435811898038331,0.0435811898038331,1.,1.,      647P   2015
1.,1.,1.,1.,1.,1.,1.,1.,1.,1.,1.,1.,1.,1.,1.,1.,1.,1.,1.,1.,1.,      647P   2016
1.,1.,1.,1.,1.,1.,1.,1.,1.,1.,1.,1.,1.,1.,1.,1.,1.,1.,1.,1.,1.,      647P   2017
1.,1.,1.,1.,1.,1.,1.,1.,1.,1.,1.,1.,1.,1.,1.,1.,1.,1.,1.,1.,1.,      647P   2018
1.,1.,-45.7188362973235,-31.5198466232906,-3.39999999997787,         647P   2019
-45.7116154898175,-31.5220356852426,-3.40000000020013,               647P   2020
-45.7044922055723,-31.5246452648565,-3.39999919528319,               647P   2021
-45.6975591852986,-31.5276416457435,-3.3999984479745,                647P   2022
-45.6900652424667,-31.5308804516583,-3.3999976402041,                647P   2023
-45.6827923193297,-31.534570445362,-3.39999686740385,                647P   2024
-45.6757973492224,-31.5386896436411,-3.39999640092379,               647P   2025
-45.6681701345304,-31.5431811581367,-3.39999589228066,               647P   2026
-45.6608717267292,-31.548181918972,-3.39999570448946,                647P   2027
-45.6539311593913,-31.5537016622919,-3.39999587371585,               647P   2028
-45.6531691904544,-31.5543076463194,-3.39999589229434,               647P   2029
-45.652411508766,-31.5549199298725,-3.39999591528171,                647P   2030
-45.6516581369747,-31.5555385594665,-3.39999594287261,               647P   2031
-45.6497459185621,-31.5571087734218,-3.39999601290421,               647P   2032
-45.6478654384011,-31.5587166098581,-3.39999611511471,               647P   2033
-45.6460173516855,-31.5603618715888,-3.39999625674037,               647P   2034
-45.6396082687662,-31.5660675664389,-3.39999674789188,               647P   2035
-45.633589969964,-31.5722189275008,-3.39999767784101,                647P   2036
-45.627997968073,-31.5787180741642,-3.3999983486742,                 647P   2037
-45.6218779816519,-31.5858308559735,-3.39999908284598,               647P   2038
-45.6162671339244,-31.5933605756873,-3.39999948527933,               647P   2039
-45.6112052959668,-31.6012419655951,-3.39999932735231,               647P   2040
-45.6083639864987,-31.6056659451762,-3.39999923870476,               647P   2041
-45.6056956774282,-31.6102017904703,-3.39999898740872,               647P   2042
-45.6032093511953,-31.6148447356585,-3.39999865441532,               647P   2043
-45.5986203728909,-31.6234141560569,-3.39999803981395,               647P   2044
-45.5946861502227,-31.6322790365259,-3.39999709283163,               647P   2045
-45.5914622346044,-31.6414067068835,-3.39999697437987,               647P   2046
-45.5881980700262,-31.6506483316002,-3.3999968544493,                647P   2047
-45.5856603246169,-31.6601600731538,-3.39999756196388,               647P   2048
-45.5838350108925,-31.6698341590854,-3.39999806936792,               647P   2049
-45.5826745336141,-31.6759846398295,-3.39999839195952,               647P   2050
-45.5818029721861,-31.6822014655989,-3.39999866000735,               647P   2051
-45.5812272903881,-31.6884595340737,-3.39999883235096,               647P   2052
-45.5805838175747,-31.6954545388521,-3.39999902498937,               647P   2053
-45.5803132765778,-31.7024627032916,-3.39999907692548,               647P   2054
-45.5804259019154,-31.7094487001892,-3.39999916138264,               647P   2055
-45.5805826446029,-31.7191712364505,-3.39999927892319,               647P   2056
-45.5814802488686,-31.7288524898136,-3.39999945750297,               647P   2057
-45.5830836546334,-31.7384342542672,-3.39999951165011,               647P   2058
-45.5844207375524,-31.746424504687,-3.39999955680351,                647P   2059
-45.5862497125879,-31.754345840695,-3.39999953834084,                647P   2060
-45.5885692347772,-31.7621441228221,-3.39999942911839,               647P   2061
-45.5898664691092,-31.7665054517857,-3.39999936803378,               647P   2062
-45.59131285767,-31.7708127918849,-3.39999926465502,                 647P   2063
-45.5929080353354,-31.7750568028658,-3.39999915577924,               647P   2064
-45.5963209045617,-31.7841368287382,-3.39999892284041,               647P   2065
-45.6004146708772,-31.7929307490559,-3.39999870995109,               647P   2066
-45.6051468539475,-31.8013998483842,-3.39999885311738,               647P   2067
-45.6092760333121,-31.808789763285,-3.39999897804055,                647P   2068
-45.6138926954569,-31.8159322156806,-3.39999939734838,               647P   2069
-45.6189627351734,-31.822756927116,-3.39999965859978,                647P   2070
-45.619703137192,-31.8237535721928,-3.39999969675157,                647P   2071
-45.6204531766513,-31.8247433555394,-3.39999972987493,               647P   2072
-45.6212127089617,-31.825725966704,-3.39999975469977,                647P   2073
-45.6218854291478,-31.8265962685419,-3.3999997766872,                647P   2074
-45.622565121933,-31.8274603309974,-3.39999979207839,                647P   2075
-45.623251698125,-31.8283180081875,-3.3999997999632,                 647P   2076
-45.6288863291379,-31.8353568402219,-3.3999998646727,                647P   2077
-45.6349868003505,-31.8419699903079,-3.39999951985145,               647P   2078
-45.6415270491055,-31.8481440460999,-3.39999953994173,               647P   2079
-45.6471715476858,-31.853472505377,-3.39999955728046,                647P   2080
-45.6531446564503,-31.8584730058011,-3.39999985366286,               647P   2081
-45.6593989814145,-31.8631051598663,-3.3999999699735,                647P   2082
-45.6603915076061,-31.8638402566608,-3.39999998843135,               647P   2083
-45.661391026951,-31.8645660179945,-3.4,-45.6623972389877,           647P   2084
-31.8652822160847,-3.4,0.,0.0435811898038331,0.,0.,0.;               647P   2085
126,3,3,0,0,1,0,-0.22637785874233,-0.22637785874233,                 649P   2086
-0.22637785874233,-0.22637785874233,0.0486955925136837,              649P   2087
0.0486955925136837,0.0486955925136837,0.0486955925136837,1.,1.,      649P   2088
1.,1.,-45.6623972389877,-31.8652822160847,-3.4,                      649P   2089
-45.6462562291868,-31.8537934244856,-4.31667275015767,               649P   2090
-45.6298571604699,-31.8423431623456,-5.23333618468063,               649P   2091
-45.6131807575953,-31.8309313216504,-6.15000002388342,               649P   2092
-0.22637785874233,0.0486955925136837,0.,0.,0.;                       649P   2093
126,63,3,0,0,1,0,-0.0438003520645113,-0.0438003520645113,            651P   2094
-0.0438003520645113,-0.0438003520645113,-0.0414841382892678,         651P   2095
-0.0414841382892678,-0.0414841382892678,-0.038923503482152,          651P   2096
-0.038923503482152,-0.038923503482152,-0.0383789930639433,           651P   2097
-0.0383789930639433,-0.0383789930639433,-0.0376407399395446,         651P   2098
-0.0376407399395446,-0.0376407399395446,-0.0350797551417983,         651P   2099
-0.0350797551417983,-0.0350797551417983,-0.0321803609661832,         651P   2100
-0.0321803609661832,-0.0321803609661832,-0.0304685106527684,         651P   2101
-0.0304685106527684,-0.0304685106527684,-0.027545171314624,          651P   2102
-0.027545171314624,-0.027545171314624,-0.0254015738787359,           651P   2103
-0.0254015738787359,-0.0254015738787359,-0.0230326560074135,         651P   2104
-0.0230326560074135,-0.0230326560074135,-0.0200898839898234,         651P   2105
-0.0200898839898234,-0.0200898839898234,-0.0184041203019455,         651P   2106
-0.0184041203019455,-0.0184041203019455,-0.015304000103832,          651P   2107
-0.015304000103832,-0.015304000103832,-0.0124793812996325,           651P   2108
-0.0124793812996325,-0.0124793812996325,-0.00989683057233863,        651P   2109
-0.00989683057233863,-0.00989683057233863,-0.00843476036328195,      651P   2110
-0.00843476036328195,-0.00843476036328195,-0.00762344525570232,      651P   2111
-0.00762344525570232,-0.00762344525570232,-0.00500360738892254,      651P   2112
-0.00500360738892254,-0.00500360738892254,-0.00250180369446127,      651P   2113
-0.00250180369446127,-0.00250180369446127,-0.000325478909481334,     651P   2114
-0.000325478909481334,-0.000325478909481334,0.,0.,0.,0.,1.,1.,       651P   2115
1.,1.,1.,1.,1.,1.,1.,1.,1.,1.,1.,1.,1.,1.,1.,1.,1.,1.,1.,1.,1.,      651P   2116
1.,1.,1.,1.,1.,1.,1.,1.,1.,1.,1.,1.,1.,1.,1.,1.,1.,1.,1.,1.,1.,      651P   2117
1.,1.,1.,1.,1.,1.,1.,1.,1.,1.,1.,1.,1.,1.,1.,1.,1.,1.,1.,1.,         651P   2118
-45.6131807575953,-31.8309313216504,-6.15000002388342,               651P   2119
-45.6068090578284,-31.8265711007735,-6.15000002388642,               651P   2120
-45.6006970957276,-31.8218325138611,-6.14999962736345,               651P   2121
-45.5949008569667,-31.8167599819121,-6.14999952404366,               651P   2122
-45.5884929636712,-31.8111521653938,-6.14999940982093,               651P   2123
-45.5824694918271,-31.8051369785659,-6.14999963682575,               651P   2124
-45.5768581357995,-31.798734979296,-6.14999974592856,                651P   2125
-45.5756648997282,-31.7973736155864,-6.1499997691289,                651P   2126
-45.5744901890457,-31.795994607162,-6.14999978300741,                651P   2127
-45.5733341251164,-31.7945979007819,-6.1499997772729,                651P   2128
-45.571766721116,-31.7927042311394,-6.14999976949799,                651P   2129
-45.5702336005406,-31.7907780550933,-6.14999972612634,               651P   2130
-45.5687357767099,-31.7888209367072,-6.14999965625106,               651P   2131
-45.5635398568641,-31.7820317335617,-6.14999941385517,               651P   2132
-45.5588008007076,-31.7749137594862,-6.14999896584032,               651P   2133
-45.5545552242358,-31.7675399667892,-6.14999882308153,               651P   2134
-45.5497486358854,-31.7591917986874,-6.14999866145855,               651P   2135
-45.5455727284349,-31.7505158402472,-6.14999885839314,               651P   2136
-45.5420691175472,-31.7415516328088,-6.14999909917324,               651P   2137
-45.5400005276856,-31.7362590163575,-6.14999924133379,               651P   2138
-45.5381661528635,-31.7308648621591,-6.1499993827257,                651P   2139
-45.5365671092479,-31.7253876554305,-6.14999945173088,               651P   2140
-45.5338364107352,-31.7160341893199,-6.14999956957153,               651P   2141
-45.5318109646647,-31.7065105730421,-6.14999953627515,               651P   2142
-45.5304996145156,-31.696902703925,-6.14999941869738,                651P   2143
-45.5295380406126,-31.6898575404247,-6.14999933248111,               651P   2144
-45.5289608808189,-31.682765719314,-6.14999919217551,                651P   2145
-45.5287842161375,-31.6756487882789,-6.14999910141298,               651P   2146
-45.528588981662,-31.6677837736845,-6.1499990011101,                 651P   2147
-45.5288822404243,-31.6598877367269,-6.14999894525509,               651P   2148
-45.5296497234245,-31.6520120928237,-6.14999868967498,               651P   2149
-45.5306031239303,-31.6422286280697,-6.14999837218235,               651P   2150
-45.5322795894584,-31.6325518869501,-6.14999774825328,               651P   2151
-45.5346648533767,-31.6230804107087,-6.14999723762348,               651P   2152
-45.5360312491679,-31.617654686044,-6.14999694510977,                651P   2153
-45.5376311866567,-31.6122963072144,-6.14999670715415,               651P   2154
-45.5394692950111,-31.6070264791439,-6.14999677238382,               651P   2155
-45.5428495771212,-31.5973352628962,-6.14999689234122,               651P   2156
-45.5470339255318,-31.5879406429831,-6.14999797498312,               651P   2157
-45.5519556701906,-31.5788819037469,-6.14999861881588,               651P   2158
-45.5564400293846,-31.5706281962925,-6.14999920543252,               651P   2159
-45.5615025821689,-31.5627160675,-6.14999943287554,                  651P   2160
-45.56709682126,-31.5551842111601,-6.14999908459965,                 651P   2161
-45.5722116375361,-31.5482978302299,-6.14999876617079,               651P   2162
-45.5777722240037,-31.541729012606,-6.14999798666034,                651P   2163
-45.5837474537645,-31.5355490064601,-6.14999719179555,               651P   2164
-45.5871302354978,-31.5320502938183,-6.14999674179543,               651P   2165
-45.5906459011251,-31.528676988944,-6.14999629668121,                651P   2166
-45.5942871830206,-31.5254494752412,-6.14999600194853,               651P   2167
-45.5963077610985,-31.5236585006281,-6.14999583839888,               651P   2168
-45.5983669819008,-31.5219125574755,-6.14999572222454,               651P   2169
-45.6004639985376,-31.5202119045424,-6.14999564466934,               651P   2170
-45.6072355273077,-31.5147202837025,-6.1499953942339,                651P   2171
-45.6143529985096,-31.5097379019932,-6.14999549874254,               651P   2172
-45.6217921827528,-31.5052502972651,-6.14999594993995,               651P   2173
-45.6288962019974,-31.5009648770754,-6.14999638080912,               651P   2174
-45.6362953542589,-31.4971314132731,-6.14999717005046,               651P   2175
-45.6439330380157,-31.4937699956339,-6.14999806665891,               651P   2176
-45.6505770766734,-31.4908458907023,-6.14999884662067,               651P   2177
-45.6574021759689,-31.4882797612809,-6.14999972786413,               651P   2178
-45.6643298773494,-31.4860995834628,-6.1499999678783,                651P   2179
-45.665365945452,-31.4857735283153,-6.15000000377347,                651P   2180
-45.6664042149443,-31.4854561245778,-6.15000002383355,               651P   2181
-45.6674443176696,-31.4851474840309,-6.15000002384406,               651P   2182
-0.0438003520645113,0.,0.,0.,0.;                                     651P   2183
126,2,2,0,0,0,0,0.80906799218874,0.80906799218874,                   653P   2184
0.80906799218874,0.970677873561265,0.970677873561265,                653P   2185
0.970677873561265,1.,0.996737056792883,1.,-46.020837817761,          653P   2186
-32.1612108927882,-6.15000002384186,-45.8303825174935,               653P   2187
-31.9795648136788,-6.15000002384186,-45.6131807575943,               653P   2188
-31.830931321651,-6.15000002384186,0.80906799218874,                 653P   2189
0.970677873561265,0.,0.,0.;                                          653P   2190
126,2,2,0,0,0,0,1.26251870159947,1.26251870159947,                   655P   2191
1.26251870159947,1.87907395199033,1.87907395199033,                  655P   2192
1.87907395199033,1.,0.952857582351151,1.,-41.534712182239,           655P   2193
-32.1612108927882,-6.15000002384186,-43.777775,                      655P   2194
-32.8754681369614,-6.15000002384186,-46.020837817761,                655P   2195
-32.1612108927882,-6.15000002384186,1.26251870159947,                655P   2196
1.87907395199033,0.,0.,0.;                                           655P   2197
126,2,2,0,0,0,0,2.17091478002853,2.17091478002853,                   657P   2198
2.17091478002853,2.33252466140105,2.33252466140105,                  657P   2199
2.33252466140105,1.,0.996737056793206,1.,-41.9423692424057,          657P   2200
-31.830931321651,-6.15000002384186,-41.7251674825064,                657P   2201
-31.9795648136789,-6.15000002384186,-41.534712182239,                657P   2202
-32.1612108927882,-6.15000002384186,2.17091478002853,                657P   2203
2.33252466140105,0.,0.,0.;                                           657P   2204
126,2,2,0,0,0,0,-1.80367006330502,-1.80367006330502,                 659P   2205
-1.80367006330502,-1.41633307938658,-1.41633307938658,               659P   2206
-1.41633307938658,1.,0.981304801516293,1.,-43.277775,                659P   2207
-27.6468265066293,-4.,-43.7739284310229,-27.7645025378227,-4.,       659P   2208
-44.277775,-27.6860518503604,-4.,-1.80367006330502,                  659P   2209
-1.41633307938658,0.,0.,0.;                                          659P   2210
126,6,3,0,0,1,0,4.46660432636294,4.46660432636294,                   661P   2211
4.46660432636294,4.46660432636294,4.67134142433439,                  661P   2212
4.67134142433439,4.67134142433439,4.71682365387744,                  661P   2213
4.71682365387744,4.71682365387744,4.71682365387744,1.,1.,1.,1.,      661P   2214
1.,1.,1.,-41.4956453220651,-32.1991004589976,-3.39999999999962,      661P   2215
-41.5061532489204,-32.1887370509747,-4.14974318847817,               661P   2216
-41.5167807380766,-32.1783969091358,-4.89978138281387,               661P   2217
-41.5275302217504,-32.1680816648424,-5.65000002384132,               661P   2218
-41.5299182134175,-32.1657901392058,-5.81666066706017,               661P   2219
-41.5323121993484,-32.1634998681089,-5.98332832749578,               661P   2220
-41.534712182239,-32.1612108927882,-6.15000002384186,                661P   2221
4.46660432636294,4.71682365387744,0.,0.,0.;                          661P   2222
126,6,3,0,0,1,0,5.28068250790479,5.28068250790479,                   663P   2223
5.28068250790479,5.28068250790479,5.32616473732749,                  663P   2224
5.32616473732749,5.32616473732749,5.53090183529894,                  663P   2225
5.53090183529894,5.53090183529894,5.53090183529894,1.,1.,1.,1.,      663P   2226
1.,1.,1.,-46.020837817761,-32.1612108927882,-6.15000002384186,       663P   2227
-46.0232378006516,-32.1634998681089,-5.98332832749576,               663P   2228
-46.0256317865825,-32.1657901392058,-5.81666066706015,               663P   2229
-46.0280197782496,-32.1680816648424,-5.65000002384132,               663P   2230
-46.0387692619514,-32.1783969091633,-4.89978138082892,               663P   2231
-46.049396751053,-32.1887370509485,-4.14974319037231,                663P   2232
-46.0599046779349,-32.1991004589976,-3.39999999999962,               663P   2233
5.28068250790479,5.53090183529894,0.,0.,0.;                          663P   2234
126,12,3,0,0,1,0,0.,0.,0.,0.,0.227468074419335,                      665P   2235
0.227468074419335,0.227468074419335,0.568670186048337,               665P   2236
0.568670186048337,0.568670186048337,0.869851708244294,               665P   2237
0.869851708244294,0.869851708244294,1.32162399153823,                665P   2238
1.32162399153823,1.32162399153823,1.32162399153823,1.,1.,1.,1.,      665P   2239
1.,1.,1.,1.,1.,1.,1.,1.,1.,-49.1725905788253,-28.7657953488699,      665P   2240
-21.4995056963692,-48.7385914843185,-29.4044043216097,               665P   2241
-21.4534670949307,-48.1918074620028,-29.9591150217671,               665P   2242
-21.2641494128067,-47.6239813107403,-30.3911423565782,               665P   2243
-20.9602579107494,-46.7722420838467,-31.0391833587948,               665P   2244
-20.5044206576634,-45.8731580668231,-31.4111867889824,               665P   2245
-19.7907923097273,-45.0473240122711,-31.6128956097347,               665P   2246
-19.0074984105684,-44.3183544392408,-31.7909454154188,               665P   2247
-18.3160793342059,-43.6238032235471,-31.8369774184173,               665P   2248
-17.5658615422097,-42.9499020556356,-31.7927416050955,               665P   2249
-16.8059724790852,-41.9390503037685,-31.7263878851129,               665P   2250
-15.6661388843983,-40.9746611594117,-31.4569315784096,               665P   2251
-14.5045449296725,-40.0273725225522,-30.9131685267698,               665P   2252
-13.5079364379477,0.,1.32162399153823,0.,0.,0.;                      665P   2253
126,25,3,0,0,0,0,1.72148097642677,1.72148097642677,                  667P   2254
1.72148097642677,1.72148097642677,1.91051231114327,                  667P   2255
1.91051231114327,2.10711319630614,2.10711319630614,                  667P   2256
2.33189414215198,2.33189414215198,2.57890944771283,                  667P   2257
2.57890944771283,2.86976010147743,2.86976010147743,                  667P   2258
3.17619880089168,3.17619880089168,3.2898251348471,                   667P   2259
3.2898251348471,3.60831794011955,3.60831794011955,                   667P   2260
3.96475101870594,3.96475101870594,4.33003941600436,                  667P   2261
4.33003941600436,4.58939206516792,4.58939206516792,                  667P   2262
4.76336837742274,4.76336837742274,4.76336837742274,                  667P   2263
4.76336837742274,1.,1.,1.,1.,1.,1.,1.,1.,1.,1.,1.,1.,1.,1.,1.,       667P   2264
1.,1.,1.,1.,1.,1.,1.,1.,1.,1.,1.,-37.6993269304635,                  667P   2265
-28.5881430713885,-11.6338358135167,-37.4022369203726,               667P   2266
-28.0687351906761,-11.5139010630121,-37.1672378651417,               667P   2267
-27.4814455679561,-11.4941391793677,-36.8673532689206,               667P   2268
-26.2378778227355,-11.60102491068,-36.8075944869677,                 667P   2269
-25.5811619224451,-11.7294741620935,-36.8731155766618,               667P   2270
-24.2003603856708,-12.0816845582902,-37.0251165069149,               667P   2271
-23.4798715813104,-12.3160028406035,-37.5574608395358,               667P   2272
-22.0679750210742,-12.8518692035564,-37.9595288187329,               667P   2273
-21.386346879005,-13.1590282344578,-39.0404925647762,                667P   2274
-20.1020892520015,-13.8655215841012,-39.7547872741926,               667P   2275
-19.534531569257,-14.2741876904802,-41.386842108931,                 667P   2276
-18.6917534587258,-15.1278003922775,-42.3149105338965,               667P   2277
-18.4340710592263,-15.5715310476512,-43.6103980353142,               667P   2278
-18.3530709905233,-16.1575936560551,-43.9622587588247,               667P   2279
-18.3583888983421,-16.3144075740938,-45.2883699338858,               667P   2280
-18.4820300909985,-16.9090955155225,-46.2386966292775,               667P   2281
-18.789656326589,-17.3461750227403,-48.0097624339571,                667P   2282
-19.8295034011235,-18.2902865366539,-48.8016443951833,               667P   2283
-20.6065035535485,-18.7982721290173,-49.9466306255226,               667P   2284
-22.4728335865395,-19.7998011036922,-50.290922754563,                667P   2285
-23.5703382980989,-20.2976194015623,-50.3697093465099,               667P   2286
-25.5354971550732,-21.0060052920539,-50.2514418612887,               667P   2287
-26.3789449514589,-21.2576557337096,-49.7730841276209,               667P   2288
-27.7433421301465,-21.4928333206877,-49.5045297407362,               667P   2289
-28.2773627003159,-21.5347177854507,-49.1725905788253,               667P   2290
-28.7657953488699,-21.4995056963692,1.72148097642677,                667P   2291
4.76336837742274,0.,0.,0.;                                           667P   2292
126,3,3,0,0,1,0,1.58306370074673,1.58306370074673,                   669P   2293
1.58306370074673,1.58306370074673,1.72148097642677,                  669P   2294
1.72148097642677,1.72148097642677,1.72148097642677,1.,1.,1.,1.,      669P   2295
-38.4310736305241,-29.6138597609581,-12.0527148514992,               669P   2296
-38.165712548211,-29.3122449750416,-11.8630560728625,                669P   2297
-37.916383695964,-28.9683784869172,-11.7212865843821,                669P   2298
-37.6993269304635,-28.5881430713885,-11.6338358135167,               669P   2299
1.58306370074673,1.72148097642677,0.,0.,0.;                          669P   2300
126,3,3,0,0,1,0,1.32162399153823,1.32162399153823,                   671P   2301
1.32162399153823,1.32162399153823,1.58306370074673,                  671P   2302
1.58306370074673,1.58306370074673,1.58306370074673,1.,1.,1.,1.,      671P   2303
-40.0273725225522,-30.9131685267698,-13.5079364379477,               671P   2304
-39.4786624030593,-30.5984338510599,-12.9306349119384,               671P   2305
-38.9324025325536,-30.1838018694368,-12.4110002115908,               671P   2306
-38.4310736305241,-29.6138597609581,-12.0527148514992,               671P   2307
1.32162399153823,1.58306370074673,0.,0.,0.;                          671P   2308
126,2,2,0,0,0,0,0.508280250516023,0.508280250516023,                 673P   2309
0.508280250516023,0.643637055800235,0.643637055800235,               673P   2310
0.643637055800235,1.,0.997710690930448,1.,-37.3189198129741,         673P   2311
-28.7153149553998,-6.1,-37.5628159785803,-29.1531085799213,-6.1,     673P   2312
-37.8635588479891,-29.5539855233453,-6.1,0.508280250516023,          673P   2313
0.643637055800235,0.,0.,0.;                                          673P   2314
126,1,1,0,0,1,0,0.342849050823869,0.342849050823869,                 675P   2315
0.555181630455971,0.555181630455971,1.,1.,-37.3189198129741,         675P   2316
-28.7153149553998,-6.1,-35.5381489614403,-29.8717610681306,-6.1,     675P   2317
0.342849050823869,0.555181630455971,0.,0.,0.;                        675P   2318
126,1,1,0,0,1,0,-0.00147794757614754,-0.00147794757614754,           677P   2319
0.0985220524238532,0.0985220524238532,1.,1.,-35.5381489614403,       677P   2320
-29.8717610681306,-6.1,-36.0827879964554,-30.710431636076,-6.1,      677P   2321
-0.00147794757614754,0.0985220524238532,0.,0.,0.;                    677P   2322
126,1,1,0,0,1,0,-0.465267783299142,-0.465267783299142,               679P   2323
-0.252935203667039,-0.252935203667039,1.,1.,-36.0827879964554,       679P   2324
-30.710431636076,-6.1,-37.8635588479891,-29.5539855233452,-6.1,      679P   2325
-0.465267783299142,-0.252935203667039,0.,0.,0.;                      679P   2326
126,2,2,0,0,0,0,-2.05862540476253,-2.05862540476253,                 681P   2327
-2.05862540476253,-1.92072528978454,-1.92072528978454,               681P   2328
-1.92072528978454,1.,0.997623886368544,1.,-47.1793740024592,         681P   2329
-18.7062472181878,-13.9,-46.7366457945577,-18.4713343861923,         681P   2330
-13.9,-46.2658285448166,-18.299510575112,-13.9,                      681P   2331
-2.05862540476253,-1.92072528978454,0.,0.,0.;                        681P   2332
126,1,1,0,0,1,0,0.288304816368439,0.288304816368439,                 683P   2333
0.564291791289428,0.564291791289428,1.,1.,-47.1793740024592,         683P   2334
-18.7062472181878,-13.9,-48.3019141595793,-16.1849807451119,         683P   2335
-13.9,0.288304816368439,0.564291791289428,0.,0.,0.;                  683P   2336
126,1,1,0,0,1,0,-0.0364076742487487,-0.0364076742487487,             685P   2337
0.0635923257512537,0.0635923257512537,1.,1.,-48.3019141595793,       685P   2338
-16.1849807451119,-13.9,-47.3883687019367,-15.7782441020361,         685P   2339
-13.9,-0.0364076742487487,0.0635923257512537,0.,0.,0.;               685P   2340
126,1,1,0,0,1,0,-0.4743779441326,-0.4743779441326,                   687P   2341
-0.19839096921161,-0.19839096921161,1.,1.,-47.3883687019367,         687P   2342
-15.7782441020361,-13.9,-46.2658285448166,-18.299510575112,          687P   2343
-13.9,-0.4743779441326,-0.19839096921161,0.,0.,0.;                   687P   2344
126,4,3,0,0,1,0,-1.,-1.,-1.,-1.,-0.5,0.,0.,0.,0.,1.,1.,1.,1.,1.,     689P   2345
-37.6993269304635,-28.5881430713885,-11.6338358135167,               689P   2346
-37.6291116053611,-28.648541391847,-11.562892440904,                 689P   2347
-37.5140231971068,-28.7662422742838,-11.3733707821848,               689P   2348
-37.4921038299264,-28.8404281017988,-11.1345543193877,               689P   2349
-37.5031783875258,-28.8628595861755,-11.0206012861076,-1.,0.,0.,     689P   2350
0.,0.;                                                               689P   2351
126,13,3,0,0,1,0,0.,0.,0.,0.,0.0178571428571429,                     691P   2352
0.0357142857142857,0.0714285714285714,0.142857142857143,             691P   2353
0.285714285714286,0.428571428571429,0.571428571428571,               691P   2354
0.785714285714286,0.857142857142857,0.928571428571429,1.,1.,1.,      691P   2355
1.,1.,1.,1.,1.,1.,1.,1.,1.,1.,1.,1.,1.,1.,1.,-49.6957539739128,      691P   2356
-29.0946368010338,-21.1706237093598,-49.695564490468,                691P   2357
-29.0947885633718,-21.1747832977202,-49.6950732273707,               691P   2358
-29.0950218179613,-21.1831777705457,-49.6936263448941,               691P   2359
-29.0951952026422,-21.2002400273834,-49.6897862341095,               691P   2360
-29.0946684805042,-21.2308028047195,-49.6765552744164,               691P   2361
-29.090034838331,-21.294057265617,-49.6389530795095,                 691P   2362
-29.0710698033449,-21.3873626272138,-49.5611248184154,               691P   2363
-29.0254584269325,-21.4856433325875,-49.4409852967965,               691P   2364
-28.9499548185777,-21.5613427711542,-49.329345708737,                691P   2365
-28.8756144115432,-21.5693527715925,-49.2507642239309,               691P   2366
-28.8213453928725,-21.5460239132734,-49.2084320470876,               691P   2367
-28.7915816216278,-21.5255681515258,-49.1839379092217,               691P   2368
-28.7740113263077,-21.508534183806,-49.1725905788253,                691P   2369
-28.7657953488699,-21.4995056963692,0.,1.,0.,0.,0.;                  691P   2370
126,5,3,0,0,0,0,-4.76336837742274,-4.76336837742274,                 693P   2371
-4.76336837742274,-4.76336837742274,-4.58939206516792,               693P   2372
-4.58939206516792,-4.35820490525994,-4.35820490525994,               693P   2373
-4.35820490525994,-4.35820490525994,1.,1.,1.,1.,1.,1.,               693P   2374
-49.6957539739128,-29.0946368010338,-21.1706237093598,               693P   2375
-50.038579056069,-28.5836312245615,-21.2005822440653,                693P   2376
-50.3175058242602,-28.0242296520373,-21.1528363572684,               693P   2377
-50.7855018005508,-26.6837200884239,-20.9187101924466,               693P   2378
-50.9165234718296,-25.893293856745,-20.6960861879372,                693P   2379
-50.9210869097227,-25.117067,-20.4346470061341,                      693P   2380
-4.76336837742274,-4.35820490525994,0.,0.,0.;                        693P   2381
126,23,3,0,0,0,0,-4.35820490525994,-4.35820490525994,                695P   2382
-4.35820490525994,-4.35820490525994,-4.33003941600436,               695P   2383
-4.33003941600436,-3.96475101870594,-3.96475101870594,               695P   2384
-3.60831794011955,-3.60831794011955,-3.2898251348471,                695P   2385
-3.2898251348471,-3.17619880089168,-3.17619880089168,                695P   2386
-2.86976010147743,-2.86976010147743,-2.57890944771283,               695P   2387
-2.57890944771283,-2.33189414215198,-2.33189414215198,               695P   2388
-2.10711319630614,-2.10711319630614,-1.91051231114327,               695P   2389
-1.91051231114327,-1.72148097642677,-1.72148097642677,               695P   2390
-1.72148097642677,-1.72148097642677,1.,1.,1.,1.,1.,1.,1.,1.,1.,      695P   2391
1.,1.,1.,1.,1.,1.,1.,1.,1.,1.,1.,1.,1.,1.,1.,-50.9210869097227,      695P   2392
-25.117067,-20.4346470061341,-50.9216428725236,                      695P   2393
-25.0224994245247,-20.402795918604,-50.9203333288675,                695P   2394
-24.9282571175508,-20.3703794118471,-50.8763269231761,               695P   2395
-23.614386989937,-19.9096041575718,-50.5247639223127,                695P   2396
-22.4395736645377,-19.3984149617507,-49.3323012468172,               695P   2397
-20.4237176990658,-18.3726682935374,-48.5009207726605,               695P   2398
-19.5747595748106,-17.8535570505703,-46.6267986728486,               695P   2399
-18.4180069938738,-16.8914951990943,-45.6159588666647,               695P   2400
-18.0640496276732,-16.4475426602986,-44.2041628108288,               695P   2401
-17.8965821256922,-15.8465827079125,-43.8294993146815,               695P   2402
-17.8814608681629,-15.6883868147557,-42.4505682197565,               695P   2403
-17.9324896585232,-15.0980266621842,-41.4598917774312,               695P   2404
-18.1807102377538,-14.6505178702091,-39.7013794713145,               695P   2405
-19.0352404260245,-13.7825275948651,-38.9236833183163,               695P   2406
-19.622943282548,-13.3642436341505,-37.7380369410711,                695P   2407
-20.9708692106703,-12.6379054690716,-37.2931527894481,               695P   2408
-21.6911411243298,-12.3211527356733,-36.6987316606053,               695P   2409
-23.1953185896603,-11.7633551841434,-36.5253312676016,               695P   2410
-23.9679273112008,-11.5165013829873,-36.4470361396307,               695P   2411
-25.4695540136141,-11.137092733956,-36.512078610647,                 695P   2412
-26.193013325248,-10.9938234622288,-36.8625368893946,                695P   2413
-27.5906779351539,-10.8683364884141,-37.1443082818449,               695P   2414
-28.2663033040572,-10.885843585032,-37.5031783875258,                695P   2415
-28.8628595861755,-11.0206012861076,-4.35820490525994,               695P   2416
-1.72148097642677,0.,0.,0.;                                          695P   2417
126,3,3,0,0,1,0,-1.72148097642677,-1.72148097642677,                 697P   2418
-1.72148097642677,-1.72148097642677,-1.58306370074673,               697P   2419
-1.58306370074673,-1.58306370074673,-1.58306370074673,1.,1.,1.,      697P   2420
1.,-37.5031783875258,-28.8628595861755,-11.0206012861076,            697P   2421
-37.7664687073022,-29.3005477518888,-11.1190014975043,               697P   2422
-38.06900111568,-29.6951072787432,-11.2813306467882,                 697P   2423
-38.3830291575594,-30.0341082846771,-11.4949667838831,               697P   2424
-1.72148097642677,-1.58306370074673,0.,0.,0.;                        697P   2425
126,4,3,0,0,1,0,-1.,-1.,-1.,-1.,-0.5,0.,0.,0.,0.,1.,1.,1.,1.,1.,     699P   2426
-38.4310736305241,-29.6138597609581,-12.0527148514992,               699P   2427
-38.3832431724419,-29.7001547464334,-11.9904530343671,               699P   2428
-38.3193548809614,-29.8745551735447,-11.8194990380709,               699P   2429
-38.3495708089317,-29.994689376165,-11.5995507198863,                699P   2430
-38.3830291575594,-30.0341082846771,-11.4949667838831,-1.,0.,0.,     699P   2431
0.,0.;                                                               699P   2432
126,3,3,0,0,1,0,-1.58306370074673,-1.58306370074673,                 701P   2433
-1.58306370074673,-1.58306370074673,-1.32162399153823,               701P   2434
-1.32162399153823,-1.32162399153823,-1.32162399153823,1.,1.,1.,      701P   2435
1.,-38.3830291575594,-30.0341082846771,-11.4949667838831,            701P   2436
-38.9762002912502,-30.6744541976931,-11.898388263249,                701P   2437
-39.5921564244956,-31.1152424686231,-12.4682680750094,               701P   2438
-40.1903551405685,-31.4422526322698,-13.0795596464057,               701P   2439
-1.58306370074673,-1.32162399153823,0.,0.,0.;                        701P   2440
126,4,3,0,0,1,0,-1.,-1.,-1.,-1.,-0.5,0.,0.,0.,0.,1.,1.,1.,1.,1.,     703P   2441
-40.0273725225522,-30.9131685267698,-13.5079364379477,               703P   2442
-40.0051641983351,-31.0221139604296,-13.4725981593925,               703P   2443
-40.0072738512226,-31.2547122116887,-13.3502005372604,               703P   2444
-40.1221392681047,-31.4018455594684,-13.1651457102406,               703P   2445
-40.1903551405685,-31.4422526322698,-13.0795596464057,-1.,0.,0.,     703P   2446
0.,0.;                                                               703P   2447
126,12,3,0,0,1,0,-1.32162399153823,-1.32162399153823,                705P   2448
-1.32162399153823,-1.32162399153823,-0.869851708244294,              705P   2449
-0.869851708244294,-0.869851708244294,-0.568670186048337,            705P   2450
-0.568670186048337,-0.568670186048337,-0.227468074419335,            705P   2451
-0.227468074419335,-0.227468074419335,0.,0.,0.,0.,1.,1.,1.,1.,       705P   2452
1.,1.,1.,1.,1.,1.,1.,1.,1.,-40.1903551405685,-31.4422526322698,      705P   2453
-13.0795596464057,-41.2243061236267,-32.0074801307533,               705P   2454
-14.1356507110157,-42.2364562847809,-32.2641719196162,               705P   2455
-15.3257895287076,-43.2887419980357,-32.3132506124648,               705P   2456
-16.4826418861507,-43.9902658068723,-32.3459697410306,               705P   2457
-17.2538767911128,-44.7096276388647,-32.2864163824789,               705P   2458
-18.0103177137422,-45.4587161049945,-32.0910224594966,               705P   2459
-18.7027542148901,-46.3073424236905,-31.8696648588214,               705P   2460
-19.4872007328507,-47.2288144292034,-31.4746928402041,               705P   2461
-20.1984567047456,-48.1029846436134,-30.7952011723832,               705P   2462
-20.648136668713,-48.6857647865533,-30.3422067271692,                705P   2463
-20.9479233113579,-49.2475219112254,-29.7627591045314,               705P   2464
-21.1314539504795,-49.6957539739128,-29.0946368010338,               705P   2465
-21.1706237093598,-1.32162399153823,0.,0.,0.,0.;                     705P   2466
126,2,2,0,0,0,0,2.49589433300068,2.49589433300068,                   707P   2467
2.49589433300068,2.63537366786265,2.63537366786265,                  707P   2468
2.63537366786265,1.,0.997569174850258,1.,-49.5085703457585,          707P   2469
-29.4348706590145,-18.6,-49.8101816700013,-29.0345576967542,         707P   2470
-18.6,-50.0532093807735,-28.5962000910691,-18.6,                     707P   2471
2.49589433300068,2.63537366786265,0.,0.,0.;                          707P   2472
126,1,1,0,0,1,0,0.320978627172094,0.320978627172094,                 709P   2473
0.605189246608468,0.605189246608468,1.,1.,-49.5085703457585,         709P   2474
-29.4348706590145,-18.6,-51.8921611619467,-30.982792634123,          709P   2475
-18.6,0.320978627172094,0.605189246608468,0.,0.,0.;                  709P   2476
126,1,1,0,0,1,0,-0.0485220524238524,-0.0485220524238524,             711P   2477
0.0514779475761491,0.0514779475761491,1.,1.,-51.8921611619467,       711P   2478
-30.982792634123,-18.6,-52.4368001969618,-30.1441220661776,          711P   2479
-18.6,-0.0485220524238524,0.0514779475761491,0.,0.,0.;               711P   2480
126,1,1,0,0,1,0,-0.515275399451641,-0.515275399451641,               713P   2481
-0.231064780015266,-0.231064780015266,1.,1.,-52.4368001969618,       713P   2482
-30.1441220661776,-18.6,-50.0532093807735,-28.5962000910691,         713P   2483
-18.6,-0.515275399451641,-0.231064780015266,0.,0.,0.;                713P   2484
126,2,2,0,0,0,0,0.148332948467022,0.148332948467022,                 715P   2485
0.148332948467022,1.20033784872292,1.20033784872292,                 715P   2486
1.20033784872292,1.,1.,1.,-47.4155793043976,-18.6263279339017,       715P   2487
-3.4,-47.2965103936432,-18.6658573694725,-8.71059569360157,          715P   2488
-47.1793740002482,-18.7062472170147,-13.9,0.148332948467022,         715P   2489
1.20033784872292,0.,0.,0.;                                           715P   2490
126,1,1,0,0,1,0,0.147928451234929,0.147928451234929,                 717P   2491
1.19824831576182,1.19824831576182,1.,1.,-48.5438930590944,           717P   2492
-16.0920937483506,-3.4,-48.3019141562846,-16.1849807463766,          717P   2493
-13.8999999999129,0.147928451234929,1.19824831576182,0.,0.,0.;       717P   2494
126,1,1,0,0,1,0,0.148624937855854,0.148624937855854,                 719P   2495
1.19894480238274,1.19894480238274,1.,1.,-47.2954817051754,           719P   2496
-15.536265202521,-3.4,-47.3883687032014,-15.7782441053308,           719P   2497
-13.8999999999129,0.148624937855854,1.19894480238274,0.,0.,0.;       719P   2498
126,2,2,0,0,0,0,0.,0.,0.,1.05200490025652,1.05200490025652,          721P   2499
1.05200490025652,1.,1.,1.,-46.2658285471678,-18.2995105759701,       721P   2500
-13.9,-46.2174645074318,-18.1854351881674,-8.71059569362414,         721P   2501
-46.1671679504785,-18.0704993880721,-3.4,0.,1.05200490025652,0.,     721P   2502
0.,0.;                                                               721P   2503
126,2,2,0,0,0,0,0.149599396674397,0.149599396674397,                 723P   2504
0.149599396674397,0.420119329927161,0.420119329927161,               723P   2505
0.420119329927161,1.,1.,1.,-37.2564242925887,-28.6997055154266,      723P   2506
-3.40000000000526,-37.2877101382866,-28.7075688818146,               723P   2507
-4.75400623615012,-37.3189198117581,-28.715314953214,                723P   2508
-6.10000000008711,0.149599396674397,0.420119329927161,0.,0.,0.;      723P   2509
126,1,1,0,0,1,0,0.149157446841298,0.149157446841298,                 725P   2510
0.419239697726238,0.419239697726238,1.,1.,-35.4729554109546,         725P   2511
-29.8579037493912,-3.4,-35.5381489600815,-29.8717610660367,          725P   2512
-6.10000000004356,0.149157446841298,0.419239697726238,0.,0.,0.;      725P   2513
126,1,1,0,0,1,0,0.149853933462223,0.149853933462223,                 727P   2514
0.419936184347163,0.419936184347163,1.,1.,-36.0689306811701,         727P   2515
-30.775625187296,-3.4,-36.0827879978156,-30.7104316381691,           727P   2516
-6.10000000004356,0.149853933462223,0.419936184347163,0.,0.,0.;      727P   2517
126,2,2,0,0,0,0,0.,0.,0.,0.270519933259117,0.270519933259117,        729P   2518
0.270519933259117,1.,1.,1.,-37.8635588494914,-29.5539855253452,      729P   2519
-6.10000000008711,-37.8579411200137,-29.5856475918572,               729P   2520
-4.75400623616575,-37.852399562804,-29.617426953332,                 729P   2521
-3.39999999997531,0.,0.270519933259117,0.,0.,0.;                     729P   2522
126,1,1,0,0,1,0,-2.72503463679207,-2.72503463679207,                 731P   2523
-0.453402388709946,-0.453402388709946,1.,1.,-50.9210869097227,       731P   2524
-25.117067,-20.4346470061341,-51.2184277792445,-25.117067,           731P   2525
-3.39999999997531,-2.72503463679207,-0.453402388709946,0.,0.,0.;     731P   2526
126,2,2,0,0,0,0,0.14757979429328,0.14757979429328,                   733P   2527
0.14757979429328,1.6704675964557,1.6704675964557,                    733P   2528
1.6704675964557,1.,1.,1.,-49.5681131498143,-29.7898924720327,        733P   2529
-3.4,-49.5395491206584,-29.6105223728694,-11.1270029195971,          733P   2530
-49.508570331697,-29.434870677654,-18.6000000008131,                 733P   2531
0.14757979429328,1.6704675964557,0.,0.,0.;                           733P   2532
126,2,2,0,0,0,0,0.,0.,0.,1.52288780216194,1.52288780216194,          735P   2533
1.52288780216194,1.,1.,1.,-50.0532093920822,-28.5962000706419,       735P   2534
-18.6000000008131,-50.2262754090028,-28.5530566217183,               735P   2535
-11.1270029195718,-50.4017561856613,-28.5061947688039,-3.4,0.,       735P   2536
1.52288780216194,0.,0.,0.;                                           735P   2537
126,1,1,0,0,1,0,0.147713712230422,0.147713712230422,                 737P   2538
1.66817675430615,1.66817675430615,1.,1.,-51.9701727291724,           737P   2539
-31.3498082021807,-3.4,-51.892161168795,-30.9827926663414,           737P   2540
-18.6000000008131,0.147713712230422,1.66817675430615,0.,0.,0.;       737P   2541
126,1,1,0,0,1,0,0.148410198851347,0.148410198851347,                 739P   2542
1.66887324092708,1.66887324092708,1.,1.,-52.8038157650195,           739P   2543
-30.0661104989519,-3.4,-52.4368002291802,-30.1441220593293,          739P   2544
-18.6000000008131,0.148410198851347,1.66887324092708,0.,0.,0.;       739P   2545
126,1,1,0,0,1,0,-0.307541741973604,-0.307541741973604,               741P   2546
-0.207545550386945,-0.207545550386945,1.,1.,-39.0278130841334,       741P   2547
-27.117067,4.94,-40.027775,-27.117067,4.94,-0.307541741973604,       741P   2548
-0.207545550386945,0.,0.,0.;                                         741P   2549
126,1,1,0,0,1,0,-0.0983596320402892,-0.0983596320402892,             743P   2550
0.0443011332404079,0.0443011332404079,1.,1.,-40.0277749978779,       743P   2551
-27.1170670000185,4.9399999999818,-40.0452274043155,                 743P   2552
-28.1345194043155,3.94015230480657,-0.0983596320402892,              743P   2553
0.0443011332404079,0.,0.,0.;                                         743P   2554
126,1,1,0,0,1,0,0.205800309955394,0.205800309955394,                 745P   2555
0.309286982617397,0.309286982617397,1.,1.,-40.0452274043155,         745P   2556
-28.1345194043155,3.94015230480657,-39.0103606776955,                745P   2557
-28.1345194043155,3.94015230480657,0.205800309955394,                745P   2558
0.309286982617397,0.,0.,0.;                                          745P   2559
126,1,1,0,0,1,0,0.132545550386944,0.132545550386944,                 747P   2560
0.232541741973604,0.232541741973604,1.,1.,-40.027775,-23.117067,     747P   2561
4.94,-39.0278130841334,-23.117067,4.94,0.132545550386944,            747P   2562
0.232541741973604,0.,0.,0.;                                          747P   2563
126,1,1,0,0,1,0,0.00371337088825152,0.00371337088825152,             749P   2564
0.403713370888251,0.403713370888251,1.,1.,-40.027775,-23.117067,     749P   2565
4.94,-40.027775,-27.117067,4.94,0.00371337088825152,                 749P   2566
0.403713370888251,0.,0.,0.;                                          749P   2567
126,1,1,0,0,1,0,0.169199232784125,0.169199232784125,                 751P   2568
0.311859998064822,0.311859998064822,1.,1.,-40.0452274043155,         751P   2569
-22.0996145956845,3.94015230480658,-40.0277749978779,                751P   2570
-23.1170669999815,4.9399999999818,0.169199232784125,                 751P   2571
0.311859998064822,0.,0.,0.;                                          751P   2572
126,1,1,0,0,1,0,-0.234286982617397,-0.234286982617397,               753P   2573
-0.130800309955394,-0.130800309955394,1.,1.,-39.0103606776955,       753P   2574
-22.0996145956845,3.94015230480657,-40.0452274043155,                753P   2575
-22.0996145956845,3.94015230480657,-0.234286982617397,               753P   2576
-0.130800309955394,0.,0.,0.;                                         753P   2577
126,1,1,0,0,1,0,0.169106924284385,0.169106924284385,                 755P   2578
0.311767689565082,0.311767689565082,1.,1.,-47.5103225956845,         755P   2579
-28.1345194043155,3.94015230480657,-47.5277750021221,                755P   2580
-27.1170670000185,4.9399999999818,0.169106924284385,                 755P   2581
0.311767689565082,0.,0.,0.;                                          755P   2582
126,1,1,0,0,1,0,0.117454449613056,0.117454449613056,                 757P   2583
0.217450641199715,0.217450641199715,1.,1.,-47.527775,-27.117067,     757P   2584
4.94,-48.5277369158666,-27.117067,4.94,0.117454449613056,            757P   2585
0.217450641199715,0.,0.,0.;                                          757P   2586
126,1,1,0,0,1,0,-0.219195881843508,-0.219195881843508,               759P   2587
-0.115709209181504,-0.115709209181504,1.,1.,-48.5451893223045,       759P   2588
-28.1345194043155,3.94015230480657,-47.5103225956845,                759P   2589
-28.1345194043155,3.94015230480657,-0.219195881843508,               759P   2590
-0.115709209181504,0.,0.,0.;                                         759P   2591
126,1,1,0,0,1,0,-0.292450641199715,-0.292450641199715,               761P   2592
-0.192454449613056,-0.192454449613056,1.,1.,-48.5277369158666,       761P   2593
-23.117067,4.94,-47.527775,-23.117067,4.94,-0.292450641199715,       761P   2594
-0.192454449613056,0.,0.,0.;                                         761P   2595
126,1,1,0,0,1,0,-0.103713370888251,-0.103713370888251,               763P   2596
0.296286629111748,0.296286629111748,1.,1.,-47.527775,-27.117067,     763P   2597
4.94,-47.527775,-23.117067,4.94,-0.103713370888251,                  763P   2598
0.296286629111748,0.,0.,0.;                                          763P   2599
126,1,1,0,0,1,0,-0.0982673235405493,-0.0982673235405493,             765P   2600
0.0443934417401479,0.0443934417401479,1.,1.,-47.5277750021221,       765P   2601
-23.1170669999815,4.9399999999818,-47.5103225956845,                 765P   2602
-22.0996145956845,3.94015230480657,-0.0982673235405493,              765P   2603
0.0443934417401479,0.,0.,0.;                                         765P   2604
126,1,1,0,0,1,0,0.190709209181505,0.190709209181505,                 767P   2605
0.294195881843509,0.294195881843509,1.,1.,-47.5103225956845,         767P   2606
-22.0996145956845,3.94015230480657,-48.5451893223045,                767P   2607
-22.0996145956845,3.94015230480657,0.190709209181505,                767P   2608
0.294195881843509,0.,0.,0.;                                          767P   2609
126,1,1,0,0,1,0,-1.57924976843375,-1.57924976843375,                 769P   2610
0.578863824163601,0.578863824163601,1.,1.,-47.1337371871736,         769P   2611
-21.7230291871737,-17.634411299483,-47.5103225956845,                769P   2612
-22.0996145956845,3.94015230480657,-1.57924976843375,                769P   2613
0.578863824163601,0.,0.,0.;                                          769P   2614
126,3,3,0,0,1,0,0.0553763549165797,0.0553763549165797,               771P   2615
0.0553763549165797,0.0553763549165797,0.185492072439041,             771P   2616
0.185492072439041,0.185492072439041,0.185492072439041,1.,1.,1.,      771P   2617
1.,-47.1337371871736,-21.7230291871737,-17.634411299483,             771P   2618
-47.5270501402725,-21.7198246974741,-17.8179963914194,               771P   2619
-47.9242903165843,-21.7167558277043,-17.9938118227808,               771P   2620
-48.3249426664165,-21.7138424051142,-18.1607216911793,               771P   2621
0.0553763549165797,0.185492072439041,0.,0.,0.;                       771P   2622
126,6,3,0,0,1,0,-0.130004329141816,-0.130004329141816,               773P   2623
-0.130004329141816,-0.130004329141816,-0.124355064871896,            773P   2624
-0.124355064871896,-0.124355064871896,-0.118705800601976,            773P   2625
-0.118705800601976,-0.118705800601976,-0.118705800601976,1.,1.,      773P   2626
1.,1.,1.,1.,1.,-38.8167637947424,-21.808084708657,                   773P   2627
-12.7631809444268,-38.8002728886102,-21.8082461475244,               773P   2628
-12.753830485784,-38.783942308067,-21.8084094011123,                 773P   2629
-12.7441632279909,-38.7677885929226,-21.8085781216307,               773P   2630
-12.7341946475956,-38.7516348777783,-21.8087468421491,               773P   2631
-12.7242260672004,-38.7356580005218,-21.8089209978491,               773P   2632
-12.713956158825,-38.7198738162827,-21.8091013984485,                773P   2633
-12.7033977845574,-0.130004329141816,-0.118705800601976,0.,0.,       773P   2634
0.;                                                                  773P   2635
126,1,1,0,0,1,0,-1.17996817023584,-1.17996817023584,                 775P   2636
0.582790017724754,0.582790017724754,1.,1.,-40.352824286424,          775P   2637
-21.792017713576,-13.6820612689317,-40.0452274043155,                775P   2638
-22.0996145956845,3.94015230480657,-1.17996817023584,                775P   2639
0.582790017724754,0.,0.,0.;                                          775P   2640
126,1,1,0,0,1,0,0.105579191842062,0.105579191842062,                 777P   2641
1.05420596180908,1.05420596180908,1.,1.,-40.1838232783358,           777P   2642
-24.617067,-4.,-40.3493562701662,-24.4515340081697,                  777P   2643
-13.4833787505844,0.105579191842062,1.05420596180908,0.,0.,0.;       777P   2644
126,1,1,0,0,1,0,-0.2,-0.2,-0.0999999999999996,                       779P   2645
-0.0999999999999996,1.,1.,-40.1838232783358,-25.617067,-4.,          779P   2646
-40.1838232783358,-24.617067,-4.,-0.2,-0.0999999999999996,0.,0.,     779P   2647
0.;                                                                  779P   2648
126,1,1,0,0,1,0,-1.04347166175764,-1.04347166175764,                 781P   2649
-0.107107270508932,-0.107107270508932,1.,1.,-40.3472165158387,       781P   2650
-25.7804602375029,-13.360792307264,-40.1838232783358,-25.617067,     781P   2651
-4.,-1.04347166175764,-0.107107270508932,0.,0.,0.;                   781P   2652
126,3,3,0,0,1,0,-0.315969131205076,-0.315969131205076,               783P   2653
-0.315969131205076,-0.315969131205076,-0.0575396250693248,           783P   2654
-0.0575396250693248,-0.0575396250693248,-0.0575396250693248,1.,      783P   2655
1.,1.,1.,-40.3424335544939,-28.4317255544939,-13.0867766353388,      783P   2656
-40.3440780882514,-27.5707811106535,-13.1809919112073,               783P   2657
-40.3457369267177,-26.6581036039232,-13.276026703291,                783P   2658
-40.3472165158387,-25.780460237503,-13.3607923072655,                783P   2659
-0.315969131205076,-0.0575396250693248,0.,0.,0.;                     783P   2660
126,1,1,0,0,1,0,-1.12434776610981,-1.12434776610981,                 785P   2661
0.578863824163601,0.578863824163601,1.,1.,-40.3424335544939,         785P   2662
-28.4317255544939,-13.0867766353388,-40.0452274043155,               785P   2663
-28.1345194043155,3.94015230480657,-1.12434776610981,                785P   2664
0.578863824163601,0.,0.,0.;                                          785P   2665
126,3,3,0,0,1,0,-0.356584968765532,-0.356584968765532,               787P   2666
-0.356584968765532,-0.356584968765532,-0.0731904181549168,           787P   2667
-0.0731904181549168,-0.0731904181549168,-0.0731904181549168,1.,      787P   2668
1.,1.,1.,-38.7387771477234,-28.4061029342876,-11.6188577068373,      787P   2669
-39.2112711860545,-28.4132031687802,-12.0256298684881,               787P   2670
-39.7240914839755,-28.4213998143687,-12.495215379757,                787P   2671
-40.3424335544939,-28.4317255544939,-13.0867766353388,               787P   2672
-0.356584968765532,-0.0731904181549168,0.,0.,0.;                     787P   2673
126,5,3,0,0,1,0,0.,0.,0.,0.,0.285714285714286,0.571428571428571,     789P   2674
1.,1.,1.,1.,1.,1.,1.,1.,1.,1.,-37.9768122981069,                     789P   2675
-23.5162280043925,-12.0224434431657,-37.8992905867989,               789P   2676
-23.4760611388,-11.9844000210153,-37.7520136641457,                  789P   2677
-23.3876372412596,-11.879773983427,-37.5688990020669,                789P   2678
-23.223882299244,-11.605980180171,-37.5367856177371,                 789P   2679
-23.1235193753108,-11.3666405144951,-37.5494345881565,               789P   2680
-23.077346572604,-11.2320439354047,0.,1.,0.,0.,0.;                   789P   2681
126,9,3,0,0,1,0,-0.113653839329445,-0.113653839329445,               791P   2682
-0.113653839329445,-0.113653839329445,-0.0855290074674147,           791P   2683
-0.0855290074674147,-0.0554565894928399,-0.0554565894928399,         791P   2684
-0.0271716171152814,-0.0271716171152814,0.,0.,0.,0.,1.,1.,1.,1.,     791P   2685
1.,1.,1.,1.,1.,1.,-43.0956012497821,-18.655083087011,                791P   2686
-14.4367271601119,-43.0939591556086,-18.6569076572781,               791P   2687
-14.5308026723106,-43.092327789435,-18.6731803533922,                791P   2688
-14.6242635707074,-43.089122221028,-18.7373663821783,                791P   2689
-14.8079104617486,-43.0875786949315,-18.7870349578247,               791P   2690
-14.8963390194046,-43.0849925555569,-18.9134826576469,               791P   2691
-15.0444988449505,-43.0839492429996,-18.9873654799169,               791P   2692
-15.1042701815317,-43.0824634965473,-19.1514967653138,               791P   2693
-15.1893885387803,-43.082018878961,-19.2388523232556,                791P   2694
-15.2148606633085,-43.0818881101174,-19.3291139109842,               791P   2695
-15.22235240534,-0.113653839329445,0.,0.,0.,0.;                      791P   2696
126,4,3,0,0,1,0,-1.,-1.,-1.,-1.,-0.571428571428571,0.,0.,0.,0.,      793P   2697
1.,1.,1.,1.,1.,-37.2903010323588,-24.1463884110417,                  793P   2698
-10.8962964960641,-37.2867503030803,-24.1862944792972,               793P   2699
-11.0334207510422,-37.3527276180832,-24.2970392950195,               793P   2700
-11.374163580049,-37.6047582852148,-24.4114524472234,                793P   2701
-11.6297002306404,-37.7661792084848,-24.462241440632,                793P   2702
-11.7171355942957,-1.,0.,0.,0.,0.;                                   793P   2703
126,4,3,0,0,1,0,-3.73233496210098,-3.73233496210098,                 795P   2704
-3.73233496210098,-3.73233496210098,-3.56377557896996,               795P   2705
-3.43735604162169,-3.43735604162169,-3.43735604162169,               795P   2706
-3.43735604162169,1.,1.,1.,1.,1.,-38.0124358807497,                  795P   2707
-27.166151566245,-11.3025253002107,-38.1888694148421,                795P   2708
-27.6883900399572,-11.3150125014421,-38.6280490081176,               795P   2709
-28.5311683639871,-11.4741153760313,-39.1933169531845,               795P   2710
-29.1584441475578,-11.881014437722,-39.4464323834168,                795P   2711
-29.3920385069874,-12.0887363995793,-3.73233496210098,               795P   2712
-3.43735604162169,0.,0.,0.;                                          795P   2713
126,4,3,0,0,1,0,-1.,-1.,-1.,-1.,-0.5,0.,0.,0.,0.,1.,1.,1.,1.,1.,     797P   2714
-39.4866814833169,-30.067981792223,-11.3528826878253,                797P   2715
-39.4207185510122,-30.0075615723779,-11.4935100904658,               797P   2716
-39.3352460176093,-29.8151370935876,-11.791823441134,                797P   2717
-39.3923008178584,-29.5303142313289,-12.0130569740675,               797P   2718
-39.4464323834168,-29.3920385069874,-12.0887363995793,-1.,0.,0.,     797P   2719
0.,0.;                                                               797P   2720
126,3,3,0,0,1,0,-3.43735604162169,-3.43735604162169,                 799P   2721
-3.43735604162169,-3.43735604162169,-3.27808869535742,               799P   2722
-3.27808869535742,-3.27808869535742,-3.27808869535742,1.,1.,1.,      799P   2723
1.,-39.4464323834168,-29.3920385069874,-12.0887363995793,            799P   2724
-39.7655109709832,-29.6867444157331,-12.3505526174364,               799P   2725
-40.1011404311577,-29.9241473922416,-12.6643056661908,               799P   2726
-40.441526758379,-30.1173164544477,-13.0042711803834,                799P   2727
-3.43735604162169,-3.27808869535742,0.,0.,0.;                        799P   2728
126,4,3,0,0,1,0,-1.,-1.,-1.,-1.,-0.571428571428571,0.,0.,0.,0.,      801P   2729
1.,1.,1.,1.,1.,-40.6742970525665,-30.8666643570375,                  801P   2730
-12.3843552900982,-40.5915536929825,-30.8198863220871,               801P   2731
-12.4910019738546,-40.4215212251223,-30.6298008357983,               801P   2732
-12.7588109132349,-40.4059526988565,-30.2955867155041,               801P   2733
-12.9473907843729,-40.441526758379,-30.1173164544477,                801P   2734
-13.0042711803834,-1.,0.,0.,0.,0.;                                   801P   2735
126,3,3,0,0,1,0,-3.27808869535742,-3.27808869535742,                 803P   2736
-3.27808869535742,-3.27808869535742,-2.87928955011763,               803P   2737
-2.87928955011763,-2.87928955011763,-2.87928955011763,1.,1.,1.,      803P   2738
1.,-40.441526758379,-30.1173164544478,-13.0042711803834,             803P   2739
-41.2921381240215,-30.6008381015697,-13.8537448716572,               803P   2740
-42.1648497225756,-30.8267911161039,-14.8556499588274,               803P   2741
-43.0709904615941,-30.866655629766,-15.846678195708,                 803P   2742
-3.27808869535742,-2.87928955011763,0.,0.,0.;                        803P   2743
126,3,3,0,0,1,0,0.121332512912664,0.121332512912664,                 805P   2744
0.121332512912664,0.121332512912664,0.242931739869404,               805P   2745
0.242931739869404,0.242931739869404,0.242931739869404,1.,1.,1.,      805P   2746
1.,-48.1048172590352,-28.551346882364,-19.9398779192346,             805P   2747
-47.7662188729143,-28.547466037213,-19.7175444494394,                805P   2748
-47.4331890592877,-28.5434383815154,-19.4868002090654,               805P   2749
-47.1055616970514,-28.5392803029486,-19.2485840475158,               805P   2750
0.121332512912664,0.242931739869404,0.,0.,0.;                        805P   2751
126,1,1,0,0,1,0,-1.73679002268696,-1.73679002268696,                 807P   2752
0.582790017724754,0.582790017724754,1.,1.,-47.1055616970514,         807P   2753
-28.5392803029486,-19.2485840475158,-47.5103225956845,               807P   2754
-28.1345194043155,3.94015230480657,-1.73679002268696,                807P   2755
0.582790017724754,0.,0.,0.;                                          807P   2756
126,3,3,0,0,1,0,0.0588906343326783,0.0588906343326783,               809P   2757
0.0588906343326783,0.0588906343326783,0.352281113591403,             809P   2758
0.352281113591403,0.352281113591403,0.352281113591403,1.,1.,1.,      809P   2759
1.,-47.1055616970514,-28.5392803029486,-19.2485840475158,            809P   2760
-47.1091899182051,-27.6196101689045,-19.0407233968279,               809P   2761
-47.1126327837834,-26.7736137682235,-18.8434817599493,               809P   2762
-47.1163595429698,-25.8724341671995,-18.629975869152,                809P   2763
0.0588906343326783,0.352281113591403,0.,0.,0.;                       809P   2764
126,1,1,0,0,1,0,0.105579191842062,0.105579191842062,                 811P   2765
1.56902245143232,1.56902245143232,1.,1.,-47.3717267216641,           811P   2766
-25.617067,-4.,-47.1163595437567,-25.8724341779075,                  811P   2767
-18.6299758240713,0.105579191842062,1.56902245143232,0.,0.,0.;       811P   2768
126,1,1,0,0,1,0,-0.2,-0.2,-0.0999999999999996,                       813P   2769
-0.0999999999999996,1.,1.,-47.3717267216642,-24.617067,-4.,          813P   2770
-47.3717267216642,-25.617067,-4.,-0.2,-0.0999999999999996,0.,0.,     813P   2771
0.;                                                                  813P   2772
126,1,1,0,0,1,0,-1.53464621255038,-1.53464621255038,                 815P   2773
-0.107107270508932,-0.107107270508932,1.,1.,-47.1226247571068,       815P   2774
-24.3679650354427,-18.2710419916342,-47.3717267216641,               815P   2775
-24.617067,-4.,-1.53464621255038,-0.107107270508932,0.,0.,0.;        815P   2776
126,3,3,0,0,1,0,0.0323317597733091,0.0323317597733091,               817P   2777
0.0323317597733091,0.0323317597733091,0.293289421380391,             817P   2778
0.293289421380391,0.293289421380391,0.293289421380391,1.,1.,1.,      817P   2779
1.,-47.1226247565964,-24.3679650284428,-18.2710420208803,            817P   2780
-47.1261647974411,-23.5224843618741,-18.0682332167124,               817P   2781
-47.1297448056128,-22.6728856796698,-17.8631346859184,               817P   2782
-47.1337371871736,-21.7230291871737,-17.634411299483,                817P   2783
0.0323317597733091,0.293289421380391,0.,0.,0.;                       817P   2784
126,2,2,0,0,0,0,-0.193517785087211,-0.193517785087211,               819P   2785
-0.193517785087211,0.193517785087207,0.193517785087207,              819P   2786
0.193517785087207,1.,0.981333795430421,1.,-46.4291830742565,         819P   2787
-25.617067,-4.,-46.5271681839387,-25.117067,-4.,                     819P   2788
-46.4291830742565,-24.617067,-4.,-0.193517785087211,                 819P   2789
0.193517785087207,0.,0.,0.;                                          819P   2790
126,1,1,0,0,1,0,0.341802734917989,0.341802734917989,                 821P   2791
0.436057099658754,0.436057099658754,1.,1.,-47.3717267216641,         821P   2792
-24.617067,-4.,-46.4291830742565,-24.617067,-4.,                     821P   2793
0.341802734917989,0.436057099658754,0.,0.,0.;                        821P   2794
126,1,1,0,0,1,0,0.966338714510055,0.966338714510055,                 823P   2795
1.06059307925082,1.06059307925082,1.,1.,-46.4291830742565,           823P   2796
-25.617067,-4.,-47.3717267216641,-25.617067,-4.,                     823P   2797
0.966338714510055,1.06059307925082,0.,0.,0.;                         823P   2798
126,2,2,0,0,0,0,52.4118481262569,52.4118481262569,                   825P   2799
52.4118481262569,53.7461614204017,53.7461614204017,                  825P   2800
53.7461614204017,1.,1.,1.,-46.429183074264,-24.6170669999989,        825P   2801
-4.000000000064,-46.5259681276478,-24.4994739848762,                 825P   2802
-10.7368993244875,-46.6227531810317,-24.3729594284595,               825P   2803
-17.9849134073324,52.4118481262569,53.7461614204017,0.,0.,0.;        825P   2804
126,6,3,0,0,1,0,0.100453297415982,0.100453297415982,                 827P   2805
0.100453297415982,0.100453297415982,0.148430912606108,               827P   2806
0.148430912606108,0.148430912606108,0.158058083184415,               827P   2807
0.158058083184415,0.158058083184415,0.158058083184415,1.,1.,1.,      827P   2808
1.,1.,1.,1.,-46.6227531810266,-24.3729594284591,                     827P   2809
-17.9849134073573,-46.7607477103208,-24.3715487207718,               827P   2810
-18.0657327966348,-46.8993955632512,-24.3701577957046,               827P   2811
-18.1454188403686,-47.0386922245475,-24.3687874599343,               827P   2812
-18.2239253240658,-47.066643441255,-24.3685124888638,                827P   2813
-18.239678406145,-47.0946209469817,-24.368238345173,                 827P   2814
-18.2553840876757,-47.1226247217785,-24.3679650352447,               827P   2815
-18.2710420029777,0.100453297415982,0.158058083184415,0.,0.,0.;      827P   2816
126,9,3,0,0,1,0,1.20444149103411,1.20444149103411,                   829P   2817
1.20444149103411,1.20444149103411,1.25953013083189,                  829P   2818
1.25953013083189,1.395526431019,1.395526431019,1.52660377497582,     829P   2819
1.52660377497582,1.55289904609259,1.55289904609259,                  829P   2820
1.55289904609259,1.55289904609259,1.,1.,1.,1.,1.,1.,1.,1.,1.,1.,     829P   2821
-46.6227531810263,-24.3729594284593,-17.9849134073572,               829P   2822
-46.5768032393545,-24.207717675881,-17.9209779707286,                829P   2823
-46.5163398646011,-24.048730673925,-17.8505929728466,                829P   2824
-46.2626746786004,-23.5255447000309,-17.5902009289354,               829P   2825
-46.0066177880785,-23.2056776642953,-17.3785156887526,               829P   2826
-45.4069121770955,-22.710280952891,-16.9395906700461,                829P   2827
-45.0694604729481,-22.5319613352599,-16.7148024092424,               829P   2828
-44.6390571512274,-22.4037727720498,-16.4394501055518,               829P   2829
-44.5664390242902,-22.3852754236568,-16.3933376753499,               829P   2830
-44.4932951002006,-22.3697145765822,-16.3471382711534,               829P   2831
1.20444149103411,1.55289904609259,0.,0.,0.;                          829P   2832
126,6,3,0,0,1,0,0.105720059269437,0.105720059269437,                 831P   2833
0.105720059269437,0.105720059269437,0.324567134541087,               831P   2834
0.324567134541087,0.324567134541087,0.354570901700483,               831P   2835
0.354570901700483,0.354570901700483,0.354570901700483,1.,1.,1.,      831P   2836
1.,1.,1.,1.,-44.4857683907947,-19.3622150860682,                     831P   2837
-15.9159333780816,-44.487722650854,-20.1321714073838,                831P   2838
-16.0278928618971,-44.4898775751965,-20.9712748832957,               831P   2839
-16.151348394794,-44.4923019241027,-21.9618269132025,                831P   2840
-16.2902392506083,-44.4926343004893,-22.0976308412546,               831P   2841
-16.3092810810429,-44.4929654353216,-22.2336195757793,               831P   2842
-16.3282517828819,-44.4932951002006,-22.3697145765822,               831P   2843
-16.3471382711534,0.105720059269437,0.354570901700483,0.,0.,0.;      831P   2844
126,2,2,0,0,0,0,16.1118180717149,16.1118180717149,                   833P   2845
16.1118180717149,17.308123358185,17.308123358185,                    833P   2846
17.308123358185,1.,1.,1.,-44.4932951001989,-22.3697145765787,        833P   2847
-16.3471382710512,-44.3819196100679,-22.4588983631052,               833P   2848
-9.96644071484386,-44.2777750000028,-22.5480821496317,               833P   2849
-4.00000000016271,16.1118180717149,17.308123358185,0.,0.,0.;         833P   2850
126,1,1,0,0,1,0,0.952762334111365,0.952762334111365,                 835P   2851
1.36199653111041,1.36199653111041,1.,1.,-44.277775,                  835P   2852
-22.5480821496396,-4.,-44.277775,-18.4557401796492,-4.,              835P   2853
0.952762334111365,1.36199653111041,0.,0.,0.;                         835P   2854
126,2,2,0,0,0,0,1.41633307938658,1.41633307938658,                   837P   2855
1.41633307938658,1.80367006330502,1.80367006330502,                  837P   2856
1.80367006330502,1.,0.981304801516293,1.,-44.277775,                 837P   2857
-22.5480821496396,-4.,-43.7739284310229,-22.4696314621774,-4.,       837P   2858
-43.277775,-22.5873074933707,-4.,1.41633307938658,                   837P   2859
1.80367006330502,0.,0.,0.;                                           837P   2860
126,1,1,0,0,1,0,0.0297311670402385,0.0297311670402385,               839P   2861
0.442887898412394,0.442887898412394,1.,1.,-43.277775,                839P   2862
-18.4557401796492,-4.,-43.277775,-22.5873074933707,-4.,              839P   2863
0.0297311670402385,0.442887898412394,0.,0.,0.;                       839P   2864
126,2,2,0,0,0,0,53.0528409414329,53.0528409414329,                   841P   2865
53.0528409414329,54.1413237026135,54.1413237026135,                  841P   2866
54.1413237026135,1.,1.,1.,-43.2777749999996,-22.5873074933694,       841P   2867
-4.00000000002494,-43.1807099736768,-22.5105712906408,               841P   2868
-9.560851633743,-43.0777563231444,-22.4338350879123,                 841P   2869
-15.4590623224935,53.0528409414329,54.1413237026135,0.,0.,0.;        841P   2870
126,2,2,0,0,0,0,16.2621409276764,16.2621409276764,                   843P   2871
16.2621409276764,17.2372256690323,17.2372256690323,                  843P   2872
17.2372256690323,1.,1.,1.,-41.1849104489699,-24.4404341776937,       843P   2873
-14.1192876126611,-41.255638687353,-24.5311327930632,                843P   2874
-8.92316741818262,-41.326366925736,-24.6170669999989,                843P   2875
-4.00000000006361,16.2621409276764,17.2372256690323,0.,0.,0.;        843P   2876
126,1,1,0,0,1,0,0.946338714510055,0.946338714510055,                 845P   2877
1.06059307925082,1.06059307925082,1.,1.,-41.3263669257435,           845P   2878
-24.617067,-4.,-40.1838232783358,-24.617067,-4.,                     845P   2879
0.946338714510055,1.06059307925082,0.,0.,0.;                         845P   2880
126,2,2,0,0,0,0,2.94807486850259,2.94807486850259,                   847P   2881
2.94807486850259,3.14159265358979,3.14159265358979,                  847P   2882
3.14159265358979,1.,0.995322509397461,1.,-41.3263669257435,          847P   2883
-24.617067,-4.,-41.2778359312176,-24.8647117425703,-4.,              847P   2884
-41.2778359312176,-25.117067,-4.,2.94807486850259,                   847P   2885
3.14159265358979,0.,0.,0.;                                           847P   2886
126,2,2,0,0,0,0,3.14159265358979,3.14159265358979,                   849P   2887
3.14159265358979,3.335110438677,3.335110438677,3.335110438677,       849P   2888
1.,0.995322509398102,1.,-41.2778359312176,-25.117067,-4.,            849P   2889
-41.2778359312176,-25.3694222574297,-4.,-41.3263669257435,           849P   2890
-25.617067,-4.,3.14159265358979,3.335110438677,0.,0.,0.;             849P   2891
126,1,1,0,0,1,0,0.580045057720771,0.580045057720771,                 851P   2892
0.694299422461537,0.694299422461537,1.,1.,-41.3263669257435,         851P   2893
-25.617067,-4.,-40.1838232783358,-25.617067,-4.,                     851P   2894
0.580045057720771,0.694299422461537,0.,0.,0.;                        851P   2895
126,2,2,0,0,0,0,52.411848126092,52.411848126092,52.411848126092,     853P   2896
53.3809310315275,53.3809310315275,53.3809310315275,1.,1.,1.,         853P   2897
-41.3263669257439,-25.6170670000012,-4.00000000006407,               853P   2898
-41.2560740334016,-25.7024722652067,-8.89286436675185,               853P   2899
-41.1857811410594,-25.7925834676341,-14.0553316963236,               853P   2900
52.411848126092,53.3809310315275,0.,0.,0.;                           853P   2901
126,3,3,0,0,1,0,-1.35243035586409,-1.35243035586409,                 855P   2902
-1.35243035586409,-1.35243035586409,-1.29694209228958,               855P   2903
-1.29694209228958,-1.29694209228958,-1.29694209228958,1.,1.,1.,      855P   2904
1.,-40.3472165158371,-25.7804602375029,-13.3607923072643,            855P   2905
-40.6279987670884,-25.7844500734377,-13.5893698548846,               855P   2906
-40.9064874012154,-25.788490405571,-13.8208403277758,                855P   2907
-41.1857811410567,-25.7925834676361,-14.0553316964366,               855P   2908
-1.35243035586409,-1.29694209228958,0.,0.,0.;                        855P   2909
126,9,3,0,0,1,0,-1.54035398218261,-1.54035398218261,                 857P   2910
-1.54035398218261,-1.54035398218261,-1.51881003576818,               857P   2911
-1.51881003576818,-1.42093262947394,-1.42093262947394,               857P   2912
-1.28398261337472,-1.28398261337472,-1.20020610199412,               857P   2913
-1.20020610199412,-1.20020610199412,-1.20020610199412,1.,1.,1.,      857P   2914
1.,1.,1.,1.,1.,1.,1.,-41.1857811410567,-25.7925834676361,            857P   2915
-14.0553316964366,-41.2026001919822,-25.8603729228298,               857P   2916
-14.0659850858562,-41.2219069232432,-25.9274080742907,               857P   2917
-14.0789244529776,-41.3423662388865,-26.294102576936,                857P   2918
-14.1635165268052,-41.4857952692003,-26.5615632988152,               857P   2919
-14.2774818951023,-41.8985348500815,-27.11833897634,                 857P   2920
-14.6318920474746,-42.1891114427648,-27.3661473227472,               857P   2921
-14.8994497293257,-42.6797428315019,-27.6551216035339,               857P   2922
-15.3622651076332,-42.8743476446264,-27.7409891034656,               857P   2923
-15.5480018949984,-43.0729076667579,-27.8039104135092,               857P   2924
-15.7368416608366,-1.54035398218261,-1.20020610199412,0.,0.,0.;      857P   2925
126,11,3,0,0,1,0,0.705958003921137,0.705958003921137,                859P   2926
0.705958003921137,0.705958003921137,0.721754523169786,               859P   2927
0.721754523169786,0.798500562135626,0.798500562135626,               859P   2928
0.894547862129015,0.894547862129015,0.982082912846619,               859P   2929
0.982082912846619,1.04810351424434,1.04810351424434,                 859P   2930
1.04810351424434,1.04810351424434,1.,1.,1.,1.,1.,1.,1.,1.,1.,1.,     859P   2931
1.,1.,-44.5055435109099,-27.87420987859,-17.0488492507211,           859P   2932
-44.5452781225618,-27.8657696333937,-17.0827481561458,               859P   2933
-44.5850198976485,-27.8564249576137,-17.1163484076093,               859P   2934
-44.8177014547572,-27.7962639535405,-17.3111234631343,               859P   2935
-45.0116736731788,-27.7241938262461,-17.4654759324594,               859P   2936
-45.4400669230073,-27.504410012869,-17.7827828902651,                859P   2937
-45.6721594117282,-27.3423643917535,-17.9377525225614,               859P   2938
-46.0767376284599,-26.9458055672433,-18.167679437528,                859P   2939
-46.2474300196459,-26.7239804082882,-18.2455267667067,               859P   2940
-46.4885989278419,-26.2800613686689,-18.3187272824076,               859P   2941
-46.5699957112261,-26.0774104421469,-18.3287002309807,               859P   2942
-46.627215716956,-25.8670126080131,-18.3193742928428,                859P   2943
0.705958003921137,1.04810351424434,0.,0.,0.;                         859P   2944
126,8,3,0,0,1,0,-1.03080676494593,-1.03080676494593,                 861P   2945
-1.03080676494593,-1.03080676494593,-1.00493268304586,               861P   2946
-1.00493268304586,-1.00493268304586,-1.00322688427045,               861P   2947
-1.00322688427045,-1.00044589825204,-1.00044589825204,               861P   2948
-1.00044589825204,-1.00044589825204,1.,1.,1.,1.,1.,1.,1.,1.,1.,      861P   2949
-46.627215716956,-25.8670126080131,-18.3193742928428,                861P   2950
-46.7652613003837,-25.8685774702709,-18.4090251915507,               861P   2951
-46.9040779619296,-25.8701216215952,-18.4974895616726,               861P   2952
-47.0436691033541,-25.8716440929241,-18.5847118856893,               861P   2953
-47.052871918705,-25.8717444647842,-18.5904621857026,                861P   2954
-47.0620833798553,-25.8718447999991,-18.5962103863183,               861P   2955
-47.0863352460882,-25.8721086157614,-18.6113243812156,               861P   2956
-47.1013539086371,-25.8722716418781,-18.620664141184,                861P   2957
-47.1163594928564,-25.8724341781998,-18.6299758408184,               861P   2958
-1.03080676494593,-1.00044589825204,0.,0.,0.;                        861P   2959
126,2,2,0,0,0,0,15.8721513182686,15.8721513182686,                   863P   2960
15.8721513182686,17.2372256690502,17.2372256690502,                  863P   2961
17.2372256690502,1.,1.,1.,-46.6272157169546,-25.8670126080127,       863P   2962
-18.3193742928207,-46.5281993956053,-25.7373709866877,               863P   2963
-10.8922107813661,-46.4291830742561,-25.6170670000012,               863P   2964
-4.0000000000637,15.8721513182686,17.2372256690502,0.,0.,0.;         863P   2965
126,1,1,0,0,1,0,0.00232734199042903,0.00232734199042903,             865P   2966
0.142348640096838,0.142348640096838,1.,1.,-41.2778359312176,         865P   2967
-25.117067,-4.,-41.2851670570308,-25.117067,-3.5800000834465,        865P   2968
0.00232734199042903,0.142348640096838,0.,0.,0.;                      865P   2969
126,8,2,0,1,0,0,-3.14159265358979,-3.14159265358979,                 867P   2970
-3.14159265358979,-1.5707963267949,-1.5707963267949,0.,0.,           867P   2971
1.5707963267949,1.5707963267949,3.14159265358979,                    867P   2972
3.14159265358979,3.14159265358979,1.,0.70710678118655,1.,            867P   2973
0.70710678118655,1.,0.70710678118655,1.,0.70710678118655,1.,         867P   2974
-41.2851670570308,-25.117067,-3.5800000834465,-41.2851670570308,     867P   2975
-27.7096749429692,-3.5800000834465,-43.877775,-27.7096749429692,     867P   2976
-3.5800000834465,-46.4703829429691,-27.7096749429692,                867P   2977
-3.5800000834465,-46.4703829429691,-25.117067,-3.5800000834465,      867P   2978
-46.4703829429691,-22.5244590570309,-3.5800000834465,-43.877775,     867P   2979
-22.5244590570309,-3.5800000834465,-41.2851670570308,                867P   2980
-22.5244590570309,-3.5800000834465,-41.2851670570308,-25.117067,     867P   2981
-3.5800000834465,-3.14159265358979,3.14159265358979,0.,0.,0.;        867P   2982
128,1,8,1,2,0,1,0,0,1,-0.280042596212818,-0.280042596212818,         869P   2983
8.80391811894319,8.80391811894319,-3.14159265358979,                 869P   2984
-3.14159265358979,-3.14159265358979,-1.5707963267949,                869P   2985
-1.5707963267949,0.,0.,1.5707963267949,1.5707963267949,              869P   2986
3.14159265358979,3.14159265358979,3.14159265358979,1.,1.,            869P   2987
0.707106781186548,0.707106781186548,1.,1.,0.707106781186548,         869P   2988
0.707106781186548,1.,1.,0.707106781186548,0.707106781186548,1.,      869P   2989
1.,0.707106781186548,0.707106781186548,1.,1.,-42.3704438741867,      869P   2990
-25.117067,-3.5800000834465,-42.6082493358785,-25.117067,            869P   2991
-17.2038658593564,-42.3704438741867,-26.6243981258133,               869P   2992
-3.5800000834465,-42.6082493358785,-26.3865926641215,                869P   2993
-17.2038658593564,-43.877775,-26.6243981258133,-3.5800000834465,     869P   2994
-43.877775,-26.3865926641215,-17.2038658593564,                      869P   2995
-45.3851061258133,-26.6243981258133,-3.5800000834465,                869P   2996
-45.1473006641214,-26.3865926641215,-17.2038658593564,               869P   2997
-45.3851061258133,-25.117067,-3.5800000834465,-45.1473006641214,     869P   2998
-25.117067,-17.2038658593564,-45.3851061258133,                      869P   2999
-23.6097358741867,-3.5800000834465,-45.1473006641214,                869P   3000
-23.8475413358786,-17.2038658593564,-43.877775,                      869P   3001
-23.6097358741867,-3.5800000834465,-43.877775,-23.8475413358786,     869P   3002
-17.2038658593564,-42.3704438741867,-23.6097358741867,               869P   3003
-3.5800000834465,-42.6082493358785,-23.8475413358786,                869P   3004
-17.2038658593564,-42.3704438741867,-25.117067,-3.5800000834465,     869P   3005
-42.6082493358785,-25.117067,-17.2038658593564,                      869P   3006
-0.280042596212818,8.80391811894319,-3.14159265358979,               869P   3007
3.14159265358979;                                                    869P   3008
128,17,19,3,3,0,0,1,0,0,0.,0.,0.,0.,0.125,0.125,0.25,0.25,0.5,       871P   3009
1.,1.5,1.75,1.75,1.875,1.875,2.,2.,2.,2.2219440510894,               871P   3010
2.2219440510894,2.2219440510894,2.2219440510894,                     871P   3011
-0.674076639897504,-0.674076639897504,-0.674076639897504,            871P   3012
-0.674076639897504,0.,0.,0.,0.03125,0.03125,0.0625,0.0625,0.125,     871P   3013
0.25,0.375,0.375,0.4375,0.4375,0.5,0.5,0.5,0.616662938652628,        871P   3014
0.616662938652628,0.616662938652628,0.616662938652628,1.,1.,1.,      871P   3015
1.,1.,1.,1.,1.,1.,1.,1.,1.,1.,1.,1.,1.,1.,1.,1.,1.,1.,1.,1.,1.,      871P   3016
1.,1.,1.,1.,1.,1.,1.,1.,1.,1.,1.,1.,1.,1.,1.,1.,1.,1.,1.,1.,1.,      871P   3017
1.,1.,1.,1.,1.,1.,1.,1.,1.,1.,1.,1.,1.,1.,1.,1.,1.,1.,1.,1.,1.,      871P   3018
1.,1.,1.,1.,1.,1.,1.,1.,1.,1.,1.,1.,1.,1.,1.,1.,1.,1.,1.,1.,1.,      871P   3019
1.,1.,1.,1.,1.,1.,1.,1.,1.,1.,1.,1.,1.,1.,1.,1.,1.,1.,1.,1.,1.,      871P   3020
1.,1.,1.,1.,1.,1.,1.,1.,1.,1.,1.,1.,1.,1.,1.,1.,1.,1.,1.,1.,1.,      871P   3021
1.,1.,1.,1.,1.,1.,1.,1.,1.,1.,1.,1.,1.,1.,1.,1.,1.,1.,1.,1.,1.,      871P   3022
1.,1.,1.,1.,1.,1.,1.,1.,1.,1.,1.,1.,1.,1.,1.,1.,1.,1.,1.,1.,1.,      871P   3023
1.,1.,1.,1.,1.,1.,1.,1.,1.,1.,1.,1.,1.,1.,1.,1.,1.,1.,1.,1.,1.,      871P   3024
1.,1.,1.,1.,1.,1.,1.,1.,1.,1.,1.,1.,1.,1.,1.,1.,1.,1.,1.,1.,1.,      871P   3025
1.,1.,1.,1.,1.,1.,1.,1.,1.,1.,1.,1.,1.,1.,1.,1.,1.,1.,1.,1.,1.,      871P   3026
1.,1.,1.,1.,1.,1.,1.,1.,1.,1.,1.,1.,1.,1.,1.,1.,1.,1.,1.,1.,1.,      871P   3027
1.,1.,1.,1.,1.,1.,1.,1.,1.,1.,1.,1.,1.,1.,1.,1.,1.,1.,1.,1.,1.,      871P   3028
1.,1.,1.,1.,1.,1.,1.,1.,1.,1.,1.,1.,1.,1.,1.,1.,1.,1.,1.,1.,1.,      871P   3029
1.,1.,1.,1.,1.,1.,1.,1.,1.,1.,1.,1.,1.,1.,1.,1.,1.,1.,1.,1.,1.,      871P   3030
1.,1.,1.,1.,1.,1.,1.,1.,1.,1.,1.,1.,1.,1.,1.,1.,1.,1.,1.,1.,1.,      871P   3031
1.,1.,1.,1.,1.,1.,1.,1.,1.,1.,1.,1.,1.,1.,1.,1.,1.,1.,1.,1.,1.,      871P   3032
20.0534208797451,43.1205602316736,-15.3148993260595,                 871P   3033
19.0257438115327,41.9124819088172,-16.8863912360892,                 871P   3034
18.0743930922071,40.2971998411981,-18.0923637425701,                 871P   3035
16.3129947874661,36.5243990655133,-19.8955760198523,                 871P   3036
15.5029472020499,34.3668803574471,-20.4928157906536,                 871P   3037
13.2677348008708,27.4892255461951,-21.5548951066616,                 871P   3038
9.57703141878479,12.1135211754751,-20.7604937530977,                 871P   3039
6.64349238481528,-5.28437557215959,-12.1820558542558,                871P   3040
3.94595010023532,-28.1083790616267,0.67579230533499,                 871P   3041
5.16754689558178,-35.9795194001413,15.3313411272088,                 871P   3042
5.22582691386313,-38.6577222337894,24.1310327218137,                 871P   3043
5.75501210771866,-39.3176932782956,27.8839143257636,                 871P   3044
3.96873102273316,-47.1852653328711,39.5121735969161,                 871P   3045
2.90158285596683,-52.2710873267992,46.7129921541601,                 871P   3046
7.77921008605471,-51.2363609435032,71.6337456293572,                 871P   3047
16.4396928632521,-49.3991500212807,115.881849489241,                 871P   3048
25.1001756404495,-47.5619390990583,160.129953349125,                 871P   3049
33.7606584176469,-45.7247281768358,204.378057209009,                 871P   3050
8.28715049226458,41.8397840697863,-15.2600927187603,                 871P   3051
7.31597350723254,40.7084653129842,-16.5980559526979,                 871P   3052
6.38417109609362,39.1989165710028,-17.641285176821,                  871P   3053
4.60591933555065,35.6640227756875,-19.2267760714724,                 871P   3054
3.75946998614604,33.6386777223533,-19.7690377420004,                 871P   3055
1.35805740145686,27.1499435838291,-20.7771221222403,                 871P   3056
-2.8930259138266,12.521679392694,-20.3184883573448,                  871P   3057
-6.82322066527666,-5.67292095600562,-12.4901140842743,               871P   3058
-9.1866021159852,-25.5293697832211,-3.59866489507025,                871P   3059
-8.52383894106412,-33.1774513699713,6.82182164451786,                871P   3060
-8.58795873206216,-36.2075779449679,13.0333554817192,                871P   3061
-8.29428935831587,-37.0948816619477,15.6376282941286,                871P   3062
-9.65297767925644,-43.29944976808,23.5691595979138,                  871P   3063
-10.4731232992268,-47.2021948131384,28.446712015984,                 871P   3064
-7.25769134180766,-46.9021897335309,45.1494105732619,                871P   3065
-1.54852338475218,-46.3695149918071,74.8059272286807,                871P   3066
4.1606445723033,-45.8368402500833,104.4624438841,                    871P   3067
9.86981252935878,-45.3041655083594,134.118960539518,                 871P   3068
-3.47911989521589,40.559007907899,-15.2052861114612,                 871P   3069
-4.39379679706761,39.5044487171511,-16.3097206693066,                871P   3070
-5.30605090001986,38.1006333008075,-17.190206611072,                 871P   3071
-7.10115611636484,34.8036464858618,-18.5579761230924,                871P   3072
-7.98400722975787,32.9104750872594,-19.0452596933473,                871P   3073
-10.5516199979571,26.8106616214631,-19.9993491378191,                871P   3074
-15.363083246438,12.9298376099128,-19.8764829615919,                 871P   3075
-20.2899337153686,-6.06146633985164,-12.7981723142927,               871P   3076
-22.3191543322057,-22.9503605048156,-7.8731220954755,                871P   3077
-22.21522477771,-30.3753833398012,-1.68769783817312,                 871P   3078
-22.4017443779875,-33.7574336561464,1.93567824162472,                871P   3079
-22.3435908243504,-34.8720700455998,3.39134226249361,                871P   3080
-23.274686381246,-39.4136342032889,7.62614559891163,                 871P   3081
-23.8478294544205,-42.1333022994776,10.1804318778079,                871P   3082
-22.29459276967,-42.5680185235587,18.6650755171667,                  871P   3083
-19.5367396327565,-43.3398799623335,33.7300049681203,                871P   3084
-16.7788864958429,-44.1117414011083,48.7949344190739,                871P   3085
-14.0210333589294,-44.8836028398831,63.8598638700276,                871P   3086
-15.2453902826964,39.2782317460117,-15.150479504162,                 871P   3087
-16.1035671013678,38.3004321213181,-16.0213853859152,                871P   3088
-16.9962728961333,37.0023500306122,-16.739128045323,                 871P   3089
-18.8082315682803,33.943270196036,-17.8891761747124,                 871P   3090
-19.7274844456618,32.1822724521656,-18.3214816446942,                871P   3091
-22.461297397371,26.4713796590971,-19.2215761533978,                 871P   3092
-27.8331405790494,13.3379958271317,-19.434477565839,                 871P   3093
-33.7566467654605,-6.45001172369767,-13.1062305443112,               871P   3094
-35.4517065484262,-20.37135122641,-12.1475792958807,                 871P   3095
-35.9066106143559,-27.5733153096312,-10.1972173208641,               871P   3096
-36.2155300239128,-31.3072893673248,-9.16199899846979,               871P   3097
-36.3928922903849,-32.6492584292519,-8.85494376914138,               871P   3098
-36.8963950832356,-35.5278186384979,-8.31686840009059,               871P   3099
-37.2225356096142,-37.0644097858167,-8.08584826036822,               871P   3100
-37.3314941975324,-38.2338473135864,-7.81925953892859,               871P   3101
-37.5249558807608,-40.3102449328599,-7.34591729244014,               871P   3102
-37.7184175639891,-42.3866425521333,-6.8725750459517,                871P   3103
-37.9118792472175,-44.4630401714067,-6.39923279946325,               871P   3104
-15.7908712085221,39.2188553299041,-15.1479386855418,                871P   3105
-16.6464286995163,38.2446142567122,-16.0080182447437,                871P   3106
-17.5382282403121,36.9514339327056,-16.7182161721838,                871P   3107
-19.350968233844,33.9033833976133,-17.8581708006202,                 871P   3108
-20.2719086865801,32.1485131865276,-18.2879275016165,                871P   3109
-23.0134266312045,26.4556506444772,-19.1855188205597,                871P   3110
-28.411248866118,13.3569179252035,-19.4139863222626,                 871P   3111
-34.3809597261936,-6.46802457643061,-13.1205120356407,               871P   3112
-36.0605279085898,-20.251789094777,-12.3457419076766,                871P   3113
-36.5413393411373,-27.4434122381405,-10.5917162073328,               871P   3114
-36.8559331708024,-31.1937013797077,-9.67648413743809,               871P   3115
-37.0442138832536,-32.5462095192327,-9.42267808277489,               871P   3116
-37.5278935980067,-35.3476733416394,-9.05598196371234,               871P   3117
-37.8425831570464,-36.8294173803894,-8.93266777692171,               871P   3118
-38.0286006418266,-38.0329163774065,-9.04706572819042,               871P   3119
-38.3588844349911,-40.1697919204465,-9.25018528611768,               871P   3120
-38.6891682281556,-42.3066674634866,-9.45330484404493,               871P   3121
-39.0194520213201,-44.4435430065267,-9.65642440197218,               871P   3122
-16.3620944012949,39.1562968284531,-15.1426512018824,                871P   3123
-17.2109545593397,38.1860844464747,-15.9904473451784,                871P   3124
-18.0982000928696,36.898185544056,-16.6922899017586,                 871P   3125
-19.9052207461213,33.8618234799751,-17.8215173517566,                871P   3126
-20.8249958658431,32.113360318313,-18.2489022451744,                 871P   3127
-23.5667538571287,26.4393376169175,-19.1455446960872,                871P   3128
-28.9800003681811,13.3767593484897,-19.3967806805512,                871P   3129
-34.9962606423064,-6.47834186217007,-13.1522333506503,               871P   3130
-36.6757225662359,-20.125711084175,-12.5770151743059,                871P   3131
-37.1755652414201,-27.3118253159055,-11.0393976719722,               871P   3132
-37.5177593306282,-31.1152630566741,-10.2758646494831,               871P   3133
-37.6472028189669,-32.4181390744141,-10.0222329300997,               871P   3134
-38.0740563326191,-35.1453702779555,-9.81751482240046,               871P   3135
-38.3262619871665,-36.4896360347139,-9.86818902458551,               871P   3136
-38.7152544016626,-37.7992159599712,-10.3593935504126,               871P   3137
-39.4059308201932,-40.1244437506668,-11.2315529294168,               871P   3138
-40.0966072387238,-42.4496715413624,-12.103712308421,                871P   3139
-40.7872836572543,-44.7748993320581,-12.9758716874252,               871P   3140
-17.5507066032196,39.0287023230562,-15.1272644280111,                871P   3141
-18.3819713100152,38.0662113187662,-15.9495408298448,                871P   3142
-19.2565030659634,36.7887740767586,-16.6340029080604,                871P   3143
-21.0457609847562,33.7760302223977,-17.7409853155607,                871P   3144
-21.9604871476008,32.0407236100444,-18.1635056448455,                871P   3145
-24.6954477093663,26.4060343751,-19.058684356762,                    871P   3146
-30.1284971258239,13.4215783136734,-19.3595126768434,                871P   3147
-36.2188394666979,-6.47318344102636,-13.2344615898863,               871P   3148
-37.9205818235739,-19.8633858122109,-13.0824542790216,               871P   3149
-38.4686369719144,-27.0340955584337,-12.0339974372466,               871P   3150
-38.8170333643522,-30.8271165276675,-11.5996262313272,               871P   3151
-38.9455602982094,-32.1260678667659,-11.4698120318487,               871P   3152
-39.3544295448155,-34.7747945262567,-11.6110033141385,               871P   3153
-39.6741314180092,-36.0850689217305,-11.9481245026835,               871P   3154
-40.1818925770299,-37.3162824273175,-12.8547379764245,               871P   3155
-41.0834491259812,-39.5023665328053,-14.4644777134989,               871P   3156
-41.9850056749325,-41.6884506382931,-16.0742174505734,               871P   3157
-42.8865622238838,-43.8745347437809,-17.6839571876478,               871P   3158
-18.1680956123716,38.9636663191103,-15.1171651377991,                871P   3159
-18.9884622008674,38.0048680012952,-15.9262052140765,                871P   3160
-19.8548341864997,36.7326109981109,-16.6016421847872,                871P   3161
-21.6320487111138,33.7317968824584,-17.6971067282284,                871P   3162
-22.5428912500956,32.0032397699903,-18.1171343009588,                871P   3163
-25.2708143356797,26.3890441608421,-19.0117981419093,                871P   3164
-30.7082423814036,13.4465558555709,-19.3394503148471,                871P   3165
-36.8261173749765,-6.45770773414317,-13.2849685141125,               871P   3166
-38.5502464232659,-19.7271385508487,-13.3566201171079,               871P   3167
-39.127482802126,-26.8879527231968,-12.5809157378817,                871P   3168
-39.5314009646782,-30.6381565791617,-12.4009946359588,               871P   3169
-39.675326730161,-31.9415726740711,-12.3526824839858,                871P   3170
-40.1426585253145,-34.5430792867681,-12.702602067935,                871P   3171
-40.3346151900057,-35.8666372969911,-12.9995170600704,               871P   3172
-40.9618769925612,-37.0670493120992,-14.0377545802141,               871P   3173
-42.0756131969837,-39.198443756975,-15.8811997099239,                871P   3174
-43.1893494014063,-41.3298382018508,-17.7246448396336,               871P   3175
-44.3030856058288,-43.4612326467267,-19.5680899693434,               871P   3176
-20.0815332881232,38.7706720558184,-15.0806718426224,                871P   3177
-20.8688371814858,37.8205333640769,-15.8515154933434,                871P   3178
-21.7108558269091,36.5623745644025,-16.5002998482811,                871P   3179
-23.4524699922868,33.5960959533834,-17.5607397751387,                871P   3180
-24.3520655122412,31.8879761420388,-17.9723953470586,                871P   3181
-27.0594384395156,26.3377939967931,-18.862153601114,                 871P   3182
-32.508529763709,13.5341388614544,-19.2608362624089,                 871P   3183
-38.6509182101702,-6.35698833660609,-13.4405266434002,               871P   3184
-40.4635301560324,-19.3074366513886,-14.2084633812376,               871P   3185
-41.1793885620429,-26.4109080307131,-14.3598334132613,               871P   3186
-41.713994384415,-30.0959554630811,-14.8108219181354,                871P   3187
-41.9216424284335,-31.3465232309881,-15.0237020012372,               871P   3188
-42.5166979468251,-33.8400275770365,-15.8445036203825,               871P   3189
-42.9041054211981,-35.082964155178,-16.452425156426,                 871P   3190
-43.4418262226979,-36.2960509197697,-17.3928375639342,               871P   3191
-44.396577687017,-38.4499500466211,-19.0625890792709,                871P   3192
-45.3513291513362,-40.6038491734725,-20.7323405946077,               871P   3193
-46.3060806156553,-42.7577483003239,-22.4020921099445,               871P   3194
-24.1534912328099,38.3931385234169,-14.9829035541061,                871P   3195
-24.8731963749703,37.4506453504186,-15.6834045581645,                871P   3196
-25.6670122229297,36.2149129059246,-16.2805745085226,                871P   3197
-27.3395449630336,33.312690458205,-17.2690811045893,                 871P   3198
-28.2182618551781,31.6462004549792,-17.6604177502977,                871P   3199
-30.8867835467698,26.2341755835931,-18.5269209345748,                871P   3200
-36.3533109905853,13.7599063939854,-19.0299002917351,                871P   3201
-42.3123883219891,-5.93838043398179,-13.7677923284114,               871P   3202
-44.3872573563275,-18.4241923909738,-16.0295329089798,               871P   3203
-45.5846731590047,-25.3023538986543,-18.4703198579183,               871P   3204
-46.3563071095833,-28.8096839731964,-19.929288346981,                871P   3205
-46.6423394346496,-29.9901688848275,-20.4553736791007,               871P   3206
-47.3021867099,-32.4023001925104,-21.5967278895093,                  871P   3207
-47.6760016600843,-33.6339465885622,-22.2119967677981,               871P   3208
-48.1087782271798,-34.9053795822512,-22.8766866898237,               871P   3209
-48.8771957033217,-37.1628754967158,-24.0568784819249,               871P   3210
-49.6456131794636,-39.4203714111803,-25.2370702740261,               871P   3211
-50.4140306556056,-41.6778673256449,-26.4172620661273,               871P   3212
-31.846377722295,38.0393910318426,-14.736939327297,                  871P   3213
-32.6833649860997,36.9846946733369,-15.4681302326932,                871P   3214
-33.6207468655953,35.7058596757651,-16.0448227786138,                871P   3215
-35.5893765288052,32.8206987488825,-16.9326201629163,                871P   3216
-36.6206243125195,31.2143728195719,-17.2437250012982,                871P   3217
-39.6947815292455,26.085338153622,-17.8437714722546,                 871P   3218
-45.7647514250304,14.5870413096504,-17.7107922374108,                871P   3219
-49.0742455998788,-3.5307435403817,-13.4283399803075,                871P   3220
-51.5160021888273,-16.9046667468073,-18.2518394933699,               871P   3221
-53.0439791901951,-24.3044953091997,-21.5506784859682,               871P   3222
-53.8640109627541,-27.9908145241898,-23.3026956208463,               871P   3223
-54.146695432253,-29.2173217514855,-23.9038009389022,                871P   3224
-54.7383381447439,-31.6808865996812,-25.1460676363934,               871P   3225
-55.0472963877359,-32.9179442205812,-25.7872290158288,               871P   3226
-55.3731878589086,-34.1678180794531,-26.4513468502138,               871P   3227
-55.951825245529,-36.3870346201633,-27.6305228707268,                871P   3228
-56.5304626321494,-38.6062511608735,-28.8096988912398,               871P   3229
-57.1091000187698,-40.8254677015837,-29.9888749117528,               871P   3230
-35.7346263445192,37.9298934065248,-13.8157964251511,                871P   3231
-36.5878519217173,36.8472190454744,-14.4322905223503,                871P   3232
-37.5760722571903,35.5485387057355,-14.8694569893108,                871P   3233
-39.6465556658795,32.6895214377605,-15.4733766940796,                871P   3234
-40.7288187390956,31.1291845095243,-15.640129931888,                 871P   3235
-43.8527518971486,26.3112218953895,-15.8671328485734,                871P   3236
-49.6091939668725,16.1274893494143,-15.2281114949853,                871P   3237
-53.504372665075,-1.83548003493824,-12.5397441651071,                871P   3238
-56.198435833527,-16.2206321814799,-17.8525750673514,                871P   3239
-57.6792238713651,-23.9350580321268,-21.4449255115042,               871P   3240
-58.4249337084922,-27.7239514915883,-23.2787446873808,               871P   3241
-58.6743896239025,-28.9755294004319,-23.8962917383063,               871P   3242
-59.1797274155838,-31.4699884140013,-25.1389674864241,               871P   3243
-59.4356092918547,-32.7128695187272,-25.7640961836163,               871P   3244
-59.6970311592847,-33.958440396979,-26.390532534775,                 871P   3245
-60.161199385691,-36.1700167700846,-27.5028031069817,                871P   3246
-60.6253676120972,-38.3815931431902,-28.6150736791884,               871P   3247
-61.0895358385035,-40.5931695162958,-29.7273442513951,               871P   3248
-37.9757051868617,37.755731271591,-12.9954686729809,                 871P   3249
-38.7664591133864,36.7345613698888,-13.5038794366564,                871P   3250
-39.7464020705144,35.5466702985137,-13.7867841627144,                871P   3251
-41.8227978020241,32.9052091690037,-14.1111390052626,                871P   3252
-42.9410193322375,31.4309781176119,-14.1503231521549,                871P   3253
-46.0489537807678,26.9846335565834,-14.0603888750383,                871P   3254
-51.9384190539428,17.1258039114749,-13.1001988996685,                871P   3255
-56.4551219434433,-0.852088746851672,-11.499130823585,               871P   3256
-59.2893424384046,-15.8854546909911,-16.8906808933148,               871P   3257
-60.6855385648301,-23.767809207622,-20.5762560231881,                871P   3258
-61.3636410052928,-27.6158577648065,-22.4313858518909,               871P   3259
-61.5863425483221,-28.8830191670128,-23.0518195054196,               871P   3260
-62.0302016055209,-31.4023794278003,-24.2863400252479,               871P   3261
-62.2513591196905,-32.6545782863815,-24.9004268915476,               871P   3262
-62.4743052087921,-33.9073360515261,-25.5061099266572,               871P   3263
-62.87015767431,-36.1316731189652,-26.581531898564,                  871P   3264
-63.2660101398279,-38.3560101864043,-27.6569538704709,               871P   3265
-63.6618626053458,-40.5803472538434,-28.7323758423777,               871P   3266
-38.5825686683274,37.6998649644625,-12.7252803383756,                871P   3267
-39.3837343442669,36.7048095663773,-13.1595482611223,                871P   3268
-40.337151303227,35.5654012161566,-13.3923684730791,                 871P   3269
-42.4037714779621,33.0294501985156,-13.6124255944587,                871P   3270
-43.4785522467735,31.6651513683816,-13.6017336917948,                871P   3271
-46.6273084265895,27.2931039194594,-13.4040967162309,                871P   3272
-52.6224762797478,17.4324051875348,-12.3465776948133,                871P   3273
-57.376730699478,-0.572301040988821,-11.0898986297241,               871P   3274
-60.2494915352559,-15.8033702664126,-16.4596418595488,               871P   3275
-61.6092903264163,-23.7303644550037,-20.155140400838,                871P   3276
-62.2628793104759,-27.5951687804907,-22.0107003008292,               871P   3277
-62.4763572365757,-28.866988094185,-22.6305220390507,                871P   3278
-62.9002650416345,-31.3949372079098,-23.860913813406,                871P   3279
-63.1106949205936,-32.6510670079405,-24.4714838495398,               871P   3280
-63.3224618209987,-33.9079560891089,-25.0715004120281,               871P   3281
-63.6984650510992,-36.1396285246653,-26.1368612648234,               871P   3282
-64.0744682811997,-38.3713009602218,-27.2022221176186,               871P   3283
-64.4504715113002,-40.6029733957782,-28.2675829704138,               871P   3284
-39.5159700326283,37.5925078259044,-12.191412168068,                 871P   3285
-40.3542604684096,36.7127903842498,-12.4132596856586,                871P   3286
-41.2974634158259,35.7155829492958,-12.499542893804,                 871P   3287
-43.3369563284235,33.4168249622583,-12.5046685551133,                871P   3288
-44.4239897171109,32.1282609477416,-12.4151534032664,                871P   3289
-47.6474529502106,27.8884247516171,-12.030333572425,                 871P   3290
-53.9438316845591,17.9121757490713,-10.7955964095395,                871P   3291
-59.0952351236027,-0.14232592417134,-10.1229156229861,               871P   3292
-62.0231155534662,-15.6949015121337,-15.4024102206011,               871P   3293
-63.3049969498691,-23.6835864167614,-19.0788592697104,               871P   3294
-63.9106910606406,-27.5755530527811,-20.9247986780453,               871P   3295
-64.1067146663262,-28.8558126287386,-21.5413976281203,               871P   3296
-64.49432877458,-31.4024455516219,-22.7643209620898,                 871P   3297
-64.6859192771482,-32.6688188985476,-23.3706453459843,               871P   3298
-64.8789511078375,-33.9383686524905,-23.9654093497351,               871P   3299
-65.2216892397766,-36.1925207760876,-25.0214440092118,               871P   3300
-65.5644273717157,-38.4466728996848,-26.0774786686884,               871P   3301
-65.9071655036548,-40.7008250232819,-27.1335133281651,               871P   3302
-39.8425079154636,37.5410169944749,-11.9277323323657,                871P   3303
-40.7203150830186,36.698804702825,-12.0516080335063,                 871P   3304
-41.6728323494927,35.8326292585842,-12.0120993866134,                871P   3305
-43.7028069329249,33.6552214690506,-11.9092542021657,                871P   3306
-44.77966453541,32.3957163249754,-11.7904284050599,                  871P   3307
-48.08924282801,28.1752752208987,-11.3128625874265,                  871P   3308
-54.5811298635655,18.085345034548,-9.99823632912087,                 871P   3309
-59.8921307916927,0.00786148678328935,-9.56516481010916,             871P   3310
-62.8365904748252,-15.6685171824332,-14.7762176154194,               871P   3311
-64.0769518117355,-23.6742531311374,-18.4236937609328,               871P   3312
-64.6592645056222,-27.5766263093872,-20.2595826063231,               871P   3313
-64.847057407823,-28.8606682361201,-20.8735706835588,                871P   3314
-65.2183290714119,-31.4173961152244,-22.0931543226156,               871P   3315
-65.4018078327998,-32.6900820675958,-22.6987498844367,               871P   3316
-65.5872837824698,-33.9681611782893,-23.2939278020711,               871P   3317
-65.9166060516649,-36.2374576218099,-24.3506973873408,               871P   3318
-66.2459283208601,-38.5067540653304,-25.4074669726106,               871P   3319
-66.5752505900552,-40.7760505088509,-26.4642365578803,               871P   3320
-40.1780158467902,37.4915903152331,-11.6323341125285,                871P   3321
-41.0793445011094,36.7663684480946,-11.5718236136277,                871P   3322
-42.026760819524,35.9180220123378,-11.5042192028229,                 871P   3323
-44.0503506650446,33.8411080007694,-11.2904971821167,                871P   3324
-45.1265241921504,32.6125404249579,-11.1443795722152,                871P   3325
-48.5481805865049,28.3565059874413,-10.588256943866,                 871P   3326
-55.2640201323253,18.1512525740686,-9.20145437955508,                871P   3327
-60.6262877085929,0.0764579929956977,-8.92125645823646,              871P   3328
-63.5735443254664,-15.6681915420263,-14.0652790812424,               871P   3329
-64.7754629101175,-23.6747264569577,-17.6660374919724,               871P   3330
-65.3375038841527,-27.5841195489703,-19.4880686198388,               871P   3331
-65.5183644891161,-28.8716048520658,-20.0990209828779,               871P   3332
-65.8763608561608,-31.4396453534768,-21.3174643136256,               871P   3333
-66.0534966182422,-32.7202005517924,-21.9249552813341,               871P   3334
-66.2333939238233,-34.0094713729037,-22.5253761999619,               871P   3335
-66.5528110180691,-36.2986392848142,-23.5914550082744,               871P   3336
-66.872228112315,-38.5878071967247,-24.657533816587,                 871P   3337
-67.1916452065608,-40.8769751086352,-25.7236126248995,               871P   3338
-40.8042773061475,37.3993301288621,-11.0809417221453,                871P   3339
-41.7495113327447,36.8924834092072,-10.6762546481433,                871P   3340
-42.687406185711,36.0774167258182,-10.556206487232,                  871P   3341
-44.6990782346347,34.1880851055096,-10.135520985783,                 871P   3342
-45.7739748618365,33.0172658117525,-9.93846028657118,                871P   3343
-49.4048370275396,28.6947926082273,-9.23570296399312,                871P   3344
-56.5387079008182,18.274276049906,-7.71417560032764,                 871P   3345
-61.9966701623165,0.204500712932383,-7.71933260939744,               871P   3346
-64.9491475553412,-15.6675836993573,-12.7382362236668,               871P   3347
-66.079308628817,-23.6756099702558,-16.2517909827642,                871P   3348
-66.6035102683016,-27.5981064825671,-18.0479551978412,               871P   3349
-66.7714309985877,-28.8920192161479,-18.6532410754549,               871P   3350
-67.1046476039313,-31.4811759377536,-19.8695558987094,               871P   3351
-67.2699434789889,-32.7764199257787,-20.4805848443502,               871P   3352
-67.4394276483604,-34.0865812721042,-21.09079238543,                 871P   3353
-67.740355673527,-36.4128414063781,-22.1742478548105,                871P   3354
-68.0412836986936,-38.739101540652,-23.2577033241909,                871P   3355
-68.3422117238601,-41.0653616749259,-24.3411587935713,               871P   3356
-41.4305387655048,37.307069942491,-10.5295493317621,                 871P   3357
-42.4196781643801,37.0185983703198,-9.78068568265877,                871P   3358
-43.3480515518979,36.2368114392987,-9.60819377164096,                871P   3359
-45.3478058042249,34.5350622102498,-8.98054478944933,                871P   3360
-46.4214255315225,33.4219911985472,-8.73254100092711,                871P   3361
-50.2614934685743,29.0330792290133,-7.88314898412027,                871P   3362
-57.813395669311,18.3972995257435,-6.2268968211002,                  871P   3363
-63.3670526160401,0.332543432869068,-6.51740876055841,               871P   3364
-66.324750785216,-15.6669758566883,-11.4111933660912,                871P   3365
-67.3831543475166,-23.6764934835539,-14.837544473556,                871P   3366
-67.8695166524506,-27.6120934161638,-16.6078417758435,               871P   3367
-68.0244975080592,-28.91243358023,-17.2074611680319,                 871P   3368
-68.3329343517017,-31.5227065220305,-18.4216474837933,               871P   3369
-68.4863903397356,-32.8326392997649,-19.0362144073663,               871P   3370
-68.6454613728975,-34.1636911713047,-19.6562085708982,               871P   3371
-68.9279003289848,-36.527043527942,-20.7570407013465,                871P   3372
-69.2103392850722,-38.8903958845793,-21.8578728317949,               871P   3373
-69.4927782411595,-41.2537482412166,-22.9587049622432,               871P   3374
-42.0568002248621,37.21480975612,-9.97815694137884,                  871P   3375
-43.0898449960155,37.1447133314324,-8.88511671717428,                871P   3376
-44.0086969180849,36.3962061527791,-8.66018105604997,                871P   3377
-45.996533373815,34.88203931499,-7.82556859311565,                   871P   3378
-47.0688762012085,33.8267165853419,-7.52662171528305,                871P   3379
-51.118149909609,29.3713658497993,-6.53059500424743,                 871P   3380
-59.0880834378038,18.5203230015809,-4.73961804187276,                871P   3381
-64.7374350697637,0.460586152805753,-5.31548491171938,               871P   3382
-67.7003540150907,-15.6663680140193,-10.0841505085155,               871P   3383
-68.6870000662161,-23.677376996852,-13.4232979643478,                871P   3384
-69.1355230365995,-27.6260803497606,-15.1677283538458,               871P   3385
-69.2775640175308,-28.9328479443121,-15.7616812606089,               871P   3386
-69.5612210994721,-31.5642371063074,-16.9737390688772,               871P   3387
-69.7028372004823,-32.8888586737512,-17.5918439703824,               871P   3388
-69.8514950974346,-34.2408010705052,-18.2216247563663,               871P   3389
-70.1154449844426,-36.6412456495059,-19.3398335478826,               871P   3390
-70.3793948714507,-39.0416902285066,-20.4580423393988,               871P   3391
-70.6433447584588,-41.4421348075074,-21.576251130915,0.,             871P   3392
2.2219440510894,-0.674076639897504,0.616662938652628;                871P   3393
128,1,2,1,2,0,0,0,0,0,-0.248718302970727,-0.248718302970727,         873P   3394
0.248718302970712,0.248718302970712,-0.0722771590692082,             873P   3395
-0.0722771590692082,-0.0722771590692082,0.0722771590692082,          873P   3396
0.0722771590692082,0.0722771590692082,1.,1.,0.997389143025779,       873P   3397
0.997389143025779,1.,1.,-37.1840353754566,-24.6396586174532,         873P   3398
0.999999999999983,-38.6801190899953,-24.7479799869617,               873P   3399
3.50000000000009,-37.1494694422071,-25.117067,0.999999999999983,     873P   3400
-38.6533959792953,-25.117067,3.50000000000009,-37.1840353754566,     873P   3401
-25.5944753825468,0.999999999999983,-38.6801190899953,               873P   3402
-25.4861540130384,3.50000000000009,-0.248718302970727,               873P   3403
0.248718302970712,-0.0722771590692082,0.0722771590692082;            873P   3404
128,1,1,1,1,0,0,1,0,0,0.190705731781342,0.190705731781342,           875P   3405
0.38245660652595,0.38245660652595,-0.75111424603294,                 875P   3406
-0.75111424603294,0.833838348060476,0.833838348060476,1.,1.,1.,      875P   3407
1.,-39.0126777906368,-24.748154511026,3.50999847695166,              875P   3408
-37.0951690431907,-24.748154511026,3.50999847695166,                 875P   3409
-39.0126777906368,-24.4715421424666,-12.3371135044128,               875P   3410
-37.0951690431907,-24.4715421424666,-12.3371135044128,               875P   3411
0.190705731781342,0.38245660652595,-0.75111424603294,                875P   3412
0.833838348060476;                                                   875P   3413
128,1,2,1,2,0,0,0,0,0,0.367054490597181,0.367054490597181,           877P   3414
1.01307033243936,1.01307033243936,-0.0741151739779008,               877P   3415
-0.0741151739779008,-0.0741151739779008,0.0741151739779015,          877P   3416
0.0741151739779015,0.0741151739779015,1.,1.,0.997254727500321,       877P   3417
0.997254727500321,1.,1.,-37.1849239964954,-24.627540038957,          877P   3418
-3.4000000000001,-37.1849239964954,-24.627540038957,1.,              877P   3419
-37.1485760424068,-25.117067,-3.4000000000001,-37.1485760424068,     877P   3420
-25.117067,1.,-37.1849239964954,-25.6065939610431,                   877P   3421
-3.4000000000001,-37.1849239964954,-25.6065939610431,1.,             877P   3422
0.367054490597181,1.01307033243936,-0.0741151739779008,              877P   3423
0.0741151739779015;                                                  877P   3424
128,1,2,1,2,0,0,0,0,0,-0.248718302970728,-0.248718302970728,         879P   3425
0.248718302970713,0.248718302970713,-0.0722771590692082,             879P   3426
-0.0722771590692082,-0.0722771590692082,0.0722771590692091,          879P   3427
0.0722771590692091,0.0722771590692091,1.,1.,0.997389143025779,       879P   3428
0.997389143025779,1.,1.,-50.3715146245434,-25.5944753825468,         879P   3429
0.999999999999981,-48.8754309100047,-25.4861540130384,               879P   3430
3.50000000000009,-50.4060805577928,-25.117067,0.999999999999981,     879P   3431
-48.9021540207047,-25.117067,3.50000000000009,-50.3715146245434,     879P   3432
-24.6396586174532,0.999999999999981,-48.8754309100047,               879P   3433
-24.7479799869617,3.50000000000009,-0.248718302970728,               879P   3434
0.248718302970713,-0.0722771590692082,0.0722771590692091;            879P   3435
128,1,1,1,1,0,0,1,0,0,-0.954064584835835,-0.954064584835835,         881P   3436
-0.762313710091304,-0.762313710091304,-0.75111424603294,             881P   3437
-0.75111424603294,1.54372055148814,1.54372055148814,1.,1.,1.,1.,     881P   3438
-50.4603809568085,-24.748154511026,3.50999847695166,                 881P   3439
-48.5428722093632,-24.748154511026,3.50999847695166,                 881P   3440
-50.4603809568085,-24.3476506150984,-19.4348543537097,               881P   3441
-48.5428722093632,-24.3476506150984,-19.4348543537097,               881P   3442
-0.954064584835835,-0.762313710091304,-0.75111424603294,             881P   3443
1.54372055148814;                                                    881P   3444
128,1,1,1,1,0,0,1,0,0,0.468197388323378,0.468197388323378,           883P   3445
0.50512556945753,0.50512556945753,-0.0379087013038372,               883P   3446
-0.0379087013038372,0.0379087013038372,0.0379087013038372,1.,1.,     883P   3447
1.,1.,-48.5428722093632,-24.7379799869617,3.5,-48.9121540207047,     883P   3448
-24.7379799869617,3.5,-48.5428722093632,-25.4961540130384,3.5,       883P   3449
-48.9121540207047,-25.4961540130384,3.5,0.468197388323378,           883P   3450
0.50512556945753,-0.0379087013038372,0.0379087013038372;             883P   3451
128,1,2,1,2,0,0,0,0,0,0.367054490597175,0.367054490597175,           885P   3452
1.01307033243936,1.01307033243936,3.06747747961189,                  885P   3453
3.06747747961189,3.06747747961189,3.21570782756769,                  885P   3454
3.21570782756769,3.21570782756769,1.,1.,0.997254727500321,           885P   3455
0.997254727500321,1.,1.,-50.3706260035046,-25.6065939610431,         885P   3456
-3.4000000000001,-50.3706260035046,-25.6065939610431,                885P   3457
1.00000000000004,-50.4069739575932,-25.117067,-3.4000000000001,      885P   3458
-50.4069739575932,-25.117067,1.00000000000004,-50.3706260035046,     885P   3459
-24.627540038957,-3.4000000000001,-50.3706260035046,                 885P   3460
-24.627540038957,1.00000000000004,0.367054490597175,                 885P   3461
1.01307033243936,3.06747747961189,3.21570782756769;                  885P   3462
128,1,4,1,2,0,0,0,0,0,0.455147895206061,0.455147895206061,           887P   3463
2.51060607362211,2.51060607362211,-3.06836016531399,                 887P   3464
-3.06836016531399,-3.06836016531399,-1.57079632679489,               887P   3465
-1.57079632679489,-0.073232488275691,-0.073232488275691,             887P   3466
-0.073232488275691,1.,1.,0.732518616903123,0.732518616903123,1.,     887P   3467
1.,0.732518616903123,0.732518616903123,1.,1.,-50.4503808795832,      887P   3468
-24.6275400445269,-3.4,-50.1820568149412,-24.6472252866669,          887P   3469
-18.8135884163473,-49.9954518198899,-18.4265284667887,-3.4,          887P   3470
-49.7454217196486,-18.6955736533729,-18.8135884163473,               887P   3471
-43.777775,-18.4265284667889,-3.4,-43.777775,-18.6955736533731,      887P   3472
-18.8135884163473,-37.5600981801097,-18.4265284667891,-3.4,          887P   3473
-37.810128280351,-18.6955736533732,-18.8135884163473,                887P   3474
-37.1051691204167,-24.6275400445277,-3.4,-37.3734931850587,          887P   3475
-24.6472252866676,-18.8135884163473,0.455147895206061,               887P   3476
2.51060607362211,-3.06836016531399,-0.073232488275691;               887P   3477
128,1,2,1,2,0,0,0,0,0,0.455147895206061,0.455147895206061,           889P   3478
2.61305015745995,2.61305015745995,1.65180705641503,                  889P   3479
1.65180705641503,1.65180705641503,3.06836016533957,                  889P   3480
3.06836016533957,3.06836016533957,1.,1.,0.759484149170975,           889P   3481
0.759484149170975,1.,1.,-44.3191877626863,-31.7856634103988,         889P   3482
-3.4,-44.2963309449604,-31.504135335804,-19.5818020246548,           889P   3483
-50.0310832305397,-31.3219236794108,-3.4,-49.7670873732935,          889P   3484
-31.0599733008623,-19.5818020246548,-50.4503808795957,               889P   3485
-25.6065939553024,-3.4,-50.168683537276,-25.5859276002395,           889P   3486
-19.5818020246548,0.455147895206061,2.61305015745995,                889P   3487
1.65180705641503,3.06836016533957;                                   889P   3488
128,1,1,1,1,0,0,1,0,0,-0.230602772840886,-0.230602772840886,         891P   3489
-0.0388518978498563,-0.0388518978498563,-0.751114246032931,          891P   3490
-0.751114246032931,1.59056033903701,1.59056033903701,1.,1.,1.,       891P   3491
1.,-48.5428722093632,-25.485979488974,3.50999847695156,              891P   3492
-50.4603809592735,-25.485979488974,3.50999847695156,                 891P   3493
-48.5428722093632,-25.894658054999,-19.9031808899333,                891P   3494
-50.4603809592735,-25.894658054999,-19.9031808899333,                891P   3495
-0.230602772840886,-0.0388518978498563,-0.751114246032931,           891P   3496
1.59056033903701;                                                    891P   3497
128,1,1,1,1,0,0,1,0,0,-0.0413606309741273,-0.0413606309741273,       893P   3498
0.6444658520241,0.6444658520241,-1.82635073227714,                   893P   3499
-1.82635073227714,0.685436376625058,0.685436376625058,1.,1.,1.,      893P   3500
1.,-48.9659296868871,-21.7034606902588,-20.1640470386424,            893P   3501
-48.9659296868871,-28.561725520241,-20.1640470386424,                893P   3502
-48.5275623918022,-21.7034606902588,4.94999847695157,                893P   3503
-48.5275623918022,-28.561725520241,4.94999847695157,                 893P   3504
-0.0413606309741273,0.6444658520241,-1.82635073227714,               893P   3505
0.685436376625058;                                                   893P   3506
128,8,9,3,3,0,0,1,0,0,0.,0.,0.,0.,0.142857142857143,                 895P   3507
0.285714285714286,0.428571428571429,0.571428571428571,               895P   3508
0.785714285714286,1.,1.,1.,1.,5.9731074539443,5.9731074539443,       895P   3509
5.9731074539443,5.9731074539443,6.16299911465358,                    895P   3510
6.16299911465358,6.31737893328977,6.47175875192595,                  895P   3511
6.67759851010754,6.67759851010754,6.86229744786993,                  895P   3512
6.86229744786993,6.86229744786993,6.86229744786993,1.,1.,1.,1.,      895P   3513
1.,1.,1.,1.,1.,1.,1.,1.,1.,1.,1.,1.,1.,1.,1.,1.,1.,1.,1.,1.,1.,      895P   3514
1.,1.,1.,1.,1.,1.,1.,1.,1.,1.,1.,1.,1.,1.,1.,1.,1.,1.,1.,1.,1.,      895P   3515
1.,1.,1.,1.,1.,1.,1.,1.,1.,1.,1.,1.,1.,1.,1.,1.,1.,1.,1.,1.,1.,      895P   3516
1.,1.,1.,1.,1.,1.,1.,1.,1.,1.,1.,1.,1.,1.,1.,1.,1.,1.,1.,1.,1.,      895P   3517
1.,1.,-49.3118361491242,-25.6528661114198,-19.7749947899737,         895P   3518
-49.3547209966618,-25.6529941910262,-19.7956937547651,               895P   3519
-49.451213101693,-25.6563844213749,-19.8299786295989,                895P   3520
-49.6218079198205,-25.674428209641,-19.8428586754174,                895P   3521
-49.7993719678967,-25.7067312665319,-19.8026986584669,               895P   3522
-49.9847430912847,-25.7579253523985,-19.6915647490369,               895P   3523
-50.122330081706,-25.8244983235082,-19.4958802996394,                895P   3524
-50.1461465097322,-25.8662772072433,-19.3421555726251,               895P   3525
-50.1452722086528,-25.8836560936781,-19.2728789479943,               895P   3526
-49.2374053945199,-26.2674028222542,-19.9312259339426,               895P   3527
-49.2793324951783,-26.2725482539748,-19.9539528264073,               895P   3528
-49.3741984297812,-26.2867261630772,-19.9926533766994,               895P   3529
-49.5439793828903,-26.3217059109719,-20.0118022982492,               895P   3530
-49.7218727146057,-26.3694896943328,-19.9757358606752,               895P   3531
-49.9076061835452,-26.4338994575621,-19.8655354267994,               895P   3532
-50.0431752927837,-26.5049682883632,-19.6663963019878,               895P   3533
-50.0638409570971,-26.5411406556376,-19.5098937979471,               895P   3534
-50.0615495705117,-26.5547220241635,-19.4396697802991,               895P   3535
-49.0588978271741,-26.8898620555544,-20.0366272474008,               895P   3536
-49.0986903564927,-26.900721192228,-20.0613218068475,                895P   3537
-49.1895954970013,-26.9270709135977,-20.1043681973844,               895P   3538
-49.3549682500798,-26.9813604834576,-20.129939289232,                895P   3539
-49.5305802738965,-27.0461272884567,-20.0981744383004,               895P   3540
-49.7153559832913,-27.1235873694571,-19.9889513721512,               895P   3541
-49.8503853633097,-27.1953475490488,-19.7860965139763,               895P   3542
-49.8706280369108,-27.2219758603088,-19.6266488497561,               895P   3543
-49.8684615461113,-27.2299269022276,-19.5554145946933,               895P   3544
-48.5478911660524,-27.9483010737227,-20.0568905540389,               895P   3545
-48.5816575163437,-27.9696882336164,-20.083413584485,                895P   3546
-48.660324920735,-28.0186227590976,-20.1306570152883,                895P   3547
-48.809853800707,-28.1077835057115,-20.1630188269829,                895P   3548
-48.9748109555176,-28.2022370391582,-20.13644580699,                 895P   3549
-49.1548848557456,-28.3005261756401,-20.0296350459552,               895P   3550
-49.2945062262839,-28.3693511078714,-19.8249730257127,               895P   3551
-49.3234612363807,-28.3762339717202,-19.6641239343875,               895P   3552
-49.326033889864,-28.3732825762423,-19.5925788790865,                895P   3553
-47.953829615049,-28.8416886208185,-19.9463228572597,                895P   3554
-47.9802679529672,-28.872728557192,-19.9729233681929,                895P   3555
-48.0437826665618,-28.9422376267444,-20.0206166586966,               895P   3556
-48.1720493290396,-29.0628192129184,-20.0545104969514,               895P   3557
-48.3217574136672,-29.18312515913,-20.0300722832189,                 895P   3558
-48.4951636281146,-29.298014556796,-19.9259957864514,                895P   3559
-48.6445573028134,-29.3608250638426,-19.7245414971232,               895P   3560
-48.6895472118372,-29.348334634794,-19.5661677036747,                895P   3561
-48.700342110044,-29.3350254311835,-19.4958256116252,                895P   3562
-46.6908664565875,-29.9488173357933,-19.2807083102242,               895P   3563
-46.7045116413672,-29.9906557682412,-19.3012348857318,               895P   3564
-46.7410045635005,-30.0822872574032,-19.3362688615916,               895P   3565
-46.8285718476385,-30.2337425694472,-19.3540660665013,               895P   3566
-46.9457042317351,-30.3780673413772,-19.3224518884682,               895P   3567
-47.1011134980301,-30.5096274107981,-19.2246228618069,               895P   3568
-47.268699805186,-30.5739206587647,-19.0472483771824,                895P   3569
-47.3509760286858,-30.5500439499031,-18.9076601977688,               895P   3570
-47.3810799426328,-30.5294578035895,-18.8450166901426,               895P   3571
-45.7722723526477,-30.3840050670507,-18.5421776996608,               895P   3572
-45.7804081142788,-30.4286087974945,-18.5570115774945,               895P   3573
-45.8052362286831,-30.5250510357854,-18.580325661605,                895P   3574
-45.8740757302561,-30.6806386489386,-18.5833443123378,               895P   3575
-45.9738333689398,-30.8276862616913,-18.5447329585866,               895P   3576
-46.1152780642375,-30.9640762801636,-18.450696123328,                895P   3577
-46.2839960835037,-31.0399080911346,-18.2913586061287,               895P   3578
-46.382846699377,-31.0256855233688,-18.1659873087074,                895P   3579
-46.4228034207481,-31.0086792512629,-18.1090775065098,               895P   3580
-44.8097495019925,-30.7086791689178,-17.6694331561179,               895P   3581
-44.8134696334304,-30.7553636961107,-17.6788903466772,               895P   3582
-44.8289119867763,-30.8549109360562,-17.6912167656444,               895P   3583
-44.8821104523039,-31.0125211300367,-17.681046202185,                895P   3584
-44.9663488283204,-31.1607276073786,-17.6362316867468,               895P   3585
-45.0935401873972,-31.3010084804252,-17.545119727126,                895P   3586
-45.2585832551187,-31.3886740004293,-17.4004335985309,               895P   3587
-45.368679422604,-31.3867434411001,-17.2868811255424,                895P   3588
-45.416247712754,-31.3749621462275,-17.2346484439611,                895P   3589
-44.3676837320294,-30.7990411346827,-17.2264505973331,               895P   3590
-44.3699562747048,-30.8461128956947,-17.2335175456153,               895P   3591
-44.3822704731861,-30.9460331638036,-17.2411163689934,               895P   3592
-44.429767481743,-31.1028238469706,-17.225126698779,                 895P   3593
-44.5076101545123,-31.2503513002606,-17.1773994596003,               895P   3594
-44.6277767298171,-31.3918685247377,-17.0868663363828,               895P   3595
-44.788446153706,-31.4860005610932,-16.947330986553,                 895P   3596
-44.9009229590159,-31.4915334704887,-16.837903288237,                895P   3597
-44.9507608840297,-31.4832420664901,-16.7872900778904,               895P   3598
-43.935708230087,-30.8423742062667,-16.7743908800928,                895P   3599
-43.9367392265935,-30.8897300241303,-16.7792834516884,               895P   3600
-43.9463177690251,-30.9896950011616,-16.7825220651602,               895P   3601
-43.98865608323,-31.1455784287183,-16.7613288739713,                 895P   3602
-44.0604813595106,-31.292332515602,-16.7107616126439,                895P   3603
-44.1736282424588,-31.4347945625229,-16.620086528806,                895P   3604
-44.328794590682,-31.5344419740806,-16.4838520630595,                895P   3605
-44.4417859358217,-31.5470974392469,-16.3772083665691,               895P   3606
-44.4929541299696,-31.5422731846425,-16.3276040997014,0.,1.,         895P   3607
5.9731074539443,6.86229744786993;                                    895P   3608
128,6,5,3,3,0,0,1,0,0,0.,0.,0.,0.,0.285714285714286,                 897P   3609
0.571428571428571,0.714285714285714,1.,1.,1.,1.,                     897P   3610
4.96930562223411,4.96930562223411,4.96930562223411,                  897P   3611
4.96930562223411,5.31238228014147,5.31238228014147,                  897P   3612
5.84144299889549,5.84144299889549,5.84144299889549,                  897P   3613
5.84144299889549,1.,1.,1.,1.,1.,1.,1.,1.,1.,1.,1.,1.,1.,1.,1.,       897P   3614
1.,1.,1.,1.,1.,1.,1.,1.,1.,1.,1.,1.,1.,1.,1.,1.,1.,1.,1.,1.,1.,      897P   3615
1.,1.,1.,1.,1.,1.,-44.0734825162519,-19.3172155722037,               897P   3616
-15.7130166664812,-44.0870992144592,-19.2231106102238,               897P   3617
-15.7076188479147,-44.1330503367447,-19.0229892560609,               897P   3618
-15.6619430255912,-44.2378372845777,-18.8155887211018,               897P   3619
-15.4995753244506,-44.3574263646946,-18.6882548927457,               897P   3620
-15.2887012457764,-44.4288389856467,-18.6642608608992,               897P   3621
-15.1506095086086,-44.4709192308593,-18.6672841710123,               897P   3622
-15.0652256263861,-45.1149043840982,-19.3933557845749,               897P   3623
-16.2248477540686,-45.1437787684321,-19.3012976386339,               897P   3624
-16.2225274616158,-45.2222946796931,-19.1064360134403,               897P   3625
-16.1826840955158,-45.3622562713501,-18.9116930037288,               897P   3626
-16.0226228579041,-45.5038150899005,-18.8015367689753,               897P   3627
-15.811106675909,-45.5788869696684,-18.7895451939035,                897P   3628
-15.6720747003264,-45.6200051955572,-18.7999239156061,               897P   3629
-15.5864252362502,-46.1233728744192,-19.7557808313226,               897P   3630
-16.7297444652247,-46.1669531526776,-19.6696100986781,               897P   3631
-16.7308834748069,-46.278073604294,-19.4879744150535,                897P   3632
-16.6977459268432,-46.452799614528,-19.3147768648434,                897P   3633
-16.5410510278579,-46.6140024667728,-19.2283113048665,               897P   3634
-16.3298556636234,-46.6908867956695,-19.2297922349159,               897P   3635
-16.19041872085,-46.7294302585028,-19.2476088799782,                 897P   3636
-16.1048948279917,-48.2616877418455,-21.2664033217373,               897P   3637
-17.9994859699257,-48.3352834407685,-21.2028872713648,               897P   3638
-18.0118832932114,-48.5144300062541,-21.0714583377642,               897P   3639
-18.0016229648514,-48.7622769166982,-20.9691598200392,               897P   3640
-17.8558466205542,-48.9585278293612,-20.9489746363134,               897P   3641
-17.6436720220968,-49.0307377977448,-20.9821939438657,               897P   3642
-17.501551528832,-49.0583507334236,-21.0149238598188,                897P   3643
-17.4156700892754,-49.1551305731023,-22.7338289715726,               897P   3644
-18.7941306717865,-49.2409769537076,-22.6898666386182,               897P   3645
-18.8155070036994,-49.4509599459616,-22.6010789818748,               897P   3646
-18.8240944206503,-49.7299018555667,-22.5552409790226,               897P   3647
-18.6864500263673,-49.9305327607652,-22.5826089106244,               897P   3648
-18.4720164075005,-49.9881662200938,-22.6339404757273,               897P   3649
-18.326653980256,-50.0029345900672,-22.6723970690439,                897P   3650
-18.2399009217091,-49.3240273724283,-24.390944922313,                897P   3651
-19.3864339506206,-49.4112843470985,-24.3714821378233,               897P   3652
-19.4192625231742,-49.6306154219716,-24.3392140444609,               897P   3653
-19.4545136285593,-49.924836172388,-24.3572093678298,                897P   3654
-19.3278721360331,-50.1203469616365,-24.4180068287005,               897P   3655
-19.1051016591486,-50.1640325330735,-24.4680114854812,               897P   3656
-18.9519578681604,-50.1686283690755,-24.4992530986149,               897P   3657
-18.8621072438731,0.,1.,4.96930562223411,5.84144299889549;           897P   3658
128,14,16,3,3,0,0,1,0,0,0.,0.,0.,0.,0.125,0.125,0.25,0.25,0.5,       899P   3659
1.,1.5,1.75,1.75,1.875,1.875,2.,2.,2.,2.,-0.0956244567610701,        899P   3660
-0.0956244567610701,-0.0956244567610701,-0.0956244567610701,0.,      899P   3661
0.,0.,0.03125,0.03125,0.0625,0.0625,0.125,0.25,0.375,0.375,          899P   3662
0.4375,0.4375,0.5,0.5,0.5,0.5,1.,1.,1.,1.,1.,1.,1.,1.,1.,1.,1.,      899P   3663
1.,1.,1.,1.,1.,1.,1.,1.,1.,1.,1.,1.,1.,1.,1.,1.,1.,1.,1.,1.,1.,      899P   3664
1.,1.,1.,1.,1.,1.,1.,1.,1.,1.,1.,1.,1.,1.,1.,1.,1.,1.,1.,1.,1.,      899P   3665
1.,1.,1.,1.,1.,1.,1.,1.,1.,1.,1.,1.,1.,1.,1.,1.,1.,1.,1.,1.,1.,      899P   3666
1.,1.,1.,1.,1.,1.,1.,1.,1.,1.,1.,1.,1.,1.,1.,1.,1.,1.,1.,1.,1.,      899P   3667
1.,1.,1.,1.,1.,1.,1.,1.,1.,1.,1.,1.,1.,1.,1.,1.,1.,1.,1.,1.,1.,      899P   3668
1.,1.,1.,1.,1.,1.,1.,1.,1.,1.,1.,1.,1.,1.,1.,1.,1.,1.,1.,1.,1.,      899P   3669
1.,1.,1.,1.,1.,1.,1.,1.,1.,1.,1.,1.,1.,1.,1.,1.,1.,1.,1.,1.,1.,      899P   3670
1.,1.,1.,1.,1.,1.,1.,1.,1.,1.,1.,1.,1.,1.,1.,1.,1.,1.,1.,1.,1.,      899P   3671
1.,1.,1.,1.,1.,1.,1.,1.,1.,1.,1.,1.,1.,1.,1.,1.,1.,1.,1.,1.,1.,      899P   3672
1.,1.,1.,1.,1.,1.,1.,1.,1.,1.,1.,1.,1.,1.,1.,1.,1.,1.,1.,1.,1.,      899P   3673
1.,1.,1.,1.,1.,1.,1.,1.,1.,1.,1.,1.,1.,1.,1.,1.,1.,1.,1.,1.,1.,      899P   3674
1.,1.,1.,1.,1.,1.,1.,1.,1.,1.,1.,1.,1.,-10.237903830958,             899P   3675
39.8233041493438,-15.1738040865894,-11.120125941105,                 899P   3676
38.812837207446,-16.1440950447615,-12.021151100051,                  899P   3677
37.469757154073,-16.9310979501674,-13.8259372826313,                 899P   3678
34.3094289254226,-18.17380389192,-14.7296983062657,                  899P   3679
32.4921807501452,-18.6295069282668,-17.3927798248363,                899P   3680
26.6157711930257,-19.5525805884278,-22.5261366526486,                899P   3681
13.1642919536372,-19.6225861132325,-28.0254863444375,                899P   3682
-6.28465467499644,-12.9751271987001,-29.8627582127292,               899P   3683
-21.468925359524,-10.3284568539607,-30.0798340042013,                899P   3684
-28.7658187313489,-6.57573811656859,-30.3366625330901,               899P   3685
-32.3500211699301,-4.43905225362298,-30.4137940348824,               899P   3686
-33.5952420491313,-3.64317237786231,-31.0992716508763,               899P   3687
-37.1815430689129,-1.53184443150801,-31.5305314602471,               899P   3688
-39.2216278125656,-0.312089260838689,-30.9320933936665,              899P   3689
-40.0783828289816,3.45193724725152,-11.9070659815375,                899P   3690
39.6416133482331,-15.1660292257803,-12.7812729945259,                899P   3691
38.6420355120701,-16.1031918251461,-13.6795250320785,                899P   3692
37.3139547795861,-16.8671079818859,-15.4867020445143,                899P   3693
34.1873760156271,-18.0789279861842,-16.3956270193977,                899P   3694
32.388877984152,-18.5268318337426,-19.0822856823479,                 899P   3695
26.5676406817162,-19.4422457767511,-24.2951379614489,                899P   3696
13.222193244802,-19.5598832641013,-29.9358731514452,                 899P   3697
-6.33977369123018,-13.0188283139038,-31.7257409912949,               899P   3698
-21.1030673151526,-10.9348310012674,-32.0220928742528,               899P   3699
-28.3683175907763,-7.78289785133376,-32.296285030031,                899P   3700
-32.002443902395,-6.01336783523858,-32.4068267867166,                899P   3701
-33.2799141758382,-5.38042950828866,-33.0316461283294,               899P   3702
-36.6303015921079,-3.7935190877022,-33.4278661767028,                899P   3703
-38.5025551369826,-2.90334226068187,-33.0652269949552,               899P   3704
-39.4635376571832,-0.305128348141851,-13.5762281321169,              899P   3705
39.4599225471224,-15.1582543649711,-14.4424200479468,                899P   3706
38.4712338166941,-16.0622886055307,-15.3378989641059,                899P   3707
37.1581524050992,-16.8031180136044,-17.1474668063973,                899P   3708
34.0653231058315,-17.9840520804483,-18.0615557325297,                899P   3709
32.2855752181588,-18.4241567392184,-20.7717915398594,                899P   3710
26.5195101704067,-19.3319109650745,-26.0641392702491,                899P   3711
13.2800945359668,-19.4971804149701,-31.8462599584529,                899P   3712
-6.39489270746392,-13.0625294291075,-33.5887237698606,               899P   3713
-20.7372092707813,-11.5412051485741,-33.9643517443044,               899P   3714
-27.9708164502038,-8.99005758609893,-34.2559075269719,               899P   3715
-31.6548666348599,-7.58768341685419,-34.3998595385507,               899P   3716
-32.9645863025451,-7.11768663871502,-34.9640206057825,               899P   3717
-36.0790601153029,-6.0551937438964,-35.3252008931585,                899P   3718
-37.7834824613997,-5.49459526052504,-35.1983605962438,               899P   3719
-38.8486924853848,-4.06219394353522,-15.2453902826964,               899P   3720
39.2782317460117,-15.150479504162,-16.1035671013678,                 899P   3721
38.3004321213181,-16.0213853859152,-16.9962728961333,                899P   3722
37.0023500306122,-16.739128045323,-18.8082315682803,                 899P   3723
33.943270196036,-17.8891761747124,-19.7274844456618,                 899P   3724
32.1822724521656,-18.3214816446942,-22.461297397371,                 899P   3725
26.4713796590971,-19.2215761533978,-27.8331405790494,                899P   3726
13.3379958271317,-19.434477565839,-33.7566467654605,                 899P   3727
-6.45001172369767,-13.1062305443112,-35.4517065484262,               899P   3728
-20.37135122641,-12.1475792958807,-35.9066106143559,                 899P   3729
-27.5733153096312,-10.1972173208641,-36.2155300239128,               899P   3730
-31.3072893673248,-9.16199899846979,-36.3928922903849,               899P   3731
-32.6492584292519,-8.85494376914138,-36.8963950832356,               899P   3732
-35.5278186384979,-8.31686840009059,-37.2225356096142,               899P   3733
-37.0644097858167,-8.08584826036822,-37.3314941975324,               899P   3734
-38.2338473135864,-7.81925953892859,-15.7908712085221,               899P   3735
39.2188553299041,-15.1479386855418,-16.6464286995163,                899P   3736
38.2446142567122,-16.0080182447437,-17.5382282403121,                899P   3737
36.9514339327056,-16.7182161721838,-19.350968233844,                 899P   3738
33.9033833976133,-17.8581708006202,-20.2719086865801,                899P   3739
32.1485131865276,-18.2879275016165,-23.0134266312045,                899P   3740
26.4556506444772,-19.1855188205597,-28.411248866118,                 899P   3741
13.3569179252035,-19.4139863222626,-34.3809597261936,                899P   3742
-6.46802457643061,-13.1205120356407,-36.0605279085898,               899P   3743
-20.251789094777,-12.3457419076766,-36.5413393411373,                899P   3744
-27.4434122381405,-10.5917162073328,-36.8559331708024,               899P   3745
-31.1937013797077,-9.67648413743809,-37.0442138832536,               899P   3746
-32.5462095192327,-9.42267808277489,-37.5278935980067,               899P   3747
-35.3476733416394,-9.05598196371234,-37.8425831570464,               899P   3748
-36.8294173803894,-8.93266777692171,-38.0286006418266,               899P   3749
-38.0329163774065,-9.04706572819042,-16.3620944012949,               899P   3750
39.1562968284531,-15.1426512018824,-17.2109545593397,                899P   3751
38.1860844464747,-15.9904473451784,-18.0982000928696,                899P   3752
36.898185544056,-16.6922899017586,-19.9052207461213,                 899P   3753
33.8618234799751,-17.8215173517566,-20.8249958658431,                899P   3754
32.113360318313,-18.2489022451744,-23.5667538571287,                 899P   3755
26.4393376169175,-19.1455446960872,-28.9800003681811,                899P   3756
13.3767593484897,-19.3967806805512,-34.9962606423064,                899P   3757
-6.47834186217007,-13.1522333506503,-36.6757225662359,               899P   3758
-20.125711084175,-12.5770151743059,-37.1755652414201,                899P   3759
-27.3118253159055,-11.0393976719722,-37.5177593306282,               899P   3760
-31.1152630566741,-10.2758646494831,-37.6472028189669,               899P   3761
-32.4181390744141,-10.0222329300997,-38.0740563326191,               899P   3762
-35.1453702779555,-9.81751482240046,-38.3262619871665,               899P   3763
-36.4896360347139,-9.86818902458551,-38.7152544016626,               899P   3764
-37.7992159599712,-10.3593935504126,-17.5507066032196,               899P   3765
39.0287023230562,-15.1272644280111,-18.3819713100152,                899P   3766
38.0662113187662,-15.9495408298448,-19.2565030659634,                899P   3767
36.7887740767586,-16.6340029080604,-21.0457609847562,                899P   3768
33.7760302223977,-17.7409853155607,-21.9604871476008,                899P   3769
32.0407236100444,-18.1635056448455,-24.6954477093663,                899P   3770
26.4060343751,-19.058684356762,-30.1284971258239,                    899P   3771
13.4215783136734,-19.3595126768434,-36.2188394666979,                899P   3772
-6.47318344102636,-13.2344615898863,-37.9205818235739,               899P   3773
-19.8633858122109,-13.0824542790216,-38.4686369719144,               899P   3774
-27.0340955584337,-12.0339974372466,-38.8170333643522,               899P   3775
-30.8271165276675,-11.5996262313272,-38.9455602982094,               899P   3776
-32.1260678667659,-11.4698120318487,-39.3544295448155,               899P   3777
-34.7747945262567,-11.6110033141385,-39.6741314180092,               899P   3778
-36.0850689217305,-11.9481245026835,-40.1818925770299,               899P   3779
-37.3162824273175,-12.8547379764245,-18.1680956123716,               899P   3780
38.9636663191103,-15.1171651377991,-18.9884622008674,                899P   3781
38.0048680012952,-15.9262052140765,-19.8548341864997,                899P   3782
36.7326109981109,-16.6016421847872,-21.6320487111138,                899P   3783
33.7317968824584,-17.6971067282284,-22.5428912500956,                899P   3784
32.0032397699903,-18.1171343009588,-25.2708143356797,                899P   3785
26.3890441608421,-19.0117981419093,-30.7082423814036,                899P   3786
13.4465558555709,-19.3394503148471,-36.8261173749765,                899P   3787
-6.45770773414317,-13.2849685141125,-38.5502464232659,               899P   3788
-19.7271385508487,-13.3566201171079,-39.127482802126,                899P   3789
-26.8879527231968,-12.5809157378817,-39.5314009646782,               899P   3790
-30.6381565791617,-12.4009946359588,-39.675326730161,                899P   3791
-31.9415726740711,-12.3526824839858,-40.1426585253145,               899P   3792
-34.5430792867681,-12.702602067935,-40.3346151900057,                899P   3793
-35.8666372969911,-12.9995170600704,-40.9618769925612,               899P   3794
-37.0670493120992,-14.0377545802141,-20.0815332881232,               899P   3795
38.7706720558184,-15.0806718426224,-20.8688371814858,                899P   3796
37.8205333640769,-15.8515154933434,-21.7108558269091,                899P   3797
36.5623745644025,-16.5002998482811,-23.4524699922868,                899P   3798
33.5960959533834,-17.5607397751387,-24.3520655122412,                899P   3799
31.8879761420388,-17.9723953470586,-27.0594384395156,                899P   3800
26.3377939967931,-18.862153601114,-32.508529763709,                  899P   3801
13.5341388614544,-19.2608362624089,-38.6509182101702,                899P   3802
-6.35698833660609,-13.4405266434002,-40.4635301560324,               899P   3803
-19.3074366513886,-14.2084633812376,-41.1793885620429,               899P   3804
-26.4109080307131,-14.3598334132613,-41.713994384415,                899P   3805
-30.0959554630811,-14.8108219181354,-41.9216424284335,               899P   3806
-31.3465232309881,-15.0237020012372,-42.5166979468251,               899P   3807
-33.8400275770365,-15.8445036203825,-42.9041054211981,               899P   3808
-35.082964155178,-16.452425156426,-43.4418262226979,                 899P   3809
-36.2960509197697,-17.3928375639342,-24.1534912328099,               899P   3810
38.3931385234169,-14.9829035541061,-24.8731963749703,                899P   3811
37.4506453504186,-15.6834045581645,-25.6670122229297,                899P   3812
36.2149129059246,-16.2805745085226,-27.3395449630336,                899P   3813
33.312690458205,-17.2690811045893,-28.2182618551781,                 899P   3814
31.6462004549792,-17.6604177502977,-30.8867835467698,                899P   3815
26.2341755835931,-18.5269209345748,-36.3533109905853,                899P   3816
13.7599063939854,-19.0299002917351,-42.3123883219891,                899P   3817
-5.93838043398179,-13.7677923284114,-44.3872573563275,               899P   3818
-18.4241923909738,-16.0295329089798,-45.5846731590047,               899P   3819
-25.3023538986543,-18.4703198579183,-46.3563071095833,               899P   3820
-28.8096839731964,-19.929288346981,-46.6423394346496,                899P   3821
-29.9901688848275,-20.4553736791007,-47.3021867099,                  899P   3822
-32.4023001925104,-21.5967278895093,-47.6760016600843,               899P   3823
-33.6339465885622,-22.2119967677981,-48.1087782271798,               899P   3824
-34.9053795822512,-22.8766866898237,-31.846377722295,                899P   3825
38.0393910318426,-14.736939327297,-32.6833649860997,                 899P   3826
36.9846946733369,-15.4681302326932,-33.6207468655953,                899P   3827
35.7058596757651,-16.0448227786138,-35.5893765288052,                899P   3828
32.8206987488825,-16.9326201629163,-36.6206243125195,                899P   3829
31.2143728195719,-17.2437250012982,-39.6947815292455,                899P   3830
26.085338153622,-17.8437714722546,-45.7647514250304,                 899P   3831
14.5870413096504,-17.7107922374108,-49.0742455998788,                899P   3832
-3.5307435403817,-13.4283399803075,-51.5160021888273,                899P   3833
-16.9046667468073,-18.2518394933699,-53.0439791901951,               899P   3834
-24.3044953091997,-21.5506784859682,-53.8640109627541,               899P   3835
-27.9908145241898,-23.3026956208463,-54.146695432253,                899P   3836
-29.2173217514855,-23.9038009389022,-54.7383381447439,               899P   3837
-31.6808865996812,-25.1460676363934,-55.0472963877359,               899P   3838
-32.9179442205812,-25.7872290158288,-55.3731878589086,               899P   3839
-34.1678180794531,-26.4513468502138,-35.7346263445192,               899P   3840
37.9298934065248,-13.8157964251511,-36.5878519217173,                899P   3841
36.8472190454744,-14.4322905223503,-37.5760722571903,                899P   3842
35.5485387057355,-14.8694569893108,-39.6465556658795,                899P   3843
32.6895214377605,-15.4733766940796,-40.7288187390956,                899P   3844
31.1291845095243,-15.640129931888,-43.8527518971486,                 899P   3845
26.3112218953895,-15.8671328485734,-49.6091939668725,                899P   3846
16.1274893494143,-15.2281114949853,-53.504372665075,                 899P   3847
-1.83548003493824,-12.5397441651071,-56.198435833527,                899P   3848
-16.2206321814799,-17.8525750673514,-57.6792238713651,               899P   3849
-23.9350580321268,-21.4449255115042,-58.4249337084922,               899P   3850
-27.7239514915883,-23.2787446873808,-58.6743896239025,               899P   3851
-28.9755294004319,-23.8962917383063,-59.1797274155838,               899P   3852
-31.4699884140013,-25.1389674864241,-59.4356092918547,               899P   3853
-32.7128695187272,-25.7640961836163,-59.6970311592847,               899P   3854
-33.958440396979,-26.390532534775,-37.9757051868617,                 899P   3855
37.755731271591,-12.9954686729809,-38.7664591133864,                 899P   3856
36.7345613698888,-13.5038794366564,-39.7464020705144,                899P   3857
35.5466702985137,-13.7867841627144,-41.8227978020241,                899P   3858
32.9052091690037,-14.1111390052626,-42.9410193322375,                899P   3859
31.4309781176119,-14.1503231521549,-46.0489537807678,                899P   3860
26.9846335565834,-14.0603888750383,-51.9384190539428,                899P   3861
17.1258039114749,-13.1001988996685,-56.4551219434433,                899P   3862
-0.852088746851672,-11.499130823585,-59.2893424384046,               899P   3863
-15.8854546909911,-16.8906808933148,-60.6855385648301,               899P   3864
-23.767809207622,-20.5762560231881,-61.3636410052928,                899P   3865
-27.6158577648065,-22.4313858518909,-61.5863425483221,               899P   3866
-28.8830191670128,-23.0518195054196,-62.0302016055209,               899P   3867
-31.4023794278003,-24.2863400252479,-62.2513591196905,               899P   3868
-32.6545782863815,-24.9004268915476,-62.4743052087921,               899P   3869
-33.9073360515261,-25.5061099266572,-38.5825686683274,               899P   3870
37.6998649644625,-12.7252803383756,-39.3837343442669,                899P   3871
36.7048095663773,-13.1595482611223,-40.337151303227,                 899P   3872
35.5654012161566,-13.3923684730791,-42.4037714779621,                899P   3873
33.0294501985156,-13.6124255944587,-43.4785522467735,                899P   3874
31.6651513683816,-13.6017336917948,-46.6273084265895,                899P   3875
27.2931039194594,-13.4040967162309,-52.6224762797478,                899P   3876
17.4324051875348,-12.3465776948133,-57.376730699478,                 899P   3877
-0.572301040988821,-11.0898986297241,-60.2494915352559,              899P   3878
-15.8033702664126,-16.4596418595488,-61.6092903264163,               899P   3879
-23.7303644550037,-20.155140400838,-62.2628793104759,                899P   3880
-27.5951687804907,-22.0107003008292,-62.4763572365757,               899P   3881
-28.866988094185,-22.6305220390507,-62.9002650416345,                899P   3882
-31.3949372079098,-23.860913813406,-63.1106949205936,                899P   3883
-32.6510670079405,-24.4714838495398,-63.3224618209987,               899P   3884
-33.9079560891089,-25.0715004120281,-39.5159700326283,               899P   3885
37.5925078259044,-12.191412168068,-40.3542604684096,                 899P   3886
36.7127903842498,-12.4132596856586,-41.2974634158259,                899P   3887
35.7155829492958,-12.499542893804,-43.3369563284235,                 899P   3888
33.4168249622583,-12.5046685551133,-44.4239897171109,                899P   3889
32.1282609477416,-12.4151534032664,-47.6474529502106,                899P   3890
27.8884247516171,-12.030333572425,-53.9438316845591,                 899P   3891
17.9121757490713,-10.7955964095395,-59.0952351236027,                899P   3892
-0.14232592417134,-10.1229156229861,-62.0231155534662,               899P   3893
-15.6949015121337,-15.4024102206011,-63.3049969498691,               899P   3894
-23.6835864167614,-19.0788592697104,-63.9106910606406,               899P   3895
-27.5755530527811,-20.9247986780453,-64.1067146663262,               899P   3896
-28.8558126287386,-21.5413976281203,-64.49432877458,                 899P   3897
-31.4024455516219,-22.7643209620898,-64.6859192771482,               899P   3898
-32.6688188985476,-23.3706453459843,-64.8789511078375,               899P   3899
-33.9383686524905,-23.9654093497351,-39.8425079154636,               899P   3900
37.5410169944749,-11.9277323323657,-40.7203150830186,                899P   3901
36.698804702825,-12.0516080335063,-41.6728323494927,                 899P   3902
35.8326292585842,-12.0120993866134,-43.7028069329249,                899P   3903
33.6552214690506,-11.9092542021657,-44.77966453541,                  899P   3904
32.3957163249754,-11.7904284050599,-48.08924282801,                  899P   3905
28.1752752208987,-11.3128625874265,-54.5811298635655,                899P   3906
18.085345034548,-9.99823632912087,-59.8921307916927,                 899P   3907
0.00786148678328935,-9.56516481010916,-62.8365904748252,             899P   3908
-15.6685171824332,-14.7762176154194,-64.0769518117355,               899P   3909
-23.6742531311374,-18.4236937609328,-64.6592645056222,               899P   3910
-27.5766263093872,-20.2595826063231,-64.847057407823,                899P   3911
-28.8606682361201,-20.8735706835588,-65.2183290714119,               899P   3912
-31.4173961152244,-22.0931543226156,-65.4018078327998,               899P   3913
-32.6900820675958,-22.6987498844367,-65.5872837824698,               899P   3914
-33.9681611782893,-23.2939278020711,-40.1780158467902,               899P   3915
37.4915903152331,-11.6323341125285,-41.0793445011094,                899P   3916
36.7663684480946,-11.5718236136277,-42.026760819524,                 899P   3917
35.9180220123378,-11.5042192028229,-44.0503506650446,                899P   3918
33.8411080007694,-11.2904971821167,-45.1265241921504,                899P   3919
32.6125404249579,-11.1443795722152,-48.5481805865049,                899P   3920
28.3565059874413,-10.588256943866,-55.2640201323253,                 899P   3921
18.1512525740686,-9.20145437955508,-60.6262877085929,                899P   3922
0.0764579929956977,-8.92125645823646,-63.5735443254664,              899P   3923
-15.6681915420263,-14.0652790812424,-64.7754629101175,               899P   3924
-23.6747264569577,-17.6660374919724,-65.3375038841527,               899P   3925
-27.5841195489703,-19.4880686198388,-65.5183644891161,               899P   3926
-28.8716048520658,-20.0990209828779,-65.8763608561608,               899P   3927
-31.4396453534768,-21.3174643136256,-66.0534966182422,               899P   3928
-32.7202005517924,-21.9249552813341,-66.2333939238233,               899P   3929
-34.0094713729037,-22.5253761999619,0.,2.,-0.0956244567610701,       899P   3930
0.5;                                                                 899P   3931
128,1,1,1,1,0,0,1,0,0,-1.3753730897011,-1.3753730897011,             901P   3932
-1.18362221471353,-1.18362221471353,-0.751114246032931,              901P   3933
-0.751114246032931,0.812270367543417,0.812270367543417,1.,1.,1.,     901P   3934
1.,-37.095169040761,-25.485979488974,3.50999847695156,               901P   3935
-39.0126777906368,-25.485979488974,3.50999847695156,                 901P   3936
-37.095169040761,-25.7588277259133,-12.1214665483212,                901P   3937
-39.0126777906368,-25.7588277259133,-12.1214665483212,               901P   3938
-1.3753730897011,-1.18362221471353,-0.751114246032931,               901P   3939
0.812270367543417;                                                   901P   3940
128,1,1,1,1,0,0,1,0,0,-0.521750234683422,-0.521750234683422,         903P   3941
-0.484822053549268,-0.484822053549268,-0.0379087013038372,           903P   3942
-0.0379087013038372,0.0379087013038372,0.0379087013038372,1.,1.,     903P   3943
1.,1.,-38.6433959792952,-24.7379799869617,3.5,-39.0126777906368,     903P   3944
-24.7379799869617,3.5,-38.6433959792952,-25.4961540130384,3.5,       903P   3945
-39.0126777906368,-25.4961540130384,3.5,-0.521750234683422,          903P   3946
-0.484822053549268,-0.0379087013038372,0.0379087013038372;           903P   3947
128,1,1,1,1,0,0,1,0,0,-0.0299035934287538,-0.0299035934287538,       905P   3948
0.63179679850127,0.63179679850127,-1.0811797996128,                  905P   3949
-1.0811797996128,0.685436376625058,0.685436376625058,1.,1.,1.,       905P   3950
1.,-38.7196705729339,-28.4161029342876,-12.7134726434226,            905P   3951
-38.7196705729339,-21.7990990149873,-12.7134726434226,               905P   3952
-39.0279876081978,-28.4161029342876,4.94999847695156,                905P   3953
-39.0279876081978,-21.7990990149873,4.94999847695157,                905P   3954
-0.0299035934287538,0.63179679850127,-1.0811797996128,               905P   3955
0.685436376625058;                                                   905P   3956
128,1,2,1,2,0,0,0,0,0,0.455147895206061,0.455147895206061,           907P   3957
1.98457976651368,1.98457976651368,0.0732324882553801,                907P   3958
0.0732324882553801,0.0732324882553801,1.48978559624448,              907P   3959
1.48978559624448,1.48978559624448,1.,1.,0.759484149475239,           907P   3960
0.759484149475239,1.,1.,-37.1051691204068,-25.6065939553369,         907P   3961
-3.4,-37.3048245454659,-25.5919464976405,-14.8689919856923,          907P   3962
-37.5244667690954,-31.3219236740325,-3.4,-37.7115761136897,          907P   3963
-31.1362640803086,-14.8689919856923,-43.23636223111,                 907P   3964
-31.7856634098951,-3.4,-43.2525621983276,-31.5861279548135,          907P   3965
-14.8689919856923,0.455147895206061,1.98457976651368,                907P   3966
0.0732324882553801,1.48978559624448;                                 907P   3967
128,20,16,3,3,0,0,1,0,0,-0.0572457050738602,-0.0572457050738602,     909P   3968
-0.0572457050738602,-0.0572457050738602,0.,0.,0.,0.125,0.125,        909P   3969
0.25,0.25,0.5,1.,1.5,1.75,1.75,1.875,1.875,2.,2.,2.,                 909P   3970
2.50488805379238,2.50488805379238,2.50488805379238,                  909P   3971
2.50488805379238,-1.02019138950968,-1.02019138950968,                909P   3972
-1.02019138950968,-1.02019138950968,0.,0.,0.,0.03125,0.03125,        909P   3973
0.0625,0.0625,0.125,0.25,0.375,0.375,0.4375,0.4375,0.5,0.5,0.5,      909P   3974
0.5,1.,1.,1.,1.,1.,1.,1.,1.,1.,1.,1.,1.,1.,1.,1.,1.,1.,1.,1.,1.,     909P   3975
1.,1.,1.,1.,1.,1.,1.,1.,1.,1.,1.,1.,1.,1.,1.,1.,1.,1.,1.,1.,1.,      909P   3976
1.,1.,1.,1.,1.,1.,1.,1.,1.,1.,1.,1.,1.,1.,1.,1.,1.,1.,1.,1.,1.,      909P   3977
1.,1.,1.,1.,1.,1.,1.,1.,1.,1.,1.,1.,1.,1.,1.,1.,1.,1.,1.,1.,1.,      909P   3978
1.,1.,1.,1.,1.,1.,1.,1.,1.,1.,1.,1.,1.,1.,1.,1.,1.,1.,1.,1.,1.,      909P   3979
1.,1.,1.,1.,1.,1.,1.,1.,1.,1.,1.,1.,1.,1.,1.,1.,1.,1.,1.,1.,1.,      909P   3980
1.,1.,1.,1.,1.,1.,1.,1.,1.,1.,1.,1.,1.,1.,1.,1.,1.,1.,1.,1.,1.,      909P   3981
1.,1.,1.,1.,1.,1.,1.,1.,1.,1.,1.,1.,1.,1.,1.,1.,1.,1.,1.,1.,1.,      909P   3982
1.,1.,1.,1.,1.,1.,1.,1.,1.,1.,1.,1.,1.,1.,1.,1.,1.,1.,1.,1.,1.,      909P   3983
1.,1.,1.,1.,1.,1.,1.,1.,1.,1.,1.,1.,1.,1.,1.,1.,1.,1.,1.,1.,1.,      909P   3984
1.,1.,1.,1.,1.,1.,1.,1.,1.,1.,1.,1.,1.,1.,1.,1.,1.,1.,1.,1.,1.,      909P   3985
1.,1.,1.,1.,1.,1.,1.,1.,1.,1.,1.,1.,1.,1.,1.,1.,1.,1.,1.,1.,1.,      909P   3986
1.,1.,1.,1.,1.,1.,1.,1.,1.,1.,1.,1.,1.,1.,1.,1.,1.,1.,1.,1.,1.,      909P   3987
1.,1.,1.,1.,1.,1.,1.,1.,1.,1.,1.,1.,1.,1.,1.,1.,1.,1.,1.,1.,1.,      909P   3988
1.,1.,1.,1.,1.,1.,1.,1.,1.,1.,1.,1.,1.,1.,1.,1.,1.,1.,1.,1.,1.,      909P   3989
1.,1.,1.,1.,1.,1.,1.,1.,1.,1.,1.,1.,1.,1.,1.,1.,1.,1.,1.,1.,1.,      909P   3990
1.,1.,1.,1.,1.,1.,1.,1.,1.,1.,1.,1.,1.,1.,1.,1.,1.,1.,1.,1.,1.,      909P   3991
1.,39.7096202750341,46.915686083889,-12.7460282661624,               909P   3992
39.1991216198699,46.3082778417571,-13.6304598930788,                 909P   3993
38.6886229647057,45.7008695996253,-14.5148915199953,                 909P   3994
38.1781243095415,45.0934613574934,-15.3993231469117,                 909P   3995
37.0634147987897,43.7671429870843,-17.3305414491742,                 909P   3996
36.0819519643443,41.9889898391041,-18.7872028851788,                 909P   3997
34.3465146377315,37.8497183534088,-20.9257920797473,                 909P   3998
33.5925401455627,35.4886000156929,-21.6077198383111,                 909P   3999
31.6133416669687,28.0118537660519,-22.7529726804477,                 909P   4000
28.7858447014223,11.4847963207924,-21.4413566305066,                 909P   4001
27.3875490968548,-4.68586222686721,-11.7075245138802,                909P   4002
24.1752671528652,-32.0810719179399,7.26014457069989,                 909P   4003
26.2576884323733,-40.2958108301754,28.4393619251972,                 909P   4004
26.5045124981732,-42.4319121115225,41.225838646921,                  909P   4005
27.3964850708609,-42.741701056451,46.748031427476,                   909P   4006
24.9515422534978,-53.1709559872064,64.0707117736751,                 909P   4007
23.5039126121732,-60.0791837330634,74.8502777482672,                 909P   4008
30.9419770383657,-57.9126963673682,112.430081479147,                 909P   4009
60.9850960153469,-49.1620276503152,264.218833219813,                 909P   4010
91.028214992328,-40.4113589332623,416.007584960479,                  909P   4011
121.071333969309,-31.6606902162094,567.796336701145,                 909P   4012
21.7842989189604,44.8176666027556,-13.1486670421307,                 909P   4013
21.3129613166832,44.2634615641702,-13.8712364500855,                 909P   4014
20.8416237144061,43.7092565255849,-14.5938058580403,                 909P   4015
20.3702861121289,43.1550514869995,-15.3163752659951,                 909P   4016
19.3410874987372,41.9449060318289,-16.8941560947545,                 909P   4017
18.3892103441851,40.3267765696068,-18.1045112718935,                 909P   4018
16.6282659023942,36.5475689676178,-19.913586778069,                  909P   4019
15.8191986151545,34.3864908278504,-20.5123071071054,                 909P   4020
13.5884619788555,27.498362397067,-21.5758405047644,                  909P   4021
9.91284960793177,12.1025294895721,-20.7723969422841,                 909P   4022
7.006150476083,-5.27391205914403,-12.1737598573572,                  909P   4023
4.29960925243473,-28.1778316874299,0.790903281839679,                909P   4024
5.53625541679691,-36.054978989994,15.5605021765101,                  909P   4025
5.59783165747787,-38.7237045301233,24.4298927651241,                 909P   4026
6.13335928377897,-39.3775535140513,28.2137063619369,                 909P   4027
4.33556314125333,-47.2899102043036,39.9415183824198,                 909P   4028
3.26176320491071,-52.4075924173145,47.2049024120554,                 909P   4029
8.18415329306633,-51.3530800161076,72.346967806455,                  909P   4030
28.0662009059925,-47.0937943045454,173.898395528848,                 909P   4031
47.9482485189186,-42.8345085929832,275.44982325124,                  909P   4032
67.8302961318447,-38.5752228814211,377.001250973632,                 909P   4033
3.85897756288664,42.7196471216221,-13.5513058180991,                 909P   4034
3.42680101349651,42.2186452865833,-14.1120130070922,                 909P   4035
2.99462446410638,41.7176434515444,-14.6727201960854,                 909P   4036
2.56244791471625,41.2166416165056,-15.2334273850786,                 909P   4037
1.61876019868471,40.1226690765735,-16.4577707403349,                 909P   4038
0.696468724025887,38.6645633001095,-17.4218196586082,                909P   4039
-1.08998283294306,35.2454195818269,-18.9013814763907,                909P   4040
-1.95414291525362,33.284381640008,-19.4168943758998,                 909P   4041
-4.43641770925776,26.9848710280821,-20.3987083290811,                909P   4042
-8.9601454855588,12.7202626583519,-20.1034372540615,                 909P   4043
-13.3752481446888,-5.86196189142085,-12.6399952008342,               909P   4044
-15.5760486479958,-24.27459145692,-5.67833800702053,                 909P   4045
-15.1851775987795,-31.8141471498126,2.681642427823,                  909P   4046
-15.3088491832174,-35.0154969487241,7.63394688332713,                909P   4047
-15.129766503303,-36.0134059716516,9.67938129639775,                 909P   4048
-16.2804159709912,-41.4088644214007,15.8123249911646,                909P   4049
-16.9803862023517,-44.7360011015656,19.5595270758436,                909P   4050
-14.573670452233,-44.793463664847,32.2638541337632,                  909P   4051
-4.85269420336191,-45.0255609587756,83.5779578378821,                909P   4052
4.86828204550922,-45.2576582527041,134.892061542001,                 909P   4053
14.5892582943804,-45.4897555466327,186.20616524612,                  909P   4054
-14.0663437931871,40.6216276404887,-13.9539445940675,                909P   4055
-14.4593592896902,40.1738290089963,-14.352789564099,                 909P   4056
-14.8523747861933,39.726030377504,-14.7516345341305,                 909P   4057
-15.2453902826964,39.2782317460117,-15.150479504162,                 909P   4058
-16.1035671013678,38.3004321213181,-16.0213853859152,                909P   4059
-16.9962728961333,37.0023500306122,-16.739128045323,                 909P   4060
-18.8082315682803,33.943270196036,-17.8891761747124,                 909P   4061
-19.7274844456618,32.1822724521656,-18.3214816446942,                909P   4062
-22.461297397371,26.4713796590971,-19.2215761533978,                 909P   4063
-27.8331405790494,13.3379958271317,-19.434477565839,                 909P   4064
-33.7566467654605,-6.45001172369767,-13.1062305443112,               909P   4065
-35.4517065484262,-20.37135122641,-12.1475792958807,                 909P   4066
-35.9066106143559,-27.5733153096312,-10.1972173208641,               909P   4067
-36.2155300239128,-31.3072893673248,-9.16199899846979,               909P   4068
-36.3928922903849,-32.6492584292519,-8.85494376914138,               909P   4069
-36.8963950832356,-35.5278186384979,-8.31686840009059,               909P   4070
-37.2225356096142,-37.0644097858167,-8.08584826036822,               909P   4071
-37.3314941975324,-38.2338473135864,-7.81925953892859,               909P   4072
-37.7715893127163,-42.9573276130057,-6.74247985308336,               909P   4073
-38.2116844279002,-47.680807912425,-5.66570016723813,                909P   4074
-38.651779543084,-52.4042882118443,-4.5889204813929,                 909P   4075
-14.6154234052455,40.5573621414269,-13.9662780266747,                909P   4076
-15.007239339671,40.1111932042526,-14.3601649129637,                 909P   4077
-15.3990552740966,39.6650242670783,-14.7540517992527,                909P   4078
-15.7908712085221,39.2188553299041,-15.1479386855418,                909P   4079
-16.6464286995163,38.2446142567122,-16.0080182447437,                909P   4080
-17.5382282403121,36.9514339327056,-16.7182161721838,                909P   4081
-19.350968233844,33.9033833976133,-17.8581708006202,                 909P   4082
-20.2719086865801,32.1485131865276,-18.2879275016165,                909P   4083
-23.0134266312045,26.4556506444772,-19.1855188205597,                909P   4084
-28.411248866118,13.3569179252035,-19.4139863222626,                 909P   4085
-34.3809597261936,-6.46802457643061,-13.1205120356407,               909P   4086
-36.0605279085898,-20.251789094777,-12.3457419076766,                909P   4087
-36.5413393411373,-27.4434122381405,-10.5917162073328,               909P   4088
-36.8559331708024,-31.1937013797077,-9.67648413743809,               909P   4089
-37.0442138832536,-32.5462095192327,-9.42267808277489,               909P   4090
-37.5278935980067,-35.3476733416394,-9.05598196371234,               909P   4091
-37.8425831570464,-36.8294173803894,-8.93266777692171,               909P   4092
-38.0286006418266,-38.0329163774065,-9.04706572819042,               909P   4093
-38.7799446887225,-42.8939745081668,-9.5091309999816,                909P   4094
-39.5312887356184,-47.7550326389272,-9.97119627177278,               909P   4095
-40.2826327825144,-52.6160907696876,-10.433261543564,                909P   4096
-15.1958480431417,40.4892686335188,-13.9778666903174,                909P   4097
-15.5845968291927,40.0449446984969,-14.3661281941724,                909P   4098
-15.9733456152438,39.600620763475,-14.7543896980274,                 909P   4099
-16.3620944012949,39.1562968284531,-15.1426512018824,                909P   4100
-17.2109545593397,38.1860844464747,-15.9904473451784,                909P   4101
-18.0982000928696,36.898185544056,-16.6922899017586,                 909P   4102
-19.9052207461213,33.8618234799751,-17.8215173517566,                909P   4103
-20.8249958658431,32.113360318313,-18.2489022451744,                 909P   4104
-23.5667538571287,26.4393376169175,-19.1455446960872,                909P   4105
-28.9800003681811,13.3767593484897,-19.3967806805512,                909P   4106
-34.9962606423064,-6.47834186217007,-13.1522333506503,               909P   4107
-36.6757225662359,-20.125711084175,-12.5770151743059,                909P   4108
-37.1755652414201,-27.3118253159055,-11.0393976719722,               909P   4109
-37.5177593306282,-31.1152630566741,-10.2758646494831,               909P   4110
-37.6472028189669,-32.4181390744141,-10.0222329300997,               909P   4111
-38.0740563326191,-35.1453702779555,-9.81751482240046,               909P   4112
-38.3262619871665,-36.4896360347139,-9.86818902458551,               909P   4113
-38.7152544016626,-37.7992159599712,-10.3593935504126,               909P   4114
-40.2864353864223,-43.0887460379608,-12.3434199268836,               909P   4115
-41.8576163711819,-48.3782761159505,-14.3274463033546,               909P   4116
-43.4287973559416,-53.6678061939402,-16.3114726798255,               909P   4117
-16.4086345813749,40.3510657510841,-13.9975414106855,                909P   4118
-16.7893252553232,39.9102779417414,-14.374115749794,                 909P   4119
-17.1700159292714,39.4694901323988,-14.7506900889026,                909P   4120
-17.5507066032196,39.0287023230562,-15.1272644280111,                909P   4121
-18.3819713100152,38.0662113187662,-15.9495408298448,                909P   4122
-19.2565030659634,36.7887740767586,-16.6340029080604,                909P   4123
-21.0457609847562,33.7760302223977,-17.7409853155607,                909P   4124
-21.9604871476008,32.0407236100444,-18.1635056448455,                909P   4125
-24.6954477093663,26.4060343751,-19.058684356762,                    909P   4126
-30.1284971258239,13.4215783136734,-19.3595126768434,                909P   4127
-36.2188394666979,-6.47318344102636,-13.2344615898863,               909P   4128
-37.9205818235739,-19.8633858122109,-13.0824542790216,               909P   4129
-38.4686369719144,-27.0340955584337,-12.0339974372466,               909P   4130
-38.8170333643522,-30.8271165276675,-11.5996262313272,               909P   4131
-38.9455602982094,-32.1260678667659,-11.4698120318487,               909P   4132
-39.3544295448155,-34.7747945262567,-11.6110033141385,               909P   4133
-39.6741314180092,-36.0850689217305,-11.9481245026835,               909P   4134
-40.1818925770299,-37.3162824273175,-12.8547379764245,               909P   4135
-42.2327929239847,-42.2892823524274,-16.5166444748167,               909P   4136
-44.2836932709394,-47.2622822775373,-20.1785509732088,               909P   4137
-46.3345936178941,-52.2352822026471,-23.8404574716009,               909P   4138
-17.040996481712,40.2809563765573,-14.0056274674109,                 909P   4139
-17.4166961919318,39.8418596907416,-14.376140024207,                 909P   4140
-17.7923959021517,39.402763004926,-14.746652581003,                  909P   4141
-18.1680956123716,38.9636663191103,-15.1171651377991,                909P   4142
-18.9884622008674,38.0048680012952,-15.9262052140765,                909P   4143
-19.8548341864997,36.7326109981109,-16.6016421847872,                909P   4144
-21.6320487111138,33.7317968824584,-17.6971067282284,                909P   4145
-22.5428912500956,32.0032397699903,-18.1171343009588,                909P   4146
-25.2708143356797,26.3890441608421,-19.0117981419093,                909P   4147
-30.7082423814036,13.4465558555709,-19.3394503148471,                909P   4148
-36.8261173749765,-6.45770773414317,-13.2849685141125,               909P   4149
-38.5502464232659,-19.7271385508487,-13.3566201171079,               909P   4150
-39.127482802126,-26.8879527231968,-12.5809157378817,                909P   4151
-39.5314009646782,-30.6381565791617,-12.4009946359588,               909P   4152
-39.675326730161,-31.9415726740711,-12.3526824839858,                909P   4153
-40.1426585253145,-34.5430792867681,-12.702602067935,                909P   4154
-40.3346151900057,-35.8666372969911,-12.9995170600704,               909P   4155
-40.9618769925612,-37.0670493120992,-14.0377545802141,               909P   4156
-43.4954529182457,-41.9156388005544,-18.231304347571,                909P   4157
-46.0290288439302,-46.7642282890096,-22.4248541149278,               909P   4158
-48.5626047696147,-51.6128177774648,-26.6184038822847,               909P   4159
-18.9998588925327,40.0760646796591,-14.0216121237288,                909P   4160
-19.3604170243962,39.6409338050455,-14.3746320300267,                909P   4161
-19.7209751562597,39.2058029304319,-14.7276519363245,                909P   4162
-20.0815332881232,38.7706720558184,-15.0806718426224,                909P   4163
-20.8688371814858,37.8205333640769,-15.8515154933434,                909P   4164
-21.7108558269091,36.5623745644025,-16.5002998482811,                909P   4165
-23.4524699922868,33.5960959533834,-17.5607397751387,                909P   4166
-24.3520655122412,31.8879761420388,-17.9723953470586,                909P   4167
-27.0594384395156,26.3377939967931,-18.862153601114,                 909P   4168
-32.508529763709,13.5341388614544,-19.2608362624089,                 909P   4169
-38.6509182101702,-6.35698833660609,-13.4405266434002,               909P   4170
-40.4635301560324,-19.3074366513886,-14.2084633812376,               909P   4171
-41.1793885620429,-26.4109080307131,-14.3598334132613,               909P   4172
-41.713994384415,-30.0959554630811,-14.8108219181354,                909P   4173
-41.9216424284335,-31.3465232309881,-15.0237020012372,               909P   4174
-42.5166979468251,-33.8400275770365,-15.8445036203825,               909P   4175
-42.9041054211981,-35.082964155178,-16.452425156426,                 909P   4176
-43.4418262226979,-36.2960509197697,-17.3928375639342,               909P   4177
-45.6137366943209,-41.1958350450178,-21.1912614854461,               909P   4178
-47.785647165944,-46.0956191702659,-24.9896854069581,                909P   4179
-49.9575576375671,-50.9954032955141,-28.78810932847,                 909P   4180
-23.1646905534119,39.6880269925911,-14.0204873809317,                909P   4181
-23.4942907798779,39.2563975028664,-14.3412927719898,                909P   4182
-23.8238910063439,38.8247680131417,-14.6620981630479,                909P   4183
-24.1534912328099,38.3931385234169,-14.9829035541061,                909P   4184
-24.8731963749703,37.4506453504186,-15.6834045581645,                909P   4185
-25.6670122229297,36.2149129059246,-16.2805745085226,                909P   4186
-27.3395449630336,33.312690458205,-17.2690811045893,                 909P   4187
-28.2182618551781,31.6462004549792,-17.6604177502977,                909P   4188
-30.8867835467698,26.2341755835931,-18.5269209345748,                909P   4189
-36.3533109905853,13.7599063939854,-19.0299002917351,                909P   4190
-42.3123883219891,-5.93838043398179,-13.7677923284114,               909P   4191
-44.3872573563275,-18.4241923909738,-16.0295329089798,               909P   4192
-45.5846731590047,-25.3023538986543,-18.4703198579183,               909P   4193
-46.3563071095833,-28.8096839731964,-19.929288346981,                909P   4194
-46.6423394346496,-29.9901688848275,-20.4553736791007,               909P   4195
-47.3021867099,-32.4023001925104,-21.5967278895093,                  909P   4196
-47.6760016600843,-33.6339465885622,-22.2119967677981,               909P   4197
-48.1087782271798,-34.9053795822512,-22.8766866898237,               909P   4198
-49.8568079766822,-40.0408302199398,-25.5614386986788,               909P   4199
-51.6048377261846,-45.1762808576283,-28.2461907075339,               909P   4200
-53.352867475687,-50.3117314953168,-30.9309427163891,                909P   4201
-30.6964434969909,39.4884351121984,-13.7323583931451,                909P   4202
-31.0797549054256,39.0054204187464,-14.0672187045291,                909P   4203
-31.4630663138603,38.5224057252945,-14.4020790159131,                909P   4204
-31.846377722295,38.0393910318426,-14.736939327297,                  909P   4205
-32.6833649860997,36.9846946733369,-15.4681302326932,                909P   4206
-33.6207468655953,35.7058596757651,-16.0448227786138,                909P   4207
-35.5893765288052,32.8206987488825,-16.9326201629163,                909P   4208
-36.6206243125195,31.2143728195719,-17.2437250012982,                909P   4209
-39.6947815292455,26.085338153622,-17.8437714722546,                 909P   4210
-45.7647514250304,14.5870413096504,-17.7107922374108,                909P   4211
-49.0742455998788,-3.5307435403817,-13.4283399803075,                909P   4212
-51.5160021888273,-16.9046667468073,-18.2518394933699,               909P   4213
-53.0439791901951,-24.3044953091997,-21.5506784859682,               909P   4214
-53.8640109627541,-27.9908145241898,-23.3026956208463,               909P   4215
-54.146695432253,-29.2173217514855,-23.9038009389022,                909P   4216
-54.7383381447439,-31.6808865996812,-25.1460676363934,               909P   4217
-55.0472963877359,-32.9179442205812,-25.7872290158288,               909P   4218
-55.3731878589086,-34.1678180794531,-26.4513468502138,               909P   4219
-56.6894975439319,-39.2161891201876,-29.1337881373454,               909P   4220
-58.0058072289551,-44.2645601609221,-31.816229424477,                909P   4221
-59.3221169139783,-49.3129312016566,-34.4986707116086,               909P   4222
-34.562382350429,39.4173763784541,-12.968797082718,                  909P   4223
-34.953130348459,38.9215487211443,-13.2511301968623,                 909P   4224
-35.3438783464891,38.4257210638346,-13.5334633110067,                909P   4225
-35.7346263445192,37.9298934065248,-13.8157964251511,                909P   4226
-36.5878519217173,36.8472190454744,-14.4322905223503,                909P   4227
-37.5760722571903,35.5485387057355,-14.8694569893108,                909P   4228
-39.6465556658795,32.6895214377605,-15.4733766940796,                909P   4229
-40.7288187390956,31.1291845095243,-15.640129931888,                 909P   4230
-43.8527518971486,26.3112218953895,-15.8671328485734,                909P   4231
-49.6091939668725,16.1274893494143,-15.2281114949853,                909P   4232
-53.504372665075,-1.83548003493824,-12.5397441651071,                909P   4233
-56.198435833527,-16.2206321814799,-17.8525750673514,                909P   4234
-57.6792238713651,-23.9350580321268,-21.4449255115042,               909P   4235
-58.4249337084922,-27.7239514915883,-23.2787446873808,               909P   4236
-58.6743896239025,-28.9755294004319,-23.8962917383063,               909P   4237
-59.1797274155838,-31.4699884140013,-25.1389674864241,               909P   4238
-59.4356092918547,-32.7128695187272,-25.7640961836163,               909P   4239
-59.6970311592847,-33.958440396979,-26.390532534775,                 909P   4240
-60.7529413822089,-38.9894312496273,-28.9207743760657,               909P   4241
-61.8088516051332,-44.0204221022757,-31.4510162173565,               909P   4242
-62.8647618280574,-49.051412954924,-33.9812580586472,                909P   4243
-36.8892908013299,39.1587134561464,-12.296964689771,                 909P   4244
-37.2514289298405,38.6910527279613,-12.529799350841,                 909P   4245
-37.6135670583511,38.2233919997761,-12.7626340119109,                909P   4246
-37.9757051868617,37.755731271591,-12.9954686729809,                 909P   4247
-38.7664591133864,36.7345613698888,-13.5038794366564,                909P   4248
-39.7464020705144,35.5466702985137,-13.7867841627144,                909P   4249
-41.8227978020241,32.9052091690037,-14.1111390052626,                909P   4250
-42.9410193322375,31.4309781176119,-14.1503231521549,                909P   4251
-46.0489537807678,26.9846335565834,-14.0603888750383,                909P   4252
-51.9384190539428,17.1258039114749,-13.1001988996685,                909P   4253
-56.4551219434433,-0.852088746851672,-11.499130823585,               909P   4254
-59.2893424384046,-15.8854546909911,-16.8906808933148,               909P   4255
-60.6855385648301,-23.767809207622,-20.5762560231881,                909P   4256
-61.3636410052928,-27.6158577648065,-22.4313858518909,               909P   4257
-61.5863425483221,-28.8830191670128,-23.0518195054196,               909P   4258
-62.0302016055209,-31.4023794278003,-24.2863400252479,               909P   4259
-62.2513591196905,-32.6545782863815,-24.9004268915476,               909P   4260
-62.4743052087921,-33.9073360515261,-25.5061099266572,               909P   4261
-63.374807745009,-38.9673554908631,-27.9525269571497,                909P   4262
-64.2753102812258,-44.0273749302,-30.3989439876422,                  909P   4263
-65.1758128174427,-49.087394369537,-32.8453610181347,                909P   4264
-37.4818496123243,39.066968512885,-12.1286409760893,                 909P   4265
-37.8487559643253,38.6112673300775,-12.3275207635181,                909P   4266
-38.2156623163264,38.15556614727,-12.5264005509468,                  909P   4267
-38.5825686683274,37.6998649644625,-12.7252803383756,                909P   4268
-39.3837343442669,36.7048095663773,-13.1595482611223,                909P   4269
-40.337151303227,35.5654012161566,-13.3923684730791,                 909P   4270
-42.4037714779621,33.0294501985156,-13.6124255944587,                909P   4271
-43.4785522467735,31.6651513683816,-13.6017336917948,                909P   4272
-46.6273084265895,27.2931039194594,-13.4040967162309,                909P   4273
-52.6224762797478,17.4324051875348,-12.3465776948133,                909P   4274
-57.376730699478,-0.572301040988821,-11.0898986297241,               909P   4275
-60.2494915352559,-15.8033702664126,-16.4596418595488,               909P   4276
-61.6092903264163,-23.7303644550037,-20.155140400838,                909P   4277
-62.2628793104759,-27.5951687804907,-22.0107003008292,               909P   4278
-62.4763572365757,-28.866988094185,-22.6305220390507,                909P   4279
-62.9002650416345,-31.3949372079098,-23.860913813406,                909P   4280
-63.1106949205936,-32.6510670079405,-24.4714838495398,               909P   4281
-63.3224618209987,-33.9079560891089,-25.0715004120281,               909P   4282
-64.1778104466242,-38.984662345301,-27.4950299678517,                909P   4283
-65.0331590722498,-44.0613686014931,-29.9185595236752,               909P   4284
-65.8885076978753,-49.1380748576852,-32.3420890794987,               909P   4285
-38.3642453833571,38.8011489110235,-11.8866165465474,                909P   4286
-38.7481535997808,38.3982685493171,-11.9882150870543,                909P   4287
-39.1320618162046,37.9953881876108,-12.0898136275611,                909P   4288
-39.5159700326283,37.5925078259044,-12.191412168068,                 909P   4289
-40.3542604684096,36.7127903842498,-12.4132596856586,                909P   4290
-41.2974634158259,35.7155829492958,-12.499542893804,                 909P   4291
-43.3369563284235,33.4168249622583,-12.5046685551133,                909P   4292
-44.4239897171109,32.1282609477416,-12.4151534032664,                909P   4293
-47.6474529502106,27.8884247516171,-12.030333572425,                 909P   4294
-53.9438316845591,17.9121757490713,-10.7955964095395,                909P   4295
-59.0952351236027,-0.14232592417134,-10.1229156229861,               909P   4296
-62.0231155534662,-15.6949015121337,-15.4024102206011,               909P   4297
-63.3049969498691,-23.6835864167614,-19.0788592697104,               909P   4298
-63.9106910606406,-27.5755530527811,-20.9247986780453,               909P   4299
-64.1067146663262,-28.8558126287386,-21.5413976281203,               909P   4300
-64.49432877458,-31.4024455516219,-22.7643209620898,                 909P   4301
-64.6859192771482,-32.6688188985476,-23.3706453459843,               909P   4302
-64.8789511078375,-33.9383686524905,-23.9654093497351,               909P   4303
-65.6586268303711,-39.0662126881771,-26.3677232722908,               909P   4304
-66.4383025529047,-44.1940567238637,-28.7700371948464,               909P   4305
-67.2179782754383,-49.3219007595504,-31.1723511174021,               909P   4306
-38.6364913500498,38.6981298694518,-11.7575398878861,                909P   4307
-39.0384968718544,38.3124255777929,-11.8142707027126,                909P   4308
-39.440502393659,37.9267212861339,-11.8710015175391,                 909P   4309
-39.8425079154636,37.5410169944749,-11.9277323323657,                909P   4310
-40.7203150830186,36.698804702825,-12.0516080335063,                 909P   4311
-41.6728323494927,35.8326292585842,-12.0120993866134,                909P   4312
-43.7028069329249,33.6552214690506,-11.9092542021657,                909P   4313
-44.77966453541,32.3957163249754,-11.7904284050599,                  909P   4314
-48.08924282801,28.1752752208987,-11.3128625874265,                  909P   4315
-54.5811298635655,18.085345034548,-9.99823632912087,                 909P   4316
-59.8921307916927,0.00786148678328935,-9.56516481010916,             909P   4317
-62.8365904748252,-15.6685171824332,-14.7762176154194,               909P   4318
-64.0769518117355,-23.6742531311374,-18.4236937609328,               909P   4319
-64.6592645056222,-27.5766263093872,-20.2595826063231,               909P   4320
-64.847057407823,-28.8606682361201,-20.8735706835588,                909P   4321
-65.2183290714119,-31.4173961152244,-22.0931543226156,               909P   4322
-65.4018078327998,-32.6900820675958,-22.6987498844367,               909P   4323
-65.5872837824698,-33.9681611782893,-23.2939278020711,               909P   4324
-66.3364405125028,-39.1304561766154,-25.6979135660279,               909P   4325
-67.0855972425359,-44.2927511749415,-28.1018993299847,               909P   4326
-67.834753972569,-49.4550461732676,-30.5058850939415,                909P   4327
-38.9396831831157,38.4879704060968,-11.7154693007033,                909P   4328
-39.3524607376739,38.1558437091423,-11.6877575713117,                909P   4329
-39.7652382922321,37.8237170121877,-11.6600458419201,                909P   4330
-40.1780158467902,37.4915903152331,-11.6323341125285,                909P   4331
-41.0793445011094,36.7663684480946,-11.5718236136277,                909P   4332
-42.026760819524,35.9180220123378,-11.5042192028229,                 909P   4333
-44.0503506650446,33.8411080007694,-11.2904971821167,                909P   4334
-45.1265241921504,32.6125404249579,-11.1443795722152,                909P   4335
-48.5481805865049,28.3565059874413,-10.588256943866,                 909P   4336
-55.2640201323253,18.1512525740686,-9.20145437955508,                909P   4337
-60.6262877085929,0.0764579929956977,-8.92125645823646,              909P   4338
-63.5735443254664,-15.6681915420263,-14.0652790812424,               909P   4339
-64.7754629101175,-23.6747264569577,-17.6660374919724,               909P   4340
-65.3375038841527,-27.5841195489703,-19.4880686198388,               909P   4341
-65.5183644891161,-28.8716048520658,-20.0990209828779,               909P   4342
-65.8763608561608,-31.4396453534768,-21.3174643136256,               909P   4343
-66.0534966182422,-32.7202005517924,-21.9249552813341,               909P   4344
-66.2333939238233,-34.0094713729037,-22.5253761999619,               909P   4345
-66.9600179278019,-39.2169708583614,-24.9505389924595,               909P   4346
-67.6866419317804,-44.424470343819,-27.3757017849572,                909P   4347
-68.413265935759,-49.6319698292767,-29.8008645774548,                909P   4348
-0.0572457050738602,2.50488805379238,-1.02019138950968,0.5;          909P   4349
128,4,3,3,3,0,0,1,0,0,0.,0.,0.,0.,0.5,1.,1.,1.,1.,                   911P   4350
3.73233496210098,3.73233496210098,3.73233496210098,                  911P   4351
3.73233496210098,3.87873476927581,3.87873476927581,                  911P   4352
3.87873476927581,3.87873476927581,1.,1.,1.,1.,1.,1.,1.,1.,1.,1.,     911P   4353
1.,1.,1.,1.,1.,1.,1.,1.,1.,1.,-38.0124358807497,                     911P   4354
-27.166151566245,-11.3025253002107,-37.8896106074844,                911P   4355
-27.2150080571257,-11.2010128708048,-37.6753079875912,               911P   4356
-27.3043802882118,-10.9263134635585,-37.6023223346076,               911P   4357
-27.3456582831211,-10.5765392585081,-37.6018444210253,               911P   4358
-27.352876441812,-10.4100296564982,-37.8589199591709,                911P   4359
-26.7124621159876,-11.2914995234301,-37.7271732508151,               911P   4360
-26.7424453059963,-11.1917552877091,-37.4929875736993,               911P   4361
-26.7915212410492,-10.9181472941825,-37.4047299588064,               911P   4362
-26.7987411310861,-10.5665387726197,-37.3988828908198,               911P   4363
-26.7927804595577,-10.3994892581947,-37.7615615959536,               911P   4364
-26.2310475517504,-11.3369718054989,-37.6242211741829,               911P   4365
-26.2426159944117,-11.241571009182,-37.3773323344053,                911P   4366
-26.252645017848,-10.9741161033297,-37.283401343355,                 911P   4367
-26.227613701604,-10.6240308740248,-37.2764730864735,                911P   4368
-26.2091684873344,-10.4581958198154,-37.7249015955678,               911P   4369
-25.7465830864829,-11.4199716251886,-37.5848906093837,               911P   4370
-25.7418527555917,-11.3296813959542,-37.3315640739304,               911P   4371
-25.7166576117513,-11.068942963001,-37.2378171609012,                911P   4372
-25.6643230354144,-10.7207098978365,-37.2327434411329,               911P   4373
-25.6366441552188,-10.5564359962678,0.,1.,3.73233496210098,          911P   4374
3.87873476927581;                                                    911P   4375
128,6,3,3,3,0,0,1,0,0,0.,0.,0.,0.,0.285714285714286,                 913P   4376
0.571428571428571,0.714285714285714,1.,1.,1.,1.,                     913P   4377
-0.049935002128017,-0.049935002128017,-0.049935002128017,            913P   4378
-0.049935002128017,0.16551956045008,0.16551956045008,                913P   4379
0.16551956045008,0.16551956045008,1.,1.,1.,1.,1.,1.,1.,1.,1.,1.,     913P   4380
1.,1.,1.,1.,1.,1.,1.,1.,1.,1.,1.,1.,1.,1.,1.,1.,1.,1.,               913P   4381
-43.4981264668905,-31.2751083087246,-6.15419188710898,               913P   4382
-43.4649218562454,-31.2779760587108,-6.15360797527105,               913P   4383
-43.3900248891061,-31.2698288937368,-6.15231292589706,               913P   4384
-43.3052144710116,-31.2103757396895,-6.15092218162564,               913P   4385
-43.2514300582922,-31.1269809627623,-6.15010909087424,               913P   4386
-43.2402466625861,-31.0718398792824,-6.14999701050729,               913P   4387
-43.240245785723,-31.0385065838147,-6.15004724595932,                913P   4388
-43.51021853773,-31.2740639647221,-5.43612730214303,                 913P   4389
-43.4770002797663,-31.2768095458672,-5.43554352314113,               913P   4390
-43.40217519045,-31.2684031926469,-5.4342495874446,                  913P   4391
-43.3175831542696,-31.208821546703,-5.43285894442715,                913P   4392
-43.2639424120366,-31.125431674042,-5.43204287055755,                913P   4393
-43.2527820898452,-31.0703143843052,-5.43192753734456,               913P   4394
-43.2527797735807,-31.0369807029972,-5.43197556251521,               913P   4395
-43.5223094800128,-31.2730879575507,-4.71806471363068,               913P   4396
-43.4890870352848,-31.2757059773467,-4.71748121966956,               913P   4397
-43.4143257584606,-31.2670475132217,-4.71618818713146,               913P   4398
-43.3299528344971,-31.207337183669,-4.71479763867221,                913P   4399
-43.2764555172462,-31.1239498059099,-4.71397861039389,               913P   4400
-43.2653130534927,-31.0688575997935,-4.71385993742953,               913P   4401
-43.2653137275334,-31.0355246752078,-4.71390582148288,               913P   4402
-43.5343993466515,-31.272180060906,-4.,-43.5011646980934,            913P   4403
-31.2746758391323,-3.99941661558593,-43.4264774607254,               913P   4404
-31.2657599880692,-3.99812463190423,-43.3423221322056,               913P   4405
-31.2059228047138,-3.99673412974939,-43.2889677901932,               913P   4406
-31.1225401607003,-3.99591212419922,-43.2778484819854,               913P   4407
-31.0674715494522,-3.99579021987761,-43.2778477195485,               913P   4408
-31.0341382447467,-3.99583389985867,0.,1.,-0.049935002128017,        913P   4409
0.16551956045008;                                                    913P   4410
128,1,1,1,1,0,0,1,0,0,-0.417832549927315,-0.417832549927315,         915P   4411
-0.00673326006783975,-0.00673326006783975,-0.00100000000000006,      915P   4412
-0.00100000000000006,1.18598410032981,1.18598410032981,1.,1.,1.,     915P   4413
1.,-43.2779495240644,-27.6368265066293,-3.99000152304844,            915P   4414
-43.2779495240644,-31.7478194052241,-3.99000152304844,               915P   4415
-43.0707922345289,-27.6368265066293,-15.8580346920689,               915P   4416
-43.0707922345289,-31.7478194052241,-15.8580346920689,               915P   4417
-0.417832549927315,-0.00673326006783975,-0.00100000000000006,        915P   4418
1.18598410032981;                                                    915P   4419
128,6,3,3,3,0,0,1,0,0,0.,0.,0.,0.,0.285714285714286,                 917P   4420
0.571428571428571,0.714285714285714,1.,1.,1.,1.,                     917P   4421
-0.000489389459463065,-0.000489389459463065,                         917P   4422
-0.000489389459463065,-0.000489389459463065,0.214963213597195,       917P   4423
0.214963213597195,0.214963213597195,0.214963213597195,1.,1.,1.,      917P   4424
1.,1.,1.,1.,1.,1.,1.,1.,1.,1.,1.,1.,1.,1.,1.,1.,1.,1.,1.,1.,1.,      917P   4425
1.,1.,1.,1.,-44.0211506533485,-31.272180060906,-4.,                  917P   4426
-44.0543853019066,-31.2746758391323,-3.99941661558593,               917P   4427
-44.1290725897367,-31.2657599808233,-3.99812463103291,               917P   4428
-44.2132278598062,-31.2059228095039,-3.99673412988254,               917P   4429
-44.2665821888411,-31.1225401910387,-3.99591212452541,               917P   4430
-44.2777015180146,-31.0674715494522,-3.99579021987761,               917P   4431
-44.2777022804515,-31.0341382447467,-3.99583389985867,               917P   4432
-44.0332404100321,-31.2730879492936,-4.71805818297025,               917P   4433
-44.0664628548712,-31.2757059679778,-4.71747468901013,               917P   4434
-44.1412241814841,-31.267047494266,-4.71618165561024,                917P   4435
-44.2255970450182,-31.2073371755957,-4.7147911081559,                917P   4436
-44.2790943479915,-31.1239498234278,-4.71397208004352,               917P   4437
-44.2902368324999,-31.0688575871876,-4.71385340672359,               917P   4438
-44.2902361584724,-31.0355246625985,-4.71389929075689,               917P   4439
-44.0453312423394,-31.2740639469688,-5.43611424080271,               917P   4440
-44.0785495004581,-31.2768095258411,-5.43553046180453,               917P   4441
-44.1533746417866,-31.2684031627797,-5.43423652520428,               917P   4442
-44.2379666136746,-31.2088215257566,-5.43284588322424,               917P   4443
-44.2916073402503,-31.1254316796683,-5.43202980948849,               917P   4444
-44.3027676821801,-31.0703143578171,-5.43191447591368,               917P   4445
-44.3027699984305,-31.0369806765126,-5.43196250104479,               917P   4446
-44.0574232031835,-31.2751082802302,-6.15417229508574,               917P   4447
-44.0906278141209,-31.2779760268331,-6.15358838325295,               917P   4448
-44.1655248326384,-31.2698288496443,-6.15229333298597,               917P   4449
-44.2503351844471,-31.2103757033341,-6.15090258975338,               917P   4450
-44.3041195801961,-31.1269809530258,-6.15008949910863,               917P   4451
-44.3153029954315,-31.0718398376497,-6.14997741835009,               917P   4452
-44.3153038722935,-31.0385065421818,-6.1500276537424,0.,1.,          917P   4453
-0.000489389459463065,0.214963213597195;                             917P   4454
128,1,2,1,2,0,0,0,0,0,0.239999990463256,0.239999990463256,1.1,       919P   4455
1.1,1.48466589142912,1.48466589142912,1.48466589142912,              919P   4456
1.65692676216067,1.65692676216067,1.65692676216067,1.,1.,            919P   4457
0.996293066544417,0.996293066544417,1.,1.,-44.0573529429429,         919P   4458
-31.2751022129082,-4.,-44.0573529429429,-31.2751022129082,           919P   4459
-6.15000002384186,-43.777775,-31.2509623198757,-4.,-43.777775,       919P   4460
-31.2509623198757,-6.15000002384186,-43.498197057057,                919P   4461
-31.2751022129082,-4.,-43.498197057057,-31.2751022129082,            919P   4462
-6.15000002384186,0.239999990463256,1.1,1.48466589142912,            919P   4463
1.65692676216067;                                                    919P   4464
128,1,1,1,1,0,0,1,0,0,-0.418126274059763,-0.418126274059763,         921P   4465
-0.0109495107577224,-0.0109495107577224,-0.00100000000000011,        921P   4466
-0.00100000000000011,1.33816759009668,1.33816759009668,1.,1.,1.,     921P   4467
1.,-44.2776004759356,-31.7478194833808,-3.99000152304844,            921P   4468
-44.2776004759356,-27.6760518503604,-3.99000152304844,               921P   4469
-44.5113174466357,-31.7478194833808,-17.3796378069115,               921P   4470
-44.5113174466357,-27.6760518503604,-17.3796378069115,               921P   4471
-0.418126274059763,-0.0109495107577224,-0.00100000000000011,         921P   4472
1.33816759009668;                                                    921P   4473
128,8,3,3,3,0,0,1,0,0,0.,0.,0.,0.,0.142857142857143,                 923P   4474
0.285714285714286,0.428571428571429,0.571428571428571,               923P   4475
0.785714285714286,1.,1.,1.,1.,-0.00124427540490016,                  923P   4476
-0.00124427540490016,-0.00124427540490016,-0.00124427540490016,      923P   4477
0.274265253817034,0.274265253817034,0.274265253817034,               923P   4478
0.274265253817034,1.,1.,1.,1.,1.,1.,1.,1.,1.,1.,1.,1.,1.,1.,1.,      923P   4479
1.,1.,1.,1.,1.,1.,1.,1.,1.,1.,1.,1.,1.,1.,1.,1.,1.,1.,1.,1.,1.,      923P   4480
-41.8931527610123,-31.8652822160847,-3.4,-41.9067277790916,          923P   4481
-31.8556198371139,-3.39963244789569,-41.9336846043647,               923P   4482
-31.8312120019083,-3.39883579641166,-41.9656740291053,               923P   4483
-31.7773234865547,-3.39757160588975,-41.9792053249153,               923P   4484
-31.7100117148402,-3.39646742533974,-41.9659690628093,               923P   4485
-31.6278403524996,-3.39565421113351,-41.9123411936278,               923P   4486
-31.5527259615124,-3.3956571441903,-41.8605719237449,                923P   4487
-31.527147856671,-3.39626031280025,-41.836651102633,                 923P   4488
-31.5198897080672,-3.39659735312362,-41.9093193593929,               923P   4489
-31.8537752111356,-4.3181259649216,-41.922953209429,                 923P   4490
-31.8441951658272,-4.31775613430787,-41.9500696939706,               923P   4491
-31.8199361975946,-4.31695415585429,-41.9823830124283,               923P   4492
-31.7661238144811,-4.31568070534359,-41.9961998685143,               923P   4493
-31.69870243483,-4.31456947698805,-41.9830986335427,                 923P   4494
-31.6162759620495,-4.31375560669771,-41.9293393880588,               923P   4495
-31.5409798203655,-4.31377100830321,-41.8774727132464,               923P   4496
-31.5154826079666,-4.31438759189565,-41.8535420856447,               923P   4497
-31.5082641373645,-4.31473001578563,-41.9257448355493,               923P   4498
-31.8423068579078,-5.23624258443516,-41.9394376834822,               923P   4499
-31.8328122599476,-5.23587037458298,-41.9667147649658,               923P   4500
-31.8087022749335,-5.23506277252441,-41.9993566341012,               923P   4501
-31.7549687567983,-5.23377960190686,-42.0134626205519,               923P   4502
-31.6874363443402,-5.23266101206897,-42.000503062218,                923P   4503
-31.6047466298003,-5.23184622584993,-41.9466026230251,               923P   4504
-31.5292719623323,-5.23187480541206,-41.8946459735423,               923P   4505
-31.5038383230302,-5.23250469593773,-41.8706932322746,               923P   4506
-31.4966793477117,-5.23285330404228,-41.9424485565318,               923P   4507
-31.8308770478663,-6.15435962565274,-41.9561998366527,               923P   4508
-31.8214674965589,-6.15398490307852,-41.983637590829,                923P   4509
-31.7975126149881,-6.15317143675896,-42.0166115480745,               923P   4510
-31.7438608894665,-6.15187807175769,-42.0310126209235,               923P   4511
-31.6762155379278,-6.15075169931284,-42.0181896966148,               923P   4512
-31.5932592666699,-6.1499361534876,-41.9641458170662,                923P   4513
-31.517597786594,-6.14997830673316,-41.9120871264365,                923P   4514
-31.4922523649986,-6.1506226248572,-41.8881242302952,                923P   4515
-31.4851352000566,-6.15097698584633,0.,1.,-0.00124427540490016,      923P   4516
0.274265253817034;                                                   923P   4517
128,1,1,1,1,0,0,1,0,0,-0.989697387584076,-0.989697387584076,         925P   4518
0.898246454439137,0.898246454439137,-0.709203345901128,              925P   4519
-0.709203345901128,0.959080179747904,0.959080179747904,1.,1.,1.,     925P   4520
1.,-53.6747488758407,-32.2091004590113,-3.4,-34.7953104556086,       925P   4521
-32.2091004590113,-3.4,-53.6747488758407,-15.526265202521,-3.4,      925P   4522
-34.7953104556086,-15.526265202521,-3.4,-0.989697387584076,          925P   4523
0.898246454439137,-0.709203345901128,0.959080179747904;              925P   4524
128,8,3,3,3,0,0,1,0,0,0.,0.,0.,0.,0.142857142857143,                 927P   4525
0.285714285714286,0.428571428571429,0.571428571428571,               927P   4526
0.785714285714286,1.,1.,1.,1.,-0.0491351173299276,                   927P   4527
-0.0491351173299276,-0.0491351173299276,-0.0491351173299276,         927P   4528
0.22637785874233,0.22637785874233,0.22637785874233,                  927P   4529
0.22637785874233,1.,1.,1.,1.,1.,1.,1.,1.,1.,1.,1.,1.,1.,1.,1.,       927P   4530
1.,1.,1.,1.,1.,1.,1.,1.,1.,1.,1.,1.,1.,1.,1.,1.,1.,1.,1.,1.,1.,      927P   4531
-45.6131008165361,-31.8308766188773,-6.15439408485802,               927P   4532
-45.5993495342175,-31.8214670707853,-6.15401936218961,               927P   4533
-45.571911347481,-31.7975121016101,-6.15320588654708,                927P   4534
-45.5389371960552,-31.7438603574209,-6.15191251751433,               927P   4535
-45.5245357490782,-31.6762149330025,-6.15078613716755,               927P   4536
-45.5373586811806,-31.5932587052337,-6.14997059223208,               927P   4537
-45.5914020063101,-31.5175970409021,-6.15001273334693,               927P   4538
-45.643462218799,-31.4922519299031,-6.15065708408759,                927P   4539
-45.6674251154761,-31.4851347667762,-6.15101144530085,               927P   4540
-45.6298047534619,-31.8423065709493,-5.23626555734458,               927P   4541
-45.6161119040574,-31.8328119751053,-5.23589334743278,               927P   4542
-45.5888343920372,-31.8087019004653,-5.23508573613181,               927P   4543
-45.5561923329836,-31.7549683625652,-5.23380256162286,               927P   4544
-45.5420859762221,-31.6874358786843,-5.23268396399027,               927P   4545
-45.5550455440804,-31.6047462111193,-5.23186917867185,               927P   4546
-45.6089454269015,-31.5292713617991,-5.23189774591857,               927P   4547
-45.6609035969071,-31.5038380318937,-5.2325276688668,                927P   4548
-45.6848563385792,-31.4966790578397,-5.23287627711856,               927P   4549
-45.6462304383505,-31.8537750671741,-4.31813745138649,               927P   4550
-45.6325965875783,-31.8441950228957,-4.31776762074425,               927P   4551
-45.6054796921734,-31.8199359741542,-4.31696563382265,               927P   4552
-45.5731661957264,-31.7661235754955,-4.31569217985923,               927P   4553
-45.5593489880985,-31.6987021361476,-4.31458094441609,               927P   4554
-45.5724502352943,-31.6162757108147,-4.31376707501533,               927P   4555
-45.6262089459036,-31.5409794096461,-4.3137824651241,                927P   4556
-45.6780770753116,-31.5154824620253,-4.31439907837698,               927P   4557
-45.7020077030361,-31.5082639919196,-4.31474150233431,               927P   4558
-45.6623972389877,-31.8652822160847,-3.4,-45.6488222209084,          927P   4559
-31.8556198371139,-3.39963244789569,-45.6218649867695,               927P   4560
-31.8312119195369,-3.39883578801028,-45.5898753880917,               927P   4561
-31.7773233876856,-3.39757159415151,-45.5763437443124,               927P   4562
-31.7100115576456,-3.39646740660207,-45.5895800203319,               927P   4563
-31.6278402459443,-3.39565419329362,-45.6432073529951,               927P   4564
-31.5527256977463,-3.39565711469769,-45.6949780762551,               927P   4565
-31.527147856671,-3.39626031280026,-45.718898897367,                 927P   4566
-31.5198897080672,-3.39659735312363,0.,1.,-0.0491351173299276,       927P   4567
0.22637785874233;                                                    927P   4568
128,1,1,1,1,0,0,1,0,0,-0.14464693747387,-0.14464693747387,           929P   4569
0.305965626078326,0.305965626078326,-0.261233434228741,              929P   4570
-0.261233434228741,-0.0755372688795245,-0.0755372688795245,1.,       929P   4571
1.,1.,1.,-41.524712182239,-31.0285064834692,-6.15000002384186,       929P   4572
-46.030837817761,-31.0285064834692,-6.15000002384186,                929P   4573
-41.524712182239,-32.8854681369614,-6.15000002384186,                929P   4574
-46.030837817761,-32.8854681369614,-6.15000002384186,                929P   4575
-0.14464693747387,0.305965626078326,-0.261233434228741,              929P   4576
-0.0755372688795245;                                                 929P   4577
128,1,1,1,1,0,0,1,0,0,-0.0509999999999998,-0.0509999999999998,       931P   4578
0.0509999999999998,0.0509999999999998,0.251975950662929,             931P   4579
0.251975950662929,0.616747285852644,0.616747285852644,1.,1.,1.,      931P   4580
1.,-43.267775,-27.6368265066293,-4.,-44.287775,                      931P   4581
-27.6368265066293,-4.,-43.267775,-31.2845398585265,-4.,              931P   4582
-44.287775,-31.2845398585265,-4.,-0.0509999999999998,                931P   4583
0.0509999999999998,0.251975950662929,0.616747285852644;              931P   4584
128,1,2,1,2,0,0,0,0,0,-9.53689527349866D-9,-9.53689527349866D-9,     933P   4585
1.1,1.1,2.17091478002853,2.17091478002853,2.17091478002853,          933P   4586
2.34927032729141,2.34927032729141,2.34927032729141,1.,1.,            933P   4587
0.996026296856794,0.996026296856794,1.,1.,-41.9423692424057,         933P   4588
-31.830931321651,-3.39999999999962,-41.9423692424057,                933P   4589
-31.830931321651,-6.15000002384186,-41.7025473736464,                933P   4590
-31.9950439965891,-3.39999999999962,-41.7025473736464,               933P   4591
-31.9950439965891,-6.15000002384186,-41.4956453220512,               933P   4592
-32.1991004590113,-3.39999999999962,-41.4956453220512,               933P   4593
-32.1991004590113,-6.15000002384186,-9.53689527349866D-9,1.1,        933P   4594
2.17091478002853,2.34927032729141;                                   933P   4595
128,1,2,1,2,0,0,0,0,0,-9.53689416327563D-9,-9.53689416327563D-9,     935P   4596
1.1,1.1,0.792322326298378,0.792322326298378,0.792322326298378,       935P   4597
0.970677873561265,0.970677873561265,0.970677873561265,1.,1.,         935P   4598
0.996026296856794,0.996026296856794,1.,1.,-46.0599046779488,         935P   4599
-32.1991004590113,-3.39999999999962,-46.0599046779488,               935P   4600
-32.1991004590113,-6.15000002384186,-45.8530026263536,               935P   4601
-31.9950439965891,-3.39999999999962,-45.8530026263536,               935P   4602
-31.9950439965891,-6.15000002384186,-45.6131807575943,               935P   4603
-31.830931321651,-3.39999999999962,-45.6131807575943,                935P   4604
-31.830931321651,-6.15000002384186,-9.53689416327563D-9,1.1,         935P   4605
0.792322326298378,0.970677873561265;                                 935P   4606
128,14,13,3,3,0,0,1,0,0,0.,0.,0.,0.,0.125,0.125,0.25,0.25,0.5,       937P   4607
1.,1.5,1.75,1.75,1.875,1.875,2.,2.,2.,2.,0.,0.,0.,0.,0.03125,        937P   4608
0.03125,0.0625,0.0625,0.125,0.25,0.375,0.375,0.4375,0.4375,0.5,      937P   4609
0.5,0.5,0.5,1.,1.,1.,1.,1.,1.,1.,1.,1.,1.,1.,1.,1.,1.,1.,1.,1.,      937P   4610
1.,1.,1.,1.,1.,1.,1.,1.,1.,1.,1.,1.,1.,1.,1.,1.,1.,1.,1.,1.,1.,      937P   4611
1.,1.,1.,1.,1.,1.,1.,1.,1.,1.,1.,1.,1.,1.,1.,1.,1.,1.,1.,1.,1.,      937P   4612
1.,1.,1.,1.,1.,1.,1.,1.,1.,1.,1.,1.,1.,1.,1.,1.,1.,1.,1.,1.,1.,      937P   4613
1.,1.,1.,1.,1.,1.,1.,1.,1.,1.,1.,1.,1.,1.,1.,1.,1.,1.,1.,1.,1.,      937P   4614
1.,1.,1.,1.,1.,1.,1.,1.,1.,1.,1.,1.,1.,1.,1.,1.,1.,1.,1.,1.,1.,      937P   4615
1.,1.,1.,1.,1.,1.,1.,1.,1.,1.,1.,1.,1.,1.,1.,1.,1.,1.,1.,1.,1.,      937P   4616
1.,1.,1.,1.,1.,1.,1.,1.,1.,1.,1.,1.,1.,1.,1.,1.,1.,1.,1.,1.,1.,      937P   4617
1.,1.,1.,1.,1.,1.,1.,1.,1.,1.,1.,1.,1.,1.,1.,1.,1.,1.,1.,1.,1.,      937P   4618
1.,1.,1.,1.,1.,1.,1.,1.,1.,1.,1.,1.,1.,1.,1.,1.,1.,1.,1.,1.,1.,      937P   4619
1.,1.,1.,1.,-15.2453902826964,39.2782317460117,-15.150479504162,     937P   4620
-16.1035671013678,38.3004321213181,-16.0213853859152,                937P   4621
-16.9962728961333,37.0023500306122,-16.739128045323,                 937P   4622
-18.8082315682803,33.943270196036,-17.8891761747124,                 937P   4623
-19.7274844456618,32.1822724521656,-18.3214816446942,                937P   4624
-22.461297397371,26.4713796590971,-19.2215761533978,                 937P   4625
-27.8331405790494,13.3379958271317,-19.434477565839,                 937P   4626
-33.7566467654605,-6.45001172369767,-13.1062305443112,               937P   4627
-35.4517065484262,-20.37135122641,-12.1475792958807,                 937P   4628
-35.9066106143559,-27.5733153096312,-10.1972173208641,               937P   4629
-36.2155300239128,-31.3072893673248,-9.16199899846979,               937P   4630
-36.3928922903849,-32.6492584292519,-8.85494376914138,               937P   4631
-36.8963950832356,-35.5278186384979,-8.31686840009059,               937P   4632
-37.2225356096142,-37.0644097858167,-8.08584826036822,               937P   4633
-37.3314941975324,-38.2338473135864,-7.81925953892859,               937P   4634
-15.7908712085221,39.2188553299041,-15.1479386855418,                937P   4635
-16.6464286995163,38.2446142567122,-16.0080182447437,                937P   4636
-17.5382282403121,36.9514339327056,-16.7182161721838,                937P   4637
-19.350968233844,33.9033833976133,-17.8581708006202,                 937P   4638
-20.2719086865801,32.1485131865276,-18.2879275016165,                937P   4639
-23.0134266312045,26.4556506444772,-19.1855188205597,                937P   4640
-28.411248866118,13.3569179252035,-19.4139863222626,                 937P   4641
-34.3809597261936,-6.46802457643061,-13.1205120356407,               937P   4642
-36.0605279085898,-20.251789094777,-12.3457419076766,                937P   4643
-36.5413393411373,-27.4434122381405,-10.5917162073328,               937P   4644
-36.8559331708024,-31.1937013797077,-9.67648413743809,               937P   4645
-37.0442138832536,-32.5462095192327,-9.42267808277489,               937P   4646
-37.5278935980067,-35.3476733416394,-9.05598196371234,               937P   4647
-37.8425831570464,-36.8294173803894,-8.93266777692171,               937P   4648
-38.0286006418266,-38.0329163774065,-9.04706572819042,               937P   4649
-16.3620944012949,39.1562968284531,-15.1426512018824,                937P   4650
-17.2109545593397,38.1860844464747,-15.9904473451784,                937P   4651
-18.0982000928696,36.898185544056,-16.6922899017586,                 937P   4652
-19.9052207461213,33.8618234799751,-17.8215173517566,                937P   4653
-20.8249958658431,32.113360318313,-18.2489022451744,                 937P   4654
-23.5667538571287,26.4393376169175,-19.1455446960872,                937P   4655
-28.9800003681811,13.3767593484897,-19.3967806805512,                937P   4656
-34.9962606423064,-6.47834186217007,-13.1522333506503,               937P   4657
-36.6757225662359,-20.125711084175,-12.5770151743059,                937P   4658
-37.1755652414201,-27.3118253159055,-11.0393976719722,               937P   4659
-37.5177593306282,-31.1152630566741,-10.2758646494831,               937P   4660
-37.6472028189669,-32.4181390744141,-10.0222329300997,               937P   4661
-38.0740563326191,-35.1453702779555,-9.81751482240046,               937P   4662
-38.3262619871665,-36.4896360347139,-9.86818902458551,               937P   4663
-38.7152544016626,-37.7992159599712,-10.3593935504126,               937P   4664
-17.5507066032196,39.0287023230562,-15.1272644280111,                937P   4665
-18.3819713100152,38.0662113187662,-15.9495408298448,                937P   4666
-19.2565030659634,36.7887740767586,-16.6340029080604,                937P   4667
-21.0457609847562,33.7760302223977,-17.7409853155607,                937P   4668
-21.9604871476008,32.0407236100444,-18.1635056448455,                937P   4669
-24.6954477093663,26.4060343751,-19.058684356762,                    937P   4670
-30.1284971258239,13.4215783136734,-19.3595126768434,                937P   4671
-36.2188394666979,-6.47318344102636,-13.2344615898863,               937P   4672
-37.9205818235739,-19.8633858122109,-13.0824542790216,               937P   4673
-38.4686369719144,-27.0340955584337,-12.0339974372466,               937P   4674
-38.8170333643522,-30.8271165276675,-11.5996262313272,               937P   4675
-38.9455602982094,-32.1260678667659,-11.4698120318487,               937P   4676
-39.3544295448155,-34.7747945262567,-11.6110033141385,               937P   4677
-39.6741314180092,-36.0850689217305,-11.9481245026835,               937P   4678
-40.1818925770299,-37.3162824273175,-12.8547379764245,               937P   4679
-18.1680956123716,38.9636663191103,-15.1171651377991,                937P   4680
-18.9884622008674,38.0048680012952,-15.9262052140765,                937P   4681
-19.8548341864997,36.7326109981109,-16.6016421847872,                937P   4682
-21.6320487111138,33.7317968824584,-17.6971067282284,                937P   4683
-22.5428912500956,32.0032397699903,-18.1171343009588,                937P   4684
-25.2708143356797,26.3890441608421,-19.0117981419093,                937P   4685
-30.7082423814036,13.4465558555709,-19.3394503148471,                937P   4686
-36.8261173749765,-6.45770773414317,-13.2849685141125,               937P   4687
-38.5502464232659,-19.7271385508487,-13.3566201171079,               937P   4688
-39.127482802126,-26.8879527231968,-12.5809157378817,                937P   4689
-39.5314009646782,-30.6381565791617,-12.4009946359588,               937P   4690
-39.675326730161,-31.9415726740711,-12.3526824839858,                937P   4691
-40.1426585253145,-34.5430792867681,-12.702602067935,                937P   4692
-40.3346151900057,-35.8666372969911,-12.9995170600704,               937P   4693
-40.9618769925612,-37.0670493120992,-14.0377545802141,               937P   4694
-20.0815332881232,38.7706720558184,-15.0806718426224,                937P   4695
-20.8688371814858,37.8205333640769,-15.8515154933434,                937P   4696
-21.7108558269091,36.5623745644025,-16.5002998482811,                937P   4697
-23.4524699922868,33.5960959533834,-17.5607397751387,                937P   4698
-24.3520655122412,31.8879761420388,-17.9723953470586,                937P   4699
-27.0594384395156,26.3377939967931,-18.862153601114,                 937P   4700
-32.508529763709,13.5341388614544,-19.2608362624089,                 937P   4701
-38.6509182101702,-6.35698833660609,-13.4405266434002,               937P   4702
-40.4635301560324,-19.3074366513886,-14.2084633812376,               937P   4703
-41.1793885620429,-26.4109080307131,-14.3598334132613,               937P   4704
-41.713994384415,-30.0959554630811,-14.8108219181354,                937P   4705
-41.9216424284335,-31.3465232309881,-15.0237020012372,               937P   4706
-42.5166979468251,-33.8400275770365,-15.8445036203825,               937P   4707
-42.9041054211981,-35.082964155178,-16.452425156426,                 937P   4708
-43.4418262226979,-36.2960509197697,-17.3928375639342,               937P   4709
-24.1534912328099,38.3931385234169,-14.9829035541061,                937P   4710
-24.8731963749703,37.4506453504186,-15.6834045581645,                937P   4711
-25.6670122229297,36.2149129059246,-16.2805745085226,                937P   4712
-27.3395449630336,33.312690458205,-17.2690811045893,                 937P   4713
-28.2182618551781,31.6462004549792,-17.6604177502977,                937P   4714
-30.8867835467698,26.2341755835931,-18.5269209345748,                937P   4715
-36.3533109905853,13.7599063939854,-19.0299002917351,                937P   4716
-42.3123883219891,-5.93838043398179,-13.7677923284114,               937P   4717
-44.3872573563275,-18.4241923909738,-16.0295329089798,               937P   4718
-45.5846731590047,-25.3023538986543,-18.4703198579183,               937P   4719
-46.3563071095833,-28.8096839731964,-19.929288346981,                937P   4720
-46.6423394346496,-29.9901688848275,-20.4553736791007,               937P   4721
-47.3021867099,-32.4023001925104,-21.5967278895093,                  937P   4722
-47.6760016600843,-33.6339465885622,-22.2119967677981,               937P   4723
-48.1087782271798,-34.9053795822512,-22.8766866898237,               937P   4724
-31.846377722295,38.0393910318426,-14.736939327297,                  937P   4725
-32.6833649860997,36.9846946733369,-15.4681302326932,                937P   4726
-33.6207468655953,35.7058596757651,-16.0448227786138,                937P   4727
-35.5893765288052,32.8206987488825,-16.9326201629163,                937P   4728
-36.6206243125195,31.2143728195719,-17.2437250012982,                937P   4729
-39.6947815292455,26.085338153622,-17.8437714722546,                 937P   4730
-45.7647514250304,14.5870413096504,-17.7107922374108,                937P   4731
-49.0742455998788,-3.5307435403817,-13.4283399803075,                937P   4732
-51.5160021888273,-16.9046667468073,-18.2518394933699,               937P   4733
-53.0439791901951,-24.3044953091997,-21.5506784859682,               937P   4734
-53.8640109627541,-27.9908145241898,-23.3026956208463,               937P   4735
-54.146695432253,-29.2173217514855,-23.9038009389022,                937P   4736
-54.7383381447439,-31.6808865996812,-25.1460676363934,               937P   4737
-55.0472963877359,-32.9179442205812,-25.7872290158288,               937P   4738
-55.3731878589086,-34.1678180794531,-26.4513468502138,               937P   4739
-35.7346263445192,37.9298934065248,-13.8157964251511,                937P   4740
-36.5878519217173,36.8472190454744,-14.4322905223503,                937P   4741
-37.5760722571903,35.5485387057355,-14.8694569893108,                937P   4742
-39.6465556658795,32.6895214377605,-15.4733766940796,                937P   4743
-40.7288187390956,31.1291845095243,-15.640129931888,                 937P   4744
-43.8527518971486,26.3112218953895,-15.8671328485734,                937P   4745
-49.6091939668725,16.1274893494143,-15.2281114949853,                937P   4746
-53.504372665075,-1.83548003493824,-12.5397441651071,                937P   4747
-56.198435833527,-16.2206321814799,-17.8525750673514,                937P   4748
-57.6792238713651,-23.9350580321268,-21.4449255115042,               937P   4749
-58.4249337084922,-27.7239514915883,-23.2787446873808,               937P   4750
-58.6743896239025,-28.9755294004319,-23.8962917383063,               937P   4751
-59.1797274155838,-31.4699884140013,-25.1389674864241,               937P   4752
-59.4356092918547,-32.7128695187272,-25.7640961836163,               937P   4753
-59.6970311592847,-33.958440396979,-26.390532534775,                 937P   4754
-37.9757051868617,37.755731271591,-12.9954686729809,                 937P   4755
-38.7664591133864,36.7345613698888,-13.5038794366564,                937P   4756
-39.7464020705144,35.5466702985137,-13.7867841627144,                937P   4757
-41.8227978020241,32.9052091690037,-14.1111390052626,                937P   4758
-42.9410193322375,31.4309781176119,-14.1503231521549,                937P   4759
-46.0489537807678,26.9846335565834,-14.0603888750383,                937P   4760
-51.9384190539428,17.1258039114749,-13.1001988996685,                937P   4761
-56.4551219434433,-0.852088746851672,-11.499130823585,               937P   4762
-59.2893424384046,-15.8854546909911,-16.8906808933148,               937P   4763
-60.6855385648301,-23.767809207622,-20.5762560231881,                937P   4764
-61.3636410052928,-27.6158577648065,-22.4313858518909,               937P   4765
-61.5863425483221,-28.8830191670128,-23.0518195054196,               937P   4766
-62.0302016055209,-31.4023794278003,-24.2863400252479,               937P   4767
-62.2513591196905,-32.6545782863815,-24.9004268915476,               937P   4768
-62.4743052087921,-33.9073360515261,-25.5061099266572,               937P   4769
-38.5825686683274,37.6998649644625,-12.7252803383756,                937P   4770
-39.3837343442669,36.7048095663773,-13.1595482611223,                937P   4771
-40.337151303227,35.5654012161566,-13.3923684730791,                 937P   4772
-42.4037714779621,33.0294501985156,-13.6124255944587,                937P   4773
-43.4785522467735,31.6651513683816,-13.6017336917948,                937P   4774
-46.6273084265895,27.2931039194594,-13.4040967162309,                937P   4775
-52.6224762797478,17.4324051875348,-12.3465776948133,                937P   4776
-57.376730699478,-0.572301040988821,-11.0898986297241,               937P   4777
-60.2494915352559,-15.8033702664126,-16.4596418595488,               937P   4778
-61.6092903264163,-23.7303644550037,-20.155140400838,                937P   4779
-62.2628793104759,-27.5951687804907,-22.0107003008292,               937P   4780
-62.4763572365757,-28.866988094185,-22.6305220390507,                937P   4781
-62.9002650416345,-31.3949372079098,-23.860913813406,                937P   4782
-63.1106949205936,-32.6510670079405,-24.4714838495398,               937P   4783
-63.3224618209987,-33.9079560891089,-25.0715004120281,               937P   4784
-39.5159700326283,37.5925078259044,-12.191412168068,                 937P   4785
-40.3542604684096,36.7127903842498,-12.4132596856586,                937P   4786
-41.2974634158259,35.7155829492958,-12.499542893804,                 937P   4787
-43.3369563284235,33.4168249622583,-12.5046685551133,                937P   4788
-44.4239897171109,32.1282609477416,-12.4151534032664,                937P   4789
-47.6474529502106,27.8884247516171,-12.030333572425,                 937P   4790
-53.9438316845591,17.9121757490713,-10.7955964095395,                937P   4791
-59.0952351236027,-0.14232592417134,-10.1229156229861,               937P   4792
-62.0231155534662,-15.6949015121337,-15.4024102206011,               937P   4793
-63.3049969498691,-23.6835864167614,-19.0788592697104,               937P   4794
-63.9106910606406,-27.5755530527811,-20.9247986780453,               937P   4795
-64.1067146663262,-28.8558126287386,-21.5413976281203,               937P   4796
-64.49432877458,-31.4024455516219,-22.7643209620898,                 937P   4797
-64.6859192771482,-32.6688188985476,-23.3706453459843,               937P   4798
-64.8789511078375,-33.9383686524905,-23.9654093497351,               937P   4799
-39.8425079154636,37.5410169944749,-11.9277323323657,                937P   4800
-40.7203150830186,36.698804702825,-12.0516080335063,                 937P   4801
-41.6728323494927,35.8326292585842,-12.0120993866134,                937P   4802
-43.7028069329249,33.6552214690506,-11.9092542021657,                937P   4803
-44.77966453541,32.3957163249754,-11.7904284050599,                  937P   4804
-48.08924282801,28.1752752208987,-11.3128625874265,                  937P   4805
-54.5811298635655,18.085345034548,-9.99823632912087,                 937P   4806
-59.8921307916927,0.00786148678328935,-9.56516481010916,             937P   4807
-62.8365904748252,-15.6685171824332,-14.7762176154194,               937P   4808
-64.0769518117355,-23.6742531311374,-18.4236937609328,               937P   4809
-64.6592645056222,-27.5766263093872,-20.2595826063231,               937P   4810
-64.847057407823,-28.8606682361201,-20.8735706835588,                937P   4811
-65.2183290714119,-31.4173961152244,-22.0931543226156,               937P   4812
-65.4018078327998,-32.6900820675958,-22.6987498844367,               937P   4813
-65.5872837824698,-33.9681611782893,-23.2939278020711,               937P   4814
-40.1780158467902,37.4915903152331,-11.6323341125285,                937P   4815
-41.0793445011094,36.7663684480946,-11.5718236136277,                937P   4816
-42.026760819524,35.9180220123378,-11.5042192028229,                 937P   4817
-44.0503506650446,33.8411080007694,-11.2904971821167,                937P   4818
-45.1265241921504,32.6125404249579,-11.1443795722152,                937P   4819
-48.5481805865049,28.3565059874413,-10.588256943866,                 937P   4820
-55.2640201323253,18.1512525740686,-9.20145437955508,                937P   4821
-60.6262877085929,0.0764579929956977,-8.92125645823646,              937P   4822
-63.5735443254664,-15.6681915420263,-14.0652790812424,               937P   4823
-64.7754629101175,-23.6747264569577,-17.6660374919724,               937P   4824
-65.3375038841527,-27.5841195489703,-19.4880686198388,               937P   4825
-65.5183644891161,-28.8716048520658,-20.0990209828779,               937P   4826
-65.8763608561608,-31.4396453534768,-21.3174643136256,               937P   4827
-66.0534966182422,-32.7202005517924,-21.9249552813341,               937P   4828
-66.2333939238233,-34.0094713729037,-22.5253761999619,0.,2.,0.,      937P   4829
0.5;                                                                 937P   4830
128,1,1,1,1,0,0,1,0,0,-0.824962603855965,-0.824962603855965,         939P   4831
-0.590421615201089,-0.590421615201089,0.414918459304707,             939P   4832
0.414918459304707,0.616430127372329,0.616430127372329,1.,1.,1.,      939P   4833
1.,-37.8735588479891,-28.7053149553998,-6.1,-35.5281489614403,       939P   4834
-28.7053149553998,-6.1,-37.8735588479891,-30.720431636076,-6.1,      939P   4835
-35.5281489614403,-30.720431636076,-6.1,-0.824962603855965,          939P   4836
-0.590421615201089,0.414918459304707,0.616430127372329;              939P   4837
128,1,1,1,1,0,0,1,0,0,0.24780535448166,0.24780535448166,             941P   4838
0.453413915957931,0.453413915957931,-0.878788626031661,              941P   4839
-0.878788626031661,-0.583988314416489,-0.583988314416489,1.,1.,      941P   4840
1.,1.,-48.3119141595793,-15.7682441020361,-13.9,                     941P   4841
-46.2558285448166,-15.7682441020361,-13.9,-48.3119141595793,         941P   4842
-18.7162472181878,-13.9,-46.2558285448166,-18.7162472181878,         941P   4843
-13.9,0.24780535448166,0.453413915957931,-0.878788626031661,         941P   4844
-0.583988314416489;                                                  941P   4845
128,10,17,3,3,0,0,1,0,0,0.,0.,0.,0.,0.0357142857142857,              943P   4846
0.0714285714285714,0.142857142857143,0.214285714285714,0.25,         943P   4847
0.285714285714286,0.571428571428571,1.,1.,1.,1.,                     943P   4848
1.72148097642677,1.72148097642677,1.72148097642677,                  943P   4849
1.72148097642677,1.98263894310746,2.33084956534839,                  943P   4850
2.33084956534839,2.39093469574253,2.39093469574253,                  943P   4851
2.66120889401682,2.66120889401682,3.135253849072,3.135253849072,     943P   4852
3.73398120649803,3.73398120649803,4.15532488904283,                  943P   4853
4.57666857158763,4.57666857158763,4.76323191169605,                  943P   4854
4.76323191169605,4.76323191169605,4.76323191169605,1.,1.,1.,1.,      943P   4855
1.,1.,1.,1.,1.,1.,1.,1.,1.,1.,1.,1.,1.,1.,1.,1.,1.,1.,1.,1.,1.,      943P   4856
1.,1.,1.,1.,1.,1.,1.,1.,1.,1.,1.,1.,1.,1.,1.,1.,1.,1.,1.,1.,1.,      943P   4857
1.,1.,1.,1.,1.,1.,1.,1.,1.,1.,1.,1.,1.,1.,1.,1.,1.,1.,1.,1.,1.,      943P   4858
1.,1.,1.,1.,1.,1.,1.,1.,1.,1.,1.,1.,1.,1.,1.,1.,1.,1.,1.,1.,1.,      943P   4859
1.,1.,1.,1.,1.,1.,1.,1.,1.,1.,1.,1.,1.,1.,1.,1.,1.,1.,1.,1.,1.,      943P   4860
1.,1.,1.,1.,1.,1.,1.,1.,1.,1.,1.,1.,1.,1.,1.,1.,1.,1.,1.,1.,1.,      943P   4861
1.,1.,1.,1.,1.,1.,1.,1.,1.,1.,1.,1.,1.,1.,1.,1.,1.,1.,1.,1.,1.,      943P   4862
1.,1.,1.,1.,1.,1.,1.,1.,1.,1.,1.,1.,1.,1.,1.,1.,1.,1.,1.,1.,1.,      943P   4863
1.,1.,1.,1.,1.,1.,1.,1.,1.,1.,1.,1.,1.,1.,1.,1.,1.,1.,1.,1.,1.,      943P   4864
1.,1.,1.,1.,1.,-37.5031783875258,-28.8628595861755,                  943P   4865
-11.0206012861076,-37.5023873476972,-28.8612573372914,               943P   4866
-11.0287407884847,-37.5010188216446,-28.857911740385,                943P   4867
-11.0450687566829,-37.4991512802947,-28.8506555415225,               943P   4868
-11.0778868605719,-37.498489155717,-28.8405238791294,                943P   4869
-11.1191225363429,-37.50013095477,-28.8289946073939,                 943P   4870
-11.160398382671,-37.5028608102815,-28.818946085775,                 943P   4871
-11.1933101298247,-37.5120409046841,-28.7925057554732,               943P   4872
-11.2752004328307,-37.5541318354153,-28.724290589165,                943P   4873
-11.4430715390632,-37.63914236609,-28.6399130603529,                 943P   4874
-11.5730272084201,-37.6993269304635,-28.5881430713885,               943P   4875
-11.6338358135167,-37.0065093910326,-28.0372377099002,               943P   4876
-10.8340993426371,-37.0066401928488,-28.0366641922637,               943P   4877
-10.8425257626176,-37.0070386061407,-28.0353163430412,               943P   4878
-10.8594053988085,-37.008918135846,-28.0323100928097,                943P   4879
-10.8933631216037,-37.0129436787984,-28.0275934317222,               943P   4880
-10.9359948297701,-37.019402905574,-28.0217313418285,                943P   4881
-10.978653821078,-37.02632418393,-28.0166170936562,                  943P   4882
-11.0127294430204,-37.0455828686628,-28.0022438892996,               943P   4883
-11.0973724853978,-37.110628544613,-27.9623029857615,                943P   4884
-11.2710469859817,-37.2160545011797,-27.9052312431864,               943P   4885
-11.4050148000916,-37.2886930588554,-27.8702243876352,               943P   4886
-11.4680635920778,-36.2305939869346,-25.7845476241783,               943P   4887
-10.9456515322043,-36.2313063090369,-25.7865395804538,               943P   4888
-10.9538684524212,-36.2330337349613,-25.7905113708911,               943P   4889
-10.9703608951797,-36.2376994956568,-25.7983474717032,               943P   4890
-11.0035615035174,-36.2458586014452,-25.8079429771557,               943P   4891
-11.0453351012263,-36.2571703001117,-25.817182912106,                943P   4892
-11.0871661199357,-36.2681229165808,-25.8242963121464,               943P   4893
-11.1205094973184,-36.2986358549308,-25.8416589681616,               943P   4894
-11.2033396824841,-36.3929960896089,-25.8733274636166,               943P   4895
-11.3721613279548,-36.5353951437817,-25.8899704148595,               943P   4896
-11.4943428756331,-36.6266918793492,-25.8953550262409,               943P   4897
-11.546680264985,-36.5408640951865,-23.5996270094884,                943P   4898
-11.6140288708866,-36.5404616066176,-23.6022020330913,               943P   4899
-11.6219440794865,-36.5400332109216,-23.6074794455768,               943P   4900
-11.6378857864101,-36.5403800374765,-23.6183422967827,               943P   4901
-11.6699873700239,-36.5434036249636,-23.6326099522345,               943P   4902
-11.7105188689531,-36.5499143681652,-23.6476415174333,               943P   4903
-11.7511587184393,-36.5571192905992,-23.659963967994,                943P   4904
-11.7834303600668,-36.5789258192813,-23.6914944875944,               943P   4905
-11.8636885806401,-36.6591906020705,-23.7624941276835,               943P   4906
-12.0257508295614,-36.7968643484642,-23.8275130307494,               943P   4907
-12.1328288633691,-36.8837757481806,-23.8593016247062,               943P   4908
-12.1725865180948,-37.0534273232097,-22.2969568769011,               943P   4909
-12.0963954000531,-37.0524391861015,-22.2996687429396,               943P   4910
-12.1042137840082,-37.050757451404,-22.3052501256974,                943P   4911
-12.1199330572739,-37.0486125568732,-22.3170497209949,               943P   4912
-12.1516595983598,-37.0483188940776,-22.3329708252775,               943P   4913
-12.1917035677789,-37.0513845226746,-22.3503640822606,               943P   4914
-12.2318459011821,-37.0559557149349,-22.365120636827,                943P   4915
-12.2637988350771,-37.0708165038609,-22.4031905321586,               943P   4916
-12.3429806424928,-37.1368294128683,-22.4952581815052,               943P   4917
-12.5024489269906,-37.262152805946,-22.5884279333834,                943P   4918
-12.6015234552949,-37.3427634809297,-22.636636690877,                943P   4919
-12.6359422878478,-37.1367337910047,-22.1092132769888,               943P   4920
-12.1689045028032,-37.1356530049125,-22.111933214888,                943P   4921
-12.1767071818545,-37.1337810415747,-22.1175424137915,               943P   4922
-12.1923961276314,-37.1312464633988,-22.1294361571115,               943P   4923
-12.2240656232676,-37.1304441363344,-22.1455566033972,               943P   4924
-12.2640437161462,-37.1329817176304,-22.1632575738765,               943P   4925
-12.3041222541482,-37.1371283025661,-22.1783227634202,               943P   4926
-12.3360224285207,-37.1509088051417,-22.2172733370996,               943P   4927
-12.4150637021272,-37.2146360164351,-22.312245305951,                943P   4928
-12.5741541165845,-37.3380323637413,-22.4095438366018,               943P   4929
-12.6721731649461,-37.4175718642962,-22.4600546387019,               943P   4930
-12.7057839153806,-37.6356003079956,-21.1010448571536,               943P   4931
-12.5747578488976,-37.6339999449864,-21.1037804222246,               943P   4932
-12.5824786623906,-37.6310740257076,-21.10946896351,                 943P   4933
-12.5980085394882,-37.6263509174671,-21.1217508894198,               943P   4934
-12.6293802650613,-37.6226961039692,-21.1387777125427,               943P   4935
-12.6690133611609,-37.6222543483746,-21.1579689286931,               943P   4936
-12.7087573300406,-37.6239510487073,-21.1746027389895,               943P   4937
-12.7403837028381,-37.6315596016742,-21.2179967757501,               943P   4938
-12.8186873091635,-37.6818532772121,-21.3281078721444,               943P   4939
-12.975798421073,-37.7937356061849,-21.4472008309279,                943P   4940
-13.0682042077641,-37.8667213040781,-21.5100436688477,               943P   4941
-13.097598827547,-38.1950527229174,-20.3684014901088,                943P   4942
-12.9337756337301,-38.1930284084652,-20.371011357553,                943P   4943
-12.9414368256972,-38.1892182166778,-20.376498875643,                943P   4944
-12.9568514998457,-38.1826331448543,-20.3885346338295,               943P   4945
-12.9880073520309,-38.1764488626748,-20.4056024145064,               943P   4946
-13.027392022044,-38.1732505997862,-20.4253064022181,                943P   4947
-13.0668961599568,-38.1726506356584,-20.4426257741163,               943P   4948
-13.0983246260809,-38.1743001927966,-20.4882312783731,               943P   4949
-13.1760976715614,-38.2106885539698,-20.6078529074566,               943P   4950
-13.331765903964,-38.3090685814344,-20.7427434684717,                943P   4951
-13.4200053672414,-38.3747591474421,-20.8143423189082,               943P   4952
-13.4463267491691,-40.0223142947852,-18.7117170085657,               943P   4953
-13.9707907480681,-40.0192351547453,-18.7137324079087,               943P   4954
-13.9783133770874,-40.0132354261544,-18.7181065688714,               943P   4955
-13.9934608523631,-40.0018790639929,-18.7283335139063,               943P   4956
-14.0241228077209,-39.989066684233,-18.7439050697584,                943P   4957
-14.0629471362349,-39.978397765899,-18.763239424069,                 943P   4958
-14.1019152520218,-39.9713139375743,-18.7810441931882,               943P   4959
-14.1329012452147,-39.9561502421006,-18.8288993917443,               943P   4960
-14.2094674696452,-39.9505335513342,-18.9657081052133,               943P   4961
-14.3616986913531,-40.0057005814884,-19.1347458538937,               943P   4962
-14.4390320243919,-40.0477389787451,-19.2257972154448,               943P   4963
-14.4575132464223,-41.5046140222777,-18.065984569932,                943P   4964
-14.685550980269,-41.5011498697024,-18.0672006547856,                943P   4965
-14.6930666979019,-41.4942843675235,-18.0700374119797,               943P   4966
-14.708212331628,-41.480875645918,-18.0773259657233,                 943P   4967
-14.7388958730013,-41.4648416825126,-18.0896249755629,               943P   4968
-14.7777977150564,-41.4501106303911,-18.1062733812567,               943P   4969
-14.8168649438047,-41.4393236957975,-18.1222874386847,               943P   4970
-14.8479097194671,-41.4140950330703,-18.1664061312712,               943P   4971
-14.9245706385124,-41.3801469617459,-18.3027970784415,               943P   4972
-15.0763008648577,-41.4016825862702,-18.4843688929018,               943P   4973
-15.1474358245014,-41.4257340724231,-18.5824152071409,               943P   4974
-15.161198739478,-45.0151537682709,-17.7324967755489,                943P   4975
-16.1992218002175,-45.0117285687991,-17.7320544956949,               943P   4976
-16.2068667377286,-45.0047574476662,-17.7315562050456,               943P   4977
-16.2222774753632,-44.9903177739371,-17.7322745236358,               943P   4978
-16.2535586498203,-44.9714243102357,-17.7365170008165,               943P   4979
-16.293278589436,-44.9516421332862,-17.7455287415592,                943P   4980
-16.333199748117,-44.9353848673517,-17.755877799283,                 943P   4981
-16.364926581054,-44.8944953336793,-17.7863229636449,                943P   4982
-16.4431230987102,-44.8047283550141,-17.9020706698855,               943P   4983
-16.5967841870449,-44.7452469053905,-18.0840159503205,               943P   4984
-16.658878847965,-44.724399912858,-18.1850266027844,                 943P   4985
-16.6657648819901,-47.0436838482215,-18.3989391442488,               943P   4986
-17.0194465782293,-47.0403525904527,-18.3975003092328,               943P   4987
-17.0270063804255,-47.0334533709847,-18.3949739598592,               943P   4988
-17.042257177124,-47.0186553664064,-18.3914601654268,                943P   4989
-17.0732276955011,-46.9983337180646,-18.3901493212421,               943P   4990
-17.1125938402208,-46.9757459080639,-18.3933296066072,               943P   4991
-17.1521734066672,-46.9563638768494,-18.3988870242983,               943P   4992
-17.1836096292686,-46.9063597233215,-18.4172566799518,               943P   4993
-17.2610519275884,-46.7831600816607,-18.5070277673644,               943P   4994
-17.4127651447997,-46.6744918222906,-18.6696933429525,               943P   4995
-17.4696011936963,-46.6273577733436,-18.761483432125,                943P   4996
-17.4730119950966,-49.522695642964,-20.6043159700485,                943P   4997
-18.4944679200733,-49.5203838130749,-20.6015865313232,               943P   4998
-18.5020294030917,-49.5153673107105,-20.5963497511205,               943P   4999
-18.517305492894,-49.5036743004916,-20.5868309938041,                943P   5000
-18.5484205737332,-49.4858415660498,-20.5769907378215,               943P   5001
-18.5881037541492,-49.4636872574116,-20.5703643045511,               943P   5002
-18.6280798176361,-49.4432287303751,-20.5673515992948,               943P   5003
-18.6598004770181,-49.3885489965066,-20.5633914187159,               943P   5004
-18.7377772575428,-49.2303658952259,-20.5970379187948,               943P   5005
-18.8882080575261,-49.0597001346678,-20.7069185943974,               943P   5006
-18.9260835383944,-48.9821223560487,-20.7717258243832,               943P   5007
-18.9175001704382,-51.0323945385941,-22.9917661293023,               943P   5008
-19.7175833881533,-51.031314355797,-22.9882722934398,                943P   5009
-19.725161939486,-51.02867726619,-22.9813287774764,                  943P   5010
-19.7404877760493,-51.0212663260209,-22.9677804404323,               943P   5011
-19.7717997610164,-51.0078144806405,-22.9516691130122,               943P   5012
-19.811852211915,-50.9885045476482,-22.9372239008586,                943P   5013
-19.8522692442908,-50.9691369134233,-22.9271319177639,               943P   5014
-19.8843255665203,-50.9157937544849,-22.9041326893269,               943P   5015
-19.9629314253046,-50.7395538029034,-22.8856358814834,               943P   5016
-20.1124501509208,-50.5291489810993,-22.9409435325324,               943P   5017
-20.1321927762044,-50.4333916949364,-22.9779668581738,               943P   5018
-20.1122852496424,-51.0211595498719,-25.9213154029782,               943P   5019
-20.7628965437667,-51.0214942392215,-25.9187263221258,               943P   5020
-20.770874545135,-51.0217054995387,-25.9134298786479,                943P   5021
-20.7870657241384,-51.0199307065739,-25.9022925691685,               943P   5022
-20.8202969895686,-51.0132629973682,-25.8874890782792,               943P   5023
-20.8630922845221,-51.0000491191041,-25.8717926882357,               943P   5024
-20.906481386339,-50.9846968653943,-25.8588720527874,                943P   5025
-20.9408039232952,-50.9407829371623,-25.8265665171521,               943P   5026
-21.0248430020586,-50.7647468693705,-25.758296352828,                943P   5027
-21.1795307601997,-50.5398638468836,-25.7406364309448,               943P   5028
-21.1637583983021,-50.44483060997,-25.7424383187445,                 943P   5029
-21.1252419529177,-50.357363520237,-27.9432407303566,                943P   5030
-21.1460269212153,-50.357662780327,-27.9423341300694,                943P   5031
-21.1543307557838,-50.3578317784078,-27.9402971868091,               943P   5032
-21.1711993125679,-50.3560966754348,-27.9352039251151,               943P   5033
-21.2059618724327,-50.3496489410006,-27.9267956594636,               943P   5034
-21.2508968259556,-50.3368769917905,-27.9155551365846,               943P   5035
-21.296634714085,-50.3218531164549,-27.9045656227294,                943P   5036
-21.3327794329432,-50.279256930716,-27.8751212217606,                943P   5037
-21.421291936941,-50.1034608687965,-27.779842661058,                 943P   5038
-21.5796421073493,-49.8935960540697,-27.6951138537752,               943P   5039
-21.537480236795,-49.8114475879576,-27.6660628542764,                943P   5040
-21.4868741886264,-50.0634027640655,-28.5466296926574,               943P   5041
-21.2027515191745,-50.0634682355454,-28.5463292569729,               943P   5042
-21.2111055311785,-50.0631868929332,-28.545500109908,                943P   5043
-21.228095805831,-50.0605820268337,-28.5426754720781,                943P   5044
-21.263119884758,-50.053151508329,-28.5368192076382,                 943P   5045
-21.3084568548096,-50.0395612608337,-28.5275744876886,               943P   5046
-21.3546466388258,-50.0239924212841,-28.5176279360364,               943P   5047
-21.3911131175458,-49.9802957975735,-28.490254329484,                943P   5048
-21.4804443645689,-49.804621186044,-28.3883396921419,                943P   5049
-21.6392554161063,-49.604458195209,-28.281315925569,                 943P   5050
-21.5905298049912,-49.5285652073831,-28.2419956572529,               943P   5051
-21.5372674665062,-49.6957539739128,-29.0946368010338,               943P   5052
-21.1706237093598,-49.6953750070232,-29.0949403257099,               943P   5053
-21.1789428860806,-49.6942122454656,-29.0952945896445,               943P   5054
-21.1958607104352,-49.6898987293102,-29.0947408062709,               943P   5055
-21.2307561821582,-49.6804656269775,-29.0914430024067,               943P   5056
-21.2759401387959,-49.6651440284685,-29.0842542051252,               943P   5057
-21.3219961149789,-49.6484380302483,-29.0754869046539,               943P   5058
-21.3583564195036,-49.6022775650653,-29.050498318124,                943P   5059
-21.4474333476218,-49.42675153997,-28.9433463322682,                 943P   5060
-21.6051714797394,-49.2406745612036,-28.8150912134967,               943P   5061
-21.5536766209895,-49.1725905788253,-28.7657953488699,               943P   5062
-21.4995056963692,0.,1.,1.72148097642677,4.76323191169605;           943P   5063
128,4,3,3,3,0,0,1,0,0,0.,0.,0.,0.,0.5,1.,1.,1.,1.,                   945P   5064
1.58306370074673,1.58306370074673,1.58306370074673,                  945P   5065
1.58306370074673,1.72148097642677,1.72148097642677,                  945P   5066
1.72148097642677,1.72148097642677,1.,1.,1.,1.,1.,1.,1.,1.,1.,1.,     945P   5067
1.,1.,1.,1.,1.,1.,1.,1.,1.,1.,-38.3830291575594,                     945P   5068
-30.0341082846771,-11.4949667838831,-38.3495708089317,               945P   5069
-29.994689376165,-11.5995507198863,-38.3193548809614,                945P   5070
-29.8745551735447,-11.8194990380709,-38.3832431724419,               945P   5071
-29.7001547464334,-11.9904530343671,-38.4310736305241,               945P   5072
-29.6138597609581,-12.0527148514992,-38.06900111568,                 945P   5073
-29.6951072787432,-11.2813306467882,-38.0433102653239,               945P   5074
-29.6591890044553,-11.3897626582165,-38.0309783043628,               945P   5075
-29.5504821340982,-11.6171979148336,-38.1110682599275,               945P   5076
-29.3916765001957,-11.7964801119611,-38.165712548211,                945P   5077
-29.3122449750416,-11.8630560728625,-37.7664687073022,               945P   5078
-29.3005477518888,-11.1190014975043,-37.7489778886977,               945P   5079
-29.2708260866214,-11.2308893454083,-37.7553108114432,               945P   5080
-29.1780804741373,-11.4652950922622,-37.85361040804,                 945P   5081
-29.0387825060563,-11.6514784336415,-37.916383695964,                945P   5082
-28.9683784869172,-11.7212865843821,-37.5031783875258,               945P   5083
-28.8628595861755,-11.0206012861076,-37.4921038299264,               945P   5084
-28.8404281017988,-11.1345543193877,-37.5140231971068,               945P   5085
-28.7662422742838,-11.3733707821848,-37.6291116053611,               945P   5086
-28.648541391847,-11.562892440904,-37.6993269304635,                 945P   5087
-28.5881430713885,-11.6338358135167,0.,1.,1.58306370074673,          945P   5088
1.72148097642677;                                                    945P   5089
128,4,3,3,3,0,0,1,0,0,0.,0.,0.,0.,0.5,1.,1.,1.,1.,                   947P   5090
1.32162399153823,1.32162399153823,1.32162399153823,                  947P   5091
1.32162399153823,1.58306370074673,1.58306370074673,                  947P   5092
1.58306370074673,1.58306370074673,1.,1.,1.,1.,1.,1.,1.,1.,1.,1.,     947P   5093
1.,1.,1.,1.,1.,1.,1.,1.,1.,1.,-40.1903551405685,                     947P   5094
-31.4422526322698,-13.0795596464057,-40.1221392681047,               947P   5095
-31.4018455594684,-13.1651457102406,-40.0072738512226,               947P   5096
-31.2547122116887,-13.3502005372604,-40.0051641983351,               947P   5097
-31.0221139604296,-13.4725981593925,-40.0273725225522,               947P   5098
-30.9131685267698,-13.5079364379477,-39.5921564244956,               947P   5099
-31.1152424686231,-12.4682680750094,-39.5318153698269,               947P   5100
-31.0703544638854,-12.5583038782062,-39.4389931282138,               947P   5101
-30.9237786517906,-12.7504778855312,-39.4518482842991,               947P   5102
-30.7038286559517,-12.886722650922,-39.4786624030593,                947P   5103
-30.5984338510599,-12.9306349119384,-38.9762002912502,               947P   5104
-30.6744541976931,-11.898388263249,-38.9280975197145,                947P   5105
-30.62845291986,-11.9957268494006,-38.8640311279974,                 947P   5106
-30.4868881296205,-12.2016341271036,-38.897446862083,                947P   5107
-30.28304139844,-12.3568504619168,-38.9324025325536,                 947P   5108
-30.1838018694368,-12.4110002115908,-38.3830291575594,               947P   5109
-30.0341082846771,-11.4949667838831,-38.3495708089317,               947P   5110
-29.994689376165,-11.5995507198863,-38.319230304559,                 947P   5111
-29.8746270118859,-11.8195638973981,-38.383243172442,                947P   5112
-29.7001547464334,-11.9904530343671,-38.4310736305241,               947P   5113
-29.6138597609581,-12.0527148514992,0.,1.,1.32162399153823,          947P   5114
1.58306370074673;                                                    947P   5115
128,13,7,3,3,0,0,1,0,0,0.,0.,0.,0.,0.0178571428571429,               949P   5116
0.0357142857142857,0.0714285714285714,0.142857142857143,             949P   5117
0.285714285714286,0.428571428571429,0.571428571428571,               949P   5118
0.785714285714286,0.857142857142857,0.928571428571429,1.,1.,1.,      949P   5119
1.,4.76336837742274,4.76336837742274,4.76336837742274,               949P   5120
4.76336837742274,4.99083645184207,5.33203856347108,                  949P   5121
5.33203856347108,5.63322008566703,6.08499236896097,                  949P   5122
6.08499236896097,6.08499236896097,6.08499236896097,1.,1.,1.,1.,      949P   5123
1.,1.,1.,1.,1.,1.,1.,1.,1.,1.,1.,1.,1.,1.,1.,1.,1.,1.,1.,1.,1.,      949P   5124
1.,1.,1.,1.,1.,1.,1.,1.,1.,1.,1.,1.,1.,1.,1.,1.,1.,1.,1.,1.,1.,      949P   5125
1.,1.,1.,1.,1.,1.,1.,1.,1.,1.,1.,1.,1.,1.,1.,1.,1.,1.,1.,1.,1.,      949P   5126
1.,1.,1.,1.,1.,1.,1.,1.,1.,1.,1.,1.,1.,1.,1.,1.,1.,1.,1.,1.,1.,      949P   5127
1.,1.,1.,1.,1.,1.,1.,1.,1.,1.,1.,1.,1.,1.,1.,1.,1.,1.,1.,1.,1.,      949P   5128
1.,1.,1.,-49.6957539739128,-29.0946368010338,-21.1706237093598,      949P   5129
-49.695564490468,-29.0947885633718,-21.1747832977202,                949P   5130
-49.6950732273707,-29.0950218179613,-21.1831777705457,               949P   5131
-49.6936263448941,-29.0951952026422,-21.2002400273834,               949P   5132
-49.6897862341095,-29.0946684805042,-21.2308028047195,               949P   5133
-49.6765552744164,-29.090034838331,-21.294057265617,                 949P   5134
-49.6389530795095,-29.0710698033449,-21.3873626272138,               949P   5135
-49.5611248184154,-29.0254584269325,-21.4856433325875,               949P   5136
-49.4409852967965,-28.9499548185777,-21.5613427711542,               949P   5137
-49.329345708737,-28.8756144115432,-21.5693527715925,                949P   5138
-49.2507642239309,-28.8213453928725,-21.5460239132734,               949P   5139
-49.2084320470876,-28.7915816216278,-21.5255681515258,               949P   5140
-49.1839379092217,-28.7740113263077,-21.508534183806,                949P   5141
-49.1725905788253,-28.7657953488699,-21.4995056963692,               949P   5142
-49.2475219112254,-29.7627591045314,-21.1314539504795,               949P   5143
-49.2470745130316,-29.763285981836,-21.1356036638168,                949P   5144
-49.2460656350481,-29.7642592433402,-21.1439732000876,               949P   5145
-49.2436013864358,-29.7658903261335,-21.1609954963921,               949P   5146
-49.2380078900097,-29.7678177530914,-21.1914807170933,               949P   5147
-49.221495880402,-29.7676558140967,-21.2546218963009,                949P   5148
-49.1801437184352,-29.7531218934278,-21.3478122603922,               949P   5149
-49.1006646483218,-29.7075438928424,-21.4457757252666,               949P   5150
-48.9830669622962,-29.624815763902,-21.5203726625615,                949P   5151
-48.8784450575206,-29.5381011236595,-21.5264692059401,               949P   5152
-48.8073175468613,-29.4727917523192,-21.501575210293,                949P   5153
-48.7696670875148,-29.4364231837286,-21.4802142383944,               949P   5154
-48.7483738044928,-29.4146729754589,-21.462738896527,                949P   5155
-48.7385914843185,-29.4044043216097,-21.4534670949307,               949P   5156
-47.8431290995453,-31.2113781611259,-20.6726273526756,               949P   5157
-47.8415163812189,-31.2126184456275,-20.6764205443642,               949P   5158
-47.8381875116034,-31.215011216379,-20.6840751296411,                949P   5159
-47.8311108880699,-31.2194155672686,-20.6996243017306,               949P   5160
-47.8175798201913,-31.226032901707,-20.7274595082293,                949P   5161
-47.7859622076123,-31.2343362801695,-20.7849946507242,               949P   5162
-47.7271185974291,-31.2281692862343,-20.8696924631138,               949P   5163
-47.6397486964677,-31.1828737754252,-20.9591598002469,               949P   5164
-47.5324415822379,-31.0868704540106,-21.029352335822,                949P   5165
-47.4545504108461,-30.9759155719392,-21.0393342354644,               949P   5166
-47.4092089394048,-30.8874683004146,-21.020318225052,                949P   5167
-47.3873507046155,-30.8370200207995,-21.0029174168011,               949P   5168
-47.3763548914577,-30.8059640499445,-20.9880812301377,               949P   5169
-47.3716314285291,-30.7911810720031,-20.9801728896208,               949P   5170
-46.3073424236905,-31.8696648588214,-19.4872007328507,               949P   5171
-46.3048706866784,-31.8705538765099,-19.4904666926889,               949P   5172
-46.299842367065,-31.8722244914134,-19.4970440645251,                949P   5173
-46.2894680002449,-31.87513614568,-19.510376500477,                  949P   5174
-46.2704495343112,-31.8789980236786,-19.5341391744739,               949P   5175
-46.2292312377731,-31.8814134254483,-19.5829756342885,               949P   5176
-46.1620258754719,-31.866583979942,-19.6542543433812,                949P   5177
-46.0759546697269,-31.8139385464606,-19.731004615443,                949P   5178
-45.9821439249701,-31.7147223201398,-19.7967890285526,               949P   5179
-45.9229552067075,-31.6036690327377,-19.8173942905801,               949P   5180
-45.8930373616653,-31.5128010733487,-19.8124690373901,               949P   5181
-45.8802575128321,-31.4601432004039,-19.8041888201888,               949P   5182
-45.8750571717998,-31.4270885665958,-19.7956422281641,               949P   5183
-45.8731580668231,-31.4111867889824,-19.7907923097273,               949P   5184
-44.7096276388647,-32.2864163824789,-18.0103177137422,               949P   5185
-44.7066362748654,-32.2867703903476,-18.0132204816926,               949P   5186
-44.700596722823,-32.2873649803706,-18.0190587231663,                949P   5187
-44.688322496825,-32.2881035380879,-18.0308634514021,                949P   5188
-44.6663192985938,-32.2881300097908,-18.0518256709828,               949P   5189
-44.6205898337642,-32.2828831162,-18.0946660143978,                  949P   5190
-44.5517882494982,-32.2581185336821,-18.1567652037218,               949P   5191
-44.4717047901182,-32.1980475083443,-18.2249382041828,               949P   5192
-44.3914018496443,-32.0962923182421,-18.2878450858786,               949P   5193
-44.3461601046603,-31.986679766049,-18.3162583593939,                949P   5194
-44.3267061877553,-31.8953541723533,-18.3224353036139,               949P   5195
-44.3199102131571,-31.841780916198,-18.3216050182472,                949P   5196
-44.3184326987911,-31.8075444347777,-18.3183002351329,               949P   5197
-44.3183544392408,-31.7909454154188,-18.3160793342059,               949P   5198
-42.9112230588836,-32.4352997788581,-16.1192154071688,               949P   5199
-42.9079767553781,-32.4348867499908,-16.1218785109342,               949P   5200
-42.9014703579758,-32.4339538373247,-16.1272289983202,               949P   5201
-42.8884025277575,-32.431638195137,-16.1380128412789,                949P   5202
-42.8654364193245,-32.4263908318805,-16.1570887213914,               949P   5203
-42.8193852479308,-32.4109482477006,-16.1958165345775,               949P   5204
-42.755055228349,-32.3739733006867,-16.251583417679,                 949P   5205
-42.6865104309426,-32.3058294158215,-16.3142537340366,               949P   5206
-42.6231521899875,-32.2029956146611,-16.3767486184276,               949P   5207
-42.5916965446802,-32.0981190029017,-16.4136467083363,               949P   5208
-42.5812565187136,-32.0095058171076,-16.4311791393918,               949P   5209
-42.5792832644781,-31.9568795770909,-16.4379563729723,               949P   5210
-42.5806964570682,-31.9227634899156,-16.4400426159783,               949P   5211
-42.5819764000064,-31.9060254229151,-16.4405348542155,               949P   5212
-41.2243061236267,-32.0074801307533,-14.1356507110157,               949P   5213
-41.2213892055988,-32.006307993717,-14.1384392236761,                949P   5214
-41.2155545194401,-32.0038544762518,-14.1440287805851,               949P   5215
-41.203960916087,-31.9985963478153,-14.1552775559244,                949P   5216
-41.1838095868734,-31.9883508089312,-14.1750965669181,               949P   5217
-41.144494909882,-31.9639491923067,-14.2151770235567,                949P   5218
-41.0920676154843,-31.917366391186,-14.2726456877048,                949P   5219
-41.0394548715005,-31.8443419375273,-14.3384147774847,               949P   5220
-40.9934932158578,-31.7424022293267,-14.4071191631814,               949P   5221
-40.9729760180903,-31.6423650126392,-14.4532332369246,               949P   5222
-40.9687472116213,-31.5575039652672,-14.4810772382247,               949P   5223
-40.9698414765371,-31.5068428417468,-14.494656450683,                949P   5224
-40.9726554390062,-31.4733485263336,-14.5015753779966,               949P   5225
-40.9746611594117,-31.4569315784096,-14.5045449296725,               949P   5226
-40.1903551405685,-31.4422526322698,-13.0795596464057,               949P   5227
-40.1879188594091,-31.4408095225269,-13.0826162915427,               949P   5228
-40.1830719995563,-31.4378464600495,-13.0887449906712,               949P   5229
-40.1734885693015,-31.4316124906693,-13.1010571780461,               949P   5230
-40.1570264396504,-31.4198880728818,-13.122732531367,                949P   5231
-40.125495210936,-31.3931835638032,-13.1664478096319,                949P   5232
-40.0853190491336,-31.3457139387285,-13.2291071726953,               949P   5233
-40.0475647571999,-31.2749182924818,-13.3015445617511,               949P   5234
-40.0179684804232,-31.1789397702327,-13.3792830982403,               949P   5235
-40.0095147332485,-31.086493562704,-13.4351495327478,                949P   5236
-40.0133700397495,-31.0075613264835,-13.4723515354743,               949P   5237
-40.0187192303442,-30.9601184172226,-13.4918377749409,               949P   5238
-40.0241999048069,-30.9287321601498,-13.5028881124398,               949P   5239
-40.0273725225522,-30.9131685267698,-13.5079364379477,0.,1.,         949P   5240
4.76336837742274,6.08499236896097;                                   949P   5241
128,1,1,1,1,0,0,1,0,0,0.572079534575848,0.572079534575848,           951P   5242
0.866902519696177,0.866902519696177,0.403006972871636,               951P   5243
0.403006972871636,0.643666227177028,0.643666227177028,1.,1.,1.,      951P   5244
1.,-52.4468001969618,-28.5862000910691,-18.6,-49.4985703457585,      951P   5245
-28.5862000910691,-18.6,-52.4468001969618,-30.992792634123,          951P   5246
-18.6,-49.4985703457585,-30.992792634123,-18.6,                      951P   5247
0.572079534575848,0.866902519696177,0.403006972871636,               951P   5248
0.643666227177028;                                                   951P   5249
128,1,1,1,1,0,0,1,0,0,-0.0971592806073335,-0.0971592806073335,       953P   5250
0.199155512238588,0.199155512238588,0.148840055556076,               953P   5251
0.148840055556076,1.20100000000218,1.20100000000218,1.,1.,1.,1.,     953P   5252
-47.3428990198329,-18.7899996094733,-3.39000152304843,               953P   5253
-48.5481198611915,-16.0830292791063,-3.39000152304843,               953P   5254
-47.1751471980811,-18.7153116864166,-13.9099984769516,               953P   5255
-48.3803680394396,-16.0083413560496,-13.9099984769516,               953P   5256
-0.0971592806073335,0.199155512238588,0.148840055556076,             953P   5257
1.20100000000218;                                                    953P   5258
128,1,1,1,1,0,0,1,0,0,-0.0193278179249324,-0.0193278179249324,       955P   5259
0.119327817924934,0.119327817924934,0.148840055556076,               955P   5260
0.148840055556076,1.20099999999782,1.20099999999782,1.,1.,1.,1.,     955P   5261
-48.5530994990029,-16.0960016791151,-3.39000152304844,               955P   5262
-47.286417235931,-15.532038400424,-3.39000152304844,                 955P   5263
-48.4784115759466,-16.2637535008663,-13.909998476908,                955P   5264
-47.2117293128747,-15.6997902221751,-13.909998476908,                955P   5265
-0.0193278179249324,0.119327817924934,0.148840055556076,             955P   5266
1.20099999999782;                                                    955P   5267
128,1,1,1,1,0,0,1,0,0,-0.0193278179249312,-0.0193278179249312,       957P   5268
0.27698697492099,0.27698697492099,0.148840055556076,                 957P   5269
0.148840055556076,1.20100000000218,1.20100000000218,1.,1.,1.,1.,     957P   5270
-47.2993896359399,-15.5270587626125,-3.39000152304844,               957P   5271
-46.0941687945814,-18.2340290929795,-3.39000152304844,               957P   5272
-47.4671414576917,-15.6017466856692,-13.9099984769516,               957P   5273
-46.2619206163332,-18.3087170160362,-13.9099984769516,               957P   5274
-0.0193278179249312,0.27698697492099,0.148840055556076,              957P   5275
1.20100000000218;                                                    957P   5276
128,1,1,1,1,0,0,1,0,0,-0.0835125014880106,-0.0835125014880106,       959P   5277
0.135532945691777,0.135532945691777,0.148958871425966,               959P   5278
0.148958871425966,0.421000000006533,0.421000000006533,1.,1.,1.,      959P   5279
1.,-37.3015433485784,-28.6701967617808,-3.39000152304844,            959P   5280
-35.4644736526571,-29.8632037715452,-3.39000152304844,               959P   5281
-37.3274015700555,-28.71001493106,-6.10999847703868,                 959P   5282
-35.4903318741342,-29.9030219408244,-6.10999847703868,               959P   5283
-0.0835125014880106,0.135532945691777,0.148958871425966,             959P   5284
0.421000000006533;                                                   959P   5285
128,1,1,1,1,0,0,1,0,0,-0.00571286778031565,-0.00571286778031565,     961P   5286
0.105712867780317,0.105712867780317,0.149831624672377,               961P   5287
0.149831624672377,0.421872753248588,0.421872753248588,1.,1.,1.,      961P   5288
1.,-35.4673626524082,-29.8496120963298,-3.39000152304844,            961P   5289
-36.074230703324,-30.7841069455935,-3.39000152304844,                961P   5290
-35.5071808216868,-29.823753874853,-6.10999847699512,                961P   5291
-36.1140488726026,-30.7582487241167,-6.10999847699512,               961P   5292
-0.00571286778031565,0.105712867780317,0.149831624672377,            961P   5293
0.421872753248588;                                                   961P   5294
128,1,1,1,1,0,0,1,0,0,0.044294748621879,0.044294748621879,           963P   5295
0.263340195801667,0.263340195801667,0.148958871423496,               963P   5296
0.148958871423496,0.421000000006534,0.421000000006534,1.,1.,1.,      963P   5297
1.,-36.0606390281089,-30.7812179458427,-3.39000152302374,            963P   5298
-37.8977087240302,-29.5882109360784,-3.39000152302374,               963P   5299
-36.0347808066315,-30.7413997765631,-6.10999847703868,               963P   5300
-37.8718505025528,-29.5483927667988,-6.10999847703868,               963P   5301
0.044294748621879,0.263340195801667,0.148958871423496,               963P   5302
0.421000000006534;                                                   963P   5303
128,1,8,1,2,0,1,0,0,1,0.453402388709946,0.453402388709946,           965P   5304
2.82717489163843,2.82717489163843,-3.14159265358979,                 965P   5305
-3.14159265358979,-3.14159265358979,-1.5707963267949,                965P   5306
-1.5707963267949,0.,0.,1.5707963267949,1.5707963267949,              965P   5307
3.14159265358979,3.14159265358979,3.14159265358979,1.,1.,            965P   5308
0.707106781186548,0.707106781186548,1.,1.,0.707106781186548,         965P   5309
0.707106781186548,1.,1.,0.707106781186548,0.707106781186548,1.,      965P   5310
1.,0.707106781186548,0.707106781186548,1.,1.,-50.9077174604138,      965P   5311
-25.117067,-21.2005822440653,-51.2184277792445,-25.117067,           965P   5312
-3.39999999997531,-50.9077174604138,-17.9871245395862,               965P   5313
-21.2005822440653,-51.2184277792445,-17.6764142207555,               965P   5314
-3.39999999997531,-43.777775,-17.9871245395862,                      965P   5315
-21.2005822440653,-43.777775,-17.6764142207555,                      965P   5316
-3.39999999997531,-36.6478325395862,-17.9871245395862,               965P   5317
-21.2005822440653,-36.3371222207555,-17.6764142207555,               965P   5318
-3.39999999997531,-36.6478325395862,-25.117067,                      965P   5319
-21.2005822440653,-36.3371222207555,-25.117067,                      965P   5320
-3.39999999997531,-36.6478325395862,-32.2470094604139,               965P   5321
-21.2005822440653,-36.3371222207555,-32.5577197792445,               965P   5322
-3.39999999997531,-43.777775,-32.2470094604139,                      965P   5323
-21.2005822440653,-43.777775,-32.5577197792445,                      965P   5324
-3.39999999997531,-50.9077174604138,-32.2470094604139,               965P   5325
-21.2005822440653,-51.2184277792445,-32.5577197792445,               965P   5326
-3.39999999997531,-50.9077174604138,-25.117067,                      965P   5327
-21.2005822440653,-51.2184277792445,-25.117067,                      965P   5328
-3.39999999997531,0.453402388709946,2.82717489163843,                965P   5329
-3.14159265358979,3.14159265358979;                                  965P   5330
128,1,1,1,1,0,0,1,0,0,-0.105382925286834,-0.105382925286834,         967P   5331
0.207359395335051,0.207359395335051,0.148768461352923,               967P   5332
0.148768461352923,1.67100000006098,1.67100000006098,1.,1.,1.,1.,     967P   5333
-49.3555865856686,-29.6520842036084,-3.39000152304844,               967P   5334
-51.9784643822339,-31.355400960727,-3.39000152304844,                967P   5335
-49.5002786786355,-29.4292779191077,-18.6099984777647,               967P   5336
-52.1231564752008,-31.1325946762263,-18.6099984777647,               967P   5337
-0.105382925286834,0.207359395335051,0.148768461352923,              967P   5338
1.67100000006098;                                                    967P   5339
128,1,1,1,1,0,0,1,0,0,-0.0275317010213929,-0.0275317010213929,       969P   5340
0.127531701021396,0.127531701021396,0.148768461352922,               969P   5341
0.148768461352922,1.67100000006098,1.67100000006098,1.,1.,1.,1.,     969P   5342
-51.9648727070185,-31.3582899604782,-3.39000152304843,               969P   5343
-52.8094085235658,-30.0578188458904,-3.39000152304843,               969P   5344
-51.7420664225177,-31.2135978675113,-18.6099984777647,               969P   5345
-52.5866022390651,-29.9131267529235,-18.6099984777647,               969P   5346
-0.0275317010213929,0.127531701021396,0.148768461352922,             969P   5347
1.67100000006098;                                                    969P   5348
128,1,1,1,1,0,0,1,0,0,-0.0275317010213946,-0.0275317010213946,       971P   5349
0.285210619600491,0.285210619600491,0.148768461352922,               971P   5350
0.148768461352922,1.67100000006098,1.67100000006098,1.,1.,1.,1.,     971P   5351
-52.8122975233169,-30.0714105211058,-3.39000152304843,               971P   5352
-50.1894197267516,-28.3680937639872,-3.39000152304843,               971P   5353
-52.66760543035,-30.2942168056066,-18.6099984777647,                 971P   5354
-50.0447276337847,-28.590900048488,-18.6099984777647,                971P   5355
-0.0275317010213946,0.285210619600491,0.148768461352922,             971P   5356
1.67100000006098;                                                    971P   5357
128,1,1,1,1,0,0,1,0,0,0.204800309955394,0.204800309955394,           973P   5358
0.310286982617398,0.310286982617398,-0.0723250448410484,             973P   5359
-0.0723250448410484,0.0723250448410485,0.0723250448410485,1.,1.,     973P   5360
1.,1.,-40.0552274043155,-28.1416519087996,3.93314321215601,          973P   5361
-39.0003606776955,-28.1416519087996,3.93314321215601,                973P   5362
-40.0552274043155,-27.1099344955159,4.94700909265057,                973P   5363
-39.0003606776955,-27.1099344955159,4.94700909265057,                973P   5364
0.204800309955394,0.310286982617398,-0.0723250448410484,             973P   5365
0.0723250448410485;                                                  973P   5366
128,1,1,1,1,0,0,1,0,0,0.389091100773889,0.389091100773889,           975P   5367
0.491087292360549,0.491087292360549,-0.308426741776502,              975P   5368
-0.308426741776502,0.093573258223497,0.093573258223497,1.,1.,1.,     975P   5369
1.,-40.037775,-27.127067,4.94,-39.0178130841334,-27.127067,4.94,     975P   5370
-40.037775,-23.107067,4.94,-39.0178130841334,-23.107067,4.94,        975P   5371
0.389091100773889,0.491087292360549,-0.308426741776502,              975P   5372
0.093573258223497;                                                   975P   5373
128,1,1,1,1,0,0,1,0,0,0.129800309955394,0.129800309955394,           977P   5374
0.235286982617397,0.235286982617397,-0.0723250448410484,             977P   5375
-0.0723250448410484,0.0723250448410485,0.0723250448410485,1.,1.,     977P   5376
1.,1.,-40.0552274043155,-23.1241995044841,4.94700909265057,          977P   5377
-39.0003606776955,-23.1241995044841,4.94700909265057,                977P   5378
-40.0552274043155,-22.0924820912004,3.93314321215601,                977P   5379
-39.0003606776955,-22.0924820912004,3.93314321215601,                977P   5380
0.129800309955394,0.235286982617397,-0.0723250448410484,             977P   5381
0.0723250448410485;                                                  977P   5382
128,14,16,3,3,0,0,1,0,0,0.,0.,0.,0.,0.125,0.125,0.25,0.25,0.5,       979P   5383
1.,1.5,1.75,1.75,1.875,1.875,2.,2.,2.,2.,-0.0956244567610701,        979P   5384
-0.0956244567610701,-0.0956244567610701,-0.0956244567610701,0.,      979P   5385
0.,0.,0.03125,0.03125,0.0625,0.0625,0.125,0.25,0.375,0.375,          979P   5386
0.4375,0.4375,0.5,0.5,0.5,0.5,1.,1.,1.,1.,1.,1.,1.,1.,1.,1.,1.,      979P   5387
1.,1.,1.,1.,1.,1.,1.,1.,1.,1.,1.,1.,1.,1.,1.,1.,1.,1.,1.,1.,1.,      979P   5388
1.,1.,1.,1.,1.,1.,1.,1.,1.,1.,1.,1.,1.,1.,1.,1.,1.,1.,1.,1.,1.,      979P   5389
1.,1.,1.,1.,1.,1.,1.,1.,1.,1.,1.,1.,1.,1.,1.,1.,1.,1.,1.,1.,1.,      979P   5390
1.,1.,1.,1.,1.,1.,1.,1.,1.,1.,1.,1.,1.,1.,1.,1.,1.,1.,1.,1.,1.,      979P   5391
1.,1.,1.,1.,1.,1.,1.,1.,1.,1.,1.,1.,1.,1.,1.,1.,1.,1.,1.,1.,1.,      979P   5392
1.,1.,1.,1.,1.,1.,1.,1.,1.,1.,1.,1.,1.,1.,1.,1.,1.,1.,1.,1.,1.,      979P   5393
1.,1.,1.,1.,1.,1.,1.,1.,1.,1.,1.,1.,1.,1.,1.,1.,1.,1.,1.,1.,1.,      979P   5394
1.,1.,1.,1.,1.,1.,1.,1.,1.,1.,1.,1.,1.,1.,1.,1.,1.,1.,1.,1.,1.,      979P   5395
1.,1.,1.,1.,1.,1.,1.,1.,1.,1.,1.,1.,1.,1.,1.,1.,1.,1.,1.,1.,1.,      979P   5396
1.,1.,1.,1.,1.,1.,1.,1.,1.,1.,1.,1.,1.,1.,1.,1.,1.,1.,1.,1.,1.,      979P   5397
1.,1.,1.,1.,1.,1.,1.,1.,1.,1.,1.,1.,1.,1.,1.,1.,1.,1.,1.,1.,1.,      979P   5398
1.,1.,1.,1.,1.,1.,1.,1.,1.,1.,1.,1.,1.,-10.237903830958,             979P   5399
39.8233041493438,-15.1738040865894,-11.120125941105,                 979P   5400
38.812837207446,-16.1440950447615,-12.021151100051,                  979P   5401
37.469757154073,-16.9310979501674,-13.8259372826313,                 979P   5402
34.3094289254226,-18.17380389192,-14.7296983062657,                  979P   5403
32.4921807501452,-18.6295069282668,-17.3927798248363,                979P   5404
26.6157711930257,-19.5525805884278,-22.5261366526486,                979P   5405
13.1642919536372,-19.6225861132325,-28.0254863444375,                979P   5406
-6.28465467499644,-12.9751271987001,-29.8627582127292,               979P   5407
-21.468925359524,-10.3284568539607,-30.0798340042013,                979P   5408
-28.7658187313489,-6.57573811656859,-30.3366625330901,               979P   5409
-32.3500211699301,-4.43905225362298,-30.4137940348824,               979P   5410
-33.5952420491313,-3.64317237786231,-31.0992716508763,               979P   5411
-37.1815430689129,-1.53184443150801,-31.5305314602471,               979P   5412
-39.2216278125656,-0.312089260838689,-30.9320933936665,              979P   5413
-40.0783828289816,3.45193724725152,-11.9070659815375,                979P   5414
39.6416133482331,-15.1660292257803,-12.7812729945259,                979P   5415
38.6420355120701,-16.1031918251461,-13.6795250320785,                979P   5416
37.3139547795861,-16.8671079818859,-15.4867020445143,                979P   5417
34.1873760156271,-18.0789279861842,-16.3956270193977,                979P   5418
32.388877984152,-18.5268318337426,-19.0822856823479,                 979P   5419
26.5676406817162,-19.4422457767511,-24.2951379614489,                979P   5420
13.222193244802,-19.5598832641013,-29.9358731514452,                 979P   5421
-6.33977369123018,-13.0188283139038,-31.7257409912949,               979P   5422
-21.1030673151526,-10.9348310012674,-32.0220928742528,               979P   5423
-28.3683175907763,-7.78289785133376,-32.296285030031,                979P   5424
-32.002443902395,-6.01336783523858,-32.4068267867166,                979P   5425
-33.2799141758382,-5.38042950828866,-33.0316461283294,               979P   5426
-36.6303015921079,-3.7935190877022,-33.4278661767028,                979P   5427
-38.5025551369826,-2.90334226068187,-33.0652269949552,               979P   5428
-39.4635376571832,-0.305128348141851,-13.5762281321169,              979P   5429
39.4599225471224,-15.1582543649711,-14.4424200479468,                979P   5430
38.4712338166941,-16.0622886055307,-15.3378989641059,                979P   5431
37.1581524050992,-16.8031180136044,-17.1474668063973,                979P   5432
34.0653231058315,-17.9840520804483,-18.0615557325297,                979P   5433
32.2855752181588,-18.4241567392184,-20.7717915398594,                979P   5434
26.5195101704067,-19.3319109650745,-26.0641392702491,                979P   5435
13.2800945359668,-19.4971804149701,-31.8462599584529,                979P   5436
-6.39489270746392,-13.0625294291075,-33.5887237698606,               979P   5437
-20.7372092707813,-11.5412051485741,-33.9643517443044,               979P   5438
-27.9708164502038,-8.99005758609893,-34.2559075269719,               979P   5439
-31.6548666348599,-7.58768341685419,-34.3998595385507,               979P   5440
-32.9645863025451,-7.11768663871502,-34.9640206057825,               979P   5441
-36.0790601153029,-6.0551937438964,-35.3252008931585,                979P   5442
-37.7834824613997,-5.49459526052504,-35.1983605962438,               979P   5443
-38.8486924853848,-4.06219394353522,-15.2453902826964,               979P   5444
39.2782317460117,-15.150479504162,-16.1035671013678,                 979P   5445
38.3004321213181,-16.0213853859152,-16.9962728961333,                979P   5446
37.0023500306122,-16.739128045323,-18.8082315682803,                 979P   5447
33.943270196036,-17.8891761747124,-19.7274844456618,                 979P   5448
32.1822724521656,-18.3214816446942,-22.461297397371,                 979P   5449
26.4713796590971,-19.2215761533978,-27.8331405790494,                979P   5450
13.3379958271317,-19.434477565839,-33.7566467654605,                 979P   5451
-6.45001172369767,-13.1062305443112,-35.4517065484262,               979P   5452
-20.37135122641,-12.1475792958807,-35.9066106143559,                 979P   5453
-27.5733153096312,-10.1972173208641,-36.2155300239128,               979P   5454
-31.3072893673248,-9.16199899846979,-36.3928922903849,               979P   5455
-32.6492584292519,-8.85494376914138,-36.8963950832356,               979P   5456
-35.5278186384979,-8.31686840009059,-37.2225356096142,               979P   5457
-37.0644097858167,-8.08584826036822,-37.3314941975324,               979P   5458
-38.2338473135864,-7.81925953892859,-15.7908712085221,               979P   5459
39.2188553299041,-15.1479386855418,-16.6464286995163,                979P   5460
38.2446142567122,-16.0080182447437,-17.5382282403121,                979P   5461
36.9514339327056,-16.7182161721838,-19.350968233844,                 979P   5462
33.9033833976133,-17.8581708006202,-20.2719086865801,                979P   5463
32.1485131865276,-18.2879275016165,-23.0134266312045,                979P   5464
26.4556506444772,-19.1855188205597,-28.411248866118,                 979P   5465
13.3569179252035,-19.4139863222626,-34.3809597261936,                979P   5466
-6.46802457643061,-13.1205120356407,-36.0605279085898,               979P   5467
-20.251789094777,-12.3457419076766,-36.5413393411373,                979P   5468
-27.4434122381405,-10.5917162073328,-36.8559331708024,               979P   5469
-31.1937013797077,-9.67648413743809,-37.0442138832536,               979P   5470
-32.5462095192327,-9.42267808277489,-37.5278935980067,               979P   5471
-35.3476733416394,-9.05598196371234,-37.8425831570464,               979P   5472
-36.8294173803894,-8.93266777692171,-38.0286006418266,               979P   5473
-38.0329163774065,-9.04706572819042,-16.3620944012949,               979P   5474
39.1562968284531,-15.1426512018824,-17.2109545593397,                979P   5475
38.1860844464747,-15.9904473451784,-18.0982000928696,                979P   5476
36.898185544056,-16.6922899017586,-19.9052207461213,                 979P   5477
33.8618234799751,-17.8215173517566,-20.8249958658431,                979P   5478
32.113360318313,-18.2489022451744,-23.5667538571287,                 979P   5479
26.4393376169175,-19.1455446960872,-28.9800003681811,                979P   5480
13.3767593484897,-19.3967806805512,-34.9962606423064,                979P   5481
-6.47834186217007,-13.1522333506503,-36.6757225662359,               979P   5482
-20.125711084175,-12.5770151743059,-37.1755652414201,                979P   5483
-27.3118253159055,-11.0393976719722,-37.5177593306282,               979P   5484
-31.1152630566741,-10.2758646494831,-37.6472028189669,               979P   5485
-32.4181390744141,-10.0222329300997,-38.0740563326191,               979P   5486
-35.1453702779555,-9.81751482240046,-38.3262619871665,               979P   5487
-36.4896360347139,-9.86818902458551,-38.7152544016626,               979P   5488
-37.7992159599712,-10.3593935504126,-17.5507066032196,               979P   5489
39.0287023230562,-15.1272644280111,-18.3819713100152,                979P   5490
38.0662113187662,-15.9495408298448,-19.2565030659634,                979P   5491
36.7887740767586,-16.6340029080604,-21.0457609847562,                979P   5492
33.7760302223977,-17.7409853155607,-21.9604871476008,                979P   5493
32.0407236100444,-18.1635056448455,-24.6954477093663,                979P   5494
26.4060343751,-19.058684356762,-30.1284971258239,                    979P   5495
13.4215783136734,-19.3595126768434,-36.2188394666979,                979P   5496
-6.47318344102636,-13.2344615898863,-37.9205818235739,               979P   5497
-19.8633858122109,-13.0824542790216,-38.4686369719144,               979P   5498
-27.0340955584337,-12.0339974372466,-38.8170333643522,               979P   5499
-30.8271165276675,-11.5996262313272,-38.9455602982094,               979P   5500
-32.1260678667659,-11.4698120318487,-39.3544295448155,               979P   5501
-34.7747945262567,-11.6110033141385,-39.6741314180092,               979P   5502
-36.0850689217305,-11.9481245026835,-40.1818925770299,               979P   5503
-37.3162824273175,-12.8547379764245,-18.1680956123716,               979P   5504
38.9636663191103,-15.1171651377991,-18.9884622008674,                979P   5505
38.0048680012952,-15.9262052140765,-19.8548341864997,                979P   5506
36.7326109981109,-16.6016421847872,-21.6320487111138,                979P   5507
33.7317968824584,-17.6971067282284,-22.5428912500956,                979P   5508
32.0032397699903,-18.1171343009588,-25.2708143356797,                979P   5509
26.3890441608421,-19.0117981419093,-30.7082423814036,                979P   5510
13.4465558555709,-19.3394503148471,-36.8261173749765,                979P   5511
-6.45770773414317,-13.2849685141125,-38.5502464232659,               979P   5512
-19.7271385508487,-13.3566201171079,-39.127482802126,                979P   5513
-26.8879527231968,-12.5809157378817,-39.5314009646782,               979P   5514
-30.6381565791617,-12.4009946359588,-39.675326730161,                979P   5515
-31.9415726740711,-12.3526824839858,-40.1426585253145,               979P   5516
-34.5430792867681,-12.702602067935,-40.3346151900057,                979P   5517
-35.8666372969911,-12.9995170600704,-40.9618769925612,               979P   5518
-37.0670493120992,-14.0377545802141,-20.0815332881232,               979P   5519
38.7706720558184,-15.0806718426224,-20.8688371814858,                979P   5520
37.8205333640769,-15.8515154933434,-21.7108558269091,                979P   5521
36.5623745644025,-16.5002998482811,-23.4524699922868,                979P   5522
33.5960959533834,-17.5607397751387,-24.3520655122412,                979P   5523
31.8879761420388,-17.9723953470586,-27.0594384395156,                979P   5524
26.3377939967931,-18.862153601114,-32.508529763709,                  979P   5525
13.5341388614544,-19.2608362624089,-38.6509182101702,                979P   5526
-6.35698833660609,-13.4405266434002,-40.4635301560324,               979P   5527
-19.3074366513886,-14.2084633812376,-41.1793885620429,               979P   5528
-26.4109080307131,-14.3598334132613,-41.713994384415,                979P   5529
-30.0959554630811,-14.8108219181354,-41.9216424284335,               979P   5530
-31.3465232309881,-15.0237020012372,-42.5166979468251,               979P   5531
-33.8400275770365,-15.8445036203825,-42.9041054211981,               979P   5532
-35.082964155178,-16.452425156426,-43.4418262226979,                 979P   5533
-36.2960509197697,-17.3928375639342,-24.1534912328099,               979P   5534
38.3931385234169,-14.9829035541061,-24.8731963749703,                979P   5535
37.4506453504186,-15.6834045581645,-25.6670122229297,                979P   5536
36.2149129059246,-16.2805745085226,-27.3395449630336,                979P   5537
33.312690458205,-17.2690811045893,-28.2182618551781,                 979P   5538
31.6462004549792,-17.6604177502977,-30.8867835467698,                979P   5539
26.2341755835931,-18.5269209345748,-36.3533109905853,                979P   5540
13.7599063939854,-19.0299002917351,-42.3123883219891,                979P   5541
-5.93838043398179,-13.7677923284114,-44.3872573563275,               979P   5542
-18.4241923909738,-16.0295329089798,-45.5846731590047,               979P   5543
-25.3023538986543,-18.4703198579183,-46.3563071095833,               979P   5544
-28.8096839731964,-19.929288346981,-46.6423394346496,                979P   5545
-29.9901688848275,-20.4553736791007,-47.3021867099,                  979P   5546
-32.4023001925104,-21.5967278895093,-47.6760016600843,               979P   5547
-33.6339465885622,-22.2119967677981,-48.1087782271798,               979P   5548
-34.9053795822512,-22.8766866898237,-31.846377722295,                979P   5549
38.0393910318426,-14.736939327297,-32.6833649860997,                 979P   5550
36.9846946733369,-15.4681302326932,-33.6207468655953,                979P   5551
35.7058596757651,-16.0448227786138,-35.5893765288052,                979P   5552
32.8206987488825,-16.9326201629163,-36.6206243125195,                979P   5553
31.2143728195719,-17.2437250012982,-39.6947815292455,                979P   5554
26.085338153622,-17.8437714722546,-45.7647514250304,                 979P   5555
14.5870413096504,-17.7107922374108,-49.0742455998788,                979P   5556
-3.5307435403817,-13.4283399803075,-51.5160021888273,                979P   5557
-16.9046667468073,-18.2518394933699,-53.0439791901951,               979P   5558
-24.3044953091997,-21.5506784859682,-53.8640109627541,               979P   5559
-27.9908145241898,-23.3026956208463,-54.146695432253,                979P   5560
-29.2173217514855,-23.9038009389022,-54.7383381447439,               979P   5561
-31.6808865996812,-25.1460676363934,-55.0472963877359,               979P   5562
-32.9179442205812,-25.7872290158288,-55.3731878589086,               979P   5563
-34.1678180794531,-26.4513468502138,-35.7346263445192,               979P   5564
37.9298934065248,-13.8157964251511,-36.5878519217173,                979P   5565
36.8472190454744,-14.4322905223503,-37.5760722571903,                979P   5566
35.5485387057355,-14.8694569893108,-39.6465556658795,                979P   5567
32.6895214377605,-15.4733766940796,-40.7288187390956,                979P   5568
31.1291845095243,-15.640129931888,-43.8527518971486,                 979P   5569
26.3112218953895,-15.8671328485734,-49.6091939668725,                979P   5570
16.1274893494143,-15.2281114949853,-53.504372665075,                 979P   5571
-1.83548003493824,-12.5397441651071,-56.198435833527,                979P   5572
-16.2206321814799,-17.8525750673514,-57.6792238713651,               979P   5573
-23.9350580321268,-21.4449255115042,-58.4249337084922,               979P   5574
-27.7239514915883,-23.2787446873808,-58.6743896239025,               979P   5575
-28.9755294004319,-23.8962917383063,-59.1797274155838,               979P   5576
-31.4699884140013,-25.1389674864241,-59.4356092918547,               979P   5577
-32.7128695187272,-25.7640961836163,-59.6970311592847,               979P   5578
-33.958440396979,-26.390532534775,-37.9757051868617,                 979P   5579
37.755731271591,-12.9954686729809,-38.7664591133864,                 979P   5580
36.7345613698888,-13.5038794366564,-39.7464020705144,                979P   5581
35.5466702985137,-13.7867841627144,-41.8227978020241,                979P   5582
32.9052091690037,-14.1111390052626,-42.9410193322375,                979P   5583
31.4309781176119,-14.1503231521549,-46.0489537807678,                979P   5584
26.9846335565834,-14.0603888750383,-51.9384190539428,                979P   5585
17.1258039114749,-13.1001988996685,-56.4551219434433,                979P   5586
-0.852088746851672,-11.499130823585,-59.2893424384046,               979P   5587
-15.8854546909911,-16.8906808933148,-60.6855385648301,               979P   5588
-23.767809207622,-20.5762560231881,-61.3636410052928,                979P   5589
-27.6158577648065,-22.4313858518909,-61.5863425483221,               979P   5590
-28.8830191670128,-23.0518195054196,-62.0302016055209,               979P   5591
-31.4023794278003,-24.2863400252479,-62.2513591196905,               979P   5592
-32.6545782863815,-24.9004268915476,-62.4743052087921,               979P   5593
-33.9073360515261,-25.5061099266572,-38.5825686683274,               979P   5594
37.6998649644625,-12.7252803383756,-39.3837343442669,                979P   5595
36.7048095663773,-13.1595482611223,-40.337151303227,                 979P   5596
35.5654012161566,-13.3923684730791,-42.4037714779621,                979P   5597
33.0294501985156,-13.6124255944587,-43.4785522467735,                979P   5598
31.6651513683816,-13.6017336917948,-46.6273084265895,                979P   5599
27.2931039194594,-13.4040967162309,-52.6224762797478,                979P   5600
17.4324051875348,-12.3465776948133,-57.376730699478,                 979P   5601
-0.572301040988821,-11.0898986297241,-60.2494915352559,              979P   5602
-15.8033702664126,-16.4596418595488,-61.6092903264163,               979P   5603
-23.7303644550037,-20.155140400838,-62.2628793104759,                979P   5604
-27.5951687804907,-22.0107003008292,-62.4763572365757,               979P   5605
-28.866988094185,-22.6305220390507,-62.9002650416345,                979P   5606
-31.3949372079098,-23.860913813406,-63.1106949205936,                979P   5607
-32.6510670079405,-24.4714838495398,-63.3224618209987,               979P   5608
-33.9079560891089,-25.0715004120281,-39.5159700326283,               979P   5609
37.5925078259044,-12.191412168068,-40.3542604684096,                 979P   5610
36.7127903842498,-12.4132596856586,-41.2974634158259,                979P   5611
35.7155829492958,-12.499542893804,-43.3369563284235,                 979P   5612
33.4168249622583,-12.5046685551133,-44.4239897171109,                979P   5613
32.1282609477416,-12.4151534032664,-47.6474529502106,                979P   5614
27.8884247516171,-12.030333572425,-53.9438316845591,                 979P   5615
17.9121757490713,-10.7955964095395,-59.0952351236027,                979P   5616
-0.14232592417134,-10.1229156229861,-62.0231155534662,               979P   5617
-15.6949015121337,-15.4024102206011,-63.3049969498691,               979P   5618
-23.6835864167614,-19.0788592697104,-63.9106910606406,               979P   5619
-27.5755530527811,-20.9247986780453,-64.1067146663262,               979P   5620
-28.8558126287386,-21.5413976281203,-64.49432877458,                 979P   5621
-31.4024455516219,-22.7643209620898,-64.6859192771482,               979P   5622
-32.6688188985476,-23.3706453459843,-64.8789511078375,               979P   5623
-33.9383686524905,-23.9654093497351,-39.8425079154636,               979P   5624
37.5410169944749,-11.9277323323657,-40.7203150830186,                979P   5625
36.698804702825,-12.0516080335063,-41.6728323494927,                 979P   5626
35.8326292585842,-12.0120993866134,-43.7028069329249,                979P   5627
33.6552214690506,-11.9092542021657,-44.77966453541,                  979P   5628
32.3957163249754,-11.7904284050599,-48.08924282801,                  979P   5629
28.1752752208987,-11.3128625874265,-54.5811298635655,                979P   5630
18.085345034548,-9.99823632912087,-59.8921307916927,                 979P   5631
0.00786148678328935,-9.56516481010916,-62.8365904748252,             979P   5632
-15.6685171824332,-14.7762176154194,-64.0769518117355,               979P   5633
-23.6742531311374,-18.4236937609328,-64.6592645056222,               979P   5634
-27.5766263093872,-20.2595826063231,-64.847057407823,                979P   5635
-28.8606682361201,-20.8735706835588,-65.2183290714119,               979P   5636
-31.4173961152244,-22.0931543226156,-65.4018078327998,               979P   5637
-32.6900820675958,-22.6987498844367,-65.5872837824698,               979P   5638
-33.9681611782893,-23.2939278020711,-40.1780158467902,               979P   5639
37.4915903152331,-11.6323341125285,-41.0793445011094,                979P   5640
36.7663684480946,-11.5718236136277,-42.026760819524,                 979P   5641
35.9180220123378,-11.5042192028229,-44.0503506650446,                979P   5642
33.8411080007694,-11.2904971821167,-45.1265241921504,                979P   5643
32.6125404249579,-11.1443795722152,-48.5481805865049,                979P   5644
28.3565059874413,-10.588256943866,-55.2640201323253,                 979P   5645
18.1512525740686,-9.20145437955508,-60.6262877085929,                979P   5646
0.0764579929956977,-8.92125645823646,-63.5735443254664,              979P   5647
-15.6681915420263,-14.0652790812424,-64.7754629101175,               979P   5648
-23.6747264569577,-17.6660374919724,-65.3375038841527,               979P   5649
-27.5841195489703,-19.4880686198388,-65.5183644891161,               979P   5650
-28.8716048520658,-20.0990209828779,-65.8763608561608,               979P   5651
-31.4396453534768,-21.3174643136256,-66.0534966182422,               979P   5652
-32.7202005517924,-21.9249552813341,-66.2333939238233,               979P   5653
-34.0094713729037,-22.5253761999619,0.,2.,-0.0956244567610701,       979P   5654
0.5;                                                                 979P   5655
128,1,1,1,1,0,0,1,0,0,-0.220195881843508,-0.220195881843508,         981P   5656
-0.114709209181504,-0.114709209181504,-0.0723250448410484,           981P   5657
-0.0723250448410484,0.0723250448410485,0.0723250448410485,1.,1.,     981P   5658
1.,1.,-48.5551893223045,-28.1416519087996,3.93314321215601,          981P   5659
-47.5003225956845,-28.1416519087996,3.93314321215601,                981P   5660
-48.5551893223045,-27.1099344955159,4.94700909265057,                981P   5661
-47.5003225956845,-27.1099344955159,4.94700909265057,                981P   5662
-0.220195881843508,-0.114709209181504,-0.0723250448410484,           981P   5663
0.0723250448410485;                                                  981P   5664
128,1,1,1,1,0,0,1,0,0,-0.460905090812772,-0.460905090812772,         983P   5665
-0.358908899226111,-0.358908899226111,-0.308426741776502,            983P   5666
-0.308426741776502,0.093573258223497,0.093573258223497,1.,1.,1.,     983P   5667
1.,-48.5377369158666,-27.127067,4.94,-47.517775,-27.127067,4.94,     983P   5668
-48.5377369158666,-23.107067,4.94,-47.517775,-23.107067,4.94,        983P   5669
-0.460905090812772,-0.358908899226111,-0.308426741776502,            983P   5670
0.093573258223497;                                                   983P   5671
128,1,1,1,1,0,0,1,0,0,-0.295195881843509,-0.295195881843509,         985P   5672
-0.189709209181505,-0.189709209181505,-0.0723250448410485,           985P   5673
-0.0723250448410485,0.0723250448410485,0.0723250448410485,1.,1.,     985P   5674
1.,1.,-48.5551893223045,-23.1241995044841,4.94700909265057,          985P   5675
-47.5003225956845,-23.1241995044841,4.94700909265057,                985P   5676
-48.5551893223045,-22.0924820912004,3.93314321215601,                985P   5677
-47.5003225956845,-22.0924820912004,3.93314321215601,                985P   5678
-0.295195881843509,-0.189709209181505,-0.0723250448410485,           985P   5679
0.0723250448410485;                                                  985P   5680
128,1,1,1,1,0,0,1,0,0,-0.0154037812826339,-0.0154037812826339,       987P   5681
0.166356822773031,0.166356822773031,-1.63492902915735,               987P   5682
-1.63492902915735,0.584999999998148,0.584999999998148,1.,1.,1.,      987P   5683
1.,-47.1237371871736,-21.7123580829614,-18.2457584503608,            987P   5684
-48.9413432277303,-21.7123580829614,-18.2457584503608,               987P   5685
-47.1237371871736,-22.0997891197489,3.95015078175814,                987P   5686
-48.9413432277303,-22.0997891197489,3.95015078175814,                987P   5687
-0.0154037812826339,0.166356822773031,-1.63492902915735,             987P   5688
0.584999999998148;                                                   987P   5689
128,1,1,1,1,0,0,1,0,0,-0.00679299030016855,-0.00679299030016855,     989P   5690
0.158504928642402,0.158504928642402,-1.17948979310798,               989P   5691
-1.17948979310798,0.584999999998148,0.584999999998148,1.,1.,1.,      989P   5692
1.,-38.7098450969983,-21.7918431895116,-13.6920597458833,            989P   5693
-40.362824286424,-21.7918431895116,-13.6920597458833,                989P   5694
-38.7098450969983,-22.0997891197489,3.95015078175814,                989P   5695
-40.362824286424,-22.0997891197489,3.95015078175814,                 989P   5696
-0.00679299030016855,0.158504928642402,-1.17948979310798,            989P   5697
0.584999999998148;                                                   989P   5698
128,1,1,1,1,0,0,1,0,0,-0.0335049286424028,-0.0335049286424028,       991P   5699
0.63246585544939,0.63246585544939,-1.17948979310798,                 991P   5700
-1.17948979310798,0.685000000000032,0.685000000000032,1.,1.,1.,      991P   5701
1.,-40.3529988104884,-21.782017713576,-13.6920597458833,             991P   5702
-40.3529988104884,-28.4417255544939,-13.6920597458833,               991P   5703
-40.0276004738135,-21.782017713576,4.94999847693337,                 991P   5704
-40.0276004738135,-28.4417255544939,4.94999847693337,                991P   5705
-0.0335049286424028,0.63246585544939,-1.17948979310798,              991P   5706
0.685000000000032;                                                   991P   5707
128,1,1,1,1,0,0,1,0,0,-0.00746585544938905,-0.00746585544938905,     993P   5708
0.154899785227657,0.154899785227657,-1.11995226189431,               993P   5709
-1.11995226189431,0.584999999998148,0.584999999998148,1.,1.,1.,      993P   5710
1.,-40.3524335544939,-28.4319000785583,-13.0967751122904,            993P   5711
-38.7287771477234,-28.4319000785583,-13.0967751122904,               993P   5712
-40.3524335544939,-28.1343448802512,3.95015078175814,                993P   5713
-38.7287771477234,-28.1343448802512,3.95015078175814,                993P   5714
-0.00746585544938905,0.154899785227657,-1.11995226189431,            993P   5715
0.584999999998148;                                                   993P   5716
128,5,7,3,3,0,0,1,0,0,0.,0.,0.,0.,0.285714285714286,                 995P   5717
0.571428571428571,1.,1.,1.,1.,4.10810049365299,4.10810049365299,     995P   5718
4.10810049365299,4.10810049365299,4.2801482873539,                   995P   5719
4.2801482873539,4.4076552467828,4.4076552467828,                     995P   5720
4.86088855962247,4.86088855962247,4.86088855962247,                  995P   5721
4.86088855962247,1.,1.,1.,1.,1.,1.,1.,1.,1.,1.,1.,1.,1.,1.,1.,       995P   5722
1.,1.,1.,1.,1.,1.,1.,1.,1.,1.,1.,1.,1.,1.,1.,1.,1.,1.,1.,1.,1.,      995P   5723
1.,1.,1.,1.,1.,1.,1.,1.,1.,1.,1.,1.,-37.9768122981069,               995P   5724
-23.5162280043925,-12.0224434431657,-37.8992905867989,               995P   5725
-23.4760611388,-11.9844000210153,-37.7520136641457,                  995P   5726
-23.3876372412596,-11.879773983427,-37.5688990020669,                995P   5727
-23.223882299244,-11.605980180171,-37.5367856177371,                 995P   5728
-23.1235193753108,-11.3666405144951,-37.5494345881565,               995P   5729
-23.077346572604,-11.2320439354047,-38.1407407912822,                995P   5730
-22.984577825744,-12.2134529918704,-38.0658312330631,                995P   5731
-22.9364389576147,-12.1785218098348,-37.9238208029614,               995P   5732
-22.8313271720529,-12.0793451839862,-37.7518890112364,               995P   5733
-22.6413248182597,-11.8107816074817,-37.7299070683029,               995P   5734
-22.5305990678758,-11.5728054622887,-37.7481866710494,               995P   5735
-22.4820893687877,-11.4395427608912,-38.3763495790306,               995P   5736
-22.4816904808047,-12.4268170870206,-38.305276346364,                995P   5737
-22.4264290835377,-12.3946729347635,-38.1712343672026,               995P   5738
-22.3064379971055,-12.3004509101527,-38.0148658033836,               995P   5739
-22.0938798509358,-12.0364919088567,-38.0048820596795,               995P   5740
-21.976271456367,-11.7995580161563,-38.0291085359037,                995P   5741
-21.9273955457997,-11.667397486991,-38.8885286221514,                995P   5742
-21.6860202324737,-12.8207995957959,-38.8256425755326,               995P   5743
-21.6198150502833,-12.7930636059193,-38.7087458735762,               995P   5744
-21.4769719615794,-12.7067354318285,-38.5846674995928,               995P   5745
-21.2311913945492,-12.4500270773192,-38.5965510546114,               995P   5746
-21.1061866758528,-12.2144959294346,-38.6307413952813,               995P   5747
-21.0589644835424,-12.0840014987422,-39.138532462376,                995P   5748
-21.3730914212273,-12.9957344759275,-39.0795846463619,               995P   5749
-21.3026737875481,-12.9697810269099,-38.9710318482527,               995P   5750
-21.1510311057128,-12.8866910139168,-38.8622713831586,               995P   5751
-20.8929072284139,-12.6328908958632,-38.8838728768786,               995P   5752
-20.7661914239393,-12.3978728156006,-38.922138903059,                995P   5753
-20.7203843376582,-12.2680141617622,-40.3925638743557,               995P   5754
-20.0842378627251,-13.8178108784122,-40.3531049917866,               995P   5755
-19.9969631024107,-13.799668494753,-40.2857657704971,                995P   5756
-19.810074840101,-13.7307880976639,-40.2520163257106,                995P   5757
-19.5044771606548,-13.4897594252825,-40.3179628373577,               995P   5758
-19.3756520507603,-13.2566113590119,-40.3740352388994,               995P   5759
-19.3388051568753,-13.1294831451104,-41.7065962703188,               995P   5760
-19.4620221610852,-14.532674631546,-41.6858501281619,                995P   5761
-19.3677491038602,-14.5200804091182,-41.6584428480225,               995P   5762
-19.1662694166503,-14.4613724264434,-41.6932122984353,               995P   5763
-18.8486237578415,-14.2273175996836,-41.7907238236975,               995P   5764
-18.7368969585102,-13.9924361798085,-41.8551646877415,               995P   5765
-18.715584654053,-13.8657548691164,-43.0827935929376,                995P   5766
-19.3290263346524,-15.2228064919227,-43.0819916822066,               995P   5767
-19.2341589563119,-15.214449922617,-43.097024560727,                 995P   5768
-19.0325114203458,-15.1635531045318,-43.1972694434492,               995P   5769
-18.7271265881388,-14.9330918520635,-43.3131306237842,               995P   5770
-18.6400021764761,-14.6945939152618,-43.3772201076983,               995P   5771
-18.6338123510191,-14.567069849385,0.,1.,4.10810049365299,           995P   5772
4.86088855962247;                                                    995P   5773
128,4,3,3,3,0,0,1,0,0,0.,0.,0.,0.,0.571428571428571,1.,1.,1.,1.,     997P   5774
4.008739896198,4.008739896198,4.008739896198,4.008739896198,         997P   5775
4.10810049365299,4.10810049365299,4.10810049365299,                  997P   5776
4.10810049365299,1.,1.,1.,1.,1.,1.,1.,1.,1.,1.,1.,1.,1.,1.,1.,       997P   5777
1.,1.,1.,1.,1.,-37.7661792084848,-24.462241440632,                   997P   5778
-11.7171355942957,-37.6047582852148,-24.4114524472234,               997P   5779
-11.6297002306404,-37.3527276180832,-24.2970392950195,               997P   5780
-11.374163580049,-37.2867503030803,-24.1862944792972,                997P   5781
-11.0334207510422,-37.2903010323588,-24.1463884110417,               997P   5782
-10.8962964960641,-37.8112786405554,-24.1398385365497,               997P   5783
-11.8093390610099,-37.6509832902393,-24.0785609302564,               997P   5784
-11.7259877658536,-37.4008966400303,-23.9439155818169,               997P   5785
-11.4748272123949,-37.340864350618,-23.821139314603,                 997P   5786
-11.1353707145639,-37.3471758056283,-23.7784087932553,               997P   5787
-10.9992108502447,-37.8821407381211,-23.8232652424253,               997P   5788
-11.9121321019352,-37.7241375227252,-23.7521172117769,               997P   5789
-11.8323167075883,-37.4778459010315,-23.59867512716,                 997P   5790
-11.5858879629011,-37.4252451869577,-23.4660109432481,               997P   5791
-11.2476317751892,-37.4346517985789,-23.4211179755282,               997P   5792
-11.1122097496355,-37.9768122981069,-23.5162280043925,               997P   5793
-12.0224434431657,-37.8217688754908,-23.4358942732075,               997P   5794
-11.9463565988648,-37.5811542682277,-23.2646629692029,               997P   5795
-11.703940015284,-37.5367856177371,-23.1235193753108,                997P   5796
-11.3666405144951,-37.5494345881565,-23.077346572604,                997P   5797
-11.2320439354047,0.,1.,4.008739896198,4.10810049365299;             997P   5798
128,4,3,3,3,0,0,1,0,0,0.,0.,0.,0.,0.5,1.,1.,1.,1.,                   999P   5799
3.97733886983371,3.97733886983371,3.97733886983371,                  999P   5800
3.97733886983371,4.008739896198,4.008739896198,4.008739896198,       999P   5801
4.008739896198,1.,1.,1.,1.,1.,1.,1.,1.,1.,1.,1.,1.,1.,1.,1.,1.,      999P   5802
1.,1.,1.,1.,-37.7311636798833,-24.7695066053996,                     999P   5803
-11.6330323051832,-37.5892326197285,-24.7339876427998,               999P   5804
-11.5532090301505,-37.3303216263359,-24.6422435851047,               999P   5805
-11.307105259712,-37.2444198130714,-24.5413940953497,                999P   5806
-10.9629117104697,-37.2456750886853,-24.4983392699056,               999P   5807
-10.8019071016322,-37.7402287025868,-24.6666008099493,               999P   5808
-11.6599141487856,-37.5984292612302,-24.6280564011536,               999P   5809
-11.5812343015469,-37.3396730621402,-24.5297024074956,               999P   5810
-11.3366752896065,-37.2552258196599,-24.4243257654863,               999P   5811
-10.9928993458839,-37.2574134263738,-24.3800310713189,               999P   5812
-10.8322526408132,-37.7519192672986,-24.5641322012754,               999P   5813
-11.6879918395917,-37.6103565978398,-24.522585447764,                999P   5814
-11.6103619092593,-37.351938648887,-24.4177861265157,                999P   5815
-11.3674462573474,-37.2692180904746,-24.3082068355228,               999P   5816
-11.0240902517734,-37.2723272501866,-24.2626778119048,               999P   5817
-10.8637653317368,-37.7661792084848,-24.462241440632,                999P   5818
-11.7171355942957,-37.6249359006236,-24.4178010713994,               999P   5819
-11.6406296510973,-37.3670921292021,-24.3066611217465,               999P   5820
-11.3992381475329,-37.2861585148673,-24.1929454906731,               999P   5821
-11.0562747935385,-37.2903010323588,-24.1463884110417,               999P   5822
-10.8962964960641,0.,1.,3.97733886983371,4.008739896198;             999P   5823
128,4,4,3,3,0,0,1,0,0,0.,0.,0.,0.,0.5,1.,1.,1.,1.,                  1001P   5824
3.43735604162169,3.43735604162169,3.43735604162169,                 1001P   5825
3.43735604162169,3.56377557896996,3.73233496210098,                 1001P   5826
3.73233496210098,3.73233496210098,3.73233496210098,1.,1.,1.,1.,     1001P   5827
1.,1.,1.,1.,1.,1.,1.,1.,1.,1.,1.,1.,1.,1.,1.,1.,1.,1.,1.,1.,1.,     1001P   5828
-39.4464323834168,-29.3920385069874,-12.0887363995793,              1001P   5829
-39.3923008178584,-29.5303142313289,-12.0130569740675,              1001P   5830
-39.3352460176093,-29.8151370935876,-11.791823441134,               1001P   5831
-39.4207185510122,-30.0075615723779,-11.4935100904658,              1001P   5832
-39.4866814833169,-30.067981792223,-11.3528826878253,               1001P   5833
-39.1933169531845,-29.1584441475578,-11.881014437722,               1001P   5834
-39.1311987957471,-29.2897751888585,-11.7982339882314,              1001P   5835
-39.0540786835077,-29.5576480111631,-11.5644100464558,              1001P   5836
-39.1157334477855,-29.7410793946748,-11.2565395943267,              1001P   5837
-39.171736198347,-29.8006031951357,-11.1107451564233,               1001P   5838
-38.6280490081176,-28.5311683639871,-11.4741153760313,              1001P   5839
-38.5423746088832,-28.6404844613347,-11.3748203787712,              1001P   5840
-38.4097190501124,-28.8583283074282,-11.1103785626771,              1001P   5841
-38.4089321513829,-29.0085106323438,-10.7767888430006,              1001P   5842
-38.4376327049716,-29.0591391053449,-10.617554029781,               1001P   5843
-38.1888694148421,-27.6883900399572,-11.3150125014421,              1001P   5844
-38.0763786109122,-27.7589808402374,-11.2113885972917,              1001P   5845
-37.8851286860852,-27.8947588903395,-10.9353595603823,              1001P   5846
-37.8297993044767,-27.9753050594809,-10.5877261042689,              1001P   5847
-37.8355141655172,-27.9977320285227,-10.4218389451658,              1001P   5848
-38.0124358807497,-27.166151566245,-11.3025253002107,               1001P   5849
-37.8896106074844,-27.2150080571257,-11.2010128708048,              1001P   5850
-37.6753116766487,-27.3043790327193,-10.9263115037426,              1001P   5851
-37.6023223346076,-27.3456582831211,-10.5765392585081,              1001P   5852
-37.6018444210253,-27.352876441812,-10.4100296564982,0.,1.,         1001P   5853
3.43735604162169,3.73233496210098;                                  1001P   5854
128,4,3,3,3,0,0,1,0,0,0.,0.,0.,0.,0.571428571428571,1.,1.,1.,1.,    1003P   5855
3.27808869535742,3.27808869535742,3.27808869535742,                 1003P   5856
3.27808869535742,3.43735604162169,3.43735604162169,                 1003P   5857
3.43735604162169,3.43735604162169,1.,1.,1.,1.,1.,1.,1.,1.,1.,1.,    1003P   5858
1.,1.,1.,1.,1.,1.,1.,1.,1.,1.,-40.441526758379,                     1003P   5859
-30.1173164544477,-13.0042711803834,-40.4059526988565,              1003P   5860
-30.2955867155041,-12.9473907843729,-40.4215212251223,              1003P   5861
-30.6298008357983,-12.7588109132349,-40.5915536929825,              1003P   5862
-30.8198863220871,-12.4910019738546,-40.6742970525665,              1003P   5863
-30.8666643570375,-12.3843552900982,-40.1011404311577,              1003P   5864
-29.9241473922416,-12.6643056661908,-40.0596434422773,              1003P   5865
-30.0982777712891,-12.5978197944333,-40.0578175361658,              1003P   5866
-30.4197795730176,-12.3965726975196,-40.2062538709897,              1003P   5867
-30.6118305984281,-12.1221409766413,-40.2824542256268,              1003P   5868
-30.6625472939278,-12.0118347044705,-39.7655109709832,              1003P   5869
-29.6867444157331,-12.3505526174364,-39.7151236375972,              1003P   5870
-29.8547915409479,-12.2742402869948,-39.6933390199519,              1003P   5871
-30.1613710878801,-12.0573348102135,-39.8163848418985,              1003P   5872
-30.3521561911133,-11.7727407267481,-39.8835922642158,              1003P   5873
-30.4049524526701,-11.657779820181,-39.4464323834168,               1003P   5874
-29.3920385069874,-12.0887363995793,-39.3845677370643,              1003P   5875
-29.5500679062348,-12.0022456275658,-39.3365280868593,              1003P   5876
-29.8350670956023,-11.7700125729151,-39.4301418270557,              1003P   5877
-30.0161930323558,-11.4734204615171,-39.4866814833169,              1003P   5878
-30.067981792223,-11.3528826878253,0.,1.,3.27808869535742,          1003P   5879
3.43735604162169;                                                   1003P   5880
128,5,3,3,3,0,0,1,0,0,0.,0.,0.,0.,0.285714285714286,                1005P   5881
0.571428571428571,1.,1.,1.,1.,6.98726266780028,6.98726266780028,    1005P   5882
6.98726266780028,6.98726266780028,7.38618918901041,                 1005P   5883
7.38618918901041,7.38618918901041,7.38618918901041,1.,1.,1.,1.,     1005P   5884
1.,1.,1.,1.,1.,1.,1.,1.,1.,1.,1.,1.,1.,1.,1.,1.,1.,1.,1.,1.,        1005P   5885
-43.0718587326324,-30.8666937708506,-15.8476277920769,              1005P   5886
-43.0694464757896,-30.9618947807166,-15.8487429252517,              1005P   5887
-43.0929234239959,-31.1705190747023,-15.8248566899108,              1005P   5888
-43.2682370927891,-31.4987995122058,-15.6606046193805,              1005P   5889
-43.4676526368717,-31.5902329454118,-15.4770089632501,              1005P   5890
-43.5729330323782,-31.5952460058436,-15.3805772733737,              1005P   5891
-42.1654072109131,-30.8269354280734,-14.8562899889524,              1005P   5892
-42.1584946124214,-30.9223020881744,-14.848535848673,               1005P   5893
-42.1710691473465,-31.1259960302243,-14.8067992322147,              1005P   5894
-42.3133976821265,-31.4483410445603,-14.6330686847754,              1005P   5895
-42.4956566592657,-31.5609063362464,-14.4576912553069,              1005P   5896
-42.602371583273,-31.5823387668449,-14.3623442955329,               1005P   5897
-41.292409808275,-30.6009925378058,-13.8540161925389,               1005P   5898
-41.2826843723972,-30.6954095232735,-13.8372058441665,              1005P   5899
-41.2865791943143,-30.8939230388087,-13.779123343906,               1005P   5900
-41.3978247608716,-31.209058375537,-13.5914686371764,               1005P   5901
-41.5566493339558,-31.3411585186618,-13.4144088296702,              1005P   5902
-41.6562859657326,-31.3782155513902,-13.3170239812993,              1005P   5903
-40.441526758379,-30.1173164544477,-13.0042711803834,               1005P   5904
-40.4237397286178,-30.2064515849759,-12.9758309823782,              1005P   5905
-40.4082456532868,-30.3907619451889,-12.8958205411207,              1005P   5906
-40.4713236577543,-30.6843904218118,-12.6809323677688,              1005P   5907
-40.5915536929825,-30.8198863220871,-12.4910019738546,              1005P   5908
-40.6742970525665,-30.8666643570375,-12.3843552900982,0.,1.,        1005P   5909
6.98726266780028,7.38618918901041;                                  1005P   5910
128,1,1,1,1,0,0,1,0,0,-0.0194620438230008,-0.0194620438230008,      1007P   5911
0.168221330294863,0.168221330294863,-1.81932477514514,              1007P   5912
-1.81932477514514,0.584999999998148,0.584999999998148,1.,1.,1.,     1007P   5913
1.,-48.97239543823,-28.5539574120815,-20.0894350665861,             1007P   5914
-47.0955616970514,-28.5539574120815,-20.0894350665861,              1007P   5915
-48.97239543823,-28.1343448802512,3.95015078175814,                 1007P   5916
-47.0955616970514,-28.1343448802512,3.95015078175814,               1007P   5917
-0.0194620438230008,0.168221330294863,-1.81932477514514,            1007P   5918
0.584999999998148;                                                  1007P   5919
128,1,1,1,1,0,0,1,0,0,-0.0432213302948617,-0.0432213302948617,      1009P   5920
0.640403781282634,0.640403781282634,-1.73622686471902,              1009P   5921
-1.73622686471902,0.685000000000032,0.685000000000032,1.,1.,1.,     1009P   5922
1.,-47.105387172987,-28.5492803029486,-19.2585825244674,            1009P   5923
-47.105387172987,-21.7130291871737,-19.2585825244674,               1009P   5924
-47.5279495261865,-28.5492803029486,4.94999847693337,               1009P   5925
-47.5279495261865,-21.7130291871737,4.94999847693337,               1009P   5926
-0.0432213302948617,0.640403781282634,-1.73622686471902,            1009P   5927
0.685000000000032;                                                  1009P   5928
128,1,1,1,1,0,0,1,0,0,0.26414080742565,0.26414080742565,            1011P   5929
0.360395172166416,0.360395172166416,-0.0510000000000003,            1011P   5930
-0.0510000000000003,0.0510000000000003,0.0510000000000003,1.,1.,    1011P   5931
1.,1.,-46.4191830742565,-24.607067,-4.,-47.3817267216642,           1011P   5932
-24.607067,-4.,-46.4191830742565,-25.627067,-4.,                    1011P   5933
-47.3817267216642,-25.627067,-4.,0.26414080742565,                  1011P   5934
0.360395172166416,-0.0510000000000003,0.0510000000000003;           1011P   5935
128,1,1,1,1,0,0,1,0,0,-1.03020367275666,-1.03020367275666,          1013P   5936
-0.933949308015894,-0.933949308015894,-0.001,-0.001,                1013P   5937
1.42832158828906,1.42832158828906,1.,1.,1.,1.,-47.3817267216641,    1013P   5938
-24.6172415240644,-3.99000152304844,-46.4191830742565,              1013P   5939
-24.6172415240644,-3.99000152304844,-47.3817267216641,              1013P   5940
-24.3677905111804,-18.2810404799293,-46.4191830742565,              1013P   5941
-24.3677905111804,-18.2810404799293,-1.03020367275666,              1013P   5942
-0.933949308015894,-0.001,1.42832158828906;                         1013P   5943
128,17,16,3,3,0,0,1,0,0,0.,0.,0.,0.,0.125,0.125,0.25,0.25,0.5,      1015P   5944
1.,1.5,1.75,1.75,1.875,1.875,2.,2.,2.,2.2219440510894,              1015P   5945
2.2219440510894,2.2219440510894,2.2219440510894,                    1015P   5946
-0.674076639897504,-0.674076639897504,-0.674076639897504,           1015P   5947
-0.674076639897504,0.,0.,0.,0.03125,0.03125,0.0625,0.0625,0.125,    1015P   5948
0.25,0.375,0.375,0.4375,0.4375,0.5,0.5,0.5,0.5,1.,1.,1.,1.,1.,      1015P   5949
1.,1.,1.,1.,1.,1.,1.,1.,1.,1.,1.,1.,1.,1.,1.,1.,1.,1.,1.,1.,1.,     1015P   5950
1.,1.,1.,1.,1.,1.,1.,1.,1.,1.,1.,1.,1.,1.,1.,1.,1.,1.,1.,1.,1.,     1015P   5951
1.,1.,1.,1.,1.,1.,1.,1.,1.,1.,1.,1.,1.,1.,1.,1.,1.,1.,1.,1.,1.,     1015P   5952
1.,1.,1.,1.,1.,1.,1.,1.,1.,1.,1.,1.,1.,1.,1.,1.,1.,1.,1.,1.,1.,     1015P   5953
1.,1.,1.,1.,1.,1.,1.,1.,1.,1.,1.,1.,1.,1.,1.,1.,1.,1.,1.,1.,1.,     1015P   5954
1.,1.,1.,1.,1.,1.,1.,1.,1.,1.,1.,1.,1.,1.,1.,1.,1.,1.,1.,1.,1.,     1015P   5955
1.,1.,1.,1.,1.,1.,1.,1.,1.,1.,1.,1.,1.,1.,1.,1.,1.,1.,1.,1.,1.,     1015P   5956
1.,1.,1.,1.,1.,1.,1.,1.,1.,1.,1.,1.,1.,1.,1.,1.,1.,1.,1.,1.,1.,     1015P   5957
1.,1.,1.,1.,1.,1.,1.,1.,1.,1.,1.,1.,1.,1.,1.,1.,1.,1.,1.,1.,1.,     1015P   5958
1.,1.,1.,1.,1.,1.,1.,1.,1.,1.,1.,1.,1.,1.,1.,1.,1.,1.,1.,1.,1.,     1015P   5959
1.,1.,1.,1.,1.,1.,1.,1.,1.,1.,1.,1.,1.,1.,1.,1.,1.,1.,1.,1.,1.,     1015P   5960
1.,1.,1.,1.,1.,1.,1.,1.,1.,1.,1.,1.,1.,1.,1.,1.,1.,1.,1.,1.,1.,     1015P   5961
1.,1.,1.,1.,1.,1.,1.,1.,1.,1.,1.,1.,1.,1.,1.,1.,1.,1.,1.,1.,1.,     1015P   5962
1.,1.,1.,1.,1.,1.,1.,1.,1.,1.,1.,1.,1.,1.,1.,1.,1.,1.,1.,1.,1.,     1015P   5963
1.,1.,1.,1.,1.,1.,1.,20.0534208797451,43.1205602316736,             1015P   5964
-15.3148993260595,19.0257438115327,41.9124819088172,                1015P   5965
-16.8863912360892,18.0743930922071,40.2971998411981,                1015P   5966
-18.0923637425701,16.3129947874661,36.5243990655133,                1015P   5967
-19.8955760198523,15.5029472020499,34.3668803574471,                1015P   5968
-20.4928157906536,13.2677348008708,27.4892255461951,                1015P   5969
-21.5548951066616,9.57703141878479,12.1135211754751,                1015P   5970
-20.7604937530977,6.64349238481528,-5.28437557215959,               1015P   5971
-12.1820558542558,3.94595010023532,-28.1083790616267,               1015P   5972
0.67579230533499,5.16754689558178,-35.9795194001413,                1015P   5973
15.3313411272088,5.22582691386313,-38.6577222337894,                1015P   5974
24.1310327218137,5.75501210771866,-39.3176932782956,                1015P   5975
27.8839143257636,3.96873102273316,-47.1852653328711,                1015P   5976
39.5121735969161,2.90158285596683,-52.2710873267992,                1015P   5977
46.7129921541601,7.77921008605471,-51.2363609435032,                1015P   5978
71.6337456293572,16.4396928632521,-49.3991500212807,                1015P   5979
115.881849489241,25.1001756404495,-47.5619390990583,                1015P   5980
160.129953349125,33.7606584176469,-45.7247281768358,                1015P   5981
204.378057209009,8.28715049226458,41.8397840697863,                 1015P   5982
-15.2600927187603,7.31597350723254,40.7084653129842,                1015P   5983
-16.5980559526979,6.38417109609362,39.1989165710028,                1015P   5984
-17.641285176821,4.60591933555065,35.6640227756875,                 1015P   5985
-19.2267760714724,3.75946998614604,33.6386777223533,                1015P   5986
-19.7690377420004,1.35805740145686,27.1499435838291,                1015P   5987
-20.7771221222403,-2.8930259138266,12.521679392694,                 1015P   5988
-20.3184883573448,-6.82322066527666,-5.67292095600562,              1015P   5989
-12.4901140842743,-9.1866021159852,-25.5293697832211,               1015P   5990
-3.59866489507025,-8.52383894106412,-33.1774513699713,              1015P   5991
6.82182164451786,-8.58795873206216,-36.2075779449679,               1015P   5992
13.0333554817192,-8.29428935831587,-37.0948816619477,               1015P   5993
15.6376282941286,-9.65297767925644,-43.29944976808,                 1015P   5994
23.5691595979138,-10.4731232992268,-47.2021948131384,               1015P   5995
28.446712015984,-7.25769134180766,-46.9021897335309,                1015P   5996
45.1494105732619,-1.54852338475218,-46.3695149918071,               1015P   5997
74.8059272286807,4.1606445723033,-45.8368402500833,                 1015P   5998
104.4624438841,9.86981252935878,-45.3041655083594,                  1015P   5999
134.118960539518,-3.47911989521589,40.559007907899,                 1015P   6000
-15.2052861114612,-4.39379679706761,39.5044487171511,               1015P   6001
-16.3097206693066,-5.30605090001986,38.1006333008075,               1015P   6002
-17.190206611072,-7.10115611636484,34.8036464858618,                1015P   6003
-18.5579761230924,-7.98400722975787,32.9104750872594,               1015P   6004
-19.0452596933473,-10.5516199979571,26.8106616214631,               1015P   6005
-19.9993491378191,-15.363083246438,12.9298376099128,                1015P   6006
-19.8764829615919,-20.2899337153686,-6.06146633985164,              1015P   6007
-12.7981723142927,-22.3191543322057,-22.9503605048156,              1015P   6008
-7.8731220954755,-22.21522477771,-30.3753833398012,                 1015P   6009
-1.68769783817312,-22.4017443779875,-33.7574336561464,              1015P   6010
1.93567824162472,-22.3435908243504,-34.8720700455998,               1015P   6011
3.39134226249361,-23.274686381246,-39.4136342032889,                1015P   6012
7.62614559891163,-23.8478294544205,-42.1333022994776,               1015P   6013
10.1804318778079,-22.29459276967,-42.5680185235587,                 1015P   6014
18.6650755171667,-19.5367396327565,-43.3398799623335,               1015P   6015
33.7300049681203,-16.7788864958429,-44.1117414011083,               1015P   6016
48.7949344190739,-14.0210333589294,-44.8836028398831,               1015P   6017
63.8598638700276,-15.2453902826964,39.2782317460117,                1015P   6018
-15.150479504162,-16.1035671013678,38.3004321213181,                1015P   6019
-16.0213853859152,-16.9962728961333,37.0023500306122,               1015P   6020
-16.739128045323,-18.8082315682803,33.943270196036,                 1015P   6021
-17.8891761747124,-19.7274844456618,32.1822724521656,               1015P   6022
-18.3214816446942,-22.461297397371,26.4713796590971,                1015P   6023
-19.2215761533978,-27.8331405790494,13.3379958271317,               1015P   6024
-19.434477565839,-33.7566467654605,-6.45001172369767,               1015P   6025
-13.1062305443112,-35.4517065484262,-20.37135122641,                1015P   6026
-12.1475792958807,-35.9066106143559,-27.5733153096312,              1015P   6027
-10.1972173208641,-36.2155300239128,-31.3072893673248,              1015P   6028
-9.16199899846979,-36.3928922903849,-32.6492584292519,              1015P   6029
-8.85494376914138,-36.8963950832356,-35.5278186384979,              1015P   6030
-8.31686840009059,-37.2225356096142,-37.0644097858167,              1015P   6031
-8.08584826036822,-37.3314941975324,-38.2338473135864,              1015P   6032
-7.81925953892859,-37.5249558807608,-40.3102449328599,              1015P   6033
-7.34591729244014,-37.7184175639891,-42.3866425521333,              1015P   6034
-6.8725750459517,-37.9118792472175,-44.4630401714067,               1015P   6035
-6.39923279946325,-15.7908712085221,39.2188553299041,               1015P   6036
-15.1479386855418,-16.6464286995163,38.2446142567122,               1015P   6037
-16.0080182447437,-17.5382282403121,36.9514339327056,               1015P   6038
-16.7182161721838,-19.350968233844,33.9033833976133,                1015P   6039
-17.8581708006202,-20.2719086865801,32.1485131865276,               1015P   6040
-18.2879275016165,-23.0134266312045,26.4556506444772,               1015P   6041
-19.1855188205597,-28.411248866118,13.3569179252035,                1015P   6042
-19.4139863222626,-34.3809597261936,-6.46802457643061,              1015P   6043
-13.1205120356407,-36.0605279085898,-20.251789094777,               1015P   6044
-12.3457419076766,-36.5413393411373,-27.4434122381405,              1015P   6045
-10.5917162073328,-36.8559331708024,-31.1937013797077,              1015P   6046
-9.67648413743809,-37.0442138832536,-32.5462095192327,              1015P   6047
-9.42267808277489,-37.5278935980067,-35.3476733416394,              1015P   6048
-9.05598196371234,-37.8425831570464,-36.8294173803894,              1015P   6049
-8.93266777692171,-38.0286006418266,-38.0329163774065,              1015P   6050
-9.04706572819042,-38.3588844349911,-40.1697919204465,              1015P   6051
-9.25018528611768,-38.6891682281556,-42.3066674634866,              1015P   6052
-9.45330484404493,-39.0194520213201,-44.4435430065267,              1015P   6053
-9.65642440197218,-16.3620944012949,39.1562968284531,               1015P   6054
-15.1426512018824,-17.2109545593397,38.1860844464747,               1015P   6055
-15.9904473451784,-18.0982000928696,36.898185544056,                1015P   6056
-16.6922899017586,-19.9052207461213,33.8618234799751,               1015P   6057
-17.8215173517566,-20.8249958658431,32.113360318313,                1015P   6058
-18.2489022451744,-23.5667538571287,26.4393376169175,               1015P   6059
-19.1455446960872,-28.9800003681811,13.3767593484897,               1015P   6060
-19.3967806805512,-34.9962606423064,-6.47834186217007,              1015P   6061
-13.1522333506503,-36.6757225662359,-20.125711084175,               1015P   6062
-12.5770151743059,-37.1755652414201,-27.3118253159055,              1015P   6063
-11.0393976719722,-37.5177593306282,-31.1152630566741,              1015P   6064
-10.2758646494831,-37.6472028189669,-32.4181390744141,              1015P   6065
-10.0222329300997,-38.0740563326191,-35.1453702779555,              1015P   6066
-9.81751482240046,-38.3262619871665,-36.4896360347139,              1015P   6067
-9.86818902458551,-38.7152544016626,-37.7992159599712,              1015P   6068
-10.3593935504126,-39.4059308201932,-40.1244437506668,              1015P   6069
-11.2315529294168,-40.0966072387238,-42.4496715413624,              1015P   6070
-12.103712308421,-40.7872836572543,-44.7748993320581,               1015P   6071
-12.9758716874252,-17.5507066032196,39.0287023230562,               1015P   6072
-15.1272644280111,-18.3819713100152,38.0662113187662,               1015P   6073
-15.9495408298448,-19.2565030659634,36.7887740767586,               1015P   6074
-16.6340029080604,-21.0457609847562,33.7760302223977,               1015P   6075
-17.7409853155607,-21.9604871476008,32.0407236100444,               1015P   6076
-18.1635056448455,-24.6954477093663,26.4060343751,                  1015P   6077
-19.058684356762,-30.1284971258239,13.4215783136734,                1015P   6078
-19.3595126768434,-36.2188394666979,-6.47318344102636,              1015P   6079
-13.2344615898863,-37.9205818235739,-19.8633858122109,              1015P   6080
-13.0824542790216,-38.4686369719144,-27.0340955584337,              1015P   6081
-12.0339974372466,-38.8170333643522,-30.8271165276675,              1015P   6082
-11.5996262313272,-38.9455602982094,-32.1260678667659,              1015P   6083
-11.4698120318487,-39.3544295448155,-34.7747945262567,              1015P   6084
-11.6110033141385,-39.6741314180092,-36.0850689217305,              1015P   6085
-11.9481245026835,-40.1818925770299,-37.3162824273175,              1015P   6086
-12.8547379764245,-41.0834491259812,-39.5023665328053,              1015P   6087
-14.4644777134989,-41.9850056749325,-41.6884506382931,              1015P   6088
-16.0742174505734,-42.8865622238838,-43.8745347437809,              1015P   6089
-17.6839571876478,-18.1680956123716,38.9636663191103,               1015P   6090
-15.1171651377991,-18.9884622008674,38.0048680012952,               1015P   6091
-15.9262052140765,-19.8548341864997,36.7326109981109,               1015P   6092
-16.6016421847872,-21.6320487111138,33.7317968824584,               1015P   6093
-17.6971067282284,-22.5428912500956,32.0032397699903,               1015P   6094
-18.1171343009588,-25.2708143356797,26.3890441608421,               1015P   6095
-19.0117981419093,-30.7082423814036,13.4465558555709,               1015P   6096
-19.3394503148471,-36.8261173749765,-6.45770773414317,              1015P   6097
-13.2849685141125,-38.5502464232659,-19.7271385508487,              1015P   6098
-13.3566201171079,-39.127482802126,-26.8879527231968,               1015P   6099
-12.5809157378817,-39.5314009646782,-30.6381565791617,              1015P   6100
-12.4009946359588,-39.675326730161,-31.9415726740711,               1015P   6101
-12.3526824839858,-40.1426585253145,-34.5430792867681,              1015P   6102
-12.702602067935,-40.3346151900057,-35.8666372969911,               1015P   6103
-12.9995170600704,-40.9618769925612,-37.0670493120992,              1015P   6104
-14.0377545802141,-42.0756131969837,-39.198443756975,               1015P   6105
-15.8811997099239,-43.1893494014063,-41.3298382018508,              1015P   6106
-17.7246448396336,-44.3030856058288,-43.4612326467267,              1015P   6107
-19.5680899693434,-20.0815332881232,38.7706720558184,               1015P   6108
-15.0806718426224,-20.8688371814858,37.8205333640769,               1015P   6109
-15.8515154933434,-21.7108558269091,36.5623745644025,               1015P   6110
-16.5002998482811,-23.4524699922868,33.5960959533834,               1015P   6111
-17.5607397751387,-24.3520655122412,31.8879761420388,               1015P   6112
-17.9723953470586,-27.0594384395156,26.3377939967931,               1015P   6113
-18.862153601114,-32.508529763709,13.5341388614544,                 1015P   6114
-19.2608362624089,-38.6509182101702,-6.35698833660609,              1015P   6115
-13.4405266434002,-40.4635301560324,-19.3074366513886,              1015P   6116
-14.2084633812376,-41.1793885620429,-26.4109080307131,              1015P   6117
-14.3598334132613,-41.713994384415,-30.0959554630811,               1015P   6118
-14.8108219181354,-41.9216424284335,-31.3465232309881,              1015P   6119
-15.0237020012372,-42.5166979468251,-33.8400275770365,              1015P   6120
-15.8445036203825,-42.9041054211981,-35.082964155178,               1015P   6121
-16.452425156426,-43.4418262226979,-36.2960509197697,               1015P   6122
-17.3928375639342,-44.396577687017,-38.4499500466211,               1015P   6123
-19.0625890792709,-45.3513291513362,-40.6038491734725,              1015P   6124
-20.7323405946077,-46.3060806156553,-42.7577483003239,              1015P   6125
-22.4020921099445,-24.1534912328099,38.3931385234169,               1015P   6126
-14.9829035541061,-24.8731963749703,37.4506453504186,               1015P   6127
-15.6834045581645,-25.6670122229297,36.2149129059246,               1015P   6128
-16.2805745085226,-27.3395449630336,33.312690458205,                1015P   6129
-17.2690811045893,-28.2182618551781,31.6462004549792,               1015P   6130
-17.6604177502977,-30.8867835467698,26.2341755835931,               1015P   6131
-18.5269209345748,-36.3533109905853,13.7599063939854,               1015P   6132
-19.0299002917351,-42.3123883219891,-5.93838043398179,              1015P   6133
-13.7677923284114,-44.3872573563275,-18.4241923909738,              1015P   6134
-16.0295329089798,-45.5846731590047,-25.3023538986543,              1015P   6135
-18.4703198579183,-46.3563071095833,-28.8096839731964,              1015P   6136
-19.929288346981,-46.6423394346496,-29.9901688848275,               1015P   6137
-20.4553736791007,-47.3021867099,-32.4023001925104,                 1015P   6138
-21.5967278895093,-47.6760016600843,-33.6339465885622,              1015P   6139
-22.2119967677981,-48.1087782271798,-34.9053795822512,              1015P   6140
-22.8766866898237,-48.8771957033217,-37.1628754967158,              1015P   6141
-24.0568784819249,-49.6456131794636,-39.4203714111803,              1015P   6142
-25.2370702740261,-50.4140306556056,-41.6778673256449,              1015P   6143
-26.4172620661273,-31.846377722295,38.0393910318426,                1015P   6144
-14.736939327297,-32.6833649860997,36.9846946733369,                1015P   6145
-15.4681302326932,-33.6207468655953,35.7058596757651,               1015P   6146
-16.0448227786138,-35.5893765288052,32.8206987488825,               1015P   6147
-16.9326201629163,-36.6206243125195,31.2143728195719,               1015P   6148
-17.2437250012982,-39.6947815292455,26.085338153622,                1015P   6149
-17.8437714722546,-45.7647514250304,14.5870413096504,               1015P   6150
-17.7107922374108,-49.0742455998788,-3.5307435403817,               1015P   6151
-13.4283399803075,-51.5160021888273,-16.9046667468073,              1015P   6152
-18.2518394933699,-53.0439791901951,-24.3044953091997,              1015P   6153
-21.5506784859682,-53.8640109627541,-27.9908145241898,              1015P   6154
-23.3026956208463,-54.146695432253,-29.2173217514855,               1015P   6155
-23.9038009389022,-54.7383381447439,-31.6808865996812,              1015P   6156
-25.1460676363934,-55.0472963877359,-32.9179442205812,              1015P   6157
-25.7872290158288,-55.3731878589086,-34.1678180794531,              1015P   6158
-26.4513468502138,-55.951825245529,-36.3870346201633,               1015P   6159
-27.6305228707268,-56.5304626321494,-38.6062511608735,              1015P   6160
-28.8096988912398,-57.1091000187698,-40.8254677015837,              1015P   6161
-29.9888749117528,-35.7346263445192,37.9298934065248,               1015P   6162
-13.8157964251511,-36.5878519217173,36.8472190454744,               1015P   6163
-14.4322905223503,-37.5760722571903,35.5485387057355,               1015P   6164
-14.8694569893108,-39.6465556658795,32.6895214377605,               1015P   6165
-15.4733766940796,-40.7288187390956,31.1291845095243,               1015P   6166
-15.640129931888,-43.8527518971486,26.3112218953895,                1015P   6167
-15.8671328485734,-49.6091939668725,16.1274893494143,               1015P   6168
-15.2281114949853,-53.504372665075,-1.83548003493824,               1015P   6169
-12.5397441651071,-56.198435833527,-16.2206321814799,               1015P   6170
-17.8525750673514,-57.6792238713651,-23.9350580321268,              1015P   6171
-21.4449255115042,-58.4249337084922,-27.7239514915883,              1015P   6172
-23.2787446873808,-58.6743896239025,-28.9755294004319,              1015P   6173
-23.8962917383063,-59.1797274155838,-31.4699884140013,              1015P   6174
-25.1389674864241,-59.4356092918547,-32.7128695187272,              1015P   6175
-25.7640961836163,-59.6970311592847,-33.958440396979,               1015P   6176
-26.390532534775,-60.161199385691,-36.1700167700846,                1015P   6177
-27.5028031069817,-60.6253676120972,-38.3815931431902,              1015P   6178
-28.6150736791884,-61.0895358385035,-40.5931695162958,              1015P   6179
-29.7273442513951,-37.9757051868617,37.755731271591,                1015P   6180
-12.9954686729809,-38.7664591133864,36.7345613698888,               1015P   6181
-13.5038794366564,-39.7464020705144,35.5466702985137,               1015P   6182
-13.7867841627144,-41.8227978020241,32.9052091690037,               1015P   6183
-14.1111390052626,-42.9410193322375,31.4309781176119,               1015P   6184
-14.1503231521549,-46.0489537807678,26.9846335565834,               1015P   6185
-14.0603888750383,-51.9384190539428,17.1258039114749,               1015P   6186
-13.1001988996685,-56.4551219434433,-0.852088746851672,             1015P   6187
-11.499130823585,-59.2893424384046,-15.8854546909911,               1015P   6188
-16.8906808933148,-60.6855385648301,-23.767809207622,               1015P   6189
-20.5762560231881,-61.3636410052928,-27.6158577648065,              1015P   6190
-22.4313858518909,-61.5863425483221,-28.8830191670128,              1015P   6191
-23.0518195054196,-62.0302016055209,-31.4023794278003,              1015P   6192
-24.2863400252479,-62.2513591196905,-32.6545782863815,              1015P   6193
-24.9004268915476,-62.4743052087921,-33.9073360515261,              1015P   6194
-25.5061099266572,-62.87015767431,-36.1316731189652,                1015P   6195
-26.581531898564,-63.2660101398279,-38.3560101864043,               1015P   6196
-27.6569538704709,-63.6618626053458,-40.5803472538434,              1015P   6197
-28.7323758423777,-38.5825686683274,37.6998649644625,               1015P   6198
-12.7252803383756,-39.3837343442669,36.7048095663773,               1015P   6199
-13.1595482611223,-40.337151303227,35.5654012161566,                1015P   6200
-13.3923684730791,-42.4037714779621,33.0294501985156,               1015P   6201
-13.6124255944587,-43.4785522467735,31.6651513683816,               1015P   6202
-13.6017336917948,-46.6273084265895,27.2931039194594,               1015P   6203
-13.4040967162309,-52.6224762797478,17.4324051875348,               1015P   6204
-12.3465776948133,-57.376730699478,-0.572301040988821,              1015P   6205
-11.0898986297241,-60.2494915352559,-15.8033702664126,              1015P   6206
-16.4596418595488,-61.6092903264163,-23.7303644550037,              1015P   6207
-20.155140400838,-62.2628793104759,-27.5951687804907,               1015P   6208
-22.0107003008292,-62.4763572365757,-28.866988094185,               1015P   6209
-22.6305220390507,-62.9002650416345,-31.3949372079098,              1015P   6210
-23.860913813406,-63.1106949205936,-32.6510670079405,               1015P   6211
-24.4714838495398,-63.3224618209987,-33.9079560891089,              1015P   6212
-25.0715004120281,-63.6984650510992,-36.1396285246653,              1015P   6213
-26.1368612648234,-64.0744682811997,-38.3713009602218,              1015P   6214
-27.2022221176186,-64.4504715113002,-40.6029733957782,              1015P   6215
-28.2675829704138,-39.5159700326283,37.5925078259044,               1015P   6216
-12.191412168068,-40.3542604684096,36.7127903842498,                1015P   6217
-12.4132596856586,-41.2974634158259,35.7155829492958,               1015P   6218
-12.499542893804,-43.3369563284235,33.4168249622583,                1015P   6219
-12.5046685551133,-44.4239897171109,32.1282609477416,               1015P   6220
-12.4151534032664,-47.6474529502106,27.8884247516171,               1015P   6221
-12.030333572425,-53.9438316845591,17.9121757490713,                1015P   6222
-10.7955964095395,-59.0952351236027,-0.14232592417134,              1015P   6223
-10.1229156229861,-62.0231155534662,-15.6949015121337,              1015P   6224
-15.4024102206011,-63.3049969498691,-23.6835864167614,              1015P   6225
-19.0788592697104,-63.9106910606406,-27.5755530527811,              1015P   6226
-20.9247986780453,-64.1067146663262,-28.8558126287386,              1015P   6227
-21.5413976281203,-64.49432877458,-31.4024455516219,                1015P   6228
-22.7643209620898,-64.6859192771482,-32.6688188985476,              1015P   6229
-23.3706453459843,-64.8789511078375,-33.9383686524905,              1015P   6230
-23.9654093497351,-65.2216892397766,-36.1925207760876,              1015P   6231
-25.0214440092118,-65.5644273717157,-38.4466728996848,              1015P   6232
-26.0774786686884,-65.9071655036548,-40.7008250232819,              1015P   6233
-27.1335133281651,-39.8425079154636,37.5410169944749,               1015P   6234
-11.9277323323657,-40.7203150830186,36.698804702825,                1015P   6235
-12.0516080335063,-41.6728323494927,35.8326292585842,               1015P   6236
-12.0120993866134,-43.7028069329249,33.6552214690506,               1015P   6237
-11.9092542021657,-44.77966453541,32.3957163249754,                 1015P   6238
-11.7904284050599,-48.08924282801,28.1752752208987,                 1015P   6239
-11.3128625874265,-54.5811298635655,18.085345034548,                1015P   6240
-9.99823632912087,-59.8921307916927,0.00786148678328935,            1015P   6241
-9.56516481010916,-62.8365904748252,-15.6685171824332,              1015P   6242
-14.7762176154194,-64.0769518117355,-23.6742531311374,              1015P   6243
-18.4236937609328,-64.6592645056222,-27.5766263093872,              1015P   6244
-20.2595826063231,-64.847057407823,-28.8606682361201,               1015P   6245
-20.8735706835588,-65.2183290714119,-31.4173961152244,              1015P   6246
-22.0931543226156,-65.4018078327998,-32.6900820675958,              1015P   6247
-22.6987498844367,-65.5872837824698,-33.9681611782893,              1015P   6248
-23.2939278020711,-65.9166060516649,-36.2374576218099,              1015P   6249
-24.3506973873408,-66.2459283208601,-38.5067540653304,              1015P   6250
-25.4074669726106,-66.5752505900552,-40.7760505088509,              1015P   6251
-26.4642365578803,-40.1780158467902,37.4915903152331,               1015P   6252
-11.6323341125285,-41.0793445011094,36.7663684480946,               1015P   6253
-11.5718236136277,-42.026760819524,35.9180220123378,                1015P   6254
-11.5042192028229,-44.0503506650446,33.8411080007694,               1015P   6255
-11.2904971821167,-45.1265241921504,32.6125404249579,               1015P   6256
-11.1443795722152,-48.5481805865049,28.3565059874413,               1015P   6257
-10.588256943866,-55.2640201323253,18.1512525740686,                1015P   6258
-9.20145437955508,-60.6262877085929,0.0764579929956977,             1015P   6259
-8.92125645823646,-63.5735443254664,-15.6681915420263,              1015P   6260
-14.0652790812424,-64.7754629101175,-23.6747264569577,              1015P   6261
-17.6660374919724,-65.3375038841527,-27.5841195489703,              1015P   6262
-19.4880686198388,-65.5183644891161,-28.8716048520658,              1015P   6263
-20.0990209828779,-65.8763608561608,-31.4396453534768,              1015P   6264
-21.3174643136256,-66.0534966182422,-32.7202005517924,              1015P   6265
-21.9249552813341,-66.2333939238233,-34.0094713729037,              1015P   6266
-22.5253761999619,-66.5528110180691,-36.2986392848142,              1015P   6267
-23.5914550082744,-66.872228112315,-38.5878071967247,               1015P   6268
-24.657533816587,-67.1916452065608,-40.8769751086352,               1015P   6269
-25.7236126248995,0.,2.2219440510894,-0.674076639897504,0.5;        1015P   6270
128,1,1,1,1,0,0,1,0,0,0.500847459314359,0.500847459314359,          1017P   6271
0.912081656313403,0.912081656313403,-0.00100000000000028,           1017P   6272
-0.00100000000000028,1.23590190865741,1.23590190865741,1.,1.,1.,    1017P   6273
1.,-44.2776004759356,-22.5580821496396,-3.99000152304843,           1017P   6274
-44.2776004759356,-18.4457401796492,-3.99000152304843,              1017P   6275
-44.493469624265,-22.5580821496396,-16.357136748105,                1017P   6276
-44.493469624265,-18.4457401796492,-16.357136748105,                1017P   6277
0.500847459314359,0.912081656313403,-0.00100000000000028,           1017P   6278
1.23590190865741;                                                   1017P   6279
128,1,1,1,1,0,0,1,0,0,-0.0509999999999998,-0.0509999999999998,      1019P   6280
0.0509999999999998,0.0509999999999998,-0.670885688106432,           1019P   6281
-0.670885688106432,-0.25197595066293,-0.25197595066293,1.,1.,1.,    1019P   6282
1.,-43.267775,-18.4082101189357,-4.,-44.287775,                     1019P   6283
-18.4082101189357,-4.,-43.267775,-22.5973074933707,-4.,             1019P   6284
-44.287775,-22.5973074933707,-4.,-0.0509999999999998,               1019P   6285
0.0509999999999998,-0.670885688106432,-0.25197595066293;            1019P   6286
128,1,1,1,1,0,0,1,0,0,-1.33694118262533,-1.33694118262533,          1021P   6287
-0.921784451253174,-0.921784451253174,-0.00100000000000028,         1021P   6288
-0.00100000000000028,1.14708078590724,1.14708078590724,1.,1.,1.,    1021P   6289
1.,-43.2779495240644,-18.4457401796492,-3.99000152304843,           1021P   6290
-43.2779495240644,-22.5973074933707,-3.99000152304843,              1021P   6291
-43.0775817990795,-18.4457401796492,-15.4690607994754,              1021P   6292
-43.0775817990795,-22.5973074933707,-15.4690607994754,              1021P   6293
-1.33694118262533,-0.921784451253174,-0.00100000000000028,          1021P   6294
1.14708078590724;                                                   1021P   6295
128,1,1,1,1,0,0,1,0,0,-0.425667693164593,-0.425667693164593,        1023P   6296
-0.309413328423827,-0.309413328423827,-0.001,-0.001,                1023P   6297
1.01308290640596,1.01308290640596,1.,1.,1.,1.,-41.3363669257435,    1023P   6298
-24.6172415240644,-3.99000152304844,-40.1738232783358,              1023P   6299
-24.6172415240644,-3.99000152304844,-41.3363669257435,              1023P   6300
-24.4402596536274,-14.1292860897234,-40.1738232783358,              1023P   6301
-24.4402596536274,-14.1292860897234,-0.425667693164593,             1023P   6302
-0.309413328423827,-0.001,1.01308290640596;                         1023P   6303
128,1,1,1,1,0,0,1,0,0,-0.360395172166416,-0.360395172166416,        1025P   6304
-0.24414080742565,-0.24414080742565,-0.0510000000000003,            1025P   6305
-0.0510000000000003,0.0510000000000003,0.0510000000000003,1.,1.,    1025P   6306
1.,1.,-40.1738232783358,-24.607067,-4.,-41.3363669257435,           1025P   6307
-24.607067,-4.,-40.1738232783358,-25.627067,-4.,                    1025P   6308
-41.3363669257435,-25.627067,-4.,-0.360395172166416,                1025P   6309
-0.24414080742565,-0.0510000000000003,0.0510000000000003;           1025P   6310
128,1,1,1,1,0,0,1,0,0,-1.03020367275666,-1.03020367275666,          1027P   6311
-0.913949308015857,-0.913949308015857,-0.001,-0.001,                1027P   6312
1.00668634054448,1.00668634054448,1.,1.,1.,1.,-40.1738232783358,    1027P   6313
-25.6168924759357,-3.99000152304844,-41.3363669257439,              1027P   6314
-25.6168924759357,-3.99000152304844,-40.1738232783358,              1027P   6315
-25.7927579917005,-14.0653301733882,-41.3363669257438,              1027P   6316
-25.7927579917005,-14.0653301733882,-1.03020367275666,              1027P   6317
-0.913949308015857,-0.001,1.00668634054448;                         1027P   6318
128,20,16,3,3,0,0,1,0,0,-0.0572457050738602,-0.0572457050738602,    1029P   6319
-0.0572457050738602,-0.0572457050738602,0.,0.,0.,0.125,0.125,       1029P   6320
0.25,0.25,0.5,1.,1.5,1.75,1.75,1.875,1.875,2.,2.,2.,                1029P   6321
2.50488805379238,2.50488805379238,2.50488805379238,                 1029P   6322
2.50488805379238,-1.02019138950968,-1.02019138950968,               1029P   6323
-1.02019138950968,-1.02019138950968,0.,0.,0.,0.03125,0.03125,       1029P   6324
0.0625,0.0625,0.125,0.25,0.375,0.375,0.4375,0.4375,0.5,0.5,0.5,     1029P   6325
0.5,1.,1.,1.,1.,1.,1.,1.,1.,1.,1.,1.,1.,1.,1.,1.,1.,1.,1.,1.,1.,    1029P   6326
1.,1.,1.,1.,1.,1.,1.,1.,1.,1.,1.,1.,1.,1.,1.,1.,1.,1.,1.,1.,1.,     1029P   6327
1.,1.,1.,1.,1.,1.,1.,1.,1.,1.,1.,1.,1.,1.,1.,1.,1.,1.,1.,1.,1.,     1029P   6328
1.,1.,1.,1.,1.,1.,1.,1.,1.,1.,1.,1.,1.,1.,1.,1.,1.,1.,1.,1.,1.,     1029P   6329
1.,1.,1.,1.,1.,1.,1.,1.,1.,1.,1.,1.,1.,1.,1.,1.,1.,1.,1.,1.,1.,     1029P   6330
1.,1.,1.,1.,1.,1.,1.,1.,1.,1.,1.,1.,1.,1.,1.,1.,1.,1.,1.,1.,1.,     1029P   6331
1.,1.,1.,1.,1.,1.,1.,1.,1.,1.,1.,1.,1.,1.,1.,1.,1.,1.,1.,1.,1.,     1029P   6332
1.,1.,1.,1.,1.,1.,1.,1.,1.,1.,1.,1.,1.,1.,1.,1.,1.,1.,1.,1.,1.,     1029P   6333
1.,1.,1.,1.,1.,1.,1.,1.,1.,1.,1.,1.,1.,1.,1.,1.,1.,1.,1.,1.,1.,     1029P   6334
1.,1.,1.,1.,1.,1.,1.,1.,1.,1.,1.,1.,1.,1.,1.,1.,1.,1.,1.,1.,1.,     1029P   6335
1.,1.,1.,1.,1.,1.,1.,1.,1.,1.,1.,1.,1.,1.,1.,1.,1.,1.,1.,1.,1.,     1029P   6336
1.,1.,1.,1.,1.,1.,1.,1.,1.,1.,1.,1.,1.,1.,1.,1.,1.,1.,1.,1.,1.,     1029P   6337
1.,1.,1.,1.,1.,1.,1.,1.,1.,1.,1.,1.,1.,1.,1.,1.,1.,1.,1.,1.,1.,     1029P   6338
1.,1.,1.,1.,1.,1.,1.,1.,1.,1.,1.,1.,1.,1.,1.,1.,1.,1.,1.,1.,1.,     1029P   6339
1.,1.,1.,1.,1.,1.,1.,1.,1.,1.,1.,1.,1.,1.,1.,1.,1.,1.,1.,1.,1.,     1029P   6340
1.,1.,1.,1.,1.,1.,1.,1.,1.,1.,1.,1.,1.,1.,1.,1.,1.,1.,1.,1.,1.,     1029P   6341
1.,1.,1.,1.,1.,1.,1.,1.,1.,1.,1.,1.,1.,1.,1.,1.,1.,1.,1.,1.,1.,     1029P   6342
1.,39.7096202750341,46.915686083889,-12.7460282661624,              1029P   6343
39.1991216198699,46.3082778417571,-13.6304598930788,                1029P   6344
38.6886229647057,45.7008695996253,-14.5148915199953,                1029P   6345
38.1781243095415,45.0934613574934,-15.3993231469117,                1029P   6346
37.0634147987897,43.7671429870843,-17.3305414491742,                1029P   6347
36.0819519643443,41.9889898391041,-18.7872028851788,                1029P   6348
34.3465146377315,37.8497183534088,-20.9257920797473,                1029P   6349
33.5925401455627,35.4886000156929,-21.6077198383111,                1029P   6350
31.6133416669687,28.0118537660519,-22.7529726804477,                1029P   6351
28.7858447014223,11.4847963207924,-21.4413566305066,                1029P   6352
27.3875490968548,-4.68586222686721,-11.7075245138802,               1029P   6353
24.1752671528652,-32.0810719179399,7.26014457069989,                1029P   6354
26.2576884323733,-40.2958108301754,28.4393619251972,                1029P   6355
26.5045124981732,-42.4319121115225,41.225838646921,                 1029P   6356
27.3964850708609,-42.741701056451,46.748031427476,                  1029P   6357
24.9515422534978,-53.1709559872064,64.0707117736751,                1029P   6358
23.5039126121732,-60.0791837330634,74.8502777482672,                1029P   6359
30.9419770383657,-57.9126963673682,112.430081479147,                1029P   6360
60.9850960153469,-49.1620276503152,264.218833219813,                1029P   6361
91.028214992328,-40.4113589332623,416.007584960479,                 1029P   6362
121.071333969309,-31.6606902162094,567.796336701145,                1029P   6363
21.7842989189604,44.8176666027556,-13.1486670421307,                1029P   6364
21.3129613166832,44.2634615641702,-13.8712364500855,                1029P   6365
20.8416237144061,43.7092565255849,-14.5938058580403,                1029P   6366
20.3702861121289,43.1550514869995,-15.3163752659951,                1029P   6367
19.3410874987372,41.9449060318289,-16.8941560947545,                1029P   6368
18.3892103441851,40.3267765696068,-18.1045112718935,                1029P   6369
16.6282659023942,36.5475689676178,-19.913586778069,                 1029P   6370
15.8191986151545,34.3864908278504,-20.5123071071054,                1029P   6371
13.5884619788555,27.498362397067,-21.5758405047644,                 1029P   6372
9.91284960793177,12.1025294895721,-20.7723969422841,                1029P   6373
7.006150476083,-5.27391205914403,-12.1737598573572,                 1029P   6374
4.29960925243473,-28.1778316874299,0.790903281839679,               1029P   6375
5.53625541679691,-36.054978989994,15.5605021765101,                 1029P   6376
5.59783165747787,-38.7237045301233,24.4298927651241,                1029P   6377
6.13335928377897,-39.3775535140513,28.2137063619369,                1029P   6378
4.33556314125333,-47.2899102043036,39.9415183824198,                1029P   6379
3.26176320491071,-52.4075924173145,47.2049024120554,                1029P   6380
8.18415329306633,-51.3530800161076,72.346967806455,                 1029P   6381
28.0662009059925,-47.0937943045454,173.898395528848,                1029P   6382
47.9482485189186,-42.8345085929832,275.44982325124,                 1029P   6383
67.8302961318447,-38.5752228814211,377.001250973632,                1029P   6384
3.85897756288664,42.7196471216221,-13.5513058180991,                1029P   6385
3.42680101349651,42.2186452865833,-14.1120130070922,                1029P   6386
2.99462446410638,41.7176434515444,-14.6727201960854,                1029P   6387
2.56244791471625,41.2166416165056,-15.2334273850786,                1029P   6388
1.61876019868471,40.1226690765735,-16.4577707403349,                1029P   6389
0.696468724025887,38.6645633001095,-17.4218196586082,               1029P   6390
-1.08998283294306,35.2454195818269,-18.9013814763907,               1029P   6391
-1.95414291525362,33.284381640008,-19.4168943758998,                1029P   6392
-4.43641770925776,26.9848710280821,-20.3987083290811,               1029P   6393
-8.9601454855588,12.7202626583519,-20.1034372540615,                1029P   6394
-13.3752481446888,-5.86196189142085,-12.6399952008342,              1029P   6395
-15.5760486479958,-24.27459145692,-5.67833800702053,                1029P   6396
-15.1851775987795,-31.8141471498126,2.681642427823,                 1029P   6397
-15.3088491832174,-35.0154969487241,7.63394688332713,               1029P   6398
-15.129766503303,-36.0134059716516,9.67938129639775,                1029P   6399
-16.2804159709912,-41.4088644214007,15.8123249911646,               1029P   6400
-16.9803862023517,-44.7360011015656,19.5595270758436,               1029P   6401
-14.573670452233,-44.793463664847,32.2638541337632,                 1029P   6402
-4.85269420336191,-45.0255609587756,83.5779578378821,               1029P   6403
4.86828204550922,-45.2576582527041,134.892061542001,                1029P   6404
14.5892582943804,-45.4897555466327,186.20616524612,                 1029P   6405
-14.0663437931871,40.6216276404887,-13.9539445940675,               1029P   6406
-14.4593592896902,40.1738290089963,-14.352789564099,                1029P   6407
-14.8523747861933,39.726030377504,-14.7516345341305,                1029P   6408
-15.2453902826964,39.2782317460117,-15.150479504162,                1029P   6409
-16.1035671013678,38.3004321213181,-16.0213853859152,               1029P   6410
-16.9962728961333,37.0023500306122,-16.739128045323,                1029P   6411
-18.8082315682803,33.943270196036,-17.8891761747124,                1029P   6412
-19.7274844456618,32.1822724521656,-18.3214816446942,               1029P   6413
-22.461297397371,26.4713796590971,-19.2215761533978,                1029P   6414
-27.8331405790494,13.3379958271317,-19.434477565839,                1029P   6415
-33.7566467654605,-6.45001172369767,-13.1062305443112,              1029P   6416
-35.4517065484262,-20.37135122641,-12.1475792958807,                1029P   6417
-35.9066106143559,-27.5733153096312,-10.1972173208641,              1029P   6418
-36.2155300239128,-31.3072893673248,-9.16199899846979,              1029P   6419
-36.3928922903849,-32.6492584292519,-8.85494376914138,              1029P   6420
-36.8963950832356,-35.5278186384979,-8.31686840009059,              1029P   6421
-37.2225356096142,-37.0644097858167,-8.08584826036822,              1029P   6422
-37.3314941975324,-38.2338473135864,-7.81925953892859,              1029P   6423
-37.7715893127163,-42.9573276130057,-6.74247985308336,              1029P   6424
-38.2116844279002,-47.680807912425,-5.66570016723813,               1029P   6425
-38.651779543084,-52.4042882118443,-4.5889204813929,                1029P   6426
-14.6154234052455,40.5573621414269,-13.9662780266747,               1029P   6427
-15.007239339671,40.1111932042526,-14.3601649129637,                1029P   6428
-15.3990552740966,39.6650242670783,-14.7540517992527,               1029P   6429
-15.7908712085221,39.2188553299041,-15.1479386855418,               1029P   6430
-16.6464286995163,38.2446142567122,-16.0080182447437,               1029P   6431
-17.5382282403121,36.9514339327056,-16.7182161721838,               1029P   6432
-19.350968233844,33.9033833976133,-17.8581708006202,                1029P   6433
-20.2719086865801,32.1485131865276,-18.2879275016165,               1029P   6434
-23.0134266312045,26.4556506444772,-19.1855188205597,               1029P   6435
-28.411248866118,13.3569179252035,-19.4139863222626,                1029P   6436
-34.3809597261936,-6.46802457643061,-13.1205120356407,              1029P   6437
-36.0605279085898,-20.251789094777,-12.3457419076766,               1029P   6438
-36.5413393411373,-27.4434122381405,-10.5917162073328,              1029P   6439
-36.8559331708024,-31.1937013797077,-9.67648413743809,              1029P   6440
-37.0442138832536,-32.5462095192327,-9.42267808277489,              1029P   6441
-37.5278935980067,-35.3476733416394,-9.05598196371234,              1029P   6442
-37.8425831570464,-36.8294173803894,-8.93266777692171,              1029P   6443
-38.0286006418266,-38.0329163774065,-9.04706572819042,              1029P   6444
-38.7799446887225,-42.8939745081668,-9.5091309999816,               1029P   6445
-39.5312887356184,-47.7550326389272,-9.97119627177278,              1029P   6446
-40.2826327825144,-52.6160907696876,-10.433261543564,               1029P   6447
-15.1958480431417,40.4892686335188,-13.9778666903174,               1029P   6448
-15.5845968291927,40.0449446984969,-14.3661281941724,               1029P   6449
-15.9733456152438,39.600620763475,-14.7543896980274,                1029P   6450
-16.3620944012949,39.1562968284531,-15.1426512018824,               1029P   6451
-17.2109545593397,38.1860844464747,-15.9904473451784,               1029P   6452
-18.0982000928696,36.898185544056,-16.6922899017586,                1029P   6453
-19.9052207461213,33.8618234799751,-17.8215173517566,               1029P   6454
-20.8249958658431,32.113360318313,-18.2489022451744,                1029P   6455
-23.5667538571287,26.4393376169175,-19.1455446960872,               1029P   6456
-28.9800003681811,13.3767593484897,-19.3967806805512,               1029P   6457
-34.9962606423064,-6.47834186217007,-13.1522333506503,              1029P   6458
-36.6757225662359,-20.125711084175,-12.5770151743059,               1029P   6459
-37.1755652414201,-27.3118253159055,-11.0393976719722,              1029P   6460
-37.5177593306282,-31.1152630566741,-10.2758646494831,              1029P   6461
-37.6472028189669,-32.4181390744141,-10.0222329300997,              1029P   6462
-38.0740563326191,-35.1453702779555,-9.81751482240046,              1029P   6463
-38.3262619871665,-36.4896360347139,-9.86818902458551,              1029P   6464
-38.7152544016626,-37.7992159599712,-10.3593935504126,              1029P   6465
-40.2864353864223,-43.0887460379608,-12.3434199268836,              1029P   6466
-41.8576163711819,-48.3782761159505,-14.3274463033546,              1029P   6467
-43.4287973559416,-53.6678061939402,-16.3114726798255,              1029P   6468
-16.4086345813749,40.3510657510841,-13.9975414106855,               1029P   6469
-16.7893252553232,39.9102779417414,-14.374115749794,                1029P   6470
-17.1700159292714,39.4694901323988,-14.7506900889026,               1029P   6471
-17.5507066032196,39.0287023230562,-15.1272644280111,               1029P   6472
-18.3819713100152,38.0662113187662,-15.9495408298448,               1029P   6473
-19.2565030659634,36.7887740767586,-16.6340029080604,               1029P   6474
-21.0457609847562,33.7760302223977,-17.7409853155607,               1029P   6475
-21.9604871476008,32.0407236100444,-18.1635056448455,               1029P   6476
-24.6954477093663,26.4060343751,-19.058684356762,                   1029P   6477
-30.1284971258239,13.4215783136734,-19.3595126768434,               1029P   6478
-36.2188394666979,-6.47318344102636,-13.2344615898863,              1029P   6479
-37.9205818235739,-19.8633858122109,-13.0824542790216,              1029P   6480
-38.4686369719144,-27.0340955584337,-12.0339974372466,              1029P   6481
-38.8170333643522,-30.8271165276675,-11.5996262313272,              1029P   6482
-38.9455602982094,-32.1260678667659,-11.4698120318487,              1029P   6483
-39.3544295448155,-34.7747945262567,-11.6110033141385,              1029P   6484
-39.6741314180092,-36.0850689217305,-11.9481245026835,              1029P   6485
-40.1818925770299,-37.3162824273175,-12.8547379764245,              1029P   6486
-42.2327929239847,-42.2892823524274,-16.5166444748167,              1029P   6487
-44.2836932709394,-47.2622822775373,-20.1785509732088,              1029P   6488
-46.3345936178941,-52.2352822026471,-23.8404574716009,              1029P   6489
-17.040996481712,40.2809563765573,-14.0056274674109,                1029P   6490
-17.4166961919318,39.8418596907416,-14.376140024207,                1029P   6491
-17.7923959021517,39.402763004926,-14.746652581003,                 1029P   6492
-18.1680956123716,38.9636663191103,-15.1171651377991,               1029P   6493
-18.9884622008674,38.0048680012952,-15.9262052140765,               1029P   6494
-19.8548341864997,36.7326109981109,-16.6016421847872,               1029P   6495
-21.6320487111138,33.7317968824584,-17.6971067282284,               1029P   6496
-22.5428912500956,32.0032397699903,-18.1171343009588,               1029P   6497
-25.2708143356797,26.3890441608421,-19.0117981419093,               1029P   6498
-30.7082423814036,13.4465558555709,-19.3394503148471,               1029P   6499
-36.8261173749765,-6.45770773414317,-13.2849685141125,              1029P   6500
-38.5502464232659,-19.7271385508487,-13.3566201171079,              1029P   6501
-39.127482802126,-26.8879527231968,-12.5809157378817,               1029P   6502
-39.5314009646782,-30.6381565791617,-12.4009946359588,              1029P   6503
-39.675326730161,-31.9415726740711,-12.3526824839858,               1029P   6504
-40.1426585253145,-34.5430792867681,-12.702602067935,               1029P   6505
-40.3346151900057,-35.8666372969911,-12.9995170600704,              1029P   6506
-40.9618769925612,-37.0670493120992,-14.0377545802141,              1029P   6507
-43.4954529182457,-41.9156388005544,-18.231304347571,               1029P   6508
-46.0290288439302,-46.7642282890096,-22.4248541149278,              1029P   6509
-48.5626047696147,-51.6128177774648,-26.6184038822847,              1029P   6510
-18.9998588925327,40.0760646796591,-14.0216121237288,               1029P   6511
-19.3604170243962,39.6409338050455,-14.3746320300267,               1029P   6512
-19.7209751562597,39.2058029304319,-14.7276519363245,               1029P   6513
-20.0815332881232,38.7706720558184,-15.0806718426224,               1029P   6514
-20.8688371814858,37.8205333640769,-15.8515154933434,               1029P   6515
-21.7108558269091,36.5623745644025,-16.5002998482811,               1029P   6516
-23.4524699922868,33.5960959533834,-17.5607397751387,               1029P   6517
-24.3520655122412,31.8879761420388,-17.9723953470586,               1029P   6518
-27.0594384395156,26.3377939967931,-18.862153601114,                1029P   6519
-32.508529763709,13.5341388614544,-19.2608362624089,                1029P   6520
-38.6509182101702,-6.35698833660609,-13.4405266434002,              1029P   6521
-40.4635301560324,-19.3074366513886,-14.2084633812376,              1029P   6522
-41.1793885620429,-26.4109080307131,-14.3598334132613,              1029P   6523
-41.713994384415,-30.0959554630811,-14.8108219181354,               1029P   6524
-41.9216424284335,-31.3465232309881,-15.0237020012372,              1029P   6525
-42.5166979468251,-33.8400275770365,-15.8445036203825,              1029P   6526
-42.9041054211981,-35.082964155178,-16.452425156426,                1029P   6527
-43.4418262226979,-36.2960509197697,-17.3928375639342,              1029P   6528
-45.6137366943209,-41.1958350450178,-21.1912614854461,              1029P   6529
-47.785647165944,-46.0956191702659,-24.9896854069581,               1029P   6530
-49.9575576375671,-50.9954032955141,-28.78810932847,                1029P   6531
-23.1646905534119,39.6880269925911,-14.0204873809317,               1029P   6532
-23.4942907798779,39.2563975028664,-14.3412927719898,               1029P   6533
-23.8238910063439,38.8247680131417,-14.6620981630479,               1029P   6534
-24.1534912328099,38.3931385234169,-14.9829035541061,               1029P   6535
-24.8731963749703,37.4506453504186,-15.6834045581645,               1029P   6536
-25.6670122229297,36.2149129059246,-16.2805745085226,               1029P   6537
-27.3395449630336,33.312690458205,-17.2690811045893,                1029P   6538
-28.2182618551781,31.6462004549792,-17.6604177502977,               1029P   6539
-30.8867835467698,26.2341755835931,-18.5269209345748,               1029P   6540
-36.3533109905853,13.7599063939854,-19.0299002917351,               1029P   6541
-42.3123883219891,-5.93838043398179,-13.7677923284114,              1029P   6542
-44.3872573563275,-18.4241923909738,-16.0295329089798,              1029P   6543
-45.5846731590047,-25.3023538986543,-18.4703198579183,              1029P   6544
-46.3563071095833,-28.8096839731964,-19.929288346981,               1029P   6545
-46.6423394346496,-29.9901688848275,-20.4553736791007,              1029P   6546
-47.3021867099,-32.4023001925104,-21.5967278895093,                 1029P   6547
-47.6760016600843,-33.6339465885622,-22.2119967677981,              1029P   6548
-48.1087782271798,-34.9053795822512,-22.8766866898237,              1029P   6549
-49.8568079766822,-40.0408302199398,-25.5614386986788,              1029P   6550
-51.6048377261846,-45.1762808576283,-28.2461907075339,              1029P   6551
-53.352867475687,-50.3117314953168,-30.9309427163891,               1029P   6552
-30.6964434969909,39.4884351121984,-13.7323583931451,               1029P   6553
-31.0797549054256,39.0054204187464,-14.0672187045291,               1029P   6554
-31.4630663138603,38.5224057252945,-14.4020790159131,               1029P   6555
-31.846377722295,38.0393910318426,-14.736939327297,                 1029P   6556
-32.6833649860997,36.9846946733369,-15.4681302326932,               1029P   6557
-33.6207468655953,35.7058596757651,-16.0448227786138,               1029P   6558
-35.5893765288052,32.8206987488825,-16.9326201629163,               1029P   6559
-36.6206243125195,31.2143728195719,-17.2437250012982,               1029P   6560
-39.6947815292455,26.085338153622,-17.8437714722546,                1029P   6561
-45.7647514250304,14.5870413096504,-17.7107922374108,               1029P   6562
-49.0742455998788,-3.5307435403817,-13.4283399803075,               1029P   6563
-51.5160021888273,-16.9046667468073,-18.2518394933699,              1029P   6564
-53.0439791901951,-24.3044953091997,-21.5506784859682,              1029P   6565
-53.8640109627541,-27.9908145241898,-23.3026956208463,              1029P   6566
-54.146695432253,-29.2173217514855,-23.9038009389022,               1029P   6567
-54.7383381447439,-31.6808865996812,-25.1460676363934,              1029P   6568
-55.0472963877359,-32.9179442205812,-25.7872290158288,              1029P   6569
-55.3731878589086,-34.1678180794531,-26.4513468502138,              1029P   6570
-56.6894975439319,-39.2161891201876,-29.1337881373454,              1029P   6571
-58.0058072289551,-44.2645601609221,-31.816229424477,               1029P   6572
-59.3221169139783,-49.3129312016566,-34.4986707116086,              1029P   6573
-34.562382350429,39.4173763784541,-12.968797082718,                 1029P   6574
-34.953130348459,38.9215487211443,-13.2511301968623,                1029P   6575
-35.3438783464891,38.4257210638346,-13.5334633110067,               1029P   6576
-35.7346263445192,37.9298934065248,-13.8157964251511,               1029P   6577
-36.5878519217173,36.8472190454744,-14.4322905223503,               1029P   6578
-37.5760722571903,35.5485387057355,-14.8694569893108,               1029P   6579
-39.6465556658795,32.6895214377605,-15.4733766940796,               1029P   6580
-40.7288187390956,31.1291845095243,-15.640129931888,                1029P   6581
-43.8527518971486,26.3112218953895,-15.8671328485734,               1029P   6582
-49.6091939668725,16.1274893494143,-15.2281114949853,               1029P   6583
-53.504372665075,-1.83548003493824,-12.5397441651071,               1029P   6584
-56.198435833527,-16.2206321814799,-17.8525750673514,               1029P   6585
-57.6792238713651,-23.9350580321268,-21.4449255115042,              1029P   6586
-58.4249337084922,-27.7239514915883,-23.2787446873808,              1029P   6587
-58.6743896239025,-28.9755294004319,-23.8962917383063,              1029P   6588
-59.1797274155838,-31.4699884140013,-25.1389674864241,              1029P   6589
-59.4356092918547,-32.7128695187272,-25.7640961836163,              1029P   6590
-59.6970311592847,-33.958440396979,-26.390532534775,                1029P   6591
-60.7529413822089,-38.9894312496273,-28.9207743760657,              1029P   6592
-61.8088516051332,-44.0204221022757,-31.4510162173565,              1029P   6593
-62.8647618280574,-49.051412954924,-33.9812580586472,               1029P   6594
-36.8892908013299,39.1587134561464,-12.296964689771,                1029P   6595
-37.2514289298405,38.6910527279613,-12.529799350841,                1029P   6596
-37.6135670583511,38.2233919997761,-12.7626340119109,               1029P   6597
-37.9757051868617,37.755731271591,-12.9954686729809,                1029P   6598
-38.7664591133864,36.7345613698888,-13.5038794366564,               1029P   6599
-39.7464020705144,35.5466702985137,-13.7867841627144,               1029P   6600
-41.8227978020241,32.9052091690037,-14.1111390052626,               1029P   6601
-42.9410193322375,31.4309781176119,-14.1503231521549,               1029P   6602
-46.0489537807678,26.9846335565834,-14.0603888750383,               1029P   6603
-51.9384190539428,17.1258039114749,-13.1001988996685,               1029P   6604
-56.4551219434433,-0.852088746851672,-11.499130823585,              1029P   6605
-59.2893424384046,-15.8854546909911,-16.8906808933148,              1029P   6606
-60.6855385648301,-23.767809207622,-20.5762560231881,               1029P   6607
-61.3636410052928,-27.6158577648065,-22.4313858518909,              1029P   6608
-61.5863425483221,-28.8830191670128,-23.0518195054196,              1029P   6609
-62.0302016055209,-31.4023794278003,-24.2863400252479,              1029P   6610
-62.2513591196905,-32.6545782863815,-24.9004268915476,              1029P   6611
-62.4743052087921,-33.9073360515261,-25.5061099266572,              1029P   6612
-63.374807745009,-38.9673554908631,-27.9525269571497,               1029P   6613
-64.2753102812258,-44.0273749302,-30.3989439876422,                 1029P   6614
-65.1758128174427,-49.087394369537,-32.8453610181347,               1029P   6615
-37.4818496123243,39.066968512885,-12.1286409760893,                1029P   6616
-37.8487559643253,38.6112673300775,-12.3275207635181,               1029P   6617
-38.2156623163264,38.15556614727,-12.5264005509468,                 1029P   6618
-38.5825686683274,37.6998649644625,-12.7252803383756,               1029P   6619
-39.3837343442669,36.7048095663773,-13.1595482611223,               1029P   6620
-40.337151303227,35.5654012161566,-13.3923684730791,                1029P   6621
-42.4037714779621,33.0294501985156,-13.6124255944587,               1029P   6622
-43.4785522467735,31.6651513683816,-13.6017336917948,               1029P   6623
-46.6273084265895,27.2931039194594,-13.4040967162309,               1029P   6624
-52.6224762797478,17.4324051875348,-12.3465776948133,               1029P   6625
-57.376730699478,-0.572301040988821,-11.0898986297241,              1029P   6626
-60.2494915352559,-15.8033702664126,-16.4596418595488,              1029P   6627
-61.6092903264163,-23.7303644550037,-20.155140400838,               1029P   6628
-62.2628793104759,-27.5951687804907,-22.0107003008292,              1029P   6629
-62.4763572365757,-28.866988094185,-22.6305220390507,               1029P   6630
-62.9002650416345,-31.3949372079098,-23.860913813406,               1029P   6631
-63.1106949205936,-32.6510670079405,-24.4714838495398,              1029P   6632
-63.3224618209987,-33.9079560891089,-25.0715004120281,              1029P   6633
-64.1778104466242,-38.984662345301,-27.4950299678517,               1029P   6634
-65.0331590722498,-44.0613686014931,-29.9185595236752,              1029P   6635
-65.8885076978753,-49.1380748576852,-32.3420890794987,              1029P   6636
-38.3642453833571,38.8011489110235,-11.8866165465474,               1029P   6637
-38.7481535997808,38.3982685493171,-11.9882150870543,               1029P   6638
-39.1320618162046,37.9953881876108,-12.0898136275611,               1029P   6639
-39.5159700326283,37.5925078259044,-12.191412168068,                1029P   6640
-40.3542604684096,36.7127903842498,-12.4132596856586,               1029P   6641
-41.2974634158259,35.7155829492958,-12.499542893804,                1029P   6642
-43.3369563284235,33.4168249622583,-12.5046685551133,               1029P   6643
-44.4239897171109,32.1282609477416,-12.4151534032664,               1029P   6644
-47.6474529502106,27.8884247516171,-12.030333572425,                1029P   6645
-53.9438316845591,17.9121757490713,-10.7955964095395,               1029P   6646
-59.0952351236027,-0.14232592417134,-10.1229156229861,              1029P   6647
-62.0231155534662,-15.6949015121337,-15.4024102206011,              1029P   6648
-63.3049969498691,-23.6835864167614,-19.0788592697104,              1029P   6649
-63.9106910606406,-27.5755530527811,-20.9247986780453,              1029P   6650
-64.1067146663262,-28.8558126287386,-21.5413976281203,              1029P   6651
-64.49432877458,-31.4024455516219,-22.7643209620898,                1029P   6652
-64.6859192771482,-32.6688188985476,-23.3706453459843,              1029P   6653
-64.8789511078375,-33.9383686524905,-23.9654093497351,              1029P   6654
-65.6586268303711,-39.0662126881771,-26.3677232722908,              1029P   6655
-66.4383025529047,-44.1940567238637,-28.7700371948464,              1029P   6656
-67.2179782754383,-49.3219007595504,-31.1723511174021,              1029P   6657
-38.6364913500498,38.6981298694518,-11.7575398878861,               1029P   6658
-39.0384968718544,38.3124255777929,-11.8142707027126,               1029P   6659
-39.440502393659,37.9267212861339,-11.8710015175391,                1029P   6660
-39.8425079154636,37.5410169944749,-11.9277323323657,               1029P   6661
-40.7203150830186,36.698804702825,-12.0516080335063,                1029P   6662
-41.6728323494927,35.8326292585842,-12.0120993866134,               1029P   6663
-43.7028069329249,33.6552214690506,-11.9092542021657,               1029P   6664
-44.77966453541,32.3957163249754,-11.7904284050599,                 1029P   6665
-48.08924282801,28.1752752208987,-11.3128625874265,                 1029P   6666
-54.5811298635655,18.085345034548,-9.99823632912087,                1029P   6667
-59.8921307916927,0.00786148678328935,-9.56516481010916,            1029P   6668
-62.8365904748252,-15.6685171824332,-14.7762176154194,              1029P   6669
-64.0769518117355,-23.6742531311374,-18.4236937609328,              1029P   6670
-64.6592645056222,-27.5766263093872,-20.2595826063231,              1029P   6671
-64.847057407823,-28.8606682361201,-20.8735706835588,               1029P   6672
-65.2183290714119,-31.4173961152244,-22.0931543226156,              1029P   6673
-65.4018078327998,-32.6900820675958,-22.6987498844367,              1029P   6674
-65.5872837824698,-33.9681611782893,-23.2939278020711,              1029P   6675
-66.3364405125028,-39.1304561766154,-25.6979135660279,              1029P   6676
-67.0855972425359,-44.2927511749415,-28.1018993299847,              1029P   6677
-67.834753972569,-49.4550461732676,-30.5058850939415,               1029P   6678
-38.9396831831157,38.4879704060968,-11.7154693007033,               1029P   6679
-39.3524607376739,38.1558437091423,-11.6877575713117,               1029P   6680
-39.7652382922321,37.8237170121877,-11.6600458419201,               1029P   6681
-40.1780158467902,37.4915903152331,-11.6323341125285,               1029P   6682
-41.0793445011094,36.7663684480946,-11.5718236136277,               1029P   6683
-42.026760819524,35.9180220123378,-11.5042192028229,                1029P   6684
-44.0503506650446,33.8411080007694,-11.2904971821167,               1029P   6685
-45.1265241921504,32.6125404249579,-11.1443795722152,               1029P   6686
-48.5481805865049,28.3565059874413,-10.588256943866,                1029P   6687
-55.2640201323253,18.1512525740686,-9.20145437955508,               1029P   6688
-60.6262877085929,0.0764579929956977,-8.92125645823646,             1029P   6689
-63.5735443254664,-15.6681915420263,-14.0652790812424,              1029P   6690
-64.7754629101175,-23.6747264569577,-17.6660374919724,              1029P   6691
-65.3375038841527,-27.5841195489703,-19.4880686198388,              1029P   6692
-65.5183644891161,-28.8716048520658,-20.0990209828779,              1029P   6693
-65.8763608561608,-31.4396453534768,-21.3174643136256,              1029P   6694
-66.0534966182422,-32.7202005517924,-21.9249552813341,              1029P   6695
-66.2333939238233,-34.0094713729037,-22.5253761999619,              1029P   6696
-66.9600179278019,-39.2169708583614,-24.9505389924595,              1029P   6697
-67.6866419317804,-44.424470343819,-27.3757017849572,               1029P   6698
-68.413265935759,-49.6319698292767,-29.8008645774548,               1029P   6699
-0.0572457050738602,2.50488805379238,-1.02019138950968,0.5;         1029P   6700
128,17,16,3,3,0,0,1,0,0,0.,0.,0.,0.,0.125,0.125,0.25,0.25,0.5,      1031P   6701
1.,1.5,1.75,1.75,1.875,1.875,2.,2.,2.,2.2219440510894,              1031P   6702
2.2219440510894,2.2219440510894,2.2219440510894,                    1031P   6703
-0.674076639897504,-0.674076639897504,-0.674076639897504,           1031P   6704
-0.674076639897504,0.,0.,0.,0.03125,0.03125,0.0625,0.0625,0.125,    1031P   6705
0.25,0.375,0.375,0.4375,0.4375,0.5,0.5,0.5,0.5,1.,1.,1.,1.,1.,      1031P   6706
1.,1.,1.,1.,1.,1.,1.,1.,1.,1.,1.,1.,1.,1.,1.,1.,1.,1.,1.,1.,1.,     1031P   6707
1.,1.,1.,1.,1.,1.,1.,1.,1.,1.,1.,1.,1.,1.,1.,1.,1.,1.,1.,1.,1.,     1031P   6708
1.,1.,1.,1.,1.,1.,1.,1.,1.,1.,1.,1.,1.,1.,1.,1.,1.,1.,1.,1.,1.,     1031P   6709
1.,1.,1.,1.,1.,1.,1.,1.,1.,1.,1.,1.,1.,1.,1.,1.,1.,1.,1.,1.,1.,     1031P   6710
1.,1.,1.,1.,1.,1.,1.,1.,1.,1.,1.,1.,1.,1.,1.,1.,1.,1.,1.,1.,1.,     1031P   6711
1.,1.,1.,1.,1.,1.,1.,1.,1.,1.,1.,1.,1.,1.,1.,1.,1.,1.,1.,1.,1.,     1031P   6712
1.,1.,1.,1.,1.,1.,1.,1.,1.,1.,1.,1.,1.,1.,1.,1.,1.,1.,1.,1.,1.,     1031P   6713
1.,1.,1.,1.,1.,1.,1.,1.,1.,1.,1.,1.,1.,1.,1.,1.,1.,1.,1.,1.,1.,     1031P   6714
1.,1.,1.,1.,1.,1.,1.,1.,1.,1.,1.,1.,1.,1.,1.,1.,1.,1.,1.,1.,1.,     1031P   6715
1.,1.,1.,1.,1.,1.,1.,1.,1.,1.,1.,1.,1.,1.,1.,1.,1.,1.,1.,1.,1.,     1031P   6716
1.,1.,1.,1.,1.,1.,1.,1.,1.,1.,1.,1.,1.,1.,1.,1.,1.,1.,1.,1.,1.,     1031P   6717
1.,1.,1.,1.,1.,1.,1.,1.,1.,1.,1.,1.,1.,1.,1.,1.,1.,1.,1.,1.,1.,     1031P   6718
1.,1.,1.,1.,1.,1.,1.,1.,1.,1.,1.,1.,1.,1.,1.,1.,1.,1.,1.,1.,1.,     1031P   6719
1.,1.,1.,1.,1.,1.,1.,1.,1.,1.,1.,1.,1.,1.,1.,1.,1.,1.,1.,1.,1.,     1031P   6720
1.,1.,1.,1.,1.,1.,1.,20.0534208797451,43.1205602316736,             1031P   6721
-15.3148993260595,19.0257438115327,41.9124819088172,                1031P   6722
-16.8863912360892,18.0743930922071,40.2971998411981,                1031P   6723
-18.0923637425701,16.3129947874661,36.5243990655133,                1031P   6724
-19.8955760198523,15.5029472020499,34.3668803574471,                1031P   6725
-20.4928157906536,13.2677348008708,27.4892255461951,                1031P   6726
-21.5548951066616,9.57703141878479,12.1135211754751,                1031P   6727
-20.7604937530977,6.64349238481528,-5.28437557215959,               1031P   6728
-12.1820558542558,3.94595010023532,-28.1083790616267,               1031P   6729
0.67579230533499,5.16754689558178,-35.9795194001413,                1031P   6730
15.3313411272088,5.22582691386313,-38.6577222337894,                1031P   6731
24.1310327218137,5.75501210771866,-39.3176932782956,                1031P   6732
27.8839143257636,3.96873102273316,-47.1852653328711,                1031P   6733
39.5121735969161,2.90158285596683,-52.2710873267992,                1031P   6734
46.7129921541601,7.77921008605471,-51.2363609435032,                1031P   6735
71.6337456293572,16.4396928632521,-49.3991500212807,                1031P   6736
115.881849489241,25.1001756404495,-47.5619390990583,                1031P   6737
160.129953349125,33.7606584176469,-45.7247281768358,                1031P   6738
204.378057209009,8.28715049226458,41.8397840697863,                 1031P   6739
-15.2600927187603,7.31597350723254,40.7084653129842,                1031P   6740
-16.5980559526979,6.38417109609362,39.1989165710028,                1031P   6741
-17.641285176821,4.60591933555065,35.6640227756875,                 1031P   6742
-19.2267760714724,3.75946998614604,33.6386777223533,                1031P   6743
-19.7690377420004,1.35805740145686,27.1499435838291,                1031P   6744
-20.7771221222403,-2.8930259138266,12.521679392694,                 1031P   6745
-20.3184883573448,-6.82322066527666,-5.67292095600562,              1031P   6746
-12.4901140842743,-9.1866021159852,-25.5293697832211,               1031P   6747
-3.59866489507025,-8.52383894106412,-33.1774513699713,              1031P   6748
6.82182164451786,-8.58795873206216,-36.2075779449679,               1031P   6749
13.0333554817192,-8.29428935831587,-37.0948816619477,               1031P   6750
15.6376282941286,-9.65297767925644,-43.29944976808,                 1031P   6751
23.5691595979138,-10.4731232992268,-47.2021948131384,               1031P   6752
28.446712015984,-7.25769134180766,-46.9021897335309,                1031P   6753
45.1494105732619,-1.54852338475218,-46.3695149918071,               1031P   6754
74.8059272286807,4.1606445723033,-45.8368402500833,                 1031P   6755
104.4624438841,9.86981252935878,-45.3041655083594,                  1031P   6756
134.118960539518,-3.47911989521589,40.559007907899,                 1031P   6757
-15.2052861114612,-4.39379679706761,39.5044487171511,               1031P   6758
-16.3097206693066,-5.30605090001986,38.1006333008075,               1031P   6759
-17.190206611072,-7.10115611636484,34.8036464858618,                1031P   6760
-18.5579761230924,-7.98400722975787,32.9104750872594,               1031P   6761
-19.0452596933473,-10.5516199979571,26.8106616214631,               1031P   6762
-19.9993491378191,-15.363083246438,12.9298376099128,                1031P   6763
-19.8764829615919,-20.2899337153686,-6.06146633985164,              1031P   6764
-12.7981723142927,-22.3191543322057,-22.9503605048156,              1031P   6765
-7.8731220954755,-22.21522477771,-30.3753833398012,                 1031P   6766
-1.68769783817312,-22.4017443779875,-33.7574336561464,              1031P   6767
1.93567824162472,-22.3435908243504,-34.8720700455998,               1031P   6768
3.39134226249361,-23.274686381246,-39.4136342032889,                1031P   6769
7.62614559891163,-23.8478294544205,-42.1333022994776,               1031P   6770
10.1804318778079,-22.29459276967,-42.5680185235587,                 1031P   6771
18.6650755171667,-19.5367396327565,-43.3398799623335,               1031P   6772
33.7300049681203,-16.7788864958429,-44.1117414011083,               1031P   6773
48.7949344190739,-14.0210333589294,-44.8836028398831,               1031P   6774
63.8598638700276,-15.2453902826964,39.2782317460117,                1031P   6775
-15.150479504162,-16.1035671013678,38.3004321213181,                1031P   6776
-16.0213853859152,-16.9962728961333,37.0023500306122,               1031P   6777
-16.739128045323,-18.8082315682803,33.943270196036,                 1031P   6778
-17.8891761747124,-19.7274844456618,32.1822724521656,               1031P   6779
-18.3214816446942,-22.461297397371,26.4713796590971,                1031P   6780
-19.2215761533978,-27.8331405790494,13.3379958271317,               1031P   6781
-19.434477565839,-33.7566467654605,-6.45001172369767,               1031P   6782
-13.1062305443112,-35.4517065484262,-20.37135122641,                1031P   6783
-12.1475792958807,-35.9066106143559,-27.5733153096312,              1031P   6784
-10.1972173208641,-36.2155300239128,-31.3072893673248,              1031P   6785
-9.16199899846979,-36.3928922903849,-32.6492584292519,              1031P   6786
-8.85494376914138,-36.8963950832356,-35.5278186384979,              1031P   6787
-8.31686840009059,-37.2225356096142,-37.0644097858167,              1031P   6788
-8.08584826036822,-37.3314941975324,-38.2338473135864,              1031P   6789
-7.81925953892859,-37.5249558807608,-40.3102449328599,              1031P   6790
-7.34591729244014,-37.7184175639891,-42.3866425521333,              1031P   6791
-6.8725750459517,-37.9118792472175,-44.4630401714067,               1031P   6792
-6.39923279946325,-15.7908712085221,39.2188553299041,               1031P   6793
-15.1479386855418,-16.6464286995163,38.2446142567122,               1031P   6794
-16.0080182447437,-17.5382282403121,36.9514339327056,               1031P   6795
-16.7182161721838,-19.350968233844,33.9033833976133,                1031P   6796
-17.8581708006202,-20.2719086865801,32.1485131865276,               1031P   6797
-18.2879275016165,-23.0134266312045,26.4556506444772,               1031P   6798
-19.1855188205597,-28.411248866118,13.3569179252035,                1031P   6799
-19.4139863222626,-34.3809597261936,-6.46802457643061,              1031P   6800
-13.1205120356407,-36.0605279085898,-20.251789094777,               1031P   6801
-12.3457419076766,-36.5413393411373,-27.4434122381405,              1031P   6802
-10.5917162073328,-36.8559331708024,-31.1937013797077,              1031P   6803
-9.67648413743809,-37.0442138832536,-32.5462095192327,              1031P   6804
-9.42267808277489,-37.5278935980067,-35.3476733416394,              1031P   6805
-9.05598196371234,-37.8425831570464,-36.8294173803894,              1031P   6806
-8.93266777692171,-38.0286006418266,-38.0329163774065,              1031P   6807
-9.04706572819042,-38.3588844349911,-40.1697919204465,              1031P   6808
-9.25018528611768,-38.6891682281556,-42.3066674634866,              1031P   6809
-9.45330484404493,-39.0194520213201,-44.4435430065267,              1031P   6810
-9.65642440197218,-16.3620944012949,39.1562968284531,               1031P   6811
-15.1426512018824,-17.2109545593397,38.1860844464747,               1031P   6812
-15.9904473451784,-18.0982000928696,36.898185544056,                1031P   6813
-16.6922899017586,-19.9052207461213,33.8618234799751,               1031P   6814
-17.8215173517566,-20.8249958658431,32.113360318313,                1031P   6815
-18.2489022451744,-23.5667538571287,26.4393376169175,               1031P   6816
-19.1455446960872,-28.9800003681811,13.3767593484897,               1031P   6817
-19.3967806805512,-34.9962606423064,-6.47834186217007,              1031P   6818
-13.1522333506503,-36.6757225662359,-20.125711084175,               1031P   6819
-12.5770151743059,-37.1755652414201,-27.3118253159055,              1031P   6820
-11.0393976719722,-37.5177593306282,-31.1152630566741,              1031P   6821
-10.2758646494831,-37.6472028189669,-32.4181390744141,              1031P   6822
-10.0222329300997,-38.0740563326191,-35.1453702779555,              1031P   6823
-9.81751482240046,-38.3262619871665,-36.4896360347139,              1031P   6824
-9.86818902458551,-38.7152544016626,-37.7992159599712,              1031P   6825
-10.3593935504126,-39.4059308201932,-40.1244437506668,              1031P   6826
-11.2315529294168,-40.0966072387238,-42.4496715413624,              1031P   6827
-12.103712308421,-40.7872836572543,-44.7748993320581,               1031P   6828
-12.9758716874252,-17.5507066032196,39.0287023230562,               1031P   6829
-15.1272644280111,-18.3819713100152,38.0662113187662,               1031P   6830
-15.9495408298448,-19.2565030659634,36.7887740767586,               1031P   6831
-16.6340029080604,-21.0457609847562,33.7760302223977,               1031P   6832
-17.7409853155607,-21.9604871476008,32.0407236100444,               1031P   6833
-18.1635056448455,-24.6954477093663,26.4060343751,                  1031P   6834
-19.058684356762,-30.1284971258239,13.4215783136734,                1031P   6835
-19.3595126768434,-36.2188394666979,-6.47318344102636,              1031P   6836
-13.2344615898863,-37.9205818235739,-19.8633858122109,              1031P   6837
-13.0824542790216,-38.4686369719144,-27.0340955584337,              1031P   6838
-12.0339974372466,-38.8170333643522,-30.8271165276675,              1031P   6839
-11.5996262313272,-38.9455602982094,-32.1260678667659,              1031P   6840
-11.4698120318487,-39.3544295448155,-34.7747945262567,              1031P   6841
-11.6110033141385,-39.6741314180092,-36.0850689217305,              1031P   6842
-11.9481245026835,-40.1818925770299,-37.3162824273175,              1031P   6843
-12.8547379764245,-41.0834491259812,-39.5023665328053,              1031P   6844
-14.4644777134989,-41.9850056749325,-41.6884506382931,              1031P   6845
-16.0742174505734,-42.8865622238838,-43.8745347437809,              1031P   6846
-17.6839571876478,-18.1680956123716,38.9636663191103,               1031P   6847
-15.1171651377991,-18.9884622008674,38.0048680012952,               1031P   6848
-15.9262052140765,-19.8548341864997,36.7326109981109,               1031P   6849
-16.6016421847872,-21.6320487111138,33.7317968824584,               1031P   6850
-17.6971067282284,-22.5428912500956,32.0032397699903,               1031P   6851
-18.1171343009588,-25.2708143356797,26.3890441608421,               1031P   6852
-19.0117981419093,-30.7082423814036,13.4465558555709,               1031P   6853
-19.3394503148471,-36.8261173749765,-6.45770773414317,              1031P   6854
-13.2849685141125,-38.5502464232659,-19.7271385508487,              1031P   6855
-13.3566201171079,-39.127482802126,-26.8879527231968,               1031P   6856
-12.5809157378817,-39.5314009646782,-30.6381565791617,              1031P   6857
-12.4009946359588,-39.675326730161,-31.9415726740711,               1031P   6858
-12.3526824839858,-40.1426585253145,-34.5430792867681,              1031P   6859
-12.702602067935,-40.3346151900057,-35.8666372969911,               1031P   6860
-12.9995170600704,-40.9618769925612,-37.0670493120992,              1031P   6861
-14.0377545802141,-42.0756131969837,-39.198443756975,               1031P   6862
-15.8811997099239,-43.1893494014063,-41.3298382018508,              1031P   6863
-17.7246448396336,-44.3030856058288,-43.4612326467267,              1031P   6864
-19.5680899693434,-20.0815332881232,38.7706720558184,               1031P   6865
-15.0806718426224,-20.8688371814858,37.8205333640769,               1031P   6866
-15.8515154933434,-21.7108558269091,36.5623745644025,               1031P   6867
-16.5002998482811,-23.4524699922868,33.5960959533834,               1031P   6868
-17.5607397751387,-24.3520655122412,31.8879761420388,               1031P   6869
-17.9723953470586,-27.0594384395156,26.3377939967931,               1031P   6870
-18.862153601114,-32.508529763709,13.5341388614544,                 1031P   6871
-19.2608362624089,-38.6509182101702,-6.35698833660609,              1031P   6872
-13.4405266434002,-40.4635301560324,-19.3074366513886,              1031P   6873
-14.2084633812376,-41.1793885620429,-26.4109080307131,              1031P   6874
-14.3598334132613,-41.713994384415,-30.0959554630811,               1031P   6875
-14.8108219181354,-41.9216424284335,-31.3465232309881,              1031P   6876
-15.0237020012372,-42.5166979468251,-33.8400275770365,              1031P   6877
-15.8445036203825,-42.9041054211981,-35.082964155178,               1031P   6878
-16.452425156426,-43.4418262226979,-36.2960509197697,               1031P   6879
-17.3928375639342,-44.396577687017,-38.4499500466211,               1031P   6880
-19.0625890792709,-45.3513291513362,-40.6038491734725,              1031P   6881
-20.7323405946077,-46.3060806156553,-42.7577483003239,              1031P   6882
-22.4020921099445,-24.1534912328099,38.3931385234169,               1031P   6883
-14.9829035541061,-24.8731963749703,37.4506453504186,               1031P   6884
-15.6834045581645,-25.6670122229297,36.2149129059246,               1031P   6885
-16.2805745085226,-27.3395449630336,33.312690458205,                1031P   6886
-17.2690811045893,-28.2182618551781,31.6462004549792,               1031P   6887
-17.6604177502977,-30.8867835467698,26.2341755835931,               1031P   6888
-18.5269209345748,-36.3533109905853,13.7599063939854,               1031P   6889
-19.0299002917351,-42.3123883219891,-5.93838043398179,              1031P   6890
-13.7677923284114,-44.3872573563275,-18.4241923909738,              1031P   6891
-16.0295329089798,-45.5846731590047,-25.3023538986543,              1031P   6892
-18.4703198579183,-46.3563071095833,-28.8096839731964,              1031P   6893
-19.929288346981,-46.6423394346496,-29.9901688848275,               1031P   6894
-20.4553736791007,-47.3021867099,-32.4023001925104,                 1031P   6895
-21.5967278895093,-47.6760016600843,-33.6339465885622,              1031P   6896
-22.2119967677981,-48.1087782271798,-34.9053795822512,              1031P   6897
-22.8766866898237,-48.8771957033217,-37.1628754967158,              1031P   6898
-24.0568784819249,-49.6456131794636,-39.4203714111803,              1031P   6899
-25.2370702740261,-50.4140306556056,-41.6778673256449,              1031P   6900
-26.4172620661273,-31.846377722295,38.0393910318426,                1031P   6901
-14.736939327297,-32.6833649860997,36.9846946733369,                1031P   6902
-15.4681302326932,-33.6207468655953,35.7058596757651,               1031P   6903
-16.0448227786138,-35.5893765288052,32.8206987488825,               1031P   6904
-16.9326201629163,-36.6206243125195,31.2143728195719,               1031P   6905
-17.2437250012982,-39.6947815292455,26.085338153622,                1031P   6906
-17.8437714722546,-45.7647514250304,14.5870413096504,               1031P   6907
-17.7107922374108,-49.0742455998788,-3.5307435403817,               1031P   6908
-13.4283399803075,-51.5160021888273,-16.9046667468073,              1031P   6909
-18.2518394933699,-53.0439791901951,-24.3044953091997,              1031P   6910
-21.5506784859682,-53.8640109627541,-27.9908145241898,              1031P   6911
-23.3026956208463,-54.146695432253,-29.2173217514855,               1031P   6912
-23.9038009389022,-54.7383381447439,-31.6808865996812,              1031P   6913
-25.1460676363934,-55.0472963877359,-32.9179442205812,              1031P   6914
-25.7872290158288,-55.3731878589086,-34.1678180794531,              1031P   6915
-26.4513468502138,-55.951825245529,-36.3870346201633,               1031P   6916
-27.6305228707268,-56.5304626321494,-38.6062511608735,              1031P   6917
-28.8096988912398,-57.1091000187698,-40.8254677015837,              1031P   6918
-29.9888749117528,-35.7346263445192,37.9298934065248,               1031P   6919
-13.8157964251511,-36.5878519217173,36.8472190454744,               1031P   6920
-14.4322905223503,-37.5760722571903,35.5485387057355,               1031P   6921
-14.8694569893108,-39.6465556658795,32.6895214377605,               1031P   6922
-15.4733766940796,-40.7288187390956,31.1291845095243,               1031P   6923
-15.640129931888,-43.8527518971486,26.3112218953895,                1031P   6924
-15.8671328485734,-49.6091939668725,16.1274893494143,               1031P   6925
-15.2281114949853,-53.504372665075,-1.83548003493824,               1031P   6926
-12.5397441651071,-56.198435833527,-16.2206321814799,               1031P   6927
-17.8525750673514,-57.6792238713651,-23.9350580321268,              1031P   6928
-21.4449255115042,-58.4249337084922,-27.7239514915883,              1031P   6929
-23.2787446873808,-58.6743896239025,-28.9755294004319,              1031P   6930
-23.8962917383063,-59.1797274155838,-31.4699884140013,              1031P   6931
-25.1389674864241,-59.4356092918547,-32.7128695187272,              1031P   6932
-25.7640961836163,-59.6970311592847,-33.958440396979,               1031P   6933
-26.390532534775,-60.161199385691,-36.1700167700846,                1031P   6934
-27.5028031069817,-60.6253676120972,-38.3815931431902,              1031P   6935
-28.6150736791884,-61.0895358385035,-40.5931695162958,              1031P   6936
-29.7273442513951,-37.9757051868617,37.755731271591,                1031P   6937
-12.9954686729809,-38.7664591133864,36.7345613698888,               1031P   6938
-13.5038794366564,-39.7464020705144,35.5466702985137,               1031P   6939
-13.7867841627144,-41.8227978020241,32.9052091690037,               1031P   6940
-14.1111390052626,-42.9410193322375,31.4309781176119,               1031P   6941
-14.1503231521549,-46.0489537807678,26.9846335565834,               1031P   6942
-14.0603888750383,-51.9384190539428,17.1258039114749,               1031P   6943
-13.1001988996685,-56.4551219434433,-0.852088746851672,             1031P   6944
-11.499130823585,-59.2893424384046,-15.8854546909911,               1031P   6945
-16.8906808933148,-60.6855385648301,-23.767809207622,               1031P   6946
-20.5762560231881,-61.3636410052928,-27.6158577648065,              1031P   6947
-22.4313858518909,-61.5863425483221,-28.8830191670128,              1031P   6948
-23.0518195054196,-62.0302016055209,-31.4023794278003,              1031P   6949
-24.2863400252479,-62.2513591196905,-32.6545782863815,              1031P   6950
-24.9004268915476,-62.4743052087921,-33.9073360515261,              1031P   6951
-25.5061099266572,-62.87015767431,-36.1316731189652,                1031P   6952
-26.581531898564,-63.2660101398279,-38.3560101864043,               1031P   6953
-27.6569538704709,-63.6618626053458,-40.5803472538434,              1031P   6954
-28.7323758423777,-38.5825686683274,37.6998649644625,               1031P   6955
-12.7252803383756,-39.3837343442669,36.7048095663773,               1031P   6956
-13.1595482611223,-40.337151303227,35.5654012161566,                1031P   6957
-13.3923684730791,-42.4037714779621,33.0294501985156,               1031P   6958
-13.6124255944587,-43.4785522467735,31.6651513683816,               1031P   6959
-13.6017336917948,-46.6273084265895,27.2931039194594,               1031P   6960
-13.4040967162309,-52.6224762797478,17.4324051875348,               1031P   6961
-12.3465776948133,-57.376730699478,-0.572301040988821,              1031P   6962
-11.0898986297241,-60.2494915352559,-15.8033702664126,              1031P   6963
-16.4596418595488,-61.6092903264163,-23.7303644550037,              1031P   6964
-20.155140400838,-62.2628793104759,-27.5951687804907,               1031P   6965
-22.0107003008292,-62.4763572365757,-28.866988094185,               1031P   6966
-22.6305220390507,-62.9002650416345,-31.3949372079098,              1031P   6967
-23.860913813406,-63.1106949205936,-32.6510670079405,               1031P   6968
-24.4714838495398,-63.3224618209987,-33.9079560891089,              1031P   6969
-25.0715004120281,-63.6984650510992,-36.1396285246653,              1031P   6970
-26.1368612648234,-64.0744682811997,-38.3713009602218,              1031P   6971
-27.2022221176186,-64.4504715113002,-40.6029733957782,              1031P   6972
-28.2675829704138,-39.5159700326283,37.5925078259044,               1031P   6973
-12.191412168068,-40.3542604684096,36.7127903842498,                1031P   6974
-12.4132596856586,-41.2974634158259,35.7155829492958,               1031P   6975
-12.499542893804,-43.3369563284235,33.4168249622583,                1031P   6976
-12.5046685551133,-44.4239897171109,32.1282609477416,               1031P   6977
-12.4151534032664,-47.6474529502106,27.8884247516171,               1031P   6978
-12.030333572425,-53.9438316845591,17.9121757490713,                1031P   6979
-10.7955964095395,-59.0952351236027,-0.14232592417134,              1031P   6980
-10.1229156229861,-62.0231155534662,-15.6949015121337,              1031P   6981
-15.4024102206011,-63.3049969498691,-23.6835864167614,              1031P   6982
-19.0788592697104,-63.9106910606406,-27.5755530527811,              1031P   6983
-20.9247986780453,-64.1067146663262,-28.8558126287386,              1031P   6984
-21.5413976281203,-64.49432877458,-31.4024455516219,                1031P   6985
-22.7643209620898,-64.6859192771482,-32.6688188985476,              1031P   6986
-23.3706453459843,-64.8789511078375,-33.9383686524905,              1031P   6987
-23.9654093497351,-65.2216892397766,-36.1925207760876,              1031P   6988
-25.0214440092118,-65.5644273717157,-38.4466728996848,              1031P   6989
-26.0774786686884,-65.9071655036548,-40.7008250232819,              1031P   6990
-27.1335133281651,-39.8425079154636,37.5410169944749,               1031P   6991
-11.9277323323657,-40.7203150830186,36.698804702825,                1031P   6992
-12.0516080335063,-41.6728323494927,35.8326292585842,               1031P   6993
-12.0120993866134,-43.7028069329249,33.6552214690506,               1031P   6994
-11.9092542021657,-44.77966453541,32.3957163249754,                 1031P   6995
-11.7904284050599,-48.08924282801,28.1752752208987,                 1031P   6996
-11.3128625874265,-54.5811298635655,18.085345034548,                1031P   6997
-9.99823632912087,-59.8921307916927,0.00786148678328935,            1031P   6998
-9.56516481010916,-62.8365904748252,-15.6685171824332,              1031P   6999
-14.7762176154194,-64.0769518117355,-23.6742531311374,              1031P   7000
-18.4236937609328,-64.6592645056222,-27.5766263093872,              1031P   7001
-20.2595826063231,-64.847057407823,-28.8606682361201,               1031P   7002
-20.8735706835588,-65.2183290714119,-31.4173961152244,              1031P   7003
-22.0931543226156,-65.4018078327998,-32.6900820675958,              1031P   7004
-22.6987498844367,-65.5872837824698,-33.9681611782893,              1031P   7005
-23.2939278020711,-65.9166060516649,-36.2374576218099,              1031P   7006
-24.3506973873408,-66.2459283208601,-38.5067540653304,              1031P   7007
-25.4074669726106,-66.5752505900552,-40.7760505088509,              1031P   7008
-26.4642365578803,-40.1780158467902,37.4915903152331,               1031P   7009
-11.6323341125285,-41.0793445011094,36.7663684480946,               1031P   7010
-11.5718236136277,-42.026760819524,35.9180220123378,                1031P   7011
-11.5042192028229,-44.0503506650446,33.8411080007694,               1031P   7012
-11.2904971821167,-45.1265241921504,32.6125404249579,               1031P   7013
-11.1443795722152,-48.5481805865049,28.3565059874413,               1031P   7014
-10.588256943866,-55.2640201323253,18.1512525740686,                1031P   7015
-9.20145437955508,-60.6262877085929,0.0764579929956977,             1031P   7016
-8.92125645823646,-63.5735443254664,-15.6681915420263,              1031P   7017
-14.0652790812424,-64.7754629101175,-23.6747264569577,              1031P   7018
-17.6660374919724,-65.3375038841527,-27.5841195489703,              1031P   7019
-19.4880686198388,-65.5183644891161,-28.8716048520658,              1031P   7020
-20.0990209828779,-65.8763608561608,-31.4396453534768,              1031P   7021
-21.3174643136256,-66.0534966182422,-32.7202005517924,              1031P   7022
-21.9249552813341,-66.2333939238233,-34.0094713729037,              1031P   7023
-22.5253761999619,-66.5528110180691,-36.2986392848142,              1031P   7024
-23.5914550082744,-66.872228112315,-38.5878071967247,               1031P   7025
-24.657533816587,-67.1916452065608,-40.8769751086352,               1031P   7026
-25.7236126248995,0.,2.2219440510894,-0.674076639897504,0.5;        1031P   7027
128,1,1,1,1,0,0,1,0,0,-0.40566769316463,-0.40566769316463,          1033P   7028
-0.309413328423828,-0.309413328423828,-0.001,-0.001,                1033P   7029
1.46422043964206,1.46422043964206,1.,1.,1.,1.,-46.4191830742561,    1033P   7030
-25.6168924759357,-3.99000152304844,-47.3817267216641,              1033P   7031
-25.6168924759357,-3.99000152304844,-46.4191830742561,              1033P   7032
-25.8726087022641,-18.63997431777,-47.3817267216641,                1033P   7033
-25.8726087022641,-18.63997431777,-0.40566769316463,                1033P   7034
-0.309413328423828,-0.001,1.46422043964206;                         1033P   7035
128,1,8,1,2,0,1,0,0,1,-0.142348640096838,-0.142348640096838,        1035P   7036
4.77463362262911,4.77463362262911,-3.14159265358979,                1035P   7037
-3.14159265358979,-3.14159265358979,-1.5707963267949,               1035P   7038
-1.5707963267949,0.,0.,1.5707963267949,1.5707963267949,             1035P   7039
3.14159265358979,3.14159265358979,3.14159265358979,1.,1.,           1035P   7040
0.707106781186548,0.707106781186548,1.,1.,0.707106781186548,        1035P   7041
0.707106781186548,1.,1.,0.707106781186548,0.707106781186548,1.,     1035P   7042
1.,0.707106781186548,0.707106781186548,1.,1.,-41.0277275383488,     1035P   7043
-25.117067,-18.3287002309807,-41.2851670570308,-25.117067,          1035P   7044
-3.5800000834465,-41.0277275383488,-27.9671144616512,               1035P   7045
-18.3287002309807,-41.2851670570308,-27.7096749429692,              1035P   7046
-3.5800000834465,-43.877775,-27.9671144616512,-18.3287002309807,    1035P   7047
-43.877775,-27.7096749429692,-3.5800000834465,-46.7278224616512,    1035P   7048
-27.9671144616512,-18.3287002309807,-46.4703829429691,              1035P   7049
-27.7096749429692,-3.5800000834465,-46.7278224616512,-25.117067,    1035P   7050
-18.3287002309807,-46.4703829429691,-25.117067,-3.5800000834465,    1035P   7051
-46.7278224616512,-22.2670195383489,-18.3287002309807,              1035P   7052
-46.4703829429691,-22.5244590570309,-3.5800000834465,-43.877775,    1035P   7053
-22.2670195383489,-18.3287002309807,-43.877775,                     1035P   7054
-22.5244590570309,-3.5800000834465,-41.0277275383488,               1035P   7055
-22.2670195383489,-18.3287002309807,-41.2851670570308,              1035P   7056
-22.5244590570309,-3.5800000834465,-41.0277275383488,-25.117067,    1035P   7057
-18.3287002309807,-41.2851670570308,-25.117067,-3.5800000834465,    1035P   7058
-0.142348640096838,4.77463362262911,-3.14159265358979,              1035P   7059
3.14159265358979;                                                   1035P   7060
128,20,19,3,3,0,0,1,0,0,-0.0572457050738602,-0.0572457050738602,    1037P   7061
-0.0572457050738602,-0.0572457050738602,0.,0.,0.,0.125,0.125,       1037P   7062
0.25,0.25,0.5,1.,1.5,1.75,1.75,1.875,1.875,2.,2.,2.,                1037P   7063
2.54200196019943,2.54200196019943,2.54200196019943,                 1037P   7064
2.54200196019943,-1.02019138950968,-1.02019138950968,               1037P   7065
-1.02019138950968,-1.02019138950968,0.,0.,0.,0.03125,0.03125,       1037P   7066
0.0625,0.0625,0.125,0.25,0.375,0.375,0.4375,0.4375,0.5,0.5,0.5,     1037P   7067
0.655579565645206,0.655579565645206,0.655579565645206,              1037P   7068
0.655579565645206,1.,1.,1.,1.,1.,1.,1.,1.,1.,1.,1.,1.,1.,1.,1.,     1037P   7069
1.,1.,1.,1.,1.,1.,1.,1.,1.,1.,1.,1.,1.,1.,1.,1.,1.,1.,1.,1.,1.,     1037P   7070
1.,1.,1.,1.,1.,1.,1.,1.,1.,1.,1.,1.,1.,1.,1.,1.,1.,1.,1.,1.,1.,     1037P   7071
1.,1.,1.,1.,1.,1.,1.,1.,1.,1.,1.,1.,1.,1.,1.,1.,1.,1.,1.,1.,1.,     1037P   7072
1.,1.,1.,1.,1.,1.,1.,1.,1.,1.,1.,1.,1.,1.,1.,1.,1.,1.,1.,1.,1.,     1037P   7073
1.,1.,1.,1.,1.,1.,1.,1.,1.,1.,1.,1.,1.,1.,1.,1.,1.,1.,1.,1.,1.,     1037P   7074
1.,1.,1.,1.,1.,1.,1.,1.,1.,1.,1.,1.,1.,1.,1.,1.,1.,1.,1.,1.,1.,     1037P   7075
1.,1.,1.,1.,1.,1.,1.,1.,1.,1.,1.,1.,1.,1.,1.,1.,1.,1.,1.,1.,1.,     1037P   7076
1.,1.,1.,1.,1.,1.,1.,1.,1.,1.,1.,1.,1.,1.,1.,1.,1.,1.,1.,1.,1.,     1037P   7077
1.,1.,1.,1.,1.,1.,1.,1.,1.,1.,1.,1.,1.,1.,1.,1.,1.,1.,1.,1.,1.,     1037P   7078
1.,1.,1.,1.,1.,1.,1.,1.,1.,1.,1.,1.,1.,1.,1.,1.,1.,1.,1.,1.,1.,     1037P   7079
1.,1.,1.,1.,1.,1.,1.,1.,1.,1.,1.,1.,1.,1.,1.,1.,1.,1.,1.,1.,1.,     1037P   7080
1.,1.,1.,1.,1.,1.,1.,1.,1.,1.,1.,1.,1.,1.,1.,1.,1.,1.,1.,1.,1.,     1037P   7081
1.,1.,1.,1.,1.,1.,1.,1.,1.,1.,1.,1.,1.,1.,1.,1.,1.,1.,1.,1.,1.,     1037P   7082
1.,1.,1.,1.,1.,1.,1.,1.,1.,1.,1.,1.,1.,1.,1.,1.,1.,1.,1.,1.,1.,     1037P   7083
1.,1.,1.,1.,1.,1.,1.,1.,1.,1.,1.,1.,1.,1.,1.,1.,1.,1.,1.,1.,1.,     1037P   7084
1.,1.,1.,1.,1.,1.,1.,1.,1.,1.,1.,1.,1.,1.,1.,1.,1.,1.,1.,1.,1.,     1037P   7085
1.,1.,1.,1.,1.,1.,1.,1.,1.,1.,1.,1.,1.,1.,1.,1.,1.,1.,1.,1.,1.,     1037P   7086
1.,1.,1.,1.,1.,1.,1.,1.,1.,1.,1.,1.,1.,1.,1.,1.,1.,1.,1.,1.,1.,     1037P   7087
1.,1.,1.,1.,1.,1.,1.,1.,1.,1.,1.,1.,1.,1.,1.,1.,1.,1.,1.,1.,1.,     1037P   7088
1.,1.,1.,1.,1.,1.,39.7096202750341,46.915686083889,                 1037P   7089
-12.7460282661624,39.1991216198699,46.3082778417571,                1037P   7090
-13.6304598930788,38.6886229647057,45.7008695996253,                1037P   7091
-14.5148915199953,38.1781243095415,45.0934613574934,                1037P   7092
-15.3993231469117,37.0634147987897,43.7671429870843,                1037P   7093
-17.3305414491742,36.0819519643443,41.9889898391041,                1037P   7094
-18.7872028851788,34.3465146377315,37.8497183534088,                1037P   7095
-20.9257920797473,33.5925401455627,35.4886000156929,                1037P   7096
-21.6077198383111,31.6133416669687,28.0118537660519,                1037P   7097
-22.7529726804477,28.7858447014223,11.4847963207924,                1037P   7098
-21.4413566305066,27.3875490968548,-4.68586222686721,               1037P   7099
-11.7075245138802,24.1752671528652,-32.0810719179399,               1037P   7100
7.26014457069989,26.2576884323733,-40.2958108301754,                1037P   7101
28.4393619251972,26.5045124981732,-42.4319121115225,                1037P   7102
41.225838646921,27.3964850708609,-42.741701056451,                  1037P   7103
46.748031427476,24.9515422534978,-53.1709559872064,                 1037P   7104
64.0707117736751,23.5039126121732,-60.0791837330634,                1037P   7105
74.8502777482672,30.9419770383657,-57.9126963673682,                1037P   7106
112.430081479147,63.1935410310538,-48.5187731757354,                1037P   7107
275.376699767521,95.445105023742,-39.1248499841026,                 1037P   7108
438.323318055894,127.69666901643,-29.7309267924698,                 1037P   7109
601.269936344268,21.7842989189604,44.8176666027556,                 1037P   7110
-13.1486670421307,21.3129613166832,44.2634615641702,                1037P   7111
-13.8712364500855,20.8416237144061,43.7092565255849,                1037P   7112
-14.5938058580403,20.3702861121289,43.1550514869995,                1037P   7113
-15.3163752659951,19.3410874987372,41.9449060318289,                1037P   7114
-16.8941560947545,18.3892103441851,40.3267765696068,                1037P   7115
-18.1045112718935,16.6282659023942,36.5475689676178,                1037P   7116
-19.913586778069,15.8191986151545,34.3864908278504,                 1037P   7117
-20.5123071071054,13.5884619788555,27.498362397067,                 1037P   7118
-21.5758405047644,9.91284960793177,12.1025294895721,                1037P   7119
-20.7723969422841,7.006150476083,-5.27391205914403,                 1037P   7120
-12.1737598573572,4.29960925243473,-28.1778316874299,               1037P   7121
0.790903281839679,5.53625541679691,-36.054978989994,                1037P   7122
15.5605021765101,5.59783165747787,-38.7237045301233,                1037P   7123
24.4298927651241,6.13335928377897,-39.3775535140513,                1037P   7124
28.2137063619369,4.33556314125333,-47.2899102043036,                1037P   7125
39.9415183824198,3.26176320491071,-52.4075924173145,                1037P   7126
47.2049024120554,8.18415329306633,-51.3530800161076,                1037P   7127
72.346967806455,29.5277139062391,-46.7806977080376,                 1037P   7128
181.36335762427,50.8712745194119,-42.2083153999677,                 1037P   7129
290.379747442086,72.2148351325848,-37.6359330918977,                1037P   7130
399.396137259901,3.85897756288664,42.7196471216221,                 1037P   7131
-13.5513058180991,3.42680101349651,42.2186452865833,                1037P   7132
-14.1120130070922,2.99462446410638,41.7176434515444,                1037P   7133
-14.6727201960854,2.56244791471625,41.2166416165056,                1037P   7134
-15.2334273850786,1.61876019868471,40.1226690765735,                1037P   7135
-16.4577707403349,0.696468724025887,38.6645633001095,               1037P   7136
-17.4218196586082,-1.08998283294306,35.2454195818269,               1037P   7137
-18.9013814763907,-1.95414291525362,33.284381640008,                1037P   7138
-19.4168943758998,-4.43641770925776,26.9848710280821,               1037P   7139
-20.3987083290811,-8.9601454855588,12.7202626583519,                1037P   7140
-20.1034372540615,-13.3752481446888,-5.86196189142085,              1037P   7141
-12.6399952008342,-15.5760486479958,-24.27459145692,                1037P   7142
-5.67833800702053,-15.1851775987795,-31.8141471498126,              1037P   7143
2.681642427823,-15.3088491832174,-35.0154969487241,                 1037P   7144
7.63394688332713,-15.129766503303,-36.0134059716516,                1037P   7145
9.67938129639775,-16.2804159709912,-41.4088644214007,               1037P   7146
15.8123249911646,-16.9803862023517,-44.7360011015656,               1037P   7147
19.5595270758436,-14.573670452233,-44.793463664847,                 1037P   7148
32.2638541337632,-4.13811321857554,-45.0426222403398,               1037P   7149
87.3500154810203,6.29744401508196,-45.2917808158327,                1037P   7150
142.436176828277,16.7330012487395,-45.5409393913255,                1037P   7151
197.522338175534,-14.0663437931871,40.6216276404887,                1037P   7152
-13.9539445940675,-14.4593592896902,40.1738290089963,               1037P   7153
-14.352789564099,-14.8523747861933,39.726030377504,                 1037P   7154
-14.7516345341305,-15.2453902826964,39.2782317460117,               1037P   7155
-15.150479504162,-16.1035671013678,38.3004321213181,                1037P   7156
-16.0213853859152,-16.9962728961333,37.0023500306122,               1037P   7157
-16.739128045323,-18.8082315682803,33.943270196036,                 1037P   7158
-17.8891761747124,-19.7274844456618,32.1822724521656,               1037P   7159
-18.3214816446942,-22.461297397371,26.4713796590971,                1037P   7160
-19.2215761533978,-27.8331405790494,13.3379958271317,               1037P   7161
-19.434477565839,-33.7566467654605,-6.45001172369767,               1037P   7162
-13.1062305443112,-35.4517065484262,-20.37135122641,                1037P   7163
-12.1475792958807,-35.9066106143559,-27.5733153096312,              1037P   7164
-10.1972173208641,-36.2155300239128,-31.3072893673248,              1037P   7165
-9.16199899846979,-36.3928922903849,-32.6492584292519,              1037P   7166
-8.85494376914138,-36.8963950832356,-35.5278186384979,              1037P   7167
-8.31686840009059,-37.2225356096142,-37.0644097858167,              1037P   7168
-8.08584826036822,-37.3314941975324,-38.2338473135864,              1037P   7169
-7.81925953892859,-37.8039403433902,-43.3045467726421,              1037P   7170
-6.66332666222986,-38.276386489248,-48.3752462316977,               1037P   7171
-5.50739378553113,-38.7488326351058,-53.4459456907533,              1037P   7172
-4.3514609088324,-14.6154234052455,40.5573621414269,                1037P   7173
-13.9662780266747,-15.007239339671,40.1111932042526,                1037P   7174
-14.3601649129637,-15.3990552740966,39.6650242670783,               1037P   7175
-14.7540517992527,-15.7908712085221,39.2188553299041,               1037P   7176
-15.1479386855418,-16.6464286995163,38.2446142567122,               1037P   7177
-16.0080182447437,-17.5382282403121,36.9514339327056,               1037P   7178
-16.7182161721838,-19.350968233844,33.9033833976133,                1037P   7179
-17.8581708006202,-20.2719086865801,32.1485131865276,               1037P   7180
-18.2879275016165,-23.0134266312045,26.4556506444772,               1037P   7181
-19.1855188205597,-28.411248866118,13.3569179252035,                1037P   7182
-19.4139863222626,-34.3809597261936,-6.46802457643061,              1037P   7183
-13.1205120356407,-36.0605279085898,-20.251789094777,               1037P   7184
-12.3457419076766,-36.5413393411373,-27.4434122381405,              1037P   7185
-10.5917162073328,-36.8559331708024,-31.1937013797077,              1037P   7186
-9.67648413743809,-37.0442138832536,-32.5462095192327,              1037P   7187
-9.42267808277489,-37.5278935980067,-35.3476733416394,              1037P   7188
-9.05598196371234,-37.8425831570464,-36.8294173803894,              1037P   7189
-8.93266777692171,-38.0286006418266,-38.0329163774065,              1037P   7190
-9.04706572819042,-38.8351753728841,-43.2513069012571,              1037P   7191
-9.54309703883397,-39.6417501039417,-48.4696974251077,              1037P   7192
-10.0391283494775,-40.4483248349993,-53.6880879489583,              1037P   7193
-10.5351596601211,-15.1958480431417,40.4892686335188,               1037P   7194
-13.9778666903174,-15.5845968291927,40.0449446984969,               1037P   7195
-14.3661281941724,-15.9733456152438,39.600620763475,                1037P   7196
-14.7543896980274,-16.3620944012949,39.1562968284531,               1037P   7197
-15.1426512018824,-17.2109545593397,38.1860844464747,               1037P   7198
-15.9904473451784,-18.0982000928696,36.898185544056,                1037P   7199
-16.6922899017586,-19.9052207461213,33.8618234799751,               1037P   7200
-17.8215173517566,-20.8249958658431,32.113360318313,                1037P   7201
-18.2489022451744,-23.5667538571287,26.4393376169175,               1037P   7202
-19.1455446960872,-28.9800003681811,13.3767593484897,               1037P   7203
-19.3967806805512,-34.9962606423064,-6.47834186217007,              1037P   7204
-13.1522333506503,-36.6757225662359,-20.125711084175,               1037P   7205
-12.5770151743059,-37.1755652414201,-27.3118253159055,              1037P   7206
-11.0393976719722,-37.5177593306282,-31.1152630566741,              1037P   7207
-10.2758646494831,-37.6472028189669,-32.4181390744141,              1037P   7208
-10.0222329300997,-38.0740563326191,-35.1453702779555,              1037P   7209
-9.81751482240046,-38.3262619871665,-36.4896360347139,              1037P   7210
-9.86818902458551,-38.7152544016626,-37.7992159599712,              1037P   7211
-10.3593935504126,-40.4019316109396,-43.4775750521893,              1037P   7212
-12.4892640772698,-42.0886088202166,-49.1559341444075,              1037P   7213
-14.6191346041269,-43.7752860294935,-54.8342932366257,              1037P   7214
-16.749005130984,-16.4086345813749,40.3510657510841,                1037P   7215
-13.9975414106855,-16.7893252553232,39.9102779417414,               1037P   7216
-14.374115749794,-17.1700159292714,39.4694901323988,                1037P   7217
-14.7506900889026,-17.5507066032196,39.0287023230562,               1037P   7218
-15.1272644280111,-18.3819713100152,38.0662113187662,               1037P   7219
-15.9495408298448,-19.2565030659634,36.7887740767586,               1037P   7220
-16.6340029080604,-21.0457609847562,33.7760302223977,               1037P   7221
-17.7409853155607,-21.9604871476008,32.0407236100444,               1037P   7222
-18.1635056448455,-24.6954477093663,26.4060343751,                  1037P   7223
-19.058684356762,-30.1284971258239,13.4215783136734,                1037P   7224
-19.3595126768434,-36.2188394666979,-6.47318344102636,              1037P   7225
-13.2344615898863,-37.9205818235739,-19.8633858122109,              1037P   7226
-13.0824542790216,-38.4686369719144,-27.0340955584337,              1037P   7227
-12.0339974372466,-38.8170333643522,-30.8271165276675,              1037P   7228
-11.5996262313272,-38.9455602982094,-32.1260678667659,              1037P   7229
-11.4698120318487,-39.3544295448155,-34.7747945262567,              1037P   7230
-11.6110033141385,-39.6741314180092,-36.0850689217305,              1037P   7231
-11.9481245026835,-40.1818925770299,-37.3162824273175,              1037P   7232
-12.8547379764245,-42.3835529250489,-42.6548434949351,              1037P   7233
-16.785828215711,-44.5852132730679,-47.9934045625527,               1037P   7234
-20.7169184549976,-46.7868736210869,-53.3319656301702,              1037P   7235
-24.6480086942841,-17.040996481712,40.2809563765573,                1037P   7236
-14.0056274674109,-17.4166961919318,39.8418596907416,               1037P   7237
-14.376140024207,-17.7923959021517,39.402763004926,                 1037P   7238
-14.746652581003,-18.1680956123716,38.9636663191103,                1037P   7239
-15.1171651377991,-18.9884622008674,38.0048680012952,               1037P   7240
-15.9262052140765,-19.8548341864997,36.7326109981109,               1037P   7241
-16.6016421847872,-21.6320487111138,33.7317968824584,               1037P   7242
-17.6971067282284,-22.5428912500956,32.0032397699903,               1037P   7243
-18.1171343009588,-25.2708143356797,26.3890441608421,               1037P   7244
-19.0117981419093,-30.7082423814036,13.4465558555709,               1037P   7245
-19.3394503148471,-36.8261173749765,-6.45770773414317,              1037P   7246
-13.2849685141125,-38.5502464232659,-19.7271385508487,              1037P   7247
-13.3566201171079,-39.127482802126,-26.8879527231968,               1037P   7248
-12.5809157378817,-39.5314009646782,-30.6381565791617,              1037P   7249
-12.4009946359588,-39.675326730161,-31.9415726740711,               1037P   7250
-12.3526824839858,-40.1426585253145,-34.5430792867681,              1037P   7251
-12.702602067935,-40.3346151900057,-35.8666372969911,               1037P   7252
-12.9995170600704,-40.9618769925612,-37.0670493120992,              1037P   7253
-14.0377545802141,-43.6816940049079,-42.2720546339834,              1037P   7254
-18.5395687487783,-46.4015110172545,-47.4770599558677,              1037P   7255
-23.0413829173424,-49.1213280296012,-52.6820652777519,              1037P   7256
-27.5431970859065,-18.9998588925327,40.0760646796591,               1037P   7257
-14.0216121237288,-19.3604170243962,39.6409338050455,               1037P   7258
-14.3746320300267,-19.7209751562597,39.2058029304319,               1037P   7259
-14.7276519363245,-20.0815332881232,38.7706720558184,               1037P   7260
-15.0806718426224,-20.8688371814858,37.8205333640769,               1037P   7261
-15.8515154933434,-21.7108558269091,36.5623745644025,               1037P   7262
-16.5002998482811,-23.4524699922868,33.5960959533834,               1037P   7263
-17.5607397751387,-24.3520655122412,31.8879761420388,               1037P   7264
-17.9723953470586,-27.0594384395156,26.3377939967931,               1037P   7265
-18.862153601114,-32.508529763709,13.5341388614544,                 1037P   7266
-19.2608362624089,-38.6509182101702,-6.35698833660609,              1037P   7267
-13.4405266434002,-40.4635301560324,-19.3074366513886,              1037P   7268
-14.2084633812376,-41.1793885620429,-26.4109080307131,              1037P   7269
-14.3598334132613,-41.713994384415,-30.0959554630811,               1037P   7270
-14.8108219181354,-41.9216424284335,-31.3465232309881,              1037P   7271
-15.0237020012372,-42.5166979468251,-33.8400275770365,              1037P   7272
-15.8445036203825,-42.9041054211981,-35.082964155178,               1037P   7273
-16.452425156426,-43.4418262226979,-36.2960509197697,               1037P   7274
-17.3928375639342,-45.7733920503209,-41.5560141541754,              1037P   7275
-21.4704805100565,-48.1049578779439,-46.8159773885811,              1037P   7276
-25.5481234561788,-50.4365237055669,-52.0759406229868,              1037P   7277
-29.6257664023011,-23.1646905534119,39.6880269925911,               1037P   7278
-14.0204873809317,-23.4942907798779,39.2563975028664,               1037P   7279
-14.3412927719898,-23.8238910063439,38.8247680131417,               1037P   7280
-14.6620981630479,-24.1534912328099,38.3931385234169,               1037P   7281
-14.9829035541061,-24.8731963749703,37.4506453504186,               1037P   7282
-15.6834045581645,-25.6670122229297,36.2149129059246,               1037P   7283
-16.2805745085226,-27.3395449630336,33.312690458205,                1037P   7284
-17.2690811045893,-28.2182618551781,31.6462004549792,               1037P   7285
-17.6604177502977,-30.8867835467698,26.2341755835931,               1037P   7286
-18.5269209345748,-36.3533109905853,13.7599063939854,               1037P   7287
-19.0299002917351,-42.3123883219891,-5.93838043398179,              1037P   7288
-13.7677923284114,-44.3872573563275,-18.4241923909738,              1037P   7289
-16.0295329089798,-45.5846731590047,-25.3023538986543,              1037P   7290
-18.4703198579183,-46.3563071095833,-28.8096839731964,              1037P   7291
-19.929288346981,-46.6423394346496,-29.9901688848275,               1037P   7292
-20.4553736791007,-47.3021867099,-32.4023001925104,                 1037P   7293
-21.5967278895093,-47.6760016600843,-33.6339465885622,              1037P   7294
-22.2119967677981,-48.1087782271798,-34.9053795822512,              1037P   7295
-22.8766866898237,-49.985304208733,-40.4183329809847,               1037P   7296
-25.758792615125,-51.8618301902862,-45.9312863797182,               1037P   7297
-28.6408985404263,-53.7383561718394,-51.4442397784517,              1037P   7298
-31.5230044657276,-30.6964434969909,39.4884351121984,               1037P   7299
-13.7323583931451,-31.0797549054256,39.0054204187464,               1037P   7300
-14.0672187045291,-31.4630663138603,38.5224057252945,               1037P   7301
-14.4020790159131,-31.846377722295,38.0393910318426,                1037P   7302
-14.736939327297,-32.6833649860997,36.9846946733369,                1037P   7303
-15.4681302326932,-33.6207468655953,35.7058596757651,               1037P   7304
-16.0448227786138,-35.5893765288052,32.8206987488825,               1037P   7305
-16.9326201629163,-36.6206243125195,31.2143728195719,               1037P   7306
-17.2437250012982,-39.6947815292455,26.085338153622,                1037P   7307
-17.8437714722546,-45.7647514250304,14.5870413096504,               1037P   7308
-17.7107922374108,-49.0742455998788,-3.5307435403817,               1037P   7309
-13.4283399803075,-51.5160021888273,-16.9046667468073,              1037P   7310
-18.2518394933699,-53.0439791901951,-24.3044953091997,              1037P   7311
-21.5506784859682,-53.8640109627541,-27.9908145241898,              1037P   7312
-23.3026956208463,-54.146695432253,-29.2173217514855,               1037P   7313
-23.9038009389022,-54.7383381447439,-31.6808865996812,              1037P   7314
-25.1460676363934,-55.0472963877359,-32.9179442205812,              1037P   7315
-25.7872290158288,-55.3731878589086,-34.1678180794531,              1037P   7316
-26.4513468502138,-56.7862583884115,-39.587290731538,               1037P   7317
-29.3309721945344,-58.1993289179145,-45.0067633836229,              1037P   7318
-32.2105975388549,-59.6123994474174,-50.4262360357078,              1037P   7319
-35.0902228831755,-34.562382350429,39.4173763784541,                1037P   7320
-12.968797082718,-34.953130348459,38.9215487211443,                 1037P   7321
-13.2511301968623,-35.3438783464891,38.4257210638346,               1037P   7322
-13.5334633110067,-35.7346263445192,37.9298934065248,               1037P   7323
-13.8157964251511,-36.5878519217173,36.8472190454744,               1037P   7324
-14.4322905223503,-37.5760722571903,35.5485387057355,               1037P   7325
-14.8694569893108,-39.6465556658795,32.6895214377605,               1037P   7326
-15.4733766940796,-40.7288187390956,31.1291845095243,               1037P   7327
-15.640129931888,-43.8527518971486,26.3112218953895,                1037P   7328
-15.8671328485734,-49.6091939668725,16.1274893494143,               1037P   7329
-15.2281114949853,-53.504372665075,-1.83548003493824,               1037P   7330
-12.5397441651071,-56.198435833527,-16.2206321814799,               1037P   7331
-17.8525750673514,-57.6792238713651,-23.9350580321268,              1037P   7332
-21.4449255115042,-58.4249337084922,-27.7239514915883,              1037P   7333
-23.2787446873808,-58.6743896239025,-28.9755294004319,              1037P   7334
-23.8962917383063,-59.1797274155838,-31.4699884140013,              1037P   7335
-25.1389674864241,-59.4356092918547,-32.7128695187272,              1037P   7336
-25.7640961836163,-59.6970311592847,-33.958440396979,               1037P   7337
-26.390532534775,-60.8305604759734,-39.3592552576177,               1037P   7338
-29.1067703769208,-61.9640897926621,-44.7600701182564,              1037P   7339
-31.8230082190666,-63.0976191093507,-50.1608849788951,              1037P   7340
-34.5392460612124,-36.8892908013299,39.1587134561464,               1037P   7341
-12.296964689771,-37.2514289298405,38.6910527279613,                1037P   7342
-12.529799350841,-37.6135670583511,38.2233919997761,                1037P   7343
-12.7626340119109,-37.9757051868617,37.755731271591,                1037P   7344
-12.9954686729809,-38.7664591133864,36.7345613698888,               1037P   7345
-13.5038794366564,-39.7464020705144,35.5466702985137,               1037P   7346
-13.7867841627144,-41.8227978020241,32.9052091690037,               1037P   7347
-14.1111390052626,-42.9410193322375,31.4309781176119,               1037P   7348
-14.1503231521549,-46.0489537807678,26.9846335565834,               1037P   7349
-14.0603888750383,-51.9384190539428,17.1258039114749,               1037P   7350
-13.1001988996685,-56.4551219434433,-0.852088746851672,             1037P   7351
-11.499130823585,-59.2893424384046,-15.8854546909911,               1037P   7352
-16.8906808933148,-60.6855385648301,-23.767809207622,               1037P   7353
-20.5762560231881,-61.3636410052928,-27.6158577648065,              1037P   7354
-22.4313858518909,-61.5863425483221,-28.8830191670128,              1037P   7355
-23.0518195054196,-62.0302016055209,-31.4023794278003,              1037P   7356
-24.2863400252479,-62.2513591196905,-32.6545782863815,              1037P   7357
-24.9004268915476,-62.4743052087921,-33.9073360515261,              1037P   7358
-25.5061099266572,-63.4410029472868,-39.3393133664334,              1037P   7359
-28.1323610649689,-64.4077006857816,-44.7712906813407,              1037P   7360
-30.7586122032806,-65.3743984242764,-50.2032679962479,              1037P   7361
-33.3848633415923,-37.4818496123243,39.066968512885,                1037P   7362
-12.1286409760893,-37.8487559643253,38.6112673300775,               1037P   7363
-12.3275207635181,-38.2156623163264,38.15556614727,                 1037P   7364
-12.5264005509468,-38.5825686683274,37.6998649644625,               1037P   7365
-12.7252803383756,-39.3837343442669,36.7048095663773,               1037P   7366
-13.1595482611223,-40.337151303227,35.5654012161566,                1037P   7367
-13.3923684730791,-42.4037714779621,33.0294501985156,               1037P   7368
-13.6124255944587,-43.4785522467735,31.6651513683816,               1037P   7369
-13.6017336917948,-46.6273084265895,27.2931039194594,               1037P   7370
-13.4040967162309,-52.6224762797478,17.4324051875348,               1037P   7371
-12.3465776948133,-57.376730699478,-0.572301040988821,              1037P   7372
-11.0898986297241,-60.2494915352559,-15.8033702664126,              1037P   7373
-16.4596418595488,-61.6092903264163,-23.7303644550037,              1037P   7374
-20.155140400838,-62.2628793104759,-27.5951687804907,               1037P   7375
-22.0107003008292,-62.4763572365757,-28.866988094185,               1037P   7376
-22.6305220390507,-62.9002650416345,-31.3949372079098,              1037P   7377
-23.860913813406,-63.1106949205936,-32.6510670079405,               1037P   7378
-24.4714838495398,-63.3224618209987,-33.9079560891089,              1037P   7379
-25.0715004120281,-64.2406864219982,-39.3578468550813,              1037P   7380
-27.6731816361947,-65.1589110229977,-44.8077376210537,              1037P   7381
-30.2748628603612,-66.0771356239973,-50.2576283870261,              1037P   7382
-32.8765440845278,-38.3642453833571,38.8011489110235,               1037P   7383
-11.8866165465474,-38.7481535997808,38.3982685493171,               1037P   7384
-11.9882150870543,-39.1320618162046,37.9953881876108,               1037P   7385
-12.0898136275611,-39.5159700326283,37.5925078259044,               1037P   7386
-12.191412168068,-40.3542604684096,36.7127903842498,                1037P   7387
-12.4132596856586,-41.2974634158259,35.7155829492958,               1037P   7388
-12.499542893804,-43.3369563284235,33.4168249622583,                1037P   7389
-12.5046685551133,-44.4239897171109,32.1282609477416,               1037P   7390
-12.4151534032664,-47.6474529502106,27.8884247516171,               1037P   7391
-12.030333572425,-53.9438316845591,17.9121757490713,                1037P   7392
-10.7955964095395,-59.0952351236027,-0.14232592417134,              1037P   7393
-10.1229156229861,-62.0231155534662,-15.6949015121337,              1037P   7394
-15.4024102206011,-63.3049969498691,-23.6835864167614,              1037P   7395
-19.0788592697104,-63.9106910606406,-27.5755530527811,              1037P   7396
-20.9247986780453,-64.1067146663262,-28.8558126287386,              1037P   7397
-21.5413976281203,-64.49432877458,-31.4024455516219,                1037P   7398
-22.7643209620898,-64.6859192771482,-32.6688188985476,              1037P   7399
-23.3706453459843,-64.8789511078375,-33.9383686524905,              1037P   7400
-23.9654093497351,-65.7159401527534,-39.4431562941526,              1037P   7401
-26.5443153968467,-66.5529291976693,-44.9479439358148,              1037P   7402
-29.1232214439583,-67.3899182425851,-50.4527315774769,              1037P   7403
-31.7021274910699,-38.6364913500498,38.6981298694518,               1037P   7404
-11.7575398878861,-39.0384968718544,38.3124255777929,               1037P   7405
-11.8142707027126,-39.440502393659,37.9267212861339,                1037P   7406
-11.8710015175391,-39.8425079154636,37.5410169944749,               1037P   7407
-11.9277323323657,-40.7203150830186,36.698804702825,                1037P   7408
-12.0516080335063,-41.6728323494927,35.8326292585842,               1037P   7409
-12.0120993866134,-43.7028069329249,33.6552214690506,               1037P   7410
-11.9092542021657,-44.77966453541,32.3957163249754,                 1037P   7411
-11.7904284050599,-48.08924282801,28.1752752208987,                 1037P   7412
-11.3128625874265,-54.5811298635655,18.085345034548,                1037P   7413
-9.99823632912087,-59.8921307916927,0.00786148678328935,            1037P   7414
-9.56516481010916,-62.8365904748252,-15.6685171824332,              1037P   7415
-14.7762176154194,-64.0769518117355,-23.6742531311374,              1037P   7416
-18.4236937609328,-64.6592645056222,-27.5766263093872,              1037P   7417
-20.2595826063231,-64.847057407823,-28.8606682361201,               1037P   7418
-20.8735706835588,-65.2183290714119,-31.4173961152244,              1037P   7419
-22.0931543226156,-65.4018078327998,-32.6900820675958,              1037P   7420
-22.6987498844367,-65.5872837824698,-33.9681611782893,              1037P   7421
-23.2939278020711,-66.3915104087973,-39.5099322445762,              1037P   7422
-25.8746285862729,-67.1957370351248,-45.0517033108631,              1037P   7423
-28.4553293704747,-67.9999636614524,-50.5934743771499,              1037P   7424
-31.0360301546765,-38.9396831831157,38.4879704060968,               1037P   7425
-11.7154693007033,-39.3524607376739,38.1558437091423,               1037P   7426
-11.6877575713117,-39.7652382922321,37.8237170121877,               1037P   7427
-11.6600458419201,-40.1780158467902,37.4915903152331,               1037P   7428
-11.6323341125285,-41.0793445011094,36.7663684480946,               1037P   7429
-11.5718236136277,-42.026760819524,35.9180220123378,                1037P   7430
-11.5042192028229,-44.0503506650446,33.8411080007694,               1037P   7431
-11.2904971821167,-45.1265241921504,32.6125404249579,               1037P   7432
-11.1443795722152,-48.5481805865049,28.3565059874413,               1037P   7433
-10.588256943866,-55.2640201323253,18.1512525740686,                1037P   7434
-9.20145437955508,-60.6262877085929,0.0764579929956977,             1037P   7435
-8.92125645823646,-63.5735443254664,-15.6681915420263,              1037P   7436
-14.0652790812424,-64.7754629101175,-23.6747264569577,              1037P   7437
-17.6660374919724,-65.3375038841527,-27.5841195489703,              1037P   7438
-19.4880686198388,-65.5183644891161,-28.8716048520658,              1037P   7439
-20.0990209828779,-65.8763608561608,-31.4396453534768,              1037P   7440
-21.3174643136256,-66.0534966182422,-32.7202005517924,              1037P   7441
-21.9249552813341,-66.2333939238233,-34.0094713729037,              1037P   7442
-22.5253761999619,-67.0134314618996,-39.599769871066,               1037P   7443
-25.1288107186899,-67.7934689999759,-45.1900683692283,              1037P   7444
-27.7322452374178,-68.5735065380522,-50.7803668673905,              1037P   7445
-30.3356797561458,-39.6944104422448,37.9648261176969,               1037P   7446
-11.6107441218179,-40.1340025276337,37.7660686833411,               1037P   7447
-11.3728318428035,-40.5735946130225,37.5673112489853,               1037P   7448
-11.134919563789,-41.0131866984114,37.3685538146295,                1037P   7449
-10.8970072847746,-41.9730667558359,36.9345530583733,               1037P   7450
-10.377509187259,-42.9077854217152,36.1305878929494,                1037P   7451
-10.23996674852,-44.9154819112189,34.3038303345951,                 1037P   7452
-9.75024200741046,-45.9899525879187,33.1522748137048,               1037P   7453
-9.53618762342231,-49.6906019805021,28.8076388504852,               1037P   7454
-8.78451564323851,-56.9639204746771,18.3153144360104,               1037P   7455
-7.21804654551691,-62.4538047365409,0.24721342725658,               1037P   7456
-7.31839275104167,-65.4080236851995,-15.6673809341373,              1037P   7457
-12.2955589476793,-66.5142477626716,-23.6759046941661,              1037P   7458
-15.7800241602406,-67.0258268907969,-27.6027722683242,              1037P   7459
-17.5675596453362,-67.1894311150702,-28.8988290754009,              1037P   7460
-18.1709552868372,-67.5143816441927,-31.4950297826486,              1037P   7461
-19.3865600788417,-67.6757279490418,-32.7951736828197,              1037P   7462
-19.9987692293452,-67.8417384862352,-34.112303727061,               1037P   7463
-20.6122414090487,-68.5615627788158,-39.8234002535921,              1037P   7464
-23.2722664004658,-69.2813870713964,-45.5344967801232,              1037P   7465
-25.9322913918829,-70.001211363977,-51.2455933066543,               1037P   7466
-28.5923163833,-40.4491377013739,37.4416818292969,                  1037P   7467
-11.5060189429325,-40.9155443175935,37.3762936575399,               1037P   7468
-11.0579061142952,-41.381950933813,37.3109054857829,                1037P   7469
-10.6097932856579,-41.8483575500325,37.2455173140259,               1037P   7470
-10.1616804570206,-42.8667890105625,37.102737668652,                1037P   7471
-9.1831947608903,-43.7888100239063,36.3431537735609,                1037P   7472
-8.97571429421706,-45.7806131573932,34.7665526684209,               1037P   7473
-8.20998683270423,-46.8533809836869,33.6920092024518,               1037P   7474
-7.92799567462938,-50.8330233744994,29.258771713529,                1037P   7475
-6.98077434261107,-58.6638208170289,18.4793762979522,               1037P   7476
-5.23463871147874,-64.2813217644889,0.417968861517463,              1037P   7477
-5.71552904384688,-67.2425030449327,-15.6665703262483,              1037P   7478
-10.5258388141163,-68.2530326152256,-23.6770829313745,              1037P   7479
-13.8940108285089,-68.714149897441,-27.6214249876782,               1037P   7480
-15.6470506708335,-68.8604977410243,-28.9260532987361,              1037P   7481
-16.2428895907964,-69.1524024322245,-31.5504142118205,              1037P   7482
-17.4556558440578,-69.2979592798415,-32.8701468138469,              1037P   7483
-18.0725831773563,-69.4500830486472,-34.2151360812183,              1037P   7484
-18.6991066181356,-70.1096940957321,-40.0470306361182,              1037P   7485
-21.4157220822418,-70.769305142817,-45.8789251910181,               1037P   7486
-24.132337546348,-71.4289161899019,-51.710819745918,                1037P   7487
-26.8489530104542,-41.203864960503,36.9185375408969,                1037P   7488
-11.4012937640471,-41.6970861075532,36.9865186317387,               1037P   7489
-10.7429803857869,-42.1903072546034,37.0544997225805,               1037P   7490
-10.0846670075268,-42.6835284016536,37.1224808134223,               1037P   7491
-9.42635362926657,-43.7605112652891,37.2709222789306,               1037P   7492
-7.98888033452157,-44.6698346260975,36.5557196541725,               1037P   7493
-7.71146183991412,-46.6457444035675,35.2292750022466,               1037P   7494
-6.669731657998,-47.7168093794552,34.2317435911988,                 1037P   7495
-6.31980372583644,-51.9754447684966,29.7099045765729,               1037P   7496
-5.17703304198362,-60.3637211593807,18.6434381598939,               1037P   7497
-3.25123087744057,-66.1088387924369,0.588724295778346,              1037P   7498
-4.11266533665209,-69.0769824046658,-15.6657597183593,              1037P   7499
-8.7561186805532,-69.9918174677797,-23.6782611685829,               1037P   7500
-12.0079974967771,-70.4024729040851,-27.640077707032,               1037P   7501
-13.7265416963308,-70.5315643669785,-28.9532775220713,              1037P   7502
-14.3148238947557,-70.7904232202563,-31.6057986409923,              1037P   7503
-15.524751609274,-70.9201906106411,-32.9451199448742,               1037P   7504
-16.1463971253674,-71.0584276110591,-34.3179684353756,              1037P   7505
-16.7859718272225,-71.6578254126483,-40.2706610186443,              1037P   7506
-19.5591777640178,-72.2572232142375,-46.223353601913,               1037P   7507
-22.3323837008131,-72.8566210158267,-52.1760461851817,              1037P   7508
-25.1055896376084,-0.0572457050738602,2.54200196019943,             1037P   7509
-1.02019138950968,0.655579565645206;                                1037P   7510
128,1,1,1,1,0,0,1,0,0,-0.260260794296915,-0.260260794296915,        1039P   7511
0.260260794296915,0.260260794296915,-0.260260794296915,             1039P   7512
-0.260260794296915,0.260260794296915,0.260260794296915,1.,1.,1.,    1039P   7513
1.,-46.4803829429691,-27.7196749429692,-3.5800000834465,            1039P   7514
-41.2751670570308,-27.7196749429692,-3.5800000834465,               1039P   7515
-46.4803829429691,-22.5144590570309,-3.5800000834465,               1039P   7516
-41.2751670570308,-22.5144590570309,-3.5800000834465,               1039P   7517
-0.260260794296915,0.260260794296915,-0.260260794296915,            1039P   7518
0.260260794296915;                                                  1039P   7519
502,167,-42.3704438741867,-25.117067,-3.5800000834465,              1041P   7520
-42.5734990615258,-25.117067,-15.2130239750324,                     1041P   7521
-42.7806179903581,-25.816128624057,-15.4042328052488,               1041P   7522
-40.3493562701193,-24.4515340081697,-13.4833787505853,              1041P   7523
-41.1849104489744,-24.4404341776918,-14.1192876127714,              1041P   7524
-40.352824286424,-21.792017713576,-13.6820612689317,                1041P   7525
-38.8167443458178,-21.8080562472646,-12.7632143008196,              1041P   7526
-43.0818881101174,-19.3291139109842,-15.22235240534,                1041P   7527
-43.0777563231438,-22.4338350879129,-15.4590623225238,              1041P   7528
-38.6801190899952,-25.4861540130384,3.5,-37.1796707766378,          1041P   7529
-25.5297916753589,0.999999999999979,-37.1796707766378,              1041P   7530
-24.7043423246411,0.999999999999979,-38.6801190899952,              1041P   7531
-24.7479799869617,3.5,-37.1849239964953,-24.627540038957,-3.4,      1041P   7532
-37.1051690431907,-24.6275400388621,-3.40000000135234,              1041P   7533
-37.2456750886852,-24.4983392699056,-10.8019071016322,              1041P   7534
-37.7633836920102,-24.4824645912513,-11.7113673712668,              1041P   7535
-38.7264144702076,-24.4717166669422,-12.3271150273664,              1041P   7536
-39.0026777906368,-24.7479799869617,3.5,-37.1849239964953,          1041P   7537
-25.6065939610431,-3.4,-48.8754309100047,-24.7479799869617,3.5,     1041P   7538
-50.3758792233622,-24.7043423246411,0.999999999999979,              1041P   7539
-50.3758792233622,-25.5297916753589,0.999999999999979,              1041P   7540
-48.8754309100047,-25.4861540130384,3.5,-48.5528722093632,          1041P   7541
-24.7479799869617,3.5,-48.9491676418175,-24.3516845545097,          1041P   7542
-19.2037501197488,-49.3195682530392,-24.3487601279881,              1041P   7543
-19.3712904068622,-50.1543058042974,-24.3584948524433,              1041P   7544
-18.8135884147204,-50.4503808791745,-24.627540038957,-3.4,          1041P   7545
-50.3706260035047,-24.627540038957,-3.4,-48.5528722093632,          1041P   7546
-25.4861540130384,3.5,-50.3706260035047,-25.6065939610431,-3.4,     1041P   7547
-44.4709192309989,-18.6672841709419,-15.0652256260962,              1041P   7548
-44.277775,-18.4557401796492,-4.,-43.277775,-18.4557401796492,      1041P   7549
-4.,-43.0956012497826,-18.6550830870109,-14.4367271601124,          1041P   7550
-37.5494345881565,-23.077346572604,-11.2320439354047,               1041P   7551
-37.2903010323588,-24.1463884110417,-10.8962964960641,              1041P   7552
-50.1452722051137,-25.8836561079275,-19.2728789552912,              1041P   7553
-50.4503809592735,-25.6065939611479,-3.40000000139408,              1041P   7554
-45.7188362973221,-31.5198466232903,-3.4,-45.6674443176704,         1041P   7555
-31.4851474840315,-6.15000002381835,-44.3153033900115,              1041P   7556
-31.7378194052241,-6.15000002384186,-44.4929541302932,              1041P   7557
-31.5422731845605,-16.3276041003453,-49.2775071134044,              1041P   7558
-25.8934397786474,-19.8333858844905,-48.9573487060833,              1041P   7559
-25.8906305097601,-19.6724429776364,-48.9634786303603,              1041P   7560
-27.0437062827712,-20.0236261042668,-48.96239543823,                1041P   7561
-28.551725520241,-19.9615700686825,-48.5451893223045,               1041P   7562
-28.1345194043155,3.94015230480657,-48.5277369158666,-27.117067,    1041P   7563
4.94,-48.5277369158666,-23.117067,4.94,-48.5451893223045,           1041P   7564
-22.0996145956845,3.94015230480657,-48.9313432277301,               1041P   7565
-21.7134606902588,-18.1825901206034,-48.9412079392178,              1041P   7566
-22.8453862750083,-18.747739065676,-44.5110239536487,               1041P   7567
-30.7564997813079,-17.3628235607901,-48.1048172618491,              1041P   7568
-28.551346871583,-19.9398779151374,-48.3249426664163,               1041P   7569
-21.7138424051155,-18.1607216911799,-44.4857683885338,              1041P   7570
-19.3622150863811,-15.9159333759691,-39.0026777906368,              1041P   7571
-25.4861540130384,3.5,-38.7301786018269,-25.7586532020117,          1041P   7572
-12.1114680713328,-37.7249015955678,-25.7465830864829,              1041P   7573
-11.4199716251887,-37.240663150991,-25.7312333458655,               1041P   7574
-10.5405855739845,-37.1051691208254,-25.6065939610431,-3.4,         1041P   7575
-38.7200637576995,-21.9489797747239,-12.6909471032877,              1041P   7576
-38.7198450969983,-21.8090990149874,-12.7034741664711,              1041P   7577
-39.0103606776955,-22.0996145956845,3.94015230480657,               1041P   7578
-39.0278130841334,-23.117067,4.94,-39.0278130841334,-27.117067,     1041P   7579
4.94,-39.0103606776955,-28.1345194043155,3.94015230480657,          1041P   7580
-38.7387771477234,-28.4061029342876,-11.6188577068373,              1041P   7581
-41.8367137026779,-31.5198466232903,-3.4,-37.6018444210253,         1041P   7582
-27.352876441812,-10.4100296564982,-39.4866814833169,               1041P   7583
-30.067981792223,-11.3528826878253,-40.6742970525665,               1041P   7584
-30.8666643570375,-12.3843552900982,-43.0880560391985,              1041P   7585
-31.5706618028413,-14.8689919856988,-43.2402466099885,              1041P   7586
-31.7378194052241,-6.15000002384186,-41.8881056823296,              1041P   7587
-31.4851474840315,-6.15000002381835,-37.7661792084848,              1041P   7588
-24.462241440632,-11.7171355942957,-37.9768122981069,               1041P   7589
-23.5162280043925,-12.0224434431657,-38.0124358807497,              1041P   7590
-27.166151566245,-11.3025253002108,-43.277775,-31.0341462893015,    1041P   7591
-4.,-43.5343993466515,-31.272180060906,-4.,-43.498197057057,        1041P   7592
-31.2751022129082,-6.15000002384186,-43.2402466099882,              1041P   7593
-31.0385064834692,-6.15000002384186,-43.0709904628646,              1041P   7594
-30.866655624154,-15.8466781983216,-43.0729076667579,               1041P   7595
-27.8039104135092,-15.7368416608366,-43.277775,                     1041P   7596
-27.6468265066293,-4.,-44.0211506533485,-31.272180060906,-4.,       1041P   7597
-44.277775,-31.0341462893015,-4.,-44.3153033900118,                 1041P   7598
-31.0385064834692,-6.15000002384186,-44.0573529429429,              1041P   7599
-31.2751022129082,-6.15000002384186,-44.277775,                     1041P   7600
-27.6860518503604,-4.,-44.5055435109099,-27.87420987859,            1041P   7601
-17.0488492507211,-41.8931527610123,-31.8652822160847,-3.4,         1041P   7602
-41.9423692424057,-31.830931321651,-6.15000002384186,               1041P   7603
-41.4956453220427,-32.1991004590027,-3.4,-37.8523995628042,         1041P   7604
-29.6174269533314,-3.4,-36.0689306811701,-30.775625187296,-3.4,     1041P   7605
-35.4729554109545,-29.8579037493912,-3.4,-37.2564242925886,         1041P   7606
-28.6997055154266,-3.4,-46.1671679504786,-18.0704993880718,-3.4,    1041P   7607
-47.2954817051754,-15.536265202521,-3.4,-48.5438930590944,          1041P   7608
-16.0920937483506,-3.4,-47.4155793043977,-18.6263279339015,-3.4,    1041P   7609
-51.2184277792445,-25.117067,-3.39999999997531,                     1041P   7610
-50.4017561856613,-28.5061947688039,-3.4,-52.8038157650195,         1041P   7611
-30.0661104989519,-3.4,-51.9701727291724,-31.3498082021807,-3.4,    1041P   7612
-49.5681131498143,-29.7898924720327,-3.4,-46.0599046779572,         1041P   7613
-32.1991004590027,-3.4,-45.6623972389877,-31.8652822160847,-3.4,    1041P   7614
-45.6131807575943,-31.830931321651,-6.15000002384186,               1041P   7615
-46.020837817761,-32.1612108927882,-6.15000002384186,               1041P   7616
-41.534712182239,-32.1612108927882,-6.15000002384186,               1041P   7617
-49.1725905788253,-28.7657953488699,-21.4995056963692,              1041P   7618
-40.0273725225522,-30.9131685267698,-13.5079364379477,              1041P   7619
-37.6993269304635,-28.5881430713885,-11.6338358135167,              1041P   7620
-38.4310736305241,-29.6138597609581,-12.0527148514992,              1041P   7621
-37.3189198129741,-28.7153149553998,-6.1,-37.8635588479891,         1041P   7622
-29.5539855233453,-6.1,-35.5381489614403,-29.8717610681306,-6.1,    1041P   7623
-36.0827879964554,-30.710431636076,-6.1,-47.1793740024592,          1041P   7624
-18.7062472181878,-13.9,-46.2658285448166,-18.299510575112,         1041P   7625
-13.9,-48.3019141595793,-16.1849807451119,-13.9,                    1041P   7626
-47.3883687019367,-15.7782441020361,-13.9,-37.5031783875258,        1041P   7627
-28.8628595861755,-11.0206012861076,-49.6957539739128,              1041P   7628
-29.0946368010338,-21.1706237093598,-50.9210869097227,              1041P   7629
-25.117067,-20.4346470061341,-38.3830291575594,                     1041P   7630
-30.0341082846771,-11.4949667838831,-40.1903551405685,              1041P   7631
-31.4422526322698,-13.0795596464057,-49.5085703457585,              1041P   7632
-29.4348706590145,-18.6,-50.0532093807735,-28.5962000910691,        1041P   7633
-18.6,-51.8921611619467,-30.982792634123,-18.6,                     1041P   7634
-52.4368001969618,-30.1441220661776,-18.6,-40.027775,-27.117067,    1041P   7635
4.94,-40.0452274043155,-28.1345194043155,3.94015230480657,          1041P   7636
-40.027775,-23.117067,4.94,-40.0452274043155,-22.0996145956845,     1041P   7637
3.94015230480657,-47.5103225956845,-28.1345194043155,               1041P   7638
3.94015230480657,-47.527775,-27.117067,4.94,-47.527775,             1041P   7639
-23.117067,4.94,-47.5103225956845,-22.0996145956845,                1041P   7640
3.94015230480657,-47.1337371871736,-21.7230291871737,               1041P   7641
-17.634411299483,-40.1838232783358,-24.617067,-4.,                  1041P   7642
-40.1838232783358,-25.617067,-4.,-40.3472165158378,                 1041P   7643
-25.7804602375029,-13.3607923072641,-40.3424335544939,              1041P   7644
-28.4317255544939,-13.0867766353388,-39.4464323834168,              1041P   7645
-29.3920385069874,-12.0887363995793,-40.441526758379,               1041P   7646
-30.1173164544477,-13.0042711803834,-47.1055616970514,              1041P   7647
-28.5392803029486,-19.2485840475158,-47.116359503686,               1041P   7648
-25.872434177883,-18.6299758233723,-47.3717267216641,-25.617067,    1041P   7649
-4.,-47.3717267216641,-24.617067,-4.,-47.1226247284031,             1041P   7650
-24.3679650354602,-18.2710419911335,-46.4291830742565,              1041P   7651
-25.617067,-4.,-46.4291830742565,-24.617067,-4.,                    1041P   7652
-46.6227531810264,-24.3729594284591,-17.9849134073576,              1041P   7653
-44.4932951002006,-22.3697145765822,-16.3471382711534,              1041P   7654
-44.277775,-22.5480821496396,-4.,-43.277775,-22.5873074933707,      1041P   7655
-4.,-41.3263669257435,-24.617067,-4.,-41.2778359312176,             1041P   7656
-25.117067,-4.,-41.3263669257435,-25.617067,-4.,                    1041P   7657
-41.1857811410567,-25.7925834676361,-14.0553316964366,              1041P   7658
-46.627215716956,-25.8670126080131,-18.3193742928428,               1041P   7659
-41.2851670570308,-25.117067,-3.5800000834465;                      1041P   7660
504,250,369,1041,1,1041,1,371,1041,1,1041,2,373,1041,3,1041,2,      1043P   7661
375,1041,2,1041,3,377,1041,4,1041,5,379,1041,6,1041,4,381,1041,     1043P   7662
7,1041,6,383,1041,8,1041,7,385,1041,8,1041,9,387,1041,9,1041,5,     1043P   7663
389,1041,10,1041,11,391,1041,11,1041,12,393,1041,12,1041,13,395,    1043P   7664
1041,13,1041,10,397,1041,14,1041,12,399,1041,14,1041,15,401,        1043P   7665
1041,16,1041,15,403,1041,17,1041,16,405,1041,18,1041,17,407,        1043P   7666
1041,19,1041,18,409,1041,19,1041,13,411,1041,11,1041,20,413,        1043P   7667
1041,14,1041,20,415,1041,21,1041,22,417,1041,22,1041,23,419,        1043P   7668
1041,23,1041,24,421,1041,24,1041,21,423,1041,21,1041,25,425,        1043P   7669
1041,26,1041,25,427,1041,27,1041,26,429,1041,28,1041,27,431,        1043P   7670
1041,29,1041,28,433,1041,30,1041,29,435,1041,22,1041,30,437,        1043P   7671
1041,31,1041,24,439,1041,25,1041,31,441,1041,32,1041,30,443,        1043P   7672
1041,32,1041,23,445,1041,29,1041,15,447,1041,33,1041,28,449,        1043P   7673
1041,33,1041,34,451,1041,34,1041,35,453,1041,35,1041,36,455,        1043P   7674
1041,37,1041,36,457,1041,38,1041,37,459,1041,16,1041,38,461,        1043P   7675
1041,39,1041,40,463,1041,41,1041,40,465,1041,42,1041,41,467,        1043P   7676
1041,43,1041,42,469,1041,43,1041,44,471,1041,39,1041,44,473,        1043P   7677
1041,32,1041,40,475,1041,45,1041,39,477,1041,46,1041,45,479,        1043P   7678
1041,31,1041,46,481,1041,46,1041,47,483,1041,48,1041,47,485,        1043P   7679
1041,48,1041,49,487,1041,50,1041,49,489,1041,51,1041,50,491,        1043P   7680
1041,52,1041,51,493,1041,53,1041,52,495,1041,54,1041,53,497,        1043P   7681
1041,54,1041,26,499,1041,44,1041,55,501,1041,55,1041,56,503,        1043P   7682
1041,56,1041,48,505,1041,47,1041,45,507,1041,27,1041,54,509,        1043P   7683
1041,53,1041,57,511,1041,57,1041,58,513,1041,58,1041,33,515,        1043P   7684
1041,10,1041,59,517,1041,60,1041,59,519,1041,60,1041,61,521,        1043P   7685
1041,62,1041,61,523,1041,63,1041,62,525,1041,20,1041,63,527,        1043P   7686
1041,59,1041,19,529,1041,64,1041,18,531,1041,65,1041,64,533,        1043P   7687
1041,65,1041,66,535,1041,67,1041,66,537,1041,68,1041,67,539,        1043P   7688
1041,69,1041,68,541,1041,70,1041,69,543,1041,60,1041,70,545,        1043P   7689
1041,63,1041,71,547,1041,72,1041,62,549,1041,73,1041,72,551,        1043P   7690
1041,74,1041,73,553,1041,75,1041,74,555,1041,75,1041,76,557,        1043P   7691
1041,77,1041,76,559,1041,71,1041,77,561,1041,78,1041,17,563,        1043P   7692
1041,79,1041,78,565,1041,64,1041,79,567,1041,61,1041,80,569,        1043P   7693
1041,72,1041,80,571,1041,81,1041,82,573,1041,82,1041,83,575,        1043P   7694
1041,83,1041,84,577,1041,84,1041,81,579,1041,76,1041,84,581,        1043P   7695
1041,85,1041,75,583,1041,86,1041,85,585,1041,86,1041,87,587,        1043P   7696
1041,87,1041,81,589,1041,88,1041,89,591,1041,89,1041,90,593,        1043P   7697
1041,90,1041,91,595,1041,91,1041,88,597,1041,82,1041,88,599,        1043P   7698
1041,91,1041,83,601,1041,92,1041,89,603,1041,92,1041,93,605,        1043P   7699
1041,93,1041,55,607,1041,90,1041,43,609,1041,94,1041,71,611,        1043P   7700
1041,77,1041,95,613,1041,95,1041,94,615,1041,94,1041,96,617,        1043P   7701
1041,96,1041,97,619,1041,98,1041,97,621,1041,99,1041,98,623,        1043P   7702
1041,99,1041,100,625,1041,100,1041,101,627,1041,102,1041,101,       1043P   7703
629,1041,102,1041,103,631,1041,103,1041,104,633,1041,104,1041,      1043P   7704
105,635,1041,105,1041,106,637,1041,107,1041,106,639,1041,108,       1043P   7705
1041,107,641,1041,108,1041,109,643,1041,109,1041,110,645,1041,      1043P   7706
110,1041,111,647,1041,41,1041,111,649,1041,111,1041,112,651,        1043P   7707
1041,112,1041,42,653,1041,113,1041,112,655,1041,114,1041,113,       1043P   7708
657,1041,95,1041,114,659,1041,87,1041,92,661,1041,96,1041,114,      1043P   7709
663,1041,113,1041,110,665,1041,115,1041,116,667,1041,117,1041,      1043P   7710
115,669,1041,118,1041,117,671,1041,116,1041,118,673,1041,119,       1043P   7711
1041,120,675,1041,119,1041,121,677,1041,121,1041,122,679,1041,      1043P   7712
122,1041,120,681,1041,123,1041,124,683,1041,123,1041,125,685,       1043P   7713
1041,125,1041,126,687,1041,126,1041,124,689,1041,117,1041,127,      1043P   7714
691,1041,128,1041,115,693,1041,128,1041,129,695,1041,129,1041,      1043P   7715
127,697,1041,127,1041,130,699,1041,118,1041,130,701,1041,130,       1043P   7716
1041,131,703,1041,116,1041,131,705,1041,131,1041,128,707,1041,      1043P   7717
132,1041,133,709,1041,132,1041,134,711,1041,134,1041,135,713,       1043P   7718
1041,135,1041,133,715,1041,104,1041,123,717,1041,103,1041,125,      1043P   7719
719,1041,102,1041,126,721,1041,124,1041,101,723,1041,100,1041,      1043P   7720
119,725,1041,99,1041,121,727,1041,98,1041,122,729,1041,120,1041,    1043P   7721
97,731,1041,129,1041,105,733,1041,109,1041,132,735,1041,133,        1043P   7722
1041,106,737,1041,108,1041,134,739,1041,107,1041,135,741,1041,      1043P   7723
68,1041,136,743,1041,136,1041,137,745,1041,137,1041,69,747,1041,    1043P   7724
138,1041,67,749,1041,138,1041,136,751,1041,139,1041,138,753,        1043P   7725
1041,66,1041,139,755,1041,140,1041,141,757,1041,141,1041,50,759,    1043P   7726
1041,49,1041,140,761,1041,51,1041,142,763,1041,141,1041,142,765,    1043P   7727
1041,142,1041,143,767,1041,143,1041,52,769,1041,144,1041,143,       1043P   7728
771,1041,144,1041,57,773,1041,7,1041,65,775,1041,6,1041,139,777,    1043P   7729
1041,145,1041,4,779,1041,146,1041,145,781,1041,147,1041,146,783,    1043P   7730
1041,148,1041,147,785,1041,148,1041,137,787,1041,70,1041,148,       1043P   7731
789,1041,79,1041,37,791,1041,36,1041,8,793,1041,38,1041,78,795,     1043P   7732
1041,80,1041,149,797,1041,73,1041,149,799,1041,149,1041,150,801,    1043P   7733
1041,74,1041,150,803,1041,150,1041,85,805,1041,56,1041,151,807,     1043P   7734
1041,151,1041,140,809,1041,151,1041,152,811,1041,153,1041,152,      1043P   7735
813,1041,154,1041,153,815,1041,155,1041,154,817,1041,155,1041,      1043P   7736
144,819,1041,156,1041,157,821,1041,154,1041,157,823,1041,156,       1043P   7737
1041,153,825,1041,157,1041,158,827,1041,158,1041,155,829,1041,      1043P   7738
158,1041,159,831,1041,58,1041,159,833,1041,159,1041,160,835,        1043P   7739
1041,160,1041,34,837,1041,160,1041,161,839,1041,35,1041,161,841,    1043P   7740
1041,161,1041,9,843,1041,5,1041,162,845,1041,162,1041,145,847,      1043P   7741
1041,162,1041,163,849,1041,163,1041,164,851,1041,164,1041,146,      1043P   7742
853,1041,164,1041,165,855,1041,147,1041,165,857,1041,165,1041,      1043P   7743
86,859,1041,93,1041,166,861,1041,166,1041,152,863,1041,166,1041,    1043P   7744
156,865,1041,163,1041,167,867,1041,167,1041,167;                    1043P   7745
406,1,2HGL;                                                         1045P   7746
314,100.,82.7450980392157,100.,9HShell (1);                         1047P   7747
314,62.7450980392157,62.7450980392157,62.7450980392157,13HSteel     1049P   7748
- Satin;                                                            1049P   7749
S      1G      2D   1050P   7749                                        T      1
