ISO-10303-21;
HEADER;
/* Generated by software containing ST-Developer
 * from STEP Tools, Inc. (www.steptools.com) 
 */

FILE_DESCRIPTION(
/* description */ (''),
/* implementation_level */ '2;1');

FILE_NAME(
/* name */ 'GR.step',
/* time_stamp */ '2025-10-09T15:07:29-07:00',
/* author */ (''),
/* organization */ (''),
/* preprocessor_version */ 'ST-DEVELOPER v20.1',
/* originating_system */ 'Autodesk Translation Framework v14.17.0.0',
/* authorisation */ '');

FILE_SCHEMA (('AUTOMOTIVE_DESIGN { 1 0 10303 214 3 1 1 }'));
ENDSEC;

DATA;
#10=MECHANICAL_DESIGN_GEOMETRIC_PRESENTATION_REPRESENTATION('',(#13),#4940);
#11=SHAPE_REPRESENTATION_RELATIONSHIP('SRR','None',#4947,#12);
#12=ADVANCED_BREP_SHAPE_REPRESENTATION('',(#14),#4939);
#13=STYLED_ITEM('',(#4957),#14);
#14=MANIFOLD_SOLID_BREP('GL',#1613);
#15=FACE_BOUND('',#440,.T.);
#16=CYLINDRICAL_SURFACE('',#1637,6.611);
#17=CYLINDRICAL_SURFACE('',#1646,6.611);
#18=CYLINDRICAL_SURFACE('',#1661,3.25);
#19=CYLINDRICAL_SURFACE('',#1679,3.25);
#20=CYLINDRICAL_SURFACE('',#1680,3.25);
#21=ELLIPSE('',#1636,378.801629663914,6.611);
#22=ELLIPSE('',#1639,378.801629663914,6.611);
#23=ELLIPSE('',#1644,378.801629663914,6.611);
#24=ELLIPSE('',#1647,378.801629663914,6.611);
#25=PLANE('',#1635);
#26=PLANE('',#1643);
#27=PLANE('',#1645);
#28=PLANE('',#1652);
#29=PLANE('',#1653);
#30=PLANE('',#1654);
#31=PLANE('',#1655);
#32=PLANE('',#1656);
#33=PLANE('',#1660);
#34=PLANE('',#1664);
#35=PLANE('',#1665);
#36=PLANE('',#1673);
#37=PLANE('',#1677);
#38=PLANE('',#1681);
#39=PLANE('',#1683);
#40=PLANE('',#1685);
#41=PLANE('',#1687);
#42=PLANE('',#1688);
#43=PLANE('',#1689);
#44=PLANE('',#1690);
#45=PLANE('',#1691);
#46=PLANE('',#1692);
#47=PLANE('',#1694);
#48=PLANE('',#1695);
#49=PLANE('',#1696);
#50=PLANE('',#1697);
#51=PLANE('',#1698);
#52=PLANE('',#1699);
#53=PLANE('',#1700);
#54=PLANE('',#1701);
#55=PLANE('',#1702);
#56=PLANE('',#1703);
#57=PLANE('',#1704);
#58=PLANE('',#1705);
#59=PLANE('',#1706);
#60=PLANE('',#1707);
#61=PLANE('',#1708);
#62=PLANE('',#1709);
#63=PLANE('',#1711);
#64=PLANE('',#1712);
#65=PLANE('',#1713);
#66=PLANE('',#1715);
#67=PLANE('',#1716);
#68=PLANE('',#1717);
#69=PLANE('',#1720);
#70=PLANE('',#1721);
#71=PLANE('',#1724);
#72=B_SPLINE_SURFACE_WITH_KNOTS('',3,3,((#2203,#2204,#2205,#2206,#2207,
#2208),(#2209,#2210,#2211,#2212,#2213,#2214),(#2215,#2216,#2217,#2218,#2219,
#2220),(#2221,#2222,#2223,#2224,#2225,#2226),(#2227,#2228,#2229,#2230,#2231,
#2232),(#2233,#2234,#2235,#2236,#2237,#2238)),.UNSPECIFIED.,.F.,.F.,.F.,
(4,2,4),(4,2,4),(1.43792897955435,1.5,1.59843380013626),(0.0519452454529061,
0.0625,0.121514384036961),.UNSPECIFIED.);
#73=B_SPLINE_SURFACE_WITH_KNOTS('',3,3,((#2609,#2610,#2611,#2612,#2613,
#2614,#2615,#2616,#2617,#2618),(#2619,#2620,#2621,#2622,#2623,#2624,#2625,
#2626,#2627,#2628),(#2629,#2630,#2631,#2632,#2633,#2634,#2635,#2636,#2637,
#2638),(#2639,#2640,#2641,#2642,#2643,#2644,#2645,#2646,#2647,#2648),(#2649,
#2650,#2651,#2652,#2653,#2654,#2655,#2656,#2657,#2658),(#2659,#2660,#2661,
#2662,#2663,#2664,#2665,#2666,#2667,#2668),(#2669,#2670,#2671,#2672,#2673,
#2674,#2675,#2676,#2677,#2678),(#2679,#2680,#2681,#2682,#2683,#2684,#2685,
#2686,#2687,#2688),(#2689,#2690,#2691,#2692,#2693,#2694,#2695,#2696,#2697,
#2698)),.UNSPECIFIED.,.F.,.F.,.F.,(4,1,1,1,1,1,4),(4,2,1,1,2,4),(0.,0.142857142857143,
0.285714285714286,0.428571428571429,0.571428571428571,0.785714285714286,
1.),(5.9731074539443,6.16299911465358,6.31737893328977,6.47175875192595,
6.67759851010754,6.86229744786993),.UNSPECIFIED.);
#74=B_SPLINE_SURFACE_WITH_KNOTS('',3,3,((#2740,#2741,#2742,#2743,#2744,
#2745),(#2746,#2747,#2748,#2749,#2750,#2751),(#2752,#2753,#2754,#2755,#2756,
#2757),(#2758,#2759,#2760,#2761,#2762,#2763),(#2764,#2765,#2766,#2767,#2768,
#2769),(#2770,#2771,#2772,#2773,#2774,#2775),(#2776,#2777,#2778,#2779,#2780,
#2781)),.UNSPECIFIED.,.F.,.F.,.F.,(4,1,1,1,4),(4,2,4),(0.,0.285714285714286,
0.571428571428571,0.714285714285714,1.),(4.96930562223411,5.31238228014147,
5.84144299889549),.UNSPECIFIED.);
#75=B_SPLINE_SURFACE_WITH_KNOTS('',3,3,((#2813,#2814,#2815,#2816),(#2817,
#2818,#2819,#2820),(#2821,#2822,#2823,#2824),(#2825,#2826,#2827,#2828)),
 .UNSPECIFIED.,.F.,.F.,.F.,(4,4),(4,4),(1.6972475792166,1.7363149389355),
(0.185514046597386,0.193415316991898),.UNSPECIFIED.);
#76=B_SPLINE_SURFACE_WITH_KNOTS('',3,3,((#2923,#2924,#2925,#2926),(#2927,
#2928,#2929,#2930),(#2931,#2932,#2933,#2934),(#2935,#2936,#2937,#2938),
(#2939,#2940,#2941,#2942),(#2943,#2944,#2945,#2946)),.UNSPECIFIED.,.F.,
 .F.,.F.,(4,2,4),(4,4),(1.49782043304134,1.5,1.5818489160117),(0.0311762338316785,
0.0501932920902447),.UNSPECIFIED.);
#77=B_SPLINE_SURFACE_WITH_KNOTS('',3,3,((#2964,#2965,#2966,#2967),(#2968,
#2969,#2970,#2971),(#2972,#2973,#2974,#2975),(#2976,#2977,#2978,#2979),
(#2980,#2981,#2982,#2983)),.UNSPECIFIED.,.F.,.F.,.F.,(4,1,4),(4,4),(0.,
0.5,1.),(3.73233496210098,3.87873476927581),.UNSPECIFIED.);
#78=B_SPLINE_SURFACE_WITH_KNOTS('',3,3,((#2994,#2995,#2996,#2997),(#2998,
#2999,#3000,#3001),(#3002,#3003,#3004,#3005),(#3006,#3007,#3008,#3009),
(#3010,#3011,#3012,#3013),(#3014,#3015,#3016,#3017),(#3018,#3019,#3020,
#3021)),.UNSPECIFIED.,.F.,.F.,.F.,(4,1,1,1,4),(4,4),(0.,0.285714285714286,
0.571428571428571,0.714285714285714,1.),(-0.0499330426056726,0.18952347607553),
 .UNSPECIFIED.);
#79=B_SPLINE_SURFACE_WITH_KNOTS('',3,3,((#3166,#3167,#3168,#3169),(#3170,
#3171,#3172,#3173),(#3174,#3175,#3176,#3177),(#3178,#3179,#3180,#3181),
(#3182,#3183,#3184,#3185),(#3186,#3187,#3188,#3189),(#3190,#3191,#3192,
#3193)),.UNSPECIFIED.,.F.,.F.,.F.,(4,1,1,1,4),(4,4),(0.,0.285714285714286,
0.571428571428571,0.714285714285714,1.),(-0.0244933050845071,0.214965173119539),
 .UNSPECIFIED.);
#80=B_SPLINE_SURFACE_WITH_KNOTS('',3,3,((#3322,#3323,#3324,#3325),(#3326,
#3327,#3328,#3329),(#3330,#3331,#3332,#3333),(#3334,#3335,#3336,#3337),
(#3338,#3339,#3340,#3341),(#3342,#3343,#3344,#3345),(#3346,#3347,#3348,
#3349),(#3350,#3351,#3352,#3353),(#3354,#3355,#3356,#3357)),
 .UNSPECIFIED.,.F.,.F.,.F.,(4,1,1,1,1,1,4),(4,4),(0.,0.142857142857143,
0.285714285714286,0.428571428571429,0.571428571428571,0.785714285714286,
1.),(-0.00124427540490016,0.274268700668579),.UNSPECIFIED.);
#81=B_SPLINE_SURFACE_WITH_KNOTS('',3,3,((#3589,#3590,#3591,#3592),(#3593,
#3594,#3595,#3596),(#3597,#3598,#3599,#3600),(#3601,#3602,#3603,#3604),
(#3605,#3606,#3607,#3608),(#3609,#3610,#3611,#3612),(#3613,#3614,#3615,
#3616),(#3617,#3618,#3619,#3620),(#3621,#3622,#3623,#3624)),
 .UNSPECIFIED.,.F.,.F.,.F.,(4,1,1,1,1,1,4),(4,4),(0.,0.142857142857143,
0.285714285714286,0.428571428571429,0.571428571428571,0.785714285714286,
1.),(-0.0491316704783826,0.22637785874233),.UNSPECIFIED.);
#82=B_SPLINE_SURFACE_WITH_KNOTS('',3,3,((#3715,#3716,#3717,#3718,#3719,
#3720,#3721,#3722,#3723,#3724),(#3725,#3726,#3727,#3728,#3729,#3730,#3731,
#3732,#3733,#3734),(#3735,#3736,#3737,#3738,#3739,#3740,#3741,#3742,#3743,
#3744),(#3745,#3746,#3747,#3748,#3749,#3750,#3751,#3752,#3753,#3754),(#3755,
#3756,#3757,#3758,#3759,#3760,#3761,#3762,#3763,#3764),(#3765,#3766,#3767,
#3768,#3769,#3770,#3771,#3772,#3773,#3774),(#3775,#3776,#3777,#3778,#3779,
#3780,#3781,#3782,#3783,#3784),(#3785,#3786,#3787,#3788,#3789,#3790,#3791,
#3792,#3793,#3794)),.UNSPECIFIED.,.F.,.F.,.F.,(4,2,2,4),(4,2,2,2,4),(1.40974183053281,
1.5,1.75,1.87176408081782),(0.0202034902025277,0.03125,0.0625,0.125,0.217773342767838),
 .UNSPECIFIED.);
#83=B_SPLINE_SURFACE_WITH_KNOTS('',3,3,((#3864,#3865,#3866,#3867,#3868,
#3869,#3870,#3871,#3872,#3873,#3874,#3875,#3876,#3877,#3878,#3879,#3880,
#3881),(#3882,#3883,#3884,#3885,#3886,#3887,#3888,#3889,#3890,#3891,#3892,
#3893,#3894,#3895,#3896,#3897,#3898,#3899),(#3900,#3901,#3902,#3903,#3904,
#3905,#3906,#3907,#3908,#3909,#3910,#3911,#3912,#3913,#3914,#3915,#3916,
#3917),(#3918,#3919,#3920,#3921,#3922,#3923,#3924,#3925,#3926,#3927,#3928,
#3929,#3930,#3931,#3932,#3933,#3934,#3935),(#3936,#3937,#3938,#3939,#3940,
#3941,#3942,#3943,#3944,#3945,#3946,#3947,#3948,#3949,#3950,#3951,#3952,
#3953),(#3954,#3955,#3956,#3957,#3958,#3959,#3960,#3961,#3962,#3963,#3964,
#3965,#3966,#3967,#3968,#3969,#3970,#3971),(#3972,#3973,#3974,#3975,#3976,
#3977,#3978,#3979,#3980,#3981,#3982,#3983,#3984,#3985,#3986,#3987,#3988,
#3989),(#3990,#3991,#3992,#3993,#3994,#3995,#3996,#3997,#3998,#3999,#4000,
#4001,#4002,#4003,#4004,#4005,#4006,#4007),(#4008,#4009,#4010,#4011,#4012,
#4013,#4014,#4015,#4016,#4017,#4018,#4019,#4020,#4021,#4022,#4023,#4024,
#4025),(#4026,#4027,#4028,#4029,#4030,#4031,#4032,#4033,#4034,#4035,#4036,
#4037,#4038,#4039,#4040,#4041,#4042,#4043),(#4044,#4045,#4046,#4047,#4048,
#4049,#4050,#4051,#4052,#4053,#4054,#4055,#4056,#4057,#4058,#4059,#4060,
#4061)),.UNSPECIFIED.,.F.,.F.,.F.,(4,1,1,1,1,1,1,1,4),(4,1,2,2,2,2,2,1,
2,4),(0.,0.0357142857142857,0.0714285714285714,0.142857142857143,0.214285714285714,
0.25,0.285714285714286,0.571428571428571,1.),(1.72148097642677,1.98263894310746,
2.33084956534839,2.39093469574253,2.66120889401682,3.135253849072,3.73398120649803,
4.15532488904283,4.57666857158763,4.76323191169605),.UNSPECIFIED.);
#84=B_SPLINE_SURFACE_WITH_KNOTS('',3,3,((#4114,#4115,#4116,#4117),(#4118,
#4119,#4120,#4121),(#4122,#4123,#4124,#4125),(#4126,#4127,#4128,#4129),
(#4130,#4131,#4132,#4133)),.UNSPECIFIED.,.F.,.F.,.F.,(4,1,4),(4,4),(0.,
0.5,1.),(1.58306370074673,1.72148097642677),.UNSPECIFIED.);
#85=B_SPLINE_SURFACE_WITH_KNOTS('',3,3,((#4144,#4145,#4146,#4147),(#4148,
#4149,#4150,#4151),(#4152,#4153,#4154,#4155),(#4156,#4157,#4158,#4159),
(#4160,#4161,#4162,#4163)),.UNSPECIFIED.,.F.,.F.,.F.,(4,1,4),(4,4),(0.,
0.5,1.),(1.32162399153823,1.58306370074673),.UNSPECIFIED.);
#86=B_SPLINE_SURFACE_WITH_KNOTS('',3,3,((#4174,#4175,#4176,#4177,#4178,
#4179,#4180,#4181),(#4182,#4183,#4184,#4185,#4186,#4187,#4188,#4189),(#4190,
#4191,#4192,#4193,#4194,#4195,#4196,#4197),(#4198,#4199,#4200,#4201,#4202,
#4203,#4204,#4205),(#4206,#4207,#4208,#4209,#4210,#4211,#4212,#4213),(#4214,
#4215,#4216,#4217,#4218,#4219,#4220,#4221),(#4222,#4223,#4224,#4225,#4226,
#4227,#4228,#4229),(#4230,#4231,#4232,#4233,#4234,#4235,#4236,#4237),(#4238,
#4239,#4240,#4241,#4242,#4243,#4244,#4245),(#4246,#4247,#4248,#4249,#4250,
#4251,#4252,#4253),(#4254,#4255,#4256,#4257,#4258,#4259,#4260,#4261),(#4262,
#4263,#4264,#4265,#4266,#4267,#4268,#4269),(#4270,#4271,#4272,#4273,#4274,
#4275,#4276,#4277),(#4278,#4279,#4280,#4281,#4282,#4283,#4284,#4285)),
 .UNSPECIFIED.,.F.,.F.,.F.,(4,1,1,1,1,1,1,1,1,1,1,4),(4,1,2,1,4),(0.,0.0178571428571429,
0.0357142857142857,0.0714285714285714,0.142857142857143,0.285714285714286,
0.428571428571429,0.571428571428571,0.785714285714286,0.857142857142857,
0.928571428571429,1.),(4.76336837742274,4.99083645184207,5.33203856347108,
5.63322008566703,6.08499236896097),.UNSPECIFIED.);
#87=B_SPLINE_SURFACE_WITH_KNOTS('',3,3,((#4357,#4358,#4359,#4360),(#4361,
#4362,#4363,#4364),(#4365,#4366,#4367,#4368),(#4369,#4370,#4371,#4372)),
 .UNSPECIFIED.,.F.,.F.,.F.,(4,4),(4,4),(1.59445354861268,1.64683938683235),
(0.193204826465049,0.199222774736244),.UNSPECIFIED.);
#88=B_SPLINE_SURFACE_WITH_KNOTS('',3,3,((#4424,#4425,#4426,#4427,#4428,
#4429,#4430,#4431),(#4432,#4433,#4434,#4435,#4436,#4437,#4438,#4439),(#4440,
#4441,#4442,#4443,#4444,#4445,#4446,#4447),(#4448,#4449,#4450,#4451,#4452,
#4453,#4454,#4455),(#4456,#4457,#4458,#4459,#4460,#4461,#4462,#4463),(#4464,
#4465,#4466,#4467,#4468,#4469,#4470,#4471)),.UNSPECIFIED.,.F.,.F.,.F.,(4,
1,1,4),(4,2,2,4),(0.,0.285714285714286,0.571428571428571,1.),(4.10810049365299,
4.2801482873539,4.4076552467828,4.86088855962247),.UNSPECIFIED.);
#89=B_SPLINE_SURFACE_WITH_KNOTS('',3,3,((#4488,#4489,#4490,#4491),(#4492,
#4493,#4494,#4495),(#4496,#4497,#4498,#4499),(#4500,#4501,#4502,#4503),
(#4504,#4505,#4506,#4507)),.UNSPECIFIED.,.F.,.F.,.F.,(4,1,4),(4,4),(0.,
0.571428571428571,1.),(4.008739896198,4.10810049365299),.UNSPECIFIED.);
#90=B_SPLINE_SURFACE_WITH_KNOTS('',3,3,((#4513,#4514,#4515,#4516),(#4517,
#4518,#4519,#4520),(#4521,#4522,#4523,#4524),(#4525,#4526,#4527,#4528),
(#4529,#4530,#4531,#4532)),.UNSPECIFIED.,.F.,.F.,.F.,(4,1,4),(4,4),(0.,
0.5,1.),(3.97733886983371,4.008739896198),.UNSPECIFIED.);
#91=B_SPLINE_SURFACE_WITH_KNOTS('',3,3,((#4533,#4534,#4535,#4536,#4537),
(#4538,#4539,#4540,#4541,#4542),(#4543,#4544,#4545,#4546,#4547),(#4548,
#4549,#4550,#4551,#4552),(#4553,#4554,#4555,#4556,#4557)),.UNSPECIFIED.,
 .F.,.F.,.F.,(4,1,4),(4,1,4),(0.,0.5,1.),(3.43735604162169,3.56377557896996,
3.73233496210098),.UNSPECIFIED.);
#92=B_SPLINE_SURFACE_WITH_KNOTS('',3,3,((#4569,#4570,#4571,#4572),(#4573,
#4574,#4575,#4576),(#4577,#4578,#4579,#4580),(#4581,#4582,#4583,#4584),
(#4585,#4586,#4587,#4588)),.UNSPECIFIED.,.F.,.F.,.F.,(4,1,4),(4,4),(0.,
0.571428571428571,1.),(3.27808869535742,3.43735604162169),.UNSPECIFIED.);
#93=B_SPLINE_SURFACE_WITH_KNOTS('',3,3,((#4599,#4600,#4601,#4602),(#4603,
#4604,#4605,#4606),(#4607,#4608,#4609,#4610),(#4611,#4612,#4613,#4614),
(#4615,#4616,#4617,#4618),(#4619,#4620,#4621,#4622)),.UNSPECIFIED.,.F.,
 .F.,.F.,(4,1,1,4),(4,4),(0.,0.285714285714286,0.571428571428571,1.),(6.98726266780028,
7.38618918901041),.UNSPECIFIED.);
#94=B_SPLINE_SURFACE_WITH_KNOTS('',3,3,((#4671,#4672,#4673,#4674),(#4675,
#4676,#4677,#4678),(#4679,#4680,#4681,#4682),(#4683,#4684,#4685,#4686),
(#4687,#4688,#4689,#4690),(#4691,#4692,#4693,#4694)),.UNSPECIFIED.,.F.,
 .F.,.F.,(4,2,4),(4,4),(1.45131540336562,1.5,1.63617220442874),(0.135026691833379,
0.191538356907752),.UNSPECIFIED.);
#95=B_SPLINE_SURFACE_WITH_KNOTS('',3,3,((#4787,#4788,#4789,#4790,#4791,
#4792,#4793,#4794),(#4795,#4796,#4797,#4798,#4799,#4800,#4801,#4802),(#4803,
#4804,#4805,#4806,#4807,#4808,#4809,#4810),(#4811,#4812,#4813,#4814,#4815,
#4816,#4817,#4818),(#4819,#4820,#4821,#4822,#4823,#4824,#4825,#4826),(#4827,
#4828,#4829,#4830,#4831,#4832,#4833,#4834)),.UNSPECIFIED.,.F.,.F.,.F.,(4,
2,4),(4,2,2,4),(1.61778465995099,1.75,1.82567174387539),(0.0287203584176604,
0.03125,0.0625,0.103106094168667),.UNSPECIFIED.);
#96=B_SPLINE_SURFACE_WITH_KNOTS('',3,3,((#4845,#4846,#4847,#4848,#4849,
#4850),(#4851,#4852,#4853,#4854,#4855,#4856),(#4857,#4858,#4859,#4860,#4861,
#4862),(#4863,#4864,#4865,#4866,#4867,#4868),(#4869,#4870,#4871,#4872,#4873,
#4874),(#4875,#4876,#4877,#4878,#4879,#4880)),.UNSPECIFIED.,.F.,.F.,.F.,
(4,2,4),(4,2,4),(1.68437325619657,1.75,1.83387748417898),(0.114668863668114,
0.125,0.168964374624767),.UNSPECIFIED.);
#97=B_SPLINE_SURFACE_WITH_KNOTS('',3,3,((#4912,#4913,#4914,#4915,#4916,
#4917),(#4918,#4919,#4920,#4921,#4922,#4923),(#4924,#4925,#4926,#4927,#4928,
#4929),(#4930,#4931,#4932,#4933,#4934,#4935)),.UNSPECIFIED.,.F.,.F.,.F.,
(4,4),(4,2,4),(1.59628556968567,1.68565207613051),(0.101625696464466,0.125,
0.138108345255599),.UNSPECIFIED.);
#98=LINE('',#2063,#183);
#99=LINE('',#2314,#184);
#100=LINE('',#2316,#185);
#101=LINE('',#2331,#186);
#102=LINE('',#2353,#187);
#103=LINE('',#2434,#188);
#104=LINE('',#2435,#189);
#105=LINE('',#2438,#190);
#106=LINE('',#2439,#191);
#107=LINE('',#2481,#192);
#108=LINE('',#2569,#193);
#109=LINE('',#2584,#194);
#110=LINE('',#2586,#195);
#111=LINE('',#2588,#196);
#112=LINE('',#2590,#197);
#113=LINE('',#2592,#198);
#114=LINE('',#2831,#199);
#115=LINE('',#2851,#200);
#116=LINE('',#2852,#201);
#117=LINE('',#2854,#202);
#118=LINE('',#2865,#203);
#119=LINE('',#2867,#204);
#120=LINE('',#2869,#205);
#121=LINE('',#2871,#206);
#122=LINE('',#2873,#207);
#123=LINE('',#3140,#208);
#124=LINE('',#3165,#209);
#125=LINE('',#3308,#210);
#126=LINE('',#3321,#211);
#127=LINE('',#3563,#212);
#128=LINE('',#3565,#213);
#129=LINE('',#3567,#214);
#130=LINE('',#3573,#215);
#131=LINE('',#3575,#216);
#132=LINE('',#3577,#217);
#133=LINE('',#3581,#218);
#134=LINE('',#3583,#219);
#135=LINE('',#3585,#220);
#136=LINE('',#3851,#221);
#137=LINE('',#3853,#222);
#138=LINE('',#3854,#223);
#139=LINE('',#3860,#224);
#140=LINE('',#3862,#225);
#141=LINE('',#3863,#226);
#142=LINE('',#4304,#227);
#143=LINE('',#4306,#228);
#144=LINE('',#4307,#229);
#145=LINE('',#4312,#230);
#146=LINE('',#4314,#231);
#147=LINE('',#4323,#232);
#148=LINE('',#4325,#233);
#149=LINE('',#4331,#234);
#150=LINE('',#4339,#235);
#151=LINE('',#4341,#236);
#152=LINE('',#4345,#237);
#153=LINE('',#4347,#238);
#154=LINE('',#4348,#239);
#155=LINE('',#4351,#240);
#156=LINE('',#4352,#241);
#157=LINE('',#4355,#242);
#158=LINE('',#4356,#243);
#159=LINE('',#4376,#244);
#160=LINE('',#4377,#245);
#161=LINE('',#4378,#246);
#162=LINE('',#4381,#247);
#163=LINE('',#4382,#248);
#164=LINE('',#4385,#249);
#165=LINE('',#4386,#250);
#166=LINE('',#4396,#251);
#167=LINE('',#4398,#252);
#168=LINE('',#4408,#253);
#169=LINE('',#4415,#254);
#170=LINE('',#4417,#255);
#171=LINE('',#4418,#256);
#172=LINE('',#4629,#257);
#173=LINE('',#4644,#258);
#174=LINE('',#4646,#259);
#175=LINE('',#4648,#260);
#176=LINE('',#4657,#261);
#177=LINE('',#4658,#262);
#178=LINE('',#4754,#263);
#179=LINE('',#4761,#264);
#180=LINE('',#4771,#265);
#181=LINE('',#4776,#266);
#182=LINE('',#4910,#267);
#183=VECTOR('',#1737,1.5);
#184=VECTOR('',#1746,10.);
#185=VECTOR('',#1747,10.);
#186=VECTOR('',#1748,10.);
#187=VECTOR('',#1767,10.);
#188=VECTOR('',#1768,10.);
#189=VECTOR('',#1769,10.);
#190=VECTOR('',#1772,10.);
#191=VECTOR('',#1773,10.);
#192=VECTOR('',#1788,10.);
#193=VECTOR('',#1789,10.);
#194=VECTOR('',#1792,10.);
#195=VECTOR('',#1793,10.);
#196=VECTOR('',#1794,10.);
#197=VECTOR('',#1795,10.);
#198=VECTOR('',#1796,10.);
#199=VECTOR('',#1799,10.);
#200=VECTOR('',#1800,10.);
#201=VECTOR('',#1801,10.);
#202=VECTOR('',#1804,10.);
#203=VECTOR('',#1807,10.);
#204=VECTOR('',#1808,10.);
#205=VECTOR('',#1809,10.);
#206=VECTOR('',#1810,10.);
#207=VECTOR('',#1811,10.);
#208=VECTOR('',#1820,10.);
#209=VECTOR('',#1821,10.);
#210=VECTOR('',#1830,10.);
#211=VECTOR('',#1831,10.);
#212=VECTOR('',#1838,10.);
#213=VECTOR('',#1839,10.);
#214=VECTOR('',#1840,10.);
#215=VECTOR('',#1845,10.);
#216=VECTOR('',#1846,10.);
#217=VECTOR('',#1847,10.);
#218=VECTOR('',#1850,10.);
#219=VECTOR('',#1851,10.);
#220=VECTOR('',#1852,10.);
#221=VECTOR('',#1877,10.);
#222=VECTOR('',#1878,10.);
#223=VECTOR('',#1879,10.);
#224=VECTOR('',#1884,10.);
#225=VECTOR('',#1885,10.);
#226=VECTOR('',#1886,10.);
#227=VECTOR('',#1891,10.);
#228=VECTOR('',#1892,10.);
#229=VECTOR('',#1893,10.);
#230=VECTOR('',#1896,10.);
#231=VECTOR('',#1899,10.);
#232=VECTOR('',#1904,10.);
#233=VECTOR('',#1907,10.);
#234=VECTOR('',#1912,7.5);
#235=VECTOR('',#1915,10.);
#236=VECTOR('',#1918,10.);
#237=VECTOR('',#1923,10.);
#238=VECTOR('',#1924,10.);
#239=VECTOR('',#1925,10.);
#240=VECTOR('',#1928,10.);
#241=VECTOR('',#1929,10.);
#242=VECTOR('',#1932,10.);
#243=VECTOR('',#1933,10.);
#244=VECTOR('',#1936,10.);
#245=VECTOR('',#1937,10.);
#246=VECTOR('',#1938,10.);
#247=VECTOR('',#1941,10.);
#248=VECTOR('',#1942,10.);
#249=VECTOR('',#1945,10.);
#250=VECTOR('',#1946,10.);
#251=VECTOR('',#1949,10.);
#252=VECTOR('',#1952,10.);
#253=VECTOR('',#1955,10.);
#254=VECTOR('',#1956,10.);
#255=VECTOR('',#1957,10.);
#256=VECTOR('',#1958,10.);
#257=VECTOR('',#1963,10.);
#258=VECTOR('',#1966,10.);
#259=VECTOR('',#1967,10.);
#260=VECTOR('',#1968,10.);
#261=VECTOR('',#1973,10.);
#262=VECTOR('',#1974,10.);
#263=VECTOR('',#1979,10.);
#264=VECTOR('',#1984,10.);
#265=VECTOR('',#1989,10.);
#266=VECTOR('',#1994,10.);
#267=VECTOR('',#2003,3.);
#268=FACE_OUTER_BOUND('',#354,.T.);
#269=FACE_OUTER_BOUND('',#355,.T.);
#270=FACE_OUTER_BOUND('',#356,.T.);
#271=FACE_OUTER_BOUND('',#357,.T.);
#272=FACE_OUTER_BOUND('',#358,.T.);
#273=FACE_OUTER_BOUND('',#359,.T.);
#274=FACE_OUTER_BOUND('',#360,.T.);
#275=FACE_OUTER_BOUND('',#361,.T.);
#276=FACE_OUTER_BOUND('',#362,.T.);
#277=FACE_OUTER_BOUND('',#363,.T.);
#278=FACE_OUTER_BOUND('',#364,.T.);
#279=FACE_OUTER_BOUND('',#365,.T.);
#280=FACE_OUTER_BOUND('',#366,.T.);
#281=FACE_OUTER_BOUND('',#367,.T.);
#282=FACE_OUTER_BOUND('',#368,.T.);
#283=FACE_OUTER_BOUND('',#369,.T.);
#284=FACE_OUTER_BOUND('',#370,.T.);
#285=FACE_OUTER_BOUND('',#371,.T.);
#286=FACE_OUTER_BOUND('',#372,.T.);
#287=FACE_OUTER_BOUND('',#373,.T.);
#288=FACE_OUTER_BOUND('',#374,.T.);
#289=FACE_OUTER_BOUND('',#375,.T.);
#290=FACE_OUTER_BOUND('',#376,.T.);
#291=FACE_OUTER_BOUND('',#377,.T.);
#292=FACE_OUTER_BOUND('',#378,.T.);
#293=FACE_OUTER_BOUND('',#379,.T.);
#294=FACE_OUTER_BOUND('',#380,.T.);
#295=FACE_OUTER_BOUND('',#381,.T.);
#296=FACE_OUTER_BOUND('',#382,.T.);
#297=FACE_OUTER_BOUND('',#383,.T.);
#298=FACE_OUTER_BOUND('',#384,.T.);
#299=FACE_OUTER_BOUND('',#385,.T.);
#300=FACE_OUTER_BOUND('',#386,.T.);
#301=FACE_OUTER_BOUND('',#387,.T.);
#302=FACE_OUTER_BOUND('',#388,.T.);
#303=FACE_OUTER_BOUND('',#389,.T.);
#304=FACE_OUTER_BOUND('',#390,.T.);
#305=FACE_OUTER_BOUND('',#391,.T.);
#306=FACE_OUTER_BOUND('',#392,.T.);
#307=FACE_OUTER_BOUND('',#393,.T.);
#308=FACE_OUTER_BOUND('',#394,.T.);
#309=FACE_OUTER_BOUND('',#395,.T.);
#310=FACE_OUTER_BOUND('',#396,.T.);
#311=FACE_OUTER_BOUND('',#397,.T.);
#312=FACE_OUTER_BOUND('',#398,.T.);
#313=FACE_OUTER_BOUND('',#399,.T.);
#314=FACE_OUTER_BOUND('',#400,.T.);
#315=FACE_OUTER_BOUND('',#401,.T.);
#316=FACE_OUTER_BOUND('',#402,.T.);
#317=FACE_OUTER_BOUND('',#403,.T.);
#318=FACE_OUTER_BOUND('',#404,.T.);
#319=FACE_OUTER_BOUND('',#405,.T.);
#320=FACE_OUTER_BOUND('',#406,.T.);
#321=FACE_OUTER_BOUND('',#407,.T.);
#322=FACE_OUTER_BOUND('',#408,.T.);
#323=FACE_OUTER_BOUND('',#409,.T.);
#324=FACE_OUTER_BOUND('',#410,.T.);
#325=FACE_OUTER_BOUND('',#411,.T.);
#326=FACE_OUTER_BOUND('',#412,.T.);
#327=FACE_OUTER_BOUND('',#413,.T.);
#328=FACE_OUTER_BOUND('',#414,.T.);
#329=FACE_OUTER_BOUND('',#415,.T.);
#330=FACE_OUTER_BOUND('',#416,.T.);
#331=FACE_OUTER_BOUND('',#417,.T.);
#332=FACE_OUTER_BOUND('',#418,.T.);
#333=FACE_OUTER_BOUND('',#419,.T.);
#334=FACE_OUTER_BOUND('',#420,.T.);
#335=FACE_OUTER_BOUND('',#421,.T.);
#336=FACE_OUTER_BOUND('',#422,.T.);
#337=FACE_OUTER_BOUND('',#423,.T.);
#338=FACE_OUTER_BOUND('',#424,.T.);
#339=FACE_OUTER_BOUND('',#425,.T.);
#340=FACE_OUTER_BOUND('',#426,.T.);
#341=FACE_OUTER_BOUND('',#427,.T.);
#342=FACE_OUTER_BOUND('',#428,.T.);
#343=FACE_OUTER_BOUND('',#429,.T.);
#344=FACE_OUTER_BOUND('',#430,.T.);
#345=FACE_OUTER_BOUND('',#431,.T.);
#346=FACE_OUTER_BOUND('',#432,.T.);
#347=FACE_OUTER_BOUND('',#433,.T.);
#348=FACE_OUTER_BOUND('',#434,.T.);
#349=FACE_OUTER_BOUND('',#435,.T.);
#350=FACE_OUTER_BOUND('',#436,.T.);
#351=FACE_OUTER_BOUND('',#437,.T.);
#352=FACE_OUTER_BOUND('',#438,.T.);
#353=FACE_OUTER_BOUND('',#439,.T.);
#354=EDGE_LOOP('',(#1019,#1020,#1021,#1022,#1023,#1024,#1025,#1026,#1027,
#1028));
#355=EDGE_LOOP('',(#1029,#1030,#1031,#1032,#1033));
#356=EDGE_LOOP('',(#1034,#1035,#1036,#1037,#1038,#1039));
#357=EDGE_LOOP('',(#1040,#1041,#1042,#1043));
#358=EDGE_LOOP('',(#1044,#1045,#1046,#1047,#1048,#1049,#1050,#1051));
#359=EDGE_LOOP('',(#1052,#1053,#1054,#1055));
#360=EDGE_LOOP('',(#1056,#1057,#1058,#1059));
#361=EDGE_LOOP('',(#1060,#1061,#1062,#1063,#1064,#1065,#1066,#1067));
#362=EDGE_LOOP('',(#1068,#1069,#1070,#1071));
#363=EDGE_LOOP('',(#1072,#1073,#1074,#1075));
#364=EDGE_LOOP('',(#1076,#1077,#1078,#1079,#1080,#1081));
#365=EDGE_LOOP('',(#1082,#1083,#1084,#1085,#1086,#1087,#1088,#1089));
#366=EDGE_LOOP('',(#1090,#1091,#1092,#1093,#1094,#1095,#1096,#1097,#1098,
#1099,#1100,#1101));
#367=EDGE_LOOP('',(#1102,#1103,#1104,#1105,#1106,#1107,#1108));
#368=EDGE_LOOP('',(#1109,#1110,#1111,#1112,#1113,#1114,#1115));
#369=EDGE_LOOP('',(#1116,#1117,#1118));
#370=EDGE_LOOP('',(#1119,#1120,#1121,#1122,#1123,#1124,#1125,#1126));
#371=EDGE_LOOP('',(#1127,#1128,#1129,#1130));
#372=EDGE_LOOP('',(#1131,#1132,#1133,#1134,#1135,#1136,#1137,#1138,#1139,
#1140,#1141));
#373=EDGE_LOOP('',(#1142,#1143,#1144,#1145,#1146,#1147,#1148,#1149,#1150));
#374=EDGE_LOOP('',(#1151,#1152,#1153,#1154,#1155));
#375=EDGE_LOOP('',(#1156,#1157,#1158,#1159));
#376=EDGE_LOOP('',(#1160,#1161,#1162,#1163));
#377=EDGE_LOOP('',(#1164,#1165,#1166,#1167,#1168,#1169,#1170));
#378=EDGE_LOOP('',(#1171,#1172,#1173,#1174));
#379=EDGE_LOOP('',(#1175,#1176,#1177,#1178));
#380=EDGE_LOOP('',(#1179,#1180,#1181,#1182,#1183,#1184,#1185));
#381=EDGE_LOOP('',(#1186,#1187,#1188,#1189));
#382=EDGE_LOOP('',(#1190,#1191,#1192,#1193,#1194,#1195,#1196,#1197,#1198,
#1199,#1200,#1201,#1202,#1203,#1204,#1205,#1206,#1207,#1208,#1209,#1210,
#1211,#1212,#1213,#1214,#1215,#1216));
#383=EDGE_LOOP('',(#1217,#1218,#1219,#1220));
#384=EDGE_LOOP('',(#1221,#1222,#1223,#1224,#1225,#1226,#1227,#1228,#1229,
#1230,#1231,#1232));
#385=EDGE_LOOP('',(#1233,#1234,#1235,#1236,#1237,#1238));
#386=EDGE_LOOP('',(#1239,#1240,#1241,#1242));
#387=EDGE_LOOP('',(#1243,#1244,#1245,#1246));
#388=EDGE_LOOP('',(#1247,#1248,#1249,#1250));
#389=EDGE_LOOP('',(#1251,#1252,#1253,#1254));
#390=EDGE_LOOP('',(#1255,#1256,#1257,#1258));
#391=EDGE_LOOP('',(#1259,#1260,#1261,#1262,#1263));
#392=EDGE_LOOP('',(#1264,#1265,#1266,#1267));
#393=EDGE_LOOP('',(#1268,#1269,#1270,#1271));
#394=EDGE_LOOP('',(#1272,#1273,#1274,#1275));
#395=EDGE_LOOP('',(#1276,#1277,#1278,#1279));
#396=EDGE_LOOP('',(#1280,#1281,#1282,#1283));
#397=EDGE_LOOP('',(#1284,#1285,#1286,#1287));
#398=EDGE_LOOP('',(#1288,#1289,#1290,#1291));
#399=EDGE_LOOP('',(#1292,#1293,#1294,#1295));
#400=EDGE_LOOP('',(#1296,#1297,#1298,#1299));
#401=EDGE_LOOP('',(#1300,#1301,#1302,#1303));
#402=EDGE_LOOP('',(#1304,#1305,#1306,#1307,#1308,#1309,#1310,#1311,#1312,
#1313,#1314,#1315,#1316,#1317,#1318,#1319,#1320,#1321,#1322,#1323,#1324,
#1325,#1326,#1327));
#403=EDGE_LOOP('',(#1328,#1329,#1330,#1331));
#404=EDGE_LOOP('',(#1332,#1333,#1334,#1335));
#405=EDGE_LOOP('',(#1336,#1337,#1338,#1339));
#406=EDGE_LOOP('',(#1340,#1341,#1342,#1343));
#407=EDGE_LOOP('',(#1344,#1345,#1346,#1347));
#408=EDGE_LOOP('',(#1348,#1349,#1350,#1351));
#409=EDGE_LOOP('',(#1352,#1353,#1354));
#410=EDGE_LOOP('',(#1355,#1356,#1357,#1358));
#411=EDGE_LOOP('',(#1359,#1360,#1361,#1362));
#412=EDGE_LOOP('',(#1363,#1364,#1365,#1366));
#413=EDGE_LOOP('',(#1367,#1368,#1369,#1370,#1371));
#414=EDGE_LOOP('',(#1372,#1373,#1374,#1375,#1376));
#415=EDGE_LOOP('',(#1377,#1378,#1379,#1380,#1381,#1382,#1383,#1384,#1385,
#1386));
#416=EDGE_LOOP('',(#1387,#1388,#1389,#1390));
#417=EDGE_LOOP('',(#1391,#1392,#1393,#1394,#1395,#1396,#1397));
#418=EDGE_LOOP('',(#1398,#1399,#1400,#1401));
#419=EDGE_LOOP('',(#1402,#1403,#1404,#1405));
#420=EDGE_LOOP('',(#1406,#1407,#1408,#1409));
#421=EDGE_LOOP('',(#1410,#1411,#1412,#1413));
#422=EDGE_LOOP('',(#1414,#1415,#1416,#1417));
#423=EDGE_LOOP('',(#1418,#1419,#1420,#1421,#1422));
#424=EDGE_LOOP('',(#1423,#1424,#1425,#1426,#1427,#1428,#1429,#1430,#1431,
#1432));
#425=EDGE_LOOP('',(#1433,#1434,#1435,#1436));
#426=EDGE_LOOP('',(#1437,#1438,#1439,#1440));
#427=EDGE_LOOP('',(#1441,#1442,#1443,#1444,#1445,#1446));
#428=EDGE_LOOP('',(#1447,#1448,#1449,#1450,#1451));
#429=EDGE_LOOP('',(#1452,#1453,#1454,#1455));
#430=EDGE_LOOP('',(#1456,#1457,#1458,#1459,#1460));
#431=EDGE_LOOP('',(#1461,#1462,#1463,#1464));
#432=EDGE_LOOP('',(#1465,#1466,#1467,#1468,#1469));
#433=EDGE_LOOP('',(#1470,#1471,#1472,#1473));
#434=EDGE_LOOP('',(#1474,#1475,#1476,#1477,#1478,#1479,#1480,#1481,#1482,
#1483,#1484));
#435=EDGE_LOOP('',(#1485,#1486,#1487,#1488,#1489,#1490));
#436=EDGE_LOOP('',(#1491,#1492,#1493,#1494));
#437=EDGE_LOOP('',(#1495,#1496,#1497,#1498,#1499,#1500,#1501,#1502,#1503,
#1504,#1505,#1506,#1507,#1508,#1509,#1510,#1511,#1512,#1513,#1514));
#438=EDGE_LOOP('',(#1515,#1516));
#439=EDGE_LOOP('',(#1517));
#440=EDGE_LOOP('',(#1518));
#441=B_SPLINE_CURVE_WITH_KNOTS('',3,(#2022,#2023,#2024,#2025,#2026,#2027,
#2028),.UNSPECIFIED.,.F.,.F.,(4,3,4),(0.861205128581125,1.20428178648848,
1.71972372511717),.UNSPECIFIED.);
#442=B_SPLINE_CURVE_WITH_KNOTS('',3,(#2040,#2041,#2042,#2043),
 .UNSPECIFIED.,.F.,.F.,(4,4),(3.97733886983371,4.008739896198),
 .UNSPECIFIED.);
#443=B_SPLINE_CURVE_WITH_KNOTS('',3,(#2045,#2046,#2047,#2048),
 .UNSPECIFIED.,.F.,.F.,(4,4),(4.008739896198,4.10810049365299),
 .UNSPECIFIED.);
#444=B_SPLINE_CURVE_WITH_KNOTS('',3,(#2049,#2050,#2051,#2052,#2053,#2054,
#2055,#2056,#2057,#2058),.UNSPECIFIED.,.F.,.F.,(4,3,3,4),(0.,0.172047793700916,
0.299554753129808,0.724783194136886),.UNSPECIFIED.);
#445=B_SPLINE_CURVE_WITH_KNOTS('',3,(#2065,#2066,#2067,#2068,#2069,#2070,
#2071,#2072,#2073,#2074,#2075,#2076,#2077,#2078,#2079,#2080,#2081,#2082,
#2083,#2084,#2085,#2086,#2087,#2088,#2089,#2090,#2091,#2092,#2093,#2094,
#2095,#2096,#2097,#2098,#2099,#2100,#2101,#2102,#2103,#2104,#2105,#2106,
#2107,#2108,#2109,#2110,#2111,#2112,#2113,#2114,#2115,#2116,#2117,#2118,
#2119,#2120,#2121,#2122,#2123,#2124,#2125,#2126,#2127,#2128,#2129,#2130,
#2131,#2132,#2133,#2134,#2135,#2136,#2137,#2138,#2139,#2140,#2141,#2142,
#2143,#2144,#2145,#2146,#2147,#2148,#2149,#2150,#2151,#2152,#2153,#2154,
#2155,#2156,#2157,#2158,#2159,#2160,#2161,#2162,#2163,#2164,#2165,#2166,
#2167,#2168,#2169,#2170,#2171,#2172,#2173,#2174,#2175,#2176,#2177,#2178,
#2179,#2180,#2181,#2182,#2183,#2184,#2185,#2186,#2187,#2188,#2189,#2190,
#2191,#2192,#2193,#2194),.UNSPECIFIED.,.F.,.F.,(4,3,3,3,3,3,3,3,3,3,3,3,
3,3,3,3,3,3,3,3,3,3,3,3,3,3,3,3,3,3,3,3,3,3,3,3,3,3,3,3,3,3,3,4),(-0.974507111688316,
-0.960265766407079,-0.938893630763501,-0.917521495119923,-0.897128742657339,
-0.87599457577295,-0.867931945492872,-0.843661414069659,-0.82390559854659,
-0.795347772374944,-0.786988479317505,-0.754359224264,-0.749604292530593,
-0.72971711399147,-0.703886101530139,-0.672697450473046,-0.64494094411528,
-0.641508799415952,-0.617360736568246,-0.594824505308139,-0.582267268835015,
-0.561516485123448,-0.541403491159169,-0.535894962554106,-0.513971935679614,
-0.49629904296071,-0.470367337664553,-0.457601701192503,-0.437471051363998,
-0.417653372022476,-0.411371767270299,-0.389581257909797,-0.367790748549295,
-0.366388027462724,-0.340288911574745,-0.331487292377465,-0.294108633290164,
-0.252126877188904,-0.246385994353917,-0.214415825825779,-0.188850438121904,
-0.177451103611941,-0.155934590827965,-0.134418078043989),.UNSPECIFIED.);
#446=B_SPLINE_CURVE_WITH_KNOTS('',3,(#2195,#2196,#2197,#2198,#2199,#2200,
#2201,#2202),.UNSPECIFIED.,.F.,.F.,(4,2,2,4),(-1.05193957316391,-1.04145273585229,
-0.999451609371087,-0.974507111688316),.UNSPECIFIED.);
#447=B_SPLINE_CURVE_WITH_KNOTS('',3,(#2241,#2242,#2243,#2244),
 .UNSPECIFIED.,.F.,.F.,(4,4),(-0.26289448776803,-0.155462140242868),
 .UNSPECIFIED.);
#448=B_SPLINE_CURVE_WITH_KNOTS('',3,(#2246,#2247,#2248,#2249,#2250,#2251,
#2252,#2253,#2254,#2255),.UNSPECIFIED.,.F.,.F.,(4,2,2,2,4),(-1.99592779378732,
-1.90493942012874,-1.79346917150287,-1.68726094144949,-1.67537615397677),
 .UNSPECIFIED.);
#449=B_SPLINE_CURVE_WITH_KNOTS('',3,(#2257,#2258,#2259,#2260,#2261,#2262,
#2263),.UNSPECIFIED.,.F.,.F.,(4,3,4),(0.0689958789693033,0.109861050841186,
0.399310005466349),.UNSPECIFIED.);
#450=B_SPLINE_CURVE_WITH_KNOTS('',3,(#2265,#2266,#2267,#2268,#2269,#2270,
#2271),.UNSPECIFIED.,.F.,.F.,(4,3,4),(-0.7526886618994,-0.29955475312981,
-0.199692910487951),.UNSPECIFIED.);
#451=B_SPLINE_CURVE_WITH_KNOTS('',3,(#2273,#2274,#2275,#2276,#2277,#2278,
#2279,#2280,#2281,#2282,#2283,#2284,#2285,#2286,#2287,#2288,#2289,#2290,
#2291,#2292,#2293,#2294),.UNSPECIFIED.,.F.,.F.,(4,3,3,3,3,3,3,4),(0.0976235131596428,
0.144661235189537,0.178185646192371,0.178185942952952,0.214751287760951,
0.214751489785338,0.270538732416533,0.279659079575437),.UNSPECIFIED.);
#452=B_SPLINE_CURVE_WITH_KNOTS('',3,(#2295,#2296,#2297,#2298),
 .UNSPECIFIED.,.F.,.F.,(4,4),(0.0668091889713089,0.352263736016422),
 .UNSPECIFIED.);
#453=B_SPLINE_CURVE_WITH_KNOTS('',3,(#2318,#2319,#2320,#2321),
 .UNSPECIFIED.,.F.,.F.,(4,4),(-0.132938667128676,-0.0186289399445307),
 .UNSPECIFIED.);
#454=B_SPLINE_CURVE_WITH_KNOTS('',3,(#2322,#2323,#2324,#2325,#2326,#2327,
#2328,#2329),.UNSPECIFIED.,.F.,.F.,(4,2,2,4),(-0.10940133342977,-0.0771415934299358,
-0.043665360868792,0.),.UNSPECIFIED.);
#455=B_SPLINE_CURVE_WITH_KNOTS('',3,(#2355,#2356,#2357,#2358,#2359,#2360,
#2361,#2362,#2363,#2364,#2365,#2366,#2367,#2368,#2369,#2370,#2371,#2372,
#2373,#2374,#2375,#2376,#2377,#2378,#2379,#2380,#2381,#2382,#2383,#2384,
#2385,#2386,#2387,#2388,#2389,#2390,#2391,#2392,#2393,#2394,#2395,#2396,
#2397,#2398,#2399,#2400,#2401,#2402,#2403,#2404,#2405,#2406,#2407,#2408,
#2409,#2410,#2411,#2412,#2413,#2414,#2415,#2416,#2417,#2418,#2419,#2420,
#2421,#2422,#2423,#2424,#2425,#2426,#2427),.UNSPECIFIED.,.F.,.F.,(4,3,3,
3,3,3,3,3,3,3,3,3,3,3,3,3,3,3,3,3,3,3,3,3,4),(-0.119708832068878,-0.113915339468319,
-0.107703229502359,-0.106449034056292,-0.0996946512980356,-0.092630092392128,
-0.0921549772807259,-0.0866564148195542,-0.0797876715916259,-0.0727564863199061,
-0.0693325110488904,-0.0685349726850392,-0.0615798307980061,-0.0544735460790056,
-0.047480871062877,-0.0465782755545708,-0.0394554539686608,-0.0330507507176633,
-0.0323326323827508,-0.0252434854248299,-0.0236541711455826,-0.017093616392799,
-0.0108524478571733,-0.00517215665831638,0.),.UNSPECIFIED.);
#456=B_SPLINE_CURVE_WITH_KNOTS('',3,(#2429,#2430,#2431,#2432),
 .UNSPECIFIED.,.F.,.F.,(4,4),(-0.100177080201453,-0.0595219984988685),
 .UNSPECIFIED.);
#457=B_SPLINE_CURVE_WITH_KNOTS('',3,(#2451,#2452,#2453,#2454,#2455,#2456,
#2457,#2458,#2459,#2460,#2461,#2462,#2463,#2464,#2465,#2466),
 .UNSPECIFIED.,.F.,.F.,(4,3,3,3,3,4),(1.86500696173632,2.0548986210006,
2.20927843963678,2.36365825827297,2.56949801645455,2.7541969541518),
 .UNSPECIFIED.);
#458=B_SPLINE_CURVE_WITH_KNOTS('',3,(#2474,#2475,#2476,#2477),
 .UNSPECIFIED.,.F.,.F.,(4,4),(-0.0490339485847443,0.226037507911087),
 .UNSPECIFIED.);
#459=B_SPLINE_CURVE_WITH_KNOTS('',3,(#2483,#2484,#2485,#2486,#2487,#2488,
#2489),.UNSPECIFIED.,.F.,.F.,(4,3,4),(-0.0821829327580559,-0.0538768993524005,
-0.0463469811453259),.UNSPECIFIED.);
#460=B_SPLINE_CURVE_WITH_KNOTS('',3,(#2490,#2491,#2492,#2493,#2494,#2495,
#2496,#2497,#2498,#2499,#2500,#2501,#2502,#2503,#2504,#2505,#2506,#2507,
#2508,#2509,#2510,#2511,#2512,#2513,#2514,#2515,#2516,#2517,#2518,#2519,
#2520,#2521,#2522,#2523,#2524,#2525,#2526,#2527,#2528,#2529,#2530,#2531,
#2532,#2533,#2534,#2535,#2536,#2537,#2538,#2539,#2540,#2541,#2542,#2543,
#2544,#2545,#2546,#2547,#2548,#2549,#2550,#2551,#2552,#2553,#2554,#2555,
#2556,#2557,#2558,#2559,#2560,#2561,#2562,#2563,#2564,#2565,#2566,#2567,
#2568),.UNSPECIFIED.,.F.,.F.,(4,3,3,3,3,3,3,3,3,3,3,3,3,3,3,3,3,3,3,3,3,
3,3,3,3,3,4),(-0.123090829449762,-0.117648164672152,-0.111791251730015,
-0.11110024808193,-0.107771749685302,-0.101882811472759,-0.0978944701816323,
-0.0913722608525517,-0.0905621351259959,-0.0842219313118324,-0.0775498383919001,
-0.0751156972808555,-0.0718705544514599,-0.0649835719595817,-0.0579791945560625,
-0.0525178389235026,-0.0504461435962006,-0.0434283884988068,-0.0365267916090901,
-0.0300866454235078,-0.0251736964556495,-0.024493621219771,-0.0180191910528714,
-0.0118179092187943,-0.00590895460939716,-0.000494727738653162,0.),
 .UNSPECIFIED.);
#461=B_SPLINE_CURVE_WITH_KNOTS('',3,(#2572,#2573,#2574,#2575),
 .UNSPECIFIED.,.F.,.F.,(4,4),(-0.488302539015412,-0.346944157517788),
 .UNSPECIFIED.);
#462=B_SPLINE_CURVE_WITH_KNOTS('',3,(#2577,#2578,#2579,#2580,#2581,#2582),
 .UNSPECIFIED.,.F.,.F.,(4,2,4),(-0.125978843219833,-0.0882977528630978,
-0.0660266806858189),.UNSPECIFIED.);
#463=B_SPLINE_CURVE_WITH_KNOTS('',3,(#2594,#2595,#2596,#2597,#2598,#2599,
#2600,#2601),.UNSPECIFIED.,.F.,.F.,(4,2,2,4),(-0.182718445395286,-0.1216322018955,
-0.0347118014806174,0.),.UNSPECIFIED.);
#464=B_SPLINE_CURVE_WITH_KNOTS('',3,(#2602,#2603,#2604,#2605,#2606,#2607,
#2608),.UNSPECIFIED.,.F.,.F.,(4,3,4),(-0.67538433831842,-0.632779783991444,
-0.603417510878079),.UNSPECIFIED.);
#465=B_SPLINE_CURVE_WITH_KNOTS('',3,(#2699,#2700,#2701,#2702),
 .UNSPECIFIED.,.F.,.F.,(4,4),(-2.00896820828581,-1.88976635934637),
 .UNSPECIFIED.);
#466=B_SPLINE_CURVE_WITH_KNOTS('',3,(#2704,#2705,#2706,#2707,#2708,#2709,
#2710,#2711,#2712,#2713),.UNSPECIFIED.,.F.,.F.,(4,2,2,2,4),(-0.138847542234118,
-0.11599269655858,-0.0901750829669568,-0.0635109002711562,-0.0485148260777366),
 .UNSPECIFIED.);
#467=B_SPLINE_CURVE_WITH_KNOTS('',3,(#2715,#2716,#2717,#2718,#2719,#2720,
#2721,#2722,#2723,#2724,#2725,#2726,#2727),.UNSPECIFIED.,.F.,.F.,(4,3,3,
3,4),(-2.67307967098014,-2.56949801645455,-2.36365825827297,-2.20927843963678,
-2.17939392261899),.UNSPECIFIED.);
#468=B_SPLINE_CURVE_WITH_KNOTS('',3,(#2728,#2729,#2730,#2731,#2732,#2733,
#2734,#2735,#2736,#2737,#2738,#2739),.UNSPECIFIED.,.F.,.F.,(4,2,2,2,2,4),
(-0.131797457215811,-0.101713033959749,-0.0696616790299912,-0.0412849006301812,
-0.0189336951728465,0.),.UNSPECIFIED.);
#469=B_SPLINE_CURVE_WITH_KNOTS('',3,(#2783,#2784,#2785,#2786,#2787,#2788,
#2789,#2790,#2791,#2792),.UNSPECIFIED.,.F.,.F.,(4,2,2,2,4),(-0.119503436555308,
-0.09696243841334,-0.0720408555022122,-0.0366911449977178,0.),
 .UNSPECIFIED.);
#470=B_SPLINE_CURVE_WITH_KNOTS('',3,(#2794,#2795,#2796,#2797,#2798,#2799,
#2800),.UNSPECIFIED.,.F.,.F.,(4,3,4),(-1.41918367734186,-1.20428178648848,
-0.906684700958665),.UNSPECIFIED.);
#471=B_SPLINE_CURVE_WITH_KNOTS('',3,(#2801,#2802,#2803,#2804,#2805,#2806,
#2807,#2808),.UNSPECIFIED.,.F.,.F.,(4,2,2,4),(-0.0682935828906354,-0.0656938604687475,
-0.0364531959294751,0.),.UNSPECIFIED.);
#472=B_SPLINE_CURVE_WITH_KNOTS('',3,(#2809,#2810,#2811,#2812),
 .UNSPECIFIED.,.F.,.F.,(4,4),(-1.72884904599544,-1.56129831765614),
 .UNSPECIFIED.);
#473=B_SPLINE_CURVE_WITH_KNOTS('',3,(#2837,#2838,#2839,#2840,#2841,#2842,
#2843,#2844),.UNSPECIFIED.,.F.,.F.,(4,2,2,4),(-0.104754711994675,-0.0738058694837431,
-0.0420450761010539,0.),.UNSPECIFIED.);
#474=B_SPLINE_CURVE_WITH_KNOTS('',3,(#2846,#2847,#2848,#2849),
 .UNSPECIFIED.,.F.,.F.,(4,4),(0.514281083842854,0.636114221777415),
 .UNSPECIFIED.);
#475=B_SPLINE_CURVE_WITH_KNOTS('',3,(#2857,#2858,#2859,#2860,#2861,#2862,
#2863),.UNSPECIFIED.,.F.,.F.,(4,3,4),(-1.15859838271866,-1.155859374107,
-1.11359748435269),.UNSPECIFIED.);
#476=B_SPLINE_CURVE_WITH_KNOTS('',3,(#2875,#2876,#2877,#2878,#2879,#2880,
#2881),.UNSPECIFIED.,.F.,.F.,(4,3,4),(-0.012995470373755,-0.00373628579849807,
0.),.UNSPECIFIED.);
#477=B_SPLINE_CURVE_WITH_KNOTS('',3,(#2882,#2883,#2884,#2885,#2886,#2887,
#2888),.UNSPECIFIED.,.F.,.F.,(4,3,4),(-1.23593534977527,-1.23447756535512,
-1.18300536505184),.UNSPECIFIED.);
#478=B_SPLINE_CURVE_WITH_KNOTS('',3,(#2893,#2894,#2895,#2896),
 .UNSPECIFIED.,.F.,.F.,(4,4),(-0.000903924573673477,0.274167531923392),
 .UNSPECIFIED.);
#479=B_SPLINE_CURVE_WITH_KNOTS('',3,(#2904,#2905,#2906,#2907),
 .UNSPECIFIED.,.F.,.F.,(4,4),(2.94582088639157,3.27808869535742),
 .UNSPECIFIED.);
#480=B_SPLINE_CURVE_WITH_KNOTS('',3,(#2909,#2910,#2911,#2912),
 .UNSPECIFIED.,.F.,.F.,(4,4),(3.27808869535742,3.43735604162169),
 .UNSPECIFIED.);
#481=B_SPLINE_CURVE_WITH_KNOTS('',3,(#2914,#2915,#2916,#2917,#2918),
 .UNSPECIFIED.,.F.,.F.,(4,1,4),(3.43735604162169,3.56377557896996,3.73233496210098),
 .UNSPECIFIED.);
#482=B_SPLINE_CURVE_WITH_KNOTS('',3,(#2919,#2920,#2921,#2922),
 .UNSPECIFIED.,.F.,.F.,(4,4),(3.73233496210098,3.87067900768631),
 .UNSPECIFIED.);
#483=B_SPLINE_CURVE_WITH_KNOTS('',3,(#2948,#2949,#2950,#2951,#2952,#2953,
#2954),.UNSPECIFIED.,.F.,.F.,(4,3,4),(-0.181604248136108,-0.172047793700917,
0.),.UNSPECIFIED.);
#484=B_SPLINE_CURVE_WITH_KNOTS('',3,(#2956,#2957,#2958,#2959),
 .UNSPECIFIED.,.F.,.F.,(4,4),(-4.10810049365299,-4.008739896198),
 .UNSPECIFIED.);
#485=B_SPLINE_CURVE_WITH_KNOTS('',3,(#2960,#2961,#2962,#2963),
 .UNSPECIFIED.,.F.,.F.,(4,4),(-4.008739896198,-4.0066631902991),
 .UNSPECIFIED.);
#486=B_SPLINE_CURVE_WITH_KNOTS('',3,(#2985,#2986,#2987,#2988,#2989),
 .UNSPECIFIED.,.F.,.F.,(4,1,4),(-1.,-0.5,0.),.UNSPECIFIED.);
#487=B_SPLINE_CURVE_WITH_KNOTS('',3,(#2990,#2991,#2992,#2993),
 .UNSPECIFIED.,.F.,.F.,(4,4),(-3.87873476927581,-3.73233496210098),
 .UNSPECIFIED.);
#488=B_SPLINE_CURVE_WITH_KNOTS('',3,(#3024,#3025,#3026,#3027,#3028,#3029,
#3030,#3031,#3032,#3033,#3034,#3035,#3036,#3037,#3038,#3039,#3040,#3041,
#3042,#3043,#3044,#3045,#3046,#3047,#3048,#3049,#3050,#3051,#3052,#3053,
#3054,#3055,#3056,#3057,#3058,#3059,#3060,#3061,#3062,#3063,#3064,#3065,
#3066,#3067,#3068,#3069,#3070,#3071,#3072,#3073,#3074,#3075),
 .UNSPECIFIED.,.F.,.F.,(4,3,3,3,3,3,3,3,3,3,3,3,3,3,3,3,3,4),(-0.0393841387607013,
-0.0364505491850396,-0.0339881859407308,-0.030624770592367,-0.0285556672995866,
-0.0281908833840248,-0.0247828460460658,-0.0226849190961834,-0.0192451056493063,
-0.0189480077288857,-0.015488865258718,-0.0121953846215628,-0.0108491537453778,
-0.00945926531861308,-0.00619033899703359,-0.00309516949851679,-0.000278099614741257,
0.),.UNSPECIFIED.);
#489=B_SPLINE_CURVE_WITH_KNOTS('',3,(#3077,#3078,#3079,#3080),
 .UNSPECIFIED.,.F.,.F.,(4,4),(-0.0499302791916238,0.189106561128046),
 .UNSPECIFIED.);
#490=B_SPLINE_CURVE_WITH_KNOTS('',3,(#3082,#3083,#3084,#3085,#3086,#3087,
#3088,#3089,#3090,#3091,#3092,#3093,#3094,#3095,#3096,#3097,#3098,#3099,
#3100,#3101,#3102,#3103,#3104,#3105,#3106,#3107,#3108,#3109,#3110,#3111,
#3112,#3113,#3114,#3115,#3116,#3117,#3118,#3119,#3120,#3121,#3122,#3123,
#3124,#3125,#3126,#3127,#3128,#3129,#3130,#3131,#3132,#3133),
 .UNSPECIFIED.,.F.,.F.,(4,3,3,3,3,3,3,3,3,3,3,3,3,3,3,3,3,4),(-0.0394550460802875,
-0.0365353423586319,-0.0339549037498227,-0.0306025328073019,-0.028612865100303,
-0.0280342271213943,-0.0246363931042266,-0.0227285316205861,-0.0193008688240366,
-0.018838671487967,-0.0153961299174861,-0.0121227489467579,-0.0108620316469467,
-0.00940434966324275,-0.00615494267461654,-0.00307747133730827,-0.000280561352542871,
0.),.UNSPECIFIED.);
#491=B_SPLINE_CURVE_WITH_KNOTS('',3,(#3134,#3135,#3136,#3137),
 .UNSPECIFIED.,.F.,.F.,(4,4),(-0.18952347607553,0.0495157473305632),
 .UNSPECIFIED.);
#492=B_SPLINE_CURVE_WITH_KNOTS('',3,(#3146,#3147,#3148,#3149,#3150,#3151,
#3152),.UNSPECIFIED.,.F.,.F.,(4,3,4),(1.76881402024209,2.05491170349982,
2.0958377514412),.UNSPECIFIED.);
#493=B_SPLINE_CURVE_WITH_KNOTS('',3,(#3153,#3154,#3155,#3156,#3157,#3158,
#3159,#3160,#3161,#3162,#3163,#3164),.UNSPECIFIED.,.F.,.F.,(4,2,2,2,2,4),
(-0.16016104699463,-0.146099121379108,-0.131095659599114,-0.0983010304243681,
-0.0548498158681335,0.),.UNSPECIFIED.);
#494=B_SPLINE_CURVE_WITH_KNOTS('',3,(#3196,#3197,#3198,#3199,#3200,#3201,
#3202,#3203,#3204,#3205,#3206,#3207,#3208,#3209,#3210,#3211,#3212,#3213,
#3214,#3215,#3216,#3217,#3218,#3219,#3220,#3221,#3222,#3223,#3224,#3225,
#3226,#3227,#3228,#3229,#3230,#3231,#3232,#3233,#3234,#3235,#3236,#3237,
#3238,#3239,#3240,#3241,#3242,#3243,#3244),.UNSPECIFIED.,.F.,.F.,(4,3,3,
3,3,3,3,3,3,3,3,3,3,3,3,3,4),(-0.0393839019360497,-0.0364698661134716,-0.0339852102951378,
-0.030615131113701,-0.0285542031660891,-0.0281850052672229,-0.0248742895232013,
-0.0213976341053308,-0.0189418718808849,-0.0167251038536392,-0.0133258741527765,
-0.0108478215225426,-0.00945511289052217,-0.00619276312154361,-0.00309638156077181,
-0.000248426322577428,0.),.UNSPECIFIED.);
#495=B_SPLINE_CURVE_WITH_KNOTS('',3,(#3246,#3247,#3248,#3249),
 .UNSPECIFIED.,.F.,.F.,(4,4),(-0.214545918322077,0.0244933050845071),
 .UNSPECIFIED.);
#496=B_SPLINE_CURVE_WITH_KNOTS('',3,(#3251,#3252,#3253,#3254,#3255,#3256,
#3257,#3258,#3259,#3260,#3261,#3262,#3263,#3264,#3265,#3266,#3267,#3268,
#3269,#3270,#3271,#3272,#3273,#3274,#3275,#3276,#3277,#3278,#3279,#3280,
#3281,#3282,#3283,#3284,#3285,#3286,#3287,#3288,#3289,#3290,#3291,#3292,
#3293,#3294,#3295,#3296,#3297,#3298,#3299),.UNSPECIFIED.,.F.,.F.,(4,3,3,
3,3,3,3,3,3,3,3,3,3,3,3,3,4),(-0.0394548089709287,-0.0365552581167803,-0.0339518897061851,
-0.0305930363616645,-0.028611395946067,-0.0280282674036927,-0.0247208578566247,
-0.0212574158521118,-0.0188325064270828,-0.0167523913928662,-0.0133689709605355,
-0.0108606931049624,-0.00940020412289285,-0.00615704239466288,-0.00307852119733144,
-0.000249816557773449,0.),.UNSPECIFIED.);
#497=B_SPLINE_CURVE_WITH_KNOTS('',3,(#3300,#3301,#3302,#3303),
 .UNSPECIFIED.,.F.,.F.,(4,4),(-0.0240763901370302,0.214960450183146),
 .UNSPECIFIED.);
#498=B_SPLINE_CURVE_WITH_KNOTS('',3,(#3310,#3311,#3312,#3313,#3314,#3315,
#3316),.UNSPECIFIED.,.F.,.F.,(4,3,4),(0.0797904446445682,0.127074239009848,
0.444946143616943),.UNSPECIFIED.);
#499=B_SPLINE_CURVE_WITH_KNOTS('',3,(#3359,#3360,#3361,#3362,#3363,#3364,
#3365,#3366,#3367,#3368,#3369,#3370,#3371,#3372,#3373,#3374,#3375,#3376,
#3377,#3378,#3379,#3380,#3381,#3382,#3383,#3384,#3385,#3386,#3387,#3388,
#3389,#3390,#3391,#3392,#3393,#3394,#3395,#3396,#3397,#3398,#3399,#3400,
#3401,#3402,#3403,#3404,#3405,#3406,#3407,#3408,#3409,#3410,#3411,#3412,
#3413,#3414,#3415,#3416,#3417,#3418,#3419),.UNSPECIFIED.,.F.,.F.,(4,3,3,
3,3,3,3,3,3,3,3,3,3,3,3,3,3,3,3,3,4),(0.,0.0023390981085914,0.00492894057709013,
0.005418310900152,0.00767543974953299,0.0104540732562345,0.0115896664188612,
0.0143588859017804,0.0154062919218126,0.0183239257982051,0.0212919579829689,
0.0231731212499863,0.025268693177645,0.0282554805606145,0.0306433261826135,
0.0332591636040283,0.035176168218885,0.037846444990068,0.0403579261628692,
0.0425893549235276,0.0435814745253458),.UNSPECIFIED.);
#500=B_SPLINE_CURVE_WITH_KNOTS('',3,(#3421,#3422,#3423,#3424),
 .UNSPECIFIED.,.F.,.F.,(4,4),(-0.273829175852324,0.00124427540490016),
 .UNSPECIFIED.);
#501=B_SPLINE_CURVE_WITH_KNOTS('',3,(#3425,#3426,#3427,#3428,#3429,#3430,
#3431,#3432,#3433,#3434,#3435,#3436,#3437,#3438,#3439,#3440,#3441,#3442,
#3443,#3444,#3445,#3446,#3447,#3448,#3449,#3450,#3451,#3452,#3453,#3454,
#3455,#3456,#3457,#3458,#3459,#3460,#3461,#3462,#3463,#3464,#3465,#3466,
#3467,#3468,#3469,#3470,#3471,#3472,#3473,#3474,#3475,#3476,#3477,#3478,
#3479,#3480,#3481,#3482,#3483,#3484,#3485,#3486,#3487,#3488),
 .UNSPECIFIED.,.F.,.F.,(4,3,3,3,3,3,3,3,3,3,3,3,3,3,3,3,3,3,3,3,3,4),(-0.0438003520642474,
-0.041483996362691,-0.0389232542125971,-0.0383789930637093,-0.037640739939313,
-0.0350797773582126,-0.032180360965976,-0.0304685106525747,-0.0275451766218877,
-0.0254015738785834,-0.0230326560072866,-0.0200898888066005,-0.018404120301858,
-0.015304000103775,-0.0124793587733715,-0.00989680584217964,-0.00843476036326772,
-0.00762344525568996,-0.00500354742697324,-0.00250177371348662,-0.00032531253587658,
0.),.UNSPECIFIED.);
#502=B_SPLINE_CURVE_WITH_KNOTS('',3,(#3491,#3492,#3493,#3494,#3495,#3496,
#3497,#3498,#3499,#3500,#3501,#3502,#3503,#3504,#3505,#3506,#3507,#3508,
#3509,#3510,#3511,#3512,#3513,#3514,#3515,#3516,#3517,#3518,#3519,#3520,
#3521,#3522,#3523,#3524,#3525,#3526,#3527,#3528,#3529,#3530,#3531,#3532,
#3533,#3534,#3535,#3536,#3537,#3538,#3539,#3540,#3541,#3542,#3543,#3544,
#3545,#3546,#3547,#3548,#3549,#3550,#3551,#3552,#3553,#3554,#3555,#3556,
#3557),.UNSPECIFIED.,.F.,.F.,(4,3,3,3,3,3,3,3,3,3,3,3,3,3,3,3,3,3,3,3,3,
3,4),(0.,0.00226360065420243,0.00471034005872205,0.00737822947660989,0.00767112323370256,
0.00841455011405031,0.010992721625369,0.0138143184253698,0.0153981363525569,
0.0183213674276365,0.021281093567773,0.0231627947188828,0.0252660808360267,
0.028193261572188,0.0306342427944276,0.0319994052661802,0.0349201589162324,
0.0374687322746839,0.0378409125662845,0.0381705538356916,0.0408758718197623,
0.0432106704031419,0.0435811898038331),.UNSPECIFIED.);
#503=B_SPLINE_CURVE_WITH_KNOTS('',3,(#3626,#3627,#3628,#3629,#3630,#3631,
#3632,#3633,#3634,#3635,#3636,#3637,#3638,#3639,#3640,#3641,#3642,#3643,
#3644,#3645,#3646,#3647,#3648,#3649,#3650,#3651,#3652,#3653,#3654,#3655,
#3656,#3657,#3658,#3659,#3660,#3661,#3662,#3663,#3664,#3665,#3666,#3667,
#3668,#3669,#3670,#3671,#3672,#3673,#3674,#3675,#3676,#3677,#3678,#3679,
#3680,#3681,#3682,#3683,#3684,#3685,#3686),.UNSPECIFIED.,.F.,.F.,(4,3,3,
3,3,3,3,3,3,3,3,3,3,3,3,3,3,3,3,3,4),(-0.0438006384220885,-0.0415975002593805,
-0.0391178153131145,-0.0376465989793211,-0.0353738362861165,-0.0327606612476102,
-0.0304779296718946,-0.0274961165965308,-0.0254042434180275,-0.0230432422569696,
-0.0200909815480472,-0.0184067358853256,-0.0153122892012507,-0.0125651453234794,
-0.0116267678770655,-0.00886756947863867,-0.00762779240558584,-0.00542708358790604,
-0.00271354179395302,-0.000394227000071229,0.),.UNSPECIFIED.);
#504=B_SPLINE_CURVE_WITH_KNOTS('',3,(#3687,#3688,#3689,#3690),
 .UNSPECIFIED.,.F.,.F.,(4,4),(-0.22637785874233,0.0486955925136837),
 .UNSPECIFIED.);
#505=B_SPLINE_CURVE_WITH_KNOTS('',3,(#3700,#3701,#3702,#3703,#3704,#3705,
#3706),.UNSPECIFIED.,.F.,.F.,(4,3,4),(4.46660432636294,4.67134142433439,
4.71682365387744),.UNSPECIFIED.);
#506=B_SPLINE_CURVE_WITH_KNOTS('',3,(#3708,#3709,#3710,#3711,#3712,#3713,
#3714),.UNSPECIFIED.,.F.,.F.,(4,3,4),(5.28068250790479,5.32616473732749,
5.53090183529894),.UNSPECIFIED.);
#507=B_SPLINE_CURVE_WITH_KNOTS('',3,(#3797,#3798,#3799,#3800,#3801,#3802,
#3803,#3804,#3805,#3806,#3807,#3808,#3809),.UNSPECIFIED.,.F.,.F.,(4,3,3,
3,4),(0.,0.227468074419335,0.568670186048337,0.869851708244294,1.32162399153823),
 .UNSPECIFIED.);
#508=B_SPLINE_CURVE_WITH_KNOTS('',3,(#3811,#3812,#3813,#3814),
 .UNSPECIFIED.,.F.,.F.,(4,4),(1.32162399153823,1.58306370074673),
 .UNSPECIFIED.);
#509=B_SPLINE_CURVE_WITH_KNOTS('',3,(#3816,#3817,#3818,#3819),
 .UNSPECIFIED.,.F.,.F.,(4,4),(1.58306370074673,1.72148097642677),
 .UNSPECIFIED.);
#510=B_SPLINE_CURVE_WITH_KNOTS('',3,(#4063,#4064,#4065,#4066,#4067),
 .UNSPECIFIED.,.F.,.F.,(4,1,4),(-1.,-0.5,0.),.UNSPECIFIED.);
#511=B_SPLINE_CURVE_WITH_KNOTS('',3,(#4100,#4101,#4102,#4103,#4104,#4105,
#4106,#4107,#4108,#4109,#4110,#4111,#4112,#4113),.UNSPECIFIED.,.F.,.F.,
(4,1,1,1,1,1,1,1,1,1,1,4),(0.,0.0178571428571429,0.0357142857142857,0.0714285714285714,
0.142857142857143,0.285714285714286,0.428571428571429,0.571428571428571,
0.785714285714286,0.857142857142857,0.928571428571429,1.),.UNSPECIFIED.);
#512=B_SPLINE_CURVE_WITH_KNOTS('',3,(#4135,#4136,#4137,#4138,#4139),
 .UNSPECIFIED.,.F.,.F.,(4,1,4),(-1.,-0.5,0.),.UNSPECIFIED.);
#513=B_SPLINE_CURVE_WITH_KNOTS('',3,(#4140,#4141,#4142,#4143),
 .UNSPECIFIED.,.F.,.F.,(4,4),(-1.72148097642677,-1.58306370074673),
 .UNSPECIFIED.);
#514=B_SPLINE_CURVE_WITH_KNOTS('',3,(#4165,#4166,#4167,#4168,#4169),
 .UNSPECIFIED.,.F.,.F.,(4,1,4),(-1.,-0.5,0.),.UNSPECIFIED.);
#515=B_SPLINE_CURVE_WITH_KNOTS('',3,(#4170,#4171,#4172,#4173),
 .UNSPECIFIED.,.F.,.F.,(4,4),(-1.58306370074673,-1.32162399153823),
 .UNSPECIFIED.);
#516=B_SPLINE_CURVE_WITH_KNOTS('',3,(#4286,#4287,#4288,#4289,#4290,#4291,
#4292,#4293,#4294,#4295,#4296,#4297,#4298),.UNSPECIFIED.,.F.,.F.,(4,3,3,
3,4),(-1.32162399153823,-0.869851708244294,-0.568670186048337,-0.227468074419335,
0.),.UNSPECIFIED.);
#517=B_SPLINE_CURVE_WITH_KNOTS('',3,(#4389,#4390,#4391,#4392,#4393,#4394,
#4395),.UNSPECIFIED.,.F.,.F.,(4,3,4),(0.0553763549165797,0.145992897694733,
0.185492072439041),.UNSPECIFIED.);
#518=B_SPLINE_CURVE_WITH_KNOTS('',3,(#4399,#4400,#4401,#4402,#4403,#4404,
#4405),.UNSPECIFIED.,.F.,.F.,(4,3,4),(-0.130004329141816,-0.124355064871896,
-0.118705800601976),.UNSPECIFIED.);
#519=B_SPLINE_CURVE_WITH_KNOTS('',3,(#4410,#4411,#4412,#4413),
 .UNSPECIFIED.,.F.,.F.,(4,4),(-0.315969131205076,-0.0575396250693248),
 .UNSPECIFIED.);
#520=B_SPLINE_CURVE_WITH_KNOTS('',3,(#4420,#4421,#4422,#4423),
 .UNSPECIFIED.,.F.,.F.,(4,4),(-0.356584968765532,-0.0731904181549168),
 .UNSPECIFIED.);
#521=B_SPLINE_CURVE_WITH_KNOTS('',3,(#4472,#4473,#4474,#4475,#4476,#4477,
#4478,#4479,#4480,#4481),.UNSPECIFIED.,.F.,.F.,(4,2,2,2,4),(-0.113653839329445,
-0.0855290074674147,-0.0554565894928399,-0.0271716171152814,0.),
 .UNSPECIFIED.);
#522=B_SPLINE_CURVE_WITH_KNOTS('',3,(#4482,#4483,#4484,#4485,#4486,#4487),
 .UNSPECIFIED.,.F.,.F.,(4,1,1,4),(0.,0.285714285714286,0.571428571428571,
1.),.UNSPECIFIED.);
#523=B_SPLINE_CURVE_WITH_KNOTS('',3,(#4508,#4509,#4510,#4511,#4512),
 .UNSPECIFIED.,.F.,.F.,(4,1,4),(-1.,-0.571428571428571,0.),
 .UNSPECIFIED.);
#524=B_SPLINE_CURVE_WITH_KNOTS('',3,(#4559,#4560,#4561,#4562,#4563),
 .UNSPECIFIED.,.F.,.F.,(4,1,4),(-3.73233496210098,-3.56377557896996,-3.43735604162169),
 .UNSPECIFIED.);
#525=B_SPLINE_CURVE_WITH_KNOTS('',3,(#4564,#4565,#4566,#4567,#4568),
 .UNSPECIFIED.,.F.,.F.,(4,1,4),(-1.,-0.5,0.),.UNSPECIFIED.);
#526=B_SPLINE_CURVE_WITH_KNOTS('',3,(#4590,#4591,#4592,#4593,#4594),
 .UNSPECIFIED.,.F.,.F.,(4,1,4),(-1.,-0.571428571428571,0.),
 .UNSPECIFIED.);
#527=B_SPLINE_CURVE_WITH_KNOTS('',3,(#4595,#4596,#4597,#4598),
 .UNSPECIFIED.,.F.,.F.,(4,4),(-3.43735604162169,-3.27808869535742),
 .UNSPECIFIED.);
#528=B_SPLINE_CURVE_WITH_KNOTS('',3,(#4623,#4624,#4625,#4626),
 .UNSPECIFIED.,.F.,.F.,(4,4),(-3.27808869535742,-2.87928955011763),
 .UNSPECIFIED.);
#529=B_SPLINE_CURVE_WITH_KNOTS('',3,(#4630,#4631,#4632,#4633,#4634,#4635,
#4636),.UNSPECIFIED.,.F.,.F.,(4,3,4),(0.121332512912664,0.211418548762231,
0.242931739869404),.UNSPECIFIED.);
#530=B_SPLINE_CURVE_WITH_KNOTS('',3,(#4639,#4640,#4641,#4642),
 .UNSPECIFIED.,.F.,.F.,(4,4),(0.0323317597733091,0.293289421380391),
 .UNSPECIFIED.);
#531=B_SPLINE_CURVE_WITH_KNOTS('',3,(#4649,#4650,#4651,#4652),
 .UNSPECIFIED.,.F.,.F.,(4,4),(0.0588906343326783,0.352281113591403),
 .UNSPECIFIED.);
#532=B_SPLINE_CURVE_WITH_KNOTS('',3,(#4664,#4665,#4666,#4667,#4668,#4669,
#4670),.UNSPECIFIED.,.F.,.F.,(4,3,4),(0.100453297415982,0.148430912606108,
0.158058083184415),.UNSPECIFIED.);
#533=B_SPLINE_CURVE_WITH_KNOTS('',3,(#4696,#4697,#4698,#4699,#4700,#4701,
#4702,#4703,#4704,#4705,#4706,#4707,#4708,#4709,#4710,#4711,#4712,#4713,
#4714,#4715,#4716,#4717,#4718,#4719,#4720,#4721,#4722,#4723,#4724,#4725,
#4726,#4727,#4728,#4729),.UNSPECIFIED.,.F.,.F.,(4,3,3,3,3,3,3,3,3,3,3,4),
(-1.55289904609259,-1.52660377497582,-1.48272231893968,-1.43912437497934,
-1.39785450137728,-1.395526431019,-1.35771197510287,-1.32075166555219,-1.2852947745597,
-1.25953013083189,-1.22667876947653,-1.20444149103411),.UNSPECIFIED.);
#534=B_SPLINE_CURVE_WITH_KNOTS('',3,(#4730,#4731,#4732,#4733,#4734,#4735,
#4736,#4737,#4738,#4739,#4740,#4741,#4742,#4743,#4744,#4745,#4746,#4747,
#4748,#4749,#4750,#4751),.UNSPECIFIED.,.F.,.F.,(4,3,3,3,3,3,3,4),(0.105720059269437,
0.160650057370085,0.210350485770572,0.235773206551201,0.259146796793855,
0.31814302405671,0.324567134541087,0.354570901700483),.UNSPECIFIED.);
#535=B_SPLINE_CURVE_WITH_KNOTS('',3,(#4783,#4784,#4785,#4786),
 .UNSPECIFIED.,.F.,.F.,(4,4),(-1.35243035586409,-1.29694209228958),
 .UNSPECIFIED.);
#536=B_SPLINE_CURVE_WITH_KNOTS('',3,(#4835,#4836,#4837,#4838,#4839,#4840,
#4841,#4842,#4843,#4844),.UNSPECIFIED.,.F.,.F.,(4,2,2,2,4),(-1.54035398218261,
-1.51881003576818,-1.42093262947394,-1.28398261337472,-1.20020610199412),
 .UNSPECIFIED.);
#537=B_SPLINE_CURVE_WITH_KNOTS('',3,(#4882,#4883,#4884,#4885,#4886,#4887,
#4888,#4889,#4890,#4891,#4892,#4893),.UNSPECIFIED.,.F.,.F.,(4,2,2,2,2,4),
(-1.04810351424434,-0.982082912846619,-0.894547862129015,-0.798500562135626,
-0.721754523169786,-0.705958003921137),.UNSPECIFIED.);
#538=B_SPLINE_CURVE_WITH_KNOTS('',3,(#4894,#4895,#4896,#4897,#4898,#4899,
#4900,#4901,#4902,#4903),.UNSPECIFIED.,.F.,.F.,(4,3,3,4),(-1.03080676494593,
-1.00493268304586,-1.00322688427045,-1.00044589825204),.UNSPECIFIED.);
#539=CIRCLE('',#1628,6.68425470983697);
#540=CIRCLE('',#1629,6.69053853321113);
#541=CIRCLE('',#1631,1.52164428051099);
#542=CIRCLE('',#1633,5.111);
#543=CIRCLE('',#1634,6.611);
#544=CIRCLE('',#1638,6.611);
#545=CIRCLE('',#1641,5.111);
#546=CIRCLE('',#1642,6.611);
#547=CIRCLE('',#1648,6.611);
#548=CIRCLE('',#1650,6.64253710424237);
#549=CIRCLE('',#1651,6.69053853321113);
#550=CIRCLE('',#1658,6.69053853321113);
#551=CIRCLE('',#1659,6.64253710424237);
#552=CIRCLE('',#1662,3.25);
#553=CIRCLE('',#1663,3.25);
#554=CIRCLE('',#1666,3.25);
#555=CIRCLE('',#1667,7.44065277924406);
#556=CIRCLE('',#1668,7.44065277924406);
#557=CIRCLE('',#1669,7.44065277924406);
#558=CIRCLE('',#1670,7.44065277924406);
#559=CIRCLE('',#1671,7.44065277924406);
#560=CIRCLE('',#1672,3.25);
#561=CIRCLE('',#1674,3.25);
#562=CIRCLE('',#1675,7.3926513502753);
#563=CIRCLE('',#1676,3.25);
#564=CIRCLE('',#1678,2.59574985319966);
#565=CIRCLE('',#1682,7.39352410393787);
#566=CIRCLE('',#1684,7.25737459749778);
#567=CIRCLE('',#1686,7.17533579233515);
#568=CIRCLE('',#1710,2.59574985319966);
#569=CIRCLE('',#1714,2.59574985319966);
#570=CIRCLE('',#1718,2.59574985319966);
#571=CIRCLE('',#1719,2.59574985319966);
#572=CIRCLE('',#1723,2.57829478827145);
#573=(
BOUNDED_CURVE()
B_SPLINE_CURVE(2,(#2012,#2013,#2014),.UNSPECIFIED.,.F.,.F.)
B_SPLINE_CURVE_WITH_KNOTS((3,3),(10428.2291145812,10441.1188726287),
 .UNSPECIFIED.)
CURVE()
GEOMETRIC_REPRESENTATION_ITEM()
RATIONAL_B_SPLINE_CURVE((1.,1.,1.))
REPRESENTATION_ITEM('')
);
#574=(
BOUNDED_CURVE()
B_SPLINE_CURVE(2,(#2018,#2019,#2020),.UNSPECIFIED.,.F.,.F.)
B_SPLINE_CURVE_WITH_KNOTS((3,3),(9598.16381379028,9611.82503914948),
 .UNSPECIFIED.)
CURVE()
GEOMETRIC_REPRESENTATION_ITEM()
RATIONAL_B_SPLINE_CURVE((1.,1.,1.))
REPRESENTATION_ITEM('')
);
#575=(
BOUNDED_CURVE()
B_SPLINE_CURVE(2,(#2030,#2031,#2032),.UNSPECIFIED.,.F.,.F.)
B_SPLINE_CURVE_WITH_KNOTS((3,3),(9597.736057293,9616.45672534098),
 .UNSPECIFIED.)
CURVE()
GEOMETRIC_REPRESENTATION_ITEM()
RATIONAL_B_SPLINE_CURVE((1.,1.,1.))
REPRESENTATION_ITEM('')
);
#576=(
BOUNDED_CURVE()
B_SPLINE_CURVE(2,(#2036,#2037,#2038),.UNSPECIFIED.,.F.,.F.)
B_SPLINE_CURVE_WITH_KNOTS((3,3),(10432.6625359873,10441.5466529089),
 .UNSPECIFIED.)
CURVE()
GEOMETRIC_REPRESENTATION_ITEM()
RATIONAL_B_SPLINE_CURVE((1.,1.,1.))
REPRESENTATION_ITEM('')
);
#577=(
BOUNDED_CURVE()
B_SPLINE_CURVE(2,(#2302,#2303,#2304),.UNSPECIFIED.,.F.,.F.)
B_SPLINE_CURVE_WITH_KNOTS((3,3),(0.,0.44263337520382),.UNSPECIFIED.)
CURVE()
GEOMETRIC_REPRESENTATION_ITEM()
RATIONAL_B_SPLINE_CURVE((1.,1.03377723426762,1.05113183877209))
REPRESENTATION_ITEM('')
);
#578=(
BOUNDED_CURVE()
B_SPLINE_CURVE(2,(#2308,#2309,#2310),.UNSPECIFIED.,.F.,.F.)
B_SPLINE_CURVE_WITH_KNOTS((3,3),(1.40117623350265,1.84590580020357),
 .UNSPECIFIED.)
CURVE()
GEOMETRIC_REPRESENTATION_ITEM()
RATIONAL_B_SPLINE_CURVE((1.05171116938007,1.03406207770716,1.))
REPRESENTATION_ITEM('')
);
#579=(
BOUNDED_CURVE()
B_SPLINE_CURVE(2,(#2340,#2341,#2342),.UNSPECIFIED.,.F.,.F.)
B_SPLINE_CURVE_WITH_KNOTS((3,3),(0.,0.509422374720884),.UNSPECIFIED.)
CURVE()
GEOMETRIC_REPRESENTATION_ITEM()
RATIONAL_B_SPLINE_CURVE((1.,1.04217442793221,1.06827751717993))
REPRESENTATION_ITEM('')
);
#580=(
BOUNDED_CURVE()
B_SPLINE_CURVE(2,(#2346,#2347,#2348),.UNSPECIFIED.,.F.,.F.)
B_SPLINE_CURVE_WITH_KNOTS((3,3),(2.21483821412495,2.7282704129435),
 .UNSPECIFIED.)
CURVE()
GEOMETRIC_REPRESENTATION_ITEM()
RATIONAL_B_SPLINE_CURVE((1.06922735796206,1.04263764081946,1.))
REPRESENTATION_ITEM('')
);
#581=(
BOUNDED_CURVE()
B_SPLINE_CURVE(2,(#2447,#2448,#2449),.UNSPECIFIED.,.F.,.F.)
B_SPLINE_CURVE_WITH_KNOTS((3,3),(10422.2547956283,10441.5466530792),
 .UNSPECIFIED.)
CURVE()
GEOMETRIC_REPRESENTATION_ITEM()
RATIONAL_B_SPLINE_CURVE((1.,1.,1.))
REPRESENTATION_ITEM('')
);
#582=(
BOUNDED_CURVE()
B_SPLINE_CURVE(2,(#2468,#2469,#2470),.UNSPECIFIED.,.F.,.F.)
B_SPLINE_CURVE_WITH_KNOTS((3,3),(10425.9037030324,10438.267985585),
 .UNSPECIFIED.)
CURVE()
GEOMETRIC_REPRESENTATION_ITEM()
RATIONAL_B_SPLINE_CURVE((1.,1.,1.))
REPRESENTATION_ITEM('')
);
#583=(
BOUNDED_CURVE()
B_SPLINE_CURVE(2,(#2833,#2834,#2835),.UNSPECIFIED.,.F.,.F.)
B_SPLINE_CURVE_WITH_KNOTS((3,3),(9597.73605715218,9606.30327194196),
 .UNSPECIFIED.)
CURVE()
GEOMETRIC_REPRESENTATION_ITEM()
RATIONAL_B_SPLINE_CURVE((1.,1.,1.))
REPRESENTATION_ITEM('')
);
#584=(
BOUNDED_CURVE()
B_SPLINE_CURVE(2,(#2900,#2901,#2902),.UNSPECIFIED.,.F.,.F.)
B_SPLINE_CURVE_WITH_KNOTS((3,3),(9601.01474486466,9611.58403089676),
 .UNSPECIFIED.)
CURVE()
GEOMETRIC_REPRESENTATION_ITEM()
RATIONAL_B_SPLINE_CURVE((1.,1.,1.))
REPRESENTATION_ITEM('')
);
#585=(
BOUNDED_CURVE()
B_SPLINE_CURVE(2,(#3142,#3143,#3144),.UNSPECIFIED.,.F.,.F.)
B_SPLINE_CURVE_WITH_KNOTS((3,3),(9688.54710618133,9707.75462293084),
 .UNSPECIFIED.)
CURVE()
GEOMETRIC_REPRESENTATION_ITEM()
RATIONAL_B_SPLINE_CURVE((1.,1.,1.))
REPRESENTATION_ITEM('')
);
#586=(
BOUNDED_CURVE()
B_SPLINE_CURVE(2,(#3318,#3319,#3320),.UNSPECIFIED.,.F.,.F.)
B_SPLINE_CURVE_WITH_KNOTS((3,3),(10302.6203446253,10324.5127658674),
 .UNSPECIFIED.)
CURVE()
GEOMETRIC_REPRESENTATION_ITEM()
RATIONAL_B_SPLINE_CURVE((1.,1.,1.))
REPRESENTATION_ITEM('')
);
#587=(
BOUNDED_CURVE()
B_SPLINE_CURVE(3,(#3820,#3821,#3822,#3823,#3824,#3825,#3826,#3827,#3828,
#3829,#3830,#3831,#3832,#3833,#3834,#3835,#3836,#3837,#3838,#3839,#3840,
#3841,#3842,#3843,#3844,#3845),.UNSPECIFIED.,.F.,.F.)
B_SPLINE_CURVE_WITH_KNOTS((4,2,2,2,2,2,2,2,2,2,2,2,4),(1.72148097642677,
1.91051231114327,2.10711319630614,2.33189414215198,2.57890944771283,2.86976010147743,
3.17619880089168,3.2898251348471,3.60831794011955,3.96475101870594,4.33003941600436,
4.58939206516792,4.76336837742274),.UNSPECIFIED.)
CURVE()
GEOMETRIC_REPRESENTATION_ITEM()
RATIONAL_B_SPLINE_CURVE((1.,1.,1.,1.,1.,1.,1.,1.,1.,1.,1.,1.,1.,1.,1.,1.,
1.,1.,1.,1.,1.,1.,1.,1.,1.,1.))
REPRESENTATION_ITEM('')
);
#588=(
BOUNDED_CURVE()
B_SPLINE_CURVE(3,(#4069,#4070,#4071,#4072,#4073,#4074,#4075,#4076,#4077,
#4078,#4079,#4080,#4081,#4082,#4083,#4084,#4085,#4086,#4087,#4088,#4089,
#4090,#4091,#4092),.UNSPECIFIED.,.F.,.F.)
B_SPLINE_CURVE_WITH_KNOTS((4,2,2,2,2,2,2,2,2,2,2,4),(-4.3582049052602,-4.33003941600436,
-3.96475101870594,-3.60831794011955,-3.2898251348471,-3.17619880089168,
-2.86976010147743,-2.57890944771283,-2.33189414215198,-2.10711319630614,
-1.91051231114327,-1.72148097642677),.UNSPECIFIED.)
CURVE()
GEOMETRIC_REPRESENTATION_ITEM()
RATIONAL_B_SPLINE_CURVE((1.,1.,1.,1.,1.,1.,1.,1.,1.,1.,1.,1.,1.,1.,1.,1.,
1.,1.,1.,1.,1.,1.,1.,1.))
REPRESENTATION_ITEM('')
);
#589=(
BOUNDED_CURVE()
B_SPLINE_CURVE(3,(#4094,#4095,#4096,#4097,#4098,#4099),.UNSPECIFIED.,.F.,
 .F.)
B_SPLINE_CURVE_WITH_KNOTS((4,2,4),(-4.76336837742274,-4.58939206516792,
-4.3582049052602),.UNSPECIFIED.)
CURVE()
GEOMETRIC_REPRESENTATION_ITEM()
RATIONAL_B_SPLINE_CURVE((1.,1.,1.,1.,1.,1.))
REPRESENTATION_ITEM('')
);
#590=(
BOUNDED_CURVE()
B_SPLINE_CURVE(2,(#4309,#4310,#4311),.UNSPECIFIED.,.F.,.F.)
B_SPLINE_CURVE_WITH_KNOTS((3,3),(0.148332948467022,1.20033784872292),
 .UNSPECIFIED.)
CURVE()
GEOMETRIC_REPRESENTATION_ITEM()
RATIONAL_B_SPLINE_CURVE((1.,1.,1.))
REPRESENTATION_ITEM('')
);
#591=(
BOUNDED_CURVE()
B_SPLINE_CURVE(2,(#4316,#4317,#4318),.UNSPECIFIED.,.F.,.F.)
B_SPLINE_CURVE_WITH_KNOTS((3,3),(0.,1.05200490025652),.UNSPECIFIED.)
CURVE()
GEOMETRIC_REPRESENTATION_ITEM()
RATIONAL_B_SPLINE_CURVE((1.,1.,1.))
REPRESENTATION_ITEM('')
);
#592=(
BOUNDED_CURVE()
B_SPLINE_CURVE(2,(#4320,#4321,#4322),.UNSPECIFIED.,.F.,.F.)
B_SPLINE_CURVE_WITH_KNOTS((3,3),(0.149599396674397,0.420119329927161),
 .UNSPECIFIED.)
CURVE()
GEOMETRIC_REPRESENTATION_ITEM()
RATIONAL_B_SPLINE_CURVE((1.,1.,1.))
REPRESENTATION_ITEM('')
);
#593=(
BOUNDED_CURVE()
B_SPLINE_CURVE(2,(#4327,#4328,#4329),.UNSPECIFIED.,.F.,.F.)
B_SPLINE_CURVE_WITH_KNOTS((3,3),(0.,0.270519933259117),.UNSPECIFIED.)
CURVE()
GEOMETRIC_REPRESENTATION_ITEM()
RATIONAL_B_SPLINE_CURVE((1.,1.,1.))
REPRESENTATION_ITEM('')
);
#594=(
BOUNDED_CURVE()
B_SPLINE_CURVE(2,(#4332,#4333,#4334),.UNSPECIFIED.,.F.,.F.)
B_SPLINE_CURVE_WITH_KNOTS((3,3),(0.,1.52288780216194),.UNSPECIFIED.)
CURVE()
GEOMETRIC_REPRESENTATION_ITEM()
RATIONAL_B_SPLINE_CURVE((1.,1.,1.))
REPRESENTATION_ITEM('')
);
#595=(
BOUNDED_CURVE()
B_SPLINE_CURVE(2,(#4335,#4336,#4337),.UNSPECIFIED.,.F.,.F.)
B_SPLINE_CURVE_WITH_KNOTS((3,3),(0.14757979429328,1.6704675964557),
 .UNSPECIFIED.)
CURVE()
GEOMETRIC_REPRESENTATION_ITEM()
RATIONAL_B_SPLINE_CURVE((1.,1.,1.))
REPRESENTATION_ITEM('')
);
#596=(
BOUNDED_CURVE()
B_SPLINE_CURVE(2,(#4661,#4662,#4663),.UNSPECIFIED.,.F.,.F.)
B_SPLINE_CURVE_WITH_KNOTS((3,3),(10307.7660619832,10330.790149944),
 .UNSPECIFIED.)
CURVE()
GEOMETRIC_REPRESENTATION_ITEM()
RATIONAL_B_SPLINE_CURVE((1.0000000002858,1.00000000028578,1.00000000028576))
REPRESENTATION_ITEM('')
);
#597=(
BOUNDED_CURVE()
B_SPLINE_CURVE(2,(#4755,#4756,#4757),.UNSPECIFIED.,.F.,.F.)
B_SPLINE_CURVE_WITH_KNOTS((3,3),(9696.04841771097,9716.82303421994),
 .UNSPECIFIED.)
CURVE()
GEOMETRIC_REPRESENTATION_ITEM()
RATIONAL_B_SPLINE_CURVE((1.,1.,1.))
REPRESENTATION_ITEM('')
);
#598=(
BOUNDED_CURVE()
B_SPLINE_CURVE(2,(#4763,#4764,#4765),.UNSPECIFIED.,.F.,.F.)
B_SPLINE_CURVE_WITH_KNOTS((3,3),(10312.834026541,10331.6090690246),
 .UNSPECIFIED.)
CURVE()
GEOMETRIC_REPRESENTATION_ITEM()
RATIONAL_B_SPLINE_CURVE((1.,1.,1.))
REPRESENTATION_ITEM('')
);
#599=(
BOUNDED_CURVE()
B_SPLINE_CURVE(2,(#4768,#4769,#4770),.UNSPECIFIED.,.F.,.F.)
B_SPLINE_CURVE_WITH_KNOTS((3,3),(9695.31593778958,9712.2499511456),
 .UNSPECIFIED.)
CURVE()
GEOMETRIC_REPRESENTATION_ITEM()
RATIONAL_B_SPLINE_CURVE((1.00000000028577,1.00000000028578,1.0000000002858))
REPRESENTATION_ITEM('')
);
#600=(
BOUNDED_CURVE()
B_SPLINE_CURVE(2,(#4780,#4781,#4782),.UNSPECIFIED.,.F.,.F.)
B_SPLINE_CURVE_WITH_KNOTS((3,3),(10307.7660619599,10324.5983249751),
 .UNSPECIFIED.)
CURVE()
GEOMETRIC_REPRESENTATION_ITEM()
RATIONAL_B_SPLINE_CURVE((1.00000000020903,1.00000000020901,1.000000000209))
REPRESENTATION_ITEM('')
);
#601=(
BOUNDED_CURVE()
B_SPLINE_CURVE(2,(#4905,#4906,#4907),.UNSPECIFIED.,.F.,.F.)
B_SPLINE_CURVE_WITH_KNOTS((3,3),(9688.70436474995,9712.24995116128),
 .UNSPECIFIED.)
CURVE()
GEOMETRIC_REPRESENTATION_ITEM()
RATIONAL_B_SPLINE_CURVE((1.000000000209,1.00000000020901,1.00000000020903))
REPRESENTATION_ITEM('')
);
#602=VERTEX_POINT('',#2010);
#603=VERTEX_POINT('',#2011);
#604=VERTEX_POINT('',#2015);
#605=VERTEX_POINT('',#2017);
#606=VERTEX_POINT('',#2021);
#607=VERTEX_POINT('',#2029);
#608=VERTEX_POINT('',#2033);
#609=VERTEX_POINT('',#2035);
#610=VERTEX_POINT('',#2039);
#611=VERTEX_POINT('',#2044);
#612=VERTEX_POINT('',#2060);
#613=VERTEX_POINT('',#2062);
#614=VERTEX_POINT('',#2064);
#615=VERTEX_POINT('',#2239);
#616=VERTEX_POINT('',#2240);
#617=VERTEX_POINT('',#2245);
#618=VERTEX_POINT('',#2256);
#619=VERTEX_POINT('',#2264);
#620=VERTEX_POINT('',#2272);
#621=VERTEX_POINT('',#2300);
#622=VERTEX_POINT('',#2301);
#623=VERTEX_POINT('',#2305);
#624=VERTEX_POINT('',#2307);
#625=VERTEX_POINT('',#2313);
#626=VERTEX_POINT('',#2315);
#627=VERTEX_POINT('',#2317);
#628=VERTEX_POINT('',#2330);
#629=VERTEX_POINT('',#2334);
#630=VERTEX_POINT('',#2338);
#631=VERTEX_POINT('',#2339);
#632=VERTEX_POINT('',#2343);
#633=VERTEX_POINT('',#2345);
#634=VERTEX_POINT('',#2351);
#635=VERTEX_POINT('',#2354);
#636=VERTEX_POINT('',#2428);
#637=VERTEX_POINT('',#2433);
#638=VERTEX_POINT('',#2437);
#639=VERTEX_POINT('',#2441);
#640=VERTEX_POINT('',#2445);
#641=VERTEX_POINT('',#2446);
#642=VERTEX_POINT('',#2450);
#643=VERTEX_POINT('',#2467);
#644=VERTEX_POINT('',#2471);
#645=VERTEX_POINT('',#2473);
#646=VERTEX_POINT('',#2480);
#647=VERTEX_POINT('',#2482);
#648=VERTEX_POINT('',#2571);
#649=VERTEX_POINT('',#2576);
#650=VERTEX_POINT('',#2583);
#651=VERTEX_POINT('',#2585);
#652=VERTEX_POINT('',#2587);
#653=VERTEX_POINT('',#2589);
#654=VERTEX_POINT('',#2591);
#655=VERTEX_POINT('',#2593);
#656=VERTEX_POINT('',#2703);
#657=VERTEX_POINT('',#2714);
#658=VERTEX_POINT('',#2782);
#659=VERTEX_POINT('',#2793);
#660=VERTEX_POINT('',#2830);
#661=VERTEX_POINT('',#2832);
#662=VERTEX_POINT('',#2836);
#663=VERTEX_POINT('',#2845);
#664=VERTEX_POINT('',#2850);
#665=VERTEX_POINT('',#2856);
#666=VERTEX_POINT('',#2864);
#667=VERTEX_POINT('',#2866);
#668=VERTEX_POINT('',#2868);
#669=VERTEX_POINT('',#2870);
#670=VERTEX_POINT('',#2872);
#671=VERTEX_POINT('',#2874);
#672=VERTEX_POINT('',#2890);
#673=VERTEX_POINT('',#2892);
#674=VERTEX_POINT('',#2897);
#675=VERTEX_POINT('',#2899);
#676=VERTEX_POINT('',#2903);
#677=VERTEX_POINT('',#2908);
#678=VERTEX_POINT('',#2913);
#679=VERTEX_POINT('',#2947);
#680=VERTEX_POINT('',#2955);
#681=VERTEX_POINT('',#2984);
#682=VERTEX_POINT('',#3022);
#683=VERTEX_POINT('',#3023);
#684=VERTEX_POINT('',#3076);
#685=VERTEX_POINT('',#3081);
#686=VERTEX_POINT('',#3139);
#687=VERTEX_POINT('',#3141);
#688=VERTEX_POINT('',#3145);
#689=VERTEX_POINT('',#3194);
#690=VERTEX_POINT('',#3195);
#691=VERTEX_POINT('',#3245);
#692=VERTEX_POINT('',#3250);
#693=VERTEX_POINT('',#3309);
#694=VERTEX_POINT('',#3317);
#695=VERTEX_POINT('',#3358);
#696=VERTEX_POINT('',#3420);
#697=VERTEX_POINT('',#3490);
#698=VERTEX_POINT('',#3558);
#699=VERTEX_POINT('',#3560);
#700=VERTEX_POINT('',#3562);
#701=VERTEX_POINT('',#3564);
#702=VERTEX_POINT('',#3566);
#703=VERTEX_POINT('',#3568);
#704=VERTEX_POINT('',#3570);
#705=VERTEX_POINT('',#3572);
#706=VERTEX_POINT('',#3574);
#707=VERTEX_POINT('',#3576);
#708=VERTEX_POINT('',#3578);
#709=VERTEX_POINT('',#3580);
#710=VERTEX_POINT('',#3582);
#711=VERTEX_POINT('',#3584);
#712=VERTEX_POINT('',#3586);
#713=VERTEX_POINT('',#3625);
#714=VERTEX_POINT('',#3692);
#715=VERTEX_POINT('',#3694);
#716=VERTEX_POINT('',#3795);
#717=VERTEX_POINT('',#3796);
#718=VERTEX_POINT('',#3810);
#719=VERTEX_POINT('',#3815);
#720=VERTEX_POINT('',#3847);
#721=VERTEX_POINT('',#3848);
#722=VERTEX_POINT('',#3850);
#723=VERTEX_POINT('',#3852);
#724=VERTEX_POINT('',#3856);
#725=VERTEX_POINT('',#3857);
#726=VERTEX_POINT('',#3859);
#727=VERTEX_POINT('',#3861);
#728=VERTEX_POINT('',#4062);
#729=VERTEX_POINT('',#4068);
#730=VERTEX_POINT('',#4093);
#731=VERTEX_POINT('',#4134);
#732=VERTEX_POINT('',#4164);
#733=VERTEX_POINT('',#4300);
#734=VERTEX_POINT('',#4301);
#735=VERTEX_POINT('',#4303);
#736=VERTEX_POINT('',#4305);
#737=VERTEX_POINT('',#4344);
#738=VERTEX_POINT('',#4346);
#739=VERTEX_POINT('',#4350);
#740=VERTEX_POINT('',#4354);
#741=VERTEX_POINT('',#4374);
#742=VERTEX_POINT('',#4375);
#743=VERTEX_POINT('',#4380);
#744=VERTEX_POINT('',#4384);
#745=VERTEX_POINT('',#4388);
#746=VERTEX_POINT('',#4407);
#747=VERTEX_POINT('',#4409);
#748=VERTEX_POINT('',#4414);
#749=VERTEX_POINT('',#4416);
#750=VERTEX_POINT('',#4558);
#751=VERTEX_POINT('',#4589);
#752=VERTEX_POINT('',#4628);
#753=VERTEX_POINT('',#4638);
#754=VERTEX_POINT('',#4643);
#755=VERTEX_POINT('',#4645);
#756=VERTEX_POINT('',#4647);
#757=VERTEX_POINT('',#4654);
#758=VERTEX_POINT('',#4655);
#759=VERTEX_POINT('',#4660);
#760=VERTEX_POINT('',#4695);
#761=VERTEX_POINT('',#4753);
#762=VERTEX_POINT('',#4759);
#763=VERTEX_POINT('',#4767);
#764=VERTEX_POINT('',#4773);
#765=VERTEX_POINT('',#4775);
#766=VERTEX_POINT('',#4779);
#767=VERTEX_POINT('',#4881);
#768=VERTEX_POINT('',#4909);
#769=EDGE_CURVE('',#602,#603,#573,.F.);
#770=EDGE_CURVE('',#604,#602,#539,.F.);
#771=EDGE_CURVE('',#605,#604,#574,.F.);
#772=EDGE_CURVE('',#605,#606,#441,.T.);
#773=EDGE_CURVE('',#607,#606,#575,.T.);
#774=EDGE_CURVE('',#607,#608,#540,.T.);
#775=EDGE_CURVE('',#609,#608,#576,.T.);
#776=EDGE_CURVE('',#609,#610,#442,.T.);
#777=EDGE_CURVE('',#610,#611,#443,.T.);
#778=EDGE_CURVE('',#611,#603,#444,.T.);
#779=EDGE_CURVE('',#612,#612,#541,.T.);
#780=EDGE_CURVE('',#612,#613,#98,.T.);
#781=EDGE_CURVE('',#613,#614,#445,.T.);
#782=EDGE_CURVE('',#614,#613,#446,.T.);
#783=EDGE_CURVE('',#615,#616,#447,.F.);
#784=EDGE_CURVE('',#617,#616,#448,.T.);
#785=EDGE_CURVE('',#618,#617,#449,.F.);
#786=EDGE_CURVE('',#618,#619,#450,.T.);
#787=EDGE_CURVE('',#619,#620,#451,.T.);
#788=EDGE_CURVE('',#620,#615,#452,.T.);
#789=EDGE_CURVE('',#621,#622,#577,.T.);
#790=EDGE_CURVE('',#623,#621,#542,.T.);
#791=EDGE_CURVE('',#624,#623,#578,.T.);
#792=EDGE_CURVE('',#622,#624,#543,.T.);
#793=EDGE_CURVE('',#625,#623,#99,.F.);
#794=EDGE_CURVE('',#625,#626,#100,.T.);
#795=EDGE_CURVE('',#626,#627,#453,.T.);
#796=EDGE_CURVE('',#627,#609,#454,.T.);
#797=EDGE_CURVE('',#628,#608,#101,.F.);
#798=EDGE_CURVE('',#628,#624,#21,.T.);
#799=EDGE_CURVE('',#628,#629,#544,.T.);
#800=EDGE_CURVE('',#622,#629,#22,.T.);
#801=EDGE_CURVE('',#630,#631,#579,.T.);
#802=EDGE_CURVE('',#632,#630,#545,.T.);
#803=EDGE_CURVE('',#633,#632,#580,.T.);
#804=EDGE_CURVE('',#631,#633,#546,.T.);
#805=EDGE_CURVE('',#631,#634,#23,.T.);
#806=EDGE_CURVE('',#634,#607,#102,.F.);
#807=EDGE_CURVE('',#606,#635,#455,.T.);
#808=EDGE_CURVE('',#635,#636,#456,.T.);
#809=EDGE_CURVE('',#636,#637,#103,.T.);
#810=EDGE_CURVE('',#630,#637,#104,.F.);
#811=EDGE_CURVE('',#637,#638,#105,.T.);
#812=EDGE_CURVE('',#638,#632,#106,.F.);
#813=EDGE_CURVE('',#639,#633,#24,.T.);
#814=EDGE_CURVE('',#639,#634,#547,.T.);
#815=EDGE_CURVE('',#640,#641,#581,.T.);
#816=EDGE_CURVE('',#640,#642,#457,.T.);
#817=EDGE_CURVE('',#643,#642,#582,.F.);
#818=EDGE_CURVE('',#643,#644,#548,.F.);
#819=EDGE_CURVE('',#644,#645,#458,.T.);
#820=EDGE_CURVE('',#645,#641,#549,.T.);
#821=EDGE_CURVE('',#638,#646,#107,.T.);
#822=EDGE_CURVE('',#646,#647,#459,.T.);
#823=EDGE_CURVE('',#647,#640,#460,.T.);
#824=EDGE_CURVE('',#639,#641,#108,.F.);
#825=EDGE_CURVE('',#648,#636,#461,.F.);
#826=EDGE_CURVE('',#648,#649,#462,.T.);
#827=EDGE_CURVE('',#649,#650,#109,.F.);
#828=EDGE_CURVE('',#650,#651,#110,.F.);
#829=EDGE_CURVE('',#651,#652,#111,.F.);
#830=EDGE_CURVE('',#652,#653,#112,.F.);
#831=EDGE_CURVE('',#654,#653,#113,.T.);
#832=EDGE_CURVE('',#654,#655,#463,.T.);
#833=EDGE_CURVE('',#646,#655,#464,.F.);
#834=EDGE_CURVE('',#655,#647,#465,.T.);
#835=EDGE_CURVE('',#656,#654,#466,.T.);
#836=EDGE_CURVE('',#657,#656,#467,.T.);
#837=EDGE_CURVE('',#642,#657,#468,.T.);
#838=EDGE_CURVE('',#658,#605,#469,.T.);
#839=EDGE_CURVE('',#659,#658,#470,.T.);
#840=EDGE_CURVE('',#649,#659,#471,.T.);
#841=EDGE_CURVE('',#635,#648,#472,.T.);
#842=EDGE_CURVE('',#629,#660,#114,.F.);
#843=EDGE_CURVE('',#660,#661,#583,.T.);
#844=EDGE_CURVE('',#661,#662,#473,.T.);
#845=EDGE_CURVE('',#663,#662,#474,.T.);
#846=EDGE_CURVE('',#663,#664,#115,.T.);
#847=EDGE_CURVE('',#621,#664,#116,.F.);
#848=EDGE_CURVE('',#664,#625,#117,.T.);
#849=EDGE_CURVE('',#663,#665,#475,.T.);
#850=EDGE_CURVE('',#665,#666,#118,.F.);
#851=EDGE_CURVE('',#666,#667,#119,.F.);
#852=EDGE_CURVE('',#667,#668,#120,.F.);
#853=EDGE_CURVE('',#668,#669,#121,.F.);
#854=EDGE_CURVE('',#670,#669,#122,.T.);
#855=EDGE_CURVE('',#670,#671,#476,.T.);
#856=EDGE_CURVE('',#671,#626,#477,.T.);
#857=EDGE_CURVE('',#660,#672,#550,.T.);
#858=EDGE_CURVE('',#672,#673,#478,.T.);
#859=EDGE_CURVE('',#673,#674,#551,.F.);
#860=EDGE_CURVE('',#675,#674,#584,.F.);
#861=EDGE_CURVE('',#675,#676,#479,.T.);
#862=EDGE_CURVE('',#676,#677,#480,.T.);
#863=EDGE_CURVE('',#677,#678,#481,.T.);
#864=EDGE_CURVE('',#678,#661,#482,.T.);
#865=EDGE_CURVE('',#671,#679,#483,.T.);
#866=EDGE_CURVE('',#679,#680,#484,.T.);
#867=EDGE_CURVE('',#680,#627,#485,.T.);
#868=EDGE_CURVE('',#678,#681,#486,.T.);
#869=EDGE_CURVE('',#662,#681,#487,.T.);
#870=EDGE_CURVE('',#682,#683,#488,.T.);
#871=EDGE_CURVE('',#684,#682,#489,.T.);
#872=EDGE_CURVE('',#685,#684,#490,.F.);
#873=EDGE_CURVE('',#683,#685,#491,.T.);
#874=EDGE_CURVE('',#686,#682,#123,.F.);
#875=EDGE_CURVE('',#687,#686,#585,.T.);
#876=EDGE_CURVE('',#687,#688,#492,.F.);
#877=EDGE_CURVE('',#688,#675,#493,.T.);
#878=EDGE_CURVE('',#674,#684,#124,.F.);
#879=EDGE_CURVE('',#689,#690,#494,.T.);
#880=EDGE_CURVE('',#691,#689,#495,.T.);
#881=EDGE_CURVE('',#692,#691,#496,.F.);
#882=EDGE_CURVE('',#690,#692,#497,.T.);
#883=EDGE_CURVE('',#691,#685,#552,.T.);
#884=EDGE_CURVE('',#683,#689,#553,.F.);
#885=EDGE_CURVE('',#692,#643,#125,.F.);
#886=EDGE_CURVE('',#693,#657,#498,.T.);
#887=EDGE_CURVE('',#694,#693,#586,.T.);
#888=EDGE_CURVE('',#694,#690,#126,.F.);
#889=EDGE_CURVE('',#695,#672,#499,.T.);
#890=EDGE_CURVE('',#696,#695,#500,.T.);
#891=EDGE_CURVE('',#673,#696,#501,.F.);
#892=EDGE_CURVE('',#645,#697,#502,.T.);
#893=EDGE_CURVE('',#698,#697,#554,.T.);
#894=EDGE_CURVE('',#699,#698,#555,.F.);
#895=EDGE_CURVE('',#700,#699,#127,.T.);
#896=EDGE_CURVE('',#700,#701,#128,.F.);
#897=EDGE_CURVE('',#701,#702,#129,.F.);
#898=EDGE_CURVE('',#703,#702,#556,.F.);
#899=EDGE_CURVE('',#704,#703,#557,.F.);
#900=EDGE_CURVE('',#705,#704,#130,.T.);
#901=EDGE_CURVE('',#706,#705,#131,.T.);
#902=EDGE_CURVE('',#706,#707,#132,.F.);
#903=EDGE_CURVE('',#708,#707,#558,.F.);
#904=EDGE_CURVE('',#709,#708,#133,.T.);
#905=EDGE_CURVE('',#709,#710,#134,.T.);
#906=EDGE_CURVE('',#710,#711,#135,.F.);
#907=EDGE_CURVE('',#712,#711,#559,.F.);
#908=EDGE_CURVE('',#695,#712,#560,.T.);
#909=EDGE_CURVE('',#713,#644,#503,.F.);
#910=EDGE_CURVE('',#697,#713,#504,.T.);
#911=EDGE_CURVE('',#696,#714,#561,.T.);
#912=EDGE_CURVE('',#714,#715,#562,.T.);
#913=EDGE_CURVE('',#715,#713,#563,.T.);
#914=EDGE_CURVE('',#686,#694,#564,.T.);
#915=EDGE_CURVE('',#712,#714,#505,.T.);
#916=EDGE_CURVE('',#715,#698,#506,.T.);
#917=EDGE_CURVE('',#716,#717,#507,.T.);
#918=EDGE_CURVE('',#717,#718,#508,.T.);
#919=EDGE_CURVE('',#718,#719,#509,.T.);
#920=EDGE_CURVE('',#719,#716,#587,.T.);
#921=EDGE_CURVE('',#720,#721,#565,.T.);
#922=EDGE_CURVE('',#722,#721,#136,.F.);
#923=EDGE_CURVE('',#723,#722,#137,.T.);
#924=EDGE_CURVE('',#720,#723,#138,.F.);
#925=EDGE_CURVE('',#724,#725,#566,.T.);
#926=EDGE_CURVE('',#726,#725,#139,.F.);
#927=EDGE_CURVE('',#727,#726,#140,.F.);
#928=EDGE_CURVE('',#724,#727,#141,.F.);
#929=EDGE_CURVE('',#719,#728,#510,.T.);
#930=EDGE_CURVE('',#729,#728,#588,.T.);
#931=EDGE_CURVE('',#730,#729,#589,.T.);
#932=EDGE_CURVE('',#730,#716,#511,.T.);
#933=EDGE_CURVE('',#718,#731,#512,.T.);
#934=EDGE_CURVE('',#728,#731,#513,.T.);
#935=EDGE_CURVE('',#717,#732,#514,.T.);
#936=EDGE_CURVE('',#731,#732,#515,.T.);
#937=EDGE_CURVE('',#732,#730,#516,.T.);
#938=EDGE_CURVE('',#733,#734,#567,.T.);
#939=EDGE_CURVE('',#735,#734,#142,.F.);
#940=EDGE_CURVE('',#736,#735,#143,.F.);
#941=EDGE_CURVE('',#733,#736,#144,.F.);
#942=EDGE_CURVE('',#704,#724,#590,.T.);
#943=EDGE_CURVE('',#705,#727,#145,.T.);
#944=EDGE_CURVE('',#706,#726,#146,.T.);
#945=EDGE_CURVE('',#725,#707,#591,.T.);
#946=EDGE_CURVE('',#708,#720,#592,.T.);
#947=EDGE_CURVE('',#709,#723,#147,.F.);
#948=EDGE_CURVE('',#710,#722,#148,.T.);
#949=EDGE_CURVE('',#721,#711,#593,.T.);
#950=EDGE_CURVE('',#729,#703,#149,.T.);
#951=EDGE_CURVE('',#734,#702,#594,.T.);
#952=EDGE_CURVE('',#699,#733,#595,.T.);
#953=EDGE_CURVE('',#700,#736,#150,.F.);
#954=EDGE_CURVE('',#701,#735,#151,.F.);
#955=EDGE_CURVE('',#737,#666,#152,.T.);
#956=EDGE_CURVE('',#738,#737,#153,.T.);
#957=EDGE_CURVE('',#667,#738,#154,.T.);
#958=EDGE_CURVE('',#739,#738,#155,.F.);
#959=EDGE_CURVE('',#739,#668,#156,.T.);
#960=EDGE_CURVE('',#740,#739,#157,.T.);
#961=EDGE_CURVE('',#669,#740,#158,.T.);
#962=EDGE_CURVE('',#741,#742,#159,.T.);
#963=EDGE_CURVE('',#653,#741,#160,.T.);
#964=EDGE_CURVE('',#742,#652,#161,.T.);
#965=EDGE_CURVE('',#651,#743,#162,.T.);
#966=EDGE_CURVE('',#742,#743,#163,.F.);
#967=EDGE_CURVE('',#744,#650,#164,.T.);
#968=EDGE_CURVE('',#743,#744,#165,.T.);
#969=EDGE_CURVE('',#745,#659,#517,.T.);
#970=EDGE_CURVE('',#745,#744,#166,.F.);
#971=EDGE_CURVE('',#620,#740,#167,.T.);
#972=EDGE_CURVE('',#619,#670,#518,.T.);
#973=EDGE_CURVE('',#746,#737,#168,.F.);
#974=EDGE_CURVE('',#746,#747,#519,.T.);
#975=EDGE_CURVE('',#747,#748,#169,.T.);
#976=EDGE_CURVE('',#748,#749,#170,.T.);
#977=EDGE_CURVE('',#749,#615,#171,.T.);
#978=EDGE_CURVE('',#665,#746,#520,.T.);
#979=EDGE_CURVE('',#603,#618,#521,.T.);
#980=EDGE_CURVE('',#679,#611,#522,.T.);
#981=EDGE_CURVE('',#610,#680,#523,.T.);
#982=EDGE_CURVE('',#681,#750,#524,.T.);
#983=EDGE_CURVE('',#677,#750,#525,.T.);
#984=EDGE_CURVE('',#676,#751,#526,.T.);
#985=EDGE_CURVE('',#750,#751,#527,.T.);
#986=EDGE_CURVE('',#751,#688,#528,.T.);
#987=EDGE_CURVE('',#752,#741,#172,.F.);
#988=EDGE_CURVE('',#656,#752,#529,.T.);
#989=EDGE_CURVE('',#753,#745,#530,.T.);
#990=EDGE_CURVE('',#753,#754,#173,.T.);
#991=EDGE_CURVE('',#754,#755,#174,.T.);
#992=EDGE_CURVE('',#755,#756,#175,.T.);
#993=EDGE_CURVE('',#752,#756,#531,.T.);
#994=EDGE_CURVE('',#757,#758,#568,.T.);
#995=EDGE_CURVE('',#757,#755,#176,.F.);
#996=EDGE_CURVE('',#754,#758,#177,.F.);
#997=EDGE_CURVE('',#758,#759,#596,.T.);
#998=EDGE_CURVE('',#759,#753,#532,.T.);
#999=EDGE_CURVE('',#759,#760,#533,.F.);
#1000=EDGE_CURVE('',#658,#760,#534,.T.);
#1001=EDGE_CURVE('',#761,#604,#178,.F.);
#1002=EDGE_CURVE('',#760,#761,#597,.T.);
#1003=EDGE_CURVE('',#761,#762,#569,.T.);
#1004=EDGE_CURVE('',#602,#762,#179,.F.);
#1005=EDGE_CURVE('',#762,#617,#598,.T.);
#1006=EDGE_CURVE('',#616,#763,#599,.T.);
#1007=EDGE_CURVE('',#763,#749,#180,.F.);
#1008=EDGE_CURVE('',#763,#764,#570,.T.);
#1009=EDGE_CURVE('',#765,#748,#181,.F.);
#1010=EDGE_CURVE('',#764,#765,#571,.T.);
#1011=EDGE_CURVE('',#765,#766,#600,.T.);
#1012=EDGE_CURVE('',#747,#766,#535,.T.);
#1013=EDGE_CURVE('',#766,#687,#536,.T.);
#1014=EDGE_CURVE('',#693,#767,#537,.F.);
#1015=EDGE_CURVE('',#767,#756,#538,.T.);
#1016=EDGE_CURVE('',#767,#757,#601,.T.);
#1017=EDGE_CURVE('',#764,#768,#182,.T.);
#1018=EDGE_CURVE('',#768,#768,#572,.T.);
#1019=ORIENTED_EDGE('',*,*,#769,.F.);
#1020=ORIENTED_EDGE('',*,*,#770,.F.);
#1021=ORIENTED_EDGE('',*,*,#771,.F.);
#1022=ORIENTED_EDGE('',*,*,#772,.T.);
#1023=ORIENTED_EDGE('',*,*,#773,.F.);
#1024=ORIENTED_EDGE('',*,*,#774,.T.);
#1025=ORIENTED_EDGE('',*,*,#775,.F.);
#1026=ORIENTED_EDGE('',*,*,#776,.T.);
#1027=ORIENTED_EDGE('',*,*,#777,.T.);
#1028=ORIENTED_EDGE('',*,*,#778,.T.);
#1029=ORIENTED_EDGE('',*,*,#779,.T.);
#1030=ORIENTED_EDGE('',*,*,#780,.T.);
#1031=ORIENTED_EDGE('',*,*,#781,.T.);
#1032=ORIENTED_EDGE('',*,*,#782,.T.);
#1033=ORIENTED_EDGE('',*,*,#780,.F.);
#1034=ORIENTED_EDGE('',*,*,#783,.T.);
#1035=ORIENTED_EDGE('',*,*,#784,.F.);
#1036=ORIENTED_EDGE('',*,*,#785,.F.);
#1037=ORIENTED_EDGE('',*,*,#786,.T.);
#1038=ORIENTED_EDGE('',*,*,#787,.T.);
#1039=ORIENTED_EDGE('',*,*,#788,.T.);
#1040=ORIENTED_EDGE('',*,*,#789,.F.);
#1041=ORIENTED_EDGE('',*,*,#790,.F.);
#1042=ORIENTED_EDGE('',*,*,#791,.F.);
#1043=ORIENTED_EDGE('',*,*,#792,.F.);
#1044=ORIENTED_EDGE('',*,*,#791,.T.);
#1045=ORIENTED_EDGE('',*,*,#793,.F.);
#1046=ORIENTED_EDGE('',*,*,#794,.T.);
#1047=ORIENTED_EDGE('',*,*,#795,.T.);
#1048=ORIENTED_EDGE('',*,*,#796,.T.);
#1049=ORIENTED_EDGE('',*,*,#775,.T.);
#1050=ORIENTED_EDGE('',*,*,#797,.F.);
#1051=ORIENTED_EDGE('',*,*,#798,.T.);
#1052=ORIENTED_EDGE('',*,*,#792,.T.);
#1053=ORIENTED_EDGE('',*,*,#798,.F.);
#1054=ORIENTED_EDGE('',*,*,#799,.T.);
#1055=ORIENTED_EDGE('',*,*,#800,.F.);
#1056=ORIENTED_EDGE('',*,*,#801,.F.);
#1057=ORIENTED_EDGE('',*,*,#802,.F.);
#1058=ORIENTED_EDGE('',*,*,#803,.F.);
#1059=ORIENTED_EDGE('',*,*,#804,.F.);
#1060=ORIENTED_EDGE('',*,*,#801,.T.);
#1061=ORIENTED_EDGE('',*,*,#805,.T.);
#1062=ORIENTED_EDGE('',*,*,#806,.T.);
#1063=ORIENTED_EDGE('',*,*,#773,.T.);
#1064=ORIENTED_EDGE('',*,*,#807,.T.);
#1065=ORIENTED_EDGE('',*,*,#808,.T.);
#1066=ORIENTED_EDGE('',*,*,#809,.T.);
#1067=ORIENTED_EDGE('',*,*,#810,.F.);
#1068=ORIENTED_EDGE('',*,*,#802,.T.);
#1069=ORIENTED_EDGE('',*,*,#810,.T.);
#1070=ORIENTED_EDGE('',*,*,#811,.T.);
#1071=ORIENTED_EDGE('',*,*,#812,.T.);
#1072=ORIENTED_EDGE('',*,*,#804,.T.);
#1073=ORIENTED_EDGE('',*,*,#813,.F.);
#1074=ORIENTED_EDGE('',*,*,#814,.T.);
#1075=ORIENTED_EDGE('',*,*,#805,.F.);
#1076=ORIENTED_EDGE('',*,*,#815,.F.);
#1077=ORIENTED_EDGE('',*,*,#816,.T.);
#1078=ORIENTED_EDGE('',*,*,#817,.F.);
#1079=ORIENTED_EDGE('',*,*,#818,.T.);
#1080=ORIENTED_EDGE('',*,*,#819,.T.);
#1081=ORIENTED_EDGE('',*,*,#820,.T.);
#1082=ORIENTED_EDGE('',*,*,#803,.T.);
#1083=ORIENTED_EDGE('',*,*,#812,.F.);
#1084=ORIENTED_EDGE('',*,*,#821,.T.);
#1085=ORIENTED_EDGE('',*,*,#822,.T.);
#1086=ORIENTED_EDGE('',*,*,#823,.T.);
#1087=ORIENTED_EDGE('',*,*,#815,.T.);
#1088=ORIENTED_EDGE('',*,*,#824,.F.);
#1089=ORIENTED_EDGE('',*,*,#813,.T.);
#1090=ORIENTED_EDGE('',*,*,#809,.F.);
#1091=ORIENTED_EDGE('',*,*,#825,.F.);
#1092=ORIENTED_EDGE('',*,*,#826,.T.);
#1093=ORIENTED_EDGE('',*,*,#827,.T.);
#1094=ORIENTED_EDGE('',*,*,#828,.T.);
#1095=ORIENTED_EDGE('',*,*,#829,.T.);
#1096=ORIENTED_EDGE('',*,*,#830,.T.);
#1097=ORIENTED_EDGE('',*,*,#831,.F.);
#1098=ORIENTED_EDGE('',*,*,#832,.T.);
#1099=ORIENTED_EDGE('',*,*,#833,.F.);
#1100=ORIENTED_EDGE('',*,*,#821,.F.);
#1101=ORIENTED_EDGE('',*,*,#811,.F.);
#1102=ORIENTED_EDGE('',*,*,#823,.F.);
#1103=ORIENTED_EDGE('',*,*,#834,.F.);
#1104=ORIENTED_EDGE('',*,*,#832,.F.);
#1105=ORIENTED_EDGE('',*,*,#835,.F.);
#1106=ORIENTED_EDGE('',*,*,#836,.F.);
#1107=ORIENTED_EDGE('',*,*,#837,.F.);
#1108=ORIENTED_EDGE('',*,*,#816,.F.);
#1109=ORIENTED_EDGE('',*,*,#807,.F.);
#1110=ORIENTED_EDGE('',*,*,#772,.F.);
#1111=ORIENTED_EDGE('',*,*,#838,.F.);
#1112=ORIENTED_EDGE('',*,*,#839,.F.);
#1113=ORIENTED_EDGE('',*,*,#840,.F.);
#1114=ORIENTED_EDGE('',*,*,#826,.F.);
#1115=ORIENTED_EDGE('',*,*,#841,.F.);
#1116=ORIENTED_EDGE('',*,*,#822,.F.);
#1117=ORIENTED_EDGE('',*,*,#833,.T.);
#1118=ORIENTED_EDGE('',*,*,#834,.T.);
#1119=ORIENTED_EDGE('',*,*,#789,.T.);
#1120=ORIENTED_EDGE('',*,*,#800,.T.);
#1121=ORIENTED_EDGE('',*,*,#842,.T.);
#1122=ORIENTED_EDGE('',*,*,#843,.T.);
#1123=ORIENTED_EDGE('',*,*,#844,.T.);
#1124=ORIENTED_EDGE('',*,*,#845,.F.);
#1125=ORIENTED_EDGE('',*,*,#846,.T.);
#1126=ORIENTED_EDGE('',*,*,#847,.F.);
#1127=ORIENTED_EDGE('',*,*,#790,.T.);
#1128=ORIENTED_EDGE('',*,*,#847,.T.);
#1129=ORIENTED_EDGE('',*,*,#848,.T.);
#1130=ORIENTED_EDGE('',*,*,#793,.T.);
#1131=ORIENTED_EDGE('',*,*,#846,.F.);
#1132=ORIENTED_EDGE('',*,*,#849,.T.);
#1133=ORIENTED_EDGE('',*,*,#850,.T.);
#1134=ORIENTED_EDGE('',*,*,#851,.T.);
#1135=ORIENTED_EDGE('',*,*,#852,.T.);
#1136=ORIENTED_EDGE('',*,*,#853,.T.);
#1137=ORIENTED_EDGE('',*,*,#854,.F.);
#1138=ORIENTED_EDGE('',*,*,#855,.T.);
#1139=ORIENTED_EDGE('',*,*,#856,.T.);
#1140=ORIENTED_EDGE('',*,*,#794,.F.);
#1141=ORIENTED_EDGE('',*,*,#848,.F.);
#1142=ORIENTED_EDGE('',*,*,#857,.T.);
#1143=ORIENTED_EDGE('',*,*,#858,.T.);
#1144=ORIENTED_EDGE('',*,*,#859,.T.);
#1145=ORIENTED_EDGE('',*,*,#860,.F.);
#1146=ORIENTED_EDGE('',*,*,#861,.T.);
#1147=ORIENTED_EDGE('',*,*,#862,.T.);
#1148=ORIENTED_EDGE('',*,*,#863,.T.);
#1149=ORIENTED_EDGE('',*,*,#864,.T.);
#1150=ORIENTED_EDGE('',*,*,#843,.F.);
#1151=ORIENTED_EDGE('',*,*,#795,.F.);
#1152=ORIENTED_EDGE('',*,*,#856,.F.);
#1153=ORIENTED_EDGE('',*,*,#865,.T.);
#1154=ORIENTED_EDGE('',*,*,#866,.T.);
#1155=ORIENTED_EDGE('',*,*,#867,.T.);
#1156=ORIENTED_EDGE('',*,*,#844,.F.);
#1157=ORIENTED_EDGE('',*,*,#864,.F.);
#1158=ORIENTED_EDGE('',*,*,#868,.T.);
#1159=ORIENTED_EDGE('',*,*,#869,.F.);
#1160=ORIENTED_EDGE('',*,*,#870,.F.);
#1161=ORIENTED_EDGE('',*,*,#871,.F.);
#1162=ORIENTED_EDGE('',*,*,#872,.F.);
#1163=ORIENTED_EDGE('',*,*,#873,.F.);
#1164=ORIENTED_EDGE('',*,*,#871,.T.);
#1165=ORIENTED_EDGE('',*,*,#874,.F.);
#1166=ORIENTED_EDGE('',*,*,#875,.F.);
#1167=ORIENTED_EDGE('',*,*,#876,.T.);
#1168=ORIENTED_EDGE('',*,*,#877,.T.);
#1169=ORIENTED_EDGE('',*,*,#860,.T.);
#1170=ORIENTED_EDGE('',*,*,#878,.T.);
#1171=ORIENTED_EDGE('',*,*,#879,.F.);
#1172=ORIENTED_EDGE('',*,*,#880,.F.);
#1173=ORIENTED_EDGE('',*,*,#881,.F.);
#1174=ORIENTED_EDGE('',*,*,#882,.F.);
#1175=ORIENTED_EDGE('',*,*,#873,.T.);
#1176=ORIENTED_EDGE('',*,*,#883,.F.);
#1177=ORIENTED_EDGE('',*,*,#880,.T.);
#1178=ORIENTED_EDGE('',*,*,#884,.F.);
#1179=ORIENTED_EDGE('',*,*,#882,.T.);
#1180=ORIENTED_EDGE('',*,*,#885,.T.);
#1181=ORIENTED_EDGE('',*,*,#817,.T.);
#1182=ORIENTED_EDGE('',*,*,#837,.T.);
#1183=ORIENTED_EDGE('',*,*,#886,.F.);
#1184=ORIENTED_EDGE('',*,*,#887,.F.);
#1185=ORIENTED_EDGE('',*,*,#888,.T.);
#1186=ORIENTED_EDGE('',*,*,#889,.F.);
#1187=ORIENTED_EDGE('',*,*,#890,.F.);
#1188=ORIENTED_EDGE('',*,*,#891,.F.);
#1189=ORIENTED_EDGE('',*,*,#858,.F.);
#1190=ORIENTED_EDGE('',*,*,#889,.T.);
#1191=ORIENTED_EDGE('',*,*,#857,.F.);
#1192=ORIENTED_EDGE('',*,*,#842,.F.);
#1193=ORIENTED_EDGE('',*,*,#799,.F.);
#1194=ORIENTED_EDGE('',*,*,#797,.T.);
#1195=ORIENTED_EDGE('',*,*,#774,.F.);
#1196=ORIENTED_EDGE('',*,*,#806,.F.);
#1197=ORIENTED_EDGE('',*,*,#814,.F.);
#1198=ORIENTED_EDGE('',*,*,#824,.T.);
#1199=ORIENTED_EDGE('',*,*,#820,.F.);
#1200=ORIENTED_EDGE('',*,*,#892,.T.);
#1201=ORIENTED_EDGE('',*,*,#893,.F.);
#1202=ORIENTED_EDGE('',*,*,#894,.F.);
#1203=ORIENTED_EDGE('',*,*,#895,.F.);
#1204=ORIENTED_EDGE('',*,*,#896,.T.);
#1205=ORIENTED_EDGE('',*,*,#897,.T.);
#1206=ORIENTED_EDGE('',*,*,#898,.F.);
#1207=ORIENTED_EDGE('',*,*,#899,.F.);
#1208=ORIENTED_EDGE('',*,*,#900,.F.);
#1209=ORIENTED_EDGE('',*,*,#901,.F.);
#1210=ORIENTED_EDGE('',*,*,#902,.T.);
#1211=ORIENTED_EDGE('',*,*,#903,.F.);
#1212=ORIENTED_EDGE('',*,*,#904,.F.);
#1213=ORIENTED_EDGE('',*,*,#905,.T.);
#1214=ORIENTED_EDGE('',*,*,#906,.T.);
#1215=ORIENTED_EDGE('',*,*,#907,.F.);
#1216=ORIENTED_EDGE('',*,*,#908,.F.);
#1217=ORIENTED_EDGE('',*,*,#892,.F.);
#1218=ORIENTED_EDGE('',*,*,#819,.F.);
#1219=ORIENTED_EDGE('',*,*,#909,.F.);
#1220=ORIENTED_EDGE('',*,*,#910,.F.);
#1221=ORIENTED_EDGE('',*,*,#885,.F.);
#1222=ORIENTED_EDGE('',*,*,#881,.T.);
#1223=ORIENTED_EDGE('',*,*,#883,.T.);
#1224=ORIENTED_EDGE('',*,*,#872,.T.);
#1225=ORIENTED_EDGE('',*,*,#878,.F.);
#1226=ORIENTED_EDGE('',*,*,#859,.F.);
#1227=ORIENTED_EDGE('',*,*,#891,.T.);
#1228=ORIENTED_EDGE('',*,*,#911,.T.);
#1229=ORIENTED_EDGE('',*,*,#912,.T.);
#1230=ORIENTED_EDGE('',*,*,#913,.T.);
#1231=ORIENTED_EDGE('',*,*,#909,.T.);
#1232=ORIENTED_EDGE('',*,*,#818,.F.);
#1233=ORIENTED_EDGE('',*,*,#870,.T.);
#1234=ORIENTED_EDGE('',*,*,#884,.T.);
#1235=ORIENTED_EDGE('',*,*,#879,.T.);
#1236=ORIENTED_EDGE('',*,*,#888,.F.);
#1237=ORIENTED_EDGE('',*,*,#914,.F.);
#1238=ORIENTED_EDGE('',*,*,#874,.T.);
#1239=ORIENTED_EDGE('',*,*,#890,.T.);
#1240=ORIENTED_EDGE('',*,*,#908,.T.);
#1241=ORIENTED_EDGE('',*,*,#915,.T.);
#1242=ORIENTED_EDGE('',*,*,#911,.F.);
#1243=ORIENTED_EDGE('',*,*,#910,.T.);
#1244=ORIENTED_EDGE('',*,*,#913,.F.);
#1245=ORIENTED_EDGE('',*,*,#916,.T.);
#1246=ORIENTED_EDGE('',*,*,#893,.T.);
#1247=ORIENTED_EDGE('',*,*,#917,.T.);
#1248=ORIENTED_EDGE('',*,*,#918,.T.);
#1249=ORIENTED_EDGE('',*,*,#919,.T.);
#1250=ORIENTED_EDGE('',*,*,#920,.T.);
#1251=ORIENTED_EDGE('',*,*,#921,.T.);
#1252=ORIENTED_EDGE('',*,*,#922,.F.);
#1253=ORIENTED_EDGE('',*,*,#923,.F.);
#1254=ORIENTED_EDGE('',*,*,#924,.F.);
#1255=ORIENTED_EDGE('',*,*,#925,.T.);
#1256=ORIENTED_EDGE('',*,*,#926,.F.);
#1257=ORIENTED_EDGE('',*,*,#927,.F.);
#1258=ORIENTED_EDGE('',*,*,#928,.F.);
#1259=ORIENTED_EDGE('',*,*,#929,.T.);
#1260=ORIENTED_EDGE('',*,*,#930,.F.);
#1261=ORIENTED_EDGE('',*,*,#931,.F.);
#1262=ORIENTED_EDGE('',*,*,#932,.T.);
#1263=ORIENTED_EDGE('',*,*,#920,.F.);
#1264=ORIENTED_EDGE('',*,*,#929,.F.);
#1265=ORIENTED_EDGE('',*,*,#919,.F.);
#1266=ORIENTED_EDGE('',*,*,#933,.T.);
#1267=ORIENTED_EDGE('',*,*,#934,.F.);
#1268=ORIENTED_EDGE('',*,*,#933,.F.);
#1269=ORIENTED_EDGE('',*,*,#918,.F.);
#1270=ORIENTED_EDGE('',*,*,#935,.T.);
#1271=ORIENTED_EDGE('',*,*,#936,.F.);
#1272=ORIENTED_EDGE('',*,*,#935,.F.);
#1273=ORIENTED_EDGE('',*,*,#917,.F.);
#1274=ORIENTED_EDGE('',*,*,#932,.F.);
#1275=ORIENTED_EDGE('',*,*,#937,.F.);
#1276=ORIENTED_EDGE('',*,*,#938,.T.);
#1277=ORIENTED_EDGE('',*,*,#939,.F.);
#1278=ORIENTED_EDGE('',*,*,#940,.F.);
#1279=ORIENTED_EDGE('',*,*,#941,.F.);
#1280=ORIENTED_EDGE('',*,*,#942,.T.);
#1281=ORIENTED_EDGE('',*,*,#928,.T.);
#1282=ORIENTED_EDGE('',*,*,#943,.F.);
#1283=ORIENTED_EDGE('',*,*,#900,.T.);
#1284=ORIENTED_EDGE('',*,*,#901,.T.);
#1285=ORIENTED_EDGE('',*,*,#943,.T.);
#1286=ORIENTED_EDGE('',*,*,#927,.T.);
#1287=ORIENTED_EDGE('',*,*,#944,.F.);
#1288=ORIENTED_EDGE('',*,*,#945,.T.);
#1289=ORIENTED_EDGE('',*,*,#902,.F.);
#1290=ORIENTED_EDGE('',*,*,#944,.T.);
#1291=ORIENTED_EDGE('',*,*,#926,.T.);
#1292=ORIENTED_EDGE('',*,*,#946,.T.);
#1293=ORIENTED_EDGE('',*,*,#924,.T.);
#1294=ORIENTED_EDGE('',*,*,#947,.F.);
#1295=ORIENTED_EDGE('',*,*,#904,.T.);
#1296=ORIENTED_EDGE('',*,*,#905,.F.);
#1297=ORIENTED_EDGE('',*,*,#947,.T.);
#1298=ORIENTED_EDGE('',*,*,#923,.T.);
#1299=ORIENTED_EDGE('',*,*,#948,.F.);
#1300=ORIENTED_EDGE('',*,*,#949,.T.);
#1301=ORIENTED_EDGE('',*,*,#906,.F.);
#1302=ORIENTED_EDGE('',*,*,#948,.T.);
#1303=ORIENTED_EDGE('',*,*,#922,.T.);
#1304=ORIENTED_EDGE('',*,*,#937,.T.);
#1305=ORIENTED_EDGE('',*,*,#931,.T.);
#1306=ORIENTED_EDGE('',*,*,#950,.T.);
#1307=ORIENTED_EDGE('',*,*,#898,.T.);
#1308=ORIENTED_EDGE('',*,*,#951,.F.);
#1309=ORIENTED_EDGE('',*,*,#938,.F.);
#1310=ORIENTED_EDGE('',*,*,#952,.F.);
#1311=ORIENTED_EDGE('',*,*,#894,.T.);
#1312=ORIENTED_EDGE('',*,*,#916,.F.);
#1313=ORIENTED_EDGE('',*,*,#912,.F.);
#1314=ORIENTED_EDGE('',*,*,#915,.F.);
#1315=ORIENTED_EDGE('',*,*,#907,.T.);
#1316=ORIENTED_EDGE('',*,*,#949,.F.);
#1317=ORIENTED_EDGE('',*,*,#921,.F.);
#1318=ORIENTED_EDGE('',*,*,#946,.F.);
#1319=ORIENTED_EDGE('',*,*,#903,.T.);
#1320=ORIENTED_EDGE('',*,*,#945,.F.);
#1321=ORIENTED_EDGE('',*,*,#925,.F.);
#1322=ORIENTED_EDGE('',*,*,#942,.F.);
#1323=ORIENTED_EDGE('',*,*,#899,.T.);
#1324=ORIENTED_EDGE('',*,*,#950,.F.);
#1325=ORIENTED_EDGE('',*,*,#930,.T.);
#1326=ORIENTED_EDGE('',*,*,#934,.T.);
#1327=ORIENTED_EDGE('',*,*,#936,.T.);
#1328=ORIENTED_EDGE('',*,*,#952,.T.);
#1329=ORIENTED_EDGE('',*,*,#941,.T.);
#1330=ORIENTED_EDGE('',*,*,#953,.F.);
#1331=ORIENTED_EDGE('',*,*,#895,.T.);
#1332=ORIENTED_EDGE('',*,*,#896,.F.);
#1333=ORIENTED_EDGE('',*,*,#953,.T.);
#1334=ORIENTED_EDGE('',*,*,#940,.T.);
#1335=ORIENTED_EDGE('',*,*,#954,.F.);
#1336=ORIENTED_EDGE('',*,*,#951,.T.);
#1337=ORIENTED_EDGE('',*,*,#897,.F.);
#1338=ORIENTED_EDGE('',*,*,#954,.T.);
#1339=ORIENTED_EDGE('',*,*,#939,.T.);
#1340=ORIENTED_EDGE('',*,*,#851,.F.);
#1341=ORIENTED_EDGE('',*,*,#955,.F.);
#1342=ORIENTED_EDGE('',*,*,#956,.F.);
#1343=ORIENTED_EDGE('',*,*,#957,.F.);
#1344=ORIENTED_EDGE('',*,*,#957,.T.);
#1345=ORIENTED_EDGE('',*,*,#958,.F.);
#1346=ORIENTED_EDGE('',*,*,#959,.T.);
#1347=ORIENTED_EDGE('',*,*,#852,.F.);
#1348=ORIENTED_EDGE('',*,*,#960,.F.);
#1349=ORIENTED_EDGE('',*,*,#961,.F.);
#1350=ORIENTED_EDGE('',*,*,#853,.F.);
#1351=ORIENTED_EDGE('',*,*,#959,.F.);
#1352=ORIENTED_EDGE('',*,*,#808,.F.);
#1353=ORIENTED_EDGE('',*,*,#841,.T.);
#1354=ORIENTED_EDGE('',*,*,#825,.T.);
#1355=ORIENTED_EDGE('',*,*,#962,.F.);
#1356=ORIENTED_EDGE('',*,*,#963,.F.);
#1357=ORIENTED_EDGE('',*,*,#830,.F.);
#1358=ORIENTED_EDGE('',*,*,#964,.F.);
#1359=ORIENTED_EDGE('',*,*,#965,.T.);
#1360=ORIENTED_EDGE('',*,*,#966,.F.);
#1361=ORIENTED_EDGE('',*,*,#964,.T.);
#1362=ORIENTED_EDGE('',*,*,#829,.F.);
#1363=ORIENTED_EDGE('',*,*,#828,.F.);
#1364=ORIENTED_EDGE('',*,*,#967,.F.);
#1365=ORIENTED_EDGE('',*,*,#968,.F.);
#1366=ORIENTED_EDGE('',*,*,#965,.F.);
#1367=ORIENTED_EDGE('',*,*,#967,.T.);
#1368=ORIENTED_EDGE('',*,*,#827,.F.);
#1369=ORIENTED_EDGE('',*,*,#840,.T.);
#1370=ORIENTED_EDGE('',*,*,#969,.F.);
#1371=ORIENTED_EDGE('',*,*,#970,.T.);
#1372=ORIENTED_EDGE('',*,*,#961,.T.);
#1373=ORIENTED_EDGE('',*,*,#971,.F.);
#1374=ORIENTED_EDGE('',*,*,#787,.F.);
#1375=ORIENTED_EDGE('',*,*,#972,.T.);
#1376=ORIENTED_EDGE('',*,*,#854,.T.);
#1377=ORIENTED_EDGE('',*,*,#956,.T.);
#1378=ORIENTED_EDGE('',*,*,#973,.F.);
#1379=ORIENTED_EDGE('',*,*,#974,.T.);
#1380=ORIENTED_EDGE('',*,*,#975,.T.);
#1381=ORIENTED_EDGE('',*,*,#976,.T.);
#1382=ORIENTED_EDGE('',*,*,#977,.T.);
#1383=ORIENTED_EDGE('',*,*,#788,.F.);
#1384=ORIENTED_EDGE('',*,*,#971,.T.);
#1385=ORIENTED_EDGE('',*,*,#960,.T.);
#1386=ORIENTED_EDGE('',*,*,#958,.T.);
#1387=ORIENTED_EDGE('',*,*,#850,.F.);
#1388=ORIENTED_EDGE('',*,*,#978,.T.);
#1389=ORIENTED_EDGE('',*,*,#973,.T.);
#1390=ORIENTED_EDGE('',*,*,#955,.T.);
#1391=ORIENTED_EDGE('',*,*,#972,.F.);
#1392=ORIENTED_EDGE('',*,*,#786,.F.);
#1393=ORIENTED_EDGE('',*,*,#979,.F.);
#1394=ORIENTED_EDGE('',*,*,#778,.F.);
#1395=ORIENTED_EDGE('',*,*,#980,.F.);
#1396=ORIENTED_EDGE('',*,*,#865,.F.);
#1397=ORIENTED_EDGE('',*,*,#855,.F.);
#1398=ORIENTED_EDGE('',*,*,#981,.T.);
#1399=ORIENTED_EDGE('',*,*,#866,.F.);
#1400=ORIENTED_EDGE('',*,*,#980,.T.);
#1401=ORIENTED_EDGE('',*,*,#777,.F.);
#1402=ORIENTED_EDGE('',*,*,#796,.F.);
#1403=ORIENTED_EDGE('',*,*,#867,.F.);
#1404=ORIENTED_EDGE('',*,*,#981,.F.);
#1405=ORIENTED_EDGE('',*,*,#776,.F.);
#1406=ORIENTED_EDGE('',*,*,#982,.F.);
#1407=ORIENTED_EDGE('',*,*,#868,.F.);
#1408=ORIENTED_EDGE('',*,*,#863,.F.);
#1409=ORIENTED_EDGE('',*,*,#983,.T.);
#1410=ORIENTED_EDGE('',*,*,#983,.F.);
#1411=ORIENTED_EDGE('',*,*,#862,.F.);
#1412=ORIENTED_EDGE('',*,*,#984,.T.);
#1413=ORIENTED_EDGE('',*,*,#985,.F.);
#1414=ORIENTED_EDGE('',*,*,#877,.F.);
#1415=ORIENTED_EDGE('',*,*,#986,.F.);
#1416=ORIENTED_EDGE('',*,*,#984,.F.);
#1417=ORIENTED_EDGE('',*,*,#861,.F.);
#1418=ORIENTED_EDGE('',*,*,#831,.T.);
#1419=ORIENTED_EDGE('',*,*,#963,.T.);
#1420=ORIENTED_EDGE('',*,*,#987,.F.);
#1421=ORIENTED_EDGE('',*,*,#988,.F.);
#1422=ORIENTED_EDGE('',*,*,#835,.T.);
#1423=ORIENTED_EDGE('',*,*,#968,.T.);
#1424=ORIENTED_EDGE('',*,*,#970,.F.);
#1425=ORIENTED_EDGE('',*,*,#989,.F.);
#1426=ORIENTED_EDGE('',*,*,#990,.T.);
#1427=ORIENTED_EDGE('',*,*,#991,.T.);
#1428=ORIENTED_EDGE('',*,*,#992,.T.);
#1429=ORIENTED_EDGE('',*,*,#993,.F.);
#1430=ORIENTED_EDGE('',*,*,#987,.T.);
#1431=ORIENTED_EDGE('',*,*,#962,.T.);
#1432=ORIENTED_EDGE('',*,*,#966,.T.);
#1433=ORIENTED_EDGE('',*,*,#994,.F.);
#1434=ORIENTED_EDGE('',*,*,#995,.T.);
#1435=ORIENTED_EDGE('',*,*,#991,.F.);
#1436=ORIENTED_EDGE('',*,*,#996,.T.);
#1437=ORIENTED_EDGE('',*,*,#997,.F.);
#1438=ORIENTED_EDGE('',*,*,#996,.F.);
#1439=ORIENTED_EDGE('',*,*,#990,.F.);
#1440=ORIENTED_EDGE('',*,*,#998,.F.);
#1441=ORIENTED_EDGE('',*,*,#999,.F.);
#1442=ORIENTED_EDGE('',*,*,#998,.T.);
#1443=ORIENTED_EDGE('',*,*,#989,.T.);
#1444=ORIENTED_EDGE('',*,*,#969,.T.);
#1445=ORIENTED_EDGE('',*,*,#839,.T.);
#1446=ORIENTED_EDGE('',*,*,#1000,.T.);
#1447=ORIENTED_EDGE('',*,*,#771,.T.);
#1448=ORIENTED_EDGE('',*,*,#1001,.F.);
#1449=ORIENTED_EDGE('',*,*,#1002,.F.);
#1450=ORIENTED_EDGE('',*,*,#1000,.F.);
#1451=ORIENTED_EDGE('',*,*,#838,.T.);
#1452=ORIENTED_EDGE('',*,*,#1003,.F.);
#1453=ORIENTED_EDGE('',*,*,#1001,.T.);
#1454=ORIENTED_EDGE('',*,*,#770,.T.);
#1455=ORIENTED_EDGE('',*,*,#1004,.T.);
#1456=ORIENTED_EDGE('',*,*,#1004,.F.);
#1457=ORIENTED_EDGE('',*,*,#769,.T.);
#1458=ORIENTED_EDGE('',*,*,#979,.T.);
#1459=ORIENTED_EDGE('',*,*,#785,.T.);
#1460=ORIENTED_EDGE('',*,*,#1005,.F.);
#1461=ORIENTED_EDGE('',*,*,#1006,.F.);
#1462=ORIENTED_EDGE('',*,*,#783,.F.);
#1463=ORIENTED_EDGE('',*,*,#977,.F.);
#1464=ORIENTED_EDGE('',*,*,#1007,.F.);
#1465=ORIENTED_EDGE('',*,*,#1008,.F.);
#1466=ORIENTED_EDGE('',*,*,#1007,.T.);
#1467=ORIENTED_EDGE('',*,*,#976,.F.);
#1468=ORIENTED_EDGE('',*,*,#1009,.F.);
#1469=ORIENTED_EDGE('',*,*,#1010,.F.);
#1470=ORIENTED_EDGE('',*,*,#1011,.F.);
#1471=ORIENTED_EDGE('',*,*,#1009,.T.);
#1472=ORIENTED_EDGE('',*,*,#975,.F.);
#1473=ORIENTED_EDGE('',*,*,#1012,.T.);
#1474=ORIENTED_EDGE('',*,*,#845,.T.);
#1475=ORIENTED_EDGE('',*,*,#869,.T.);
#1476=ORIENTED_EDGE('',*,*,#982,.T.);
#1477=ORIENTED_EDGE('',*,*,#985,.T.);
#1478=ORIENTED_EDGE('',*,*,#986,.T.);
#1479=ORIENTED_EDGE('',*,*,#876,.F.);
#1480=ORIENTED_EDGE('',*,*,#1013,.F.);
#1481=ORIENTED_EDGE('',*,*,#1012,.F.);
#1482=ORIENTED_EDGE('',*,*,#974,.F.);
#1483=ORIENTED_EDGE('',*,*,#978,.F.);
#1484=ORIENTED_EDGE('',*,*,#849,.F.);
#1485=ORIENTED_EDGE('',*,*,#1014,.F.);
#1486=ORIENTED_EDGE('',*,*,#886,.T.);
#1487=ORIENTED_EDGE('',*,*,#836,.T.);
#1488=ORIENTED_EDGE('',*,*,#988,.T.);
#1489=ORIENTED_EDGE('',*,*,#993,.T.);
#1490=ORIENTED_EDGE('',*,*,#1015,.F.);
#1491=ORIENTED_EDGE('',*,*,#1016,.F.);
#1492=ORIENTED_EDGE('',*,*,#1015,.T.);
#1493=ORIENTED_EDGE('',*,*,#992,.F.);
#1494=ORIENTED_EDGE('',*,*,#995,.F.);
#1495=ORIENTED_EDGE('',*,*,#784,.T.);
#1496=ORIENTED_EDGE('',*,*,#1006,.T.);
#1497=ORIENTED_EDGE('',*,*,#1008,.T.);
#1498=ORIENTED_EDGE('',*,*,#1017,.T.);
#1499=ORIENTED_EDGE('',*,*,#1018,.F.);
#1500=ORIENTED_EDGE('',*,*,#1017,.F.);
#1501=ORIENTED_EDGE('',*,*,#1010,.T.);
#1502=ORIENTED_EDGE('',*,*,#1011,.T.);
#1503=ORIENTED_EDGE('',*,*,#1013,.T.);
#1504=ORIENTED_EDGE('',*,*,#875,.T.);
#1505=ORIENTED_EDGE('',*,*,#914,.T.);
#1506=ORIENTED_EDGE('',*,*,#887,.T.);
#1507=ORIENTED_EDGE('',*,*,#1014,.T.);
#1508=ORIENTED_EDGE('',*,*,#1016,.T.);
#1509=ORIENTED_EDGE('',*,*,#994,.T.);
#1510=ORIENTED_EDGE('',*,*,#997,.T.);
#1511=ORIENTED_EDGE('',*,*,#999,.T.);
#1512=ORIENTED_EDGE('',*,*,#1002,.T.);
#1513=ORIENTED_EDGE('',*,*,#1003,.T.);
#1514=ORIENTED_EDGE('',*,*,#1005,.T.);
#1515=ORIENTED_EDGE('',*,*,#782,.F.);
#1516=ORIENTED_EDGE('',*,*,#781,.F.);
#1517=ORIENTED_EDGE('',*,*,#1018,.T.);
#1518=ORIENTED_EDGE('',*,*,#779,.F.);
#1519=CONICAL_SURFACE('',#1627,6.75011422863271,0.0174532925199433);
#1520=CONICAL_SURFACE('',#1630,1.5,0.0174532925199433);
#1521=CONICAL_SURFACE('',#1632,5.861,0.540419500270584);
#1522=CONICAL_SURFACE('',#1640,5.861,0.540419500270585);
#1523=CONICAL_SURFACE('',#1649,6.75011422863271,0.0174532925199433);
#1524=CONICAL_SURFACE('',#1657,6.75011422863271,0.0174532925199433);
#1525=CONICAL_SURFACE('',#1693,7.5,0.0174532925199433);
#1526=CONICAL_SURFACE('',#1722,2.60006092193744,0.0174532925199433);
#1527=ADVANCED_FACE('',(#268),#1519,.F.);
#1528=ADVANCED_FACE('',(#269),#1520,.F.);
#1529=ADVANCED_FACE('',(#270),#72,.T.);
#1530=ADVANCED_FACE('',(#271),#1521,.T.);
#1531=ADVANCED_FACE('',(#272),#25,.F.);
#1532=ADVANCED_FACE('',(#273),#16,.T.);
#1533=ADVANCED_FACE('',(#274),#1522,.T.);
#1534=ADVANCED_FACE('',(#275),#26,.F.);
#1535=ADVANCED_FACE('',(#276),#27,.F.);
#1536=ADVANCED_FACE('',(#277),#17,.T.);
#1537=ADVANCED_FACE('',(#278),#1523,.F.);
#1538=ADVANCED_FACE('',(#279),#28,.F.);
#1539=ADVANCED_FACE('',(#280),#29,.F.);
#1540=ADVANCED_FACE('',(#281),#73,.F.);
#1541=ADVANCED_FACE('',(#282),#74,.F.);
#1542=ADVANCED_FACE('',(#283),#75,.T.);
#1543=ADVANCED_FACE('',(#284),#30,.F.);
#1544=ADVANCED_FACE('',(#285),#31,.F.);
#1545=ADVANCED_FACE('',(#286),#32,.F.);
#1546=ADVANCED_FACE('',(#287),#1524,.F.);
#1547=ADVANCED_FACE('',(#288),#76,.T.);
#1548=ADVANCED_FACE('',(#289),#77,.F.);
#1549=ADVANCED_FACE('',(#290),#78,.F.);
#1550=ADVANCED_FACE('',(#291),#33,.F.);
#1551=ADVANCED_FACE('',(#292),#79,.F.);
#1552=ADVANCED_FACE('',(#293),#18,.F.);
#1553=ADVANCED_FACE('',(#294),#34,.F.);
#1554=ADVANCED_FACE('',(#295),#80,.F.);
#1555=ADVANCED_FACE('',(#296),#35,.F.);
#1556=ADVANCED_FACE('',(#297),#81,.F.);
#1557=ADVANCED_FACE('',(#298),#36,.F.);
#1558=ADVANCED_FACE('',(#299),#37,.F.);
#1559=ADVANCED_FACE('',(#300),#19,.F.);
#1560=ADVANCED_FACE('',(#301),#20,.F.);
#1561=ADVANCED_FACE('',(#302),#82,.F.);
#1562=ADVANCED_FACE('',(#303),#38,.T.);
#1563=ADVANCED_FACE('',(#304),#39,.T.);
#1564=ADVANCED_FACE('',(#305),#83,.F.);
#1565=ADVANCED_FACE('',(#306),#84,.F.);
#1566=ADVANCED_FACE('',(#307),#85,.F.);
#1567=ADVANCED_FACE('',(#308),#86,.F.);
#1568=ADVANCED_FACE('',(#309),#40,.T.);
#1569=ADVANCED_FACE('',(#310),#41,.F.);
#1570=ADVANCED_FACE('',(#311),#42,.F.);
#1571=ADVANCED_FACE('',(#312),#43,.F.);
#1572=ADVANCED_FACE('',(#313),#44,.F.);
#1573=ADVANCED_FACE('',(#314),#45,.F.);
#1574=ADVANCED_FACE('',(#315),#46,.F.);
#1575=ADVANCED_FACE('',(#316),#1525,.T.);
#1576=ADVANCED_FACE('',(#317),#47,.F.);
#1577=ADVANCED_FACE('',(#318),#48,.F.);
#1578=ADVANCED_FACE('',(#319),#49,.F.);
#1579=ADVANCED_FACE('',(#320),#50,.F.);
#1580=ADVANCED_FACE('',(#321),#51,.F.);
#1581=ADVANCED_FACE('',(#322),#52,.F.);
#1582=ADVANCED_FACE('',(#323),#87,.T.);
#1583=ADVANCED_FACE('',(#324),#53,.F.);
#1584=ADVANCED_FACE('',(#325),#54,.F.);
#1585=ADVANCED_FACE('',(#326),#55,.F.);
#1586=ADVANCED_FACE('',(#327),#56,.F.);
#1587=ADVANCED_FACE('',(#328),#57,.F.);
#1588=ADVANCED_FACE('',(#329),#58,.F.);
#1589=ADVANCED_FACE('',(#330),#59,.F.);
#1590=ADVANCED_FACE('',(#331),#88,.F.);
#1591=ADVANCED_FACE('',(#332),#89,.F.);
#1592=ADVANCED_FACE('',(#333),#90,.F.);
#1593=ADVANCED_FACE('',(#334),#91,.F.);
#1594=ADVANCED_FACE('',(#335),#92,.F.);
#1595=ADVANCED_FACE('',(#336),#93,.F.);
#1596=ADVANCED_FACE('',(#337),#60,.F.);
#1597=ADVANCED_FACE('',(#338),#61,.F.);
#1598=ADVANCED_FACE('',(#339),#62,.F.);
#1599=ADVANCED_FACE('',(#340),#63,.F.);
#1600=ADVANCED_FACE('',(#341),#94,.T.);
#1601=ADVANCED_FACE('',(#342),#64,.F.);
#1602=ADVANCED_FACE('',(#343),#65,.F.);
#1603=ADVANCED_FACE('',(#344),#66,.F.);
#1604=ADVANCED_FACE('',(#345),#67,.F.);
#1605=ADVANCED_FACE('',(#346),#68,.F.);
#1606=ADVANCED_FACE('',(#347),#69,.F.);
#1607=ADVANCED_FACE('',(#348),#95,.T.);
#1608=ADVANCED_FACE('',(#349),#96,.T.);
#1609=ADVANCED_FACE('',(#350),#70,.F.);
#1610=ADVANCED_FACE('',(#351),#1526,.T.);
#1611=ADVANCED_FACE('',(#352),#97,.T.);
#1612=ADVANCED_FACE('',(#353,#15),#71,.F.);
#1613=CLOSED_SHELL('',(#1527,#1528,#1529,#1530,#1531,#1532,#1533,#1534,
#1535,#1536,#1537,#1538,#1539,#1540,#1541,#1542,#1543,#1544,#1545,#1546,
#1547,#1548,#1549,#1550,#1551,#1552,#1553,#1554,#1555,#1556,#1557,#1558,
#1559,#1560,#1561,#1562,#1563,#1564,#1565,#1566,#1567,#1568,#1569,#1570,
#1571,#1572,#1573,#1574,#1575,#1576,#1577,#1578,#1579,#1580,#1581,#1582,
#1583,#1584,#1585,#1586,#1587,#1588,#1589,#1590,#1591,#1592,#1593,#1594,
#1595,#1596,#1597,#1598,#1599,#1600,#1601,#1602,#1603,#1604,#1605,#1606,
#1607,#1608,#1609,#1610,#1611,#1612));
#1614=DERIVED_UNIT_ELEMENT(#1616,1.);
#1615=DERIVED_UNIT_ELEMENT(#4942,-3.);
#1616=(
MASS_UNIT()
NAMED_UNIT(*)
SI_UNIT(.KILO.,.GRAM.)
);
#1617=DERIVED_UNIT((#1614,#1615));
#1618=MEASURE_REPRESENTATION_ITEM('density measure',
POSITIVE_RATIO_MEASURE(7850.),#1617);
#1619=PROPERTY_DEFINITION_REPRESENTATION(#1624,#1621);
#1620=PROPERTY_DEFINITION_REPRESENTATION(#1625,#1622);
#1621=REPRESENTATION('material name',(#1623),#4939);
#1622=REPRESENTATION('density',(#1618),#4939);
#1623=DESCRIPTIVE_REPRESENTATION_ITEM('Steel','Steel');
#1624=PROPERTY_DEFINITION('material property','material name',#4949);
#1625=PROPERTY_DEFINITION('material property','density of part',#4949);
#1626=AXIS2_PLACEMENT_3D('',#2008,#1725,#1726);
#1627=AXIS2_PLACEMENT_3D('',#2009,#1727,#1728);
#1628=AXIS2_PLACEMENT_3D('',#2016,#1729,#1730);
#1629=AXIS2_PLACEMENT_3D('',#2034,#1731,#1732);
#1630=AXIS2_PLACEMENT_3D('',#2059,#1733,#1734);
#1631=AXIS2_PLACEMENT_3D('',#2061,#1735,#1736);
#1632=AXIS2_PLACEMENT_3D('',#2299,#1738,#1739);
#1633=AXIS2_PLACEMENT_3D('',#2306,#1740,#1741);
#1634=AXIS2_PLACEMENT_3D('',#2311,#1742,#1743);
#1635=AXIS2_PLACEMENT_3D('',#2312,#1744,#1745);
#1636=AXIS2_PLACEMENT_3D('',#2332,#1749,#1750);
#1637=AXIS2_PLACEMENT_3D('',#2333,#1751,#1752);
#1638=AXIS2_PLACEMENT_3D('',#2335,#1753,#1754);
#1639=AXIS2_PLACEMENT_3D('',#2336,#1755,#1756);
#1640=AXIS2_PLACEMENT_3D('',#2337,#1757,#1758);
#1641=AXIS2_PLACEMENT_3D('',#2344,#1759,#1760);
#1642=AXIS2_PLACEMENT_3D('',#2349,#1761,#1762);
#1643=AXIS2_PLACEMENT_3D('',#2350,#1763,#1764);
#1644=AXIS2_PLACEMENT_3D('',#2352,#1765,#1766);
#1645=AXIS2_PLACEMENT_3D('',#2436,#1770,#1771);
#1646=AXIS2_PLACEMENT_3D('',#2440,#1774,#1775);
#1647=AXIS2_PLACEMENT_3D('',#2442,#1776,#1777);
#1648=AXIS2_PLACEMENT_3D('',#2443,#1778,#1779);
#1649=AXIS2_PLACEMENT_3D('',#2444,#1780,#1781);
#1650=AXIS2_PLACEMENT_3D('',#2472,#1782,#1783);
#1651=AXIS2_PLACEMENT_3D('',#2478,#1784,#1785);
#1652=AXIS2_PLACEMENT_3D('',#2479,#1786,#1787);
#1653=AXIS2_PLACEMENT_3D('',#2570,#1790,#1791);
#1654=AXIS2_PLACEMENT_3D('',#2829,#1797,#1798);
#1655=AXIS2_PLACEMENT_3D('',#2853,#1802,#1803);
#1656=AXIS2_PLACEMENT_3D('',#2855,#1805,#1806);
#1657=AXIS2_PLACEMENT_3D('',#2889,#1812,#1813);
#1658=AXIS2_PLACEMENT_3D('',#2891,#1814,#1815);
#1659=AXIS2_PLACEMENT_3D('',#2898,#1816,#1817);
#1660=AXIS2_PLACEMENT_3D('',#3138,#1818,#1819);
#1661=AXIS2_PLACEMENT_3D('',#3304,#1822,#1823);
#1662=AXIS2_PLACEMENT_3D('',#3305,#1824,#1825);
#1663=AXIS2_PLACEMENT_3D('',#3306,#1826,#1827);
#1664=AXIS2_PLACEMENT_3D('',#3307,#1828,#1829);
#1665=AXIS2_PLACEMENT_3D('',#3489,#1832,#1833);
#1666=AXIS2_PLACEMENT_3D('',#3559,#1834,#1835);
#1667=AXIS2_PLACEMENT_3D('',#3561,#1836,#1837);
#1668=AXIS2_PLACEMENT_3D('',#3569,#1841,#1842);
#1669=AXIS2_PLACEMENT_3D('',#3571,#1843,#1844);
#1670=AXIS2_PLACEMENT_3D('',#3579,#1848,#1849);
#1671=AXIS2_PLACEMENT_3D('',#3587,#1853,#1854);
#1672=AXIS2_PLACEMENT_3D('',#3588,#1855,#1856);
#1673=AXIS2_PLACEMENT_3D('',#3691,#1857,#1858);
#1674=AXIS2_PLACEMENT_3D('',#3693,#1859,#1860);
#1675=AXIS2_PLACEMENT_3D('',#3695,#1861,#1862);
#1676=AXIS2_PLACEMENT_3D('',#3696,#1863,#1864);
#1677=AXIS2_PLACEMENT_3D('',#3697,#1865,#1866);
#1678=AXIS2_PLACEMENT_3D('',#3698,#1867,#1868);
#1679=AXIS2_PLACEMENT_3D('',#3699,#1869,#1870);
#1680=AXIS2_PLACEMENT_3D('',#3707,#1871,#1872);
#1681=AXIS2_PLACEMENT_3D('',#3846,#1873,#1874);
#1682=AXIS2_PLACEMENT_3D('',#3849,#1875,#1876);
#1683=AXIS2_PLACEMENT_3D('',#3855,#1880,#1881);
#1684=AXIS2_PLACEMENT_3D('',#3858,#1882,#1883);
#1685=AXIS2_PLACEMENT_3D('',#4299,#1887,#1888);
#1686=AXIS2_PLACEMENT_3D('',#4302,#1889,#1890);
#1687=AXIS2_PLACEMENT_3D('',#4308,#1894,#1895);
#1688=AXIS2_PLACEMENT_3D('',#4313,#1897,#1898);
#1689=AXIS2_PLACEMENT_3D('',#4315,#1900,#1901);
#1690=AXIS2_PLACEMENT_3D('',#4319,#1902,#1903);
#1691=AXIS2_PLACEMENT_3D('',#4324,#1905,#1906);
#1692=AXIS2_PLACEMENT_3D('',#4326,#1908,#1909);
#1693=AXIS2_PLACEMENT_3D('',#4330,#1910,#1911);
#1694=AXIS2_PLACEMENT_3D('',#4338,#1913,#1914);
#1695=AXIS2_PLACEMENT_3D('',#4340,#1916,#1917);
#1696=AXIS2_PLACEMENT_3D('',#4342,#1919,#1920);
#1697=AXIS2_PLACEMENT_3D('',#4343,#1921,#1922);
#1698=AXIS2_PLACEMENT_3D('',#4349,#1926,#1927);
#1699=AXIS2_PLACEMENT_3D('',#4353,#1930,#1931);
#1700=AXIS2_PLACEMENT_3D('',#4373,#1934,#1935);
#1701=AXIS2_PLACEMENT_3D('',#4379,#1939,#1940);
#1702=AXIS2_PLACEMENT_3D('',#4383,#1943,#1944);
#1703=AXIS2_PLACEMENT_3D('',#4387,#1947,#1948);
#1704=AXIS2_PLACEMENT_3D('',#4397,#1950,#1951);
#1705=AXIS2_PLACEMENT_3D('',#4406,#1953,#1954);
#1706=AXIS2_PLACEMENT_3D('',#4419,#1959,#1960);
#1707=AXIS2_PLACEMENT_3D('',#4627,#1961,#1962);
#1708=AXIS2_PLACEMENT_3D('',#4637,#1964,#1965);
#1709=AXIS2_PLACEMENT_3D('',#4653,#1969,#1970);
#1710=AXIS2_PLACEMENT_3D('',#4656,#1971,#1972);
#1711=AXIS2_PLACEMENT_3D('',#4659,#1975,#1976);
#1712=AXIS2_PLACEMENT_3D('',#4752,#1977,#1978);
#1713=AXIS2_PLACEMENT_3D('',#4758,#1980,#1981);
#1714=AXIS2_PLACEMENT_3D('',#4760,#1982,#1983);
#1715=AXIS2_PLACEMENT_3D('',#4762,#1985,#1986);
#1716=AXIS2_PLACEMENT_3D('',#4766,#1987,#1988);
#1717=AXIS2_PLACEMENT_3D('',#4772,#1990,#1991);
#1718=AXIS2_PLACEMENT_3D('',#4774,#1992,#1993);
#1719=AXIS2_PLACEMENT_3D('',#4777,#1995,#1996);
#1720=AXIS2_PLACEMENT_3D('',#4778,#1997,#1998);
#1721=AXIS2_PLACEMENT_3D('',#4904,#1999,#2000);
#1722=AXIS2_PLACEMENT_3D('',#4908,#2001,#2002);
#1723=AXIS2_PLACEMENT_3D('',#4911,#2004,#2005);
#1724=AXIS2_PLACEMENT_3D('',#4936,#2006,#2007);
#1725=DIRECTION('axis',(0.,0.,1.));
#1726=DIRECTION('refdir',(1.,0.,0.));
#1727=DIRECTION('center_axis',(0.,0.,-1.));
#1728=DIRECTION('ref_axis',(1.,0.,0.));
#1729=DIRECTION('center_axis',(0.,0.,1.));
#1730=DIRECTION('ref_axis',(1.,0.,0.));
#1731=DIRECTION('center_axis',(0.,0.,-1.));
#1732=DIRECTION('ref_axis',(1.,0.,0.));
#1733=DIRECTION('center_axis',(0.,0.,-1.));
#1734=DIRECTION('ref_axis',(-1.,-2.01018937945418E-33,0.));
#1735=DIRECTION('center_axis',(0.,0.,-1.));
#1736=DIRECTION('ref_axis',(-1.,-2.01018937945418E-33,0.));
#1737=DIRECTION('',(-0.0174524064372835,2.13730336808379E-18,0.999847695156391));
#1738=DIRECTION('center_axis',(0.,0.,1.));
#1739=DIRECTION('ref_axis',(1.,0.,0.));
#1740=DIRECTION('center_axis',(0.,0.,-1.));
#1741=DIRECTION('ref_axis',(1.,0.,0.));
#1742=DIRECTION('center_axis',(0.,0.,1.));
#1743=DIRECTION('ref_axis',(1.,0.,0.));
#1744=DIRECTION('center_axis',(0.,-0.999847695156391,0.0174524064372836));
#1745=DIRECTION('ref_axis',(1.,0.,0.));
#1746=DIRECTION('',(-1.,0.,0.));
#1747=DIRECTION('',(0.0174497491606827,0.0174497491606828,0.999695459881887));
#1748=DIRECTION('',(-1.,0.,0.));
#1749=DIRECTION('center_axis',(0.,0.999847695156391,-0.0174524064372836));
#1750=DIRECTION('ref_axis',(0.,-0.0174524064372836,-0.999847695156391));
#1751=DIRECTION('center_axis',(0.,0.,-1.));
#1752=DIRECTION('ref_axis',(1.,0.,0.));
#1753=DIRECTION('center_axis',(0.,0.,-1.));
#1754=DIRECTION('ref_axis',(1.,0.,0.));
#1755=DIRECTION('center_axis',(0.,-0.999847695156391,-0.0174524064372836));
#1756=DIRECTION('ref_axis',(0.,-0.0174524064372836,0.999847695156391));
#1757=DIRECTION('center_axis',(0.,0.,1.));
#1758=DIRECTION('ref_axis',(-1.,0.,0.));
#1759=DIRECTION('center_axis',(0.,0.,-1.));
#1760=DIRECTION('ref_axis',(-1.,0.,0.));
#1761=DIRECTION('center_axis',(0.,0.,1.));
#1762=DIRECTION('ref_axis',(-1.,0.,0.));
#1763=DIRECTION('center_axis',(0.,-0.999847695156391,0.0174524064372836));
#1764=DIRECTION('ref_axis',(1.,0.,0.));
#1765=DIRECTION('center_axis',(0.,0.999847695156391,-0.0174524064372836));
#1766=DIRECTION('ref_axis',(0.,-0.0174524064372836,-0.999847695156391));
#1767=DIRECTION('',(1.,0.,0.));
#1768=DIRECTION('',(0.0174497491606827,-0.0174497491606828,-0.999695459881887));
#1769=DIRECTION('',(-1.,0.,0.));
#1770=DIRECTION('center_axis',(0.,0.,1.));
#1771=DIRECTION('ref_axis',(-1.,0.,0.));
#1772=DIRECTION('',(0.,-1.,0.));
#1773=DIRECTION('',(1.,0.,0.));
#1774=DIRECTION('center_axis',(0.,0.,-1.));
#1775=DIRECTION('ref_axis',(-1.,-5.66553889764798E-16,0.));
#1776=DIRECTION('center_axis',(0.,-0.999847695156391,-0.0174524064372836));
#1777=DIRECTION('ref_axis',(0.,-0.0174524064372836,0.999847695156391));
#1778=DIRECTION('center_axis',(0.,0.,-1.));
#1779=DIRECTION('ref_axis',(1.,0.,0.));
#1780=DIRECTION('center_axis',(0.,0.,-1.));
#1781=DIRECTION('ref_axis',(1.,0.,0.));
#1782=DIRECTION('center_axis',(0.,0.,1.));
#1783=DIRECTION('ref_axis',(1.,0.,0.));
#1784=DIRECTION('center_axis',(0.,0.,-1.));
#1785=DIRECTION('ref_axis',(1.,0.,0.));
#1786=DIRECTION('center_axis',(0.,0.999847695156391,0.0174524064372836));
#1787=DIRECTION('ref_axis',(-1.,0.,0.));
#1788=DIRECTION('',(-0.0174497491606827,-0.0174497491606828,0.999695459881887));
#1789=DIRECTION('',(1.,0.,0.));
#1790=DIRECTION('center_axis',(0.999847695156391,0.,0.0174524064372835));
#1791=DIRECTION('ref_axis',(0.,-1.,0.));
#1792=DIRECTION('',(-0.0174497491606827,0.0174497491606827,0.999695459881887));
#1793=DIRECTION('',(-0.0122335012035532,0.713197074398887,0.700856814561414));
#1794=DIRECTION('',(0.,1.,0.));
#1795=DIRECTION('',(0.0122335012035532,0.713197074398887,-0.700856814561414));
#1796=DIRECTION('',(0.0174497491606827,0.0174497491606827,-0.999695459881887));
#1797=DIRECTION('center_axis',(0.,0.999847695156391,0.0174524064372836));
#1798=DIRECTION('ref_axis',(-1.,0.,0.));
#1799=DIRECTION('',(-1.,0.,0.));
#1800=DIRECTION('',(-0.0174497491606827,0.0174497491606828,-0.999695459881887));
#1801=DIRECTION('',(1.,0.,0.));
#1802=DIRECTION('center_axis',(0.,0.,1.));
#1803=DIRECTION('ref_axis',(-1.,0.,0.));
#1804=DIRECTION('',(0.,1.,0.));
#1805=DIRECTION('center_axis',(-0.999847695156391,0.,0.0174524064372835));
#1806=DIRECTION('ref_axis',(0.,1.,0.));
#1807=DIRECTION('',(0.0174497491606827,-0.0174497491606827,0.999695459881887));
#1808=DIRECTION('',(0.0122335012035532,-0.713197074398887,0.700856814561414));
#1809=DIRECTION('',(0.,-1.,0.));
#1810=DIRECTION('',(-0.0122335012035532,-0.713197074398887,-0.700856814561414));
#1811=DIRECTION('',(-0.0174497491606827,-0.0174497491606827,-0.999695459881888));
#1812=DIRECTION('center_axis',(0.,0.,-1.));
#1813=DIRECTION('ref_axis',(1.,0.,0.));
#1814=DIRECTION('center_axis',(0.,0.,-1.));
#1815=DIRECTION('ref_axis',(1.,0.,0.));
#1816=DIRECTION('center_axis',(0.,0.,1.));
#1817=DIRECTION('ref_axis',(1.,0.,0.));
#1818=DIRECTION('center_axis',(-0.999847695156391,0.,0.0174524064372835));
#1819=DIRECTION('ref_axis',(0.,-1.,0.));
#1820=DIRECTION('',(0.,1.,0.));
#1821=DIRECTION('',(0.,-1.,0.));
#1822=DIRECTION('center_axis',(0.,0.,-1.));
#1823=DIRECTION('ref_axis',(-1.,0.,0.));
#1824=DIRECTION('center_axis',(0.,0.,-1.));
#1825=DIRECTION('ref_axis',(-1.,0.,0.));
#1826=DIRECTION('center_axis',(0.,0.,-1.));
#1827=DIRECTION('ref_axis',(-1.,0.,0.));
#1828=DIRECTION('center_axis',(0.999847695156391,0.,0.0174524064372835));
#1829=DIRECTION('ref_axis',(0.,1.,0.));
#1830=DIRECTION('',(0.,1.,0.));
#1831=DIRECTION('',(0.,1.,0.));
#1832=DIRECTION('center_axis',(0.,0.,1.));
#1833=DIRECTION('ref_axis',(1.,0.,0.));
#1834=DIRECTION('center_axis',(0.,0.,-1.));
#1835=DIRECTION('ref_axis',(-1.,0.,0.));
#1836=DIRECTION('center_axis',(0.,0.,-1.));
#1837=DIRECTION('ref_axis',(1.,0.,0.));
#1838=DIRECTION('',(0.838670567945423,0.544639035015028,0.));
#1839=DIRECTION('',(0.544639035015027,-0.838670567945424,0.));
#1840=DIRECTION('',(-0.83867056794543,-0.544639035015018,0.));
#1841=DIRECTION('center_axis',(0.,0.,-1.));
#1842=DIRECTION('ref_axis',(1.,0.,0.));
#1843=DIRECTION('center_axis',(0.,0.,-1.));
#1844=DIRECTION('ref_axis',(1.,0.,0.));
#1845=DIRECTION('',(0.40673664307581,-0.913545457642597,0.));
#1846=DIRECTION('',(-0.913545457642605,-0.406736643075792,0.));
#1847=DIRECTION('',(-0.4067366430758,0.913545457642601,0.));
#1848=DIRECTION('center_axis',(0.,0.,-1.));
#1849=DIRECTION('ref_axis',(1.,0.,0.));
#1850=DIRECTION('',(-0.838670567945424,0.544639035015027,0.));
#1851=DIRECTION('',(-0.544639035015027,-0.838670567945424,0.));
#1852=DIRECTION('',(0.838670567945429,-0.54463903501502,0.));
#1853=DIRECTION('center_axis',(0.,0.,-1.));
#1854=DIRECTION('ref_axis',(1.,0.,0.));
#1855=DIRECTION('center_axis',(0.,0.,-1.));
#1856=DIRECTION('ref_axis',(-1.,0.,0.));
#1857=DIRECTION('center_axis',(0.,0.,1.));
#1858=DIRECTION('ref_axis',(-1.,0.,0.));
#1859=DIRECTION('center_axis',(0.,0.,-1.));
#1860=DIRECTION('ref_axis',(-1.,0.,0.));
#1861=DIRECTION('center_axis',(0.,0.,-1.));
#1862=DIRECTION('ref_axis',(1.,0.,0.));
#1863=DIRECTION('center_axis',(0.,0.,-1.));
#1864=DIRECTION('ref_axis',(-1.,0.,0.));
#1865=DIRECTION('center_axis',(0.,0.,1.));
#1866=DIRECTION('ref_axis',(-1.,0.,0.));
#1867=DIRECTION('center_axis',(0.,0.,-1.));
#1868=DIRECTION('ref_axis',(-1.,-2.01018937945418E-33,0.));
#1869=DIRECTION('center_axis',(0.,0.,-1.));
#1870=DIRECTION('ref_axis',(-1.,0.,0.));
#1871=DIRECTION('center_axis',(0.,0.,-1.));
#1872=DIRECTION('ref_axis',(-1.,0.,0.));
#1873=DIRECTION('center_axis',(0.,0.,1.));
#1874=DIRECTION('ref_axis',(-1.,0.,0.));
#1875=DIRECTION('center_axis',(0.,0.,-1.));
#1876=DIRECTION('ref_axis',(1.,0.,0.));
#1877=DIRECTION('',(0.838670567945429,-0.54463903501502,0.));
#1878=DIRECTION('',(-0.544639035015027,-0.838670567945424,0.));
#1879=DIRECTION('',(-0.838670567945424,0.544639035015027,0.));
#1880=DIRECTION('center_axis',(0.,0.,1.));
#1881=DIRECTION('ref_axis',(-1.,0.,0.));
#1882=DIRECTION('center_axis',(0.,0.,-1.));
#1883=DIRECTION('ref_axis',(1.,0.,0.));
#1884=DIRECTION('',(-0.4067366430758,0.913545457642601,0.));
#1885=DIRECTION('',(-0.913545457642605,-0.406736643075792,0.));
#1886=DIRECTION('',(0.40673664307581,-0.913545457642597,0.));
#1887=DIRECTION('center_axis',(0.,0.,1.));
#1888=DIRECTION('ref_axis',(-1.,0.,0.));
#1889=DIRECTION('center_axis',(0.,0.,-1.));
#1890=DIRECTION('ref_axis',(1.,0.,0.));
#1891=DIRECTION('',(-0.83867056794543,-0.544639035015018,0.));
#1892=DIRECTION('',(0.544639035015027,-0.838670567945424,0.));
#1893=DIRECTION('',(0.838670567945423,0.544639035015028,0.));
#1894=DIRECTION('center_axis',(0.913406320244541,0.406674695114996,-0.0174524064372835));
#1895=DIRECTION('ref_axis',(-0.40673664307581,0.913545457642597,-8.67361737988404E-19));
#1896=DIRECTION('',(0.0230385914788755,-0.00884368668661368,0.999695459881887));
#1897=DIRECTION('center_axis',(0.406674695114978,-0.913406320244549,-0.0174524064372835));
#1898=DIRECTION('ref_axis',(0.913545457642605,0.406736643075792,0.));
#1899=DIRECTION('',(-0.00884368668661369,-0.0230385914788752,0.999695459881887));
#1900=DIRECTION('center_axis',(-0.913406320244545,-0.406674695114986,-0.0174524064372835));
#1901=DIRECTION('ref_axis',(0.4067366430758,-0.913545457642601,0.));
#1902=DIRECTION('center_axis',(-0.544556083851976,-0.838542834355734,-0.0174524064372835));
#1903=DIRECTION('ref_axis',(0.838670567945424,-0.544639035015027,-1.73472347597681E-18));
#1904=DIRECTION('',(0.0241384055832234,0.00513077649496643,-0.999695459881887));
#1905=DIRECTION('center_axis',(-0.838542834355734,0.544556083851976,-0.0174524064372835));
#1906=DIRECTION('ref_axis',(-0.544639035015027,-0.838670567945424,0.));
#1907=DIRECTION('',(-0.00513077649496651,0.0241384055832233,0.999695459881887));
#1908=DIRECTION('center_axis',(0.544556083851969,0.838542834355739,-0.0174524064372835));
#1909=DIRECTION('ref_axis',(-0.838670567945429,0.54463903501502,-1.73472347597681E-18));
#1910=DIRECTION('center_axis',(0.,0.,-1.));
#1911=DIRECTION('ref_axis',(1.,0.,0.));
#1912=DIRECTION('',(-0.0174524064372835,2.13730336808379E-18,-0.999847695156391));
#1913=DIRECTION('center_axis',(-0.544556083851977,0.838542834355733,-0.0174524064372835));
#1914=DIRECTION('ref_axis',(-0.838670567945423,-0.544639035015028,0.));
#1915=DIRECTION('',(-0.00513077649496643,-0.0241384055832234,-0.999695459881887));
#1916=DIRECTION('center_axis',(0.838542834355734,0.544556083851976,-0.0174524064372835));
#1917=DIRECTION('ref_axis',(-0.544639035015027,0.838670567945424,0.));
#1918=DIRECTION('',(-0.0241384055832235,0.00513077649496659,-0.999695459881887));
#1919=DIRECTION('center_axis',(0.544556083851967,-0.83854283435574,-0.0174524064372835));
#1920=DIRECTION('ref_axis',(0.83867056794543,0.544639035015018,0.));
#1921=DIRECTION('center_axis',(0.,0.700909265056643,0.713250448410484));
#1922=DIRECTION('ref_axis',(1.,0.,0.));
#1923=DIRECTION('',(1.,0.,0.));
#1924=DIRECTION('',(-0.0122335012035532,-0.713197074398887,0.700856814561413));
#1925=DIRECTION('',(-1.,0.,0.));
#1926=DIRECTION('center_axis',(0.,0.,1.));
#1927=DIRECTION('ref_axis',(1.,0.,0.));
#1928=DIRECTION('',(0.,1.,0.));
#1929=DIRECTION('',(1.,0.,0.));
#1930=DIRECTION('center_axis',(0.,-0.700909265056643,0.713250448410484));
#1931=DIRECTION('ref_axis',(1.,0.,0.));
#1932=DIRECTION('',(0.0122335012035532,-0.713197074398887,-0.700856814561413));
#1933=DIRECTION('',(-1.,0.,0.));
#1934=DIRECTION('center_axis',(0.,0.700909265056643,0.713250448410484));
#1935=DIRECTION('ref_axis',(1.,0.,0.));
#1936=DIRECTION('',(-0.0122335012035532,0.713197074398887,-0.700856814561413));
#1937=DIRECTION('',(1.,0.,0.));
#1938=DIRECTION('',(-1.,0.,0.));
#1939=DIRECTION('center_axis',(0.,0.,1.));
#1940=DIRECTION('ref_axis',(1.,0.,0.));
#1941=DIRECTION('',(1.,0.,0.));
#1942=DIRECTION('',(0.,-1.,0.));
#1943=DIRECTION('center_axis',(0.,-0.700909265056643,0.713250448410484));
#1944=DIRECTION('ref_axis',(1.,0.,0.));
#1945=DIRECTION('',(-1.,0.,0.));
#1946=DIRECTION('',(0.0122335012035532,0.713197074398887,0.700856814561413));
#1947=DIRECTION('center_axis',(0.,-0.999847695156391,0.0174524064372835));
#1948=DIRECTION('ref_axis',(-1.,0.,0.));
#1949=DIRECTION('',(0.0174497491606827,0.0174497491606827,0.999695459881887));
#1950=DIRECTION('center_axis',(0.,-0.999847695156391,0.0174524064372835));
#1951=DIRECTION('ref_axis',(-1.,0.,0.));
#1952=DIRECTION('',(0.0174497491606827,-0.0174497491606827,-0.999695459881887));
#1953=DIRECTION('center_axis',(0.999847695156391,0.,0.0174524064372835));
#1954=DIRECTION('ref_axis',(0.,-1.,0.));
#1955=DIRECTION('',(-0.0174497491606827,-0.0174497491606827,0.999695459881887));
#1956=DIRECTION('',(0.0174497491606827,0.0174497491606827,-0.999695459881887));
#1957=DIRECTION('',(0.,1.,0.));
#1958=DIRECTION('',(-0.0174497491606827,0.0174497491606827,0.999695459881887));
#1959=DIRECTION('center_axis',(0.,0.999847695156391,0.0174524064372835));
#1960=DIRECTION('ref_axis',(1.,0.,0.));
#1961=DIRECTION('center_axis',(0.,0.999847695156391,0.0174524064372835));
#1962=DIRECTION('ref_axis',(1.,0.,0.));
#1963=DIRECTION('',(0.0174497491606827,-0.0174497491606827,0.999695459881887));
#1964=DIRECTION('center_axis',(-0.999847695156391,0.,0.0174524064372835));
#1965=DIRECTION('ref_axis',(0.,1.,0.));
#1966=DIRECTION('',(-0.0174497491606827,-0.0174497491606827,-0.999695459881887));
#1967=DIRECTION('',(0.,-1.,0.));
#1968=DIRECTION('',(0.0174497491606827,-0.0174497491606827,0.999695459881887));
#1969=DIRECTION('center_axis',(0.,0.,1.));
#1970=DIRECTION('ref_axis',(-1.,0.,0.));
#1971=DIRECTION('center_axis',(0.,0.,-1.));
#1972=DIRECTION('ref_axis',(-1.,-2.01018937945418E-33,0.));
#1973=DIRECTION('',(1.,0.,0.));
#1974=DIRECTION('',(-1.,0.,0.));
#1975=DIRECTION('center_axis',(0.,-0.999847695156391,0.0174524064372835));
#1976=DIRECTION('ref_axis',(1.,0.,0.));
#1977=DIRECTION('center_axis',(0.999847695156391,0.,0.0174524064372835));
#1978=DIRECTION('ref_axis',(0.,1.,0.));
#1979=DIRECTION('',(0.,-1.,0.));
#1980=DIRECTION('center_axis',(0.,0.,1.));
#1981=DIRECTION('ref_axis',(-1.,0.,0.));
#1982=DIRECTION('center_axis',(0.,0.,-1.));
#1983=DIRECTION('ref_axis',(-1.,-2.01018937945418E-33,0.));
#1984=DIRECTION('',(0.,1.,0.));
#1985=DIRECTION('center_axis',(-0.999847695156391,0.,0.0174524064372835));
#1986=DIRECTION('ref_axis',(0.,-1.,0.));
#1987=DIRECTION('center_axis',(0.,-0.999847695156391,0.0174524064372835));
#1988=DIRECTION('ref_axis',(1.,0.,0.));
#1989=DIRECTION('',(-1.,0.,0.));
#1990=DIRECTION('center_axis',(0.,0.,1.));
#1991=DIRECTION('ref_axis',(-1.,0.,0.));
#1992=DIRECTION('center_axis',(0.,0.,-1.));
#1993=DIRECTION('ref_axis',(-1.,-2.01018937945418E-33,0.));
#1994=DIRECTION('',(-1.,0.,0.));
#1995=DIRECTION('center_axis',(0.,0.,-1.));
#1996=DIRECTION('ref_axis',(-1.,-2.01018937945418E-33,0.));
#1997=DIRECTION('center_axis',(0.,0.999847695156391,0.0174524064372835));
#1998=DIRECTION('ref_axis',(-1.,0.,0.));
#1999=DIRECTION('center_axis',(0.,0.999847695156391,0.0174524064372835));
#2000=DIRECTION('ref_axis',(-1.,0.,0.));
#2001=DIRECTION('center_axis',(0.,0.,1.));
#2002=DIRECTION('ref_axis',(-1.,-2.01018937945418E-33,0.));
#2003=DIRECTION('',(-0.0174524064372835,2.13730336808379E-18,-0.999847695156391));
#2004=DIRECTION('center_axis',(0.,0.,-1.));
#2005=DIRECTION('ref_axis',(-1.,-2.01018937945418E-33,0.));
#2006=DIRECTION('center_axis',(0.,0.,1.));
#2007=DIRECTION('ref_axis',(1.,0.,0.));
#2008=CARTESIAN_POINT('',(0.,0.,0.));
#2009=CARTESIAN_POINT('Origin',(-43.777775,-25.117067,-0.0130893048279682));
#2010=CARTESIAN_POINT('',(-43.2819642155794,-18.4512264,3.75999999999969));
#2011=CARTESIAN_POINT('',(-43.0956012497826,-18.6550830870109,14.4367271601124));
#2012=CARTESIAN_POINT('Ctrl Pts',(-43.0956012498742,-18.6550833635451,14.4367271544405));
#2013=CARTESIAN_POINT('Ctrl Pts',(-43.1873357540399,-18.5531549488133,9.18126093057117));
#2014=CARTESIAN_POINT('Ctrl Pts',(-43.2819642155759,-18.4512265340816,3.75999999999479));
#2015=CARTESIAN_POINT('',(-44.2735857844846,-18.4512262270996,3.76000000237131));
#2016=CARTESIAN_POINT('Origin',(-43.777775,-25.117067,3.76));
#2017=CARTESIAN_POINT('',(-44.4709192309989,-18.6672841709419,15.0652256260962));
#2018=CARTESIAN_POINT('Ctrl Pts',(-44.2735857845524,-18.4512261882807,3.76000000474416));
#2019=CARTESIAN_POINT('Ctrl Pts',(-44.3738778769821,-18.5592551395437,9.50573013190623));
#2020=CARTESIAN_POINT('Ctrl Pts',(-44.4709192318467,-18.6672840908067,15.0652256286915));
#2021=CARTESIAN_POINT('',(-50.1543058042974,-24.3584948524433,18.8135884147204));
#2022=CARTESIAN_POINT('Ctrl Pts',(-44.4709192308593,-18.6672841710124,15.0652256263861));
#2023=CARTESIAN_POINT('Ctrl Pts',(-45.6200051955572,-18.7999239156061,15.5864252362503));
#2024=CARTESIAN_POINT('Ctrl Pts',(-46.7294302585028,-19.2476088799782,16.1048948279917));
#2025=CARTESIAN_POINT('Ctrl Pts',(-47.6455683285469,-19.9428256347908,16.6205204713168));
#2026=CARTESIAN_POINT('Ctrl Pts',(-49.02198369226,-20.9873265170529,17.3952018000416));
#2027=CARTESIAN_POINT('Ctrl Pts',(-49.9539944709099,-22.5874534855988,18.1974864289062));
#2028=CARTESIAN_POINT('Ctrl Pts',(-50.1542897559877,-24.3585192373705,18.8136601447624));
#2029=CARTESIAN_POINT('',(-50.4503808791745,-24.627540038957,3.4));
#2030=CARTESIAN_POINT('Ctrl Pts',(-50.4503809568085,-24.6275400388614,3.40000000139217));
#2031=CARTESIAN_POINT('Ctrl Pts',(-50.3023434211563,-24.4899652294048,11.2816555565191));
#2032=CARTESIAN_POINT('Ctrl Pts',(-50.1543058855041,-24.3584948522769,18.8135884177558));
#2033=CARTESIAN_POINT('',(-37.1051690431907,-24.6275400388621,3.40000000135234));
#2034=CARTESIAN_POINT('Origin',(-43.777775,-25.117067,3.4));
#2035=CARTESIAN_POINT('',(-37.2456750886852,-24.4983392699056,10.8019071016322));
#2036=CARTESIAN_POINT('Ctrl Pts',(-37.245675009358,-24.4983392698267,10.801907102061));
#2037=CARTESIAN_POINT('Ctrl Pts',(-37.1754220262838,-24.562252267621,7.14033391071268));
#2038=CARTESIAN_POINT('Ctrl Pts',(-37.1051690432095,-24.6275400388446,3.40000000235591));
#2039=CARTESIAN_POINT('',(-37.2903010323588,-24.1463884110417,10.8962964960641));
#2040=CARTESIAN_POINT('Ctrl Pts',(-37.2456750886853,-24.4983392699056,10.8019071016322));
#2041=CARTESIAN_POINT('Ctrl Pts',(-37.2574134263738,-24.3800310713189,10.8322526408132));
#2042=CARTESIAN_POINT('Ctrl Pts',(-37.2723272501866,-24.2626778119048,10.8637653317368));
#2043=CARTESIAN_POINT('Ctrl Pts',(-37.2903010323588,-24.1463884110417,10.8962964960641));
#2044=CARTESIAN_POINT('',(-37.5494345881565,-23.077346572604,11.2320439354047));
#2045=CARTESIAN_POINT('Ctrl Pts',(-37.2903010323588,-24.1463884110417,10.8962964960641));
#2046=CARTESIAN_POINT('Ctrl Pts',(-37.3471758056283,-23.7784087932553,10.9992108502447));
#2047=CARTESIAN_POINT('Ctrl Pts',(-37.4346517985789,-23.4211179755282,11.1122097496355));
#2048=CARTESIAN_POINT('Ctrl Pts',(-37.5494345881565,-23.077346572604,11.2320439354047));
#2049=CARTESIAN_POINT('Ctrl Pts',(-37.5494345881565,-23.077346572604,11.2320439354047));
#2050=CARTESIAN_POINT('Ctrl Pts',(-37.7481866710494,-22.4820893687877,11.4395427608912));
#2051=CARTESIAN_POINT('Ctrl Pts',(-38.0291085359037,-21.9273955457997,11.667397486991));
#2052=CARTESIAN_POINT('Ctrl Pts',(-38.3746533987123,-21.4286164522229,11.9066719445647));
#2053=CARTESIAN_POINT('Ctrl Pts',(-38.6307413952813,-21.0589644835424,12.0840014987422));
#2054=CARTESIAN_POINT('Ctrl Pts',(-38.922138903059,-20.7203843376582,12.2680141617622));
#2055=CARTESIAN_POINT('Ctrl Pts',(-39.2409163256506,-20.4170457042554,12.4571577358421));
#2056=CARTESIAN_POINT('Ctrl Pts',(-40.3040208577017,-19.4054286540426,13.0879407730407));
#2057=CARTESIAN_POINT('Ctrl Pts',(-41.6734580863146,-18.7943383206471,13.7750118964474));
#2058=CARTESIAN_POINT('Ctrl Pts',(-43.0956220662996,-18.6551514404264,14.4366919644572));
#2059=CARTESIAN_POINT('Origin',(-43.877775,-25.117067,4.));
#2060=CARTESIAN_POINT('',(-42.356130719489,-25.117067,2.76));
#2061=CARTESIAN_POINT('Origin',(-43.877775,-25.117067,2.76));
#2062=CARTESIAN_POINT('',(-42.5734957964572,-25.1170661213866,15.213022237207));
#2063=CARTESIAN_POINT('',(-42.377775,-25.117067,4.));
#2064=CARTESIAN_POINT('',(-42.7806179903581,-25.816128624057,15.4042328052488));
#2065=CARTESIAN_POINT('Ctrl Pts',(-42.5734957964572,-25.1170661213866,15.213022237207));
#2066=CARTESIAN_POINT('Ctrl Pts',(-42.5734745879197,-25.0701305746302,15.2118154376229));
#2067=CARTESIAN_POINT('Ctrl Pts',(-42.5760228013825,-25.0230469797039,15.2126646757314));
#2068=CARTESIAN_POINT('Ctrl Pts',(-42.5811898465826,-24.9760174142188,15.2155554070837));
#2069=CARTESIAN_POINT('Ctrl Pts',(-42.5889440743517,-24.9054397535767,15.2198935517016));
#2070=CARTESIAN_POINT('Ctrl Pts',(-42.6024431381729,-24.8364115853182,15.2287407883286));
#2071=CARTESIAN_POINT('Ctrl Pts',(-42.6211744287789,-24.7695276286907,15.2415332346479));
#2072=CARTESIAN_POINT('Ctrl Pts',(-42.6399057193849,-24.7026436720632,15.2543256809672));
#2073=CARTESIAN_POINT('Ctrl Pts',(-42.663869353295,-24.6379039097732,15.2710631102412));
#2074=CARTESIAN_POINT('Ctrl Pts',(-42.6925685329821,-24.575899548978,15.2912384763668));
#2075=CARTESIAN_POINT('Ctrl Pts',(-42.7199525659583,-24.5167365527111,15.3104893015583));
#2076=CARTESIAN_POINT('Ctrl Pts',(-42.7513597932839,-24.4606525802867,15.3326662210102));
#2077=CARTESIAN_POINT('Ctrl Pts',(-42.7861730112013,-24.4078606108556,15.3572358167035));
#2078=CARTESIAN_POINT('Ctrl Pts',(-42.8222519249526,-24.3531492964238,15.3826986833086));
#2079=CARTESIAN_POINT('Ctrl Pts',(-42.8619891577873,-24.3019737115426,15.4107314978174));
#2080=CARTESIAN_POINT('Ctrl Pts',(-42.9047072728635,-24.2545678414001,15.4407957295654));
#2081=CARTESIAN_POINT('Ctrl Pts',(-42.921004123835,-24.2364826239342,15.4522651566105));
#2082=CARTESIAN_POINT('Ctrl Pts',(-42.9377348965785,-24.2189460205519,15.4640307827439));
#2083=CARTESIAN_POINT('Ctrl Pts',(-42.954862250841,-24.2019709081761,15.4760646504907));
#2084=CARTESIAN_POINT('Ctrl Pts',(-43.0064198660835,-24.1508715790466,15.5122895988198));
#2085=CARTESIAN_POINT('Ctrl Pts',(-43.061437610323,-24.1049675576318,15.5508463766151));
#2086=CARTESIAN_POINT('Ctrl Pts',(-43.11904887331,-24.0643144924681,15.5911193164601));
#2087=CARTESIAN_POINT('Ctrl Pts',(-43.1659434988861,-24.0312235624915,15.623900830646));
#2088=CARTESIAN_POINT('Ctrl Pts',(-43.2145566996866,-24.0016117022711,15.6578207458996));
#2089=CARTESIAN_POINT('Ctrl Pts',(-43.2644226621062,-23.9755072648321,15.6925721703247));
#2090=CARTESIAN_POINT('Ctrl Pts',(-43.3365059170342,-23.9377722502576,15.7428067524806));
#2091=CARTESIAN_POINT('Ctrl Pts',(-43.4112221784395,-23.9073502877048,15.7947875904645));
#2092=CARTESIAN_POINT('Ctrl Pts',(-43.4874287025895,-23.8841929319285,15.8478298025543));
#2093=CARTESIAN_POINT('Ctrl Pts',(-43.5097354658715,-23.8774144354769,15.8633560331788));
#2094=CARTESIAN_POINT('Ctrl Pts',(-43.5321698988969,-23.87125834986,15.8789735505729));
#2095=CARTESIAN_POINT('Ctrl Pts',(-43.5547032794209,-23.8657233693911,15.8946659822288));
#2096=CARTESIAN_POINT('Ctrl Pts',(-43.6426589731958,-23.844118397751,15.9559190512851));
#2097=CARTESIAN_POINT('Ctrl Pts',(-43.7321538147572,-23.8319662341014,16.0183306160819));
#2098=CARTESIAN_POINT('Ctrl Pts',(-43.8216908237757,-23.8291641979943,16.0811167100585));
#2099=CARTESIAN_POINT('Ctrl Pts',(-43.8347386964531,-23.8287558684023,16.0902662781432));
#2100=CARTESIAN_POINT('Ctrl Pts',(-43.8477874454192,-23.8285460802379,16.0994238854182));
#2101=CARTESIAN_POINT('Ctrl Pts',(-43.8608324176453,-23.8285344956636,16.1085871883253));
#2102=CARTESIAN_POINT('Ctrl Pts',(-43.9153921266469,-23.8284860439695,16.1469120794362));
#2103=CARTESIAN_POINT('Ctrl Pts',(-43.9698909792568,-23.8319026390371,16.1853395472636));
#2104=CARTESIAN_POINT('Ctrl Pts',(-44.0239871688986,-23.838766286241,16.2237018064086));
#2105=CARTESIAN_POINT('Ctrl Pts',(-44.0942515025747,-23.8476813244454,16.273529688834));
#2106=CARTESIAN_POINT('Ctrl Pts',(-44.1638657461628,-23.8624027762622,16.3232684802481));
#2107=CARTESIAN_POINT('Ctrl Pts',(-44.232074395744,-23.882879088587,16.3725892846746));
#2108=CARTESIAN_POINT('Ctrl Pts',(-44.314430276066,-23.9076024152854,16.4321397711844));
#2109=CARTESIAN_POINT('Ctrl Pts',(-44.3946758341562,-23.9406938537311,16.4910386096638));
#2110=CARTESIAN_POINT('Ctrl Pts',(-44.4714091302949,-23.9819553469251,16.5486309536559));
#2111=CARTESIAN_POINT('Ctrl Pts',(-44.5396983364625,-24.0186762328677,16.5998855673694));
#2112=CARTESIAN_POINT('Ctrl Pts',(-44.605205515473,-24.0618677978231,16.6501061281123));
#2113=CARTESIAN_POINT('Ctrl Pts',(-44.6669303066986,-24.1113866701024,16.6987899775647));
#2114=CARTESIAN_POINT('Ctrl Pts',(-44.6745626943014,-24.1175097726579,16.7048098279625));
#2115=CARTESIAN_POINT('Ctrl Pts',(-44.6821372354439,-24.1237296151085,16.7108061179068));
#2116=CARTESIAN_POINT('Ctrl Pts',(-44.6896520264619,-24.1300459239065,16.7167778391995));
#2117=CARTESIAN_POINT('Ctrl Pts',(-44.7425249854097,-24.1744865390851,16.7587939876191));
#2118=CARTESIAN_POINT('Ctrl Pts',(-44.7923532552642,-24.2236535063306,16.7995316765131));
#2119=CARTESIAN_POINT('Ctrl Pts',(-44.838320972494,-24.2772587067711,16.8384861532462));
#2120=CARTESIAN_POINT('Ctrl Pts',(-44.8812204428375,-24.3272858746433,16.874840501908));
#2121=CARTESIAN_POINT('Ctrl Pts',(-44.9207574640605,-24.3811784396864,16.9096419710271));
#2122=CARTESIAN_POINT('Ctrl Pts',(-44.9562612626045,-24.4387029009483,16.9424359463428));
#2123=CARTESIAN_POINT('Ctrl Pts',(-44.9760440554267,-24.4707556543443,16.9607088198407));
#2124=CARTESIAN_POINT('Ctrl Pts',(-44.9945745035704,-24.5039360389083,16.9783575966344));
#2125=CARTESIAN_POINT('Ctrl Pts',(-45.0117355195938,-24.5382040032029,16.9952965585676));
#2126=CARTESIAN_POINT('Ctrl Pts',(-45.0400940308423,-24.5948316789525,17.0232881263083));
#2127=CARTESIAN_POINT('Ctrl Pts',(-45.0645749997716,-24.6541989861022,17.0492148415504));
#2128=CARTESIAN_POINT('Ctrl Pts',(-45.08464297896,-24.7158558074699,17.0726051829469));
#2129=CARTESIAN_POINT('Ctrl Pts',(-45.1040941548723,-24.7756175636167,17.0952766059577));
#2130=CARTESIAN_POINT('Ctrl Pts',(-45.1193994148092,-24.8375301424332,17.1155652916165));
#2131=CARTESIAN_POINT('Ctrl Pts',(-45.1300648453418,-24.901188798723,17.1329933821085));
#2132=CARTESIAN_POINT('Ctrl Pts',(-45.1329858838147,-24.9186235739611,17.1377665717777));
#2133=CARTESIAN_POINT('Ctrl Pts',(-45.1355588536106,-24.9361893581981,17.1423248948069));
#2134=CARTESIAN_POINT('Ctrl Pts',(-45.1377735261246,-24.9538779253068,17.1466578511696));
#2135=CARTESIAN_POINT('Ctrl Pts',(-45.1465875540666,-25.0242754778834,17.1639022962102));
#2136=CARTESIAN_POINT('Ctrl Pts',(-45.1496114491268,-25.0957733684916,17.1773678124946));
#2137=CARTESIAN_POINT('Ctrl Pts',(-45.1465930389971,-25.1675798269235,17.1865816736696));
#2138=CARTESIAN_POINT('Ctrl Pts',(-45.1441597966027,-25.225465439328,17.1940092784892));
#2139=CARTESIAN_POINT('Ctrl Pts',(-45.1377998259333,-25.2835517540554,17.1986727947813));
#2140=CARTESIAN_POINT('Ctrl Pts',(-45.1273793390683,-25.3414293963332,17.2003006666345));
#2141=CARTESIAN_POINT('Ctrl Pts',(-45.1120891996031,-25.4263541444578,17.2026892678571));
#2142=CARTESIAN_POINT('Ctrl Pts',(-45.0884274517631,-25.5088385216455,17.198489247886));
#2143=CARTESIAN_POINT('Ctrl Pts',(-45.0570989249283,-25.5878241763799,17.1876958193183));
#2144=CARTESIAN_POINT('Ctrl Pts',(-45.0416765460214,-25.6267071631844,17.1823824400473));
#2145=CARTESIAN_POINT('Ctrl Pts',(-45.0243964366272,-25.6647424204768,17.1754717726493));
#2146=CARTESIAN_POINT('Ctrl Pts',(-45.0053441974454,-25.7018042383043,17.1669679507847));
#2147=CARTESIAN_POINT('Ctrl Pts',(-44.9752999488679,-25.7602485217779,17.1535579292371));
#2148=CARTESIAN_POINT('Ctrl Pts',(-44.9414179994356,-25.8152139752931,17.1364444853009));
#2149=CARTESIAN_POINT('Ctrl Pts',(-44.9043432385185,-25.8665982351953,17.1159976960249));
#2150=CARTESIAN_POINT('Ctrl Pts',(-44.8678448775724,-25.9171836258618,17.0958687922444));
#2151=CARTESIAN_POINT('Ctrl Pts',(-44.8282522762503,-25.964298430163,17.0725093042968));
#2152=CARTESIAN_POINT('Ctrl Pts',(-44.786189562538,-26.007839773615,17.0463220358999));
#2153=CARTESIAN_POINT('Ctrl Pts',(-44.7728569549309,-26.0216410621125,17.038021464134));
#2154=CARTESIAN_POINT('Ctrl Pts',(-44.759276239007,-26.0350832789215,17.0294371690236));
#2155=CARTESIAN_POINT('Ctrl Pts',(-44.745467462873,-26.0481630091584,17.0205830548128));
#2156=CARTESIAN_POINT('Ctrl Pts',(-44.6975656483721,-26.0935358072574,16.989868664748));
#2157=CARTESIAN_POINT('Ctrl Pts',(-44.6473114055262,-26.1341834811233,16.956155980271));
#2158=CARTESIAN_POINT('Ctrl Pts',(-44.5954351025986,-26.170291993224,16.9200503927481));
#2159=CARTESIAN_POINT('Ctrl Pts',(-44.543558799671,-26.2064005053247,16.8839448052253));
#2160=CARTESIAN_POINT('Ctrl Pts',(-44.4900606152759,-26.2379698810131,16.845446718714));
#2161=CARTESIAN_POINT('Ctrl Pts',(-44.4356776181472,-26.265176762773,16.8052148513996));
#2162=CARTESIAN_POINT('Ctrl Pts',(-44.4321768199069,-26.266928152156,16.8026250042464));
#2163=CARTESIAN_POINT('Ctrl Pts',(-44.4286721126298,-26.2686615961002,16.8000278104097));
#2164=CARTESIAN_POINT('Ctrl Pts',(-44.4251636352705,-26.270377155432,16.7974234066417));
#2165=CARTESIAN_POINT('Ctrl Pts',(-44.35988468704,-26.3022969591916,16.7489657079504));
#2166=CARTESIAN_POINT('Ctrl Pts',(-44.2932710612071,-26.3280375094268,16.6979840078004));
#2167=CARTESIAN_POINT('Ctrl Pts',(-44.2262279956026,-26.3479694676767,16.6454386821552));
#2168=CARTESIAN_POINT('Ctrl Pts',(-44.2036185119787,-26.3546912856542,16.6277183904445));
#2169=CARTESIAN_POINT('Ctrl Pts',(-44.180960237808,-26.3607523893644,16.6098207269302));
#2170=CARTESIAN_POINT('Ctrl Pts',(-44.1582879916496,-26.3661667111029,16.5917837234856));
#2171=CARTESIAN_POINT('Ctrl Pts',(-44.0620036443147,-26.3891602174016,16.5151842947212));
#2172=CARTESIAN_POINT('Ctrl Pts',(-43.9648284725143,-26.4006487581218,16.4355585191114));
#2173=CARTESIAN_POINT('Ctrl Pts',(-43.8687357115619,-26.4013740508021,16.3552341706507));
#2174=CARTESIAN_POINT('Ctrl Pts',(-43.7608093452368,-26.4021886616295,16.26501806102));
#2175=CARTESIAN_POINT('Ctrl Pts',(-43.6532428324996,-26.3894333817444,16.173083629673));
#2176=CARTESIAN_POINT('Ctrl Pts',(-43.5485709628649,-26.3634209503288,16.0824557976109));
#2177=CARTESIAN_POINT('Ctrl Pts',(-43.5342573896489,-26.3598638261187,16.0700627056163));
#2178=CARTESIAN_POINT('Ctrl Pts',(-43.519997882542,-26.3560588065644,16.0576939888389));
#2179=CARTESIAN_POINT('Ctrl Pts',(-43.5057988536343,-26.3520067089154,16.0453572814306));
#2180=CARTESIAN_POINT('Ctrl Pts',(-43.4267264600385,-26.3294411474058,15.9766558941595));
#2181=CARTESIAN_POINT('Ctrl Pts',(-43.3487600133633,-26.29899990251,15.9082801148657));
#2182=CARTESIAN_POINT('Ctrl Pts',(-43.2734017957076,-26.2604896879166,15.8418491452705));
#2183=CARTESIAN_POINT('Ctrl Pts',(-43.2131405540647,-26.2296944618678,15.7887267010847));
#2184=CARTESIAN_POINT('Ctrl Pts',(-43.1545469760012,-26.1937393359098,15.7368487415676));
#2185=CARTESIAN_POINT('Ctrl Pts',(-43.0983751594027,-26.1525306534794,15.6870089098373));
#2186=CARTESIAN_POINT('Ctrl Pts',(-43.0733287437232,-26.1341561402046,15.664785858875));
#2187=CARTESIAN_POINT('Ctrl Pts',(-43.0487636212838,-26.1147372131084,15.6429674479888));
#2188=CARTESIAN_POINT('Ctrl Pts',(-43.0247456262433,-26.0942660351683,15.6216207128236));
#2189=CARTESIAN_POINT('Ctrl Pts',(-42.9794108727888,-26.0556260153303,15.581328050004));
#2190=CARTESIAN_POINT('Ctrl Pts',(-42.9359074687934,-26.0131165171402,15.5426124969176));
#2191=CARTESIAN_POINT('Ctrl Pts',(-42.8949750113241,-25.9667538244799,15.5061606782256));
#2192=CARTESIAN_POINT('Ctrl Pts',(-42.8540425538548,-25.9203911318195,15.4697088595336));
#2193=CARTESIAN_POINT('Ctrl Pts',(-42.815681095838,-25.8701751714051,15.4355216422338));
#2194=CARTESIAN_POINT('Ctrl Pts',(-42.7806161163633,-25.8161278375089,15.4042313650074));
#2195=CARTESIAN_POINT('Ctrl Pts',(-42.7806179903743,-25.8161286240287,15.4042328052816));
#2196=CARTESIAN_POINT('Ctrl Pts',(-42.7635204836312,-25.7897901706837,15.3889761577315));
#2197=CARTESIAN_POINT('Ctrl Pts',(-42.7472051749865,-25.7625425592694,15.3744062943516));
#2198=CARTESIAN_POINT('Ctrl Pts',(-42.669916792369,-25.6216051495807,15.3052932616132));
#2199=CARTESIAN_POINT('Ctrl Pts',(-42.6232034985611,-25.496311722303,15.2632841053318));
#2200=CARTESIAN_POINT('Ctrl Pts',(-42.5814542643725,-25.2810330585759,15.2235604463405));
#2201=CARTESIAN_POINT('Ctrl Pts',(-42.5735359539282,-25.1992772644261,15.2151375001478));
#2202=CARTESIAN_POINT('Ctrl Pts',(-42.5734990615307,-25.1170670108555,15.2130239753115));
#2203=CARTESIAN_POINT('Ctrl Pts',(-38.6285792472774,-20.1330050715469,12.8532601181037));
#2204=CARTESIAN_POINT('Ctrl Pts',(-38.8464212695449,-20.0924040445753,12.9661077066601));
#2205=CARTESIAN_POINT('Ctrl Pts',(-39.0653192465643,-20.0509878925759,13.0814779445349));
#2206=CARTESIAN_POINT('Ctrl Pts',(-40.5162704105362,-19.772247892508,13.8563286238114));
#2207=CARTESIAN_POINT('Ctrl Pts',(-41.7827974109611,-19.5089913935109,14.5797708242039));
#2208=CARTESIAN_POINT('Ctrl Pts',(-43.0686076356494,-19.2448425402943,15.2085724813875));
#2209=CARTESIAN_POINT('Ctrl Pts',(-38.701965782605,-20.7598571389312,12.8228258957067));
#2210=CARTESIAN_POINT('Ctrl Pts',(-38.920577874529,-20.7182100142993,12.941637822756));
#2211=CARTESIAN_POINT('Ctrl Pts',(-39.1403315937247,-20.6757469690606,13.0631605372151));
#2212=CARTESIAN_POINT('Ctrl Pts',(-40.5975692848077,-20.3900678028718,13.8798647151183));
#2213=CARTESIAN_POINT('Ctrl Pts',(-41.8723116702188,-20.1207326173316,14.6447271418225));
#2214=CARTESIAN_POINT('Ctrl Pts',(-43.1648146979144,-19.8548190782711,15.3080309725072));
#2215=CARTESIAN_POINT('Ctrl Pts',(-38.7708755367103,-21.3789334508427,12.7900707792091));
#2216=CARTESIAN_POINT('Ctrl Pts',(-38.9902968171986,-21.3363360894142,12.9151694947185));
#2217=CARTESIAN_POINT('Ctrl Pts',(-39.2109509807948,-21.2929130225716,13.0431857873871));
#2218=CARTESIAN_POINT('Ctrl Pts',(-40.674827347387,-21.0007920359541,13.9041286612416));
#2219=CARTESIAN_POINT('Ctrl Pts',(-41.9584281001554,-20.7254315380671,14.713083270563));
#2220=CARTESIAN_POINT('Ctrl Pts',(-43.2581777722543,-20.4578478877815,15.4125577494724));
#2221=CARTESIAN_POINT('Ctrl Pts',(-38.9406440951817,-22.9644315193727,12.6914689071992));
#2222=CARTESIAN_POINT('Ctrl Pts',(-39.1622759344068,-22.919703405449,12.8337106511798));
#2223=CARTESIAN_POINT('Ctrl Pts',(-39.3853938062866,-22.8740944592545,12.9794607100303));
#2224=CARTESIAN_POINT('Ctrl Pts',(-40.8674918837367,-22.5670267648481,13.961417517082));
#2225=CARTESIAN_POINT('Ctrl Pts',(-42.1757556709884,-22.2763335495513,14.891945584234));
#2226=CARTESIAN_POINT('Ctrl Pts',(-43.4956486005534,-22.0046084276814,15.6895768381641));
#2227=CARTESIAN_POINT('Ctrl Pts',(-39.0370869363012,-23.9240435901401,12.6174923305598));
#2228=CARTESIAN_POINT('Ctrl Pts',(-39.260181912093,-23.8783593930166,12.7711289991416));
#2229=CARTESIAN_POINT('Ctrl Pts',(-39.4849256150902,-23.8317228356528,12.9286892170729));
#2230=CARTESIAN_POINT('Ctrl Pts',(-40.9790511924637,-23.5171686530882,13.9914059596613));
#2231=CARTESIAN_POINT('Ctrl Pts',(-42.3040193456005,-23.2168845024538,15.0039051633802));
#2232=CARTESIAN_POINT('Ctrl Pts',(-43.637582098137,-22.9425142296414,15.8662594943142));
#2233=CARTESIAN_POINT('Ctrl Pts',(-39.1333736004108,-24.8832955147838,12.5433592874689));
#2234=CARTESIAN_POINT('Ctrl Pts',(-39.358291701889,-24.8365337119463,12.7100129704817));
#2235=CARTESIAN_POINT('Ctrl Pts',(-39.58502111265,-24.7887467257349,12.8809435232018));
#2236=CARTESIAN_POINT('Ctrl Pts',(-41.0929502858579,-24.4664782606499,14.0329461551573));
#2237=CARTESIAN_POINT('Ctrl Pts',(-42.4356871171128,-24.1556320448488,15.1304877810776));
#2238=CARTESIAN_POINT('Ctrl Pts',(-43.7835575707003,-23.877744856272,16.0588682319517));
#2239=CARTESIAN_POINT('',(-40.3493562701193,-24.4515340081697,13.4833787505853));
#2240=CARTESIAN_POINT('',(-41.1849104489744,-24.4404341776918,14.1192876127714));
#2241=CARTESIAN_POINT('Ctrl Pts',(-41.1849104489751,-24.4404341776918,14.1192876127719));
#2242=CARTESIAN_POINT('Ctrl Pts',(-40.9120199943622,-24.4441032538109,13.909086382687));
#2243=CARTESIAN_POINT('Ctrl Pts',(-40.6330624747674,-24.4478237906011,13.6959369727308));
#2244=CARTESIAN_POINT('Ctrl Pts',(-40.349356270102,-24.4515340081693,13.4833787506083));
#2245=CARTESIAN_POINT('',(-43.0777563231438,-22.4338350879129,15.4590623225238));
#2246=CARTESIAN_POINT('Ctrl Pts',(-43.0777563231425,-22.4338350879133,15.4590623225229));
#2247=CARTESIAN_POINT('Ctrl Pts',(-42.8303738753344,-22.5104637197846,15.3014754783336));
#2248=CARTESIAN_POINT('Ctrl Pts',(-42.592193001201,-22.6217712439574,15.1469643601191));
#2249=CARTESIAN_POINT('Ctrl Pts',(-42.0999152692062,-22.944188193949,14.8179578888326));
#2250=CARTESIAN_POINT('Ctrl Pts',(-41.8552011836264,-23.1716576926983,14.6471968212657));
#2251=CARTESIAN_POINT('Ctrl Pts',(-41.4615070753747,-23.7035114358211,14.3554384657368));
#2252=CARTESIAN_POINT('Ctrl Pts',(-41.3099101545469,-24.0022727672487,14.2332920002399));
#2253=CARTESIAN_POINT('Ctrl Pts',(-41.2040163714271,-24.3663627547152,14.1371802612469));
#2254=CARTESIAN_POINT('Ctrl Pts',(-41.1940907170688,-24.4032755944279,14.1279845370763));
#2255=CARTESIAN_POINT('Ctrl Pts',(-41.1849104489744,-24.4404341776918,14.1192876127714));
#2256=CARTESIAN_POINT('',(-43.0818881101174,-19.3291139109842,15.22235240534));
#2257=CARTESIAN_POINT('Ctrl Pts',(-43.0777563231438,-22.4338350879129,15.4590623225238));
#2258=CARTESIAN_POINT('Ctrl Pts',(-43.0779166903501,-22.2955477468395,15.4498748914284));
#2259=CARTESIAN_POINT('Ctrl Pts',(-43.0780802885117,-22.1572820444121,15.4405023590313));
#2260=CARTESIAN_POINT('Ctrl Pts',(-43.0782472351079,-22.0190461363708,15.4309379949382));
#2261=CARTESIAN_POINT('Ctrl Pts',(-43.0794297216985,-21.0399180123129,15.3631933835341));
#2262=CARTESIAN_POINT('Ctrl Pts',(-43.0808040086442,-20.0774016342099,15.2844605371474));
#2263=CARTESIAN_POINT('Ctrl Pts',(-43.0818881101174,-19.3291139109842,15.22235240534));
#2264=CARTESIAN_POINT('',(-38.8167443458178,-21.8080562472646,12.7632143008196));
#2265=CARTESIAN_POINT('Ctrl Pts',(-43.081888110559,-19.3291139120103,15.2223524049023));
#2266=CARTESIAN_POINT('Ctrl Pts',(-41.7060198938289,-19.462295110816,14.5323610642693));
#2267=CARTESIAN_POINT('Ctrl Pts',(-40.3923492244815,-20.0844584730316,13.817670165353));
#2268=CARTESIAN_POINT('Ctrl Pts',(-39.4138667899666,-21.0901115656168,13.176229040373));
#2269=CARTESIAN_POINT('Ctrl Pts',(-39.1982284168229,-21.3117378198884,13.0348679737057));
#2270=CARTESIAN_POINT('Ctrl Pts',(-38.9981273210009,-21.5517342390325,12.8969171200264));
#2271=CARTESIAN_POINT('Ctrl Pts',(-38.8167637945348,-21.8080847089504,12.7631809442737));
#2272=CARTESIAN_POINT('',(-40.352824286424,-21.792017713576,13.6820612689317));
#2273=CARTESIAN_POINT('Ctrl Pts',(-38.8167446562249,-21.8080563997072,12.7632144561122));
#2274=CARTESIAN_POINT('Ctrl Pts',(-38.9496811936315,-21.8067404927099,12.8386015832421));
#2275=CARTESIAN_POINT('Ctrl Pts',(-39.081791389003,-21.8054104576294,12.9147182590459));
#2276=CARTESIAN_POINT('Ctrl Pts',(-39.2135788731089,-21.8040662767213,12.9917460415867));
#2277=CARTESIAN_POINT('Ctrl Pts',(-39.3075055683556,-21.8031082610845,13.046644768164));
#2278=CARTESIAN_POINT('Ctrl Pts',(-39.4012685466806,-21.8021428613156,13.1020073932382));
#2279=CARTESIAN_POINT('Ctrl Pts',(-39.4950543924842,-21.801166799756,13.1579148407859));
#2280=CARTESIAN_POINT('Ctrl Pts',(-39.4950552226835,-21.8011667911159,13.1579153356828));
#2281=CARTESIAN_POINT('Ctrl Pts',(-39.4950560528828,-21.8011667824757,13.1579158305797));
#2282=CARTESIAN_POINT('Ctrl Pts',(-39.4950568830821,-21.8011667738355,13.1579163254767));
#2283=CARTESIAN_POINT('Ctrl Pts',(-39.5973498597806,-21.8001021754738,13.2188950385619));
#2284=CARTESIAN_POINT('Ctrl Pts',(-39.6996778005895,-21.7990261535389,13.2805200429191));
#2285=CARTESIAN_POINT('Ctrl Pts',(-39.8022935598301,-21.7979377183294,13.3428617128515));
#2286=CARTESIAN_POINT('Ctrl Pts',(-39.8022941267846,-21.7979377123158,13.3428620572907));
#2287=CARTESIAN_POINT('Ctrl Pts',(-39.802294693739,-21.7979377063022,13.3428624017299));
#2288=CARTESIAN_POINT('Ctrl Pts',(-39.8022952606935,-21.7979377002885,13.3428627461692));
#2289=CARTESIAN_POINT('Ctrl Pts',(-39.9588547151837,-21.796277089491,13.4379765848975));
#2290=CARTESIAN_POINT('Ctrl Pts',(-40.116085394582,-21.7945873346308,13.5347588439646));
#2291=CARTESIAN_POINT('Ctrl Pts',(-40.2748690186825,-21.7928647133736,13.6334858838206));
#2292=CARTESIAN_POINT('Ctrl Pts',(-40.3008276735047,-21.79258309157,13.6496262204817));
#2293=CARTESIAN_POINT('Ctrl Pts',(-40.3268278940088,-21.7923005653349,13.6658186274536));
#2294=CARTESIAN_POINT('Ctrl Pts',(-40.3528736010675,-21.7920170916759,13.6820644032192));
#2295=CARTESIAN_POINT('Ctrl Pts',(-40.352824286424,-21.792017713576,13.6820612689317));
#2296=CARTESIAN_POINT('Ctrl Pts',(-40.3518552270172,-22.7240141658703,13.6265438926982));
#2297=CARTESIAN_POINT('Ctrl Pts',(-40.3506330359014,-23.6152425312122,13.556524610569));
#2298=CARTESIAN_POINT('Ctrl Pts',(-40.3493562701674,-24.451534008176,13.4833787506566));
#2299=CARTESIAN_POINT('Origin',(-43.777775,-25.117067,-2.25));
#2300=CARTESIAN_POINT('',(-38.6801190899952,-25.4861540130384,-3.5));
#2301=CARTESIAN_POINT('',(-37.1796707766378,-25.5297916753589,-0.999999999999979));
#2302=CARTESIAN_POINT('Ctrl Pts',(-38.6801190899952,-25.4861540130384,-3.5));
#2303=CARTESIAN_POINT('Ctrl Pts',(-38.026002229199,-25.5051737077498,-2.41036241975461));
#2304=CARTESIAN_POINT('Ctrl Pts',(-37.1796707766378,-25.5297916753589,-0.999999999999979));
#2305=CARTESIAN_POINT('',(-38.6801190899952,-24.7479799869617,-3.5));
#2306=CARTESIAN_POINT('Origin',(-43.777775,-25.117067,-3.5));
#2307=CARTESIAN_POINT('',(-37.1796707766378,-24.7043423246411,-0.999999999999979));
#2308=CARTESIAN_POINT('Ctrl Pts',(-37.1796707766378,-24.7043423246411,-0.999999999999979));
#2309=CARTESIAN_POINT('Ctrl Pts',(-38.0260022290771,-24.7289602922467,-2.4103624195514));
#2310=CARTESIAN_POINT('Ctrl Pts',(-38.6801190899953,-24.7479799869617,-3.50000000000009));
#2311=CARTESIAN_POINT('Origin',(-43.777775,-25.117067,-1.));
#2312=CARTESIAN_POINT('Origin',(-40.9197351084502,-24.617067,4.));
#2313=CARTESIAN_POINT('',(-39.0026777906368,-24.7479799869617,-3.5));
#2314=CARTESIAN_POINT('',(-42.3903167172898,-24.7479799869617,-3.5));
#2315=CARTESIAN_POINT('',(-38.7264144702076,-24.4717166669422,12.3271150273664));
#2316=CARTESIAN_POINT('',(-38.8909027240278,-24.6362049203527,2.90358927730363));
#2317=CARTESIAN_POINT('',(-37.7633836920102,-24.4824645912513,11.7113673712668));
#2318=CARTESIAN_POINT('Ctrl Pts',(-38.7264144701393,-24.471716666531,12.3271150274612));
#2319=CARTESIAN_POINT('Ctrl Pts',(-38.4102840120105,-24.4754108272625,12.1154767008909));
#2320=CARTESIAN_POINT('Ctrl Pts',(-38.0891173335485,-24.4790092370899,11.9093239399477));
#2321=CARTESIAN_POINT('Ctrl Pts',(-37.7633836901745,-24.4824645817994,11.7113673741225));
#2322=CARTESIAN_POINT('Ctrl Pts',(-37.76338369459,-24.4824645817525,11.7113673768059));
#2323=CARTESIAN_POINT('Ctrl Pts',(-37.6715554007833,-24.4834386856432,11.6555610022839));
#2324=CARTESIAN_POINT('Ctrl Pts',(-37.5888481582545,-24.4846564318215,11.585796369029));
#2325=CARTESIAN_POINT('Ctrl Pts',(-37.444231588009,-24.4875281625125,11.4212750279324));
#2326=CARTESIAN_POINT('Ctrl Pts',(-37.3839206804262,-24.4891828757432,11.3264765718522));
#2327=CARTESIAN_POINT('Ctrl Pts',(-37.2802598285093,-24.4932898218669,11.0911897860086));
#2328=CARTESIAN_POINT('Ctrl Pts',(-37.2484667762128,-24.4957995184413,10.9474093655587));
#2329=CARTESIAN_POINT('Ctrl Pts',(-37.2456750886853,-24.4983392699053,10.8019071016323));
#2330=CARTESIAN_POINT('',(-37.1849239964953,-24.627540038957,3.4));
#2331=CARTESIAN_POINT('',(-42.3487550542251,-24.627540038957,3.4));
#2332=CARTESIAN_POINT('Origin',(-43.777775,-25.117067,-24.6449808153797));
#2333=CARTESIAN_POINT('Origin',(-43.777775,-25.117067,-3.50000023841858));
#2334=CARTESIAN_POINT('',(-37.1849239964953,-25.6065939610431,3.4));
#2335=CARTESIAN_POINT('Origin',(-43.777775,-25.117067,3.4));
#2336=CARTESIAN_POINT('Origin',(-43.777775,-25.117067,-24.6449808153797));
#2337=CARTESIAN_POINT('Origin',(-43.777775,-25.117067,-2.25));
#2338=CARTESIAN_POINT('',(-48.8754309100047,-24.7479799869617,-3.5));
#2339=CARTESIAN_POINT('',(-50.3758792233622,-24.7043423246411,-0.999999999999979));
#2340=CARTESIAN_POINT('Ctrl Pts',(-48.8754309100047,-24.7479799869617,-3.50000000000009));
#2341=CARTESIAN_POINT('Ctrl Pts',(-49.5295477709903,-24.7289602922447,-2.41036241943872));
#2342=CARTESIAN_POINT('Ctrl Pts',(-50.3758792233622,-24.7043423246411,-0.999999999999979));
#2343=CARTESIAN_POINT('',(-48.8754309100047,-25.4861540130384,-3.5));
#2344=CARTESIAN_POINT('Origin',(-43.777775,-25.117067,-3.5));
#2345=CARTESIAN_POINT('',(-50.3758792233622,-25.5297916753589,-0.999999999999979));
#2346=CARTESIAN_POINT('Ctrl Pts',(-50.3758792233622,-25.5297916753589,-0.999999999999979));
#2347=CARTESIAN_POINT('Ctrl Pts',(-49.5295477710236,-25.5051737077563,-2.41036241938324));
#2348=CARTESIAN_POINT('Ctrl Pts',(-48.8754309100047,-25.4861540130384,-3.5));
#2349=CARTESIAN_POINT('Origin',(-43.777775,-25.117067,-1.));
#2350=CARTESIAN_POINT('Origin',(-40.9197351084502,-24.617067,4.));
#2351=CARTESIAN_POINT('',(-50.3706260035047,-24.627540038957,3.4));
#2352=CARTESIAN_POINT('Origin',(-43.777775,-25.117067,-24.6449808153797));
#2353=CARTESIAN_POINT('',(-42.3487550542251,-24.627540038957,3.4));
#2354=CARTESIAN_POINT('',(-49.3195682530392,-24.3487601279881,19.3712904068622));
#2355=CARTESIAN_POINT('Ctrl Pts',(-50.1542897559824,-24.3585192373242,18.8136601447463));
#2356=CARTESIAN_POINT('Ctrl Pts',(-50.1539055814977,-24.3581814199315,18.8329649816765));
#2357=CARTESIAN_POINT('Ctrl Pts',(-50.1526352216466,-24.3578303745254,18.8522959057781));
#2358=CARTESIAN_POINT('Ctrl Pts',(-50.1505263747532,-24.3574826074518,18.8715340624345));
#2359=CARTESIAN_POINT('Ctrl Pts',(-50.1482651500125,-24.3571097119546,18.8921623005168));
#2360=CARTESIAN_POINT('Ctrl Pts',(-50.1450403807187,-24.3567402989502,18.9126845059849));
#2361=CARTESIAN_POINT('Ctrl Pts',(-50.1408836331571,-24.3563801726202,18.9330046281719));
#2362=CARTESIAN_POINT('Ctrl Pts',(-50.1400444056014,-24.3563074648276,18.9371071641621));
#2363=CARTESIAN_POINT('Ctrl Pts',(-50.139167091663,-24.3562350996143,18.9412015983189));
#2364=CARTESIAN_POINT('Ctrl Pts',(-50.138251800708,-24.3561630759373,18.9452873302564));
#2365=CARTESIAN_POINT('Ctrl Pts',(-50.1333225646272,-24.3557751974099,18.9672907567878));
#2366=CARTESIAN_POINT('Ctrl Pts',(-50.1273067499062,-24.3553995135209,18.988985394821));
#2367=CARTESIAN_POINT('Ctrl Pts',(-50.1202225506641,-24.35503447027,19.0102799577152));
#2368=CARTESIAN_POINT('Ctrl Pts',(-50.1128130293743,-24.3546526634281,19.0325524138857));
#2369=CARTESIAN_POINT('Ctrl Pts',(-50.104235338334,-24.3542820165377,19.0543883715228));
#2370=CARTESIAN_POINT('Ctrl Pts',(-50.094466408575,-24.3539149129884,19.075716160787));
#2371=CARTESIAN_POINT('Ctrl Pts',(-50.0938094155181,-24.3538902240523,19.0771505256365));
#2372=CARTESIAN_POINT('Ctrl Pts',(-50.0931470166722,-24.3538655506823,19.0785825998311));
#2373=CARTESIAN_POINT('Ctrl Pts',(-50.0924791972269,-24.3538408905128,19.0800123645384));
#2374=CARTESIAN_POINT('Ctrl Pts',(-50.0847504450892,-24.3535554955024,19.0965591978415));
#2375=CARTESIAN_POINT('Ctrl Pts',(-50.076322878149,-24.3532737392432,19.1127412677558));
#2376=CARTESIAN_POINT('Ctrl Pts',(-50.067183866512,-24.3529911058852,19.128529253988));
#2377=CARTESIAN_POINT('Ctrl Pts',(-50.0557675145593,-24.3526380434298,19.1482514312444));
#2378=CARTESIAN_POINT('Ctrl Pts',(-50.0432434380488,-24.3522832951284,19.1673585069437));
#2379=CARTESIAN_POINT('Ctrl Pts',(-50.0296945248935,-24.3519389258905,19.1857102884471));
#2380=CARTESIAN_POINT('Ctrl Pts',(-50.0158251873067,-24.3515864125073,19.2044960796077));
#2381=CARTESIAN_POINT('Ctrl Pts',(-50.0008814605006,-24.3512442756785,19.2224920001153));
#2382=CARTESIAN_POINT('Ctrl Pts',(-49.9849003110419,-24.3509347549569,19.2395432906185));
#2383=CARTESIAN_POINT('Ctrl Pts',(-49.9771179730102,-24.350784027696,19.2478467550794));
#2384=CARTESIAN_POINT('Ctrl Pts',(-49.9690888965044,-24.3506412207414,19.2559259955816));
#2385=CARTESIAN_POINT('Ctrl Pts',(-49.960813583644,-24.3505102326676,19.2637610426197));
#2386=CARTESIAN_POINT('Ctrl Pts',(-49.9588860348281,-24.3504797219291,19.2655860413715));
#2387=CARTESIAN_POINT('Ctrl Pts',(-49.9569466111,-24.3504498832077,19.2673963692261));
#2388=CARTESIAN_POINT('Ctrl Pts',(-49.9549953616248,-24.350420754641,19.2691918151318));
#2389=CARTESIAN_POINT('Ctrl Pts',(-49.9379789802537,-24.3501667313568,19.2848494707264));
#2390=CARTESIAN_POINT('Ctrl Pts',(-49.9200665721189,-24.3499651158558,19.2993780956068));
#2391=CARTESIAN_POINT('Ctrl Pts',(-49.9013869723992,-24.349778844663,19.3127943633007));
#2392=CARTESIAN_POINT('Ctrl Pts',(-49.8823014445694,-24.3495885255937,19.3265021811494));
#2393=CARTESIAN_POINT('Ctrl Pts',(-49.8624137085455,-24.349414170893,19.3390493227019));
#2394=CARTESIAN_POINT('Ctrl Pts',(-49.8418303846474,-24.349236886561,19.3504138574312));
#2395=CARTESIAN_POINT('Ctrl Pts',(-49.8215761307775,-24.3490624365118,19.3615967048985));
#2396=CARTESIAN_POINT('Ctrl Pts',(-49.8006469417397,-24.3488851788824,19.371634806881));
#2397=CARTESIAN_POINT('Ctrl Pts',(-49.7791354500285,-24.3487068779688,19.3804628893775));
#2398=CARTESIAN_POINT('Ctrl Pts',(-49.7763588050749,-24.3486838633709,19.3816023943008));
#2399=CARTESIAN_POINT('Ctrl Pts',(-49.7735724629831,-24.3486608585512,19.3827216732113));
#2400=CARTESIAN_POINT('Ctrl Pts',(-49.7707766307817,-24.3486378915885,19.3838205256976));
#2401=CARTESIAN_POINT('Ctrl Pts',(-49.7487133546283,-24.3484566480791,19.3924921068616));
#2402=CARTESIAN_POINT('Ctrl Pts',(-49.7262367644695,-24.3482763018183,19.3998260608797));
#2403=CARTESIAN_POINT('Ctrl Pts',(-49.7034527046879,-24.3481128997022,19.4057591339321));
#2404=CARTESIAN_POINT('Ctrl Pts',(-49.6829657192996,-24.3479659716834,19.4110940383387));
#2405=CARTESIAN_POINT('Ctrl Pts',(-49.6622291074995,-24.3478330072928,19.4152959299775));
#2406=CARTESIAN_POINT('Ctrl Pts',(-49.6413319938717,-24.347741650825,19.4182749895153));
#2407=CARTESIAN_POINT('Ctrl Pts',(-49.638988934427,-24.3477314076097,19.4186090123718));
#2408=CARTESIAN_POINT('Ctrl Pts',(-49.6366438797238,-24.3477217034598,19.4189276152752));
#2409=CARTESIAN_POINT('Ctrl Pts',(-49.6342969743258,-24.3477125895237,19.4192306353685));
#2410=CARTESIAN_POINT('Ctrl Pts',(-49.6111287074067,-24.3476226182345,19.422222000257));
#2411=CARTESIAN_POINT('Ctrl Pts',(-49.5877769166861,-24.3475893804528,19.4236973684039));
#2412=CARTESIAN_POINT('Ctrl Pts',(-49.564301577641,-24.347596757296,19.4237088321705));
#2413=CARTESIAN_POINT('Ctrl Pts',(-49.5590386466035,-24.3475984111088,19.4237114022298));
#2414=CARTESIAN_POINT('Ctrl Pts',(-49.5537696727019,-24.3476021394535,19.4236402783754));
#2415=CARTESIAN_POINT('Ctrl Pts',(-49.5484956487956,-24.3476078077012,19.4234958662816));
#2416=CARTESIAN_POINT('Ctrl Pts',(-49.5267249247438,-24.3476312057475,19.4228997453877));
#2417=CARTESIAN_POINT('Ctrl Pts',(-49.5050274406637,-24.3476854188171,19.4210610441103));
#2418=CARTESIAN_POINT('Ctrl Pts',(-49.483457659,-24.3477635241317,19.4180461234323));
#2419=CARTESIAN_POINT('Ctrl Pts',(-49.462937954842,-24.3478378270603,19.4151779775541));
#2420=CARTESIAN_POINT('Ctrl Pts',(-49.4425330738673,-24.3479342029648,19.4112443714442));
#2421=CARTESIAN_POINT('Ctrl Pts',(-49.4223310225648,-24.348048649279,19.4062853530648));
#2422=CARTESIAN_POINT('Ctrl Pts',(-49.4039444762704,-24.3481528106051,19.4017719885731));
#2423=CARTESIAN_POINT('Ctrl Pts',(-49.3857257346143,-24.3482722354582,19.3964085455355));
#2424=CARTESIAN_POINT('Ctrl Pts',(-49.3677818846425,-24.3484005805522,19.3902219688525));
#2425=CARTESIAN_POINT('Ctrl Pts',(-49.3514432146944,-24.3485174444434,19.3845888168426));
#2426=CARTESIAN_POINT('Ctrl Pts',(-49.3353324023465,-24.3486418769728,19.3782728143318));
#2427=CARTESIAN_POINT('Ctrl Pts',(-49.3195673100441,-24.348763159491,19.3712985138598));
#2428=CARTESIAN_POINT('',(-48.9491676418175,-24.3516845545097,19.2037501197488));
#2429=CARTESIAN_POINT('Ctrl Pts',(-49.3195682530392,-24.3487601279881,19.3712904068622));
#2430=CARTESIAN_POINT('Ctrl Pts',(-49.1956459074614,-24.349717274178,19.3164555383661));
#2431=CARTESIAN_POINT('Ctrl Pts',(-49.0721786488365,-24.3506922399926,19.2605997811332));
#2432=CARTESIAN_POINT('Ctrl Pts',(-48.9491676418175,-24.3516845545097,19.2037501197488));
#2433=CARTESIAN_POINT('',(-48.5528722093632,-24.7479799869617,-3.5));
#2434=CARTESIAN_POINT('',(-48.6646905019374,-24.6361616943875,2.90606569118979));
#2435=CARTESIAN_POINT('',(-42.3903167172898,-24.7479799869617,-3.5));
#2436=CARTESIAN_POINT('Origin',(-43.8608983261294,-25.117067,-3.5));
#2437=CARTESIAN_POINT('',(-48.5528722093632,-25.4861540130384,-3.5));
#2438=CARTESIAN_POINT('',(-48.5528722093632,-23.617067,-3.5));
#2439=CARTESIAN_POINT('',(-47.3548991319508,-25.4861540130384,-3.5));
#2440=CARTESIAN_POINT('Origin',(-43.777775,-25.117067,-3.50000023841858));
#2441=CARTESIAN_POINT('',(-50.3706260035047,-25.6065939610431,3.4));
#2442=CARTESIAN_POINT('Origin',(-43.777775,-25.117067,-24.6449808153797));
#2443=CARTESIAN_POINT('Origin',(-43.777775,-25.117067,3.4));
#2444=CARTESIAN_POINT('Origin',(-43.777775,-25.117067,-0.0130893048279682));
#2445=CARTESIAN_POINT('',(-50.1452722051137,-25.8836561079275,19.2728789552912));
#2446=CARTESIAN_POINT('',(-50.4503809592735,-25.6065939611479,3.40000000139408));
#2447=CARTESIAN_POINT('Ctrl Pts',(-50.145272292437,-25.8836560939277,19.2728789576884));
#2448=CARTESIAN_POINT('Ctrl Pts',(-50.2978266258545,-25.7483663384519,11.5221340574416));
#2449=CARTESIAN_POINT('Ctrl Pts',(-50.450380959272,-25.6065939611493,3.40000000147372));
#2450=CARTESIAN_POINT('',(-44.4929541302932,-31.5422731845605,16.3276041003453));
#2451=CARTESIAN_POINT('Ctrl Pts',(-50.1452722067415,-25.8836561089978,19.2728789518019));
#2452=CARTESIAN_POINT('Ctrl Pts',(-50.061549567573,-26.5547220344396,19.4396697820606));
#2453=CARTESIAN_POINT('Ctrl Pts',(-49.8684615438345,-27.2299269070266,19.5554145948493));
#2454=CARTESIAN_POINT('Ctrl Pts',(-49.5692718233516,-27.8605737049567,19.5759134977564));
#2455=CARTESIAN_POINT('Ctrl Pts',(-49.326033889864,-28.3732825762423,19.5925788790865));
#2456=CARTESIAN_POINT('Ctrl Pts',(-49.013187999954,-28.8541540037129,19.5442022453558));
#2457=CARTESIAN_POINT('Ctrl Pts',(-48.6588757298873,-29.2737545733091,19.4223925902681));
#2458=CARTESIAN_POINT('Ctrl Pts',(-48.3045634598206,-29.6933551429053,19.3005829351804));
#2459=CARTESIAN_POINT('Ctrl Pts',(-47.9087848095972,-30.0516848546271,19.1053402587357));
#2460=CARTESIAN_POINT('Ctrl Pts',(-47.5066156074908,-30.3444649557959,18.8586005119367));
#2461=CARTESIAN_POINT('Ctrl Pts',(-46.9703900046822,-30.7348384240209,18.5296141828714));
#2462=CARTESIAN_POINT('Ctrl Pts',(-46.4228034207481,-31.0086792512629,18.1090775065098));
#2463=CARTESIAN_POINT('Ctrl Pts',(-45.8922818983443,-31.2017345958641,17.6481954770174));
#2464=CARTESIAN_POINT('Ctrl Pts',(-45.4162477129219,-31.3749621461665,17.234648444107));
#2465=CARTESIAN_POINT('Ctrl Pts',(-44.950760884358,-31.4832420664137,16.7872900782059));
#2466=CARTESIAN_POINT('Ctrl Pts',(-44.492954130454,-31.5422731845801,16.3276041001877));
#2467=CARTESIAN_POINT('',(-44.3153033900115,-31.7378194052241,6.15000002384186));
#2468=CARTESIAN_POINT('Ctrl Pts',(-44.4929541300485,-31.5422732652679,16.3276041012128));
#2469=CARTESIAN_POINT('Ctrl Pts',(-44.4054601658789,-31.6400463743528,11.315078251015));
#2470=CARTESIAN_POINT('Ctrl Pts',(-44.3153033901046,-31.7378194834378,6.15000002615119));
#2471=CARTESIAN_POINT('',(-45.6674443176704,-31.4851474840315,6.15000002381835));
#2472=CARTESIAN_POINT('Origin',(-43.777775,-25.117067,6.15000002384186));
#2473=CARTESIAN_POINT('',(-45.7188362973221,-31.5198466232903,3.4));
#2474=CARTESIAN_POINT('Ctrl Pts',(-45.6674443176705,-31.4851474840315,6.1500000237969));
#2475=CARTESIAN_POINT('Ctrl Pts',(-45.6848474014034,-31.4966733047504,5.23333620080494));
#2476=CARTESIAN_POINT('Ctrl Pts',(-45.7019715299522,-31.5082396383738,4.31667276664755));
#2477=CARTESIAN_POINT('Ctrl Pts',(-45.7188362973235,-31.5198466232906,3.39999999997787));
#2478=CARTESIAN_POINT('Origin',(-43.777775,-25.117067,3.4));
#2479=CARTESIAN_POINT('Origin',(-50.8488999377721,-25.617067,4.));
#2480=CARTESIAN_POINT('',(-48.9573487060833,-25.8906305097601,19.6724429776364));
#2481=CARTESIAN_POINT('',(-48.6652887049957,-25.5985705086709,2.94033672144808));
#2482=CARTESIAN_POINT('',(-49.2775071134044,-25.8934397786474,19.8333858844905));
#2483=CARTESIAN_POINT('Ctrl Pts',(-48.9573487112233,-25.8906304954271,19.6724429775502));
#2484=CARTESIAN_POINT('Ctrl Pts',(-49.041324715312,-25.8913810997286,19.715445377387));
#2485=CARTESIAN_POINT('Ctrl Pts',(-49.125552529851,-25.8921231411558,19.7579562676172));
#2486=CARTESIAN_POINT('Ctrl Pts',(-49.2100340796126,-25.8928564404527,19.7999666244466));
#2487=CARTESIAN_POINT('Ctrl Pts',(-49.2325077294208,-25.8930515115854,19.8111421539009));
#2488=CARTESIAN_POINT('Ctrl Pts',(-49.2549987203071,-25.8932459590584,19.8222819573257));
#2489=CARTESIAN_POINT('Ctrl Pts',(-49.2775071133254,-25.8934397784393,19.8333858842308));
#2490=CARTESIAN_POINT('Ctrl Pts',(-49.2774151994573,-25.8935496877828,19.8334176784783));
#2491=CARTESIAN_POINT('Ctrl Pts',(-49.293665237142,-25.8936854726496,19.84143168102));
#2492=CARTESIAN_POINT('Ctrl Pts',(-49.3102901461967,-25.8938091194043,19.8486595426525));
#2493=CARTESIAN_POINT('Ctrl Pts',(-49.3272050656123,-25.8939168776031,19.8550718417725));
#2494=CARTESIAN_POINT('Ctrl Pts',(-49.3454074011389,-25.8940328374159,19.8619721891646));
#2495=CARTESIAN_POINT('Ctrl Pts',(-49.3639457147034,-25.8941301478462,19.8679292464845));
#2496=CARTESIAN_POINT('Ctrl Pts',(-49.3827701404123,-25.8942110490256,19.8729230632644));
#2497=CARTESIAN_POINT('Ctrl Pts',(-49.3849910624179,-25.8942205938166,19.8735122380818));
#2498=CARTESIAN_POINT('Ctrl Pts',(-49.3872160248811,-25.8942299201288,19.8740880109348));
#2499=CARTESIAN_POINT('Ctrl Pts',(-49.3894449909194,-25.8942390399093,19.8746503512658));
#2500=CARTESIAN_POINT('Ctrl Pts',(-49.4001817068621,-25.8942829690186,19.877359090786));
#2501=CARTESIAN_POINT('Ctrl Pts',(-49.4109902806064,-25.8943220466077,19.8797509145584));
#2502=CARTESIAN_POINT('Ctrl Pts',(-49.4218622644259,-25.8943569614567,19.8818244869159));
#2503=CARTESIAN_POINT('Ctrl Pts',(-49.4410974970539,-25.8944187344738,19.8854931500898));
#2504=CARTESIAN_POINT('Ctrl Pts',(-49.4605275460865,-25.894466582395,19.8881664797686));
#2505=CARTESIAN_POINT('Ctrl Pts',(-49.4800438384929,-25.8944927106465,19.8898537755422));
#2506=CARTESIAN_POINT('Ctrl Pts',(-49.4932614393651,-25.8945104062616,19.8909965131906));
#2507=CARTESIAN_POINT('Ctrl Pts',(-49.5065198970374,-25.8945184156523,19.8916868531559));
#2508=CARTESIAN_POINT('Ctrl Pts',(-49.5197978414801,-25.8945176250223,19.8919239444107));
#2509=CARTESIAN_POINT('Ctrl Pts',(-49.5415115131028,-25.8945163320902,19.8923116641872));
#2510=CARTESIAN_POINT('Ctrl Pts',(-49.563180427972,-25.8944938946816,19.8914869511397));
#2511=CARTESIAN_POINT('Ctrl Pts',(-49.5847124442391,-25.8944540426008,19.8894559411173));
#2512=CARTESIAN_POINT('Ctrl Pts',(-49.5873869429315,-25.894449092561,19.8892036687066));
#2513=CARTESIAN_POINT('Ctrl Pts',(-49.5900593867747,-25.8944438921586,19.8889327594435));
#2514=CARTESIAN_POINT('Ctrl Pts',(-49.5927296449724,-25.8944384639949,19.8886432014495));
#2515=CARTESIAN_POINT('Ctrl Pts',(-49.6136276126029,-25.8943959821142,19.8863770634439));
#2516=CARTESIAN_POINT('Ctrl Pts',(-49.6343889670481,-25.8943381649224,19.8829720072519));
#2517=CARTESIAN_POINT('Ctrl Pts',(-49.6549204315569,-25.8942555413676,19.8784918713144));
#2518=CARTESIAN_POINT('Ctrl Pts',(-49.6765266516406,-25.8941685927378,19.8737772147915));
#2519=CARTESIAN_POINT('Ctrl Pts',(-49.6978794865126,-25.894054269836,19.8678723196533));
#2520=CARTESIAN_POINT('Ctrl Pts',(-49.7188967105323,-25.8939192821561,19.860804299323));
#2521=CARTESIAN_POINT('Ctrl Pts',(-49.7265643029415,-25.8938700353807,19.8582257143024));
#2522=CARTESIAN_POINT('Ctrl Pts',(-49.7341873786747,-25.8938181946832,19.8554918583754));
#2523=CARTESIAN_POINT('Ctrl Pts',(-49.7417622636111,-25.8937645934399,19.8526024539144));
#2524=CARTESIAN_POINT('Ctrl Pts',(-49.7518609318531,-25.8936931334537,19.8487503641052));
#2525=CARTESIAN_POINT('Ctrl Pts',(-49.7618469598996,-25.893618358037,19.8446320791898));
#2526=CARTESIAN_POINT('Ctrl Pts',(-49.7717109132899,-25.8935411729157,19.8402498336439));
#2527=CARTESIAN_POINT('Ctrl Pts',(-49.7926446218726,-25.8933773673122,19.8309496425781));
#2528=CARTESIAN_POINT('Ctrl Pts',(-49.8130288905385,-25.893201801975,19.8204642229733));
#2529=CARTESIAN_POINT('Ctrl Pts',(-49.8327724608103,-25.8930035017808,19.808904233541));
#2530=CARTESIAN_POINT('Ctrl Pts',(-49.8528525782841,-25.8928018213786,19.7971471935224));
#2531=CARTESIAN_POINT('Ctrl Pts',(-49.8722713495301,-25.8925769624713,19.7842779789576));
#2532=CARTESIAN_POINT('Ctrl Pts',(-49.8909177693135,-25.8923288551685,19.7703636926912));
#2533=CARTESIAN_POINT('Ctrl Pts',(-49.9054564961475,-25.8921354043965,19.7595146391214));
#2534=CARTESIAN_POINT('Ctrl Pts',(-49.9195255934007,-25.8919280981104,19.7480291530867));
#2535=CARTESIAN_POINT('Ctrl Pts',(-49.9330579660893,-25.8917096570055,19.7359226296583));
#2536=CARTESIAN_POINT('Ctrl Pts',(-49.9381912983885,-25.8916267941694,19.7313301750182));
#2537=CARTESIAN_POINT('Ctrl Pts',(-49.9432472233354,-25.8915423461322,19.7266482230791));
#2538=CARTESIAN_POINT('Ctrl Pts',(-49.9482256925743,-25.8914565817702,19.7218794098793));
#2539=CARTESIAN_POINT('Ctrl Pts',(-49.9650899859952,-25.8911660596644,19.7057253148728));
#2540=CARTESIAN_POINT('Ctrl Pts',(-49.9809820056854,-25.8908581074717,19.6886594307316));
#2541=CARTESIAN_POINT('Ctrl Pts',(-49.9959082501896,-25.8905403444077,19.6707880657406));
#2542=CARTESIAN_POINT('Ctrl Pts',(-50.0105874348029,-25.8902278409727,19.6532125084114));
#2543=CARTESIAN_POINT('Ctrl Pts',(-50.0243328372821,-25.8899061924447,19.6348565150743));
#2544=CARTESIAN_POINT('Ctrl Pts',(-50.0371030637219,-25.8895788642784,19.6158090841662));
#2545=CARTESIAN_POINT('Ctrl Pts',(-50.049019454437,-25.8892734217447,19.5980351919108));
#2546=CARTESIAN_POINT('Ctrl Pts',(-50.060086616018,-25.8889632534699,19.5796581816826));
#2547=CARTESIAN_POINT('Ctrl Pts',(-50.0702284862061,-25.8886439941141,19.5607569008966));
#2548=CARTESIAN_POINT('Ctrl Pts',(-50.0779653432955,-25.8884004429776,19.5463378139298));
#2549=CARTESIAN_POINT('Ctrl Pts',(-50.0851629501408,-25.8881515026609,19.531613605258));
#2550=CARTESIAN_POINT('Ctrl Pts',(-50.0917692286656,-25.8878908739978,19.516627732559));
#2551=CARTESIAN_POINT('Ctrl Pts',(-50.0926837031402,-25.8878547964605,19.5145533122919));
#2552=CARTESIAN_POINT('Ctrl Pts',(-50.0935863757697,-25.8878184507546,19.512474905292));
#2553=CARTESIAN_POINT('Ctrl Pts',(-50.0944771377591,-25.887781830474,19.5103926050903));
#2554=CARTESIAN_POINT('Ctrl Pts',(-50.1029573411125,-25.8874331992691,19.4905687583575));
#2555=CARTESIAN_POINT('Ctrl Pts',(-50.1103613521862,-25.8870607089209,19.4703900222412));
#2556=CARTESIAN_POINT('Ctrl Pts',(-50.116719689213,-25.8866880562118,19.4498854863186));
#2557=CARTESIAN_POINT('Ctrl Pts',(-50.1228097757353,-25.886331125267,19.4302460118236));
#2558=CARTESIAN_POINT('Ctrl Pts',(-50.1279397236267,-25.8859741759785,19.4103066445975));
#2559=CARTESIAN_POINT('Ctrl Pts',(-50.1321068114431,-25.8856254568302,19.3901246328017));
#2560=CARTESIAN_POINT('Ctrl Pts',(-50.1360774635468,-25.885293176235,19.3708939971334));
#2561=CARTESIAN_POINT('Ctrl Pts',(-50.139173175015,-25.8849684946477,19.3514422000141));
#2562=CARTESIAN_POINT('Ctrl Pts',(-50.1413751463982,-25.8846450726647,19.3318612130047));
#2563=CARTESIAN_POINT('Ctrl Pts',(-50.1433927575358,-25.8843487292154,19.3139196458359));
#2564=CARTESIAN_POINT('Ctrl Pts',(-50.1446594400524,-25.8840534663377,19.2958692631406));
#2565=CARTESIAN_POINT('Ctrl Pts',(-50.1451555342861,-25.8837419448516,19.2778249926585));
#2566=CARTESIAN_POINT('Ctrl Pts',(-50.1452008651495,-25.8837134794171,19.2761761882503));
#2567=CARTESIAN_POINT('Ctrl Pts',(-50.1452397615529,-25.8836848687385,19.2745274700992));
#2568=CARTESIAN_POINT('Ctrl Pts',(-50.1452722086528,-25.8836560936781,19.2728789479943));
#2569=CARTESIAN_POINT('',(-47.313337468886,-25.6065939610431,3.4));
#2570=CARTESIAN_POINT('Origin',(-48.6471875341198,-22.117067,1.90332133649756));
#2571=CARTESIAN_POINT('',(-48.9412079392178,-22.8453862750083,18.747739065676));
#2572=CARTESIAN_POINT('Ctrl Pts',(-48.9491676418174,-24.3516845545099,19.2037501197482));
#2573=CARTESIAN_POINT('Ctrl Pts',(-48.9461838532772,-23.7892214104706,19.0328089887618));
#2574=CARTESIAN_POINT('Ctrl Pts',(-48.9435871790139,-23.2977273678985,18.8840456198489));
#2575=CARTESIAN_POINT('Ctrl Pts',(-48.941207939261,-22.845386275002,18.7477390656962));
#2576=CARTESIAN_POINT('',(-48.9313432277301,-21.7134606902588,18.1825901206034));
#2577=CARTESIAN_POINT('Ctrl Pts',(-48.9412079392623,-22.8453862752464,18.7477390657698));
#2578=CARTESIAN_POINT('Ctrl Pts',(-48.9398281451268,-22.5830597961861,18.66869071269));
#2579=CARTESIAN_POINT('Ctrl Pts',(-48.9380061370784,-22.3223509066443,18.5643079415041));
#2580=CARTESIAN_POINT('Ctrl Pts',(-48.9343010551551,-21.942943456131,18.3520439402814));
#2581=CARTESIAN_POINT('Ctrl Pts',(-48.932841865017,-21.8195003668688,18.2684469932577));
#2582=CARTESIAN_POINT('Ctrl Pts',(-48.9313432277303,-21.7134606902591,18.182590120603));
#2583=CARTESIAN_POINT('',(-48.5451893223045,-22.0996145956845,-3.94015230480657));
#2584=CARTESIAN_POINT('',(-48.646922791845,-21.9978811261441,1.88815426172831));
#2585=CARTESIAN_POINT('',(-48.5277369158666,-23.117067,-4.94));
#2586=CARTESIAN_POINT('',(-48.5655890010795,-20.9103400798372,-2.77145549050972));
#2587=CARTESIAN_POINT('',(-48.5277369158666,-27.117067,-4.94));
#2588=CARTESIAN_POINT('',(-48.5277369158666,-23.0799332911175,-4.94));
#2589=CARTESIAN_POINT('',(-48.5451893223045,-28.1345194043155,-3.94015230480657));
#2590=CARTESIAN_POINT('',(-48.5394704312323,-27.801115555845,-4.26778735490621));
#2591=CARTESIAN_POINT('',(-48.96239543823,-28.551725520241,19.9615700686825));
#2592=CARTESIAN_POINT('',(-48.646237680917,-28.235567762928,1.84890428295128));
#2593=CARTESIAN_POINT('',(-48.9634786303603,-27.0437062827712,20.0236261042668));
#2594=CARTESIAN_POINT('Ctrl Pts',(-48.96239543823,-28.551725520241,19.9615700686825));
#2595=CARTESIAN_POINT('Ctrl Pts',(-48.9635023656199,-28.4403084646273,20.0249858963789));
#2596=CARTESIAN_POINT('Ctrl Pts',(-48.9643813457785,-28.3048692673351,20.075342635939));
#2597=CARTESIAN_POINT('Ctrl Pts',(-48.9656907519868,-27.9257976597399,20.1503584673693));
#2598=CARTESIAN_POINT('Ctrl Pts',(-48.9657551627719,-27.6667952395199,20.1540485616918));
#2599=CARTESIAN_POINT('Ctrl Pts',(-48.9645444194664,-27.2673625918528,20.0846851241783));
#2600=CARTESIAN_POINT('Ctrl Pts',(-48.96406609701,-27.1544077373296,20.0572820460857));
#2601=CARTESIAN_POINT('Ctrl Pts',(-48.9634786303603,-27.0437062827712,20.0236261042668));
#2602=CARTESIAN_POINT('Ctrl Pts',(-48.9634786303603,-27.0437062827706,20.0236261042666));
#2603=CARTESIAN_POINT('Ctrl Pts',(-48.9622043293509,-26.8035786510737,19.9506214483319));
#2604=CARTESIAN_POINT('Ctrl Pts',(-48.960966630025,-26.5701686183084,19.8795435952194));
#2605=CARTESIAN_POINT('Ctrl Pts',(-48.9597671990349,-26.344775553753,19.8108654631294));
#2606=CARTESIAN_POINT('Ctrl Pts',(-48.9589405733169,-26.1894388104428,19.7635337610802));
#2607=CARTESIAN_POINT('Ctrl Pts',(-48.9581324210434,-26.0379108792127,19.7173417144537));
#2608=CARTESIAN_POINT('Ctrl Pts',(-48.9573487112231,-25.8906304954271,19.6724429775501));
#2609=CARTESIAN_POINT('Ctrl Pts',(-49.3118361491242,-25.6528661114198,19.7749947899737));
#2610=CARTESIAN_POINT('Ctrl Pts',(-49.2374053945199,-26.2674028222542,19.9312259339426));
#2611=CARTESIAN_POINT('Ctrl Pts',(-49.0588978271741,-26.8898620555544,20.0366272474008));
#2612=CARTESIAN_POINT('Ctrl Pts',(-48.5478911660524,-27.9483010737227,20.0568905540389));
#2613=CARTESIAN_POINT('Ctrl Pts',(-47.953829615049,-28.8416886208185,19.9463228572597));
#2614=CARTESIAN_POINT('Ctrl Pts',(-46.6908664565875,-29.9488173357933,19.2807083102242));
#2615=CARTESIAN_POINT('Ctrl Pts',(-45.7722723526477,-30.3840050670507,18.5421776996608));
#2616=CARTESIAN_POINT('Ctrl Pts',(-44.8097495019925,-30.7086791689178,17.6694331561179));
#2617=CARTESIAN_POINT('Ctrl Pts',(-44.3676837320294,-30.7990411346827,17.2264505973331));
#2618=CARTESIAN_POINT('Ctrl Pts',(-43.935708230087,-30.8423742062667,16.7743908800928));
#2619=CARTESIAN_POINT('Ctrl Pts',(-49.3547209966618,-25.6529941910262,19.7956937547651));
#2620=CARTESIAN_POINT('Ctrl Pts',(-49.2793324951783,-26.2725482539748,19.9539528264073));
#2621=CARTESIAN_POINT('Ctrl Pts',(-49.0986903564927,-26.900721192228,20.0613218068475));
#2622=CARTESIAN_POINT('Ctrl Pts',(-48.5816575163437,-27.9696882336164,20.083413584485));
#2623=CARTESIAN_POINT('Ctrl Pts',(-47.9802679529672,-28.872728557192,19.9729233681929));
#2624=CARTESIAN_POINT('Ctrl Pts',(-46.7045116413672,-29.9906557682412,19.3012348857318));
#2625=CARTESIAN_POINT('Ctrl Pts',(-45.7804081142788,-30.4286087974945,18.5570115774945));
#2626=CARTESIAN_POINT('Ctrl Pts',(-44.8134696334304,-30.7553636961107,17.6788903466772));
#2627=CARTESIAN_POINT('Ctrl Pts',(-44.3699562747048,-30.8461128956947,17.2335175456153));
#2628=CARTESIAN_POINT('Ctrl Pts',(-43.9367392265935,-30.8897300241303,16.7792834516884));
#2629=CARTESIAN_POINT('Ctrl Pts',(-49.451213101693,-25.6563844213749,19.8299786295989));
#2630=CARTESIAN_POINT('Ctrl Pts',(-49.3741984297812,-26.2867261630772,19.9926533766994));
#2631=CARTESIAN_POINT('Ctrl Pts',(-49.1895954970013,-26.9270709135977,20.1043681973844));
#2632=CARTESIAN_POINT('Ctrl Pts',(-48.660324920735,-28.0186227590976,20.1306570152883));
#2633=CARTESIAN_POINT('Ctrl Pts',(-48.0437826665618,-28.9422376267444,20.0206166586966));
#2634=CARTESIAN_POINT('Ctrl Pts',(-46.7410045635005,-30.0822872574032,19.3362688615916));
#2635=CARTESIAN_POINT('Ctrl Pts',(-45.8052362286831,-30.5250510357854,18.580325661605));
#2636=CARTESIAN_POINT('Ctrl Pts',(-44.8289119867763,-30.8549109360562,17.6912167656444));
#2637=CARTESIAN_POINT('Ctrl Pts',(-44.3822704731861,-30.9460331638036,17.2411163689934));
#2638=CARTESIAN_POINT('Ctrl Pts',(-43.9463177690251,-30.9896950011616,16.7825220651602));
#2639=CARTESIAN_POINT('Ctrl Pts',(-49.6218079198205,-25.674428209641,19.8428586754174));
#2640=CARTESIAN_POINT('Ctrl Pts',(-49.5439793828903,-26.3217059109719,20.0118022982492));
#2641=CARTESIAN_POINT('Ctrl Pts',(-49.3549682500798,-26.9813604834576,20.129939289232));
#2642=CARTESIAN_POINT('Ctrl Pts',(-48.809853800707,-28.1077835057115,20.1630188269829));
#2643=CARTESIAN_POINT('Ctrl Pts',(-48.1720493290396,-29.0628192129184,20.0545104969514));
#2644=CARTESIAN_POINT('Ctrl Pts',(-46.8285718476385,-30.2337425694472,19.3540660665013));
#2645=CARTESIAN_POINT('Ctrl Pts',(-45.8740757302561,-30.6806386489386,18.5833443123378));
#2646=CARTESIAN_POINT('Ctrl Pts',(-44.8821104523039,-31.0125211300367,17.681046202185));
#2647=CARTESIAN_POINT('Ctrl Pts',(-44.429767481743,-31.1028238469706,17.225126698779));
#2648=CARTESIAN_POINT('Ctrl Pts',(-43.98865608323,-31.1455784287183,16.7613288739713));
#2649=CARTESIAN_POINT('Ctrl Pts',(-49.7993719678967,-25.7067312665319,19.8026986584669));
#2650=CARTESIAN_POINT('Ctrl Pts',(-49.7218727146057,-26.3694896943328,19.9757358606752));
#2651=CARTESIAN_POINT('Ctrl Pts',(-49.5305802738965,-27.0461272884567,20.0981744383004));
#2652=CARTESIAN_POINT('Ctrl Pts',(-48.9748109555176,-28.2022370391582,20.13644580699));
#2653=CARTESIAN_POINT('Ctrl Pts',(-48.3217574136672,-29.18312515913,20.0300722832189));
#2654=CARTESIAN_POINT('Ctrl Pts',(-46.9457042317351,-30.3780673413772,19.3224518884682));
#2655=CARTESIAN_POINT('Ctrl Pts',(-45.9738333689398,-30.8276862616913,18.5447329585866));
#2656=CARTESIAN_POINT('Ctrl Pts',(-44.9663488283204,-31.1607276073786,17.6362316867468));
#2657=CARTESIAN_POINT('Ctrl Pts',(-44.5076101545123,-31.2503513002606,17.1773994596003));
#2658=CARTESIAN_POINT('Ctrl Pts',(-44.0604813595106,-31.292332515602,16.7107616126439));
#2659=CARTESIAN_POINT('Ctrl Pts',(-49.9847430912847,-25.7579253523985,19.6915647490369));
#2660=CARTESIAN_POINT('Ctrl Pts',(-49.9076061835452,-26.4338994575621,19.8655354267994));
#2661=CARTESIAN_POINT('Ctrl Pts',(-49.7153559832913,-27.1235873694571,19.9889513721512));
#2662=CARTESIAN_POINT('Ctrl Pts',(-49.1548848557456,-28.3005261756401,20.0296350459552));
#2663=CARTESIAN_POINT('Ctrl Pts',(-48.4951636281146,-29.298014556796,19.9259957864514));
#2664=CARTESIAN_POINT('Ctrl Pts',(-47.1011134980301,-30.5096274107981,19.2246228618069));
#2665=CARTESIAN_POINT('Ctrl Pts',(-46.1152780642375,-30.9640762801636,18.450696123328));
#2666=CARTESIAN_POINT('Ctrl Pts',(-45.0935401873972,-31.3010084804252,17.545119727126));
#2667=CARTESIAN_POINT('Ctrl Pts',(-44.6277767298171,-31.3918685247377,17.0868663363828));
#2668=CARTESIAN_POINT('Ctrl Pts',(-44.1736282424588,-31.4347945625229,16.620086528806));
#2669=CARTESIAN_POINT('Ctrl Pts',(-50.122330081706,-25.8244983235082,19.4958802996394));
#2670=CARTESIAN_POINT('Ctrl Pts',(-50.0431752927837,-26.5049682883632,19.6663963019878));
#2671=CARTESIAN_POINT('Ctrl Pts',(-49.8503853633097,-27.1953475490488,19.7860965139763));
#2672=CARTESIAN_POINT('Ctrl Pts',(-49.2945062262839,-28.3693511078714,19.8249730257127));
#2673=CARTESIAN_POINT('Ctrl Pts',(-48.6445573028134,-29.3608250638426,19.7245414971232));
#2674=CARTESIAN_POINT('Ctrl Pts',(-47.268699805186,-30.5739206587647,19.0472483771824));
#2675=CARTESIAN_POINT('Ctrl Pts',(-46.2839960835037,-31.0399080911346,18.2913586061287));
#2676=CARTESIAN_POINT('Ctrl Pts',(-45.2585832551187,-31.3886740004293,17.4004335985309));
#2677=CARTESIAN_POINT('Ctrl Pts',(-44.788446153706,-31.4860005610932,16.947330986553));
#2678=CARTESIAN_POINT('Ctrl Pts',(-44.328794590682,-31.5344419740806,16.4838520630595));
#2679=CARTESIAN_POINT('Ctrl Pts',(-50.1461465097322,-25.8662772072433,19.3421555726251));
#2680=CARTESIAN_POINT('Ctrl Pts',(-50.0638409570971,-26.5411406556376,19.5098937979471));
#2681=CARTESIAN_POINT('Ctrl Pts',(-49.8706280369108,-27.2219758603088,19.6266488497561));
#2682=CARTESIAN_POINT('Ctrl Pts',(-49.3234612363807,-28.3762339717202,19.6641239343875));
#2683=CARTESIAN_POINT('Ctrl Pts',(-48.6895472118372,-29.348334634794,19.5661677036747));
#2684=CARTESIAN_POINT('Ctrl Pts',(-47.3509760286858,-30.5500439499031,18.9076601977688));
#2685=CARTESIAN_POINT('Ctrl Pts',(-46.382846699377,-31.0256855233688,18.1659873087074));
#2686=CARTESIAN_POINT('Ctrl Pts',(-45.368679422604,-31.3867434411001,17.2868811255424));
#2687=CARTESIAN_POINT('Ctrl Pts',(-44.9009229590159,-31.4915334704887,16.837903288237));
#2688=CARTESIAN_POINT('Ctrl Pts',(-44.4417859358217,-31.5470974392469,16.3772083665691));
#2689=CARTESIAN_POINT('Ctrl Pts',(-50.1452722086528,-25.8836560936781,19.2728789479943));
#2690=CARTESIAN_POINT('Ctrl Pts',(-50.0615495705117,-26.5547220241635,19.4396697802991));
#2691=CARTESIAN_POINT('Ctrl Pts',(-49.8684615461113,-27.2299269022276,19.5554145946933));
#2692=CARTESIAN_POINT('Ctrl Pts',(-49.326033889864,-28.3732825762423,19.5925788790865));
#2693=CARTESIAN_POINT('Ctrl Pts',(-48.700342110044,-29.3350254311835,19.4958256116252));
#2694=CARTESIAN_POINT('Ctrl Pts',(-47.3810799426328,-30.5294578035895,18.8450166901426));
#2695=CARTESIAN_POINT('Ctrl Pts',(-46.4228034207481,-31.0086792512629,18.1090775065098));
#2696=CARTESIAN_POINT('Ctrl Pts',(-45.416247712754,-31.3749621462275,17.2346484439611));
#2697=CARTESIAN_POINT('Ctrl Pts',(-44.9507608840297,-31.4832420664901,16.7872900778904));
#2698=CARTESIAN_POINT('Ctrl Pts',(-44.4929541299696,-31.5422731846425,16.3276040997014));
#2699=CARTESIAN_POINT('Ctrl Pts',(-48.9634147191696,-27.0439166185058,20.0237702035383));
#2700=CARTESIAN_POINT('Ctrl Pts',(-49.108936324647,-26.6674121797255,19.9897346938199));
#2701=CARTESIAN_POINT('Ctrl Pts',(-49.2136629883435,-26.2801164302401,19.9227057959233));
#2702=CARTESIAN_POINT('Ctrl Pts',(-49.2774151994573,-25.8935496877828,19.8334176784783));
#2703=CARTESIAN_POINT('',(-48.1048172618491,-28.551346871583,19.9398779151374));
#2704=CARTESIAN_POINT('Ctrl Pts',(-48.1048172590352,-28.551346882364,19.9398779192346));
#2705=CARTESIAN_POINT('Ctrl Pts',(-48.1689612298126,-28.5520820684068,19.981996699417));
#2706=CARTESIAN_POINT('Ctrl Pts',(-48.238951297665,-28.552664764485,20.015379335382));
#2707=CARTESIAN_POINT('Ctrl Pts',(-48.3946077309995,-28.5535387408457,20.0654494075516));
#2708=CARTESIAN_POINT('Ctrl Pts',(-48.4812078430192,-28.5537828880171,20.0794365896345));
#2709=CARTESIAN_POINT('Ctrl Pts',(-48.6573760047912,-28.5537739458146,20.0789242911994));
#2710=CARTESIAN_POINT('Ctrl Pts',(-48.7465889389339,-28.5535040318542,20.0634609305459));
#2711=CARTESIAN_POINT('Ctrl Pts',(-48.8767092168161,-28.552626863747,20.0132080033425));
#2712=CARTESIAN_POINT('Ctrl Pts',(-48.9213232001321,-28.5522208157552,19.9899455296859));
#2713=CARTESIAN_POINT('Ctrl Pts',(-48.96239543823,-28.551725520241,19.9615700686825));
#2714=CARTESIAN_POINT('',(-44.5110239536487,-30.7564997813079,17.3628235607901));
#2715=CARTESIAN_POINT('Ctrl Pts',(-44.5109591280559,-30.7566980034992,17.3629618473784));
#2716=CARTESIAN_POINT('Ctrl Pts',(-44.7585176212866,-30.7074817353882,17.6097232016742));
#2717=CARTESIAN_POINT('Ctrl Pts',(-45.0096714034823,-30.6412423659727,17.8507075523997));
#2718=CARTESIAN_POINT('Ctrl Pts',(-45.2649590623623,-30.5551298219347,18.0821835232503));
#2719=CARTESIAN_POINT('Ctrl Pts',(-45.7722723526477,-30.3840050670507,18.5421776996608));
#2720=CARTESIAN_POINT('Ctrl Pts',(-46.2971832691848,-30.1353263634751,18.9641951914114));
#2721=CARTESIAN_POINT('Ctrl Pts',(-46.8108223839204,-29.7756917842341,19.2972002986268));
#2722=CARTESIAN_POINT('Ctrl Pts',(-47.1960517199721,-29.5059658498034,19.5469541290384));
#2723=CARTESIAN_POINT('Ctrl Pts',(-47.5749406675106,-29.1738272353109,19.7466384931491));
#2724=CARTESIAN_POINT('Ctrl Pts',(-47.9129005290306,-28.7844110412908,19.8741225993992));
#2725=CARTESIAN_POINT('Ctrl Pts',(-47.9783220803846,-28.7090286825084,19.8988007016045));
#2726=CARTESIAN_POINT('Ctrl Pts',(-48.0422099209362,-28.6314999957474,19.9207732873619));
#2727=CARTESIAN_POINT('Ctrl Pts',(-48.1043685331956,-28.5520378169997,19.9400971529933));
#2728=CARTESIAN_POINT('Ctrl Pts',(-44.4929541299696,-31.5422731846425,16.3276040997014));
#2729=CARTESIAN_POINT('Ctrl Pts',(-44.4949943842767,-31.5399932329758,16.4444901906688));
#2730=CARTESIAN_POINT('Ctrl Pts',(-44.4970430161384,-31.5235735146298,16.5618562314208));
#2731=CARTESIAN_POINT('Ctrl Pts',(-44.5011074832176,-31.4602162305223,16.7947093944412));
#2732=CARTESIAN_POINT('Ctrl Pts',(-44.5031469367434,-31.4108018856847,16.9115496023633));
#2733=CARTESIAN_POINT('Ctrl Pts',(-44.5065792283351,-31.2843238418902,17.1081854559599));
#2734=CARTESIAN_POINT('Ctrl Pts',(-44.5079096623243,-31.2151261747004,17.1844059744657));
#2735=CARTESIAN_POINT('Ctrl Pts',(-44.5097099836314,-31.0803051635356,17.2875463130743));
#2736=CARTESIAN_POINT('Ctrl Pts',(-44.5103423439986,-31.0139760989974,17.3237742147415));
#2737=CARTESIAN_POINT('Ctrl Pts',(-44.5110263535604,-30.8819111701183,17.3629610962917));
#2738=CARTESIAN_POINT('Ctrl Pts',(-44.5111429225713,-30.8192428744915,17.3696393299599));
#2739=CARTESIAN_POINT('Ctrl Pts',(-44.5110239528504,-30.7564997816199,17.362823559213));
#2740=CARTESIAN_POINT('Ctrl Pts',(-44.0734825162519,-19.3172155722037,15.7130166664812));
#2741=CARTESIAN_POINT('Ctrl Pts',(-45.1149043840982,-19.3933557845749,16.2248477540686));
#2742=CARTESIAN_POINT('Ctrl Pts',(-46.1233728744192,-19.7557808313226,16.7297444652247));
#2743=CARTESIAN_POINT('Ctrl Pts',(-48.2616877418455,-21.2664033217373,17.9994859699257));
#2744=CARTESIAN_POINT('Ctrl Pts',(-49.1551305731023,-22.7338289715726,18.7941306717865));
#2745=CARTESIAN_POINT('Ctrl Pts',(-49.3240273724283,-24.390944922313,19.3864339506206));
#2746=CARTESIAN_POINT('Ctrl Pts',(-44.0870992144592,-19.2231106102238,15.7076188479147));
#2747=CARTESIAN_POINT('Ctrl Pts',(-45.1437787684321,-19.3012976386339,16.2225274616158));
#2748=CARTESIAN_POINT('Ctrl Pts',(-46.1669531526776,-19.6696100986781,16.7308834748069));
#2749=CARTESIAN_POINT('Ctrl Pts',(-48.3352834407685,-21.2028872713648,18.0118832932114));
#2750=CARTESIAN_POINT('Ctrl Pts',(-49.2409769537076,-22.6898666386182,18.8155070036994));
#2751=CARTESIAN_POINT('Ctrl Pts',(-49.4112843470985,-24.3714821378233,19.4192625231742));
#2752=CARTESIAN_POINT('Ctrl Pts',(-44.1330503367447,-19.0229892560609,15.6619430255912));
#2753=CARTESIAN_POINT('Ctrl Pts',(-45.2222946796931,-19.1064360134403,16.1826840955158));
#2754=CARTESIAN_POINT('Ctrl Pts',(-46.278073604294,-19.4879744150535,16.6977459268432));
#2755=CARTESIAN_POINT('Ctrl Pts',(-48.5144300062541,-21.0714583377642,18.0016229648514));
#2756=CARTESIAN_POINT('Ctrl Pts',(-49.4509599459616,-22.6010789818748,18.8240944206503));
#2757=CARTESIAN_POINT('Ctrl Pts',(-49.6306154219716,-24.3392140444609,19.4545136285593));
#2758=CARTESIAN_POINT('Ctrl Pts',(-44.2378372845777,-18.8155887211018,15.4995753244506));
#2759=CARTESIAN_POINT('Ctrl Pts',(-45.3622562713501,-18.9116930037288,16.0226228579041));
#2760=CARTESIAN_POINT('Ctrl Pts',(-46.452799614528,-19.3147768648434,16.5410510278579));
#2761=CARTESIAN_POINT('Ctrl Pts',(-48.7622769166982,-20.9691598200392,17.8558466205542));
#2762=CARTESIAN_POINT('Ctrl Pts',(-49.7299018555667,-22.5552409790226,18.6864500263673));
#2763=CARTESIAN_POINT('Ctrl Pts',(-49.924836172388,-24.3572093678298,19.3278721360331));
#2764=CARTESIAN_POINT('Ctrl Pts',(-44.3574263646946,-18.6882548927457,15.2887012457764));
#2765=CARTESIAN_POINT('Ctrl Pts',(-45.5038150899005,-18.8015367689753,15.811106675909));
#2766=CARTESIAN_POINT('Ctrl Pts',(-46.6140024667728,-19.2283113048665,16.3298556636234));
#2767=CARTESIAN_POINT('Ctrl Pts',(-48.9585278293612,-20.9489746363134,17.6436720220968));
#2768=CARTESIAN_POINT('Ctrl Pts',(-49.9305327607652,-22.5826089106244,18.4720164075005));
#2769=CARTESIAN_POINT('Ctrl Pts',(-50.1203469616365,-24.4180068287005,19.1051016591486));
#2770=CARTESIAN_POINT('Ctrl Pts',(-44.4288389856467,-18.6642608608992,15.1506095086086));
#2771=CARTESIAN_POINT('Ctrl Pts',(-45.5788869696684,-18.7895451939035,15.6720747003264));
#2772=CARTESIAN_POINT('Ctrl Pts',(-46.6908867956695,-19.2297922349159,16.19041872085));
#2773=CARTESIAN_POINT('Ctrl Pts',(-49.0307377977448,-20.9821939438657,17.501551528832));
#2774=CARTESIAN_POINT('Ctrl Pts',(-49.9881662200938,-22.6339404757273,18.326653980256));
#2775=CARTESIAN_POINT('Ctrl Pts',(-50.1640325330735,-24.4680114854812,18.9519578681604));
#2776=CARTESIAN_POINT('Ctrl Pts',(-44.4709192308593,-18.6672841710123,15.0652256263861));
#2777=CARTESIAN_POINT('Ctrl Pts',(-45.6200051955572,-18.7999239156061,15.5864252362502));
#2778=CARTESIAN_POINT('Ctrl Pts',(-46.7294302585028,-19.2476088799782,16.1048948279917));
#2779=CARTESIAN_POINT('Ctrl Pts',(-49.0583507334236,-21.0149238598188,17.4156700892754));
#2780=CARTESIAN_POINT('Ctrl Pts',(-50.0029345900672,-22.6723970690439,18.2399009217091));
#2781=CARTESIAN_POINT('Ctrl Pts',(-50.1686283690755,-24.4992530986149,18.8621072438731));
#2782=CARTESIAN_POINT('',(-44.4857683885338,-19.3622150863811,15.9159333759691));
#2783=CARTESIAN_POINT('Ctrl Pts',(-44.4857683907972,-19.3622150870341,15.9159333782221));
#2784=CARTESIAN_POINT('Ctrl Pts',(-44.4855803366502,-19.288123883806,15.905159763357));
#2785=CARTESIAN_POINT('Ctrl Pts',(-44.4851836088154,-19.2163183257167,15.8824312388299));
#2786=CARTESIAN_POINT('Ctrl Pts',(-44.4839777246034,-19.0744748040403,15.8133461785933));
#2787=CARTESIAN_POINT('Ctrl Pts',(-44.4831367519106,-19.0062429330994,15.7651668873879));
#2788=CARTESIAN_POINT('Ctrl Pts',(-44.4807229319586,-18.8609893830113,15.626879234956));
#2789=CARTESIAN_POINT('Ctrl Pts',(-44.4790069188946,-18.7931117797072,15.5285689123327));
#2790=CARTESIAN_POINT('Ctrl Pts',(-44.4751703064606,-18.6964485865103,15.3087695331986));
#2791=CARTESIAN_POINT('Ctrl Pts',(-44.473053324943,-18.6696598989856,15.187487743302));
#2792=CARTESIAN_POINT('Ctrl Pts',(-44.4709192317611,-18.6672841711164,15.0652256267951));
#2793=CARTESIAN_POINT('',(-48.3249426664163,-21.7138424051155,18.1607216911799));
#2794=CARTESIAN_POINT('Ctrl Pts',(-48.3238935272965,-21.7152506593566,18.1647289400483));
#2795=CARTESIAN_POINT('Ctrl Pts',(-47.9517181421691,-21.1854002992541,17.8590019254137));
#2796=CARTESIAN_POINT('Ctrl Pts',(-47.4914300847264,-20.7222512148688,17.542103321815));
#2797=CARTESIAN_POINT('Ctrl Pts',(-46.9645315472404,-20.3500212907272,17.229228472557));
#2798=CARTESIAN_POINT('Ctrl Pts',(-46.2348801304794,-19.8345556513526,16.7959580024599));
#2799=CARTESIAN_POINT('Ctrl Pts',(-45.379337206988,-19.4935184586696,16.358614768134));
#2800=CARTESIAN_POINT('Ctrl Pts',(-44.4855970022556,-19.362461813876,15.9162055763924));
#2801=CARTESIAN_POINT('Ctrl Pts',(-48.9313432277299,-21.7134606902588,18.182590120603));
#2802=CARTESIAN_POINT('Ctrl Pts',(-48.9243547550443,-21.7134073427911,18.1856463949821));
#2803=CARTESIAN_POINT('Ctrl Pts',(-48.9172934768028,-21.7133563650458,18.1885668999608));
#2804=CARTESIAN_POINT('Ctrl Pts',(-48.8299668655747,-21.7127610590028,18.2226719603207));
#2805=CARTESIAN_POINT('Ctrl Pts',(-48.7439547652752,-21.7125326070258,18.2357599734092));
#2806=CARTESIAN_POINT('Ctrl Pts',(-48.5499243117429,-21.7125944611363,18.2322163537932));
#2807=CARTESIAN_POINT('Ctrl Pts',(-48.4371066628217,-21.7130267824901,18.2074486800186));
#2808=CARTESIAN_POINT('Ctrl Pts',(-48.3249426664145,-21.7138424051142,18.1607216911785));
#2809=CARTESIAN_POINT('Ctrl Pts',(-49.3195673100526,-24.3487631595688,19.3712985138879));
#2810=CARTESIAN_POINT('Ctrl Pts',(-49.2621881845563,-23.824992016034,19.1826358750968));
#2811=CARTESIAN_POINT('Ctrl Pts',(-49.1324136236153,-23.3205537773613,18.9738724307813));
#2812=CARTESIAN_POINT('Ctrl Pts',(-48.9404342562291,-22.8469261325808,18.7522097771405));
#2813=CARTESIAN_POINT('Ctrl Pts',(-48.7271539852475,-25.9226038325045,19.5630598757428));
#2814=CARTESIAN_POINT('Ctrl Pts',(-48.9081616972374,-25.8972163723581,19.6504069740174));
#2815=CARTESIAN_POINT('Ctrl Pts',(-49.0885163766571,-25.8725060733619,19.7342746136245));
#2816=CARTESIAN_POINT('Ctrl Pts',(-49.2681354882553,-25.8484353448249,19.8147740079553));
#2817=CARTESIAN_POINT('Ctrl Pts',(-48.8042792525356,-26.2960793442583,19.713670135404));
#2818=CARTESIAN_POINT('Ctrl Pts',(-48.9855805575907,-26.2710256655574,19.8024940492004));
#2819=CARTESIAN_POINT('Ctrl Pts',(-49.1662049945074,-26.2466735057822,19.8877512783291));
#2820=CARTESIAN_POINT('Ctrl Pts',(-49.3460718275856,-26.2229814000196,19.9695617723471));
#2821=CARTESIAN_POINT('Ctrl Pts',(-48.8829422405955,-26.6696595118706,19.8671339436918));
#2822=CARTESIAN_POINT('Ctrl Pts',(-49.0645112190712,-26.6449120012627,19.957386859484));
#2823=CARTESIAN_POINT('Ctrl Pts',(-49.245378588692,-26.6208906153645,20.043985956379));
#2824=CARTESIAN_POINT('Ctrl Pts',(-49.4254655724583,-26.5975499621552,20.1270600333452));
#2825=CARTESIAN_POINT('Ctrl Pts',(-48.9634786303603,-27.0437062827712,20.0236261042668));
#2826=CARTESIAN_POINT('Ctrl Pts',(-49.1452821212155,-27.0192322222469,20.1152517650043));
#2827=CARTESIAN_POINT('Ctrl Pts',(-49.326358404669,-26.9955092757713,20.2031373063136));
#2828=CARTESIAN_POINT('Ctrl Pts',(-49.5066308330261,-26.9724880764413,20.2874203828736));
#2829=CARTESIAN_POINT('Origin',(-50.8488999377721,-25.617067,4.));
#2830=CARTESIAN_POINT('',(-37.1051691208254,-25.6065939610431,3.4));
#2831=CARTESIAN_POINT('',(-47.313337468886,-25.6065939610431,3.4));
#2832=CARTESIAN_POINT('',(-37.240663150991,-25.7312333458655,10.5405855739845));
#2833=CARTESIAN_POINT('Ctrl Pts',(-37.105169040761,-25.60659396118,3.40000000324011));
#2834=CARTESIAN_POINT('Ctrl Pts',(-37.1729160550039,-25.6695528758772,7.00691381055167));
#2835=CARTESIAN_POINT('Ctrl Pts',(-37.2406630692468,-25.7312333459856,10.5405855764315));
#2836=CARTESIAN_POINT('',(-37.7249015955678,-25.7465830864829,11.4199716251887));
#2837=CARTESIAN_POINT('Ctrl Pts',(-37.2406631509904,-25.7312333458625,10.5405855739854));
#2838=CARTESIAN_POINT('Ctrl Pts',(-37.2426409149681,-25.733034006921,10.643745376937));
#2839=CARTESIAN_POINT('Ctrl Pts',(-37.2591537630932,-25.7348208107336,10.746111298651));
#2840=CARTESIAN_POINT('Ctrl Pts',(-37.321512418831,-25.73830343659,10.9456308003362));
#2841=CARTESIAN_POINT('Ctrl Pts',(-37.3677724146058,-25.7399762595873,11.041466765815));
#2842=CARTESIAN_POINT('Ctrl Pts',(-37.5064041740308,-25.7435235171423,11.244689015039));
#2843=CARTESIAN_POINT('Ctrl Pts',(-37.607389823748,-25.745250166201,11.3436086733656));
#2844=CARTESIAN_POINT('Ctrl Pts',(-37.7249015955678,-25.7465830864832,11.4199716251886));
#2845=CARTESIAN_POINT('',(-38.7301786018269,-25.7586532020117,12.1114680713328));
#2846=CARTESIAN_POINT('Ctrl Pts',(-38.7301786018023,-25.758653201849,12.1114680713696));
#2847=CARTESIAN_POINT('Ctrl Pts',(-38.4015184304447,-25.7544986470149,11.8734537843354));
#2848=CARTESIAN_POINT('Ctrl Pts',(-38.0664723489445,-25.7504574777712,11.6419353534203));
#2849=CARTESIAN_POINT('Ctrl Pts',(-37.7249015955678,-25.7465830864832,11.4199716251886));
#2850=CARTESIAN_POINT('',(-39.0026777906368,-25.4861540130384,-3.5));
#2851=CARTESIAN_POINT('',(-38.8915009270861,-25.5973308765891,2.86931824704534));
#2852=CARTESIAN_POINT('',(-47.3548991319508,-25.4861540130384,-3.5));
#2853=CARTESIAN_POINT('Origin',(-43.8608983261294,-25.117067,-3.5));
#2854=CARTESIAN_POINT('',(-39.0026777906368,-26.617067,-3.5));
#2855=CARTESIAN_POINT('Origin',(-38.9083624658802,-28.117067,1.90332133649756));
#2856=CARTESIAN_POINT('',(-38.7387771477234,-28.4061029342876,11.6188577068373));
#2857=CARTESIAN_POINT('Ctrl Pts',(-38.7301786018264,-25.758653202016,12.1114680713577));
#2858=CARTESIAN_POINT('Ctrl Pts',(-38.7303307230221,-25.8086789326578,12.1027530538933));
#2859=CARTESIAN_POINT('Ctrl Pts',(-38.730484173804,-25.858931074846,12.0939618644891));
#2860=CARTESIAN_POINT('Ctrl Pts',(-38.7306389756788,-25.9094146459464,12.0850932710214));
#2861=CARTESIAN_POINT('Ctrl Pts',(-38.7330275113477,-26.6883574748098,11.9482541541929));
#2862=CARTESIAN_POINT('Ctrl Pts',(-38.7358205018566,-27.5467634570979,11.7882438351043));
#2863=CARTESIAN_POINT('Ctrl Pts',(-38.7387771477234,-28.4061029342876,11.6188577068373));
#2864=CARTESIAN_POINT('',(-39.0103606776955,-28.1345194043155,-3.94015230480657));
#2865=CARTESIAN_POINT('',(-38.908627208155,-28.236252873856,1.88815426172831));
#2866=CARTESIAN_POINT('',(-39.0278130841334,-27.117067,-4.94));
#2867=CARTESIAN_POINT('',(-38.9899722914819,-29.3231355786433,-2.77210244092057));
#2868=CARTESIAN_POINT('',(-39.0278130841334,-23.117067,-4.94));
#2869=CARTESIAN_POINT('',(-39.0278130841334,-26.0799332911175,-4.94));
#2870=CARTESIAN_POINT('',(-39.0103606776955,-22.0996145956845,-3.94015230480657));
#2871=CARTESIAN_POINT('',(-39.0160908613291,-22.4336767856747,-4.26843430531706));
#2872=CARTESIAN_POINT('',(-38.7198450969983,-21.8090990149874,12.7034741664711));
#2873=CARTESIAN_POINT('',(-38.909312319083,-21.9985662370721,1.84890428295128));
#2874=CARTESIAN_POINT('',(-38.7200637576995,-21.9489797747239,12.6909471032877));
#2875=CARTESIAN_POINT('Ctrl Pts',(-38.7198738162712,-21.8091013984779,12.7033977845482));
#2876=CARTESIAN_POINT('Ctrl Pts',(-38.7198942521675,-21.8445559621226,12.7016079794399));
#2877=CARTESIAN_POINT('Ctrl Pts',(-38.719941438655,-21.8786139044936,12.6987933418072));
#2878=CARTESIAN_POINT('Ctrl Pts',(-38.7199980352945,-21.9108596903025,12.6953600501159));
#2879=CARTESIAN_POINT('Ctrl Pts',(-38.7200208732905,-21.9238715781853,12.6939746409707));
#2880=CARTESIAN_POINT('Ctrl Pts',(-38.7200455707052,-21.9365888839676,12.6924883119334));
#2881=CARTESIAN_POINT('Ctrl Pts',(-38.7200723168259,-21.9489860548322,12.6909269234766));
#2882=CARTESIAN_POINT('Ctrl Pts',(-38.7200637576994,-21.9489797746857,12.6909471032925));
#2883=CARTESIAN_POINT('Ctrl Pts',(-38.7201120679036,-21.9709472316809,12.6881794135511));
#2884=CARTESIAN_POINT('Ctrl Pts',(-38.7201606284835,-21.9929382685029,12.6853973797887));
#2885=CARTESIAN_POINT('Ctrl Pts',(-38.7202094452822,-22.0149536221083,12.6826006672647));
#2886=CARTESIAN_POINT('Ctrl Pts',(-38.7219330938586,-22.7922830233925,12.5838529064609));
#2887=CARTESIAN_POINT('Ctrl Pts',(-38.7239657347903,-23.5999823206612,12.4674029854739));
#2888=CARTESIAN_POINT('Ctrl Pts',(-38.72641089751,-24.4717424138718,12.327319707081));
#2889=CARTESIAN_POINT('Origin',(-43.777775,-25.117067,-0.0130893048279682));
#2890=CARTESIAN_POINT('',(-41.8367137026779,-31.5198466232903,3.4));
#2891=CARTESIAN_POINT('Origin',(-43.777775,-25.117067,3.4));
#2892=CARTESIAN_POINT('',(-41.8881056823296,-31.4851474840315,6.15000002381835));
#2893=CARTESIAN_POINT('Ctrl Pts',(-41.8367137026765,-31.5198466232906,3.39999999997787));
#2894=CARTESIAN_POINT('Ctrl Pts',(-41.8535784700487,-31.5082396383732,4.31667276669619));
#2895=CARTESIAN_POINT('Ctrl Pts',(-41.8707025985935,-31.4966733047485,5.23333620096082));
#2896=CARTESIAN_POINT('Ctrl Pts',(-41.8881056823295,-31.4851474840315,6.15000002379704));
#2897=CARTESIAN_POINT('',(-43.2402466099885,-31.7378194052241,6.15000002384186));
#2898=CARTESIAN_POINT('Origin',(-43.777775,-25.117067,6.15000002384186));
#2899=CARTESIAN_POINT('',(-43.0880560391985,-31.5706618028413,14.8689919856988));
#2900=CARTESIAN_POINT('Ctrl Pts',(-43.2402466100251,-31.7378191352755,6.15000002132462));
#2901=CARTESIAN_POINT('Ctrl Pts',(-43.1631784342756,-31.6542403306054,10.5652328529726));
#2902=CARTESIAN_POINT('Ctrl Pts',(-43.0880560392698,-31.5706615259352,14.8689919804653));
#2903=CARTESIAN_POINT('',(-40.6742970525665,-30.8666643570375,12.3843552900982));
#2904=CARTESIAN_POINT('Ctrl Pts',(-43.0881729749696,-31.5722168978095,14.8685347445188));
#2905=CARTESIAN_POINT('Ctrl Pts',(-42.285196377603,-31.5055391039936,14.0161535779115));
#2906=CARTESIAN_POINT('Ctrl Pts',(-41.4922003186033,-31.2927377953385,13.1611795071906));
#2907=CARTESIAN_POINT('Ctrl Pts',(-40.6742970525665,-30.8666643570375,12.3843552900982));
#2908=CARTESIAN_POINT('',(-39.4866814833169,-30.067981792223,11.3528826878253));
#2909=CARTESIAN_POINT('Ctrl Pts',(-40.6742970525665,-30.8666643570375,12.3843552900982));
#2910=CARTESIAN_POINT('Ctrl Pts',(-40.2824542256268,-30.6625472939278,12.0118347044705));
#2911=CARTESIAN_POINT('Ctrl Pts',(-39.8835922642158,-30.4049524526701,11.657779820181));
#2912=CARTESIAN_POINT('Ctrl Pts',(-39.4866814833169,-30.067981792223,11.3528826878253));
#2913=CARTESIAN_POINT('',(-37.6018444210253,-27.352876441812,10.4100296564982));
#2914=CARTESIAN_POINT('Ctrl Pts',(-39.4866814833169,-30.067981792223,11.3528826878253));
#2915=CARTESIAN_POINT('Ctrl Pts',(-39.171736198347,-29.8006031951357,11.1107451564233));
#2916=CARTESIAN_POINT('Ctrl Pts',(-38.4376327049716,-29.0591391053449,10.617554029781));
#2917=CARTESIAN_POINT('Ctrl Pts',(-37.8355141655172,-27.9977320285227,10.4218389451658));
#2918=CARTESIAN_POINT('Ctrl Pts',(-37.6018444210253,-27.352876441812,10.4100296564982));
#2919=CARTESIAN_POINT('Ctrl Pts',(-37.6018444210253,-27.352876441812,10.4100296564982));
#2920=CARTESIAN_POINT('Ctrl Pts',(-37.4100510045675,-26.8236001702346,10.4000692516894));
#2921=CARTESIAN_POINT('Ctrl Pts',(-37.2901883704019,-26.2733246768924,10.4519447410911));
#2922=CARTESIAN_POINT('Ctrl Pts',(-37.2406772163094,-25.7312498750369,10.5405828275613));
#2923=CARTESIAN_POINT('Ctrl Pts',(-37.5430412177163,-22.1740706191626,12.0210094527917));
#2924=CARTESIAN_POINT('Ctrl Pts',(-37.9322762623957,-22.1014292706581,12.2328348092117));
#2925=CARTESIAN_POINT('Ctrl Pts',(-38.3241133077319,-22.026555712916,12.4567441502992));
#2926=CARTESIAN_POINT('Ctrl Pts',(-38.7200637576994,-21.9489797746857,12.6909471032925));
#2927=CARTESIAN_POINT('Ctrl Pts',(-37.5452110629673,-22.1957826410328,12.0184027978822));
#2928=CARTESIAN_POINT('Ctrl Pts',(-37.9344816886154,-22.1230910639668,12.2305932832866));
#2929=CARTESIAN_POINT('Ctrl Pts',(-38.3263601165377,-22.0481673447877,12.4548902631847));
#2930=CARTESIAN_POINT('Ctrl Pts',(-38.7223624794162,-21.970539122054,12.6895063951534));
#2931=CARTESIAN_POINT('Ctrl Pts',(-37.5473768464749,-22.2174864352936,12.0157874067244));
#2932=CARTESIAN_POINT('Ctrl Pts',(-37.9366833901347,-22.1447449745479,12.2283437150546));
#2933=CARTESIAN_POINT('Ctrl Pts',(-38.3286033881662,-22.0697714439186,12.4530290727405));
#2934=CARTESIAN_POINT('Ctrl Pts',(-38.724657689124,-21.9920912403391,12.6880591474231));
#2935=CARTESIAN_POINT('Ctrl Pts',(-37.6306987396419,-23.0538998008027,11.914616712517));
#2936=CARTESIAN_POINT('Ctrl Pts',(-38.0213842721659,-22.9792492239181,12.1412962866321));
#2937=CARTESIAN_POINT('Ctrl Pts',(-38.4149058479998,-22.9023674842409,12.3809775767659));
#2938=CARTESIAN_POINT('Ctrl Pts',(-38.8129686299957,-22.8226937980663,12.6319944119543));
#2939=CARTESIAN_POINT('Ctrl Pts',(-37.7061306785197,-23.8581795751848,11.8035235327742));
#2940=CARTESIAN_POINT('Ctrl Pts',(-38.098288141486,-23.7821930537697,12.0448290971841));
#2941=CARTESIAN_POINT('Ctrl Pts',(-38.4934874131796,-23.7039819264788,12.3000757143796));
#2942=CARTESIAN_POINT('Ctrl Pts',(-38.893638418306,-23.6228180819442,12.5677410450959));
#2943=CARTESIAN_POINT('Ctrl Pts',(-37.7797479149942,-24.660509880041,11.6852455514128));
#2944=CARTESIAN_POINT('Ctrl Pts',(-38.1733740940419,-24.5835170611997,11.9424064180559));
#2945=CARTESIAN_POINT('Ctrl Pts',(-38.5706081217343,-24.503975948253,12.2151245532447));
#2946=CARTESIAN_POINT('Ctrl Pts',(-38.9732368976289,-24.4212752846069,12.501314906255));
#2947=CARTESIAN_POINT('',(-37.9768122981069,-23.5162280043925,12.0224434431657));
#2948=CARTESIAN_POINT('Ctrl Pts',(-38.7200723168259,-21.9489860548322,12.6909269234766));
#2949=CARTESIAN_POINT('Ctrl Pts',(-38.7033760660733,-21.9740786021497,12.6782774473851));
#2950=CARTESIAN_POINT('Ctrl Pts',(-38.6868567202634,-21.9993175733389,12.6656679032315));
#2951=CARTESIAN_POINT('Ctrl Pts',(-38.670517084063,-22.024701201521,12.6530989960317));
#2952=CARTESIAN_POINT('Ctrl Pts',(-38.3763495790306,-22.4816904808047,12.4268170870206));
#2953=CARTESIAN_POINT('Ctrl Pts',(-38.1407407912822,-22.984577825744,12.2134529918704));
#2954=CARTESIAN_POINT('Ctrl Pts',(-37.9768122981069,-23.5162280043925,12.0224434431657));
#2955=CARTESIAN_POINT('',(-37.7661792084848,-24.462241440632,11.7171355942957));
#2956=CARTESIAN_POINT('Ctrl Pts',(-37.9768122981069,-23.5162280043925,12.0224434431657));
#2957=CARTESIAN_POINT('Ctrl Pts',(-37.8821407381211,-23.8232652424253,11.9121321019352));
#2958=CARTESIAN_POINT('Ctrl Pts',(-37.8112786405554,-24.1398385365497,11.8093390610099));
#2959=CARTESIAN_POINT('Ctrl Pts',(-37.7661792084848,-24.462241440632,11.7171355942957));
#2960=CARTESIAN_POINT('Ctrl Pts',(-37.7661796689408,-24.4622411910366,11.7171361010519));
#2961=CARTESIAN_POINT('Ctrl Pts',(-37.7652363233252,-24.4689797321925,11.7152085150556));
#2962=CARTESIAN_POINT('Ctrl Pts',(-37.7643042177063,-24.475720797853,11.7132856028845));
#2963=CARTESIAN_POINT('Ctrl Pts',(-37.7633833690451,-24.4824643497073,11.7113673998777));
#2964=CARTESIAN_POINT('Ctrl Pts',(-38.0124358807497,-27.166151566245,11.3025253002107));
#2965=CARTESIAN_POINT('Ctrl Pts',(-37.8589199591709,-26.7124621159876,11.2914995234301));
#2966=CARTESIAN_POINT('Ctrl Pts',(-37.7615615959536,-26.2310475517504,11.3369718054989));
#2967=CARTESIAN_POINT('Ctrl Pts',(-37.7249015955678,-25.7465830864829,11.4199716251886));
#2968=CARTESIAN_POINT('Ctrl Pts',(-37.8896106074844,-27.2150080571257,11.2010128708048));
#2969=CARTESIAN_POINT('Ctrl Pts',(-37.7271732508151,-26.7424453059963,11.1917552877091));
#2970=CARTESIAN_POINT('Ctrl Pts',(-37.6242211741829,-26.2426159944117,11.241571009182));
#2971=CARTESIAN_POINT('Ctrl Pts',(-37.5848906093837,-25.7418527555917,11.3296813959542));
#2972=CARTESIAN_POINT('Ctrl Pts',(-37.6753079875912,-27.3043802882118,10.9263134635585));
#2973=CARTESIAN_POINT('Ctrl Pts',(-37.4929875736993,-26.7915212410492,10.9181472941825));
#2974=CARTESIAN_POINT('Ctrl Pts',(-37.3773323344053,-26.252645017848,10.9741161033297));
#2975=CARTESIAN_POINT('Ctrl Pts',(-37.3315640739304,-25.7166576117513,11.068942963001));
#2976=CARTESIAN_POINT('Ctrl Pts',(-37.6023223346076,-27.3456582831211,10.5765392585081));
#2977=CARTESIAN_POINT('Ctrl Pts',(-37.4047299588064,-26.7987411310861,10.5665387726197));
#2978=CARTESIAN_POINT('Ctrl Pts',(-37.283401343355,-26.227613701604,10.6240308740248));
#2979=CARTESIAN_POINT('Ctrl Pts',(-37.2378171609012,-25.6643230354144,10.7207098978365));
#2980=CARTESIAN_POINT('Ctrl Pts',(-37.6018444210253,-27.352876441812,10.4100296564982));
#2981=CARTESIAN_POINT('Ctrl Pts',(-37.3988828908198,-26.7927804595577,10.3994892581947));
#2982=CARTESIAN_POINT('Ctrl Pts',(-37.2764730864735,-26.2091684873344,10.4581958198154));
#2983=CARTESIAN_POINT('Ctrl Pts',(-37.2327434411329,-25.6366441552188,10.5564359962678));
#2984=CARTESIAN_POINT('',(-38.0124358807497,-27.166151566245,11.3025253002108));
#2985=CARTESIAN_POINT('Ctrl Pts',(-37.6018444210253,-27.352876441812,10.4100296564982));
#2986=CARTESIAN_POINT('Ctrl Pts',(-37.6023223346076,-27.3456582831211,10.5765392585081));
#2987=CARTESIAN_POINT('Ctrl Pts',(-37.6753079875912,-27.3043802882118,10.9263134635585));
#2988=CARTESIAN_POINT('Ctrl Pts',(-37.8896106074844,-27.2150080571257,11.2010128708048));
#2989=CARTESIAN_POINT('Ctrl Pts',(-38.0124358807497,-27.166151566245,11.3025253002107));
#2990=CARTESIAN_POINT('Ctrl Pts',(-37.7249015955678,-25.7465830864829,11.4199716251886));
#2991=CARTESIAN_POINT('Ctrl Pts',(-37.7615615959536,-26.2310475517504,11.3369718054989));
#2992=CARTESIAN_POINT('Ctrl Pts',(-37.8589199591709,-26.7124621159876,11.2914995234301));
#2993=CARTESIAN_POINT('Ctrl Pts',(-38.0124358807497,-27.166151566245,11.3025253002107));
#2994=CARTESIAN_POINT('Ctrl Pts',(-43.4981267968164,-31.2751082802302,6.15417229508574));
#2995=CARTESIAN_POINT('Ctrl Pts',(-43.5115659421632,-31.2739475961467,5.35611425608611));
#2996=CARTESIAN_POINT('Ctrl Pts',(-43.5250037016281,-31.2728713213227,4.55805820112279));
#2997=CARTESIAN_POINT('Ctrl Pts',(-43.5384401220896,-31.2718791491861,3.76));
#2998=CARTESIAN_POINT('Ctrl Pts',(-43.464922185879,-31.2779760268331,6.15358838325295));
#2999=CARTESIAN_POINT('Ctrl Pts',(-43.4783461635904,-31.2766795641186,5.35553049188725));
#3000=CARTESIAN_POINT('Ctrl Pts',(-43.4917793512241,-31.2754615303351,4.55747475197636));
#3001=CARTESIAN_POINT('Ctrl Pts',(-43.505202386785,-31.2743334899793,3.75941666973093));
#3002=CARTESIAN_POINT('Ctrl Pts',(-43.3900252206186,-31.2698288548449,6.15229333390772));
#3003=CARTESIAN_POINT('Ctrl Pts',(-43.4035290834704,-31.2682443299495,5.35423668028413));
#3004=CARTESIAN_POINT('Ctrl Pts',(-43.4170333349636,-31.2667461932058,4.55618194041981));
#3005=CARTESIAN_POINT('Ctrl Pts',(-43.4305389242277,-31.2653323137391,3.75812501591217));
#3006=CARTESIAN_POINT('Ctrl Pts',(-43.3052148084913,-31.210375697282,6.15090258963924));
#3007=CARTESIAN_POINT('Ctrl Pts',(-43.3189613813165,-31.2086483663199,5.35284604854891));
#3008=CARTESIAN_POINT('Ctrl Pts',(-43.3327091022036,-31.2070073166537,4.55479141029093));
#3009=CARTESIAN_POINT('Ctrl Pts',(-43.3464564322031,-31.205452651987,3.75673453046102));
#3010=CARTESIAN_POINT('Ctrl Pts',(-43.2514303996923,-31.1269809204665,6.15008949880666));
#3011=CARTESIAN_POINT('Ctrl Pts',(-43.2653366481009,-31.1252590401114,5.35202964227443));
#3012=CARTESIAN_POINT('Ctrl Pts',(-43.2792437307192,-31.123620754731,4.55397172088405));
#3013=CARTESIAN_POINT('Ctrl Pts',(-43.2931498793638,-31.1220713303695,3.75591153271255));
#3014=CARTESIAN_POINT('Ctrl Pts',(-43.2402470045685,-31.0718398376497,6.14997741835008));
#3015=CARTESIAN_POINT('Ctrl Pts',(-43.2541788969161,-31.0701444016937,5.35191394660019));
#3016=CARTESIAN_POINT('Ctrl Pts',(-43.2681058330327,-31.068533978259,4.55385231483092));
#3017=CARTESIAN_POINT('Ctrl Pts',(-43.2820377269275,-31.0670107528858,3.75578853787772));
#3018=CARTESIAN_POINT('Ctrl Pts',(-43.2402461277065,-31.0385065421818,6.1500276537424));
#3019=CARTESIAN_POINT('Ctrl Pts',(-43.2541764203012,-31.0368106774025,5.35196172548259));
#3020=CARTESIAN_POINT('Ctrl Pts',(-43.2681066794298,-31.0352010943661,4.5538977145023));
#3021=CARTESIAN_POINT('Ctrl Pts',(-43.282036977219,-31.0336774472324,3.75583148865165));
#3022=CARTESIAN_POINT('',(-43.2819642155828,-31.0336854064267,3.76));
#3023=CARTESIAN_POINT('',(-43.5384401220896,-31.2718791491861,3.76));
#3024=CARTESIAN_POINT('Ctrl Pts',(-43.2819642155831,-31.0336854064266,3.75999999998137));
#3025=CARTESIAN_POINT('Ctrl Pts',(-43.2819642130857,-31.0434639753469,3.75999999994396));
#3026=CARTESIAN_POINT('Ctrl Pts',(-43.2825996341241,-31.0532528276476,3.76000057258372));
#3027=CARTESIAN_POINT('Ctrl Pts',(-43.2838231252351,-31.0629579474982,3.76000105034846));
#3028=CARTESIAN_POINT('Ctrl Pts',(-43.2848500853684,-31.0711041212507,3.76000145136923));
#3029=CARTESIAN_POINT('Ctrl Pts',(-43.2862917437546,-31.0791928697755,3.76000179014959));
#3030=CARTESIAN_POINT('Ctrl Pts',(-43.2881355866189,-31.0871919020247,3.76000191224026));
#3031=CARTESIAN_POINT('Ctrl Pts',(-43.2906541465447,-31.0981180185923,3.76000207900754));
#3032=CARTESIAN_POINT('Ctrl Pts',(-43.2939112639772,-31.1088301497245,3.76000181796255));
#3033=CARTESIAN_POINT('Ctrl Pts',(-43.2978908476185,-31.1192639602982,3.76000132420968));
#3034=CARTESIAN_POINT('Ctrl Pts',(-43.3003390048526,-31.1256826239417,3.76000102046317));
#3035=CARTESIAN_POINT('Ctrl Pts',(-43.3030614016095,-31.1319967926364,3.76000064198164));
#3036=CARTESIAN_POINT('Ctrl Pts',(-43.3060628068201,-31.1381960397438,3.76000037694905));
#3037=CARTESIAN_POINT('Ctrl Pts',(-43.3065919560166,-31.13928897002,3.76000033022368));
#3038=CARTESIAN_POINT('Ctrl Pts',(-43.3071297942661,-31.1403783324431,3.76000028731506));
#3039=CARTESIAN_POINT('Ctrl Pts',(-43.3076762430317,-31.1414639965097,3.76000024752198));
#3040=CARTESIAN_POINT('Ctrl Pts',(-43.3127815059476,-31.1516069428338,3.75999987575035));
#3041=CARTESIAN_POINT('Ctrl Pts',(-43.3186054698095,-31.1613699485678,3.75999970617656));
#3042=CARTESIAN_POINT('Ctrl Pts',(-43.3250834911055,-31.1706501360237,3.75999957904173));
#3043=CARTESIAN_POINT('Ctrl Pts',(-43.3290712453791,-31.1763628537651,3.7599995007798));
#3044=CARTESIAN_POINT('Ctrl Pts',(-43.3333079926395,-31.1818929766656,3.75999945808938));
#3045=CARTESIAN_POINT('Ctrl Pts',(-43.3377883119842,-31.1872161725018,3.75999958271595));
#3046=CARTESIAN_POINT('Ctrl Pts',(-43.3451343555293,-31.195944217403,3.7599997870568));
#3047=CARTESIAN_POINT('Ctrl Pts',(-43.3531333059561,-31.2041183202606,3.76000040492109));
#3048=CARTESIAN_POINT('Ctrl Pts',(-43.3616957515003,-31.2117198839012,3.76000075910211));
#3049=CARTESIAN_POINT('Ctrl Pts',(-43.3624352929912,-31.2123764336776,3.76000078969285));
#3050=CARTESIAN_POINT('Ctrl Pts',(-43.3631790602935,-31.2130286895285,3.76000081873403));
#3051=CARTESIAN_POINT('Ctrl Pts',(-43.3639270073235,-31.2136766258863,3.760000846008));
#3052=CARTESIAN_POINT('Ctrl Pts',(-43.3726354335994,-31.2212206173421,3.76000116356163));
#3053=CARTESIAN_POINT('Ctrl Pts',(-43.3818436395518,-31.2281268294462,3.7600011525594));
#3054=CARTESIAN_POINT('Ctrl Pts',(-43.3914738743748,-31.2343607791153,3.7600008075839));
#3055=CARTESIAN_POINT('Ctrl Pts',(-43.4006429075078,-31.240296178627,3.76000047912963));
#3056=CARTESIAN_POINT('Ctrl Pts',(-43.4101960420528,-31.2456226620501,3.75999987394402));
#3057=CARTESIAN_POINT('Ctrl Pts',(-43.4200781754918,-31.2502665766399,3.75999925343133));
#3058=CARTESIAN_POINT('Ctrl Pts',(-43.4241175595429,-31.2521648058679,3.75999899979287));
#3059=CARTESIAN_POINT('Ctrl Pts',(-43.4282119336706,-31.253948422922,3.75999874468044));
#3060=CARTESIAN_POINT('Ctrl Pts',(-43.4323572811846,-31.2556098161463,3.75999850484926));
#3061=CARTESIAN_POINT('Ctrl Pts',(-43.4366370601115,-31.2573250874684,3.75999825724048));
#3062=CARTESIAN_POINT('Ctrl Pts',(-43.44097118903,-31.2589100227886,3.75999802628803));
#3063=CARTESIAN_POINT('Ctrl Pts',(-43.445355441287,-31.2603656817216,3.75999782164561));
#3064=CARTESIAN_POINT('Ctrl Pts',(-43.4556669147313,-31.2637892959553,3.75999734034008));
#3065=CARTESIAN_POINT('Ctrl Pts',(-43.4661830420949,-31.2664764168073,3.75999696120279));
#3066=CARTESIAN_POINT('Ctrl Pts',(-43.4768511165529,-31.2684513646318,3.75999703664458));
#3067=CARTESIAN_POINT('Ctrl Pts',(-43.4869521391585,-31.2703213358903,3.75999710807632));
#3068=CARTESIAN_POINT('Ctrl Pts',(-43.4971907717065,-31.2715520215121,3.75999761229673));
#3069=CARTESIAN_POINT('Ctrl Pts',(-43.5074899736798,-31.2721315534976,3.75999832656452));
#3070=CARTESIAN_POINT('Ctrl Pts',(-43.5168637968968,-31.2726590147897,3.75999897665567));
#3071=CARTESIAN_POINT('Ctrl Pts',(-43.5262885181717,-31.2726464040507,3.75999981424884));
#3072=CARTESIAN_POINT('Ctrl Pts',(-43.5356648917034,-31.2720672867297,3.7599999754662));
#3073=CARTESIAN_POINT('Ctrl Pts',(-43.5365905222253,-31.2720101165812,3.7599999913815));
#3074=CARTESIAN_POINT('Ctrl Pts',(-43.5375156403806,-31.2719474147629,3.76));
#3075=CARTESIAN_POINT('Ctrl Pts',(-43.5384401220896,-31.2718791491861,3.76));
#3076=CARTESIAN_POINT('',(-43.2402466099882,-31.0385064834692,6.15000002384186));
#3077=CARTESIAN_POINT('Ctrl Pts',(-43.2402466099882,-31.0385064834692,6.15000002384186));
#3078=CARTESIAN_POINT('Ctrl Pts',(-43.2541524879519,-31.0368135928991,5.35333280885822));
#3079=CARTESIAN_POINT('Ctrl Pts',(-43.2680583325674,-31.0352066818932,4.55666750439191));
#3080=CARTESIAN_POINT('Ctrl Pts',(-43.2819642155831,-31.0336854064266,3.75999999998137));
#3081=CARTESIAN_POINT('',(-43.498197057057,-31.2751022129082,6.15000002384186));
#3082=CARTESIAN_POINT('Ctrl Pts',(-43.2402466099882,-31.0385064834692,6.15000002384186));
#3083=CARTESIAN_POINT('Ctrl Pts',(-43.2402466100048,-31.0482387669279,6.1500000238421));
#3084=CARTESIAN_POINT('Ctrl Pts',(-43.2408800576961,-31.0579816960592,6.15000059430479));
#3085=CARTESIAN_POINT('Ctrl Pts',(-43.2420993003919,-31.067640528173,6.15000107474676));
#3086=CARTESIAN_POINT('Ctrl Pts',(-43.2431768689487,-31.0761770187483,6.15000149936211));
#3087=CARTESIAN_POINT('Ctrl Pts',(-43.2447122696766,-31.0846494205038,6.15000185587026));
#3088=CARTESIAN_POINT('Ctrl Pts',(-43.2466910438298,-31.0930203591684,6.15000196788789));
#3089=CARTESIAN_POINT('Ctrl Pts',(-43.2492617637648,-31.1038954450724,6.15000211341534));
#3090=CARTESIAN_POINT('Ctrl Pts',(-43.2525687001213,-31.1145518298997,6.15000182705437));
#3091=CARTESIAN_POINT('Ctrl Pts',(-43.2565961930794,-31.1249259276577,6.1500013204318));
#3092=CARTESIAN_POINT('Ctrl Pts',(-43.2589865528625,-31.1310830646967,6.15000101974594));
#3093=CARTESIAN_POINT('Ctrl Pts',(-43.2616315363072,-31.1371415465138,6.15000065432883));
#3094=CARTESIAN_POINT('Ctrl Pts',(-43.2645354084743,-31.1430921079889,6.15000039394225));
#3095=CARTESIAN_POINT('Ctrl Pts',(-43.2653799166883,-31.1448226587001,6.15000031821626));
#3096=CARTESIAN_POINT('Ctrl Pts',(-43.2662463579989,-31.1465440911099,6.15000025200597));
#3097=CARTESIAN_POINT('Ctrl Pts',(-43.2671344182281,-31.148255878074,6.1500001926229));
#3098=CARTESIAN_POINT('Ctrl Pts',(-43.2723492180959,-31.1583077035488,6.14999984391816));
#3099=CARTESIAN_POINT('Ctrl Pts',(-43.2782756316686,-31.1679694844016,6.14999966148286));
#3100=CARTESIAN_POINT('Ctrl Pts',(-43.2848509587903,-31.1771383145967,6.149999544777));
#3101=CARTESIAN_POINT('Ctrl Pts',(-43.2885429617822,-31.1822865525302,6.14999947924742));
#3102=CARTESIAN_POINT('Ctrl Pts',(-43.2924405756569,-31.1872796293558,6.14999945194436));
#3103=CARTESIAN_POINT('Ctrl Pts',(-43.2965397695239,-31.1920989588128,6.14999956900383));
#3104=CARTESIAN_POINT('Ctrl Pts',(-43.3039043787653,-31.2007573632229,6.1499997793128));
#3105=CARTESIAN_POINT('Ctrl Pts',(-43.3119174660142,-31.2088573890751,6.15000041393983));
#3106=CARTESIAN_POINT('Ctrl Pts',(-43.3204886047811,-31.2163819533819,6.15000078123197));
#3107=CARTESIAN_POINT('Ctrl Pts',(-43.3216443653504,-31.2173965904055,6.15000083075885));
#3108=CARTESIAN_POINT('Ctrl Pts',(-43.3228103268548,-31.2184007088198,6.15000087645131));
#3109=CARTESIAN_POINT('Ctrl Pts',(-43.323986313122,-31.2193942124015,6.15000091749024));
#3110=CARTESIAN_POINT('Ctrl Pts',(-43.3327453026165,-31.2267940330272,6.15000122315671));
#3111=CARTESIAN_POINT('Ctrl Pts',(-43.3419932484682,-31.2335537743512,6.15000118297867));
#3112=CARTESIAN_POINT('Ctrl Pts',(-43.3516531398057,-31.2396385613971,6.15000081003016));
#3113=CARTESIAN_POINT('Ctrl Pts',(-43.360838360619,-31.2454243524237,6.1500004554077));
#3114=CARTESIAN_POINT('Ctrl Pts',(-43.3703975616405,-31.2506003660923,6.14999982581262));
#3115=CARTESIAN_POINT('Ctrl Pts',(-43.3802754567558,-31.2550924654281,6.14999918963521));
#3116=CARTESIAN_POINT('Ctrl Pts',(-43.3840798514684,-31.2568225626566,6.14999894461641));
#3117=CARTESIAN_POINT('Ctrl Pts',(-43.3879315229462,-31.258450692639,6.14999869946306));
#3118=CARTESIAN_POINT('Ctrl Pts',(-43.3918270663791,-31.2599704970401,6.14999846840719));
#3119=CARTESIAN_POINT('Ctrl Pts',(-43.3963312192765,-31.2617277438824,6.14999820125294));
#3120=CARTESIAN_POINT('Ctrl Pts',(-43.4008940527116,-31.2633401392455,6.14999795350787));
#3121=CARTESIAN_POINT('Ctrl Pts',(-43.4055106681438,-31.2648089714775,6.14999773677426));
#3122=CARTESIAN_POINT('Ctrl Pts',(-43.4158018445573,-31.2680832341585,6.14999725364027));
#3123=CARTESIAN_POINT('Ctrl Pts',(-43.4262878284714,-31.2706236953861,6.14999688099147));
#3124=CARTESIAN_POINT('Ctrl Pts',(-43.4369165889876,-31.2724548357877,6.14999697033425));
#3125=CARTESIAN_POINT('Ctrl Pts',(-43.4469829506204,-31.2741890851817,6.14999705494963));
#3126=CARTESIAN_POINT('Ctrl Pts',(-43.4571787584815,-31.2752862637518,6.14999757928487));
#3127=CARTESIAN_POINT('Ctrl Pts',(-43.467426740996,-31.2757353027237,6.1499983127198));
#3128=CARTESIAN_POINT('Ctrl Pts',(-43.4767404539365,-31.276143404521,6.14999897929026));
#3129=CARTESIAN_POINT('Ctrl Pts',(-43.4860979644597,-31.2760154715233,6.14999983186612));
#3130=CARTESIAN_POINT('Ctrl Pts',(-43.4953997714741,-31.275326534671,6.14999999813111));
#3131=CARTESIAN_POINT('Ctrl Pts',(-43.4963328467504,-31.2752574265996,6.15000001480935));
#3132=CARTESIAN_POINT('Ctrl Pts',(-43.4972653188133,-31.2751826632217,6.15000002385177));
#3133=CARTESIAN_POINT('Ctrl Pts',(-43.4981970570567,-31.2751022129082,6.15000002386091));
#3134=CARTESIAN_POINT('Ctrl Pts',(-43.5384401220896,-31.2718791491861,3.76));
#3135=CARTESIAN_POINT('Ctrl Pts',(-43.5250271169638,-31.2728695922875,4.55666744375931));
#3136=CARTESIAN_POINT('Ctrl Pts',(-43.5116127774974,-31.2739438452042,5.35333274883275));
#3137=CARTESIAN_POINT('Ctrl Pts',(-43.4981970570567,-31.2751022129082,6.15000002386092));
#3138=CARTESIAN_POINT('Origin',(-43.277775,-31.8151520059025,4.));
#3139=CARTESIAN_POINT('',(-43.2819642155828,-27.6435124891326,3.76));
#3140=CARTESIAN_POINT('',(-43.2819642155828,-28.4661095029512,3.76));
#3141=CARTESIAN_POINT('',(-43.0729076667579,-27.8039104135092,15.7368416608366));
#3142=CARTESIAN_POINT('Ctrl Pts',(-43.072907666616,-27.8039103168014,15.7368416613494));
#3143=CARTESIAN_POINT('Ctrl Pts',(-43.1806519760273,-27.7237113515344,9.56417430923596));
#3144=CARTESIAN_POINT('Ctrl Pts',(-43.2819642154522,-27.6435123862674,3.75999999985879));
#3145=CARTESIAN_POINT('',(-43.0709904628646,-30.866655624154,15.8466781983216));
#3146=CARTESIAN_POINT('Ctrl Pts',(-43.0709904628646,-30.866655624154,15.8466781983216));
#3147=CARTESIAN_POINT('Ctrl Pts',(-43.0715347927906,-30.0588214672752,15.8154935577453));
#3148=CARTESIAN_POINT('Ctrl Pts',(-43.0719980832891,-29.1863866213463,15.7889516628622));
#3149=CARTESIAN_POINT('Ctrl Pts',(-43.0726298942044,-28.2194364988173,15.752755239767));
#3150=CARTESIAN_POINT('Ctrl Pts',(-43.0727202742575,-28.0811150464346,15.7475773699918));
#3151=CARTESIAN_POINT('Ctrl Pts',(-43.0728128778997,-27.9425728850557,15.7422721108848));
#3152=CARTESIAN_POINT('Ctrl Pts',(-43.0729076667579,-27.8039104135092,15.7368416608366));
#3153=CARTESIAN_POINT('Ctrl Pts',(-43.0709904628646,-30.8666556241539,15.8466781983216));
#3154=CARTESIAN_POINT('Ctrl Pts',(-43.0709667585932,-30.9018348769181,15.8480362151173));
#3155=CARTESIAN_POINT('Ctrl Pts',(-43.0710092898991,-30.9368865946384,15.8455995982352));
#3156=CARTESIAN_POINT('Ctrl Pts',(-43.0712328669786,-31.0085159263015,15.8327908759296));
#3157=CARTESIAN_POINT('Ctrl Pts',(-43.0714211723189,-31.0444588327702,15.8220028702118));
#3158=CARTESIAN_POINT('Ctrl Pts',(-43.0722292108759,-31.1548215615267,15.775710372285));
#3159=CARTESIAN_POINT('Ctrl Pts',(-43.0730778181092,-31.2220495133614,15.7270937186586));
#3160=CARTESIAN_POINT('Ctrl Pts',(-43.0754578996677,-31.3564083504658,15.5907389374983));
#3161=CARTESIAN_POINT('Ctrl Pts',(-43.0772092151708,-31.4213514367915,15.4904061268309));
#3162=CARTESIAN_POINT('Ctrl Pts',(-43.0818605852224,-31.532263737491,15.2239293150458));
#3163=CARTESIAN_POINT('Ctrl Pts',(-43.0848657695946,-31.5671124097784,15.0517624081439));
#3164=CARTESIAN_POINT('Ctrl Pts',(-43.0880560391858,-31.570661802839,14.8689919856716));
#3165=CARTESIAN_POINT('',(-43.2402466099882,-32.7279964158295,6.15000002384186));
#3166=CARTESIAN_POINT('Ctrl Pts',(-44.0171098779104,-31.2718791491861,3.76));
#3167=CARTESIAN_POINT('Ctrl Pts',(-44.0305464083252,-31.2728713294419,4.55806473181368));
#3168=CARTESIAN_POINT('Ctrl Pts',(-44.0439842777655,-31.2739476137615,5.35612731744968));
#3169=CARTESIAN_POINT('Ctrl Pts',(-44.0574235331095,-31.2751083087246,6.15419188710898));
#3170=CARTESIAN_POINT('Ctrl Pts',(-44.050347613215,-31.2743334899793,3.75941666973093));
#3171=CARTESIAN_POINT('Ctrl Pts',(-44.0637707586197,-31.2754615395661,4.55748128266627));
#3172=CARTESIAN_POINT('Ctrl Pts',(-44.0772040561847,-31.2766795840064,5.35554355324712));
#3173=CARTESIAN_POINT('Ctrl Pts',(-44.0906281437546,-31.2779760587108,6.15360797527105));
#3174=CARTESIAN_POINT('Ctrl Pts',(-44.1250111259303,-31.2653323062723,3.75812501504628));
#3175=CARTESIAN_POINT('Ctrl Pts',(-44.1385168257136,-31.266746197309,4.55618847023436));
#3176=CARTESIAN_POINT('Ctrl Pts',(-44.152021190809,-31.2682443492751,5.35424974070426));
#3177=CARTESIAN_POINT('Ctrl Pts',(-44.165525164151,-31.2698288885361,6.15231292497529));
#3178=CARTESIAN_POINT('Ctrl Pts',(-44.209093559707,-31.2054526566408,3.75673453059623));
#3179=CARTESIAN_POINT('Ctrl Pts',(-44.2228410022039,-31.2070073340297,4.55479794110621));
#3180=CARTESIAN_POINT('Ctrl Pts',(-44.2365888366171,-31.2086483992287,5.35285911000349));
#3181=CARTESIAN_POINT('Ctrl Pts',(-44.2503355219268,-31.2103757457417,6.15092218173977));
#3182=CARTESIAN_POINT('Ctrl Pts',(-44.2624000995764,-31.1220713604682,3.75591153304136));
#3183=CARTESIAN_POINT('Ctrl Pts',(-44.2763063620182,-31.1236207975089,4.55397825192));
#3184=CARTESIAN_POINT('Ctrl Pts',(-44.2902135593893,-31.1252590994619,5.35204270397081));
#3185=CARTESIAN_POINT('Ctrl Pts',(-44.3041199215962,-31.1269809953216,6.15010909117619));
#3186=CARTESIAN_POINT('Ctrl Pts',(-44.2735122730724,-31.0670107528858,3.75578853787772));
#3187=CARTESIAN_POINT('Ctrl Pts',(-44.2874442809751,-31.0685339907239,4.55385884556743));
#3188=CARTESIAN_POINT('Ctrl Pts',(-44.3013713310589,-31.0701444280403,5.35192700805443));
#3189=CARTESIAN_POINT('Ctrl Pts',(-44.3153033374139,-31.0718398792824,6.14999701050729));
#3190=CARTESIAN_POINT('Ctrl Pts',(-44.273513022781,-31.0336774472324,3.75583148865164));
#3191=CARTESIAN_POINT('Ctrl Pts',(-44.287443434565,-31.0352011068344,4.55390424525885));
#3192=CARTESIAN_POINT('Ctrl Pts',(-44.301373807688,-31.0368107037456,5.35197478697637));
#3193=CARTESIAN_POINT('Ctrl Pts',(-44.3153042142769,-31.0385065838147,6.15004724595931));
#3194=CARTESIAN_POINT('',(-44.0171098779104,-31.2718791491861,3.76));
#3195=CARTESIAN_POINT('',(-44.2735857844172,-31.0336854064267,3.76));
#3196=CARTESIAN_POINT('Ctrl Pts',(-44.0171098779104,-31.2718791491861,3.76));
#3197=CARTESIAN_POINT('Ctrl Pts',(-44.0267970131827,-31.2725944666122,3.76));
#3198=CARTESIAN_POINT('Ctrl Pts',(-44.0365558104692,-31.2727008574589,3.75999924120094));
#3199=CARTESIAN_POINT('Ctrl Pts',(-44.0462783323915,-31.2722252587782,3.75999863253522));
#3200=CARTESIAN_POINT('Ctrl Pts',(-44.0545682512991,-31.2718197390451,3.75999811355573));
#3201=CARTESIAN_POINT('Ctrl Pts',(-44.0628334710099,-31.2709910004676,3.75999767464865));
#3202=CARTESIAN_POINT('Ctrl Pts',(-44.0710339358521,-31.269743434824,3.75999742637999));
#3203=CARTESIAN_POINT('Ctrl Pts',(-44.0821566900135,-31.2680512909979,3.75999708963916));
#3204=CARTESIAN_POINT('Ctrl Pts',(-44.0931127970773,-31.2655968632218,3.75999713048602));
#3205=CARTESIAN_POINT('Ctrl Pts',(-44.1038245545666,-31.2623792476614,3.75999752997867));
#3206=CARTESIAN_POINT('Ctrl Pts',(-44.1103751900827,-31.2604115568518,3.75999777428319));
#3207=CARTESIAN_POINT('Ctrl Pts',(-44.1168353921275,-31.25815774458,3.7599981370803));
#3208=CARTESIAN_POINT('Ctrl Pts',(-44.1231927452286,-31.2556098130154,3.759998530604));
#3209=CARTESIAN_POINT('Ctrl Pts',(-44.1243316115388,-31.2551533725167,3.75999860110046));
#3210=CARTESIAN_POINT('Ctrl Pts',(-44.1254671828957,-31.2546874766057,3.75999867250588));
#3211=CARTESIAN_POINT('Ctrl Pts',(-44.1265993804446,-31.254212261138,3.75999874421183));
#3212=CARTESIAN_POINT('Ctrl Pts',(-44.136752158296,-31.2499508519162,3.75999938722201));
#3213=CARTESIAN_POINT('Ctrl Pts',(-44.1465784519701,-31.2449675073489,3.76000004076094));
#3214=CARTESIAN_POINT('Ctrl Pts',(-44.1560211445344,-31.2393581527627,3.76000048704972));
#3215=CARTESIAN_POINT('Ctrl Pts',(-44.1659371236765,-31.2334676461409,3.76000095570739));
#3216=CARTESIAN_POINT('Ctrl Pts',(-44.1754317278528,-31.2268862170813,3.76000116788564));
#3217=CARTESIAN_POINT('Ctrl Pts',(-44.1844343105208,-31.2196681820453,3.76000102313912));
#3218=CARTESIAN_POINT('Ctrl Pts',(-44.1907933538487,-31.2145696676268,3.76000092089631));
#3219=CARTESIAN_POINT('Ctrl Pts',(-44.1969068583788,-31.2091523064709,3.76000064299369));
#3220=CARTESIAN_POINT('Ctrl Pts',(-44.2027416533891,-31.2034219315056,3.76000031557953));
#3221=CARTESIAN_POINT('Ctrl Pts',(-44.2080086075329,-31.1982492352727,3.76000002002925));
#3222=CARTESIAN_POINT('Ctrl Pts',(-44.213023368492,-31.1928459079308,3.75999970308339));
#3223=CARTESIAN_POINT('Ctrl Pts',(-44.2177616802475,-31.1872161831214,3.75999957686768));
#3224=CARTESIAN_POINT('Ctrl Pts',(-44.2250274878796,-31.1785834675892,3.75999938332638));
#3225=CARTESIAN_POINT('Ctrl Pts',(-44.231645770649,-31.1694184690258,3.75999959439396));
#3226=CARTESIAN_POINT('Ctrl Pts',(-44.2375904251432,-31.1598243787976,3.75999979057846));
#3227=CARTESIAN_POINT('Ctrl Pts',(-44.2419241030649,-31.1528302470039,3.75999993359777));
#3228=CARTESIAN_POINT('Ctrl Pts',(-44.2458989328957,-31.145607394425,3.76000008442719));
#3229=CARTESIAN_POINT('Ctrl Pts',(-44.2494871781033,-31.1381960597335,3.76000038781434));
#3230=CARTESIAN_POINT('Ctrl Pts',(-44.2515038342524,-31.1340307608719,3.76000055832319));
#3231=CARTESIAN_POINT('Ctrl Pts',(-44.2533980470499,-31.129806009515,3.76000078276726));
#3232=CARTESIAN_POINT('Ctrl Pts',(-44.2551698848442,-31.1255253526764,3.76000100433911));
#3233=CARTESIAN_POINT('Ctrl Pts',(-44.2593203255652,-31.1154981298049,3.76000152336002));
#3234=CARTESIAN_POINT('Ctrl Pts',(-44.2627728163757,-31.1052349864811,3.76000198940982));
#3235=CARTESIAN_POINT('Ctrl Pts',(-44.2655375825274,-31.0947784691489,3.76000200605677));
#3236=CARTESIAN_POINT('Ctrl Pts',(-44.2681616944523,-31.0848539148399,3.76000202185683));
#3237=CARTESIAN_POINT('Ctrl Pts',(-44.2701656947251,-31.074753833156,3.76000164467774));
#3238=CARTESIAN_POINT('Ctrl Pts',(-44.2715217801618,-31.0645424817532,3.7600011375215));
#3239=CARTESIAN_POINT('Ctrl Pts',(-44.2727690652742,-31.0551503990445,3.76000067105499));
#3240=CARTESIAN_POINT('Ctrl Pts',(-44.2734676974175,-31.0456633815346,3.76000010497742));
#3241=CARTESIAN_POINT('Ctrl Pts',(-44.2735721046989,-31.0361697647514,3.7600000123418));
#3242=CARTESIAN_POINT('Ctrl Pts',(-44.2735812121163,-31.035341639269,3.76000000426123));
#3243=CARTESIAN_POINT('Ctrl Pts',(-44.2735857846284,-31.0345134941145,3.7599999999782));
#3244=CARTESIAN_POINT('Ctrl Pts',(-44.2735857844169,-31.0336854064266,3.75999999998137));
#3245=CARTESIAN_POINT('',(-44.0573529429429,-31.2751022129082,6.15000002384186));
#3246=CARTESIAN_POINT('Ctrl Pts',(-44.0573529429433,-31.2751022129082,6.15000002386109));
#3247=CARTESIAN_POINT('Ctrl Pts',(-44.0439372225033,-31.2739438452042,5.3533327488798));
#3248=CARTESIAN_POINT('Ctrl Pts',(-44.0305228830365,-31.2728695922875,4.5566674437744));
#3249=CARTESIAN_POINT('Ctrl Pts',(-44.0171098779104,-31.2718791491861,3.76));
#3250=CARTESIAN_POINT('',(-44.3153033900118,-31.0385064834692,6.15000002384186));
#3251=CARTESIAN_POINT('Ctrl Pts',(-44.0573529429433,-31.2751022129082,6.1500000238611));
#3252=CARTESIAN_POINT('Ctrl Pts',(-44.0669823454505,-31.2759336572192,6.15000002376621));
#3253=CARTESIAN_POINT('Ctrl Pts',(-44.0766914763493,-31.2761596051409,6.14999924537768));
#3254=CARTESIAN_POINT('Ctrl Pts',(-44.0863711570174,-31.2758057176362,6.14999861809403));
#3255=CARTESIAN_POINT('Ctrl Pts',(-44.0950620805927,-31.2754879789253,6.14999805488596));
#3256=CARTESIAN_POINT('Ctrl Pts',(-44.1037309524776,-31.2747028590317,6.14999758393243));
#3257=CARTESIAN_POINT('Ctrl Pts',(-44.1123312320396,-31.2734547550884,6.14999733231052));
#3258=CARTESIAN_POINT('Ctrl Pts',(-44.1234272711761,-31.2718444574113,6.14999700766916));
#3259=CARTESIAN_POINT('Ctrl Pts',(-44.1343606620665,-31.2694713353629,6.14999707061591));
#3260=CARTESIAN_POINT('Ctrl Pts',(-44.1450543941982,-31.266333131861,6.149997493708));
#3261=CARTESIAN_POINT('Ctrl Pts',(-44.1513634317214,-31.2644816693963,6.14999774332187));
#3262=CARTESIAN_POINT('Ctrl Pts',(-44.1575899499742,-31.2623632236868,6.14999810362632));
#3263=CARTESIAN_POINT('Ctrl Pts',(-44.1637229619796,-31.2599704954511,6.14999849502503));
#3264=CARTESIAN_POINT('Ctrl Pts',(-44.1655276962406,-31.2592663979179,6.1499986102002));
#3265=CARTESIAN_POINT('Ctrl Pts',(-44.1673243469345,-31.258538514309,6.14999872788817));
#3266=CARTESIAN_POINT('Ctrl Pts',(-44.1691125958206,-31.2577873794083,6.14999884564248));
#3267=CARTESIAN_POINT('Ctrl Pts',(-44.1792552504984,-31.253527065324,6.14999951352563));
#3268=CARTESIAN_POINT('Ctrl Pts',(-44.189071483668,-31.2485465686041,6.15000017125295));
#3269=CARTESIAN_POINT('Ctrl Pts',(-44.1985031945959,-31.2429398070479,6.15000060059087));
#3270=CARTESIAN_POINT('Ctrl Pts',(-44.2083798619203,-31.2370685373408,6.15000105018351));
#3271=CARTESIAN_POINT('Ctrl Pts',(-44.2178365300112,-31.230509918414,6.15000122126276));
#3272=CARTESIAN_POINT('Ctrl Pts',(-44.226801425304,-31.2233155759107,6.1500010361825));
#3273=CARTESIAN_POINT('Ctrl Pts',(-44.2330781462831,-31.2182784975013,6.1500009065996));
#3274=CARTESIAN_POINT('Ctrl Pts',(-44.239113725444,-31.2129285897991,6.15000060551602));
#3275=CARTESIAN_POINT('Ctrl Pts',(-44.2448753074178,-31.2072707643192,6.15000026908956));
#3276=CARTESIAN_POINT('Ctrl Pts',(-44.24981765832,-31.202417416924,6.1499999804991));
#3277=CARTESIAN_POINT('Ctrl Pts',(-44.254536108439,-31.1973590881226,6.14999968358116));
#3278=CARTESIAN_POINT('Ctrl Pts',(-44.2590102238357,-31.1920989711751,6.14999956178989));
#3279=CARTESIAN_POINT('Ctrl Pts',(-44.2662876162879,-31.1835431043773,6.14999936368977));
#3280=CARTESIAN_POINT('Ctrl Pts',(-44.2729212345018,-31.1744535887098,6.14999958221232));
#3281=CARTESIAN_POINT('Ctrl Pts',(-44.2788854119248,-31.1649337860036,6.14999978481111));
#3282=CARTESIAN_POINT('Ctrl Pts',(-44.2833069180474,-31.157876339022,6.14999993500647));
#3283=CARTESIAN_POINT('Ctrl Pts',(-44.2873596778829,-31.1505816828088,6.15000009199666));
#3284=CARTESIAN_POINT('Ctrl Pts',(-44.2910145773167,-31.1430921299019,6.15000040488676));
#3285=CARTESIAN_POINT('Ctrl Pts',(-44.2931427069183,-31.1387312057416,6.15000058707253));
#3286=CARTESIAN_POINT('Ctrl Pts',(-44.2951355702167,-31.1343042945051,6.15000082856703));
#3287=CARTESIAN_POINT('Ctrl Pts',(-44.2969932360265,-31.1298155036711,6.1500010636811));
#3288=CARTESIAN_POINT('Ctrl Pts',(-44.3011183685896,-31.1198476950689,6.15000158577537));
#3289=CARTESIAN_POINT('Ctrl Pts',(-44.3045504640149,-31.1096451870908,6.15000203992052));
#3290=CARTESIAN_POINT('Ctrl Pts',(-44.3072992850381,-31.0992500215301,6.15000204634892));
#3291=CARTESIAN_POINT('Ctrl Pts',(-44.3099085609536,-31.0893825711191,6.15000205245099));
#3292=CARTESIAN_POINT('Ctrl Pts',(-44.3119015927792,-31.0793401990076,6.15000166730504));
#3293=CARTESIAN_POINT('Ctrl Pts',(-44.3132503636424,-31.0691870709884,6.15000115834991));
#3294=CARTESIAN_POINT('Ctrl Pts',(-44.3144896841324,-31.0598578513751,6.15000069069558));
#3295=CARTESIAN_POINT('Ctrl Pts',(-44.31518452523,-31.0504343274073,6.15000012908518));
#3296=CARTESIAN_POINT('Ctrl Pts',(-44.3152894684279,-31.0410047619415,6.15000003637097));
#3297=CARTESIAN_POINT('Ctrl Pts',(-44.3152987364681,-31.040171991509,6.15000002818294));
#3298=CARTESIAN_POINT('Ctrl Pts',(-44.3153033900094,-31.0393392053291,6.15000002384189));
#3299=CARTESIAN_POINT('Ctrl Pts',(-44.3153033900118,-31.0385064834692,6.15000002384186));
#3300=CARTESIAN_POINT('Ctrl Pts',(-44.2735857844169,-31.0336854064266,3.75999999998137));
#3301=CARTESIAN_POINT('Ctrl Pts',(-44.2874916674328,-31.0352066818932,4.55666750440712));
#3302=CARTESIAN_POINT('Ctrl Pts',(-44.3013975120489,-31.0368135928991,5.35333280890533));
#3303=CARTESIAN_POINT('Ctrl Pts',(-44.3153033900118,-31.0385064834692,6.15000002384186));
#3304=CARTESIAN_POINT('Origin',(-43.777775,-34.5130546791776,3.40000002384186));
#3305=CARTESIAN_POINT('Origin',(-43.777775,-34.5130546791776,6.15000002384186));
#3306=CARTESIAN_POINT('Origin',(-43.777775,-34.5130546791776,3.76));
#3307=CARTESIAN_POINT('Origin',(-44.277775,-27.5665567427832,4.));
#3308=CARTESIAN_POINT('',(-44.3153033900118,-30.6036987842699,6.15000002384186));
#3309=CARTESIAN_POINT('',(-44.5055435109099,-27.87420987859,17.0488492507211));
#3310=CARTESIAN_POINT('Ctrl Pts',(-44.5055435109098,-27.87420987859,17.0488492507211));
#3311=CARTESIAN_POINT('Ctrl Pts',(-44.5058143713151,-28.0102767904333,17.064366832947));
#3312=CARTESIAN_POINT('Ctrl Pts',(-44.5060831754567,-28.1467183776875,17.0797666119021));
#3313=CARTESIAN_POINT('Ctrl Pts',(-44.5063504819193,-28.283862305349,17.0950805888902));
#3314=CARTESIAN_POINT('Ctrl Pts',(-44.5081474869087,-29.2058314932337,17.1980309357835));
#3315=CARTESIAN_POINT('Ctrl Pts',(-44.5095691436694,-29.9892522261688,17.2794775970568));
#3316=CARTESIAN_POINT('Ctrl Pts',(-44.5110239528501,-30.7564997814823,17.3628235591981));
#3317=CARTESIAN_POINT('',(-44.2735857844968,-27.682462191478,3.75999999999983));
#3318=CARTESIAN_POINT('Ctrl Pts',(-44.2735857844968,-27.682462191478,3.75999999999967));
#3319=CARTESIAN_POINT('Ctrl Pts',(-44.3853864330874,-27.778336158781,10.1650548680522));
#3320=CARTESIAN_POINT('Ctrl Pts',(-44.5055435109433,-27.8742101260841,17.0488492480777));
#3321=CARTESIAN_POINT('',(-44.2735857844172,-26.3418118713916,3.76));
#3322=CARTESIAN_POINT('Ctrl Pts',(-41.8931527610123,-31.8652822160847,3.4));
#3323=CARTESIAN_POINT('Ctrl Pts',(-41.9093195616503,-31.8537750671735,4.318137451435));
#3324=CARTESIAN_POINT('Ctrl Pts',(-41.9257452465385,-31.842306570949,5.23626555736447));
#3325=CARTESIAN_POINT('Ctrl Pts',(-41.9424491834639,-31.8308766188773,6.15439408485802));
#3326=CARTESIAN_POINT('Ctrl Pts',(-41.9067277790916,-31.8556198371139,3.39963244789569));
#3327=CARTESIAN_POINT('Ctrl Pts',(-41.9229534124226,-31.8441950228951,4.31776762079277));
#3328=CARTESIAN_POINT('Ctrl Pts',(-41.939438095943,-31.8328119751051,5.23589334745267));
#3329=CARTESIAN_POINT('Ctrl Pts',(-41.9562004657824,-31.8214670707853,6.15401936218961));
#3330=CARTESIAN_POINT('Ctrl Pts',(-41.9336846043687,-31.8312120019075,3.39883579641158));
#3331=CARTESIAN_POINT('Ctrl Pts',(-41.9500698989656,-31.8199360565242,4.31696564227247));
#3332=CARTESIAN_POINT('Ctrl Pts',(-41.9667151814435,-31.8087019938526,5.23508574525386));
#3333=CARTESIAN_POINT('Ctrl Pts',(-41.9836382259993,-31.7975121949977,6.15320589564925));
#3334=CARTESIAN_POINT('Ctrl Pts',(-41.9656740291109,-31.7773234865537,3.39757160588964));
#3335=CARTESIAN_POINT('Ctrl Pts',(-41.9823832214771,-31.766123674363,4.31569219164588));
#3336=CARTESIAN_POINT('Ctrl Pts',(-41.9993570587923,-31.7549684776898,5.2338025743934));
#3337=CARTESIAN_POINT('Ctrl Pts',(-42.0166121957203,-31.7438604725457,6.15191253026498));
#3338=CARTESIAN_POINT('Ctrl Pts',(-41.9792053249244,-31.7100117148387,3.39646742533956));
#3339=CARTESIAN_POINT('Ctrl Pts',(-41.9962000811392,-31.6987022933401,4.3145809632021));
#3340=CARTESIAN_POINT('Ctrl Pts',(-42.0134630524923,-31.6874360624511,5.23268398437093));
#3341=CARTESIAN_POINT('Ctrl Pts',(-42.0310132796358,-31.6762151167695,6.15078615752833));
#3342=CARTESIAN_POINT('Ctrl Pts',(-41.9659690628183,-31.6278403524986,3.39565421113333));
#3343=CARTESIAN_POINT('Ctrl Pts',(-41.9830988478567,-31.6162758173684,4.31376709290356));
#3344=CARTESIAN_POINT('Ctrl Pts',(-42.0005034976321,-31.6047463413572,5.23186919813146));
#3345=CARTESIAN_POINT('Ctrl Pts',(-42.0181903605315,-31.5932588354718,6.14997061167181));
#3346=CARTESIAN_POINT('Ctrl Pts',(-41.9123411936421,-31.5527259615098,3.39565714419001));
#3347=CARTESIAN_POINT('Ctrl Pts',(-41.9293396007345,-31.540979673409,4.31378249466494));
#3348=CARTESIAN_POINT('Ctrl Pts',(-41.9466030549616,-31.5292716693528,5.23189777802081));
#3349=CARTESIAN_POINT('Ctrl Pts',(-41.9641464755527,-31.5175973484561,6.15001276542929));
#3350=CARTESIAN_POINT('Ctrl Pts',(-41.8605719237449,-31.527147856671,3.39626031280025));
#3351=CARTESIAN_POINT('Ctrl Pts',(-41.8774729246892,-31.5154824620247,4.3143990784255));
#3352=CARTESIAN_POINT('Ctrl Pts',(-41.8946464030932,-31.5038380318935,5.23252766888669));
#3353=CARTESIAN_POINT('Ctrl Pts',(-41.9120877812009,-31.4922519299031,6.15065708408759));
#3354=CARTESIAN_POINT('Ctrl Pts',(-41.836651102633,-31.5198897080672,3.39659735312362));
#3355=CARTESIAN_POINT('Ctrl Pts',(-41.8535422969648,-31.508263991919,4.31474150238283));
#3356=CARTESIAN_POINT('Ctrl Pts',(-41.8706936614212,-31.4966790578394,5.23287627713845));
#3357=CARTESIAN_POINT('Ctrl Pts',(-41.8881248845239,-31.4851347667762,6.15101144530085));
#3358=CARTESIAN_POINT('',(-41.8931527610123,-31.8652822160847,3.4));
#3359=CARTESIAN_POINT('Ctrl Pts',(-41.8931527610123,-31.8652822160847,3.4));
#3360=CARTESIAN_POINT('Ctrl Pts',(-41.8995049656896,-31.8607608660184,3.4));
#3361=CARTESIAN_POINT('Ctrl Pts',(-41.9055854578399,-31.8558612411156,3.39999953659676));
#3362=CARTESIAN_POINT('Ctrl Pts',(-41.911336994056,-31.8506322845581,3.39999936090087));
#3363=CARTESIAN_POINT('Ctrl Pts',(-41.9177050778473,-31.8448427994105,3.3999991663709));
#3364=CARTESIAN_POINT('Ctrl Pts',(-41.9236712929583,-31.8386503072938,3.39999930865161));
#3365=CARTESIAN_POINT('Ctrl Pts',(-41.9292063180075,-31.8320820426599,3.39999943653175));
#3366=CARTESIAN_POINT('Ctrl Pts',(-41.9302522028555,-31.8308409193774,3.39999946069567));
#3367=CARTESIAN_POINT('Ctrl Pts',(-41.9312827816113,-31.8295862589828,3.39999948119934));
#3368=CARTESIAN_POINT('Ctrl Pts',(-41.9322979606097,-31.8283180765943,3.39999949164452));
#3369=CARTESIAN_POINT('Ctrl Pts',(-41.9369802833754,-31.8224688231343,3.39999953982093));
#3370=CARTESIAN_POINT('Ctrl Pts',(-41.941334402976,-31.8163349392366,3.39999942349814));
#3371=CARTESIAN_POINT('Ctrl Pts',(-41.9453358325575,-31.8099531320405,3.39999924034001));
#3372=CARTESIAN_POINT('Ctrl Pts',(-41.9502617836449,-31.802096822325,3.3999990148636));
#3373=CARTESIAN_POINT('Ctrl Pts',(-41.9546146979548,-31.7939256885759,3.39999882979522));
#3374=CARTESIAN_POINT('Ctrl Pts',(-41.9583584774841,-31.7855053989323,3.39999888975323));
#3375=CARTESIAN_POINT('Ctrl Pts',(-41.9598885138943,-31.7820641306529,3.39999891425733));
#3376=CARTESIAN_POINT('Ctrl Pts',(-41.9613169281136,-31.7785806089088,3.39999896938856));
#3377=CARTESIAN_POINT('Ctrl Pts',(-41.96264135047,-31.7750569103136,3.39999903664122));
#3378=CARTESIAN_POINT('Ctrl Pts',(-41.9658710425054,-31.7664641368427,3.39999920064129));
#3379=CARTESIAN_POINT('Ctrl Pts',(-41.9684844779079,-31.7576359684087,3.39999944326702));
#3380=CARTESIAN_POINT('Ctrl Pts',(-41.9704786099556,-31.7486502922039,3.39999954442559));
#3381=CARTESIAN_POINT('Ctrl Pts',(-41.9712328534977,-31.7452516264755,3.39999958268695));
#3382=CARTESIAN_POINT('Ctrl Pts',(-41.9718982105157,-31.7418299514344,3.39999959981996));
#3383=CARTESIAN_POINT('Ctrl Pts',(-41.9724733257335,-31.7383880203728,3.39999958661796));
#3384=CARTESIAN_POINT('Ctrl Pts',(-41.9740753555198,-31.7288002440251,3.39999954984274));
#3385=CARTESIAN_POINT('Ctrl Pts',(-41.9749671336887,-31.7191326056233,3.39999931834617));
#3386=CARTESIAN_POINT('Ctrl Pts',(-41.9751232272525,-31.7094488404613,3.39999917608316));
#3387=CARTESIAN_POINT('Ctrl Pts',(-41.9752820171284,-31.6995978009244,3.39999903136274));
#3388=CARTESIAN_POINT('Ctrl Pts',(-41.9746806750684,-31.6897286320436,3.39999893920691));
#3389=CARTESIAN_POINT('Ctrl Pts',(-41.9733522826468,-31.6799419633427,3.39999855168946));
#3390=CARTESIAN_POINT('Ctrl Pts',(-41.9725103365788,-31.6737390920393,3.39999830607771));
#3391=CARTESIAN_POINT('Ctrl Pts',(-41.9713752300861,-31.6675689842087,3.39999795665712));
#3392=CARTESIAN_POINT('Ctrl Pts',(-41.9699446330041,-31.6614583136926,3.39999762153966));
#3393=CARTESIAN_POINT('Ctrl Pts',(-41.9683509812794,-31.6546511695083,3.39999724822664));
#3394=CARTESIAN_POINT('Ctrl Pts',(-41.966399602638,-31.6479549143824,3.39999690054759));
#3395=CARTESIAN_POINT('Ctrl Pts',(-41.9640867913105,-31.6414068421842,3.39999699329715));
#3396=CARTESIAN_POINT('Ctrl Pts',(-41.9607903758541,-31.6320739726386,3.39999712549171));
#3397=CARTESIAN_POINT('Ctrl Pts',(-41.9567604740114,-31.6230401224607,3.39999811342038));
#3398=CARTESIAN_POINT('Ctrl Pts',(-41.9520635193874,-31.6143311841625,3.39999872123227));
#3399=CARTESIAN_POINT('Ctrl Pts',(-41.9483084470981,-31.6073686530141,3.39999920715938));
#3400=CARTESIAN_POINT('Ctrl Pts',(-41.9441258355373,-31.6006141164919,3.39999947572307));
#3401=CARTESIAN_POINT('Ctrl Pts',(-41.939539756346,-31.5941027360591,3.39999935337659));
#3402=CARTESIAN_POINT('Ctrl Pts',(-41.9345157977383,-31.5869696482061,3.39999921934846));
#3403=CARTESIAN_POINT('Ctrl Pts',(-41.929041143003,-31.5801743701425,3.39999859749754));
#3404=CARTESIAN_POINT('Ctrl Pts',(-41.9231482166461,-31.5737702751387,3.39999781926999));
#3405=CARTESIAN_POINT('Ctrl Pts',(-41.9188296122371,-31.5690770631004,3.39999724894944));
#3406=CARTESIAN_POINT('Ctrl Pts',(-41.9142859930482,-31.5645946492461,3.39999661047736));
#3407=CARTESIAN_POINT('Ctrl Pts',(-41.909531658152,-31.5603620404412,3.39999623691003));
#3408=CARTESIAN_POINT('Ctrl Pts',(-41.9029091440812,-31.5544662606994,3.3999957165523));
#3409=CARTESIAN_POINT('Ctrl Pts',(-41.8958762717662,-31.5490555450513,3.39999574204412));
#3410=CARTESIAN_POINT('Ctrl Pts',(-41.8884684245807,-31.5441411882945,3.39999606811714));
#3411=CARTESIAN_POINT('Ctrl Pts',(-41.8815011060846,-31.5395190777311,3.39999637479931));
#3412=CARTESIAN_POINT('Ctrl Pts',(-41.8742390094843,-31.5353601527481,3.39999694479747));
#3413=CARTESIAN_POINT('Ctrl Pts',(-41.8667224499622,-31.5316691795952,3.39999767505631));
#3414=CARTESIAN_POINT('Ctrl Pts',(-41.8600440534525,-31.528389782665,3.39999832388481));
#3415=CARTESIAN_POINT('Ctrl Pts',(-41.8531639488576,-31.5254805768933,3.39999912416284));
#3416=CARTESIAN_POINT('Ctrl Pts',(-41.8461458603711,-31.5229649728133,3.39999962324822));
#3417=CARTESIAN_POINT('Ctrl Pts',(-41.8430255352783,-31.5218465055056,3.39999984514747));
#3418=CARTESIAN_POINT('Ctrl Pts',(-41.8398785036658,-31.5208060652125,3.40000000007528));
#3419=CARTESIAN_POINT('Ctrl Pts',(-41.8367137026765,-31.5198466232906,3.39999999997787));
#3420=CARTESIAN_POINT('',(-41.9423692424057,-31.830931321651,6.15000002384186));
#3421=CARTESIAN_POINT('Ctrl Pts',(-41.9423692424047,-31.8309313216504,6.15000002388342));
#3422=CARTESIAN_POINT('Ctrl Pts',(-41.9256928395305,-31.8423431623453,5.23333618470054));
#3423=CARTESIAN_POINT('Ctrl Pts',(-41.909293770814,-31.8537934244849,4.31667275020608));
#3424=CARTESIAN_POINT('Ctrl Pts',(-41.8931527610123,-31.8652822160847,3.4));
#3425=CARTESIAN_POINT('Ctrl Pts',(-41.9423692424047,-31.8309313216504,6.15000002388342));
#3426=CARTESIAN_POINT('Ctrl Pts',(-41.9487413325984,-31.8265708336004,6.15000002388642));
#3427=CARTESIAN_POINT('Ctrl Pts',(-41.9548536082882,-31.821831943167,6.14999962827745));
#3428=CARTESIAN_POINT('Ctrl Pts',(-41.9606501068572,-31.8167590714413,6.14999952619094));
#3429=CARTESIAN_POINT('Ctrl Pts',(-41.9670581633568,-31.811150987829,6.14999941333382));
#3430=CARTESIAN_POINT('Ctrl Pts',(-41.9730817478497,-31.8051355054896,6.14999964207741));
#3431=CARTESIAN_POINT('Ctrl Pts',(-41.9786931931614,-31.7987331752324,6.14999975254264));
#3432=CARTESIAN_POINT('Ctrl Pts',(-41.9798858519662,-31.7973724214286,6.14999977602096));
#3433=CARTESIAN_POINT('Ctrl Pts',(-41.9810600028078,-31.7959940389118,6.14999979016996));
#3434=CARTESIAN_POINT('Ctrl Pts',(-41.9822155247097,-31.7945979744454,6.14999978470761));
#3435=CARTESIAN_POINT('Ctrl Pts',(-41.9837829113514,-31.7927043082223,6.1499997772983));
#3436=CARTESIAN_POINT('Ctrl Pts',(-41.9853160159297,-31.7907781352522,6.14999973426261));
#3437=CARTESIAN_POINT('Ctrl Pts',(-41.9868138248487,-31.7888210196692,6.1499996646997));
#3438=CARTESIAN_POINT('Ctrl Pts',(-41.9920096478912,-31.7820318851439,6.14999942338948));
#3439=CARTESIAN_POINT('Ctrl Pts',(-41.9967486283101,-31.7749139820462,6.1499989761775));
#3440=CARTESIAN_POINT('Ctrl Pts',(-42.000994141517,-31.7675402634156,6.14999883413606));
#3441=CARTESIAN_POINT('Ctrl Pts',(-42.0058007367701,-31.759192042779,6.14999867332259));
#3442=CARTESIAN_POINT('Ctrl Pts',(-42.0099766465184,-31.7505160252001,6.14999887097038));
#3443=CARTESIAN_POINT('Ctrl Pts',(-42.0134802440023,-31.7415517557511,6.14999911258417));
#3444=CARTESIAN_POINT('Ctrl Pts',(-42.0155488100995,-31.7362591432424,6.14999925523585));
#3445=CARTESIAN_POINT('Ctrl Pts',(-42.017383159364,-31.730864993474,6.14999939715837));
#3446=CARTESIAN_POINT('Ctrl Pts',(-42.018982177217,-31.7253877911936,6.14999946669819));
#3447=CARTESIAN_POINT('Ctrl Pts',(-42.0217128267773,-31.7160343496609,6.14999958545163));
#3448=CARTESIAN_POINT('Ctrl Pts',(-42.023738226243,-31.7065107585434,6.1499995530721));
#3449=CARTESIAN_POINT('Ctrl Pts',(-42.0250495390462,-31.6969029127274,6.14999943626243));
#3450=CARTESIAN_POINT('Ctrl Pts',(-42.026011089691,-31.6898577360791,6.14999935060902));
#3451=CARTESIAN_POINT('Ctrl Pts',(-42.0265882278731,-31.6827659004475,6.14999921078679));
#3452=CARTESIAN_POINT('Ctrl Pts',(-42.0267648749437,-31.6756489529586,6.14999912037383));
#3453=CARTESIAN_POINT('Ctrl Pts',(-42.0269600894739,-31.6677839396541,6.14999902045751));
#3454=CARTESIAN_POINT('Ctrl Pts',(-42.0266668180368,-31.6598879017831,6.14999896482614));
#3455=CARTESIAN_POINT('Ctrl Pts',(-42.0258993248222,-31.6520122564509,6.14999870941747));
#3456=CARTESIAN_POINT('Ctrl Pts',(-42.0249459131882,-31.642228805936,6.14999839213831));
#3457=CARTESIAN_POINT('Ctrl Pts',(-42.0232694427891,-31.6325520779225,6.14999776834157));
#3458=CARTESIAN_POINT('Ctrl Pts',(-42.0208841712533,-31.6230806163223,6.14999725796674));
#3459=CARTESIAN_POINT('Ctrl Pts',(-42.0195177649574,-31.6176548756604,6.14999696559777));
#3460=CARTESIAN_POINT('Ctrl Pts',(-42.0179178139818,-31.6122964819375,6.14999672782721));
#3461=CARTESIAN_POINT('Ctrl Pts',(-42.0160796873737,-31.6070266408782,6.14999679332466));
#3462=CARTESIAN_POINT('Ctrl Pts',(-42.0126993813539,-31.5973354284356,6.14999691377415));
#3463=CARTESIAN_POINT('Ctrl Pts',(-42.0085149973082,-31.5879408171087,6.14999799718647));
#3464=CARTESIAN_POINT('Ctrl Pts',(-42.0035932213205,-31.5788820870854,6.14999864171769));
#3465=CARTESIAN_POINT('Ctrl Pts',(-41.999108797819,-31.5706283222022,6.1499992289754));
#3466=CARTESIAN_POINT('Ctrl Pts',(-41.9940461752774,-31.56271614183,6.14999945698885));
#3467=CARTESIAN_POINT('Ctrl Pts',(-41.9884518762295,-31.5551842372315,6.14999910890129));
#3468=CARTESIAN_POINT('Ctrl Pts',(-41.9833370415605,-31.5482978612201,6.14999879064689));
#3469=CARTESIAN_POINT('Ctrl Pts',(-41.977776451101,-31.5417290468342,6.14999801100152));
#3470=CARTESIAN_POINT('Ctrl Pts',(-41.9718012458864,-31.5355490393104,6.14999721539306));
#3471=CARTESIAN_POINT('Ctrl Pts',(-41.9684185381541,-31.5320503880532,6.14999676497993));
#3472=CARTESIAN_POINT('Ctrl Pts',(-41.9649029604706,-31.528677138635,6.14999631925614));
#3473=CARTESIAN_POINT('Ctrl Pts',(-41.9612617833482,-31.5254496726599,6.14999602363981));
#3474=CARTESIAN_POINT('Ctrl Pts',(-41.9592412292332,-31.5236586942379,6.14999585959704));
#3475=CARTESIAN_POINT('Ctrl Pts',(-41.9571820362872,-31.5219127464051,6.14999574284625));
#3476=CARTESIAN_POINT('Ctrl Pts',(-41.955085050742,-31.5202120880578,6.14999566464523));
#3477=CARTESIAN_POINT('Ctrl Pts',(-41.9483134673887,-31.5147203240443,6.14999541211859));
#3478=CARTESIAN_POINT('Ctrl Pts',(-41.9411959592266,-31.5097378146743,6.14999551383225));
#3479=CARTESIAN_POINT('Ctrl Pts',(-41.9337567300083,-31.5052501030827,6.14999596211678));
#3480=CARTESIAN_POINT('Ctrl Pts',(-41.9266529155377,-31.500964730283,6.14999639018937));
#3481=CARTESIAN_POINT('Ctrl Pts',(-41.9192539818614,-31.4971313014629,6.14999717649353));
#3482=CARTESIAN_POINT('Ctrl Pts',(-41.9116164945642,-31.4937699134589,6.14999807076129));
#3483=CARTESIAN_POINT('Ctrl Pts',(-41.9049721308044,-31.4908456160079,6.14999884874494));
#3484=CARTESIAN_POINT('Ctrl Pts',(-41.8981466621521,-31.4882793432753,6.14999972848317));
#3485=CARTESIAN_POINT('Ctrl Pts',(-41.8912185297048,-31.4860990843023,6.14999996802074));
#3486=CARTESIAN_POINT('Ctrl Pts',(-41.8901829916679,-31.4857732041153,6.15000000382408));
#3487=CARTESIAN_POINT('Ctrl Pts',(-41.889145253391,-31.4854559668114,6.15000002383355));
#3488=CARTESIAN_POINT('Ctrl Pts',(-41.8881056823304,-31.4851474840309,6.15000002384406));
#3489=CARTESIAN_POINT('Origin',(-43.777775,-25.117067,3.4));
#3490=CARTESIAN_POINT('',(-45.6623972389877,-31.8652822160847,3.4));
#3491=CARTESIAN_POINT('Ctrl Pts',(-45.7188362973235,-31.5198466232906,3.39999999997787));
#3492=CARTESIAN_POINT('Ctrl Pts',(-45.7116154898137,-31.5220356852438,3.40000000020013));
#3493=CARTESIAN_POINT('Ctrl Pts',(-45.7044922055654,-31.5246452648593,3.3999991952832));
#3494=CARTESIAN_POINT('Ctrl Pts',(-45.6975591852891,-31.5276416457484,3.39999844797453));
#3495=CARTESIAN_POINT('Ctrl Pts',(-45.6900652424548,-31.5308804516654,3.39999764020415));
#3496=CARTESIAN_POINT('Ctrl Pts',(-45.6827923193158,-31.5345704453716,3.39999686740392));
#3497=CARTESIAN_POINT('Ctrl Pts',(-45.6757973492069,-31.5386896436537,3.39999640092388));
#3498=CARTESIAN_POINT('Ctrl Pts',(-45.6681701345155,-31.5431811581511,3.39999589228077));
#3499=CARTESIAN_POINT('Ctrl Pts',(-45.6608717267149,-31.5481819189883,3.3999957044896));
#3500=CARTESIAN_POINT('Ctrl Pts',(-45.6539311593776,-31.5537016623103,3.39999587371601));
#3501=CARTESIAN_POINT('Ctrl Pts',(-45.6531691904481,-31.5543076463323,3.3999958922945));
#3502=CARTESIAN_POINT('Ctrl Pts',(-45.6524115087668,-31.5549199298797,3.39999591528187));
#3503=CARTESIAN_POINT('Ctrl Pts',(-45.6516581369828,-31.5555385594679,3.39999594287277));
#3504=CARTESIAN_POINT('Ctrl Pts',(-45.6497459185704,-31.5571087734232,3.39999601290438));
#3505=CARTESIAN_POINT('Ctrl Pts',(-45.6478654384096,-31.5587166098596,3.39999611511488));
#3506=CARTESIAN_POINT('Ctrl Pts',(-45.6460173516942,-31.5603618715902,3.39999625674054));
#3507=CARTESIAN_POINT('Ctrl Pts',(-45.6396082687755,-31.5660675664405,3.39999674789207));
#3508=CARTESIAN_POINT('Ctrl Pts',(-45.6335899699736,-31.5722189275024,3.39999767784121));
#3509=CARTESIAN_POINT('Ctrl Pts',(-45.6279979680827,-31.5787180741658,3.39999834867439));
#3510=CARTESIAN_POINT('Ctrl Pts',(-45.6218779816614,-31.5858308559755,3.39999908284618));
#3511=CARTESIAN_POINT('Ctrl Pts',(-45.6162671339335,-31.5933605756898,3.39999948527953));
#3512=CARTESIAN_POINT('Ctrl Pts',(-45.6112052959755,-31.6012419655981,3.3999993273525));
#3513=CARTESIAN_POINT('Ctrl Pts',(-45.6083639865076,-31.6056659451787,3.39999923870495));
#3514=CARTESIAN_POINT('Ctrl Pts',(-45.6056956774373,-31.6102017904722,3.3999989874089));
#3515=CARTESIAN_POINT('Ctrl Pts',(-45.6032093512046,-31.6148447356599,3.3999986544155));
#3516=CARTESIAN_POINT('Ctrl Pts',(-45.5986203729,-31.6234141560582,3.39999803981413));
#3517=CARTESIAN_POINT('Ctrl Pts',(-45.5946861502315,-31.6322790365271,3.3999970928318));
#3518=CARTESIAN_POINT('Ctrl Pts',(-45.591462234613,-31.6414067068847,3.39999697438004));
#3519=CARTESIAN_POINT('Ctrl Pts',(-45.5881980700346,-31.6506483316012,3.39999685444946));
#3520=CARTESIAN_POINT('Ctrl Pts',(-45.5856603246252,-31.6601600731548,3.39999756196405));
#3521=CARTESIAN_POINT('Ctrl Pts',(-45.5838350109008,-31.6698341590862,3.39999806936809));
#3522=CARTESIAN_POINT('Ctrl Pts',(-45.5826745336222,-31.6759846398305,3.39999839195968));
#3523=CARTESIAN_POINT('Ctrl Pts',(-45.5818029721942,-31.6822014656,3.39999866000751));
#3524=CARTESIAN_POINT('Ctrl Pts',(-45.5812272903961,-31.688459534075,3.39999883235112));
#3525=CARTESIAN_POINT('Ctrl Pts',(-45.5805838175826,-31.6954545388533,3.39999902498953));
#3526=CARTESIAN_POINT('Ctrl Pts',(-45.5803132765856,-31.7024627032929,3.39999907692564));
#3527=CARTESIAN_POINT('Ctrl Pts',(-45.5804259019231,-31.7094487001904,3.3999991613828));
#3528=CARTESIAN_POINT('Ctrl Pts',(-45.5805826446104,-31.7191712364515,3.39999927892334));
#3529=CARTESIAN_POINT('Ctrl Pts',(-45.5814802488758,-31.7288524898145,3.39999945750312));
#3530=CARTESIAN_POINT('Ctrl Pts',(-45.5830836546401,-31.7384342542678,3.39999951165025));
#3531=CARTESIAN_POINT('Ctrl Pts',(-45.5844207375589,-31.7464245046878,3.39999955680364));
#3532=CARTESIAN_POINT('Ctrl Pts',(-45.5862497125941,-31.7543458406959,3.39999953834096));
#3533=CARTESIAN_POINT('Ctrl Pts',(-45.5885692347832,-31.7621441228231,3.39999942911851));
#3534=CARTESIAN_POINT('Ctrl Pts',(-45.589866469115,-31.7665054517867,3.39999936803389));
#3535=CARTESIAN_POINT('Ctrl Pts',(-45.5913128576756,-31.7708127918858,3.39999926465513));
#3536=CARTESIAN_POINT('Ctrl Pts',(-45.5929080353409,-31.7750568028668,3.39999915577935));
#3537=CARTESIAN_POINT('Ctrl Pts',(-45.5963209045668,-31.7841368287391,3.39999892284052));
#3538=CARTESIAN_POINT('Ctrl Pts',(-45.600414670882,-31.7929307490568,3.39999870995119));
#3539=CARTESIAN_POINT('Ctrl Pts',(-45.6051468539519,-31.801399848385,3.39999885311747));
#3540=CARTESIAN_POINT('Ctrl Pts',(-45.609276033316,-31.8087897632852,3.39999897804063));
#3541=CARTESIAN_POINT('Ctrl Pts',(-45.61389269546,-31.8159322156802,3.39999939734846));
#3542=CARTESIAN_POINT('Ctrl Pts',(-45.6189627351757,-31.8227569271151,3.39999965859985));
#3543=CARTESIAN_POINT('Ctrl Pts',(-45.6197031371945,-31.8237535721924,3.39999969675163));
#3544=CARTESIAN_POINT('Ctrl Pts',(-45.6204531766542,-31.8247433555396,3.399999729875));
#3545=CARTESIAN_POINT('Ctrl Pts',(-45.6212127089648,-31.8257259667047,3.39999975469983));
#3546=CARTESIAN_POINT('Ctrl Pts',(-45.621885429151,-31.8265962685425,3.39999977668726));
#3547=CARTESIAN_POINT('Ctrl Pts',(-45.622565121936,-31.827460330998,3.39999979207846));
#3548=CARTESIAN_POINT('Ctrl Pts',(-45.623251698128,-31.8283180081881,3.39999979996327));
#3549=CARTESIAN_POINT('Ctrl Pts',(-45.6288863291404,-31.8353568402223,3.39999986467275));
#3550=CARTESIAN_POINT('Ctrl Pts',(-45.6349868003523,-31.8419699903083,3.39999951985148));
#3551=CARTESIAN_POINT('Ctrl Pts',(-45.6415270491066,-31.8481440461002,3.39999953994175));
#3552=CARTESIAN_POINT('Ctrl Pts',(-45.6471715476893,-31.8534725053798,3.39999955728047));
#3553=CARTESIAN_POINT('Ctrl Pts',(-45.6531446564566,-31.8584730058063,3.39999985366286));
#3554=CARTESIAN_POINT('Ctrl Pts',(-45.6593989814242,-31.8631051598734,3.3999999699735));
#3555=CARTESIAN_POINT('Ctrl Pts',(-45.6603915076126,-31.8638402566656,3.39999998843135));
#3556=CARTESIAN_POINT('Ctrl Pts',(-45.6613910269543,-31.8645660179968,3.4));
#3557=CARTESIAN_POINT('Ctrl Pts',(-45.6623972389877,-31.8652822160847,3.4));
#3558=CARTESIAN_POINT('',(-46.0599046779572,-32.1991004590027,3.4));
#3559=CARTESIAN_POINT('Origin',(-43.777775,-34.5130546791776,3.4));
#3560=CARTESIAN_POINT('',(-49.5681131498143,-29.7898924720327,3.4));
#3561=CARTESIAN_POINT('Origin',(-43.777775,-25.117067,3.4));
#3562=CARTESIAN_POINT('',(-51.9701727291724,-31.3498082021807,3.4));
#3563=CARTESIAN_POINT('',(-46.8002253491919,-27.9924051171897,3.4));
#3564=CARTESIAN_POINT('',(-52.8038157650195,-30.0661104989519,3.4));
#3565=CARTESIAN_POINT('',(-52.2508344883422,-30.9176269925526,3.4));
#3566=CARTESIAN_POINT('',(-50.4017561856613,-28.5061947688039,3.4));
#3567=CARTESIAN_POINT('',(-48.3879493576506,-27.1984133234608,3.4));
#3568=CARTESIAN_POINT('',(-51.2184277792445,-25.117067,3.39999999997531));
#3569=CARTESIAN_POINT('Origin',(-43.777775,-25.117067,3.4));
#3570=CARTESIAN_POINT('',(-47.4155793043977,-18.6263279339015,3.4));
#3571=CARTESIAN_POINT('Origin',(-43.777775,-25.117067,3.4));
#3572=CARTESIAN_POINT('',(-48.5438930590944,-16.0920937483506,3.4));
#3573=CARTESIAN_POINT('',(-46.0699513287525,-21.6486578511947,3.4));
#3574=CARTESIAN_POINT('',(-47.2954817051754,-15.536265202521,3.4));
#3575=CARTESIAN_POINT('',(-48.1480737465455,-15.9158636362047,3.4));
#3576=CARTESIAN_POINT('',(-46.1671679504786,-18.0704993880718,3.4));
#3577=CARTESIAN_POINT('',(-45.1872525384195,-20.2714254388722,3.4));
#3578=CARTESIAN_POINT('',(-37.2564242925886,-28.6997055154266,3.4));
#3579=CARTESIAN_POINT('Origin',(-43.777775,-25.117067,3.4));
#3580=CARTESIAN_POINT('',(-35.4729554109545,-29.8579037493912,3.4));
#3581=CARTESIAN_POINT('',(-40.0405154977769,-26.8916955466229,3.4));
#3582=CARTESIAN_POINT('',(-36.0689306811701,-30.775625187296,3.4));
#3583=CARTESIAN_POINT('',(-35.6347832873086,-30.1070968263573,3.4));
#3584=CARTESIAN_POINT('',(-37.8523995628042,-29.6174269533314,3.4));
#3585=CARTESIAN_POINT('',(-39.8824097953806,-28.2991228940276,3.4));
#3586=CARTESIAN_POINT('',(-41.4956453220427,-32.1991004590027,3.4));
#3587=CARTESIAN_POINT('Origin',(-43.777775,-25.117067,3.4));
#3588=CARTESIAN_POINT('Origin',(-43.777775,-34.5130546791776,3.4));
#3589=CARTESIAN_POINT('Ctrl Pts',(-45.6131014434682,-31.8308770478663,6.15435962565273));
#3590=CARTESIAN_POINT('Ctrl Pts',(-45.629805164451,-31.8423068579081,5.23624258441528));
#3591=CARTESIAN_POINT('Ctrl Pts',(-45.646230640608,-31.8537752111362,4.31812596487308));
#3592=CARTESIAN_POINT('Ctrl Pts',(-45.6623972389877,-31.8652822160847,3.4));
#3593=CARTESIAN_POINT('Ctrl Pts',(-45.5993501633473,-31.8214674965589,6.15398490307852));
#3594=CARTESIAN_POINT('Ctrl Pts',(-45.6161123165181,-31.8328122599479,5.2358703745631));
#3595=CARTESIAN_POINT('Ctrl Pts',(-45.6325967905718,-31.8441951658278,4.31775613425935));
#3596=CARTESIAN_POINT('Ctrl Pts',(-45.6488222209084,-31.8556198371139,3.39963244789569));
#3597=CARTESIAN_POINT('Ctrl Pts',(-45.5719119826511,-31.7975125216006,6.15317142765679));
#3598=CARTESIAN_POINT('Ctrl Pts',(-45.5888348085147,-31.8087021815462,5.23506276340235));
#3599=CARTESIAN_POINT('Ctrl Pts',(-45.605479897168,-31.8199361152246,4.31695414740447));
#3600=CARTESIAN_POINT('Ctrl Pts',(-45.6218649867731,-31.8312119195377,3.39883578801035));
#3601=CARTESIAN_POINT('Ctrl Pts',(-45.5389378437008,-31.7438607743418,6.15187805900704));
#3602=CARTESIAN_POINT('Ctrl Pts',(-45.5561927576745,-31.7549686416738,5.23377958913633));
#3603=CARTESIAN_POINT('Ctrl Pts',(-45.5731664047747,-31.7661237156135,4.31568069355693));
#3604=CARTESIAN_POINT('Ctrl Pts',(-45.5898753880969,-31.7773233876865,3.39757159415161));
#3605=CARTESIAN_POINT('Ctrl Pts',(-45.5245364077902,-31.676215354161,6.15075167895207));
#3606=CARTESIAN_POINT('Ctrl Pts',(-45.5420864081621,-31.6874361605736,5.23266099168831));
#3607=CARTESIAN_POINT('Ctrl Pts',(-45.5593492007225,-31.6987022776374,4.31456945820203));
#3608=CARTESIAN_POINT('Ctrl Pts',(-45.5763437443206,-31.710011557647,3.39646740660224));
#3609=CARTESIAN_POINT('Ctrl Pts',(-45.5373593450969,-31.5932591364319,6.14993613404787));
#3610=CARTESIAN_POINT('Ctrl Pts',(-45.5550459794941,-31.6047464995626,5.23184620639031));
#3611=CARTESIAN_POINT('Ctrl Pts',(-45.5724504496075,-31.6162758554957,4.31375558880947));
#3612=CARTESIAN_POINT('Ctrl Pts',(-45.5895800203399,-31.6278402459453,3.39565419329378));
#3613=CARTESIAN_POINT('Ctrl Pts',(-45.5914026647958,-31.5175974790403,6.14997827465081));
#3614=CARTESIAN_POINT('Ctrl Pts',(-45.6089458588373,-31.5292716547789,5.23187477330981));
#3615=CARTESIAN_POINT('Ctrl Pts',(-45.6262091585779,-31.5409795566024,4.31377097876234));
#3616=CARTESIAN_POINT('Ctrl Pts',(-45.6432073530079,-31.5527256977487,3.39565711469795));
#3617=CARTESIAN_POINT('Ctrl Pts',(-45.6434628735635,-31.4922523649986,6.15062262485719));
#3618=CARTESIAN_POINT('Ctrl Pts',(-45.6609040264581,-31.5038383230305,5.23250469591784));
#3619=CARTESIAN_POINT('Ctrl Pts',(-45.6780772867545,-31.5154826079672,4.31438759184713));
#3620=CARTESIAN_POINT('Ctrl Pts',(-45.6949780762551,-31.527147856671,3.39626031280026));
#3621=CARTESIAN_POINT('Ctrl Pts',(-45.6674257697047,-31.4851352000566,6.15097698584633));
#3622=CARTESIAN_POINT('Ctrl Pts',(-45.6848567677258,-31.496679347712,5.23285330402239));
#3623=CARTESIAN_POINT('Ctrl Pts',(-45.7020079143562,-31.5082641373651,4.31473001573711));
#3624=CARTESIAN_POINT('Ctrl Pts',(-45.718898897367,-31.5198897080672,3.39659735312363));
#3625=CARTESIAN_POINT('',(-45.6131807575943,-31.830931321651,6.15000002384186));
#3626=CARTESIAN_POINT('Ctrl Pts',(-45.6674443176696,-31.4851474840309,6.15000002384391));
#3627=CARTESIAN_POINT('Ctrl Pts',(-45.6604040109585,-31.4872366278721,6.15000002377515));
#3628=CARTESIAN_POINT('Ctrl Pts',(-45.6534517326831,-31.489726542378,6.14999922710843));
#3629=CARTESIAN_POINT('Ctrl Pts',(-45.6466739660529,-31.4925882856257,6.1499984724548));
#3630=CARTESIAN_POINT('Ctrl Pts',(-45.6390454268324,-31.4958092464223,6.14999762307401));
#3631=CARTESIAN_POINT('Ctrl Pts',(-45.6316369581306,-31.4995002628975,6.14999679590015));
#3632=CARTESIAN_POINT('Ctrl Pts',(-45.6245069801047,-31.5036429475905,6.14999627290222));
#3633=CARTESIAN_POINT('Ctrl Pts',(-45.6202767087765,-31.5061008345875,6.14999596260348));
#3634=CARTESIAN_POINT('Ctrl Pts',(-45.6161433624547,-31.5087182253515,6.14999574530117));
#3635=CARTESIAN_POINT('Ctrl Pts',(-45.6121125961836,-31.5114965214898,6.14999562496302));
#3636=CARTESIAN_POINT('Ctrl Pts',(-45.605885792555,-31.5157884856753,6.14999543906237));
#3637=CARTESIAN_POINT('Ctrl Pts',(-45.5999370174738,-31.5204416473072,6.14999550392095));
#3638=CARTESIAN_POINT('Ctrl Pts',(-45.5942871837638,-31.525449475737,6.14999596734849));
#3639=CARTESIAN_POINT('Ctrl Pts',(-45.587791123059,-31.5312073721901,6.14999650018777));
#3640=CARTESIAN_POINT('Ctrl Pts',(-45.5816899501267,-31.5374307697291,6.14999751143094));
#3641=CARTESIAN_POINT('Ctrl Pts',(-45.5760197938733,-31.5440244188588,6.14999822270911));
#3642=CARTESIAN_POINT('Ctrl Pts',(-45.5710666451067,-31.5497842821843,6.14999884404413));
#3643=CARTESIAN_POINT('Ctrl Pts',(-45.5664415100662,-31.5558281348427,6.14999923848224));
#3644=CARTESIAN_POINT('Ctrl Pts',(-45.5621665411667,-31.5621246184102,6.14999925941438));
#3645=CARTESIAN_POINT('Ctrl Pts',(-45.5565823724905,-31.5703493861535,6.14999928675694));
#3646=CARTESIAN_POINT('Ctrl Pts',(-45.5516378740826,-31.5789415268921,6.1499986566627));
#3647=CARTESIAN_POINT('Ctrl Pts',(-45.5473826918123,-31.5878420129304,6.149997922966));
#3648=CARTESIAN_POINT('Ctrl Pts',(-45.5443974940698,-31.5940860958252,6.14999740824545));
#3649=CARTESIAN_POINT('Ctrl Pts',(-45.5417515606961,-31.6004832587374,6.14999685948671));
#3650=CARTESIAN_POINT('Ctrl Pts',(-45.5394692950812,-31.6070264791777,6.14999677231583));
#3651=CARTESIAN_POINT('Ctrl Pts',(-45.5368934067233,-31.6144115115091,6.14999667393007));
#3652=CARTESIAN_POINT('Ctrl Pts',(-45.534780001143,-31.6219826259778,6.14999714940568));
#3653=CARTESIAN_POINT('Ctrl Pts',(-45.5331237814024,-31.6296857367583,6.14999760313113));
#3654=CARTESIAN_POINT('Ctrl Pts',(-45.5310527987422,-31.639317918084,6.14999817048189));
#3655=CARTESIAN_POINT('Ctrl Pts',(-45.5297112704245,-31.649081663379,6.14999864801545));
#3656=CARTESIAN_POINT('Ctrl Pts',(-45.5291017668035,-31.6588755135784,6.14999885130331));
#3657=CARTESIAN_POINT('Ctrl Pts',(-45.5287540489252,-31.6644628418484,6.14999896727772));
#3658=CARTESIAN_POINT('Ctrl Pts',(-45.5286454922051,-31.6700602864028,6.14999901500452));
#3659=CARTESIAN_POINT('Ctrl Pts',(-45.5287842162077,-31.6756487883244,6.14999909926352));
#3660=CARTESIAN_POINT('Ctrl Pts',(-45.5290390923456,-31.6859164836037,6.14999925407169));
#3661=CARTESIAN_POINT('Ctrl Pts',(-45.5301262691873,-31.6961565118626,6.14999951914288));
#3662=CARTESIAN_POINT('Ctrl Pts',(-45.5320142211062,-31.7062921977831,6.14999955192279));
#3663=CARTESIAN_POINT('Ctrl Pts',(-45.5336902802162,-31.715290312912,6.14999958102366));
#3664=CARTESIAN_POINT('Ctrl Pts',(-45.5359852783379,-31.724139652418,6.14999938274645));
#3665=CARTESIAN_POINT('Ctrl Pts',(-45.5388849931981,-31.7327780364206,6.14999918375612));
#3666=CARTESIAN_POINT('Ctrl Pts',(-45.5398754862872,-31.735728760912,6.14999911578442));
#3667=CARTESIAN_POINT('Ctrl Pts',(-45.5409368037178,-31.7386545324361,6.14999904837408));
#3668=CARTESIAN_POINT('Ctrl Pts',(-45.5420691196473,-31.7415516341657,6.14999898857992));
#3669=CARTESIAN_POINT('Ctrl Pts',(-45.5453985733879,-31.7500702515761,6.14999881276161));
#3670=CARTESIAN_POINT('Ctrl Pts',(-45.5493419464494,-31.7583443541926,6.14999874683489));
#3671=CARTESIAN_POINT('Ctrl Pts',(-45.5538651239663,-31.7663314492028,6.1499989151777));
#3672=CARTESIAN_POINT('Ctrl Pts',(-45.5558975011183,-31.7699202513997,6.14999899081834));
#3673=CARTESIAN_POINT('Ctrl Pts',(-45.5580469479565,-31.7734504703792,6.14999910585666));
#3674=CARTESIAN_POINT('Ctrl Pts',(-45.5603097674372,-31.7769147467771,6.14999921588827));
#3675=CARTESIAN_POINT('Ctrl Pts',(-45.5643264627708,-31.7830641294213,6.14999941120367));
#3676=CARTESIAN_POINT('Ctrl Pts',(-45.5686758326569,-31.7889699513154,6.1499995359418));
#3677=CARTESIAN_POINT('Ctrl Pts',(-45.5733341304303,-31.7945979042966,6.14999948997415));
#3678=CARTESIAN_POINT('Ctrl Pts',(-45.5790779551451,-31.8015373437654,6.14999943329463));
#3679=CARTESIAN_POINT('Ctrl Pts',(-45.5852931816718,-31.8080541683752,6.14999914703698));
#3680=CARTESIAN_POINT('Ctrl Pts',(-45.591951913212,-31.8141256772654,6.1499992804807));
#3681=CARTESIAN_POINT('Ctrl Pts',(-45.5976432552817,-31.8193151091812,6.14999939453754));
#3682=CARTESIAN_POINT('Ctrl Pts',(-45.6036594903223,-31.8241782838712,6.1499998199095));
#3683=CARTESIAN_POINT('Ctrl Pts',(-45.6099499964472,-31.8286722132727,6.14999997989033));
#3684=CARTESIAN_POINT('Ctrl Pts',(-45.6110192292073,-31.8294360717671,6.15000000708317));
#3685=CARTESIAN_POINT('Ctrl Pts',(-45.6120962801707,-31.8301892023898,6.15000002388328));
#3686=CARTESIAN_POINT('Ctrl Pts',(-45.6131807575953,-31.8309313216504,6.15000002388277));
#3687=CARTESIAN_POINT('Ctrl Pts',(-45.6623972389877,-31.8652822160847,3.4));
#3688=CARTESIAN_POINT('Ctrl Pts',(-45.6462562291868,-31.8537934244855,4.31667275015767));
#3689=CARTESIAN_POINT('Ctrl Pts',(-45.6298571604665,-31.8423431623472,5.23333618454472));
#3690=CARTESIAN_POINT('Ctrl Pts',(-45.6131807575953,-31.8309313216504,6.15000002388277));
#3691=CARTESIAN_POINT('Origin',(-42.9711815569777,-33.6408408257566,6.15000002384186));
#3692=CARTESIAN_POINT('',(-41.534712182239,-32.1612108927882,6.15000002384186));
#3693=CARTESIAN_POINT('Origin',(-43.777775,-34.5130546791776,6.15000002384186));
#3694=CARTESIAN_POINT('',(-46.020837817761,-32.1612108927882,6.15000002384186));
#3695=CARTESIAN_POINT('Origin',(-43.777775,-25.117067,6.15000002384186));
#3696=CARTESIAN_POINT('Origin',(-43.777775,-34.5130546791776,6.15000002384186));
#3697=CARTESIAN_POINT('Origin',(-43.777775,-25.117067,3.76));
#3698=CARTESIAN_POINT('Origin',(-43.877775,-25.117067,3.76));
#3699=CARTESIAN_POINT('Origin',(-43.777775,-34.5130546791776,3.40000002384186));
#3700=CARTESIAN_POINT('Ctrl Pts',(-41.4956453220651,-32.1991004589976,3.39999999999962));
#3701=CARTESIAN_POINT('Ctrl Pts',(-41.5061532489204,-32.1887370509747,4.14974318847817));
#3702=CARTESIAN_POINT('Ctrl Pts',(-41.5167807380766,-32.1783969091358,4.89978138281387));
#3703=CARTESIAN_POINT('Ctrl Pts',(-41.5275302217504,-32.1680816648424,5.65000002384132));
#3704=CARTESIAN_POINT('Ctrl Pts',(-41.5299182134175,-32.1657901392058,5.81666066706017));
#3705=CARTESIAN_POINT('Ctrl Pts',(-41.5323121993484,-32.1634998681089,5.98332832749578));
#3706=CARTESIAN_POINT('Ctrl Pts',(-41.534712182239,-32.1612108927882,6.15000002384186));
#3707=CARTESIAN_POINT('Origin',(-43.777775,-34.5130546791776,3.40000002384186));
#3708=CARTESIAN_POINT('Ctrl Pts',(-46.020837817761,-32.1612108927882,6.15000002384186));
#3709=CARTESIAN_POINT('Ctrl Pts',(-46.0232378006516,-32.1634998681089,5.98332832749576));
#3710=CARTESIAN_POINT('Ctrl Pts',(-46.0256317865825,-32.1657901392058,5.81666066706015));
#3711=CARTESIAN_POINT('Ctrl Pts',(-46.0280197782496,-32.1680816648424,5.65000002384132));
#3712=CARTESIAN_POINT('Ctrl Pts',(-46.0387692619514,-32.1783969091633,4.89978138082892));
#3713=CARTESIAN_POINT('Ctrl Pts',(-46.049396751053,-32.1887370509485,4.14974319037231));
#3714=CARTESIAN_POINT('Ctrl Pts',(-46.0599046779349,-32.1991004589976,3.39999999999962));
#3715=CARTESIAN_POINT('Ctrl Pts',(-36.3400550632605,-19.7101770379332,12.6638972232962));
#3716=CARTESIAN_POINT('Ctrl Pts',(-36.556359467936,-19.6698410261716,12.7541785487065));
#3717=CARTESIAN_POINT('Ctrl Pts',(-36.7735773897414,-19.6286119964621,12.8481990022578));
#3718=CARTESIAN_POINT('Ctrl Pts',(-37.6094957209331,-19.4670995705229,13.2210167006575));
#3719=CARTESIAN_POINT('Ctrl Pts',(-38.2358441140882,-19.3401497921477,13.5232945769097));
#3720=CARTESIAN_POINT('Ctrl Pts',(-40.15367715841,-18.932199509002,14.4834543933502));
#3721=CARTESIAN_POINT('Ctrl Pts',(-41.488278565308,-18.6234266232561,15.1973878883631));
#3722=CARTESIAN_POINT('Ctrl Pts',(-44.9158179382643,-17.8396411376662,16.723191226412));
#3723=CARTESIAN_POINT('Ctrl Pts',(-47.0364014022766,-17.3649205716446,17.4031077478533));
#3724=CARTESIAN_POINT('Ctrl Pts',(-49.0691122109284,-16.9393090086566,17.817308751274));
#3725=CARTESIAN_POINT('Ctrl Pts',(-36.4301131526742,-20.6514392418601,12.5470200384405));
#3726=CARTESIAN_POINT('Ctrl Pts',(-36.6467554720697,-20.6089960335743,12.6442800315351));
#3727=CARTESIAN_POINT('Ctrl Pts',(-36.8643775080471,-20.5656860517646,12.7455140303821));
#3728=CARTESIAN_POINT('Ctrl Pts',(-37.7021995171051,-20.3962873777914,13.1469174108056));
#3729=CARTESIAN_POINT('Ctrl Pts',(-38.3306910211523,-20.2636821173652,13.4723670496618));
#3730=CARTESIAN_POINT('Ctrl Pts',(-40.258275420384,-19.8388691505413,14.508726715571));
#3731=CARTESIAN_POINT('Ctrl Pts',(-41.6047895677555,-19.5190456301688,15.2832693298651));
#3732=CARTESIAN_POINT('Ctrl Pts',(-45.059187068695,-18.7264193256159,16.9353923978161));
#3733=CARTESIAN_POINT('Ctrl Pts',(-47.1917553513444,-18.2637423867023,17.6675702293843));
#3734=CARTESIAN_POINT('Ctrl Pts',(-49.2332644422276,-17.8553937389295,18.1196995428319));
#3735=CARTESIAN_POINT('Ctrl Pts',(-36.5090557344455,-21.5745409160184,12.4220737585583));
#3736=CARTESIAN_POINT('Ctrl Pts',(-36.7261146649551,-21.5302255988723,12.5268063009596));
#3737=CARTESIAN_POINT('Ctrl Pts',(-36.9442254934799,-21.4850697785902,12.6357842437751));
#3738=CARTESIAN_POINT('Ctrl Pts',(-37.7842432427287,-21.3086582160812,13.0679111048754));
#3739=CARTESIAN_POINT('Ctrl Pts',(-38.4150250282929,-21.1709894043819,13.4182184635342));
#3740=CARTESIAN_POINT('Ctrl Pts',(-40.3541463644154,-20.7306959032379,14.5377007675853));
#3741=CARTESIAN_POINT('Ctrl Pts',(-41.7139563950158,-20.4000187052297,15.3787795342419));
#3742=CARTESIAN_POINT('Ctrl Pts',(-45.1984412747331,-19.5991355372166,17.1663354242745));
#3743=CARTESIAN_POINT('Ctrl Pts',(-47.3445958105344,-19.1490713526167,17.9508966210365));
#3744=CARTESIAN_POINT('Ctrl Pts',(-49.3956892894283,-18.7582951714965,18.4400128523235));
#3745=CARTESIAN_POINT('Ctrl Pts',(-36.7802946369219,-25.0037601444453,11.8838886393848));
#3746=CARTESIAN_POINT('Ctrl Pts',(-36.9993151449248,-24.9538052886661,12.0188317157378));
#3747=CARTESIAN_POINT('Ctrl Pts',(-37.2195616362369,-24.9030826996041,12.1591163477114));
#3748=CARTESIAN_POINT('Ctrl Pts',(-38.0691423974039,-24.7053992298195,12.7157856939568));
#3749=CARTESIAN_POINT('Ctrl Pts',(-38.7098439142132,-24.5521104674634,13.1680919855107));
#3750=CARTESIAN_POINT('Ctrl Pts',(-40.6950514196438,-24.060523681793,14.6276813004219));
#3751=CARTESIAN_POINT('Ctrl Pts',(-42.1113588669378,-23.6904304190064,15.7455457192109));
#3752=CARTESIAN_POINT('Ctrl Pts',(-45.7207405215886,-22.8601493881452,18.0817023165569));
#3753=CARTESIAN_POINT('Ctrl Pts',(-47.9222772053036,-22.4573484772992,19.062066420799));
#3754=CARTESIAN_POINT('Ctrl Pts',(-50.0099750663605,-22.1309403728399,19.6849922205559));
#3755=CARTESIAN_POINT('Ctrl Pts',(-36.9199281919562,-27.4023885819915,11.3527294650007));
#3756=CARTESIAN_POINT('Ctrl Pts',(-37.1412479570378,-27.3509537753086,11.5138258963733));
#3757=CARTESIAN_POINT('Ctrl Pts',(-37.3639757100411,-27.2987899664279,11.6813972383098));
#3758=CARTESIAN_POINT('Ctrl Pts',(-38.2237157912151,-27.0953172435235,12.3470087035794));
#3759=CARTESIAN_POINT('Ctrl Pts',(-38.8728391088414,-26.935913597233,12.8882045093676));
#3760=CARTESIAN_POINT('Ctrl Pts',(-40.9090416491871,-26.4228656492027,14.6564259491694));
#3761=CARTESIAN_POINT('Ctrl Pts',(-42.3791570264033,-26.0311783054848,16.0291808369285));
#3762=CARTESIAN_POINT('Ctrl Pts',(-46.1008562785754,-25.1884937657402,18.8437505721133));
#3763=CARTESIAN_POINT('Ctrl Pts',(-48.3494020098455,-24.8196671101081,19.9636744849051));
#3764=CARTESIAN_POINT('Ctrl Pts',(-50.4647122985899,-24.536907308899,20.6730649925016));
#3765=CARTESIAN_POINT('Ctrl Pts',(-37.2112658198593,-31.1529430711069,10.5590522296991));
#3766=CARTESIAN_POINT('Ctrl Pts',(-37.4378818282437,-31.1100074462998,10.7730214523157));
#3767=CARTESIAN_POINT('Ctrl Pts',(-37.6647046606778,-31.0629907826013,10.9958965512494));
#3768=CARTESIAN_POINT('Ctrl Pts',(-38.5274071280331,-30.8500922043033,11.8784059044207));
#3769=CARTESIAN_POINT('Ctrl Pts',(-39.235677498833,-30.6485695760187,12.6733748138321));
#3770=CARTESIAN_POINT('Ctrl Pts',(-41.4148714660805,-30.0691158099213,15.0790529932713));
#3771=CARTESIAN_POINT('Ctrl Pts',(-42.9646364519407,-29.6232470390349,16.7864366241534));
#3772=CARTESIAN_POINT('Ctrl Pts',(-46.8255400581953,-28.7159234358842,20.2095718695778));
#3773=CARTESIAN_POINT('Ctrl Pts',(-49.1122985137185,-28.3714269554618,21.4916673497372));
#3774=CARTESIAN_POINT('Ctrl Pts',(-51.2395319212367,-28.1293817968037,22.2922808688991));
#3775=CARTESIAN_POINT('Ctrl Pts',(-37.3384439639013,-32.4264433179058,10.3152355039154));
#3776=CARTESIAN_POINT('Ctrl Pts',(-37.5559159085297,-32.3751454249166,10.5398545132284));
#3777=CARTESIAN_POINT('Ctrl Pts',(-37.7750717420395,-32.3210218160952,10.7756138296825));
#3778=CARTESIAN_POINT('Ctrl Pts',(-38.637332510326,-32.1047423905542,11.7371138546083));
#3779=CARTESIAN_POINT('Ctrl Pts',(-39.3639599564058,-31.9082784812632,12.6141328847046));
#3780=CARTESIAN_POINT('Ctrl Pts',(-41.6065967014987,-31.2812452859932,15.2737565073896));
#3781=CARTESIAN_POINT('Ctrl Pts',(-43.1849575591141,-30.8144554966263,17.0865375647876));
#3782=CARTESIAN_POINT('Ctrl Pts',(-47.0875154327205,-29.8804968211781,20.6926252280436));
#3783=CARTESIAN_POINT('Ctrl Pts',(-49.3825259295542,-29.5406989037935,22.021887873805));
#3784=CARTESIAN_POINT('Ctrl Pts',(-51.5090252239901,-29.3083023974618,22.846495853074));
#3785=CARTESIAN_POINT('Ctrl Pts',(-37.5315776135431,-33.7524642203147,10.1867537743425));
#3786=CARTESIAN_POINT('Ctrl Pts',(-37.7440681517323,-33.6900145274171,10.4396624524845));
#3787=CARTESIAN_POINT('Ctrl Pts',(-37.9598493361434,-33.6264192786884,10.7045851344218));
#3788=CARTESIAN_POINT('Ctrl Pts',(-38.822197253018,-33.3834335306406,11.7836101865779));
#3789=CARTESIAN_POINT('Ctrl Pts',(-39.5785273899922,-33.1653116319527,12.7633099004404));
#3790=CARTESIAN_POINT('Ctrl Pts',(-41.8872205802106,-32.4882125780098,15.6572385994309));
#3791=CARTESIAN_POINT('Ctrl Pts',(-43.4783069622062,-32.0092501588913,17.5264267933132));
#3792=CARTESIAN_POINT('Ctrl Pts',(-47.3941982398171,-31.061509980329,21.2324625209181));
#3793=CARTESIAN_POINT('Ctrl Pts',(-49.6845577921645,-30.7251773714086,22.5894307706028));
#3794=CARTESIAN_POINT('Ctrl Pts',(-51.8020647588324,-30.4984616717445,23.4284610763455));
#3795=CARTESIAN_POINT('',(-49.1725905788253,-28.7657953488699,21.4995056963692));
#3796=CARTESIAN_POINT('',(-40.0273725225522,-30.9131685267698,13.5079364379477));
#3797=CARTESIAN_POINT('Ctrl Pts',(-49.1725905788253,-28.7657953488699,21.4995056963692));
#3798=CARTESIAN_POINT('Ctrl Pts',(-48.7385914843185,-29.4044043216097,21.4534670949307));
#3799=CARTESIAN_POINT('Ctrl Pts',(-48.1918074620028,-29.9591150217671,21.2641494128067));
#3800=CARTESIAN_POINT('Ctrl Pts',(-47.6239813107403,-30.3911423565782,20.9602579107494));
#3801=CARTESIAN_POINT('Ctrl Pts',(-46.7722420838467,-31.0391833587948,20.5044206576634));
#3802=CARTESIAN_POINT('Ctrl Pts',(-45.8731580668231,-31.4111867889824,19.7907923097273));
#3803=CARTESIAN_POINT('Ctrl Pts',(-45.0473240122711,-31.6128956097347,19.0074984105684));
#3804=CARTESIAN_POINT('Ctrl Pts',(-44.3183544392408,-31.7909454154188,18.3160793342059));
#3805=CARTESIAN_POINT('Ctrl Pts',(-43.6238032235471,-31.8369774184173,17.5658615422097));
#3806=CARTESIAN_POINT('Ctrl Pts',(-42.9499020556356,-31.7927416050955,16.8059724790852));
#3807=CARTESIAN_POINT('Ctrl Pts',(-41.9390503037685,-31.7263878851129,15.6661388843983));
#3808=CARTESIAN_POINT('Ctrl Pts',(-40.9746611594117,-31.4569315784096,14.5045449296725));
#3809=CARTESIAN_POINT('Ctrl Pts',(-40.0273725225522,-30.9131685267698,13.5079364379477));
#3810=CARTESIAN_POINT('',(-38.4310736305241,-29.6138597609581,12.0527148514992));
#3811=CARTESIAN_POINT('Ctrl Pts',(-40.0273725225522,-30.9131685267698,13.5079364379477));
#3812=CARTESIAN_POINT('Ctrl Pts',(-39.4786624030593,-30.5984338510599,12.9306349119384));
#3813=CARTESIAN_POINT('Ctrl Pts',(-38.9324025325536,-30.1838018694368,12.4110002115908));
#3814=CARTESIAN_POINT('Ctrl Pts',(-38.4310736305241,-29.6138597609581,12.0527148514992));
#3815=CARTESIAN_POINT('',(-37.6993269304635,-28.5881430713885,11.6338358135167));
#3816=CARTESIAN_POINT('Ctrl Pts',(-38.4310736305241,-29.6138597609581,12.0527148514992));
#3817=CARTESIAN_POINT('Ctrl Pts',(-38.165712548211,-29.3122449750416,11.8630560728625));
#3818=CARTESIAN_POINT('Ctrl Pts',(-37.916383695964,-28.9683784869172,11.7212865843821));
#3819=CARTESIAN_POINT('Ctrl Pts',(-37.6993269304635,-28.5881430713885,11.6338358135167));
#3820=CARTESIAN_POINT('Ctrl Pts',(-37.6993269304635,-28.5881430713885,11.6338358135167));
#3821=CARTESIAN_POINT('Ctrl Pts',(-37.4022369203726,-28.0687351906761,11.5139010630121));
#3822=CARTESIAN_POINT('Ctrl Pts',(-37.1672378651417,-27.4814455679561,11.4941391793677));
#3823=CARTESIAN_POINT('Ctrl Pts',(-36.8673532689206,-26.2378778227355,11.60102491068));
#3824=CARTESIAN_POINT('Ctrl Pts',(-36.8075944869677,-25.5811619224451,11.7294741620935));
#3825=CARTESIAN_POINT('Ctrl Pts',(-36.8731155766618,-24.2003603856708,12.0816845582902));
#3826=CARTESIAN_POINT('Ctrl Pts',(-37.0251165069149,-23.4798715813104,12.3160028406035));
#3827=CARTESIAN_POINT('Ctrl Pts',(-37.5574608395358,-22.0679750210742,12.8518692035564));
#3828=CARTESIAN_POINT('Ctrl Pts',(-37.9595288187329,-21.386346879005,13.1590282344578));
#3829=CARTESIAN_POINT('Ctrl Pts',(-39.0404925647762,-20.1020892520015,13.8655215841012));
#3830=CARTESIAN_POINT('Ctrl Pts',(-39.7547872741926,-19.534531569257,14.2741876904802));
#3831=CARTESIAN_POINT('Ctrl Pts',(-41.386842108931,-18.6917534587258,15.1278003922775));
#3832=CARTESIAN_POINT('Ctrl Pts',(-42.3149105338965,-18.4340710592263,15.5715310476512));
#3833=CARTESIAN_POINT('Ctrl Pts',(-43.6103980353142,-18.3530709905233,16.1575936560551));
#3834=CARTESIAN_POINT('Ctrl Pts',(-43.9622587588247,-18.3583888983421,16.3144075740938));
#3835=CARTESIAN_POINT('Ctrl Pts',(-45.2883699338858,-18.4820300909985,16.9090955155225));
#3836=CARTESIAN_POINT('Ctrl Pts',(-46.2386966292775,-18.789656326589,17.3461750227403));
#3837=CARTESIAN_POINT('Ctrl Pts',(-48.0097624339571,-19.8295034011235,18.2902865366539));
#3838=CARTESIAN_POINT('Ctrl Pts',(-48.8016443951833,-20.6065035535485,18.7982721290173));
#3839=CARTESIAN_POINT('Ctrl Pts',(-49.9466306255226,-22.4728335865395,19.7998011036922));
#3840=CARTESIAN_POINT('Ctrl Pts',(-50.290922754563,-23.5703382980989,20.2976194015623));
#3841=CARTESIAN_POINT('Ctrl Pts',(-50.3697093465099,-25.5354971550732,21.0060052920539));
#3842=CARTESIAN_POINT('Ctrl Pts',(-50.2514418612887,-26.3789449514589,21.2576557337096));
#3843=CARTESIAN_POINT('Ctrl Pts',(-49.7730841276209,-27.7433421301465,21.4928333206877));
#3844=CARTESIAN_POINT('Ctrl Pts',(-49.5045297407362,-28.2773627003159,21.5347177854507));
#3845=CARTESIAN_POINT('Ctrl Pts',(-49.1725905788253,-28.7657953488699,21.4995056963692));
#3846=CARTESIAN_POINT('Origin',(-43.777775,-24.5561303623527,6.1));
#3847=CARTESIAN_POINT('',(-37.3189198129741,-28.7153149553998,6.1));
#3848=CARTESIAN_POINT('',(-37.8635588479891,-29.5539855233453,6.1));
#3849=CARTESIAN_POINT('Origin',(-43.777775,-25.117067,6.1));
#3850=CARTESIAN_POINT('',(-36.0827879964554,-30.710431636076,6.1));
#3851=CARTESIAN_POINT('',(-39.9848519571174,-28.1764016708798,6.1));
#3852=CARTESIAN_POINT('',(-35.5381489614403,-29.8717610681306,6.1));
#3853=CARTESIAN_POINT('',(-35.5461984408571,-29.8841561794614,6.1));
#3854=CARTESIAN_POINT('',(-40.1942938947141,-26.8480251934345,6.1));
#3855=CARTESIAN_POINT('Origin',(-43.777775,-24.5561303623527,13.9));
#3856=CARTESIAN_POINT('',(-47.1793740024592,-18.7062472181878,13.9));
#3857=CARTESIAN_POINT('',(-46.2658285448166,-18.299510575112,13.9));
#3858=CARTESIAN_POINT('Origin',(-43.777775,-25.117067,13.9));
#3859=CARTESIAN_POINT('',(-47.3883687019367,-15.7782441020361,13.9));
#3860=CARTESIAN_POINT('',(-45.4588997764798,-20.1119022627178,13.9));
#3861=CARTESIAN_POINT('',(-48.3019141595793,-16.1849807451119,13.9));
#3862=CARTESIAN_POINT('',(-47.9693135052465,-16.0368973930506,13.9));
#3863=CARTESIAN_POINT('',(-46.0067326705363,-21.3400427722865,13.9));
#3864=CARTESIAN_POINT('Ctrl Pts',(-37.5031783875258,-28.8628595861755,11.0206012861076));
#3865=CARTESIAN_POINT('Ctrl Pts',(-37.0065093910326,-28.0372377099002,10.8340993426371));
#3866=CARTESIAN_POINT('Ctrl Pts',(-36.2305939869346,-25.7845476241783,10.9456515322043));
#3867=CARTESIAN_POINT('Ctrl Pts',(-36.5408640951865,-23.5996270094884,11.6140288708866));
#3868=CARTESIAN_POINT('Ctrl Pts',(-37.0534273232097,-22.2969568769011,12.0963954000531));
#3869=CARTESIAN_POINT('Ctrl Pts',(-37.1367337910047,-22.1092132769888,12.1689045028032));
#3870=CARTESIAN_POINT('Ctrl Pts',(-37.6356003079956,-21.1010448571536,12.5747578488976));
#3871=CARTESIAN_POINT('Ctrl Pts',(-38.1950527229174,-20.3684014901088,12.9337756337301));
#3872=CARTESIAN_POINT('Ctrl Pts',(-40.0223142947852,-18.7117170085657,13.9707907480681));
#3873=CARTESIAN_POINT('Ctrl Pts',(-41.5046140222777,-18.065984569932,14.685550980269));
#3874=CARTESIAN_POINT('Ctrl Pts',(-45.0151537682709,-17.7324967755489,16.1992218002175));
#3875=CARTESIAN_POINT('Ctrl Pts',(-47.0436838482215,-18.3989391442488,17.0194465782293));
#3876=CARTESIAN_POINT('Ctrl Pts',(-49.522695642964,-20.6043159700485,18.4944679200733));
#3877=CARTESIAN_POINT('Ctrl Pts',(-51.0323945385941,-22.9917661293023,19.7175833881533));
#3878=CARTESIAN_POINT('Ctrl Pts',(-51.0211595498719,-25.9213154029782,20.7628965437667));
#3879=CARTESIAN_POINT('Ctrl Pts',(-50.357363520237,-27.9432407303566,21.1460269212153));
#3880=CARTESIAN_POINT('Ctrl Pts',(-50.0634027640655,-28.5466296926574,21.2027515191745));
#3881=CARTESIAN_POINT('Ctrl Pts',(-49.6957539739128,-29.0946368010338,21.1706237093598));
#3882=CARTESIAN_POINT('Ctrl Pts',(-37.5023873476972,-28.8612573372914,11.0287407884847));
#3883=CARTESIAN_POINT('Ctrl Pts',(-37.0066401928488,-28.0366641922637,10.8425257626176));
#3884=CARTESIAN_POINT('Ctrl Pts',(-36.2313063090369,-25.7865395804538,10.9538684524212));
#3885=CARTESIAN_POINT('Ctrl Pts',(-36.5404616066176,-23.6022020330913,11.6219440794865));
#3886=CARTESIAN_POINT('Ctrl Pts',(-37.0524391861015,-22.2996687429396,12.1042137840082));
#3887=CARTESIAN_POINT('Ctrl Pts',(-37.1356530049125,-22.111933214888,12.1767071818545));
#3888=CARTESIAN_POINT('Ctrl Pts',(-37.6339999449864,-21.1037804222246,12.5824786623906));
#3889=CARTESIAN_POINT('Ctrl Pts',(-38.1930284084652,-20.371011357553,12.9414368256972));
#3890=CARTESIAN_POINT('Ctrl Pts',(-40.0192351547453,-18.7137324079087,13.9783133770874));
#3891=CARTESIAN_POINT('Ctrl Pts',(-41.5011498697024,-18.0672006547856,14.6930666979019));
#3892=CARTESIAN_POINT('Ctrl Pts',(-45.0117285687991,-17.7320544956949,16.2068667377286));
#3893=CARTESIAN_POINT('Ctrl Pts',(-47.0403525904527,-18.3975003092328,17.0270063804255));
#3894=CARTESIAN_POINT('Ctrl Pts',(-49.5203838130749,-20.6015865313232,18.5020294030917));
#3895=CARTESIAN_POINT('Ctrl Pts',(-51.031314355797,-22.9882722934398,19.725161939486));
#3896=CARTESIAN_POINT('Ctrl Pts',(-51.0214942392215,-25.9187263221258,20.770874545135));
#3897=CARTESIAN_POINT('Ctrl Pts',(-50.357662780327,-27.9423341300694,21.1543307557838));
#3898=CARTESIAN_POINT('Ctrl Pts',(-50.0634682355454,-28.5463292569729,21.2111055311785));
#3899=CARTESIAN_POINT('Ctrl Pts',(-49.6953750070232,-29.0949403257099,21.1789428860806));
#3900=CARTESIAN_POINT('Ctrl Pts',(-37.5010188216446,-28.857911740385,11.0450687566829));
#3901=CARTESIAN_POINT('Ctrl Pts',(-37.0070386061407,-28.0353163430412,10.8594053988085));
#3902=CARTESIAN_POINT('Ctrl Pts',(-36.2330337349613,-25.7905113708911,10.9703608951797));
#3903=CARTESIAN_POINT('Ctrl Pts',(-36.5400332109216,-23.6074794455768,11.6378857864101));
#3904=CARTESIAN_POINT('Ctrl Pts',(-37.050757451404,-22.3052501256974,12.1199330572739));
#3905=CARTESIAN_POINT('Ctrl Pts',(-37.1337810415747,-22.1175424137915,12.1923961276314));
#3906=CARTESIAN_POINT('Ctrl Pts',(-37.6310740257076,-21.10946896351,12.5980085394882));
#3907=CARTESIAN_POINT('Ctrl Pts',(-38.1892182166778,-20.376498875643,12.9568514998457));
#3908=CARTESIAN_POINT('Ctrl Pts',(-40.0132354261544,-18.7181065688714,13.9934608523631));
#3909=CARTESIAN_POINT('Ctrl Pts',(-41.4942843675235,-18.0700374119797,14.708212331628));
#3910=CARTESIAN_POINT('Ctrl Pts',(-45.0047574476662,-17.7315562050456,16.2222774753632));
#3911=CARTESIAN_POINT('Ctrl Pts',(-47.0334533709847,-18.3949739598592,17.042257177124));
#3912=CARTESIAN_POINT('Ctrl Pts',(-49.5153673107105,-20.5963497511205,18.517305492894));
#3913=CARTESIAN_POINT('Ctrl Pts',(-51.02867726619,-22.9813287774764,19.7404877760493));
#3914=CARTESIAN_POINT('Ctrl Pts',(-51.0217054995387,-25.9134298786479,20.7870657241384));
#3915=CARTESIAN_POINT('Ctrl Pts',(-50.3578317784078,-27.9402971868091,21.1711993125679));
#3916=CARTESIAN_POINT('Ctrl Pts',(-50.0631868929332,-28.545500109908,21.228095805831));
#3917=CARTESIAN_POINT('Ctrl Pts',(-49.6942122454656,-29.0952945896445,21.1958607104352));
#3918=CARTESIAN_POINT('Ctrl Pts',(-37.4991512802947,-28.8506555415225,11.0778868605719));
#3919=CARTESIAN_POINT('Ctrl Pts',(-37.008918135846,-28.0323100928097,10.8933631216037));
#3920=CARTESIAN_POINT('Ctrl Pts',(-36.2376994956568,-25.7983474717032,11.0035615035174));
#3921=CARTESIAN_POINT('Ctrl Pts',(-36.5403800374765,-23.6183422967827,11.6699873700239));
#3922=CARTESIAN_POINT('Ctrl Pts',(-37.0486125568732,-22.3170497209949,12.1516595983598));
#3923=CARTESIAN_POINT('Ctrl Pts',(-37.1312464633988,-22.1294361571115,12.2240656232676));
#3924=CARTESIAN_POINT('Ctrl Pts',(-37.6263509174671,-21.1217508894198,12.6293802650613));
#3925=CARTESIAN_POINT('Ctrl Pts',(-38.1826331448543,-20.3885346338295,12.9880073520309));
#3926=CARTESIAN_POINT('Ctrl Pts',(-40.0018790639929,-18.7283335139063,14.0241228077209));
#3927=CARTESIAN_POINT('Ctrl Pts',(-41.480875645918,-18.0773259657233,14.7388958730013));
#3928=CARTESIAN_POINT('Ctrl Pts',(-44.9903177739371,-17.7322745236358,16.2535586498203));
#3929=CARTESIAN_POINT('Ctrl Pts',(-47.0186553664064,-18.3914601654268,17.0732276955011));
#3930=CARTESIAN_POINT('Ctrl Pts',(-49.5036743004916,-20.5868309938041,18.5484205737332));
#3931=CARTESIAN_POINT('Ctrl Pts',(-51.0212663260209,-22.9677804404323,19.7717997610164));
#3932=CARTESIAN_POINT('Ctrl Pts',(-51.0199307065739,-25.9022925691685,20.8202969895686));
#3933=CARTESIAN_POINT('Ctrl Pts',(-50.3560966754348,-27.9352039251151,21.2059618724327));
#3934=CARTESIAN_POINT('Ctrl Pts',(-50.0605820268337,-28.5426754720781,21.263119884758));
#3935=CARTESIAN_POINT('Ctrl Pts',(-49.6898987293102,-29.0947408062709,21.2307561821582));
#3936=CARTESIAN_POINT('Ctrl Pts',(-37.498489155717,-28.8405238791294,11.1191225363429));
#3937=CARTESIAN_POINT('Ctrl Pts',(-37.0129436787984,-28.0275934317222,10.9359948297701));
#3938=CARTESIAN_POINT('Ctrl Pts',(-36.2458586014452,-25.8079429771557,11.0453351012263));
#3939=CARTESIAN_POINT('Ctrl Pts',(-36.5434036249636,-23.6326099522345,11.7105188689531));
#3940=CARTESIAN_POINT('Ctrl Pts',(-37.0483188940776,-22.3329708252775,12.1917035677789));
#3941=CARTESIAN_POINT('Ctrl Pts',(-37.1304441363344,-22.1455566033972,12.2640437161462));
#3942=CARTESIAN_POINT('Ctrl Pts',(-37.6226961039692,-21.1387777125427,12.6690133611609));
#3943=CARTESIAN_POINT('Ctrl Pts',(-38.1764488626748,-20.4056024145064,13.027392022044));
#3944=CARTESIAN_POINT('Ctrl Pts',(-39.989066684233,-18.7439050697584,14.0629471362349));
#3945=CARTESIAN_POINT('Ctrl Pts',(-41.4648416825126,-18.0896249755629,14.7777977150564));
#3946=CARTESIAN_POINT('Ctrl Pts',(-44.9714243102357,-17.7365170008165,16.293278589436));
#3947=CARTESIAN_POINT('Ctrl Pts',(-46.9983337180646,-18.3901493212421,17.1125938402208));
#3948=CARTESIAN_POINT('Ctrl Pts',(-49.4858415660498,-20.5769907378215,18.5881037541492));
#3949=CARTESIAN_POINT('Ctrl Pts',(-51.0078144806405,-22.9516691130122,19.811852211915));
#3950=CARTESIAN_POINT('Ctrl Pts',(-51.0132629973682,-25.8874890782792,20.8630922845221));
#3951=CARTESIAN_POINT('Ctrl Pts',(-50.3496489410006,-27.9267956594636,21.2508968259556));
#3952=CARTESIAN_POINT('Ctrl Pts',(-50.053151508329,-28.5368192076382,21.3084568548096));
#3953=CARTESIAN_POINT('Ctrl Pts',(-49.6804656269775,-29.0914430024067,21.2759401387959));
#3954=CARTESIAN_POINT('Ctrl Pts',(-37.50013095477,-28.8289946073939,11.160398382671));
#3955=CARTESIAN_POINT('Ctrl Pts',(-37.019402905574,-28.0217313418285,10.978653821078));
#3956=CARTESIAN_POINT('Ctrl Pts',(-36.2571703001117,-25.817182912106,11.0871661199357));
#3957=CARTESIAN_POINT('Ctrl Pts',(-36.5499143681652,-23.6476415174333,11.7511587184393));
#3958=CARTESIAN_POINT('Ctrl Pts',(-37.0513845226746,-22.3503640822606,12.2318459011821));
#3959=CARTESIAN_POINT('Ctrl Pts',(-37.1329817176304,-22.1632575738765,12.3041222541482));
#3960=CARTESIAN_POINT('Ctrl Pts',(-37.6222543483746,-21.1579689286931,12.7087573300406));
#3961=CARTESIAN_POINT('Ctrl Pts',(-38.1732505997862,-20.4253064022181,13.0668961599568));
#3962=CARTESIAN_POINT('Ctrl Pts',(-39.978397765899,-18.763239424069,14.1019152520218));
#3963=CARTESIAN_POINT('Ctrl Pts',(-41.4501106303911,-18.1062733812567,14.8168649438047));
#3964=CARTESIAN_POINT('Ctrl Pts',(-44.9516421332862,-17.7455287415592,16.333199748117));
#3965=CARTESIAN_POINT('Ctrl Pts',(-46.9757459080639,-18.3933296066072,17.1521734066672));
#3966=CARTESIAN_POINT('Ctrl Pts',(-49.4636872574116,-20.5703643045511,18.6280798176361));
#3967=CARTESIAN_POINT('Ctrl Pts',(-50.9885045476482,-22.9372239008586,19.8522692442908));
#3968=CARTESIAN_POINT('Ctrl Pts',(-51.0000491191041,-25.8717926882357,20.906481386339));
#3969=CARTESIAN_POINT('Ctrl Pts',(-50.3368769917905,-27.9155551365846,21.296634714085));
#3970=CARTESIAN_POINT('Ctrl Pts',(-50.0395612608337,-28.5275744876886,21.3546466388258));
#3971=CARTESIAN_POINT('Ctrl Pts',(-49.6651440284685,-29.0842542051252,21.3219961149789));
#3972=CARTESIAN_POINT('Ctrl Pts',(-37.5028608102815,-28.818946085775,11.1933101298247));
#3973=CARTESIAN_POINT('Ctrl Pts',(-37.02632418393,-28.0166170936562,11.0127294430204));
#3974=CARTESIAN_POINT('Ctrl Pts',(-36.2681229165808,-25.8242963121464,11.1205094973184));
#3975=CARTESIAN_POINT('Ctrl Pts',(-36.5571192905992,-23.659963967994,11.7834303600668));
#3976=CARTESIAN_POINT('Ctrl Pts',(-37.0559557149349,-22.365120636827,12.2637988350771));
#3977=CARTESIAN_POINT('Ctrl Pts',(-37.1371283025661,-22.1783227634202,12.3360224285207));
#3978=CARTESIAN_POINT('Ctrl Pts',(-37.6239510487073,-21.1746027389895,12.7403837028381));
#3979=CARTESIAN_POINT('Ctrl Pts',(-38.1726506356584,-20.4426257741163,13.0983246260809));
#3980=CARTESIAN_POINT('Ctrl Pts',(-39.9713139375743,-18.7810441931882,14.1329012452147));
#3981=CARTESIAN_POINT('Ctrl Pts',(-41.4393236957975,-18.1222874386847,14.8479097194671));
#3982=CARTESIAN_POINT('Ctrl Pts',(-44.9353848673517,-17.755877799283,16.364926581054));
#3983=CARTESIAN_POINT('Ctrl Pts',(-46.9563638768494,-18.3988870242983,17.1836096292686));
#3984=CARTESIAN_POINT('Ctrl Pts',(-49.4432287303751,-20.5673515992948,18.6598004770181));
#3985=CARTESIAN_POINT('Ctrl Pts',(-50.9691369134233,-22.9271319177639,19.8843255665203));
#3986=CARTESIAN_POINT('Ctrl Pts',(-50.9846968653943,-25.8588720527874,20.9408039232952));
#3987=CARTESIAN_POINT('Ctrl Pts',(-50.3218531164549,-27.9045656227294,21.3327794329432));
#3988=CARTESIAN_POINT('Ctrl Pts',(-50.0239924212841,-28.5176279360364,21.3911131175458));
#3989=CARTESIAN_POINT('Ctrl Pts',(-49.6484380302483,-29.0754869046539,21.3583564195036));
#3990=CARTESIAN_POINT('Ctrl Pts',(-37.5120409046841,-28.7925057554732,11.2752004328307));
#3991=CARTESIAN_POINT('Ctrl Pts',(-37.0455828686628,-28.0022438892996,11.0973724853978));
#3992=CARTESIAN_POINT('Ctrl Pts',(-36.2986358549308,-25.8416589681616,11.2033396824841));
#3993=CARTESIAN_POINT('Ctrl Pts',(-36.5789258192813,-23.6914944875944,11.8636885806401));
#3994=CARTESIAN_POINT('Ctrl Pts',(-37.0708165038609,-22.4031905321586,12.3429806424928));
#3995=CARTESIAN_POINT('Ctrl Pts',(-37.1509088051417,-22.2172733370996,12.4150637021272));
#3996=CARTESIAN_POINT('Ctrl Pts',(-37.6315596016742,-21.2179967757501,12.8186873091635));
#3997=CARTESIAN_POINT('Ctrl Pts',(-38.1743001927966,-20.4882312783731,13.1760976715614));
#3998=CARTESIAN_POINT('Ctrl Pts',(-39.9561502421006,-18.8288993917443,14.2094674696452));
#3999=CARTESIAN_POINT('Ctrl Pts',(-41.4140950330703,-18.1664061312712,14.9245706385124));
#4000=CARTESIAN_POINT('Ctrl Pts',(-44.8944953336793,-17.7863229636449,16.4431230987102));
#4001=CARTESIAN_POINT('Ctrl Pts',(-46.9063597233215,-18.4172566799518,17.2610519275884));
#4002=CARTESIAN_POINT('Ctrl Pts',(-49.3885489965066,-20.5633914187159,18.7377772575428));
#4003=CARTESIAN_POINT('Ctrl Pts',(-50.9157937544849,-22.9041326893269,19.9629314253046));
#4004=CARTESIAN_POINT('Ctrl Pts',(-50.9407829371623,-25.8265665171521,21.0248430020586));
#4005=CARTESIAN_POINT('Ctrl Pts',(-50.279256930716,-27.8751212217606,21.421291936941));
#4006=CARTESIAN_POINT('Ctrl Pts',(-49.9802957975735,-28.490254329484,21.4804443645689));
#4007=CARTESIAN_POINT('Ctrl Pts',(-49.6022775650653,-29.050498318124,21.4474333476218));
#4008=CARTESIAN_POINT('Ctrl Pts',(-37.5541318354153,-28.724290589165,11.4430715390632));
#4009=CARTESIAN_POINT('Ctrl Pts',(-37.110628544613,-27.9623029857615,11.2710469859817));
#4010=CARTESIAN_POINT('Ctrl Pts',(-36.3929960896089,-25.8733274636166,11.3721613279548));
#4011=CARTESIAN_POINT('Ctrl Pts',(-36.6591906020705,-23.7624941276835,12.0257508295614));
#4012=CARTESIAN_POINT('Ctrl Pts',(-37.1368294128683,-22.4952581815052,12.5024489269906));
#4013=CARTESIAN_POINT('Ctrl Pts',(-37.2146360164351,-22.312245305951,12.5741541165845));
#4014=CARTESIAN_POINT('Ctrl Pts',(-37.6818532772121,-21.3281078721444,12.975798421073));
#4015=CARTESIAN_POINT('Ctrl Pts',(-38.2106885539698,-20.6078529074566,13.331765903964));
#4016=CARTESIAN_POINT('Ctrl Pts',(-39.9505335513342,-18.9657081052133,14.3616986913531));
#4017=CARTESIAN_POINT('Ctrl Pts',(-41.3801469617459,-18.3027970784415,15.0763008648577));
#4018=CARTESIAN_POINT('Ctrl Pts',(-44.8047283550141,-17.9020706698855,16.5967841870449));
#4019=CARTESIAN_POINT('Ctrl Pts',(-46.7831600816607,-18.5070277673644,17.4127651447997));
#4020=CARTESIAN_POINT('Ctrl Pts',(-49.2303658952259,-20.5970379187948,18.8882080575261));
#4021=CARTESIAN_POINT('Ctrl Pts',(-50.7395538029034,-22.8856358814834,20.1124501509208));
#4022=CARTESIAN_POINT('Ctrl Pts',(-50.7647468693705,-25.758296352828,21.1795307601997));
#4023=CARTESIAN_POINT('Ctrl Pts',(-50.1034608687965,-27.779842661058,21.5796421073493));
#4024=CARTESIAN_POINT('Ctrl Pts',(-49.804621186044,-28.3883396921419,21.6392554161063));
#4025=CARTESIAN_POINT('Ctrl Pts',(-49.42675153997,-28.9433463322682,21.6051714797394));
#4026=CARTESIAN_POINT('Ctrl Pts',(-37.63914236609,-28.6399130603529,11.5730272084201));
#4027=CARTESIAN_POINT('Ctrl Pts',(-37.2160545011797,-27.9052312431864,11.4050148000916));
#4028=CARTESIAN_POINT('Ctrl Pts',(-36.5353951437817,-25.8899704148595,11.4943428756331));
#4029=CARTESIAN_POINT('Ctrl Pts',(-36.7968643484642,-23.8275130307494,12.1328288633691));
#4030=CARTESIAN_POINT('Ctrl Pts',(-37.262152805946,-22.5884279333834,12.6015234552949));
#4031=CARTESIAN_POINT('Ctrl Pts',(-37.3380323637413,-22.4095438366018,12.6721731649461));
#4032=CARTESIAN_POINT('Ctrl Pts',(-37.7937356061849,-21.4472008309279,13.0682042077641));
#4033=CARTESIAN_POINT('Ctrl Pts',(-38.3090685814344,-20.7427434684717,13.4200053672414));
#4034=CARTESIAN_POINT('Ctrl Pts',(-40.0057005814884,-19.1347458538937,14.4390320243919));
#4035=CARTESIAN_POINT('Ctrl Pts',(-41.4016825862702,-18.4843688929018,15.1474358245014));
#4036=CARTESIAN_POINT('Ctrl Pts',(-44.7452469053905,-18.0840159503205,16.658878847965));
#4037=CARTESIAN_POINT('Ctrl Pts',(-46.6744918222906,-18.6696933429525,17.4696011936963));
#4038=CARTESIAN_POINT('Ctrl Pts',(-49.0597001346678,-20.7069185943974,18.9260835383944));
#4039=CARTESIAN_POINT('Ctrl Pts',(-50.5291489810993,-22.9409435325324,20.1321927762044));
#4040=CARTESIAN_POINT('Ctrl Pts',(-50.5398638468836,-25.7406364309448,21.1637583983021));
#4041=CARTESIAN_POINT('Ctrl Pts',(-49.8935960540697,-27.6951138537752,21.537480236795));
#4042=CARTESIAN_POINT('Ctrl Pts',(-49.604458195209,-28.281315925569,21.5905298049912));
#4043=CARTESIAN_POINT('Ctrl Pts',(-49.2406745612036,-28.8150912134967,21.5536766209895));
#4044=CARTESIAN_POINT('Ctrl Pts',(-37.6993269304635,-28.5881430713885,11.6338358135167));
#4045=CARTESIAN_POINT('Ctrl Pts',(-37.2886930588554,-27.8702243876352,11.4680635920778));
#4046=CARTESIAN_POINT('Ctrl Pts',(-36.6266918793492,-25.8953550262409,11.546680264985));
#4047=CARTESIAN_POINT('Ctrl Pts',(-36.8837757481806,-23.8593016247062,12.1725865180948));
#4048=CARTESIAN_POINT('Ctrl Pts',(-37.3427634809297,-22.636636690877,12.6359422878478));
#4049=CARTESIAN_POINT('Ctrl Pts',(-37.4175718642962,-22.4600546387019,12.7057839153806));
#4050=CARTESIAN_POINT('Ctrl Pts',(-37.8667213040781,-21.5100436688477,13.097598827547));
#4051=CARTESIAN_POINT('Ctrl Pts',(-38.3747591474421,-20.8143423189082,13.4463267491691));
#4052=CARTESIAN_POINT('Ctrl Pts',(-40.0477389787451,-19.2257972154448,14.4575132464223));
#4053=CARTESIAN_POINT('Ctrl Pts',(-41.4257340724231,-18.5824152071409,15.161198739478));
#4054=CARTESIAN_POINT('Ctrl Pts',(-44.724399912858,-18.1850266027844,16.6657648819901));
#4055=CARTESIAN_POINT('Ctrl Pts',(-46.6273577733436,-18.761483432125,17.4730119950966));
#4056=CARTESIAN_POINT('Ctrl Pts',(-48.9821223560487,-20.7717258243832,18.9175001704382));
#4057=CARTESIAN_POINT('Ctrl Pts',(-50.4333916949364,-22.9779668581738,20.1122852496424));
#4058=CARTESIAN_POINT('Ctrl Pts',(-50.44483060997,-25.7424383187445,21.1252419529177));
#4059=CARTESIAN_POINT('Ctrl Pts',(-49.8114475879576,-27.6660628542764,21.4868741886264));
#4060=CARTESIAN_POINT('Ctrl Pts',(-49.5285652073831,-28.2419956572529,21.5372674665062));
#4061=CARTESIAN_POINT('Ctrl Pts',(-49.1725905788253,-28.7657953488699,21.4995056963692));
#4062=CARTESIAN_POINT('',(-37.5031783875258,-28.8628595861755,11.0206012861076));
#4063=CARTESIAN_POINT('Ctrl Pts',(-37.6993269304635,-28.5881430713885,11.6338358135167));
#4064=CARTESIAN_POINT('Ctrl Pts',(-37.6291116053611,-28.648541391847,11.562892440904));
#4065=CARTESIAN_POINT('Ctrl Pts',(-37.5140231971068,-28.7662422742838,11.3733707821848));
#4066=CARTESIAN_POINT('Ctrl Pts',(-37.4921038299264,-28.8404281017988,11.1345543193877));
#4067=CARTESIAN_POINT('Ctrl Pts',(-37.5031783875258,-28.8628595861755,11.0206012861076));
#4068=CARTESIAN_POINT('',(-50.9210869097227,-25.1170670000025,20.4346470061358));
#4069=CARTESIAN_POINT('Ctrl Pts',(-50.9210869097227,-25.1170670000027,20.434647006135));
#4070=CARTESIAN_POINT('Ctrl Pts',(-50.9216428725236,-25.0224994245264,20.4027959186047));
#4071=CARTESIAN_POINT('Ctrl Pts',(-50.9203333288675,-24.9282571175517,20.3703794118474));
#4072=CARTESIAN_POINT('Ctrl Pts',(-50.8763269231761,-23.614386989937,19.9096041575718));
#4073=CARTESIAN_POINT('Ctrl Pts',(-50.5247639223127,-22.4395736645377,19.3984149617507));
#4074=CARTESIAN_POINT('Ctrl Pts',(-49.3323012468172,-20.4237176990658,18.3726682935374));
#4075=CARTESIAN_POINT('Ctrl Pts',(-48.5009207726605,-19.5747595748106,17.8535570505703));
#4076=CARTESIAN_POINT('Ctrl Pts',(-46.6267986728486,-18.4180069938738,16.8914951990943));
#4077=CARTESIAN_POINT('Ctrl Pts',(-45.6159588666647,-18.0640496276732,16.4475426602986));
#4078=CARTESIAN_POINT('Ctrl Pts',(-44.2041628108288,-17.8965821256922,15.8465827079125));
#4079=CARTESIAN_POINT('Ctrl Pts',(-43.8294993146815,-17.8814608681629,15.6883868147557));
#4080=CARTESIAN_POINT('Ctrl Pts',(-42.4505682197565,-17.9324896585232,15.0980266621842));
#4081=CARTESIAN_POINT('Ctrl Pts',(-41.4598917774312,-18.1807102377538,14.6505178702091));
#4082=CARTESIAN_POINT('Ctrl Pts',(-39.7013794713145,-19.0352404260245,13.7825275948651));
#4083=CARTESIAN_POINT('Ctrl Pts',(-38.9236833183163,-19.622943282548,13.3642436341505));
#4084=CARTESIAN_POINT('Ctrl Pts',(-37.7380369410711,-20.9708692106703,12.6379054690716));
#4085=CARTESIAN_POINT('Ctrl Pts',(-37.2931527894481,-21.6911411243298,12.3211527356733));
#4086=CARTESIAN_POINT('Ctrl Pts',(-36.6987316606053,-23.1953185896603,11.7633551841434));
#4087=CARTESIAN_POINT('Ctrl Pts',(-36.5253312676016,-23.9679273112008,11.5165013829873));
#4088=CARTESIAN_POINT('Ctrl Pts',(-36.4470361396307,-25.4695540136141,11.137092733956));
#4089=CARTESIAN_POINT('Ctrl Pts',(-36.512078610647,-26.193013325248,10.9938234622288));
#4090=CARTESIAN_POINT('Ctrl Pts',(-36.8625368893946,-27.5906779351539,10.8683364884141));
#4091=CARTESIAN_POINT('Ctrl Pts',(-37.1443082818449,-28.2663033040572,10.885843585032));
#4092=CARTESIAN_POINT('Ctrl Pts',(-37.5031783875258,-28.8628595861755,11.0206012861076));
#4093=CARTESIAN_POINT('',(-49.6957539739128,-29.0946368010338,21.1706237093598));
#4094=CARTESIAN_POINT('Ctrl Pts',(-49.6957539739128,-29.0946368010338,21.1706237093598));
#4095=CARTESIAN_POINT('Ctrl Pts',(-50.038579056069,-28.5836312245615,21.2005822440653));
#4096=CARTESIAN_POINT('Ctrl Pts',(-50.3175058242602,-28.0242296520373,21.1528363572684));
#4097=CARTESIAN_POINT('Ctrl Pts',(-50.7855018005505,-26.6837200884248,20.9187101924468));
#4098=CARTESIAN_POINT('Ctrl Pts',(-50.9165234718293,-25.8932938567469,20.6960861879377));
#4099=CARTESIAN_POINT('Ctrl Pts',(-50.9210869097227,-25.1170670000027,20.434647006135));
#4100=CARTESIAN_POINT('Ctrl Pts',(-49.6957539739128,-29.0946368010338,21.1706237093598));
#4101=CARTESIAN_POINT('Ctrl Pts',(-49.695564490468,-29.0947885633718,21.1747832977202));
#4102=CARTESIAN_POINT('Ctrl Pts',(-49.6950732273707,-29.0950218179613,21.1831777705457));
#4103=CARTESIAN_POINT('Ctrl Pts',(-49.6936263448941,-29.0951952026422,21.2002400273834));
#4104=CARTESIAN_POINT('Ctrl Pts',(-49.6897862341095,-29.0946684805042,21.2308028047195));
#4105=CARTESIAN_POINT('Ctrl Pts',(-49.6765552744164,-29.090034838331,21.294057265617));
#4106=CARTESIAN_POINT('Ctrl Pts',(-49.6389530795095,-29.0710698033449,21.3873626272138));
#4107=CARTESIAN_POINT('Ctrl Pts',(-49.5611248184154,-29.0254584269325,21.4856433325875));
#4108=CARTESIAN_POINT('Ctrl Pts',(-49.4409852967965,-28.9499548185777,21.5613427711542));
#4109=CARTESIAN_POINT('Ctrl Pts',(-49.329345708737,-28.8756144115432,21.5693527715925));
#4110=CARTESIAN_POINT('Ctrl Pts',(-49.2507642239309,-28.8213453928725,21.5460239132734));
#4111=CARTESIAN_POINT('Ctrl Pts',(-49.2084320470876,-28.7915816216278,21.5255681515258));
#4112=CARTESIAN_POINT('Ctrl Pts',(-49.1839379092217,-28.7740113263077,21.508534183806));
#4113=CARTESIAN_POINT('Ctrl Pts',(-49.1725905788253,-28.7657953488699,21.4995056963692));
#4114=CARTESIAN_POINT('Ctrl Pts',(-38.3830291575594,-30.0341082846771,11.4949667838831));
#4115=CARTESIAN_POINT('Ctrl Pts',(-38.06900111568,-29.6951072787432,11.2813306467882));
#4116=CARTESIAN_POINT('Ctrl Pts',(-37.7664687073022,-29.3005477518888,11.1190014975043));
#4117=CARTESIAN_POINT('Ctrl Pts',(-37.5031783875258,-28.8628595861755,11.0206012861076));
#4118=CARTESIAN_POINT('Ctrl Pts',(-38.3495708089317,-29.994689376165,11.5995507198863));
#4119=CARTESIAN_POINT('Ctrl Pts',(-38.0433102653239,-29.6591890044553,11.3897626582165));
#4120=CARTESIAN_POINT('Ctrl Pts',(-37.7489778886977,-29.2708260866214,11.2308893454083));
#4121=CARTESIAN_POINT('Ctrl Pts',(-37.4921038299264,-28.8404281017988,11.1345543193877));
#4122=CARTESIAN_POINT('Ctrl Pts',(-38.3193548809614,-29.8745551735447,11.8194990380709));
#4123=CARTESIAN_POINT('Ctrl Pts',(-38.0309783043628,-29.5504821340982,11.6171979148336));
#4124=CARTESIAN_POINT('Ctrl Pts',(-37.7553108114432,-29.1780804741373,11.4652950922622));
#4125=CARTESIAN_POINT('Ctrl Pts',(-37.5140231971068,-28.7662422742838,11.3733707821848));
#4126=CARTESIAN_POINT('Ctrl Pts',(-38.3832431724419,-29.7001547464334,11.9904530343671));
#4127=CARTESIAN_POINT('Ctrl Pts',(-38.1110682599275,-29.3916765001957,11.7964801119611));
#4128=CARTESIAN_POINT('Ctrl Pts',(-37.85361040804,-29.0387825060563,11.6514784336415));
#4129=CARTESIAN_POINT('Ctrl Pts',(-37.6291116053611,-28.648541391847,11.562892440904));
#4130=CARTESIAN_POINT('Ctrl Pts',(-38.4310736305241,-29.6138597609581,12.0527148514992));
#4131=CARTESIAN_POINT('Ctrl Pts',(-38.165712548211,-29.3122449750416,11.8630560728625));
#4132=CARTESIAN_POINT('Ctrl Pts',(-37.916383695964,-28.9683784869172,11.7212865843821));
#4133=CARTESIAN_POINT('Ctrl Pts',(-37.6993269304635,-28.5881430713885,11.6338358135167));
#4134=CARTESIAN_POINT('',(-38.3830291575594,-30.0341082846771,11.4949667838831));
#4135=CARTESIAN_POINT('Ctrl Pts',(-38.4310736305241,-29.6138597609581,12.0527148514992));
#4136=CARTESIAN_POINT('Ctrl Pts',(-38.3832431724419,-29.7001547464334,11.9904530343671));
#4137=CARTESIAN_POINT('Ctrl Pts',(-38.3193548809614,-29.8745551735447,11.8194990380709));
#4138=CARTESIAN_POINT('Ctrl Pts',(-38.3495708089317,-29.994689376165,11.5995507198863));
#4139=CARTESIAN_POINT('Ctrl Pts',(-38.3830291575594,-30.0341082846771,11.4949667838831));
#4140=CARTESIAN_POINT('Ctrl Pts',(-37.5031783875258,-28.8628595861755,11.0206012861076));
#4141=CARTESIAN_POINT('Ctrl Pts',(-37.7664687073022,-29.3005477518888,11.1190014975043));
#4142=CARTESIAN_POINT('Ctrl Pts',(-38.06900111568,-29.6951072787432,11.2813306467882));
#4143=CARTESIAN_POINT('Ctrl Pts',(-38.3830291575594,-30.0341082846771,11.4949667838831));
#4144=CARTESIAN_POINT('Ctrl Pts',(-40.1903551405685,-31.4422526322698,13.0795596464057));
#4145=CARTESIAN_POINT('Ctrl Pts',(-39.5921564244956,-31.1152424686231,12.4682680750094));
#4146=CARTESIAN_POINT('Ctrl Pts',(-38.9762002912502,-30.6744541976931,11.898388263249));
#4147=CARTESIAN_POINT('Ctrl Pts',(-38.3830291575594,-30.0341082846771,11.4949667838831));
#4148=CARTESIAN_POINT('Ctrl Pts',(-40.1221392681047,-31.4018455594684,13.1651457102406));
#4149=CARTESIAN_POINT('Ctrl Pts',(-39.5318153698269,-31.0703544638854,12.5583038782062));
#4150=CARTESIAN_POINT('Ctrl Pts',(-38.9280975197145,-30.62845291986,11.9957268494006));
#4151=CARTESIAN_POINT('Ctrl Pts',(-38.3495708089317,-29.994689376165,11.5995507198863));
#4152=CARTESIAN_POINT('Ctrl Pts',(-40.0072738512226,-31.2547122116887,13.3502005372604));
#4153=CARTESIAN_POINT('Ctrl Pts',(-39.4389931282138,-30.9237786517906,12.7504778855312));
#4154=CARTESIAN_POINT('Ctrl Pts',(-38.8640311279974,-30.4868881296205,12.2016341271036));
#4155=CARTESIAN_POINT('Ctrl Pts',(-38.319230304559,-29.8746270118859,11.8195638973981));
#4156=CARTESIAN_POINT('Ctrl Pts',(-40.0051641983351,-31.0221139604296,13.4725981593925));
#4157=CARTESIAN_POINT('Ctrl Pts',(-39.4518482842991,-30.7038286559517,12.886722650922));
#4158=CARTESIAN_POINT('Ctrl Pts',(-38.897446862083,-30.28304139844,12.3568504619168));
#4159=CARTESIAN_POINT('Ctrl Pts',(-38.383243172442,-29.7001547464334,11.9904530343671));
#4160=CARTESIAN_POINT('Ctrl Pts',(-40.0273725225522,-30.9131685267698,13.5079364379477));
#4161=CARTESIAN_POINT('Ctrl Pts',(-39.4786624030593,-30.5984338510599,12.9306349119384));
#4162=CARTESIAN_POINT('Ctrl Pts',(-38.9324025325536,-30.1838018694368,12.4110002115908));
#4163=CARTESIAN_POINT('Ctrl Pts',(-38.4310736305241,-29.6138597609581,12.0527148514992));
#4164=CARTESIAN_POINT('',(-40.1903551405685,-31.4422526322698,13.0795596464057));
#4165=CARTESIAN_POINT('Ctrl Pts',(-40.0273725225522,-30.9131685267698,13.5079364379477));
#4166=CARTESIAN_POINT('Ctrl Pts',(-40.0051641983351,-31.0221139604296,13.4725981593925));
#4167=CARTESIAN_POINT('Ctrl Pts',(-40.0072738512226,-31.2547122116887,13.3502005372604));
#4168=CARTESIAN_POINT('Ctrl Pts',(-40.1221392681047,-31.4018455594684,13.1651457102406));
#4169=CARTESIAN_POINT('Ctrl Pts',(-40.1903551405685,-31.4422526322698,13.0795596464057));
#4170=CARTESIAN_POINT('Ctrl Pts',(-38.3830291575594,-30.0341082846771,11.4949667838831));
#4171=CARTESIAN_POINT('Ctrl Pts',(-38.9762002912502,-30.6744541976931,11.898388263249));
#4172=CARTESIAN_POINT('Ctrl Pts',(-39.5921564244956,-31.1152424686231,12.4682680750094));
#4173=CARTESIAN_POINT('Ctrl Pts',(-40.1903551405685,-31.4422526322698,13.0795596464057));
#4174=CARTESIAN_POINT('Ctrl Pts',(-49.6957539739128,-29.0946368010338,21.1706237093598));
#4175=CARTESIAN_POINT('Ctrl Pts',(-49.2475219112254,-29.7627591045314,21.1314539504795));
#4176=CARTESIAN_POINT('Ctrl Pts',(-47.8431290995453,-31.2113781611259,20.6726273526756));
#4177=CARTESIAN_POINT('Ctrl Pts',(-46.3073424236905,-31.8696648588214,19.4872007328507));
#4178=CARTESIAN_POINT('Ctrl Pts',(-44.7096276388647,-32.2864163824789,18.0103177137422));
#4179=CARTESIAN_POINT('Ctrl Pts',(-42.9112230588836,-32.4352997788581,16.1192154071688));
#4180=CARTESIAN_POINT('Ctrl Pts',(-41.2243061236267,-32.0074801307533,14.1356507110157));
#4181=CARTESIAN_POINT('Ctrl Pts',(-40.1903551405685,-31.4422526322698,13.0795596464057));
#4182=CARTESIAN_POINT('Ctrl Pts',(-49.695564490468,-29.0947885633718,21.1747832977202));
#4183=CARTESIAN_POINT('Ctrl Pts',(-49.2470745130316,-29.763285981836,21.1356036638168));
#4184=CARTESIAN_POINT('Ctrl Pts',(-47.8415163812189,-31.2126184456275,20.6764205443642));
#4185=CARTESIAN_POINT('Ctrl Pts',(-46.3048706866784,-31.8705538765099,19.4904666926889));
#4186=CARTESIAN_POINT('Ctrl Pts',(-44.7066362748654,-32.2867703903476,18.0132204816926));
#4187=CARTESIAN_POINT('Ctrl Pts',(-42.9079767553781,-32.4348867499908,16.1218785109342));
#4188=CARTESIAN_POINT('Ctrl Pts',(-41.2213892055988,-32.006307993717,14.1384392236761));
#4189=CARTESIAN_POINT('Ctrl Pts',(-40.1879188594091,-31.4408095225269,13.0826162915427));
#4190=CARTESIAN_POINT('Ctrl Pts',(-49.6950732273707,-29.0950218179613,21.1831777705457));
#4191=CARTESIAN_POINT('Ctrl Pts',(-49.2460656350481,-29.7642592433402,21.1439732000876));
#4192=CARTESIAN_POINT('Ctrl Pts',(-47.8381875116034,-31.215011216379,20.6840751296411));
#4193=CARTESIAN_POINT('Ctrl Pts',(-46.299842367065,-31.8722244914134,19.4970440645251));
#4194=CARTESIAN_POINT('Ctrl Pts',(-44.700596722823,-32.2873649803706,18.0190587231663));
#4195=CARTESIAN_POINT('Ctrl Pts',(-42.9014703579758,-32.4339538373247,16.1272289983202));
#4196=CARTESIAN_POINT('Ctrl Pts',(-41.2155545194401,-32.0038544762518,14.1440287805851));
#4197=CARTESIAN_POINT('Ctrl Pts',(-40.1830719995563,-31.4378464600495,13.0887449906712));
#4198=CARTESIAN_POINT('Ctrl Pts',(-49.6936263448941,-29.0951952026422,21.2002400273834));
#4199=CARTESIAN_POINT('Ctrl Pts',(-49.2436013864358,-29.7658903261335,21.1609954963921));
#4200=CARTESIAN_POINT('Ctrl Pts',(-47.8311108880699,-31.2194155672686,20.6996243017306));
#4201=CARTESIAN_POINT('Ctrl Pts',(-46.2894680002449,-31.87513614568,19.510376500477));
#4202=CARTESIAN_POINT('Ctrl Pts',(-44.688322496825,-32.2881035380879,18.0308634514021));
#4203=CARTESIAN_POINT('Ctrl Pts',(-42.8884025277575,-32.431638195137,16.1380128412789));
#4204=CARTESIAN_POINT('Ctrl Pts',(-41.203960916087,-31.9985963478153,14.1552775559244));
#4205=CARTESIAN_POINT('Ctrl Pts',(-40.1734885693015,-31.4316124906693,13.1010571780461));
#4206=CARTESIAN_POINT('Ctrl Pts',(-49.6897862341095,-29.0946684805042,21.2308028047195));
#4207=CARTESIAN_POINT('Ctrl Pts',(-49.2380078900097,-29.7678177530914,21.1914807170933));
#4208=CARTESIAN_POINT('Ctrl Pts',(-47.8175798201913,-31.226032901707,20.7274595082293));
#4209=CARTESIAN_POINT('Ctrl Pts',(-46.2704495343112,-31.8789980236786,19.5341391744739));
#4210=CARTESIAN_POINT('Ctrl Pts',(-44.6663192985938,-32.2881300097908,18.0518256709828));
#4211=CARTESIAN_POINT('Ctrl Pts',(-42.8654364193245,-32.4263908318805,16.1570887213914));
#4212=CARTESIAN_POINT('Ctrl Pts',(-41.1838095868734,-31.9883508089312,14.1750965669181));
#4213=CARTESIAN_POINT('Ctrl Pts',(-40.1570264396504,-31.4198880728818,13.122732531367));
#4214=CARTESIAN_POINT('Ctrl Pts',(-49.6765552744164,-29.090034838331,21.294057265617));
#4215=CARTESIAN_POINT('Ctrl Pts',(-49.221495880402,-29.7676558140967,21.2546218963009));
#4216=CARTESIAN_POINT('Ctrl Pts',(-47.7859622076123,-31.2343362801695,20.7849946507242));
#4217=CARTESIAN_POINT('Ctrl Pts',(-46.2292312377731,-31.8814134254483,19.5829756342885));
#4218=CARTESIAN_POINT('Ctrl Pts',(-44.6205898337642,-32.2828831162,18.0946660143978));
#4219=CARTESIAN_POINT('Ctrl Pts',(-42.8193852479308,-32.4109482477006,16.1958165345775));
#4220=CARTESIAN_POINT('Ctrl Pts',(-41.144494909882,-31.9639491923067,14.2151770235567));
#4221=CARTESIAN_POINT('Ctrl Pts',(-40.125495210936,-31.3931835638032,13.1664478096319));
#4222=CARTESIAN_POINT('Ctrl Pts',(-49.6389530795095,-29.0710698033449,21.3873626272138));
#4223=CARTESIAN_POINT('Ctrl Pts',(-49.1801437184352,-29.7531218934278,21.3478122603922));
#4224=CARTESIAN_POINT('Ctrl Pts',(-47.7271185974291,-31.2281692862343,20.8696924631138));
#4225=CARTESIAN_POINT('Ctrl Pts',(-46.1620258754719,-31.866583979942,19.6542543433812));
#4226=CARTESIAN_POINT('Ctrl Pts',(-44.5517882494982,-32.2581185336821,18.1567652037218));
#4227=CARTESIAN_POINT('Ctrl Pts',(-42.755055228349,-32.3739733006867,16.251583417679));
#4228=CARTESIAN_POINT('Ctrl Pts',(-41.0920676154843,-31.917366391186,14.2726456877048));
#4229=CARTESIAN_POINT('Ctrl Pts',(-40.0853190491336,-31.3457139387285,13.2291071726953));
#4230=CARTESIAN_POINT('Ctrl Pts',(-49.5611248184154,-29.0254584269325,21.4856433325875));
#4231=CARTESIAN_POINT('Ctrl Pts',(-49.1006646483218,-29.7075438928424,21.4457757252666));
#4232=CARTESIAN_POINT('Ctrl Pts',(-47.6397486964677,-31.1828737754252,20.9591598002469));
#4233=CARTESIAN_POINT('Ctrl Pts',(-46.0759546697269,-31.8139385464606,19.731004615443));
#4234=CARTESIAN_POINT('Ctrl Pts',(-44.4717047901182,-32.1980475083443,18.2249382041828));
#4235=CARTESIAN_POINT('Ctrl Pts',(-42.6865104309426,-32.3058294158215,16.3142537340366));
#4236=CARTESIAN_POINT('Ctrl Pts',(-41.0394548715005,-31.8443419375273,14.3384147774847));
#4237=CARTESIAN_POINT('Ctrl Pts',(-40.0475647571999,-31.2749182924818,13.3015445617511));
#4238=CARTESIAN_POINT('Ctrl Pts',(-49.4409852967965,-28.9499548185777,21.5613427711542));
#4239=CARTESIAN_POINT('Ctrl Pts',(-48.9830669622962,-29.624815763902,21.5203726625615));
#4240=CARTESIAN_POINT('Ctrl Pts',(-47.5324415822379,-31.0868704540106,21.029352335822));
#4241=CARTESIAN_POINT('Ctrl Pts',(-45.9821439249701,-31.7147223201398,19.7967890285526));
#4242=CARTESIAN_POINT('Ctrl Pts',(-44.3914018496443,-32.0962923182421,18.2878450858786));
#4243=CARTESIAN_POINT('Ctrl Pts',(-42.6231521899875,-32.2029956146611,16.3767486184276));
#4244=CARTESIAN_POINT('Ctrl Pts',(-40.9934932158578,-31.7424022293267,14.4071191631814));
#4245=CARTESIAN_POINT('Ctrl Pts',(-40.0179684804232,-31.1789397702327,13.3792830982403));
#4246=CARTESIAN_POINT('Ctrl Pts',(-49.329345708737,-28.8756144115432,21.5693527715925));
#4247=CARTESIAN_POINT('Ctrl Pts',(-48.8784450575206,-29.5381011236595,21.5264692059401));
#4248=CARTESIAN_POINT('Ctrl Pts',(-47.4545504108461,-30.9759155719392,21.0393342354644));
#4249=CARTESIAN_POINT('Ctrl Pts',(-45.9229552067075,-31.6036690327377,19.8173942905801));
#4250=CARTESIAN_POINT('Ctrl Pts',(-44.3461601046603,-31.986679766049,18.3162583593939));
#4251=CARTESIAN_POINT('Ctrl Pts',(-42.5916965446802,-32.0981190029017,16.4136467083363));
#4252=CARTESIAN_POINT('Ctrl Pts',(-40.9729760180903,-31.6423650126392,14.4532332369246));
#4253=CARTESIAN_POINT('Ctrl Pts',(-40.0095147332485,-31.086493562704,13.4351495327478));
#4254=CARTESIAN_POINT('Ctrl Pts',(-49.2507642239309,-28.8213453928725,21.5460239132734));
#4255=CARTESIAN_POINT('Ctrl Pts',(-48.8073175468613,-29.4727917523192,21.501575210293));
#4256=CARTESIAN_POINT('Ctrl Pts',(-47.4092089394048,-30.8874683004146,21.020318225052));
#4257=CARTESIAN_POINT('Ctrl Pts',(-45.8930373616653,-31.5128010733487,19.8124690373901));
#4258=CARTESIAN_POINT('Ctrl Pts',(-44.3267061877553,-31.8953541723533,18.3224353036139));
#4259=CARTESIAN_POINT('Ctrl Pts',(-42.5812565187136,-32.0095058171076,16.4311791393918));
#4260=CARTESIAN_POINT('Ctrl Pts',(-40.9687472116213,-31.5575039652672,14.4810772382247));
#4261=CARTESIAN_POINT('Ctrl Pts',(-40.0133700397495,-31.0075613264835,13.4723515354743));
#4262=CARTESIAN_POINT('Ctrl Pts',(-49.2084320470876,-28.7915816216278,21.5255681515258));
#4263=CARTESIAN_POINT('Ctrl Pts',(-48.7696670875148,-29.4364231837286,21.4802142383944));
#4264=CARTESIAN_POINT('Ctrl Pts',(-47.3873507046155,-30.8370200207995,21.0029174168011));
#4265=CARTESIAN_POINT('Ctrl Pts',(-45.8802575128321,-31.4601432004039,19.8041888201888));
#4266=CARTESIAN_POINT('Ctrl Pts',(-44.3199102131571,-31.841780916198,18.3216050182472));
#4267=CARTESIAN_POINT('Ctrl Pts',(-42.5792832644781,-31.9568795770909,16.4379563729723));
#4268=CARTESIAN_POINT('Ctrl Pts',(-40.9698414765371,-31.5068428417468,14.494656450683));
#4269=CARTESIAN_POINT('Ctrl Pts',(-40.0187192303442,-30.9601184172226,13.4918377749409));
#4270=CARTESIAN_POINT('Ctrl Pts',(-49.1839379092217,-28.7740113263077,21.508534183806));
#4271=CARTESIAN_POINT('Ctrl Pts',(-48.7483738044928,-29.4146729754589,21.462738896527));
#4272=CARTESIAN_POINT('Ctrl Pts',(-47.3763548914577,-30.8059640499445,20.9880812301377));
#4273=CARTESIAN_POINT('Ctrl Pts',(-45.8750571717998,-31.4270885665958,19.7956422281641));
#4274=CARTESIAN_POINT('Ctrl Pts',(-44.3184326987911,-31.8075444347777,18.3183002351329));
#4275=CARTESIAN_POINT('Ctrl Pts',(-42.5806964570682,-31.9227634899156,16.4400426159783));
#4276=CARTESIAN_POINT('Ctrl Pts',(-40.9726554390062,-31.4733485263336,14.5015753779966));
#4277=CARTESIAN_POINT('Ctrl Pts',(-40.0241999048069,-30.9287321601498,13.5028881124398));
#4278=CARTESIAN_POINT('Ctrl Pts',(-49.1725905788253,-28.7657953488699,21.4995056963692));
#4279=CARTESIAN_POINT('Ctrl Pts',(-48.7385914843185,-29.4044043216097,21.4534670949307));
#4280=CARTESIAN_POINT('Ctrl Pts',(-47.3716314285291,-30.7911810720031,20.9801728896208));
#4281=CARTESIAN_POINT('Ctrl Pts',(-45.8731580668231,-31.4111867889824,19.7907923097273));
#4282=CARTESIAN_POINT('Ctrl Pts',(-44.3183544392408,-31.7909454154188,18.3160793342059));
#4283=CARTESIAN_POINT('Ctrl Pts',(-42.5819764000064,-31.9060254229151,16.4405348542155));
#4284=CARTESIAN_POINT('Ctrl Pts',(-40.9746611594117,-31.4569315784096,14.5045449296725));
#4285=CARTESIAN_POINT('Ctrl Pts',(-40.0273725225522,-30.9131685267698,13.5079364379477));
#4286=CARTESIAN_POINT('Ctrl Pts',(-40.1903551405685,-31.4422526322698,13.0795596464057));
#4287=CARTESIAN_POINT('Ctrl Pts',(-41.2243061236267,-32.0074801307533,14.1356507110157));
#4288=CARTESIAN_POINT('Ctrl Pts',(-42.2364562847809,-32.2641719196162,15.3257895287076));
#4289=CARTESIAN_POINT('Ctrl Pts',(-43.2887419980357,-32.3132506124648,16.4826418861507));
#4290=CARTESIAN_POINT('Ctrl Pts',(-43.9902658068723,-32.3459697410306,17.2538767911128));
#4291=CARTESIAN_POINT('Ctrl Pts',(-44.7096276388647,-32.2864163824789,18.0103177137422));
#4292=CARTESIAN_POINT('Ctrl Pts',(-45.4587161049945,-32.0910224594966,18.7027542148901));
#4293=CARTESIAN_POINT('Ctrl Pts',(-46.3073424236905,-31.8696648588214,19.4872007328507));
#4294=CARTESIAN_POINT('Ctrl Pts',(-47.2288144292034,-31.4746928402041,20.1984567047456));
#4295=CARTESIAN_POINT('Ctrl Pts',(-48.1029846436134,-30.7952011723832,20.648136668713));
#4296=CARTESIAN_POINT('Ctrl Pts',(-48.6857647865533,-30.3422067271692,20.9479233113579));
#4297=CARTESIAN_POINT('Ctrl Pts',(-49.2475219112254,-29.7627591045314,21.1314539504795));
#4298=CARTESIAN_POINT('Ctrl Pts',(-49.6957539739128,-29.0946368010338,21.1706237093598));
#4299=CARTESIAN_POINT('Origin',(-43.777775,-24.5561303623527,18.6));
#4300=CARTESIAN_POINT('',(-49.5085703457585,-29.4348706590145,18.6));
#4301=CARTESIAN_POINT('',(-50.0532093807735,-28.5962000910691,18.6));
#4302=CARTESIAN_POINT('Origin',(-43.777775,-25.117067,18.6));
#4303=CARTESIAN_POINT('',(-52.4368001969618,-30.1441220661776,18.6));
#4304=CARTESIAN_POINT('',(-48.1153370778976,-27.3377311029344,18.6));
#4305=CARTESIAN_POINT('',(-51.8921611619467,-30.982792634123,18.6));
#4306=CARTESIAN_POINT('',(-52.1564312000375,-30.5758524614811,18.6));
#4307=CARTESIAN_POINT('',(-46.8166170702709,-27.6866957613799,18.6));
#4308=CARTESIAN_POINT('Origin',(-47.7618118296351,-17.912970875577,1.90182765810152));
#4309=CARTESIAN_POINT('Ctrl Pts',(-47.4155793043976,-18.6263279339017,3.4));
#4310=CARTESIAN_POINT('Ctrl Pts',(-47.2965103936432,-18.6658573694725,8.71059569360157));
#4311=CARTESIAN_POINT('Ctrl Pts',(-47.1793740002482,-18.7062472170147,13.9));
#4312=CARTESIAN_POINT('',(-48.5779736906555,-16.079011419603,1.92116598913082));
#4313=CARTESIAN_POINT('Origin',(-48.3870965570586,-15.9936579478841,1.90182765810152));
#4314=CARTESIAN_POINT('',(-47.2823377813332,-15.5020241102527,1.91420324400275));
#4315=CARTESIAN_POINT('Origin',(-47.1970459047089,-15.6930617045568,1.90182765810152));
#4316=CARTESIAN_POINT('Ctrl Pts',(-46.2658285471678,-18.2995105759701,13.9));
#4317=CARTESIAN_POINT('Ctrl Pts',(-46.2174645074318,-18.1854351881674,8.71059569362414));
#4318=CARTESIAN_POINT('Ctrl Pts',(-46.1671679504785,-18.0704993880721,3.4));
#4319=CARTESIAN_POINT('Origin',(-36.5869896473391,-29.1032356026853,1.90063968036494));
#4320=CARTESIAN_POINT('Ctrl Pts',(-37.2564242925887,-28.6997055154266,3.40000000000526));
#4321=CARTESIAN_POINT('Ctrl Pts',(-37.2877101382866,-28.7075688818146,4.75400623615012));
#4322=CARTESIAN_POINT('Ctrl Pts',(-37.3189198117581,-28.715314953214,6.10000000008711));
#4323=CARTESIAN_POINT('',(-35.4369511814784,-29.8502508141682,1.9088797758518));
#4324=CARTESIAN_POINT('Origin',(-35.4765465757234,-29.9117661251742,1.8919134771463));
#4325=CARTESIAN_POINT('',(-36.0612420107752,-30.8117975375375,1.90191703072374));
#4326=CARTESIAN_POINT('Origin',(-35.7033109389759,-31.0442672786157,1.90063968036494));
#4327=CARTESIAN_POINT('Ctrl Pts',(-37.8635588494914,-29.5539855253452,6.10000000008711));
#4328=CARTESIAN_POINT('Ctrl Pts',(-37.8579411200137,-29.5856475918572,4.75400623616575));
#4329=CARTESIAN_POINT('Ctrl Pts',(-37.852399562804,-29.617426953332,3.39999999997531));
#4330=CARTESIAN_POINT('Origin',(-43.777775,-25.117067,-5.55111512312578E-15));
#4331=CARTESIAN_POINT('',(-51.277775,-25.117067,-5.55111512312578E-15));
#4332=CARTESIAN_POINT('Ctrl Pts',(-50.0532093920822,-28.5962000706419,18.6000000008131));
#4333=CARTESIAN_POINT('Ctrl Pts',(-50.2262754090028,-28.5530566217183,11.1270029195718));
#4334=CARTESIAN_POINT('Ctrl Pts',(-50.4017561856613,-28.5061947688039,3.4));
#4335=CARTESIAN_POINT('Ctrl Pts',(-49.5681131498143,-29.7898924720327,3.4));
#4336=CARTESIAN_POINT('Ctrl Pts',(-49.5395491206584,-29.6105223728694,11.1270029195971));
#4337=CARTESIAN_POINT('Ctrl Pts',(-49.508570331697,-29.434870677654,18.6000000008131));
#4338=CARTESIAN_POINT('Origin',(-50.2252613319608,-30.2478157222991,1.90254349109161));
#4339=CARTESIAN_POINT('',(-51.9777515895994,-31.3854639371409,1.92331272520947));
#4340=CARTESIAN_POINT('Origin',(-52.1365960691225,-31.1415305188855,1.90254349109161));
#4341=CARTESIAN_POINT('',(-52.8396396207451,-30.0584959033531,1.91634998008141));
#4342=CARTESIAN_POINT('Origin',(-52.5955380817242,-29.8996871590018,1.90254349109161));
#4343=CARTESIAN_POINT('Origin',(-42.1032305038694,-27.6257932021578,-4.44007615240329));
#4344=CARTESIAN_POINT('',(-40.0452274043155,-28.1345194043155,-3.94015230480657));
#4345=CARTESIAN_POINT('',(-42.1032305038694,-28.1345194043155,-3.94015230480657));
#4346=CARTESIAN_POINT('',(-40.027775,-27.117067,-4.94));
#4347=CARTESIAN_POINT('',(-40.0398078246473,-27.8185650181194,-4.2506398160499));
#4348=CARTESIAN_POINT('',(-42.1032305038694,-27.117067,-4.94));
#4349=CARTESIAN_POINT('Origin',(-43.9286860077389,-24.042799582235,-4.94));
#4350=CARTESIAN_POINT('',(-40.027775,-23.117067,-4.94));
#4351=CARTESIAN_POINT('',(-40.027775,-23.0799332911175,-4.94));
#4352=CARTESIAN_POINT('',(-41.3532305038694,-23.117067,-4.94));
#4353=CARTESIAN_POINT('Origin',(-41.3532305038694,-22.6083407978423,-4.44007615240329));
#4354=CARTESIAN_POINT('',(-40.0452274043155,-22.0996145956845,-3.94015230480657));
#4355=CARTESIAN_POINT('',(-40.0659263944945,-20.8928906175628,-2.75430795165341));
#4356=CARTESIAN_POINT('',(-41.3532305038694,-22.0996145956845,-3.94015230480657));
#4357=CARTESIAN_POINT('Ctrl Pts',(-48.6633289918996,-22.8882785412718,18.6409494991981));
#4358=CARTESIAN_POINT('Ctrl Pts',(-48.7983307730367,-22.8672859606761,18.6938363812459));
#4359=CARTESIAN_POINT('Ctrl Pts',(-48.9329986499617,-22.8465716186568,18.7451238080069));
#4360=CARTESIAN_POINT('Ctrl Pts',(-49.0672910127927,-22.8261320309018,18.7948324083641));
#4361=CARTESIAN_POINT('Ctrl Pts',(-48.760424001092,-23.3935147759224,18.8306144444112));
#4362=CARTESIAN_POINT('Ctrl Pts',(-48.8957779777389,-23.3730200395133,18.8850502582693));
#4363=CARTESIAN_POINT('Ctrl Pts',(-49.0307842193698,-23.3528194914191,18.937827978761));
#4364=CARTESIAN_POINT('Ctrl Pts',(-49.1654017418368,-23.3329075689162,18.9889726212807));
#4365=CARTESIAN_POINT('Ctrl Pts',(-48.8586589398431,-23.8971561940383,19.0244465807121));
#4366=CARTESIAN_POINT('Ctrl Pts',(-48.9943527831169,-23.8771392660107,19.0803915699164));
#4367=CARTESIAN_POINT('Ctrl Pts',(-49.1296841443758,-23.8574323086384,19.1346182965339));
#4368=CARTESIAN_POINT('Ctrl Pts',(-49.2646127791205,-23.8380276340164,19.1871564730783));
#4369=CARTESIAN_POINT('Ctrl Pts',(-48.9587890180431,-24.4000373659233,19.2228080005273));
#4370=CARTESIAN_POINT('Ctrl Pts',(-49.0947975619282,-24.3804694928418,19.280209548922));
#4371=CARTESIAN_POINT('Ctrl Pts',(-49.230428013383,-24.361227388709,19.3358320154211));
#4372=CARTESIAN_POINT('Ctrl Pts',(-49.3656409975899,-24.3423011990426,19.3897100099879));
#4373=CARTESIAN_POINT('Origin',(-46.3532305038694,-27.6257932021578,-4.44007615240329));
#4374=CARTESIAN_POINT('',(-47.5103225956845,-28.1345194043155,-3.94015230480657));
#4375=CARTESIAN_POINT('',(-47.527775,-27.117067,-4.94));
#4376=CARTESIAN_POINT('',(-47.4896348980669,-29.3405850409177,-2.75495490206425));
#4377=CARTESIAN_POINT('',(-46.3532305038694,-28.1345194043155,-3.94015230480657));
#4378=CARTESIAN_POINT('',(-46.3532305038694,-27.117067,-4.94));
#4379=CARTESIAN_POINT('Origin',(-43.9286860077389,-24.042799582235,-4.94));
#4380=CARTESIAN_POINT('',(-47.527775,-23.117067,-4.94));
#4381=CARTESIAN_POINT('',(-45.6032305038694,-23.117067,-4.94));
#4382=CARTESIAN_POINT('',(-47.527775,-26.0799332911175,-4.94));
#4383=CARTESIAN_POINT('Origin',(-45.6032305038694,-22.6083407978423,-4.44007615240329));
#4384=CARTESIAN_POINT('',(-47.5103225956845,-22.0996145956845,-3.94015230480657));
#4385=CARTESIAN_POINT('',(-45.6032305038694,-22.0996145956845,-3.94015230480657));
#4386=CARTESIAN_POINT('',(-47.5157534679141,-22.4162273234002,-4.25128676646075));
#4387=CARTESIAN_POINT('Origin',(-47.277775,-21.9976925420911,1.89895823488824));
#4388=CARTESIAN_POINT('',(-47.1337371871736,-21.7230291871737,17.634411299483));
#4389=CARTESIAN_POINT('Ctrl Pts',(-47.1337439962403,-21.7230052815528,17.6344009897806));
#4390=CARTESIAN_POINT('Ctrl Pts',(-47.4076568633624,-21.7207798231552,17.7622574647807));
#4391=CARTESIAN_POINT('Ctrl Pts',(-47.6834689472015,-21.7186220681453,17.8863446129825));
#4392=CARTESIAN_POINT('Ctrl Pts',(-47.9610193872436,-21.7165337463022,18.006281219164));
#4393=CARTESIAN_POINT('Ctrl Pts',(-48.082001859047,-21.7156234600909,18.0585608230924));
#4394=CARTESIAN_POINT('Ctrl Pts',(-48.203314067945,-21.7147262687152,18.1100514898623));
#4395=CARTESIAN_POINT('Ctrl Pts',(-48.3249399275695,-21.7138418378341,18.1607202355733));
#4396=CARTESIAN_POINT('',(-47.409312310386,-21.998604310386,1.84672306425561));
#4397=CARTESIAN_POINT('Origin',(-38.777775,-21.9976925420911,1.89895823488824));
#4398=CARTESIAN_POINT('',(-40.146922800542,-21.9979191994581,1.88597304303264));
#4399=CARTESIAN_POINT('Ctrl Pts',(-38.8167637947424,-21.808084708657,12.7631809444268));
#4400=CARTESIAN_POINT('Ctrl Pts',(-38.8002728886102,-21.8082461475244,12.753830485784));
#4401=CARTESIAN_POINT('Ctrl Pts',(-38.783942308067,-21.8084094011123,12.7441632279909));
#4402=CARTESIAN_POINT('Ctrl Pts',(-38.7677885929226,-21.8085781216307,12.7341946475956));
#4403=CARTESIAN_POINT('Ctrl Pts',(-38.7516348777783,-21.8087468421491,12.7242260672004));
#4404=CARTESIAN_POINT('Ctrl Pts',(-38.7356580005218,-21.8089209978491,12.713956158825));
#4405=CARTESIAN_POINT('Ctrl Pts',(-38.7198738162827,-21.8091013984485,12.7033977845574));
#4406=CARTESIAN_POINT('Origin',(-40.1471494579089,-22.117067,1.89895823488824));
#4407=CARTESIAN_POINT('',(-40.3424335544939,-28.4317255544939,13.0867766353388));
#4408=CARTESIAN_POINT('',(-40.146237689614,-28.235529689614,1.84672306425561));
#4409=CARTESIAN_POINT('',(-40.3472165158378,-25.7804602375029,13.3607923072641));
#4410=CARTESIAN_POINT('Ctrl Pts',(-40.3424335544939,-28.4317255544939,13.0867766353388));
#4411=CARTESIAN_POINT('Ctrl Pts',(-40.3440780882514,-27.5707811106535,13.1809919112073));
#4412=CARTESIAN_POINT('Ctrl Pts',(-40.3457369267177,-26.6581036039232,13.276026703291));
#4413=CARTESIAN_POINT('Ctrl Pts',(-40.3472165158387,-25.780460237503,13.3607923072655));
#4414=CARTESIAN_POINT('',(-40.1796340627531,-25.6128777844173,3.76));
#4415=CARTESIAN_POINT('',(-40.1651333282992,-25.5983770499634,2.92925347951879));
#4416=CARTESIAN_POINT('',(-40.1796340627531,-24.6212562155828,3.76));
#4417=CARTESIAN_POINT('',(-40.1796340627531,-23.617067,3.76));
#4418=CARTESIAN_POINT('',(-40.1653999741935,-24.6354903041423,2.94452961257491));
#4419=CARTESIAN_POINT('Origin',(-40.277775,-28.236441457909,1.89895823488824));
#4420=CARTESIAN_POINT('Ctrl Pts',(-38.7387771477234,-28.4061029342876,11.6188577068373));
#4421=CARTESIAN_POINT('Ctrl Pts',(-39.2112711860545,-28.4132031687802,12.0256298684881));
#4422=CARTESIAN_POINT('Ctrl Pts',(-39.7240914839755,-28.4213998143687,12.495215379757));
#4423=CARTESIAN_POINT('Ctrl Pts',(-40.3424335544939,-28.4317255544939,13.0867766353388));
#4424=CARTESIAN_POINT('Ctrl Pts',(-37.9768122981069,-23.5162280043925,12.0224434431657));
#4425=CARTESIAN_POINT('Ctrl Pts',(-38.1407407912822,-22.984577825744,12.2134529918704));
#4426=CARTESIAN_POINT('Ctrl Pts',(-38.3763495790306,-22.4816904808047,12.4268170870206));
#4427=CARTESIAN_POINT('Ctrl Pts',(-38.8885286221514,-21.6860202324737,12.8207995957959));
#4428=CARTESIAN_POINT('Ctrl Pts',(-39.138532462376,-21.3730914212273,12.9957344759275));
#4429=CARTESIAN_POINT('Ctrl Pts',(-40.3925638743557,-20.0842378627251,13.8178108784122));
#4430=CARTESIAN_POINT('Ctrl Pts',(-41.7065962703188,-19.4620221610852,14.532674631546));
#4431=CARTESIAN_POINT('Ctrl Pts',(-43.0827935929376,-19.3290263346524,15.2228064919227));
#4432=CARTESIAN_POINT('Ctrl Pts',(-37.8992905867989,-23.4760611388,11.9844000210153));
#4433=CARTESIAN_POINT('Ctrl Pts',(-38.0658312330631,-22.9364389576147,12.1785218098348));
#4434=CARTESIAN_POINT('Ctrl Pts',(-38.305276346364,-22.4264290835377,12.3946729347635));
#4435=CARTESIAN_POINT('Ctrl Pts',(-38.8256425755326,-21.6198150502833,12.7930636059193));
#4436=CARTESIAN_POINT('Ctrl Pts',(-39.0795846463619,-21.3026737875481,12.9697810269099));
#4437=CARTESIAN_POINT('Ctrl Pts',(-40.3531049917866,-19.9969631024107,13.799668494753));
#4438=CARTESIAN_POINT('Ctrl Pts',(-41.6858501281619,-19.3677491038602,14.5200804091182));
#4439=CARTESIAN_POINT('Ctrl Pts',(-43.0819916822066,-19.2341589563119,15.214449922617));
#4440=CARTESIAN_POINT('Ctrl Pts',(-37.7520136641457,-23.3876372412596,11.879773983427));
#4441=CARTESIAN_POINT('Ctrl Pts',(-37.9238208029614,-22.8313271720529,12.0793451839862));
#4442=CARTESIAN_POINT('Ctrl Pts',(-38.1712343672026,-22.3064379971055,12.3004509101527));
#4443=CARTESIAN_POINT('Ctrl Pts',(-38.7087458735762,-21.4769719615794,12.7067354318285));
#4444=CARTESIAN_POINT('Ctrl Pts',(-38.9710318482527,-21.1510311057128,12.8866910139168));
#4445=CARTESIAN_POINT('Ctrl Pts',(-40.2857657704971,-19.810074840101,13.7307880976639));
#4446=CARTESIAN_POINT('Ctrl Pts',(-41.6584428480225,-19.1662694166503,14.4613724264434));
#4447=CARTESIAN_POINT('Ctrl Pts',(-43.097024560727,-19.0325114203458,15.1635531045318));
#4448=CARTESIAN_POINT('Ctrl Pts',(-37.5688990020669,-23.223882299244,11.605980180171));
#4449=CARTESIAN_POINT('Ctrl Pts',(-37.7518890112364,-22.6413248182597,11.8107816074817));
#4450=CARTESIAN_POINT('Ctrl Pts',(-38.0148658033836,-22.0938798509358,12.0364919088567));
#4451=CARTESIAN_POINT('Ctrl Pts',(-38.5846674995928,-21.2311913945492,12.4500270773192));
#4452=CARTESIAN_POINT('Ctrl Pts',(-38.8622713831586,-20.8929072284139,12.6328908958632));
#4453=CARTESIAN_POINT('Ctrl Pts',(-40.2520163257106,-19.5044771606548,13.4897594252825));
#4454=CARTESIAN_POINT('Ctrl Pts',(-41.6932122984353,-18.8486237578415,14.2273175996836));
#4455=CARTESIAN_POINT('Ctrl Pts',(-43.1972694434492,-18.7271265881388,14.9330918520635));
#4456=CARTESIAN_POINT('Ctrl Pts',(-37.5367856177371,-23.1235193753108,11.3666405144951));
#4457=CARTESIAN_POINT('Ctrl Pts',(-37.7299070683029,-22.5305990678758,11.5728054622887));
#4458=CARTESIAN_POINT('Ctrl Pts',(-38.0048820596795,-21.976271456367,11.7995580161563));
#4459=CARTESIAN_POINT('Ctrl Pts',(-38.5965510546114,-21.1061866758528,12.2144959294346));
#4460=CARTESIAN_POINT('Ctrl Pts',(-38.8838728768786,-20.7661914239393,12.3978728156006));
#4461=CARTESIAN_POINT('Ctrl Pts',(-40.3179628373577,-19.3756520507603,13.2566113590119));
#4462=CARTESIAN_POINT('Ctrl Pts',(-41.7907238236975,-18.7368969585102,13.9924361798085));
#4463=CARTESIAN_POINT('Ctrl Pts',(-43.3131306237842,-18.6400021764761,14.6945939152618));
#4464=CARTESIAN_POINT('Ctrl Pts',(-37.5494345881565,-23.077346572604,11.2320439354047));
#4465=CARTESIAN_POINT('Ctrl Pts',(-37.7481866710494,-22.4820893687877,11.4395427608912));
#4466=CARTESIAN_POINT('Ctrl Pts',(-38.0291085359037,-21.9273955457997,11.667397486991));
#4467=CARTESIAN_POINT('Ctrl Pts',(-38.6307413952813,-21.0589644835424,12.0840014987422));
#4468=CARTESIAN_POINT('Ctrl Pts',(-38.922138903059,-20.7203843376582,12.2680141617622));
#4469=CARTESIAN_POINT('Ctrl Pts',(-40.3740352388994,-19.3388051568753,13.1294831451104));
#4470=CARTESIAN_POINT('Ctrl Pts',(-41.8551646877415,-18.715584654053,13.8657548691164));
#4471=CARTESIAN_POINT('Ctrl Pts',(-43.3772201076983,-18.6338123510191,14.567069849385));
#4472=CARTESIAN_POINT('Ctrl Pts',(-43.0956012497821,-18.655083087011,14.4367271601119));
#4473=CARTESIAN_POINT('Ctrl Pts',(-43.0939591556086,-18.6569076572781,14.5308026723106));
#4474=CARTESIAN_POINT('Ctrl Pts',(-43.092327789435,-18.6731803533922,14.6242635707074));
#4475=CARTESIAN_POINT('Ctrl Pts',(-43.089122221028,-18.7373663821783,14.8079104617486));
#4476=CARTESIAN_POINT('Ctrl Pts',(-43.0875786949315,-18.7870349578247,14.8963390194046));
#4477=CARTESIAN_POINT('Ctrl Pts',(-43.0849925555569,-18.9134826576469,15.0444988449505));
#4478=CARTESIAN_POINT('Ctrl Pts',(-43.0839492429996,-18.9873654799169,15.1042701815317));
#4479=CARTESIAN_POINT('Ctrl Pts',(-43.0824634965473,-19.1514967653138,15.1893885387803));
#4480=CARTESIAN_POINT('Ctrl Pts',(-43.082018878961,-19.2388523232556,15.2148606633085));
#4481=CARTESIAN_POINT('Ctrl Pts',(-43.0818881101174,-19.3291139109842,15.22235240534));
#4482=CARTESIAN_POINT('Ctrl Pts',(-37.9768122981069,-23.5162280043925,12.0224434431657));
#4483=CARTESIAN_POINT('Ctrl Pts',(-37.8992905867989,-23.4760611388,11.9844000210153));
#4484=CARTESIAN_POINT('Ctrl Pts',(-37.7520136641457,-23.3876372412596,11.879773983427));
#4485=CARTESIAN_POINT('Ctrl Pts',(-37.5688990020669,-23.223882299244,11.605980180171));
#4486=CARTESIAN_POINT('Ctrl Pts',(-37.5367856177371,-23.1235193753108,11.3666405144951));
#4487=CARTESIAN_POINT('Ctrl Pts',(-37.5494345881565,-23.077346572604,11.2320439354047));
#4488=CARTESIAN_POINT('Ctrl Pts',(-37.7661792084848,-24.462241440632,11.7171355942957));
#4489=CARTESIAN_POINT('Ctrl Pts',(-37.8112786405554,-24.1398385365497,11.8093390610099));
#4490=CARTESIAN_POINT('Ctrl Pts',(-37.8821407381211,-23.8232652424253,11.9121321019352));
#4491=CARTESIAN_POINT('Ctrl Pts',(-37.9768122981069,-23.5162280043925,12.0224434431657));
#4492=CARTESIAN_POINT('Ctrl Pts',(-37.6047582852148,-24.4114524472234,11.6297002306404));
#4493=CARTESIAN_POINT('Ctrl Pts',(-37.6509832902393,-24.0785609302564,11.7259877658536));
#4494=CARTESIAN_POINT('Ctrl Pts',(-37.7241375227252,-23.7521172117769,11.8323167075883));
#4495=CARTESIAN_POINT('Ctrl Pts',(-37.8217688754908,-23.4358942732075,11.9463565988648));
#4496=CARTESIAN_POINT('Ctrl Pts',(-37.3527276180832,-24.2970392950195,11.374163580049));
#4497=CARTESIAN_POINT('Ctrl Pts',(-37.4008966400303,-23.9439155818169,11.4748272123949));
#4498=CARTESIAN_POINT('Ctrl Pts',(-37.4778459010315,-23.59867512716,11.5858879629011));
#4499=CARTESIAN_POINT('Ctrl Pts',(-37.5811542682277,-23.2646629692029,11.703940015284));
#4500=CARTESIAN_POINT('Ctrl Pts',(-37.2867503030803,-24.1862944792972,11.0334207510422));
#4501=CARTESIAN_POINT('Ctrl Pts',(-37.340864350618,-23.821139314603,11.1353707145639));
#4502=CARTESIAN_POINT('Ctrl Pts',(-37.4252451869577,-23.4660109432481,11.2476317751892));
#4503=CARTESIAN_POINT('Ctrl Pts',(-37.5367856177371,-23.1235193753108,11.3666405144951));
#4504=CARTESIAN_POINT('Ctrl Pts',(-37.2903010323588,-24.1463884110417,10.8962964960641));
#4505=CARTESIAN_POINT('Ctrl Pts',(-37.3471758056283,-23.7784087932553,10.9992108502447));
#4506=CARTESIAN_POINT('Ctrl Pts',(-37.4346517985789,-23.4211179755282,11.1122097496355));
#4507=CARTESIAN_POINT('Ctrl Pts',(-37.5494345881565,-23.077346572604,11.2320439354047));
#4508=CARTESIAN_POINT('Ctrl Pts',(-37.2903010323588,-24.1463884110417,10.8962964960641));
#4509=CARTESIAN_POINT('Ctrl Pts',(-37.2867503030803,-24.1862944792972,11.0334207510422));
#4510=CARTESIAN_POINT('Ctrl Pts',(-37.3527276180832,-24.2970392950195,11.374163580049));
#4511=CARTESIAN_POINT('Ctrl Pts',(-37.6047582852148,-24.4114524472234,11.6297002306404));
#4512=CARTESIAN_POINT('Ctrl Pts',(-37.7661792084848,-24.462241440632,11.7171355942957));
#4513=CARTESIAN_POINT('Ctrl Pts',(-37.7311636798833,-24.7695066053996,11.6330323051832));
#4514=CARTESIAN_POINT('Ctrl Pts',(-37.7402287025868,-24.6666008099493,11.6599141487856));
#4515=CARTESIAN_POINT('Ctrl Pts',(-37.7519192672986,-24.5641322012754,11.6879918395917));
#4516=CARTESIAN_POINT('Ctrl Pts',(-37.7661792084848,-24.462241440632,11.7171355942957));
#4517=CARTESIAN_POINT('Ctrl Pts',(-37.5892326197285,-24.7339876427998,11.5532090301505));
#4518=CARTESIAN_POINT('Ctrl Pts',(-37.5984292612302,-24.6280564011536,11.5812343015469));
#4519=CARTESIAN_POINT('Ctrl Pts',(-37.6103565978398,-24.522585447764,11.6103619092593));
#4520=CARTESIAN_POINT('Ctrl Pts',(-37.6249359006236,-24.4178010713994,11.6406296510973));
#4521=CARTESIAN_POINT('Ctrl Pts',(-37.3303216263359,-24.6422435851047,11.307105259712));
#4522=CARTESIAN_POINT('Ctrl Pts',(-37.3396730621402,-24.5297024074956,11.3366752896065));
#4523=CARTESIAN_POINT('Ctrl Pts',(-37.351938648887,-24.4177861265157,11.3674462573474));
#4524=CARTESIAN_POINT('Ctrl Pts',(-37.3670921292021,-24.3066611217465,11.3992381475329));
#4525=CARTESIAN_POINT('Ctrl Pts',(-37.2444198130714,-24.5413940953497,10.9629117104697));
#4526=CARTESIAN_POINT('Ctrl Pts',(-37.2552258196599,-24.4243257654863,10.9928993458839));
#4527=CARTESIAN_POINT('Ctrl Pts',(-37.2692180904746,-24.3082068355228,11.0240902517734));
#4528=CARTESIAN_POINT('Ctrl Pts',(-37.2861585148673,-24.1929454906731,11.0562747935385));
#4529=CARTESIAN_POINT('Ctrl Pts',(-37.2456750886853,-24.4983392699056,10.8019071016322));
#4530=CARTESIAN_POINT('Ctrl Pts',(-37.2574134263738,-24.3800310713189,10.8322526408132));
#4531=CARTESIAN_POINT('Ctrl Pts',(-37.2723272501866,-24.2626778119048,10.8637653317368));
#4532=CARTESIAN_POINT('Ctrl Pts',(-37.2903010323588,-24.1463884110417,10.8962964960641));
#4533=CARTESIAN_POINT('Ctrl Pts',(-39.4464323834168,-29.3920385069874,12.0887363995793));
#4534=CARTESIAN_POINT('Ctrl Pts',(-39.1933169531845,-29.1584441475578,11.881014437722));
#4535=CARTESIAN_POINT('Ctrl Pts',(-38.6280490081176,-28.5311683639871,11.4741153760313));
#4536=CARTESIAN_POINT('Ctrl Pts',(-38.1888694148421,-27.6883900399572,11.3150125014421));
#4537=CARTESIAN_POINT('Ctrl Pts',(-38.0124358807497,-27.166151566245,11.3025253002107));
#4538=CARTESIAN_POINT('Ctrl Pts',(-39.3923008178584,-29.5303142313289,12.0130569740675));
#4539=CARTESIAN_POINT('Ctrl Pts',(-39.1311987957471,-29.2897751888585,11.7982339882314));
#4540=CARTESIAN_POINT('Ctrl Pts',(-38.5423746088832,-28.6404844613347,11.3748203787712));
#4541=CARTESIAN_POINT('Ctrl Pts',(-38.0763786109122,-27.7589808402374,11.2113885972917));
#4542=CARTESIAN_POINT('Ctrl Pts',(-37.8896106074844,-27.2150080571257,11.2010128708048));
#4543=CARTESIAN_POINT('Ctrl Pts',(-39.3352460176093,-29.8151370935876,11.791823441134));
#4544=CARTESIAN_POINT('Ctrl Pts',(-39.0540786835077,-29.5576480111631,11.5644100464558));
#4545=CARTESIAN_POINT('Ctrl Pts',(-38.4097190501124,-28.8583283074282,11.1103785626771));
#4546=CARTESIAN_POINT('Ctrl Pts',(-37.8851286860852,-27.8947588903395,10.9353595603823));
#4547=CARTESIAN_POINT('Ctrl Pts',(-37.6753116766487,-27.3043790327193,10.9263115037426));
#4548=CARTESIAN_POINT('Ctrl Pts',(-39.4207185510122,-30.0075615723779,11.4935100904658));
#4549=CARTESIAN_POINT('Ctrl Pts',(-39.1157334477855,-29.7410793946748,11.2565395943267));
#4550=CARTESIAN_POINT('Ctrl Pts',(-38.4089321513829,-29.0085106323438,10.7767888430006));
#4551=CARTESIAN_POINT('Ctrl Pts',(-37.8297993044767,-27.9753050594809,10.5877261042689));
#4552=CARTESIAN_POINT('Ctrl Pts',(-37.6023223346076,-27.3456582831211,10.5765392585081));
#4553=CARTESIAN_POINT('Ctrl Pts',(-39.4866814833169,-30.067981792223,11.3528826878253));
#4554=CARTESIAN_POINT('Ctrl Pts',(-39.171736198347,-29.8006031951357,11.1107451564233));
#4555=CARTESIAN_POINT('Ctrl Pts',(-38.4376327049716,-29.0591391053449,10.617554029781));
#4556=CARTESIAN_POINT('Ctrl Pts',(-37.8355141655172,-27.9977320285227,10.4218389451658));
#4557=CARTESIAN_POINT('Ctrl Pts',(-37.6018444210253,-27.352876441812,10.4100296564982));
#4558=CARTESIAN_POINT('',(-39.4464323834168,-29.3920385069874,12.0887363995793));
#4559=CARTESIAN_POINT('Ctrl Pts',(-38.0124358807497,-27.166151566245,11.3025253002107));
#4560=CARTESIAN_POINT('Ctrl Pts',(-38.1888694148421,-27.6883900399572,11.3150125014421));
#4561=CARTESIAN_POINT('Ctrl Pts',(-38.6280490081176,-28.5311683639871,11.4741153760313));
#4562=CARTESIAN_POINT('Ctrl Pts',(-39.1933169531845,-29.1584441475578,11.881014437722));
#4563=CARTESIAN_POINT('Ctrl Pts',(-39.4464323834168,-29.3920385069874,12.0887363995793));
#4564=CARTESIAN_POINT('Ctrl Pts',(-39.4866814833169,-30.067981792223,11.3528826878253));
#4565=CARTESIAN_POINT('Ctrl Pts',(-39.4207185510122,-30.0075615723779,11.4935100904658));
#4566=CARTESIAN_POINT('Ctrl Pts',(-39.3352460176093,-29.8151370935876,11.791823441134));
#4567=CARTESIAN_POINT('Ctrl Pts',(-39.3923008178584,-29.5303142313289,12.0130569740675));
#4568=CARTESIAN_POINT('Ctrl Pts',(-39.4464323834168,-29.3920385069874,12.0887363995793));
#4569=CARTESIAN_POINT('Ctrl Pts',(-40.441526758379,-30.1173164544477,13.0042711803834));
#4570=CARTESIAN_POINT('Ctrl Pts',(-40.1011404311577,-29.9241473922416,12.6643056661908));
#4571=CARTESIAN_POINT('Ctrl Pts',(-39.7655109709832,-29.6867444157331,12.3505526174364));
#4572=CARTESIAN_POINT('Ctrl Pts',(-39.4464323834168,-29.3920385069874,12.0887363995793));
#4573=CARTESIAN_POINT('Ctrl Pts',(-40.4059526988565,-30.2955867155041,12.9473907843729));
#4574=CARTESIAN_POINT('Ctrl Pts',(-40.0596434422773,-30.0982777712891,12.5978197944333));
#4575=CARTESIAN_POINT('Ctrl Pts',(-39.7151236375972,-29.8547915409479,12.2742402869948));
#4576=CARTESIAN_POINT('Ctrl Pts',(-39.3845677370643,-29.5500679062348,12.0022456275658));
#4577=CARTESIAN_POINT('Ctrl Pts',(-40.4215212251223,-30.6298008357983,12.7588109132349));
#4578=CARTESIAN_POINT('Ctrl Pts',(-40.0578175361658,-30.4197795730176,12.3965726975196));
#4579=CARTESIAN_POINT('Ctrl Pts',(-39.6933390199519,-30.1613710878801,12.0573348102135));
#4580=CARTESIAN_POINT('Ctrl Pts',(-39.3365280868593,-29.8350670956023,11.7700125729151));
#4581=CARTESIAN_POINT('Ctrl Pts',(-40.5915536929825,-30.8198863220871,12.4910019738546));
#4582=CARTESIAN_POINT('Ctrl Pts',(-40.2062538709897,-30.6118305984281,12.1221409766413));
#4583=CARTESIAN_POINT('Ctrl Pts',(-39.8163848418985,-30.3521561911133,11.7727407267481));
#4584=CARTESIAN_POINT('Ctrl Pts',(-39.4301418270557,-30.0161930323558,11.4734204615171));
#4585=CARTESIAN_POINT('Ctrl Pts',(-40.6742970525665,-30.8666643570375,12.3843552900982));
#4586=CARTESIAN_POINT('Ctrl Pts',(-40.2824542256268,-30.6625472939278,12.0118347044705));
#4587=CARTESIAN_POINT('Ctrl Pts',(-39.8835922642158,-30.4049524526701,11.657779820181));
#4588=CARTESIAN_POINT('Ctrl Pts',(-39.4866814833169,-30.067981792223,11.3528826878253));
#4589=CARTESIAN_POINT('',(-40.441526758379,-30.1173164544477,13.0042711803834));
#4590=CARTESIAN_POINT('Ctrl Pts',(-40.6742970525665,-30.8666643570375,12.3843552900982));
#4591=CARTESIAN_POINT('Ctrl Pts',(-40.5915536929825,-30.8198863220871,12.4910019738546));
#4592=CARTESIAN_POINT('Ctrl Pts',(-40.4215212251223,-30.6298008357983,12.7588109132349));
#4593=CARTESIAN_POINT('Ctrl Pts',(-40.4059526988565,-30.2955867155041,12.9473907843729));
#4594=CARTESIAN_POINT('Ctrl Pts',(-40.441526758379,-30.1173164544477,13.0042711803834));
#4595=CARTESIAN_POINT('Ctrl Pts',(-39.4464323834168,-29.3920385069874,12.0887363995793));
#4596=CARTESIAN_POINT('Ctrl Pts',(-39.7655109709832,-29.6867444157331,12.3505526174364));
#4597=CARTESIAN_POINT('Ctrl Pts',(-40.1011404311577,-29.9241473922416,12.6643056661908));
#4598=CARTESIAN_POINT('Ctrl Pts',(-40.441526758379,-30.1173164544477,13.0042711803834));
#4599=CARTESIAN_POINT('Ctrl Pts',(-43.0718587326324,-30.8666937708506,15.8476277920769));
#4600=CARTESIAN_POINT('Ctrl Pts',(-42.1654072109131,-30.8269354280734,14.8562899889524));
#4601=CARTESIAN_POINT('Ctrl Pts',(-41.292409808275,-30.6009925378058,13.8540161925389));
#4602=CARTESIAN_POINT('Ctrl Pts',(-40.441526758379,-30.1173164544477,13.0042711803834));
#4603=CARTESIAN_POINT('Ctrl Pts',(-43.0694464757896,-30.9618947807166,15.8487429252517));
#4604=CARTESIAN_POINT('Ctrl Pts',(-42.1584946124214,-30.9223020881744,14.848535848673));
#4605=CARTESIAN_POINT('Ctrl Pts',(-41.2826843723972,-30.6954095232735,13.8372058441665));
#4606=CARTESIAN_POINT('Ctrl Pts',(-40.4237397286178,-30.2064515849759,12.9758309823782));
#4607=CARTESIAN_POINT('Ctrl Pts',(-43.0929234239959,-31.1705190747023,15.8248566899108));
#4608=CARTESIAN_POINT('Ctrl Pts',(-42.1710691473465,-31.1259960302243,14.8067992322147));
#4609=CARTESIAN_POINT('Ctrl Pts',(-41.2865791943143,-30.8939230388087,13.779123343906));
#4610=CARTESIAN_POINT('Ctrl Pts',(-40.4082456532868,-30.3907619451889,12.8958205411207));
#4611=CARTESIAN_POINT('Ctrl Pts',(-43.2682370927891,-31.4987995122058,15.6606046193805));
#4612=CARTESIAN_POINT('Ctrl Pts',(-42.3133976821265,-31.4483410445603,14.6330686847754));
#4613=CARTESIAN_POINT('Ctrl Pts',(-41.3978247608716,-31.209058375537,13.5914686371764));
#4614=CARTESIAN_POINT('Ctrl Pts',(-40.4713236577543,-30.6843904218118,12.6809323677688));
#4615=CARTESIAN_POINT('Ctrl Pts',(-43.4676526368717,-31.5902329454118,15.4770089632501));
#4616=CARTESIAN_POINT('Ctrl Pts',(-42.4956566592657,-31.5609063362464,14.4576912553069));
#4617=CARTESIAN_POINT('Ctrl Pts',(-41.5566493339558,-31.3411585186618,13.4144088296702));
#4618=CARTESIAN_POINT('Ctrl Pts',(-40.5915536929825,-30.8198863220871,12.4910019738546));
#4619=CARTESIAN_POINT('Ctrl Pts',(-43.5729330323782,-31.5952460058436,15.3805772733737));
#4620=CARTESIAN_POINT('Ctrl Pts',(-42.602371583273,-31.5823387668449,14.3623442955329));
#4621=CARTESIAN_POINT('Ctrl Pts',(-41.6562859657326,-31.3782155513902,13.3170239812993));
#4622=CARTESIAN_POINT('Ctrl Pts',(-40.6742970525665,-30.8666643570375,12.3843552900982));
#4623=CARTESIAN_POINT('Ctrl Pts',(-40.441526758379,-30.1173164544478,13.0042711803834));
#4624=CARTESIAN_POINT('Ctrl Pts',(-41.2921381240215,-30.6008381015697,13.8537448716572));
#4625=CARTESIAN_POINT('Ctrl Pts',(-42.1648497225756,-30.8267911161039,14.8556499588274));
#4626=CARTESIAN_POINT('Ctrl Pts',(-43.0709904615941,-30.866655629766,15.846678195708));
#4627=CARTESIAN_POINT('Origin',(-48.777775,-28.236441457909,1.89895823488824));
#4628=CARTESIAN_POINT('',(-47.1055616970514,-28.5392803029486,19.2485840475158));
#4629=CARTESIAN_POINT('',(-47.408627199458,-28.236214800542,1.88597304303264));
#4630=CARTESIAN_POINT('Ctrl Pts',(-48.1048162968415,-28.5513461557622,19.9398773779079));
#4631=CARTESIAN_POINT('Ctrl Pts',(-47.8539677627048,-28.5484716764167,19.7751624839496));
#4632=CARTESIAN_POINT('Ctrl Pts',(-47.6061699575215,-28.5455123375848,19.6058315767399));
#4633=CARTESIAN_POINT('Ctrl Pts',(-47.3613657752714,-28.5424803239172,19.4322690430651));
#4634=CARTESIAN_POINT('Ctrl Pts',(-47.2757302946297,-28.5414196886562,19.3715547576472));
#4635=CARTESIAN_POINT('Ctrl Pts',(-47.1904607437283,-28.5403500642749,19.3103224203558));
#4636=CARTESIAN_POINT('Ctrl Pts',(-47.1055534636574,-28.5392717122351,19.2485876436442));
#4637=CARTESIAN_POINT('Origin',(-47.4084005420911,-28.117067,1.89895823488824));
#4638=CARTESIAN_POINT('',(-47.1226247284031,-24.3679650354602,18.2710419911335));
#4639=CARTESIAN_POINT('Ctrl Pts',(-47.1226247565964,-24.3679650284428,18.2710420208803));
#4640=CARTESIAN_POINT('Ctrl Pts',(-47.1261647974411,-23.5224843618741,18.0682332167124));
#4641=CARTESIAN_POINT('Ctrl Pts',(-47.1297448056128,-22.6728856796698,17.8631346859184));
#4642=CARTESIAN_POINT('Ctrl Pts',(-47.1337371871736,-21.7230291871737,17.634411299483));
#4643=CARTESIAN_POINT('',(-47.3759159372469,-24.6212562155828,3.76));
#4644=CARTESIAN_POINT('',(-47.3904166717008,-24.6357569500367,2.92925347951879));
#4645=CARTESIAN_POINT('',(-47.3759159372469,-25.6128777844173,3.76));
#4646=CARTESIAN_POINT('',(-47.3759159372469,-26.617067,3.76));
#4647=CARTESIAN_POINT('',(-47.116359503686,-25.872434177883,18.6299758233723));
#4648=CARTESIAN_POINT('',(-47.3901500258065,-25.5986436958577,2.94452961257491));
#4649=CARTESIAN_POINT('Ctrl Pts',(-47.1055616970514,-28.5392803029486,19.2485840475158));
#4650=CARTESIAN_POINT('Ctrl Pts',(-47.1091899182051,-27.6196101689045,19.0407233968279));
#4651=CARTESIAN_POINT('Ctrl Pts',(-47.1126327837834,-26.7736137682235,18.8434817599493));
#4652=CARTESIAN_POINT('Ctrl Pts',(-47.1163595429698,-25.8724341671995,18.629975869152));
#4653=CARTESIAN_POINT('Origin',(-43.777775,-25.117067,3.76));
#4654=CARTESIAN_POINT('',(-46.4257328031124,-25.6128777844173,3.76));
#4655=CARTESIAN_POINT('',(-46.4257328031793,-24.621256215589,3.76));
#4656=CARTESIAN_POINT('Origin',(-43.877775,-25.117067,3.76));
#4657=CARTESIAN_POINT('',(-47.1268175029512,-25.6128777844173,3.76));
#4658=CARTESIAN_POINT('',(-40.4287324970488,-24.6212562155828,3.76));
#4659=CARTESIAN_POINT('Origin',(-37.0796899940975,-24.617067,4.));
#4660=CARTESIAN_POINT('',(-46.6227650490003,-24.3729157233869,17.9849128338151));
#4661=CARTESIAN_POINT('Ctrl Pts',(-46.425732802787,-24.6212562153114,3.76000000214079));
#4662=CARTESIAN_POINT('Ctrl Pts',(-46.5242429916863,-24.5017290307943,10.6077078169652));
#4663=CARTESIAN_POINT('Ctrl Pts',(-46.6227531805856,-24.3729594282806,17.9849134041787));
#4664=CARTESIAN_POINT('Ctrl Pts',(-46.6227650490036,-24.3729157233814,17.9849128338158));
#4665=CARTESIAN_POINT('Ctrl Pts',(-46.7607600921816,-24.3715038137799,18.0657321747651));
#4666=CARTESIAN_POINT('Ctrl Pts',(-46.8994080944729,-24.370112939625,18.1454181747333));
#4667=CARTESIAN_POINT('Ctrl Pts',(-47.0387045092938,-24.3687439281113,18.2239246331706));
#4668=CARTESIAN_POINT('Ctrl Pts',(-47.0666556765436,-24.3684692227656,18.2396777101812));
#4669=CARTESIAN_POINT('Ctrl Pts',(-47.0946331171972,-24.3681953950067,18.2553833873762));
#4670=CARTESIAN_POINT('Ctrl Pts',(-47.122636811554,-24.3679224497603,18.2710412991641));
#4671=CARTESIAN_POINT('Ctrl Pts',(-44.0199463445134,-19.4566527264951,15.7045802878992));
#4672=CARTESIAN_POINT('Ctrl Pts',(-45.2645826569787,-19.2035665353929,16.2822938893752));
#4673=CARTESIAN_POINT('Ctrl Pts',(-46.5263039722383,-18.952912629106,16.7628986409005));
#4674=CARTESIAN_POINT('Ctrl Pts',(-47.7679254036403,-18.714207997171,17.1404069143785));
#4675=CARTESIAN_POINT('Ctrl Pts',(-44.0980248162715,-19.9324171107449,15.8022469422691));
#4676=CARTESIAN_POINT('Ctrl Pts',(-45.3473286371976,-19.6795190689757,16.403804728992));
#4677=CARTESIAN_POINT('Ctrl Pts',(-46.6126976319074,-19.4319781715561,16.9029701144));
#4678=CARTESIAN_POINT('Ctrl Pts',(-47.857240088099,-19.1979038406438,17.2953340601774));
#4679=CARTESIAN_POINT('Ctrl Pts',(-44.1747460108998,-20.4042247827962,15.903315859267));
#4680=CARTESIAN_POINT('Ctrl Pts',(-45.4290119691928,-20.1515755506885,16.5294320862732));
#4681=CARTESIAN_POINT('Ctrl Pts',(-46.6982392624578,-19.9072211711174,17.0473141624143));
#4682=CARTESIAN_POINT('Ctrl Pts',(-47.9458532052905,-19.6778177077519,17.45445616853));
#4683=CARTESIAN_POINT('Ctrl Pts',(-44.4633103176746,-22.184446861157,16.2955964531802));
#4684=CARTESIAN_POINT('Ctrl Pts',(-45.7374179691407,-21.932882833931,17.0177626793667));
#4685=CARTESIAN_POINT('Ctrl Pts',(-47.0219254951467,-21.7007118561319,17.6071722375933));
#4686=CARTESIAN_POINT('Ctrl Pts',(-48.2815260517426,-21.4889489362777,18.0699458250478));
#4687=CARTESIAN_POINT('Ctrl Pts',(-44.6703472732916,-23.4752651073499,16.6025997800878));
#4688=CARTESIAN_POINT('Ctrl Pts',(-45.9611473657626,-23.2243923237731,17.401336402255));
#4689=CARTESIAN_POINT('Ctrl Pts',(-47.2581786968001,-23.0012237501845,18.0444053013641));
#4690=CARTESIAN_POINT('Ctrl Pts',(-48.5272956753315,-22.8021908464444,18.5472102535945));
#4691=CARTESIAN_POINT('Ctrl Pts',(-44.8912680290754,-24.7653635591188,16.9465595736988));
#4692=CARTESIAN_POINT('Ctrl Pts',(-46.1989820054747,-24.5131855157969,17.821056013382));
#4693=CARTESIAN_POINT('Ctrl Pts',(-47.5076938715747,-24.2973063833896,18.5151528252803));
#4694=CARTESIAN_POINT('Ctrl Pts',(-48.7849399686443,-24.109294596697,19.0548498171771));
#4695=CARTESIAN_POINT('',(-44.4932828894398,-22.3697141128084,16.347135844507));
#4696=CARTESIAN_POINT('Ctrl Pts',(-44.4932828894398,-22.3697141128084,16.347135844507));
#4697=CARTESIAN_POINT('Ctrl Pts',(-44.5664269723113,-22.3852748782238,16.3933354054461));
#4698=CARTESIAN_POINT('Ctrl Pts',(-44.6390461467224,-22.4037720817446,16.4394483077212));
#4699=CARTESIAN_POINT('Ctrl Pts',(-44.7109607483856,-22.4251896219994,16.4854555589599));
#4700=CARTESIAN_POINT('Ctrl Pts',(-44.8309738789799,-22.4609318217217,16.5622337670499));
#4701=CARTESIAN_POINT('Ctrl Pts',(-44.9486257152602,-22.5046856462018,16.6384649481399));
#4702=CARTESIAN_POINT('Ctrl Pts',(-45.0630938678564,-22.5562084797607,16.7140225471414));
#4703=CARTESIAN_POINT('Ctrl Pts',(-45.1768224574005,-22.6073984313505,16.7890919788469));
#4704=CARTESIAN_POINT('Ctrl Pts',(-45.2874082014506,-22.6662574824571,16.8634969083181));
#4705=CARTESIAN_POINT('Ctrl Pts',(-45.3940378829903,-22.7325386032683,16.9370617939646));
#4706=CARTESIAN_POINT('Ctrl Pts',(-45.4949736859119,-22.7952804032158,17.0066984157039));
#4707=CARTESIAN_POINT('Ctrl Pts',(-45.5923645446692,-22.8646727475249,17.0755823459889));
#4708=CARTESIAN_POINT('Ctrl Pts',(-45.6855166195898,-22.940497224915,17.143516011833));
#4709=CARTESIAN_POINT('Ctrl Pts',(-45.6907714111728,-22.9447745512753,17.14734821048));
#4710=CARTESIAN_POINT('Ctrl Pts',(-45.6960127131983,-22.9490723435462,17.1511773715192));
#4711=CARTESIAN_POINT('Ctrl Pts',(-45.7012404007765,-22.9533905616802,17.1550034544829));
#4712=CARTESIAN_POINT('Ctrl Pts',(-45.7861528523115,-23.0235306537451,17.217149877613));
#4713=CARTESIAN_POINT('Ctrl Pts',(-45.8672474403767,-23.098894578162,17.2783266819207));
#4714=CARTESIAN_POINT('Ctrl Pts',(-45.943966889185,-23.1791621615532,17.3382928549349));
#4715=CARTESIAN_POINT('Ctrl Pts',(-46.0189534124025,-23.2576166747057,17.3969045224435));
#4716=CARTESIAN_POINT('Ctrl Pts',(-46.089760248679,-23.3407557066663,17.4543598329572));
#4717=CARTESIAN_POINT('Ctrl Pts',(-46.1558631319866,-23.4282760153911,17.5103854587026));
#4718=CARTESIAN_POINT('Ctrl Pts',(-46.2192771768423,-23.5122362982949,17.5641321542522));
#4719=CARTESIAN_POINT('Ctrl Pts',(-46.2783622087449,-23.600228525464,17.6165632076486));
#4720=CARTESIAN_POINT('Ctrl Pts',(-46.3326511863919,-23.6919829511079,17.6673904322168));
#4721=CARTESIAN_POINT('Ctrl Pts',(-46.3721001095285,-23.7586560299084,17.7043238828386));
#4722=CARTESIAN_POINT('Ctrl Pts',(-46.4090165625393,-23.8273155520367,17.7404095750309));
#4723=CARTESIAN_POINT('Ctrl Pts',(-46.4432196328666,-23.897858064803,17.7755196305291));
#4724=CARTESIAN_POINT('Ctrl Pts',(-46.486832225464,-23.9878073541691,17.8202887267496));
#4725=CARTESIAN_POINT('Ctrl Pts',(-46.5259307381702,-24.0806525838656,17.8633781763117));
#4726=CARTESIAN_POINT('Ctrl Pts',(-46.5601389307899,-24.1759943362354,17.9044398692598));
#4727=CARTESIAN_POINT('Ctrl Pts',(-46.5832946562428,-24.2405317254687,17.932234769128));
#4728=CARTESIAN_POINT('Ctrl Pts',(-46.6042095104663,-24.3062130755072,17.9590995720322));
#4729=CARTESIAN_POINT('Ctrl Pts',(-46.6227650490003,-24.3729157233869,17.9849128338151));
#4730=CARTESIAN_POINT('Ctrl Pts',(-44.4857701156254,-19.362210131928,15.9159308330603));
#4731=CARTESIAN_POINT('Ctrl Pts',(-44.4862603470084,-19.5554674599843,15.9440326121964));
#4732=CARTESIAN_POINT('Ctrl Pts',(-44.4867608544262,-19.753073809798,15.9728547855922));
#4733=CARTESIAN_POINT('Ctrl Pts',(-44.4872774011665,-19.9563411227789,16.0024840184049));
#4734=CARTESIAN_POINT('Ctrl Pts',(-44.4877447704578,-20.1402565220923,16.0292924220985));
#4735=CARTESIAN_POINT('Ctrl Pts',(-44.4882249885336,-20.3288057010735,16.0567619738638));
#4736=CARTESIAN_POINT('Ctrl Pts',(-44.4887175384009,-20.5229517102448,16.0849159545969));
#4737=CARTESIAN_POINT('Ctrl Pts',(-44.4889694870893,-20.6222611114045,16.0993172548286));
#4738=CARTESIAN_POINT('Ctrl Pts',(-44.4892246053774,-20.723034836442,16.1138969155983));
#4739=CARTESIAN_POINT('Ctrl Pts',(-44.4894826240054,-20.8254015228157,16.1286526181186));
#4740=CARTESIAN_POINT('Ctrl Pts',(-44.4897198457308,-20.9195172157208,16.1422189766303));
#4741=CARTESIAN_POINT('Ctrl Pts',(-44.4899599833124,-21.0149814637735,16.1559347036316));
#4742=CARTESIAN_POINT('Ctrl Pts',(-44.4902023793293,-21.1118930510847,16.1698091639664));
#4743=CARTESIAN_POINT('Ctrl Pts',(-44.4908142002073,-21.3565032273586,16.204829064913));
#4744=CARTESIAN_POINT('Ctrl Pts',(-44.4914379385822,-21.610331756217,16.2408605269868));
#4745=CARTESIAN_POINT('Ctrl Pts',(-44.4920825955673,-21.8749848720404,16.2780482763162));
#4746=CARTESIAN_POINT('Ctrl Pts',(-44.4921527923899,-21.9038030005033,16.2820976574621));
#4747=CARTESIAN_POINT('Ctrl Pts',(-44.4922232740619,-21.9327495139756,16.2861607463831));
#4748=CARTESIAN_POINT('Ctrl Pts',(-44.4922940818277,-21.9618265169286,16.290237729924));
#4749=CARTESIAN_POINT('Ctrl Pts',(-44.4926247890475,-22.0976304742881,16.3092792556215));
#4750=CARTESIAN_POINT('Ctrl Pts',(-44.4929543871505,-22.2336191864937,16.3282496362244));
#4751=CARTESIAN_POINT('Ctrl Pts',(-44.4932828894398,-22.3697141128083,16.3471358445069));
#4752=CARTESIAN_POINT('Origin',(-44.277775,-27.5665567427832,4.));
#4753=CARTESIAN_POINT('',(-44.2735857844172,-22.5516720745889,3.76));
#4754=CARTESIAN_POINT('',(-44.2735857844172,-26.3418118713916,3.76));
#4755=CARTESIAN_POINT('Ctrl Pts',(-44.4932951002155,-22.3697143282193,16.3471382674496));
#4756=CARTESIAN_POINT('Ctrl Pts',(-44.3796780057807,-22.4606930683907,9.83801928668005));
#4757=CARTESIAN_POINT('Ctrl Pts',(-44.27358578445,-22.5516718085621,3.75999999732215));
#4758=CARTESIAN_POINT('Origin',(-43.777775,-25.117067,3.76));
#4759=CARTESIAN_POINT('',(-43.2819642155894,-22.5906215108066,3.76));
#4760=CARTESIAN_POINT('Origin',(-43.877775,-25.117067,3.76));
#4761=CARTESIAN_POINT('',(-43.2819642155828,-28.4661095029512,3.76));
#4762=CARTESIAN_POINT('Origin',(-43.277775,-31.8151520059025,4.));
#4763=CARTESIAN_POINT('Ctrl Pts',(-43.2819642153908,-22.5906216136841,3.76000000338053));
#4764=CARTESIAN_POINT('Ctrl Pts',(-43.1829331108416,-22.5122283992114,9.43348818325677));
#4765=CARTESIAN_POINT('Ctrl Pts',(-43.0777563229854,-22.4338351847387,15.4590623239875));
#4766=CARTESIAN_POINT('Origin',(-37.0796899940975,-24.617067,4.));
#4767=CARTESIAN_POINT('',(-41.3298171968875,-24.6212562155828,3.76));
#4768=CARTESIAN_POINT('Ctrl Pts',(-41.184910449416,-24.4404341775275,14.119287608777));
#4769=CARTESIAN_POINT('Ctrl Pts',(-41.2573638233502,-24.5333450268028,8.79642861871144));
#4770=CARTESIAN_POINT('Ctrl Pts',(-41.3298171972845,-24.6212562153982,3.75999999717126));
#4771=CARTESIAN_POINT('',(-40.4287324970488,-24.6212562155828,3.76));
#4772=CARTESIAN_POINT('Origin',(-43.777775,-25.117067,3.76));
#4773=CARTESIAN_POINT('',(-41.2820251468003,-25.117067,3.76));
#4774=CARTESIAN_POINT('Origin',(-43.877775,-25.117067,3.76));
#4775=CARTESIAN_POINT('',(-41.3298171971146,-25.6128777844903,3.75999999999998));
#4776=CARTESIAN_POINT('',(-47.1268175029512,-25.6128777844173,3.76));
#4777=CARTESIAN_POINT('Origin',(-43.877775,-25.117067,3.76));
#4778=CARTESIAN_POINT('Origin',(-50.4758600059024,-25.617067,4.));
#4779=CARTESIAN_POINT('',(-41.1857811410567,-25.7925834676361,14.0553316964366));
#4780=CARTESIAN_POINT('Ctrl Pts',(-41.3298171971146,-25.6128777844903,3.75999999999996));
#4781=CARTESIAN_POINT('Ctrl Pts',(-41.2577991692024,-25.7002607466591,8.76616654983527));
#4782=CARTESIAN_POINT('Ctrl Pts',(-41.1857811412902,-25.7925834677215,14.0553316971438));
#4783=CARTESIAN_POINT('Ctrl Pts',(-40.3472165158371,-25.7804602375029,13.3607923072643));
#4784=CARTESIAN_POINT('Ctrl Pts',(-40.6279987670884,-25.7844500734377,13.5893698548846));
#4785=CARTESIAN_POINT('Ctrl Pts',(-40.9064874012154,-25.788490405571,13.8208403277758));
#4786=CARTESIAN_POINT('Ctrl Pts',(-41.1857811410567,-25.7925834676361,14.0553316964366));
#4787=CARTESIAN_POINT('Ctrl Pts',(-37.7229560359599,-25.7469636515168,11.4186185955472));
#4788=CARTESIAN_POINT('Ctrl Pts',(-37.7754496533059,-25.7366961804283,11.4551218147878));
#4789=CARTESIAN_POINT('Ctrl Pts',(-37.8279856000591,-25.7263655797138,11.4919141276751));
#4790=CARTESIAN_POINT('Ctrl Pts',(-38.5303058435891,-25.5875087404086,11.9871445570712));
#4791=CARTESIAN_POINT('Ctrl Pts',(-39.193044884371,-25.4504099176125,12.4945677797366));
#4792=CARTESIAN_POINT('Ctrl Pts',(-40.7592672901766,-25.1128045734102,13.7398582546343));
#4793=CARTESIAN_POINT('Ctrl Pts',(-41.6757795055061,-24.903109296763,14.5029273189012));
#4794=CARTESIAN_POINT('Ctrl Pts',(-42.6035727356036,-24.6996302088266,15.2256285435096));
#4795=CARTESIAN_POINT('Ctrl Pts',(-37.8396331058163,-27.0432454508918,11.2085355888395));
#4796=CARTESIAN_POINT('Ctrl Pts',(-37.8924219516715,-27.0328718119484,11.2486161038136));
#4797=CARTESIAN_POINT('Ctrl Pts',(-37.9452432492914,-27.0224078812701,11.2890135698556));
#4798=CARTESIAN_POINT('Ctrl Pts',(-38.6513642268752,-26.8813583509705,11.8328471195072));
#4799=CARTESIAN_POINT('Ctrl Pts',(-39.3223348233304,-26.739281763384,12.3957044951866));
#4800=CARTESIAN_POINT('Ctrl Pts',(-40.9088173009769,-26.3907566362045,13.7696554624481));
#4801=CARTESIAN_POINT('Ctrl Pts',(-41.8404887776185,-26.1721503097851,14.6102095134152));
#4802=CARTESIAN_POINT('Ctrl Pts',(-42.7829266402513,-25.9620216292791,15.4031673095574));
#4803=CARTESIAN_POINT('Ctrl Pts',(-37.9560679099401,-28.3437674572193,10.9845392202605));
#4804=CARTESIAN_POINT('Ctrl Pts',(-38.0091298027377,-28.3334317750456,11.0286533656598));
#4805=CARTESIAN_POINT('Ctrl Pts',(-38.0621993203158,-28.3229490648905,11.073112038792));
#4806=CARTESIAN_POINT('Ctrl Pts',(-38.7714956324351,-28.1808018726663,11.6717579063041));
#4807=CARTESIAN_POINT('Ctrl Pts',(-39.4542491027287,-28.0313851402785,12.3027208638746));
#4808=CARTESIAN_POINT('Ctrl Pts',(-41.0648527676128,-27.6707883210113,13.8218776233864));
#4809=CARTESIAN_POINT('Ctrl Pts',(-42.0133322892496,-27.4421345503235,14.7448762795389));
#4810=CARTESIAN_POINT('Ctrl Pts',(-42.9713722930203,-27.2241158771769,15.6105438334057));
#4811=CARTESIAN_POINT('Ctrl Pts',(-38.1637877410082,-30.4509643607627,10.6448680502845));
#4812=CARTESIAN_POINT('Ctrl Pts',(-38.2171632020974,-30.4408322266264,10.6963530379359));
#4813=CARTESIAN_POINT('Ctrl Pts',(-38.2704804959662,-30.4303765617202,10.7482388999854));
#4814=CARTESIAN_POINT('Ctrl Pts',(-38.9818803841129,-30.2858774699192,11.4467424318743));
#4815=CARTESIAN_POINT('Ctrl Pts',(-39.6937519745543,-30.1125303295277,12.2180953139687));
#4816=CARTESIAN_POINT('Ctrl Pts',(-41.3558200937493,-29.7249202297043,14.0017011196363));
#4817=CARTESIAN_POINT('Ctrl Pts',(-42.3329111671768,-29.4762681686768,15.0556743246058));
#4818=CARTESIAN_POINT('Ctrl Pts',(-43.315648560468,-29.2417685019518,16.031080551389));
#4819=CARTESIAN_POINT('Ctrl Pts',(-38.245422869759,-31.2335271277795,10.52403711589));
#4820=CARTESIAN_POINT('Ctrl Pts',(-38.2986214167001,-31.2231933145307,10.5782140326536));
#4821=CARTESIAN_POINT('Ctrl Pts',(-38.3518747855489,-31.2125997506971,10.6329358665495));
#4822=CARTESIAN_POINT('Ctrl Pts',(-39.0637103239252,-31.0672845764707,11.3710574391961));
#4823=CARTESIAN_POINT('Ctrl Pts',(-39.7841769109375,-30.8916778562532,12.1915284839748));
#4824=CARTESIAN_POINT('Ctrl Pts',(-41.4712473053055,-30.4847248643403,14.0864048209012));
#4825=CARTESIAN_POINT('Ctrl Pts',(-42.4591063822584,-30.226343619548,15.1889592400409));
#4826=CARTESIAN_POINT('Ctrl Pts',(-43.4509929093915,-29.9843392911578,16.2037730518274));
#4827=CARTESIAN_POINT('Ctrl Pts',(-38.3476881229733,-32.0325372296682,10.442858331208));
#4828=CARTESIAN_POINT('Ctrl Pts',(-38.4004969210675,-32.0216491383468,10.5002168562817));
#4829=CARTESIAN_POINT('Ctrl Pts',(-38.4534735698257,-32.0105807514169,10.5582277646996));
#4830=CARTESIAN_POINT('Ctrl Pts',(-39.1632331757083,-31.8602122236113,11.3416876489993));
#4831=CARTESIAN_POINT('Ctrl Pts',(-39.8952592370242,-31.6789872328908,12.2159069061457));
#4832=CARTESIAN_POINT('Ctrl Pts',(-41.6093338001894,-31.2487773988251,14.2230278731893));
#4833=CARTESIAN_POINT('Ctrl Pts',(-42.6072430831834,-30.9806355605322,15.3693326284045));
#4834=CARTESIAN_POINT('Ctrl Pts',(-43.6066012889565,-30.7314803522342,16.4175343358934));
#4835=CARTESIAN_POINT('Ctrl Pts',(-41.1857811410567,-25.7925834676361,14.0553316964366));
#4836=CARTESIAN_POINT('Ctrl Pts',(-41.2026001919822,-25.8603729228298,14.0659850858562));
#4837=CARTESIAN_POINT('Ctrl Pts',(-41.2219069232432,-25.9274080742907,14.0789244529776));
#4838=CARTESIAN_POINT('Ctrl Pts',(-41.3423662388865,-26.294102576936,14.1635165268052));
#4839=CARTESIAN_POINT('Ctrl Pts',(-41.4857952692003,-26.5615632988152,14.2774818951023));
#4840=CARTESIAN_POINT('Ctrl Pts',(-41.8985348500815,-27.11833897634,14.6318920474746));
#4841=CARTESIAN_POINT('Ctrl Pts',(-42.1891114427648,-27.3661473227472,14.8994497293257));
#4842=CARTESIAN_POINT('Ctrl Pts',(-42.6797428315019,-27.6551216035339,15.3622651076332));
#4843=CARTESIAN_POINT('Ctrl Pts',(-42.8743476446264,-27.7409891034656,15.5480018949984));
#4844=CARTESIAN_POINT('Ctrl Pts',(-43.0729076667579,-27.8039104135092,15.7368416608366));
#4845=CARTESIAN_POINT('Ctrl Pts',(-43.6980385992057,-26.429220662223,16.2139676260254));
#4846=CARTESIAN_POINT('Ctrl Pts',(-43.9407572397099,-26.3766702231168,16.4150943040703));
#4847=CARTESIAN_POINT('Ctrl Pts',(-44.1836086607086,-26.325340788797,16.6106705039731));
#4848=CARTESIAN_POINT('Ctrl Pts',(-45.4580131375056,-26.0648484337331,17.5993941879459));
#4849=CARTESIAN_POINT('Ctrl Pts',(-46.490220564624,-25.883196638,18.270486678502));
#4850=CARTESIAN_POINT('Ctrl Pts',(-47.5083587533609,-25.7239703924713,18.829893207473));
#4851=CARTESIAN_POINT('Ctrl Pts',(-43.800655079831,-27.0551940435258,16.349797210078));
#4852=CARTESIAN_POINT('Ctrl Pts',(-44.0452019397889,-27.0018132792562,16.5591476412365));
#4853=CARTESIAN_POINT('Ctrl Pts',(-44.2898137346025,-26.9497722463585,16.7625600148061));
#4854=CARTESIAN_POINT('Ctrl Pts',(-45.572971136657,-26.6863912453759,17.790084638561));
#4855=CARTESIAN_POINT('Ctrl Pts',(-46.6104535106647,-26.5052320240921,18.484521144151));
#4856=CARTESIAN_POINT('Ctrl Pts',(-47.6324643854443,-26.3481834758272,19.061791704072));
#4857=CARTESIAN_POINT('Ctrl Pts',(-43.90821728039,-27.6833322530453,16.496512721988));
#4858=CARTESIAN_POINT('Ctrl Pts',(-44.1545967345178,-27.6290014851387,16.7139890093557));
#4859=CARTESIAN_POINT('Ctrl Pts',(-44.4009650554829,-27.5761289757673,16.9251151288611));
#4860=CARTESIAN_POINT('Ctrl Pts',(-45.6928245370947,-27.3092433238353,17.9907857972793));
#4861=CARTESIAN_POINT('Ctrl Pts',(-46.7353871985552,-27.1281226653197,18.7079224363322));
#4862=CARTESIAN_POINT('Ctrl Pts',(-47.7609764109787,-26.9728242077758,19.3023690023687));
#4863=CARTESIAN_POINT('Ctrl Pts',(-44.1702805447112,-29.1248997084459,16.8626719778131));
#4864=CARTESIAN_POINT('Ctrl Pts',(-44.420755239515,-29.068038114129,17.0980282005298));
#4865=CARTESIAN_POINT('Ctrl Pts',(-44.671010984425,-29.0129088040022,17.3260427188312));
#4866=CARTESIAN_POINT('Ctrl Pts',(-45.9820495468309,-28.7361332261558,18.4751574540609));
#4867=CARTESIAN_POINT('Ctrl Pts',(-47.0352974524257,-28.5536803322495,19.2414895733316));
#4868=CARTESIAN_POINT('Ctrl Pts',(-48.0679022834409,-28.4010675099385,19.8727771685636));
#4869=CARTESIAN_POINT('Ctrl Pts',(-44.3295666810818,-29.9422350641481,17.0911042441484));
#4870=CARTESIAN_POINT('Ctrl Pts',(-44.5822797830161,-29.8836159639183,17.3360642048113));
#4871=CARTESIAN_POINT('Ctrl Pts',(-44.8346258604782,-29.8269165584808,17.5730582890454));
#4872=CARTESIAN_POINT('Ctrl Pts',(-46.1559148458538,-29.543009348501,18.7665011058414));
#4873=CARTESIAN_POINT('Ctrl Pts',(-47.2145058641819,-29.3586007930075,19.5586088862512));
#4874=CARTESIAN_POINT('Ctrl Pts',(-48.2502454555153,-29.2064176744134,20.2088971600977));
#4875=CARTESIAN_POINT('Ctrl Pts',(-44.5130017997529,-30.7653791197512,17.3657848487111));
#4876=CARTESIAN_POINT('Ctrl Pts',(-44.7672965104146,-30.7051951924192,17.6182494154107));
#4877=CARTESIAN_POINT('Ctrl Pts',(-45.0210627466884,-30.6471145002178,17.8621647740312));
#4878=CARTESIAN_POINT('Ctrl Pts',(-46.3492340477026,-30.3568288558311,19.089851340943));
#4879=CARTESIAN_POINT('Ctrl Pts',(-47.4108654927865,-30.1703621886388,19.9019446689474));
#4880=CARTESIAN_POINT('Ctrl Pts',(-48.4477444080661,-30.0181468627634,20.5669787373183));
#4881=CARTESIAN_POINT('',(-46.627215716956,-25.8670126080131,18.3193742928428));
#4882=CARTESIAN_POINT('Ctrl Pts',(-46.627215716956,-25.8670126080131,18.3193742928428));
#4883=CARTESIAN_POINT('Ctrl Pts',(-46.5699957112261,-26.0774104421469,18.3287002309807));
#4884=CARTESIAN_POINT('Ctrl Pts',(-46.4885989278419,-26.2800613686689,18.3187272824076));
#4885=CARTESIAN_POINT('Ctrl Pts',(-46.2474300196459,-26.7239804082882,18.2455267667067));
#4886=CARTESIAN_POINT('Ctrl Pts',(-46.0767376284599,-26.9458055672433,18.167679437528));
#4887=CARTESIAN_POINT('Ctrl Pts',(-45.6721594117282,-27.3423643917535,17.9377525225614));
#4888=CARTESIAN_POINT('Ctrl Pts',(-45.4400669230073,-27.504410012869,17.7827828902651));
#4889=CARTESIAN_POINT('Ctrl Pts',(-45.0116736731788,-27.7241938262461,17.4654759324594));
#4890=CARTESIAN_POINT('Ctrl Pts',(-44.8177014547572,-27.7962639535405,17.3111234631343));
#4891=CARTESIAN_POINT('Ctrl Pts',(-44.5850198976485,-27.8564249576137,17.1163484076093));
#4892=CARTESIAN_POINT('Ctrl Pts',(-44.5452781225618,-27.8657696333937,17.0827481561458));
#4893=CARTESIAN_POINT('Ctrl Pts',(-44.5055435109099,-27.87420987859,17.0488492507211));
#4894=CARTESIAN_POINT('Ctrl Pts',(-46.6272151324695,-25.8670016968133,18.3193773764136));
#4895=CARTESIAN_POINT('Ctrl Pts',(-46.7652608710811,-25.8685684213651,18.4090277085101));
#4896=CARTESIAN_POINT('Ctrl Pts',(-46.9040776943668,-25.8701148917608,18.4974913931909));
#4897=CARTESIAN_POINT('Ctrl Pts',(-47.0436689534052,-25.8716394542868,18.5847131171816));
#4898=CARTESIAN_POINT('Ctrl Pts',(-47.05287177651,-25.8717399640131,18.5904633776371));
#4899=CARTESIAN_POINT('Ctrl Pts',(-47.0620832452226,-25.8718404360341,18.5962115390828));
#4900=CARTESIAN_POINT('Ctrl Pts',(-47.0713033969834,-25.871940869752,18.6019575825216));
#4901=CARTESIAN_POINT('Ctrl Pts',(-47.0863351307987,-25.8721046081539,18.6113254321735));
#4902=CARTESIAN_POINT('Ctrl Pts',(-47.1013538047539,-25.8722678510955,18.6206651304275));
#4903=CARTESIAN_POINT('Ctrl Pts',(-47.116359399731,-25.8724305990552,18.62997677006));
#4904=CARTESIAN_POINT('Origin',(-50.4758600059024,-25.617067,4.));
#4905=CARTESIAN_POINT('Ctrl Pts',(-46.6272157167072,-25.8670126080871,18.3193742929004));
#4906=CARTESIAN_POINT('Ctrl Pts',(-46.526474259789,-25.7351122745561,10.7628092458274));
#4907=CARTESIAN_POINT('Ctrl Pts',(-46.4257328028708,-25.6128777844726,3.75999999898844));
#4908=CARTESIAN_POINT('Origin',(-43.877775,-25.117067,4.00698096257491));
#4909=CARTESIAN_POINT('',(-41.2994802117285,-25.117067,2.76));
#4910=CARTESIAN_POINT('',(-41.2777140780625,-25.117067,4.00698096257491));
#4911=CARTESIAN_POINT('Origin',(-43.877775,-25.117067,2.76));
#4912=CARTESIAN_POINT('Ctrl Pts',(-42.4160609955104,-24.1056283161207,15.0658017061625));
#4913=CARTESIAN_POINT('Ctrl Pts',(-42.9455750354903,-23.9901150852711,15.4636923348911));
#4914=CARTESIAN_POINT('Ctrl Pts',(-43.4791097715105,-23.8760276137851,15.850455994893));
#4915=CARTESIAN_POINT('Ctrl Pts',(-44.3119369586163,-23.7068925460306,16.4088212009829));
#4916=CARTESIAN_POINT('Ctrl Pts',(-44.6117719976523,-23.6477405915404,16.6007156442919));
#4917=CARTESIAN_POINT('Ctrl Pts',(-44.911793245591,-23.5901346253255,16.7840948436663));
#4918=CARTESIAN_POINT('Ctrl Pts',(-42.5345892944601,-24.9598060847191,15.1746266672077));
#4919=CARTESIAN_POINT('Ctrl Pts',(-43.0696761664584,-24.8417868538379,15.5996612623151));
#4920=CARTESIAN_POINT('Ctrl Pts',(-43.608770816718,-24.7256656105957,16.01223969693));
#4921=CARTESIAN_POINT('Ctrl Pts',(-44.4493560450817,-24.5550668323385,16.6063199218858));
#4922=CARTESIAN_POINT('Ctrl Pts',(-44.7518060723375,-24.4957182680915,16.8101568357255));
#4923=CARTESIAN_POINT('Ctrl Pts',(-45.0542829930149,-24.4382052938268,17.004670032955));
#4924=CARTESIAN_POINT('Ctrl Pts',(-42.6556812383678,-25.8123362385916,15.2947051461179));
#4925=CARTESIAN_POINT('Ctrl Pts',(-43.1966387898685,-25.6915447872862,15.747801483356));
#4926=CARTESIAN_POINT('Ctrl Pts',(-43.7415251647751,-25.5730985703116,16.1867828697202));
#4927=CARTESIAN_POINT('Ctrl Pts',(-44.590177493269,-25.4006113123431,16.8171793286511));
#4928=CARTESIAN_POINT('Ctrl Pts',(-44.8953332993056,-25.3409193159592,17.0331041968056));
#4929=CARTESIAN_POINT('Ctrl Pts',(-45.2003324038958,-25.2833580243414,17.2388358204311));
#4930=CARTESIAN_POINT('Ctrl Pts',(-42.7858886491081,-26.6698256084663,15.4354934653895));
#4931=CARTESIAN_POINT('Ctrl Pts',(-43.3328689848657,-26.5457509142866,15.9166307391663));
#4932=CARTESIAN_POINT('Ctrl Pts',(-43.8835504944607,-26.4244678429938,16.3814992535242));
#4933=CARTESIAN_POINT('Ctrl Pts',(-44.7402087843315,-26.2493154183383,17.0473758972328));
#4934=CARTESIAN_POINT('Ctrl Pts',(-45.0480213380351,-26.189008858402,17.27507011444));
#4935=CARTESIAN_POINT('Ctrl Pts',(-45.3554726291084,-26.1311343144835,17.4916870839281));
#4936=CARTESIAN_POINT('Origin',(-43.877775,-25.117067,2.76));
#4937=UNCERTAINTY_MEASURE_WITH_UNIT(LENGTH_MEASURE(0.01),#4941,
'DISTANCE_ACCURACY_VALUE',
'Maximum model space distance between geometric entities at asserted c
onnectivities');
#4938=UNCERTAINTY_MEASURE_WITH_UNIT(LENGTH_MEASURE(0.01),#4941,
'DISTANCE_ACCURACY_VALUE',
'Maximum model space distance between geometric entities at asserted c
onnectivities');
#4939=(
GEOMETRIC_REPRESENTATION_CONTEXT(3)
GLOBAL_UNCERTAINTY_ASSIGNED_CONTEXT((#4937))
GLOBAL_UNIT_ASSIGNED_CONTEXT((#4941,#4943,#4944))
REPRESENTATION_CONTEXT('','3D')
);
#4940=(
GEOMETRIC_REPRESENTATION_CONTEXT(3)
GLOBAL_UNCERTAINTY_ASSIGNED_CONTEXT((#4938))
GLOBAL_UNIT_ASSIGNED_CONTEXT((#4941,#4943,#4944))
REPRESENTATION_CONTEXT('','3D')
);
#4941=(
LENGTH_UNIT()
NAMED_UNIT(*)
SI_UNIT(.MILLI.,.METRE.)
);
#4942=(
LENGTH_UNIT()
NAMED_UNIT(*)
SI_UNIT($,.METRE.)
);
#4943=(
NAMED_UNIT(*)
PLANE_ANGLE_UNIT()
SI_UNIT($,.RADIAN.)
);
#4944=(
NAMED_UNIT(*)
SI_UNIT($,.STERADIAN.)
SOLID_ANGLE_UNIT()
);
#4945=SHAPE_DEFINITION_REPRESENTATION(#4946,#4947);
#4946=PRODUCT_DEFINITION_SHAPE('',$,#4949);
#4947=SHAPE_REPRESENTATION('',(#1626),#4939);
#4948=PRODUCT_DEFINITION_CONTEXT('part definition',#4953,'design');
#4949=PRODUCT_DEFINITION('GR','GR',#4950,#4948);
#4950=PRODUCT_DEFINITION_FORMATION('',$,#4955);
#4951=PRODUCT_RELATED_PRODUCT_CATEGORY('GR','GR',(#4955));
#4952=APPLICATION_PROTOCOL_DEFINITION('international standard',
'automotive_design',2009,#4953);
#4953=APPLICATION_CONTEXT(
'Core Data for Automotive Mechanical Design Process');
#4954=PRODUCT_CONTEXT('part definition',#4953,'mechanical');
#4955=PRODUCT('GR','GR',$,(#4954));
#4956=PRESENTATION_STYLE_ASSIGNMENT((#4958));
#4957=PRESENTATION_STYLE_ASSIGNMENT((#4959));
#4958=SURFACE_STYLE_USAGE(.BOTH.,#4960);
#4959=SURFACE_STYLE_USAGE(.BOTH.,#4961);
#4960=SURFACE_SIDE_STYLE('',(#4962));
#4961=SURFACE_SIDE_STYLE('',(#4963));
#4962=SURFACE_STYLE_FILL_AREA(#4964);
#4963=SURFACE_STYLE_FILL_AREA(#4965);
#4964=FILL_AREA_STYLE('Steel - Satin',(#4966));
#4965=FILL_AREA_STYLE('Red',(#4967));
#4966=FILL_AREA_STYLE_COLOUR('Steel - Satin',#4968);
#4967=FILL_AREA_STYLE_COLOUR('Red',#4969);
#4968=COLOUR_RGB('Steel - Satin',0.627450980392157,0.627450980392157,0.627450980392157);
#4969=COLOUR_RGB('Red',0.952941176470588,0.2,0.0862745098039216);
ENDSEC;
END-ISO-10303-21;
